"obs_name","method","graph_mode","pseudotime","embryo_time","is_finite"
"AAACCTGCAAGACGTG-300.1.1","Monocle3","global",10.2220516666207,350,TRUE
"AAACCTGGTGTGAATA-300.1.1","Monocle3","global",0.583651102259294,190,TRUE
"AAACCTGTCGGCCGAT-300.1.1","Monocle3","global",5.81522553864295,245,TRUE
"AAAGATGGTTCGTTGA-300.1.1","Monocle3","global",4.55647525212501,225,TRUE
"AACCATGAGAAACCTA-300.1.1","Monocle3","global",7.30382105348159,325,TRUE
"AACCATGAGTTGAGAT-300.1.1","Monocle3","global",5.01920910975217,670,TRUE
"AACGTTGAGTAAGTAC-300.1.1","Monocle3","global",6.0998715744605,260,TRUE
"AACTCAGTCTTATCTG-300.1.1","Monocle3","global",0.549640867692456,170,TRUE
"AACTCCCAGTGTACTC-300.1.1","Monocle3","global",6.56493004353909,260,TRUE
"AACTGGTAGGCAATTA-300.1.1","Monocle3","global",6.61284954431112,300,TRUE
"AACTTTCGTCTTCAAG-300.1.1","Monocle3","global",1.86390229241957,260,TRUE
"AAGCCGCTCAGAGACG-300.1.1","Monocle3","global",5.710521595932,260,TRUE
"AAGGCAGGTGGGTATG-300.1.1","Monocle3","global",5.9265467189565,200,TRUE
"AAGTCTGTCCAAATGC-300.1.1","Monocle3","global",6.3789493184025,290,TRUE
"AAGTCTGTCTAACTCT-300.1.1","Monocle3","global",5.81275904718375,300,TRUE
"AATCGGTAGCGAGAAA-300.1.1","Monocle3","global",4.83233929295726,290,TRUE
"ACACCAAAGTTCCACA-300.1.1","Monocle3","global",6.57205367175183,240,TRUE
"ACACCCTCAAACGTGG-300.1.1","Monocle3","global",4.48403682666695,230,TRUE
"ACATGGTCAGTAGAGC-300.1.1","Monocle3","global",5.63976446754576,260,TRUE
"ACCAGTATCGTAGGTT-300.1.1","Monocle3","global",7.37467020837839,300,TRUE
"ACCTTTAAGATATGCA-300.1.1","Monocle3","global",0.316770701135199,175,TRUE
"ACGAGCCGTGAACCTT-300.1.1","Monocle3","global",1.97934931934752,195,TRUE
"ACGAGGACATCCTAGA-300.1.1","Monocle3","global",0.553709792536565,170,TRUE
"ACGATACTCGCGTAGC-300.1.1","Monocle3","global",6.84305752775473,265,TRUE
"ACGCAGCAGTGCGATG-300.1.1","Monocle3","global",4.77402410306706,300,TRUE
"ACGCAGCGTTCGCTAA-300.1.1","Monocle3","global",4.69157021459608,280,TRUE
"ACGCCAGGTTAAGGGC-300.1.1","Monocle3","global",3.10087478140239,260,TRUE
"ACGGAGAAGACACTAA-300.1.1","Monocle3","global",4.77428002686822,310,TRUE
"ACGGAGACAATAGCAA-300.1.1","Monocle3","global",4.905968044865,270,TRUE
"ACGGAGACACACTGCG-300.1.1","Monocle3","global",5.98028757190841,230,TRUE
"ACGGGCTAGGAGTAGA-300.1.1","Monocle3","global",5.98028781795455,260,TRUE
"ACTATCTAGTGCAAGC-300.1.1","Monocle3","global",5.71052184197814,260,TRUE
"ACTATCTCAAACGTGG-300.1.1","Monocle3","global",10.0599863050673,405,TRUE
"ACTGCTCTCTTACCTA-300.1.1","Monocle3","global",6.80477832072073,270,TRUE
"ACTTACTGTGTAACGG-300.1.1","Monocle3","global",3.79185806437641,225,TRUE
"ACTTGTTTCAGGTAAA-300.1.1","Monocle3","global",0.905901967643527,175,TRUE
"ACTTTCACAAGTTGTC-300.1.1","Monocle3","global",3.92987860693247,260,TRUE
"AGACGTTAGGCCCGTT-300.1.1","Monocle3","global",3.16866944617931,210,TRUE
"AGAGCTTAGCGTGAAC-300.1.1","Monocle3","global",4.67563169291162,300,TRUE
"AGAGCTTCATGGAATA-300.1.1","Monocle3","global",4.1671733773297,170,TRUE
"AGAGTGGGTGGCAAAC-300.1.1","Monocle3","global",0.491404502116171,190,TRUE
"AGCAGCCTCATAACCG-300.1.1","Monocle3","global",4.7736154555435,300,TRUE
"AGCGTATAGTCGTTTG-300.1.1","Monocle3","global",4.65791543342047,220,TRUE
"AGCGTATTCGTCTGAA-300.1.1","Monocle3","global",2.74953465159201,170,TRUE
"AGCTCTCGTACTTCTT-300.1.1","Monocle3","global",4.77316441991834,310,TRUE
"AGGCCACCAGGTGGAT-300.1.1","Monocle3","global",2.78953210124047,180,TRUE
"AGGCCGTCACTAGTAC-300.1.1","Monocle3","global",3.49576114830805,260,TRUE
"AGGGAGTCACCTATCC-300.1.1","Monocle3","global",3.95755312437712,245,TRUE
"AGGGAGTTCTGATTCT-300.1.1","Monocle3","global",6.95648204037355,245,TRUE
"AGGGATGAGCCGCCTA-300.1.1","Monocle3","global",4.62675740831499,270,TRUE
"AGGGATGGTCCGTCAG-300.1.1","Monocle3","global",5.89346293953771,205,TRUE
"AGGGTGAAGCGTGAGT-300.1.1","Monocle3","global",5.67367503001727,230,TRUE
"AGGTCCGAGACGACGT-300.1.1","Monocle3","global",6.09693524314858,230,TRUE
"AGGTCCGAGGCTCTTA-300.1.1","Monocle3","global",1.07643495784585,170,TRUE
"AGGTCCGGTCGCCATG-300.1.1","Monocle3","global",7.80891469230704,390,TRUE
"AGGTCCGTCAACGGGA-300.1.1","Monocle3","global",6.68204854167516,260,TRUE
"AGTTGGTAGCCAGTAG-300.1.1","Monocle3","global",5.98028806400069,245,TRUE
"ATAACGCCATGTAGTC-300.1.1","Monocle3","global",4.18617882662122,260,TRUE
"ATCACGAGTCGAGTTT-300.1.1","Monocle3","global",5.92654696500265,260,TRUE
"ATCACGATCGCCAGCA-300.1.1","Monocle3","global",6.25073427231785,230,TRUE
"ATCACGATCGGCATCG-300.1.1","Monocle3","global",7.05748140779952,265,TRUE
"ATCCGAAAGCTACCGC-300.1.1","Monocle3","global",10.0030424107014,420,TRUE
"ATCCGAAAGCTATGCT-300.1.1","Monocle3","global",4.22097497979967,285,TRUE
"ATGAGGGAGGCTAGAC-300.1.1","Monocle3","global",4.95553488422542,280,TRUE
"ATGAGGGTCCTATGTT-300.1.1","Monocle3","global",5.98028831004684,230,TRUE
"ATGTGTGCAGTCAGAG-300.1.1","Monocle3","global",4.93746359322842,300,TRUE
"ATTATCCCACCACCAG-300.1.1","Monocle3","global",4.03096043195766,200,TRUE
"ATTATCCGTGACCAAG-300.1.1","Monocle3","global",5.38011211000712,230,TRUE
"ATTGGACCAGTAACGG-300.1.1","Monocle3","global",3.83462778557007,290,TRUE
"CAACCTCGTCCAGTGC-300.1.1","Monocle3","global",1.68647617314978,190,TRUE
"CAAGGCCGTCACACGC-300.1.1","Monocle3","global",1.97934956539366,200,TRUE
"CAAGGCCGTCCTCTTG-300.1.1","Monocle3","global",7.05907677708191,275,TRUE
"CAAGTTGTCTCCGGTT-300.1.1","Monocle3","global",5.99351766788152,260,TRUE
"CACACCTCACATGTGT-300.1.1","Monocle3","global",3.79244186846759,300,TRUE
"CACACTCGTACCATCA-300.1.1","Monocle3","global",1.08361515630315,170,TRUE
"CACAGGCTCACCCTCA-300.1.1","Monocle3","global",6.20639685313493,340,TRUE
"CACATAGTCAAGGTAA-300.1.1","Monocle3","global",6.21538132481322,310,TRUE
"CAGCATATCCACGACG-300.1.1","Monocle3","global",8.23954986136225,345,TRUE
"CAGCCGAGTGACTACT-300.1.1","Monocle3","global",2.40247504523241,200,TRUE
"CAGCGACTCTGAGTGT-300.1.1","Monocle3","global",6.31581059577648,230,TRUE
"CAGCTAATCCGTTGCT-300.1.1","Monocle3","global",6.5430600858418,265,TRUE
"CAGCTAATCTTCATGT-300.1.1","Monocle3","global",5.53845426351964,270,TRUE
"CATATGGCAGACAAGC-300.1.1","Monocle3","global",5.79827008082656,260,TRUE
"CATATGGCATTTGCCC-300.1.1","Monocle3","global",8.2772546305299,365,TRUE
"CATGACACATTAACCG-300.1.1","Monocle3","global",6.09394265624994,380,TRUE
"CATGACATCGATCCCT-300.1.1","Monocle3","global",2.39215120303693,220,TRUE
"CATGCCTCATATGGTC-300.1.1","Monocle3","global",5.38301832073518,220,TRUE
"CATGCCTGTTAAGGGC-300.1.1","Monocle3","global",7.49590492393508,330,TRUE
"CATGGCGTCGGCGCAT-300.1.1","Monocle3","global",3.44124480176688,265,TRUE
"CATTATCGTTGGGACA-300.1.1","Monocle3","global",1.26316446323961,205,TRUE
"CCAATCCAGATGCCTT-300.1.1","Monocle3","global",7.4554263500972,325,TRUE
"CCAATCCCACCTCGTT-300.1.1","Monocle3","global",6.73235927426253,270,TRUE
"CCACGGATCTTGTTTG-300.1.1","Monocle3","global",4.77426870228076,310,TRUE
"CCAGCGAGTTAGTGGG-300.1.1","Monocle3","global",4.94611507924208,300,TRUE
"CCCAATCAGATCCCGC-300.1.1","Monocle3","global",6.20639709918107,370,TRUE
"CCCAGTTTCCTTTCGG-300.1.1","Monocle3","global",5.52678247039405,290,TRUE
"CCCATACAGCGCCTTG-300.1.1","Monocle3","global",3.12969093169925,230,TRUE
"CCCTCCTAGAGAGCTC-300.1.1","Monocle3","global",2.06713991485675,180,TRUE
"CCCTCCTCACCCATGG-300.1.1","Monocle3","global",4.22690458765063,300,TRUE
"CCGTACTGTCGCGGTT-300.1.1","Monocle3","global",4.57767139161039,225,TRUE
"CCGTGGACACCTCGTT-300.1.1","Monocle3","global",3.46014878365034,200,TRUE
"CCGTTCAAGACGCACA-300.1.1","Monocle3","global",5.98028855609298,245,TRUE
"CCTATTATCTACTTAC-300.1.1","Monocle3","global",6.85675182040152,260,TRUE
"CCTCAGTAGTGTGAAT-300.1.1","Monocle3","global",6.10744726180029,225,TRUE
"CCTCAGTGTTGTCGCG-300.1.1","Monocle3","global",4.35537199916379,290,TRUE
"CCTCTGAAGCTCAACT-300.1.1","Monocle3","global",6.20639734522722,360,TRUE
"CCTCTGATCCTCGCAT-300.1.1","Monocle3","global",1.69803261306492,260,TRUE
"CCTTCCCCATCGGAAG-300.1.1","Monocle3","global",3.05744541942495,230,TRUE
"CCTTTCTCAATTCCTT-300.1.1","Monocle3","global",8.46905373473862,370,TRUE
"CGAGCCAGTAAGTGTA-300.1.1","Monocle3","global",6.08575166082023,270,TRUE
"CGAGCCATCGGCGCAT-300.1.1","Monocle3","global",3.14608403474482,270,TRUE
"CGCCAAGCAGATAATG-300.1.1","Monocle3","global",0.923726699061665,175,TRUE
"CGCGGTAAGCGTAGTG-300.1.1","Monocle3","global",1.98370218808096,260,TRUE
"CGCGTTTCAGGAACGT-300.1.1","Monocle3","global",3.01939677953151,245,TRUE
"CGCTATCCAGTAAGAT-300.1.1","Monocle3","global",4.5382220367009,315,TRUE
"CGCTATCTCTGCTGCT-300.1.1","Monocle3","global",1.8737357539233,190,TRUE
"CGCTGGACACTAAGTC-300.1.1","Monocle3","global",5.64528200031082,270,TRUE
"CGCTGGACAGACGCAA-300.1.1","Monocle3","global",6.77312225600581,345,TRUE
"CGCTGGAGTCGGCTCA-300.1.1","Monocle3","global",6.5422503390851,260,TRUE
"CGCTGGAGTTAAGACA-300.1.1","Monocle3","global",5.90806473986968,350,TRUE
"CGCTTCAGTTATCCGA-300.1.1","Monocle3","global",4.77449515713934,275,TRUE
"CGGACGTAGTACGTAA-300.1.1","Monocle3","global",5.71052208802428,260,TRUE
"CGGACGTAGTGGTCCC-300.1.1","Monocle3","global",6.07756946722029,270,TRUE
"CGGAGCTCAATGGAAT-300.1.1","Monocle3","global",6.05026567490338,300,TRUE
"CGGAGTCAGTCGCCGT-300.1.1","Monocle3","global",4.18707587330158,260,TRUE
"CGGAGTCTCTGTACGA-300.1.1","Monocle3","global",4.91583215105815,230,TRUE
"CGGCTAGCAACTTGAC-300.1.1","Monocle3","global",5.98028880213913,215,TRUE
"CGTCACTCATGTTCCC-300.1.1","Monocle3","global",1.37782803591652,195,TRUE
"CGTCAGGGTAAGGATT-300.1.1","Monocle3","global",8.5806976737601,405,TRUE
"CGTCTACTCCAGTAGT-300.1.1","Monocle3","global",6.20639759127336,365,TRUE
"CGTGTAATCGTTACGA-300.1.1","Monocle3","global",5.86950810480847,260,TRUE
"CGTTAGAAGGCGTACA-300.1.1","Monocle3","global",4.2787382169143,270,TRUE
"CTAAGACAGCACCGCT-300.1.1","Monocle3","global",3.23045023286388,260,TRUE
"CTAAGACCAGCTTCGG-300.1.1","Monocle3","global",6.27165450176048,260,TRUE
"CTAAGACTCTCTAGGA-300.1.1","Monocle3","global",6.10744750784644,230,TRUE
"CTAATGGAGGGCTTCC-300.1.1","Monocle3","global",0.316770947181343,180,TRUE
"CTAATGGAGTACCGGA-300.1.1","Monocle3","global",8.27725487657604,310,TRUE
"CTACCCACAATGGACG-300.1.1","Monocle3","global",6.97607422068147,370,TRUE
"CTACCCAGTCTGGAGA-300.1.1","Monocle3","global",3.26939713540021,320,TRUE
"CTACCCATCTGGGCCA-300.1.1","Monocle3","global",2.44182498324392,205,TRUE
"CTAGTGATCCGCGCAA-300.1.1","Monocle3","global",4.04758768785692,300,TRUE
"CTCATTACAGTATGCT-300.1.1","Monocle3","global",0.482929020804323,200,TRUE
"CTCCTAGTCACCTTAT-300.1.1","Monocle3","global",4.77514454075463,320,TRUE
"CTCGAGGAGGAGTTGC-300.1.1","Monocle3","global",5.81086780931556,230,TRUE
"CTCGAGGAGTGATCGG-300.1.1","Monocle3","global",2.02004024224768,210,TRUE
"CTCGAGGGTCTTCGTC-300.1.1","Monocle3","global",3.78374830305075,195,TRUE
"CTCGTCAAGTCTCCTC-300.1.1","Monocle3","global",3.43594403543806,260,TRUE
"CTGAAACCAGCCAATT-300.1.1","Monocle3","global",6.20639783731951,350,TRUE
"CTGAAGTCACCAGGCT-300.1.1","Monocle3","global",13.2044235217578,585,TRUE
"CTGATAGAGAGCTGGT-300.1.1","Monocle3","global",10.7164740866039,425,TRUE
"CTGCCTAAGGGTCGAT-300.1.1","Monocle3","global",3.29328297122633,285,TRUE
"CTGCTGTAGCAGGCTA-300.1.1","Monocle3","global",4.99394395329959,245,TRUE
"CTGCTGTAGTTGTAGA-300.1.1","Monocle3","global",3.09879976497422,220,TRUE
"CTGCTGTCAGAGTGTG-300.1.1","Monocle3","global",10.0239366178184,380,TRUE
"CTGCTGTTCAAGCCTA-300.1.1","Monocle3","global",0.495364924348484,180,TRUE
"CTGGTCTGTTCCACAA-300.1.1","Monocle3","global",6.57092851113704,260,TRUE
"CTGGTCTTCGGCGGTT-300.1.1","Monocle3","global",5.86761494792359,270,TRUE
"CTGTGCTAGCTTTGGT-300.1.1","Monocle3","global",3.42193363647002,230,TRUE
"CTGTGCTGTTGGGACA-300.1.1","Monocle3","global",6.84608935061727,230,TRUE
"CTTACCGCATGCCTTC-300.1.1","Monocle3","global",5.40784252602554,270,TRUE
"CTTACCGTCCGTCATC-300.1.1","Monocle3","global",10.2191570016031,405,TRUE
"CTTACCGTCGTACGGC-300.1.1","Monocle3","global",6.02003708541887,350,TRUE
"CTTAGGACATCATCCC-300.1.1","Monocle3","global",6.10744775389258,200,TRUE
"CTTAGGAGTAGCTTGT-300.1.1","Monocle3","global",2.41167563047195,200,TRUE
"CTTAGGAGTAGGAGTC-300.1.1","Monocle3","global",7.48277242819969,310,TRUE
"CTTAGGAGTTAGTGGG-300.1.1","Monocle3","global",0.826812291897107,190,TRUE
"CTTCTCTGTTACTGAC-300.1.1","Monocle3","global",1.19358175995192,200,TRUE
"CTTTGCGCAACGCACC-300.1.1","Monocle3","global",2.5088574944471,200,TRUE
"GACAGAGCATGCTAGT-300.1.1","Monocle3","global",3.94209426946494,275,TRUE
"GACGCGTAGAAGGCCT-300.1.1","Monocle3","global",6.28536155198113,225,TRUE
"GACGCGTTCTTCTGGC-300.1.1","Monocle3","global",1.12013174456236,195,TRUE
"GACGGCTGTAGTGAAT-300.1.1","Monocle3","global",7.72355601891895,390,TRUE
"GACGTGCTCGTGGACC-300.1.1","Monocle3","global",7.08001563615182,275,TRUE
"GACGTTACAAACAACA-300.1.1","Monocle3","global",8.1404816452889,390,TRUE
"GAGCAGAAGGCTCTTA-300.1.1","Monocle3","global",6.25496712936881,245,TRUE
"GAGTCCGCAGCTTCGG-300.1.1","Monocle3","global",6.75661264361402,350,TRUE
"GATCGTACAACTGCGC-300.1.1","Monocle3","global",3.9094705607272,285,TRUE
"GATGCTACAACACCCG-300.1.1","Monocle3","global",7.09345884205998,270,TRUE
"GCAAACTAGAGTACCG-300.1.1","Monocle3","global",3.61719633410611,300,TRUE
"GCACATACATTTCACT-300.1.1","Monocle3","global",5.81868703132017,260,TRUE
"GCACATAGTTTGGCGC-300.1.1","Monocle3","global",7.08001588219797,270,TRUE
"GCACTCTAGGCGTACA-300.1.1","Monocle3","global",4.96791867491552,280,TRUE
"GCAGCCAAGAAGGTGA-300.1.1","Monocle3","global",2.39839006192248,230,TRUE
"GCAGTTAAGCGAGAAA-300.1.1","Monocle3","global",6.44622190147762,285,TRUE
"GCATACAAGGCCGAAT-300.1.1","Monocle3","global",4.18707611934772,280,TRUE
"GCATGTAGTACATCCA-300.1.1","Monocle3","global",0.109031234355499,175,TRUE
"GCATGTATCAAACCGT-300.1.1","Monocle3","global",4.20275982415835,300,TRUE
"GCGACCAAGAGCCTAG-300.1.1","Monocle3","global",6.84217791295775,260,TRUE
"GCGAGAAAGCCGTCGT-300.1.1","Monocle3","global",3.12665665745748,230,TRUE
"GCTCCTACAGCCAATT-300.1.1","Monocle3","global",2.32702083162626,230,TRUE
"GCTGCGAAGTCAAGGC-300.1.1","Monocle3","global",3.45557790103797,200,TRUE
"GCTGCGATCTATCCCG-300.1.1","Monocle3","global",5.92654721104879,260,TRUE
"GCTGGGTAGGACACCA-300.1.1","Monocle3","global",2.5690251185775,260,TRUE
"GCTTGAACAAGCCATT-300.1.1","Monocle3","global",6.5895171453507,215,TRUE
"GCTTGAACAGATGGGT-300.1.1","Monocle3","global",6.10744799993873,215,TRUE
"GGACAGAAGGCATGTG-300.1.1","Monocle3","global",3.36486055615376,200,TRUE
"GGAGCAATCGTTTAGG-300.1.1","Monocle3","global",4.53822228274705,285,TRUE
"GGATGTTCACTTCTGC-300.1.1","Monocle3","global",6.53784664533413,350,TRUE
"GGATTACAGCCAGTAG-300.1.1","Monocle3","global",4.77472720103506,320,TRUE
"GGCGACTAGACGACGT-300.1.1","Monocle3","global",4.04896667380401,300,TRUE
"GGCTCGACACACAGAG-300.1.1","Monocle3","global",1.77801926830189,225,TRUE
"GGCTCGATCATCATTC-300.1.1","Monocle3","global",4.55647549817115,225,TRUE
"GGGACCTCACCGAAAG-300.1.1","Monocle3","global",3.26088560137986,260,TRUE
"GGGACCTGTCTACCTC-300.1.1","Monocle3","global",4.12594221562666,270,TRUE
"GGGATGACAGCTCGCA-300.1.1","Monocle3","global",0.547486534912656,190,TRUE
"GGGCATCCATACTACG-300.1.1","Monocle3","global",4.0309606780038,270,TRUE
"GGGTTGCAGCCCAACC-300.1.1","Monocle3","global",0.0105834001930281,170,TRUE
"GGGTTGCTCCTTTACA-300.1.1","Monocle3","global",6.61284979035727,270,TRUE
"GGTATTGAGAGTTGGC-300.1.1","Monocle3","global",5.45796324967246,265,TRUE
"GGTATTGAGTCATCCA-300.1.1","Monocle3","global",3.00551711050627,260,TRUE
"GGTGAAGAGAAACCGC-300.1.1","Monocle3","global",6.83464502362586,270,TRUE
"GGTGAAGGTCCATGAT-300.1.1","Monocle3","global",5.26862378418184,320,TRUE
"GGTGAAGTCATAAAGG-300.1.1","Monocle3","global",7.81311157012103,385,TRUE
"GGTGAAGTCGCAGGCT-300.1.1","Monocle3","global",1.62305221675432,180,TRUE
"GTAGGCCAGCTAGCCC-300.1.1","Monocle3","global",0.316771193227487,170,TRUE
"GTAGGCCTCCTTTCTC-300.1.1","Monocle3","global",6.07996799103244,230,TRUE
"GTAGTCATCTGCAAGT-300.1.1","Monocle3","global",7.49163857795385,330,TRUE
"GTATTCTGTAAGGGCT-300.1.1","Monocle3","global",1.9793498114398,185,TRUE
"GTCTCGTTCTTCTGGC-300.1.1","Monocle3","global",0.996056027609724,190,TRUE
"GTGCAGCGTGATGATA-300.1.1","Monocle3","global",1.27992896930562,180,TRUE
"GTGCAGCTCAGCTCTC-300.1.1","Monocle3","global",4.56905482190551,205,TRUE
"GTGCATATCGTCCGTT-300.1.1","Monocle3","global",1.01275342139108,190,TRUE
"GTGCGGTGTAAATGTG-300.1.1","Monocle3","global",1.81786904846616,260,TRUE
"GTGTTAGAGAGCCCAA-300.1.1","Monocle3","global",8.19711690282549,370,TRUE
"GTTACAGAGCTAAGAT-300.1.1","Monocle3","global",6.33327086449703,230,TRUE
"GTTCTCGGTCGCCATG-300.1.1","Monocle3","global",3.95387013563522,265,TRUE
"TACACGAAGTCCTCCT-300.1.1","Monocle3","global",4.59603220520325,230,TRUE
"TACCTATAGTGAAGAG-300.1.1","Monocle3","global",4.94611532528822,300,TRUE
"TACCTATAGTGTGAAT-300.1.1","Monocle3","global",7.8137749853117,385,TRUE
"TACTTGTTCGCTAGCG-300.1.1","Monocle3","global",3.42193388251616,230,TRUE
"TAGCCGGAGCCCAATT-300.1.1","Monocle3","global",5.80247087568713,260,TRUE
"TATCTCAGTTTAAGCC-300.1.1","Monocle3","global",4.77354387635849,300,TRUE
"TATGCCCCAATAGCGG-300.1.1","Monocle3","global",9.02696341147896,450,TRUE
"TATTACCCAGGCTGAA-300.1.1","Monocle3","global",8.29553187252293,390,TRUE
"TATTACCTCCATGCTC-300.1.1","Monocle3","global",10.7848243959546,360,TRUE
"TCAATCTAGAGCTATA-300.1.1","Monocle3","global",8.48892423652199,385,TRUE
"TCAATCTAGGTGCACA-300.1.1","Monocle3","global",1.77801951434804,200,TRUE
"TCACGAATCGATGAGG-300.1.1","Monocle3","global",7.11997462257186,380,TRUE
"TCAGGTAAGTACGTAA-300.1.1","Monocle3","global",3.00057562997836,230,TRUE
"TCATTACAGCAACGGT-300.1.1","Monocle3","global",5.98028904818527,260,TRUE
"TCCACACGTGTAACGG-300.1.1","Monocle3","global",6.140895581378,260,TRUE
"TCCCGATCACCAACCG-300.1.1","Monocle3","global",5.8626356807175,270,TRUE
"TCGAGGCAGGAGTACC-300.1.1","Monocle3","global",5.83131248357309,230,TRUE
"TCGGGACAGTGGAGAA-300.1.1","Monocle3","global",3.81293151790478,200,TRUE
"TCGTAGAGTAGCGCTC-300.1.1","Monocle3","global",1.00246011030336,195,TRUE
"TCTCATAAGCGATCCC-300.1.1","Monocle3","global",8.64031574398726,410,TRUE
"TCTCATACAAGGTGTG-300.1.1","Monocle3","global",2.24837565507744,260,TRUE
"TCTGGAATCTTCGAGA-300.1.1","Monocle3","global",7.04255447647166,270,TRUE
"TCTTCGGAGACAAGCC-300.1.1","Monocle3","global",0.0252262473533931,180,TRUE
"TCTTCGGAGCCCTAAT-300.1.1","Monocle3","global",6.38194348807892,290,TRUE
"TGAAAGAAGGTGCACA-300.1.1","Monocle3","global",5.40190630858195,290,TRUE
"TGACAACCAATGAATG-300.1.1","Monocle3","global",8.34900035881488,350,TRUE
"TGAGCCGGTCTCTTTA-300.1.1","Monocle3","global",2.01659936515705,215,TRUE
"TGCACCTAGAGGTAGA-300.1.1","Monocle3","global",5.92654745709494,265,TRUE
"TGCCCATAGGGCTTGA-300.1.1","Monocle3","global",1.77782821644128,195,TRUE
"TGCCCATGTCAATGTC-300.1.1","Monocle3","global",10.563985634804,450,TRUE
"TGCCCTATCAGGTTCA-300.1.1","Monocle3","global",3.50523143443774,260,TRUE
"TGCGGGTTCATTGCGA-300.1.1","Monocle3","global",6.0599633346421,320,TRUE
"TGCGTGGAGCAGCGTA-300.1.1","Monocle3","global",6.8164334028455,340,TRUE
"TGCTACCAGGCGATAC-300.1.1","Monocle3","global",1.09976696572591,200,TRUE
"TGGCTGGAGTCCATAC-300.1.1","Monocle3","global",2.4117806895206,185,TRUE
"TGGTTAGTCTGCCAGG-300.1.1","Monocle3","global",7.5241111937921,320,TRUE
"TGGTTCCTCGTTACGA-300.1.1","Monocle3","global",2.34914285745795,230,TRUE
"TGTGGTATCTGCTTGC-300.1.1","Monocle3","global",4.04282141150815,290,TRUE
"TTAACTCAGTACACCT-300.1.1","Monocle3","global",5.57022982265549,300,TRUE
"TTAACTCCATCGGTTA-300.1.1","Monocle3","global",5.85850547742154,260,TRUE
"TTAGGACGTCATCGGC-300.1.1","Monocle3","global",5.99811896118226,260,TRUE
"TTATGCTAGCCGGTAA-300.1.1","Monocle3","global",6.13210369016095,270,TRUE
"TTATGCTCATGCCCGA-300.1.1","Monocle3","global",6.63386807324838,310,TRUE
"TTATGCTTCAACGGCC-300.1.1","Monocle3","global",7.77277256819798,380,TRUE
"TTCGGTCTCGGCTTGG-300.1.1","Monocle3","global",4.15947962989446,230,TRUE
"TTCTACAAGTCGAGTG-300.1.1","Monocle3","global",6.12922741964412,270,TRUE
"TTCTCAATCGCACTCT-300.1.1","Monocle3","global",5.01920935579832,280,TRUE
"TTCTTAGCAAACAACA-300.1.1","Monocle3","global",7.09745953226499,300,TRUE
"TTCTTAGTCACGCGGT-300.1.1","Monocle3","global",3.07623169471523,270,TRUE
"TTCTTAGTCCAAGTAC-300.1.1","Monocle3","global",4.77354412240464,275,TRUE
"TTGAACGAGAAACCTA-300.1.1","Monocle3","global",3.48161937262474,230,TRUE
"TTGCCGTGTAAGCACG-300.1.1","Monocle3","global",6.10744824598487,290,TRUE
"TTGGAACCAGATCGGA-300.1.1","Monocle3","global",3.13140214496609,260,TRUE
"AAACCTGGTTCCAACA-300.1.2","Monocle3","global",6.10744849203101,265,TRUE
"AAAGATGTCGATAGAA-300.1.2","Monocle3","global",4.42227340942256,170,TRUE
"AACACGTAGATCCCAT-300.1.2","Monocle3","global",0.732419918266334,185,TRUE
"AACGTTGGTATTAGCC-300.1.2","Monocle3","global",10.078546995532,350,TRUE
"AACTCTTAGGCCCTCA-300.1.2","Monocle3","global",5.88607636033514,230,TRUE
"AACTCTTGTACAGCAG-300.1.2","Monocle3","global",1.09059053066177,230,TRUE
"AACTCTTGTGGCGAAT-300.1.2","Monocle3","global",1.04544359269203,225,TRUE
"AACTGGTAGTCTTGCA-300.1.2","Monocle3","global",2.00400939089958,195,TRUE
"AACTTTCCAAGGCTCC-300.1.2","Monocle3","global",4.55187360959506,230,TRUE
"AAGACCTTCGCGCCAA-300.1.2","Monocle3","global",6.95094719311491,260,TRUE
"AAGCCGCCAGGTCTCG-300.1.2","Monocle3","global",6.14280734349265,350,TRUE
"AAGGAGCTCTTATCTG-300.1.2","Monocle3","global",6.50991474488075,260,TRUE
"AAGGCAGTCGCCTGTT-300.1.2","Monocle3","global",5.66010993350972,220,TRUE
"AAGGTTCGTCAAAGAT-300.1.2","Monocle3","global",3.13838341954072,215,TRUE
"AAGTCTGAGGCTAGAC-300.1.2","Monocle3","global",6.1109408508415,270,TRUE
"AAGTCTGGTAAGTTCC-300.1.2","Monocle3","global",3.81293176395093,260,TRUE
"ACACCCTAGTGTCTCA-300.1.2","Monocle3","global",7.56107586651812,350,TRUE
"ACACTGAAGGACACCA-300.1.2","Monocle3","global",3.1846474453602,215,TRUE
"ACATCAGAGCGATATA-300.1.2","Monocle3","global",1.73672878556372,220,TRUE
"ACATGGTAGGGTGTTG-300.1.2","Monocle3","global",0.496638163173739,185,TRUE
"ACATGGTTCACCGGGT-300.1.2","Monocle3","global",4.12423176229855,260,TRUE
"ACCCACTAGACTTGAA-300.1.2","Monocle3","global",5.65728131855082,230,TRUE
"ACCCACTCAGCCTGTG-300.1.2","Monocle3","global",10.7303251959416,450,TRUE
"ACCTTTAAGGGTCGAT-300.1.2","Monocle3","global",3.00843721960985,260,TRUE
"ACGCAGCCATGCATGT-300.1.2","Monocle3","global",4.5749137751553,300,TRUE
"ACGCAGCTCAGAGGTG-300.1.2","Monocle3","global",6.72816501178031,310,TRUE
"ACGGAGAGTAACGACG-300.1.2","Monocle3","global",5.97986044009222,310,TRUE
"ACGGGTCTCAGTGTTG-300.1.2","Monocle3","global",1.10180190128198,200,TRUE
"ACGTCAAGTGTGAATA-300.1.2","Monocle3","global",6.61285003640341,270,TRUE
"ACTATCTGTAGCCTCG-300.1.2","Monocle3","global",3.50180616418002,260,TRUE
"ACTGATGGTGACGGTA-300.1.2","Monocle3","global",5.96450820053398,350,TRUE
"ACTGATGGTTTGGCGC-300.1.2","Monocle3","global",4.53822252879319,300,TRUE
"ACTTGTTAGGCTCAGA-300.1.2","Monocle3","global",6.86281011126338,320,TRUE
"AGAGCTTAGTTTCCTT-300.1.2","Monocle3","global",4.74079967231653,275,TRUE
"AGAGTGGTCCCTCAGT-300.1.2","Monocle3","global",5.58329351270226,175,TRUE
"AGATTGCAGTCTCCTC-300.1.2","Monocle3","global",0.683702220559142,180,TRUE
"AGCGTATCACTTGGAT-300.1.2","Monocle3","global",0.942866343603591,170,TRUE
"AGCGTATTCCTTTCTC-300.1.2","Monocle3","global",2.9562924194205,220,TRUE
"AGCGTCGCATATGCTG-300.1.2","Monocle3","global",6.12215517089144,375,TRUE
"AGCTCCTTCGGGAGTA-300.1.2","Monocle3","global",5.98028929423142,230,TRUE
"AGCTCTCCAATAAGCA-300.1.2","Monocle3","global",6.56803264052175,270,TRUE
"AGCTCTCTCCAAGTAC-300.1.2","Monocle3","global",4.53822277483934,300,TRUE
"AGGCCACAGGCCCGTT-300.1.2","Monocle3","global",2.40537386422736,185,TRUE
"AGGTCATGTCGCCATG-300.1.2","Monocle3","global",1.76540228898553,215,TRUE
"AGGTCATTCAACCATG-300.1.2","Monocle3","global",6.54225058513124,200,TRUE
"AGTAGTCCAACACGCC-300.1.2","Monocle3","global",6.14024041156422,260,TRUE
"ATAACGCCACGAAATA-300.1.2","Monocle3","global",4.77486939626951,300,TRUE
"ATAAGAGCACTGTCGG-300.1.2","Monocle3","global",6.09702763441073,230,TRUE
"ATAGACCGTGACTACT-300.1.2","Monocle3","global",7.08820767075344,390,TRUE
"ATCATGGTCCCAAGTA-300.1.2","Monocle3","global",7.078155679734,270,TRUE
"ATCCACCAGTCCATAC-300.1.2","Monocle3","global",6.54225083117739,260,TRUE
"ATCCACCAGTGGGATC-300.1.2","Monocle3","global",5.92799295681986,350,TRUE
"ATCGAGTCAGGGAGAG-300.1.2","Monocle3","global",6.12665594177707,230,TRUE
"ATCGAGTGTGATAAGT-300.1.2","Monocle3","global",4.04503079790519,270,TRUE
"ATGCGATCATGACGGA-300.1.2","Monocle3","global",3.30295159102776,260,TRUE
"ATGCGATTCTTGTATC-300.1.2","Monocle3","global",6.77620576493897,270,TRUE
"ATGGGAGGTTTGTGTG-300.1.2","Monocle3","global",3.45745399780952,200,TRUE
"ATTACTCTCTGTCAAG-300.1.2","Monocle3","global",9.66333474183683,330,TRUE
"ATTATCCCACAGCCCA-300.1.2","Monocle3","global",0.316771439273631,175,TRUE
"ATTGGACCACGCTTTC-300.1.2","Monocle3","global",0.252589728583945,175,TRUE
"CAACCAATCGTTGACA-300.1.2","Monocle3","global",2.62374988953802,200,TRUE
"CAACCTCCACGAGGTA-300.1.2","Monocle3","global",3.92420416808605,265,TRUE
"CAAGAAACATTCTCAT-300.1.2","Monocle3","global",6.69569178724226,265,TRUE
"CAAGATCCACGCCAGT-300.1.2","Monocle3","global",5.85951496101576,325,TRUE
"CAAGTTGGTCACCCAG-300.1.2","Monocle3","global",7.20191286413319,350,TRUE
"CACAAACTCATCACCC-300.1.2","Monocle3","global",7.28284284313792,380,TRUE
"CACACCTTCTTAGCCC-300.1.2","Monocle3","global",0.316771685319776,175,TRUE
"CACAGTAAGATCCTGT-300.1.2","Monocle3","global",4.19803146476686,260,TRUE
"CACAGTAGTAGCGATG-300.1.2","Monocle3","global",7.71598560435815,380,TRUE
"CACAGTAGTCAGAAGC-300.1.2","Monocle3","global",3.34472944368602,195,TRUE
"CACAGTAGTTCTCATT-300.1.2","Monocle3","global",7.52411143983825,375,TRUE
"CACATAGCACAACGTT-300.1.2","Monocle3","global",3.9597007083854,270,TRUE
"CACATTTTCAGTTAGC-300.1.2","Monocle3","global",4.53822302088548,280,TRUE
"CACATTTTCATGTCCC-300.1.2","Monocle3","global",4.98521076077369,300,TRUE
"CACCACTCAGAGCCAA-300.1.2","Monocle3","global",6.10744873807716,205,TRUE
"CACCAGGTCATCTGCC-300.1.2","Monocle3","global",6.61285028244956,230,TRUE
"CAGAGAGCACTTCTGC-300.1.2","Monocle3","global",5.49877453759609,280,TRUE
"CAGCATAAGTGGGTTG-300.1.2","Monocle3","global",6.82642865506922,270,TRUE
"CAGCATAGTGCAGTAG-300.1.2","Monocle3","global",6.9976493592104,420,TRUE
"CAGCGACCATCACCCT-300.1.2","Monocle3","global",5.01920960184446,275,TRUE
"CAGCTAAAGGAATGGA-300.1.2","Monocle3","global",4.02378117725959,260,TRUE
"CAGCTAACAATAGAGT-300.1.2","Monocle3","global",4.74513224164974,260,TRUE
"CAGTAACGTCGCTTCT-300.1.2","Monocle3","global",7.45809973319565,295,TRUE
"CAGTCCTCATACGCCG-300.1.2","Monocle3","global",6.83819237009868,270,TRUE
"CATATGGCACAGCCCA-300.1.2","Monocle3","global",1.13129313253656,190,TRUE
"CATATGGCAGGCTCAC-300.1.2","Monocle3","global",4.90052137015211,225,TRUE
"CATCAAGGTCGCTTCT-300.1.2","Monocle3","global",6.10401739130565,230,TRUE
"CATCGGGTCACTCTTA-300.1.2","Monocle3","global",5.85450399495055,230,TRUE
"CATGACATCATCGGAT-300.1.2","Monocle3","global",4.59094539668388,280,TRUE
"CATGCCTGTTGTCTTT-300.1.2","Monocle3","global",4.77354436845078,300,TRUE
"CATGGCGCAAAGAATC-300.1.2","Monocle3","global",3.46399335894067,210,TRUE
"CATTCGCGTGATAAAC-300.1.2","Monocle3","global",3.12969117774539,280,TRUE
"CCAATCCTCATCGGAT-300.1.2","Monocle3","global",13.7108110590858,450,TRUE
"CCACCTAAGCTTTGGT-300.1.2","Monocle3","global",7.75678517567071,360,TRUE
"CCACGGAAGACCGGAT-300.1.2","Monocle3","global",7.05340616679908,230,TRUE
"CCATGTCGTACAGTTC-300.1.2","Monocle3","global",5.71052233407043,260,TRUE
"CCCAATCGTAGCGCTC-300.1.2","Monocle3","global",6.37552154719612,240,TRUE
"CCCAATCTCCACGTTC-300.1.2","Monocle3","global",4.77354461449693,300,TRUE
"CCCAGTTAGGCCCTTG-300.1.2","Monocle3","global",4.99174064334953,300,TRUE
"CCCTCCTTCGCCAGCA-300.1.2","Monocle3","global",1.93063057706229,200,TRUE
"CCGGGATGTCACACGC-300.1.2","Monocle3","global",3.12743970932496,215,TRUE
"CCGTGGAAGGGCTCTC-300.1.2","Monocle3","global",3.48097906860131,260,TRUE
"CCGTTCACACATGGGA-300.1.2","Monocle3","global",4.77354486054307,300,TRUE
"CCGTTCATCCAGAGGA-300.1.2","Monocle3","global",4.88247360523472,260,TRUE
"CCTAAAGTCGGAATCT-300.1.2","Monocle3","global",4.9925271782734,300,TRUE
"CCTAGCTAGTCCGTAT-300.1.2","Monocle3","global",4.77354510658921,320,TRUE
"CCTATTACATTGTGCA-300.1.2","Monocle3","global",9.11278109771173,350,TRUE
"CCTTCCCTCCTAGAAC-300.1.2","Monocle3","global",1.77801976039418,200,TRUE
"CCTTTCTTCGCCATAA-300.1.2","Monocle3","global",3.40392850361101,275,TRUE
"CGAACATAGAGTTGGC-300.1.2","Monocle3","global",3.52513770198008,275,TRUE
"CGAACATAGTAGGTGC-300.1.2","Monocle3","global",3.95889631262194,275,TRUE
"CGAACATCAGTCGATT-300.1.2","Monocle3","global",12.5033684700347,530,TRUE
"CGACCTTAGGAATGGA-300.1.2","Monocle3","global",6.27219570487782,245,TRUE
"CGACTTCAGTGCCAGA-300.1.2","Monocle3","global",6.95562185814062,275,TRUE
"CGATGGCTCCTCATTA-300.1.2","Monocle3","global",5.97988986225545,300,TRUE
"CGATTGAGTAACGACG-300.1.2","Monocle3","global",6.71535920597464,270,TRUE
"CGCTTCAAGGCATGGT-300.1.2","Monocle3","global",6.54225107722353,260,TRUE
"CGGACACCATTGGTAC-300.1.2","Monocle3","global",11.9189145927528,420,TRUE
"CGGAGCTTCAATAAGG-300.1.2","Monocle3","global",4.04897727796213,265,TRUE
"CGGAGTCAGAGAACAG-300.1.2","Monocle3","global",5.17228046200941,350,TRUE
"CGGAGTCCAAATTGCC-300.1.2","Monocle3","global",0.442521830060113,200,TRUE
"CGGAGTCCAACACGCC-300.1.2","Monocle3","global",3.12915898891678,230,TRUE
"CGGCTAGGTCCGCTGA-300.1.2","Monocle3","global",7.22564331278337,350,TRUE
"CGGTTAAAGATCTGCT-300.1.2","Monocle3","global",4.21342961002216,260,TRUE
"CGGTTAACAAGTAGTA-300.1.2","Monocle3","global",7.49005611594977,330,TRUE
"CGTAGCGAGGCTATCT-300.1.2","Monocle3","global",5.93419475034696,285,TRUE
"CGTAGGCAGCGCCTTG-300.1.2","Monocle3","global",6.14280758953879,165,TRUE
"CGTAGGCGTTCCCTTG-300.1.2","Monocle3","global",4.21802772280626,300,TRUE
"CGTCACTAGGCTCATT-300.1.2","Monocle3","global",7.28862294946526,260,TRUE
"CGTCACTAGTACATGA-300.1.2","Monocle3","global",0.714927003809364,190,TRUE
"CGTCACTAGTAGTGCG-300.1.2","Monocle3","global",6.50905477832003,260,TRUE
"CGTCAGGAGATCGGGT-300.1.2","Monocle3","global",9.96471189466488,380,TRUE
"CGTCAGGCACCGATAT-300.1.2","Monocle3","global",6.1074489841233,270,TRUE
"CGTCAGGGTTACAGAA-300.1.2","Monocle3","global",6.7338096332688,270,TRUE
"CGTGTAAAGAGTACCG-300.1.2","Monocle3","global",6.8723834124906,270,TRUE
"CGTTAGATCGGCGCAT-300.1.2","Monocle3","global",4.77354535263536,280,TRUE
"CGTTGGGAGAGTGAGA-300.1.2","Monocle3","global",6.36320524683289,260,TRUE
"CGTTGGGTCACCCGAG-300.1.2","Monocle3","global",5.68831595692042,290,TRUE
"CTAATGGAGAACAACT-300.1.2","Monocle3","global",5.71052258011657,285,TRUE
"CTACATTGTTGGAGGT-300.1.2","Monocle3","global",6.43212193169158,225,TRUE
"CTACGTCAGACTAGGC-300.1.2","Monocle3","global",5.43131882281935,230,TRUE
"CTAGCCTGTACATCCA-300.1.2","Monocle3","global",0.31677193136592,260,TRUE
"CTAGCCTGTTCGAATC-300.1.2","Monocle3","global",4.53822326693162,290,TRUE
"CTAGTGAAGGCATTGG-300.1.2","Monocle3","global",1.77802000644032,180,TRUE
"CTAGTGACATAACCTG-300.1.2","Monocle3","global",3.81097009892754,260,TRUE
"CTCCTAGCAATAAGCA-300.1.2","Monocle3","global",5.15494369032908,230,TRUE
"CTCGAAACAGCATACT-300.1.2","Monocle3","global",3.68795304505475,265,TRUE
"CTCGAGGTCGTTGCCT-300.1.2","Monocle3","global",1.71856048008154,180,TRUE
"CTCGGGACAATAGCAA-300.1.2","Monocle3","global",1.94013628628638,210,TRUE
"CTCGTCAAGTTACCCA-300.1.2","Monocle3","global",6.62020647367568,270,TRUE
"CTCTAATAGAGGTACC-300.1.2","Monocle3","global",4.77372981235208,275,TRUE
"CTCTAATCATGGTCTA-300.1.2","Monocle3","global",6.6128505284957,265,TRUE
"CTCTACGAGTCACGCC-300.1.2","Monocle3","global",7.20191311017933,345,TRUE
"CTGAAGTGTACAGTTC-300.1.2","Monocle3","global",4.75615344193059,260,TRUE
"CTGATCCCACATTCGA-300.1.2","Monocle3","global",1.29518347068277,200,TRUE
"CTGCCTAGTTGCGTTA-300.1.2","Monocle3","global",1.54438987735307,200,TRUE
"CTGCGGAAGCTATGCT-300.1.2","Monocle3","global",7.37467045442454,265,TRUE
"CTGCTGTGTAGCCTCG-300.1.2","Monocle3","global",5.71052282616272,260,TRUE
"CTGGTCTAGCGTTGCC-300.1.2","Monocle3","global",4.20379045658324,265,TRUE
"CTGTGCTCACGACGAA-300.1.2","Monocle3","global",1.65075748906802,260,TRUE
"CTGTTTACAGCTGTGC-300.1.2","Monocle3","global",4.21002848382568,170,TRUE
"CTGTTTACATTGCGGC-300.1.2","Monocle3","global",5.38387427036998,300,TRUE
"GAAATGATCTCGAGTA-300.1.2","Monocle3","global",1.08390207101549,200,TRUE
"GAACATCCAGTACACT-300.1.2","Monocle3","global",5.40197389181847,230,TRUE
"GAATGAAAGATATACG-300.1.2","Monocle3","global",0.768148505132623,175,TRUE
"GAATGAAGTCATACTG-300.1.2","Monocle3","global",6.42836693671433,260,TRUE
"GACACGCAGGGAAACA-300.1.2","Monocle3","global",6.62741173394225,300,TRUE
"GACGCGTAGTTGCAGG-300.1.2","Monocle3","global",5.32223454471134,300,TRUE
"GACGGCTGTATATGAG-300.1.2","Monocle3","global",7.20191335622548,350,TRUE
"GACGGCTGTGCACTTA-300.1.2","Monocle3","global",6.45952243559858,270,TRUE
"GACTAACGTCTTGATG-300.1.2","Monocle3","global",1.1312933785827,215,TRUE
"GACTGCGCAATGGATA-300.1.2","Monocle3","global",6.72123292631572,270,TRUE
"GAGGTGAAGGGATCTG-300.1.2","Monocle3","global",4.02380762219165,385,TRUE
"GATCAGTAGCCAGGAT-300.1.2","Monocle3","global",11.751254280147,420,TRUE
"GATCAGTTCAAGCCTA-300.1.2","Monocle3","global",4.08772162395359,270,TRUE
"GATCGATTCTTGAGGT-300.1.2","Monocle3","global",4.77454127531064,300,TRUE
"GATCGCGTCAACGGCC-300.1.2","Monocle3","global",6.61285077454184,275,TRUE
"GATGAGGCACCATCCT-300.1.2","Monocle3","global",5.92654770314108,220,TRUE
"GATGCTAAGAGGTACC-300.1.2","Monocle3","global",5.27349044341631,290,TRUE
"GATTCAGAGATATACG-300.1.2","Monocle3","global",6.36478452034584,215,TRUE
"GATTCAGAGCGCTCCA-300.1.2","Monocle3","global",5.98028954027756,260,TRUE
"GATTCAGGTACCCAAT-300.1.2","Monocle3","global",5.6417950257214,230,TRUE
"GCAATCAGTAGCAAAT-300.1.2","Monocle3","global",9.77642748795466,320,TRUE
"GCAATCAGTCCAGTAT-300.1.2","Monocle3","global",6.03493246149386,230,TRUE
"GCACTCTAGTCTTGCA-300.1.2","Monocle3","global",9.12418464373331,340,TRUE
"GCAGCCATCAGGCGAA-300.1.2","Monocle3","global",3.04555793823674,260,TRUE
"GCAGTTATCAGGCAAG-300.1.2","Monocle3","global",4.77534361178554,260,TRUE
"GCATACAAGCCGATTT-300.1.2","Monocle3","global",4.83126354642349,300,TRUE
"GCATGATAGATGAGAG-300.1.2","Monocle3","global",1.17383348378581,175,TRUE
"GCGACCACACCACCAG-300.1.2","Monocle3","global",7.78593605862686,375,TRUE
"GCGACCATCGTTGCCT-300.1.2","Monocle3","global",4.77610755578648,300,TRUE
"GCGAGAACAACTTGAC-300.1.2","Monocle3","global",2.85101617577513,190,TRUE
"GCGAGAACACTTGGAT-300.1.2","Monocle3","global",5.45377126939035,300,TRUE
"GCGCAACAGCTAGGCA-300.1.2","Monocle3","global",12.0551134362427,390,TRUE
"GCGCAACCACCCAGTG-300.1.2","Monocle3","global",13.4733242651372,410,TRUE
"GCGCGATTCTGCAGTA-300.1.2","Monocle3","global",0.683702466605286,180,TRUE
"GCGGGTTTCCGCGTTT-300.1.2","Monocle3","global",5.04108358336674,230,TRUE
"GCTGCGACACGGCGTT-300.1.2","Monocle3","global",6.61285102058799,275,TRUE
"GCTGGGTAGATAGTCA-300.1.2","Monocle3","global",4.19085824465148,320,TRUE
"GCTTGAAGTAAGAGAG-300.1.2","Monocle3","global",6.10744923016945,210,TRUE
"GGAAAGCAGTCCGGTC-300.1.2","Monocle3","global",4.74079991836267,290,TRUE
"GGAAAGCCAGGCTGAA-300.1.2","Monocle3","global",6.25225178809382,230,TRUE
"GGAAAGCGTAGCCTCG-300.1.2","Monocle3","global",6.76570470965076,300,TRUE
"GGAACTTTCTTATCTG-300.1.2","Monocle3","global",0.968606923272421,190,TRUE
"GGAATAATCACGGTTA-300.1.2","Monocle3","global",5.71052307220886,300,TRUE
"GGACAAGGTCGCTTCT-300.1.2","Monocle3","global",2.95715556708768,230,TRUE
"GGACAGAGTAGCGTAG-300.1.2","Monocle3","global",5.79366395729239,320,TRUE
"GGACATTCATGTAAGA-300.1.2","Monocle3","global",3.42193412856231,260,TRUE
"GGCGACTGTTGTACAC-300.1.2","Monocle3","global",6.9793905581013,260,TRUE
"GGCTCGATCCACTCCA-300.1.2","Monocle3","global",7.01493051181436,350,TRUE
"GGCTGGTTCAGCTTAG-300.1.2","Monocle3","global",6.64301710836356,270,TRUE
"GGGAGATTCCGAACGC-300.1.2","Monocle3","global",4.74080016440882,300,TRUE
"GGGCACTTCGGAAATA-300.1.2","Monocle3","global",6.10744947621559,270,TRUE
"GGGTTGCGTCAATACC-300.1.2","Monocle3","global",4.7735455986815,320,TRUE
"GGTATTGAGAGTCGGT-300.1.2","Monocle3","global",5.8161138989867,270,TRUE
"GGTATTGAGAGTGAGA-300.1.2","Monocle3","global",2.57310468132741,200,TRUE
"GGTATTGCACGCGAAA-300.1.2","Monocle3","global",4.12924216594731,260,TRUE
"GGTGAAGGTGGGTATG-300.1.2","Monocle3","global",2.04265741169368,260,TRUE
"GGTGCGTGTAGCCTAT-300.1.2","Monocle3","global",1.14950160106933,175,TRUE
"GGTGTTACAACCGCCA-300.1.2","Monocle3","global",4.77471265032223,275,TRUE
"GGTGTTACATTAACCG-300.1.2","Monocle3","global",5.70707323948758,280,TRUE
"GTAACTGTCACTATTC-300.1.2","Monocle3","global",4.94611557133437,310,TRUE
"GTACTTTCATGGTCTA-300.1.2","Monocle3","global",9.8027302268516,425,TRUE
"GTAGTCACAGAAGCAC-300.1.2","Monocle3","global",3.24535852828269,220,TRUE
"GTATTCTTCGCGGATC-300.1.2","Monocle3","global",3.02252784162214,260,TRUE
"GTCAAGTGTCAAGCGA-300.1.2","Monocle3","global",6.61285126663413,285,TRUE
"GTCACAACAGGGCATA-300.1.2","Monocle3","global",9.10294408319564,415,TRUE
"GTCACGGCACACCGCA-300.1.2","Monocle3","global",6.97703054663421,225,TRUE
"GTCACGGGTCATCCCT-300.1.2","Monocle3","global",6.89324528011824,225,TRUE
"GTCCTCACAGTTCCCT-300.1.2","Monocle3","global",7.22649573753829,350,TRUE
"GTCTTCGAGGTGCTAG-300.1.2","Monocle3","global",9.74358978791534,325,TRUE
"GTGAAGGTCCCACTTG-300.1.2","Monocle3","global",6.61285151268028,260,TRUE
"GTGCAGCCAGGATCGA-300.1.2","Monocle3","global",5.92654794918723,225,TRUE
"GTGCGGTAGTAGGCCA-300.1.2","Monocle3","global",6.08996412797557,300,TRUE
"GTGCTTCAGAGGACGG-300.1.2","Monocle3","global",6.61285175872642,260,TRUE
"GTGCTTCTCAACGGCC-300.1.2","Monocle3","global",5.70275327467542,270,TRUE
"GTGGGTCAGCAACGGT-300.1.2","Monocle3","global",5.88631683331605,280,TRUE
"GTGGGTCGTTCCATGA-300.1.2","Monocle3","global",4.77354584472765,270,TRUE
"GTGTTAGCAATAGCAA-300.1.2","Monocle3","global",7.02062666832271,265,TRUE
"GTTAAGCAGAAGGTGA-300.1.2","Monocle3","global",6.54225132326967,260,TRUE
"GTTAAGCTCGTAGGAG-300.1.2","Monocle3","global",6.4451530221647,270,TRUE
"TAAGTGCAGCTAAACA-300.1.2","Monocle3","global",5.92654819523337,270,TRUE
"TACAGTGAGGCTAGCA-300.1.2","Monocle3","global",6.61285200477257,260,TRUE
"TACCTATCATCTGGTA-300.1.2","Monocle3","global",6.97297179363862,325,TRUE
"TACCTATTCAGCGATT-300.1.2","Monocle3","global",5.9187585500911,340,TRUE
"TACGGATTCCAAACTG-300.1.2","Monocle3","global",6.15808678415567,280,TRUE
"TACTTACAGTATCTCG-300.1.2","Monocle3","global",1.01275366743723,245,TRUE
"TACTTACTCTTCGAGA-300.1.2","Monocle3","global",4.0419074720446,300,TRUE
"TACTTGTCACACCGAC-300.1.2","Monocle3","global",1.16125190530298,190,TRUE
"TAGAGCTTCTTGACGA-300.1.2","Monocle3","global",3.78162520418753,300,TRUE
"TAGTGGTAGGATTCGG-300.1.2","Monocle3","global",5.92654844127951,260,TRUE
"TATCAGGAGCGATCCC-300.1.2","Monocle3","global",0.731359254744034,210,TRUE
"TATCAGGAGGGCACTA-300.1.2","Monocle3","global",10.7349275387183,420,TRUE
"TCAGATGCAGTTCCCT-300.1.2","Monocle3","global",2.36920546199581,170,TRUE
"TCAGCAACACAGATTC-300.1.2","Monocle3","global",2.84999880617582,200,TRUE
"TCAGCTCTCCAAAGTC-300.1.2","Monocle3","global",3.6013183443055,295,TRUE
"TCATTACGTTGAGGTG-300.1.2","Monocle3","global",6.85146354086024,260,TRUE
"TCATTTGTCTCTAAGG-300.1.2","Monocle3","global",5.9802897863237,260,TRUE
"TCATTTGTCTGCCCTA-300.1.2","Monocle3","global",6.65336801137803,260,TRUE
"TCCACACAGGACAGCT-300.1.2","Monocle3","global",0.72527710809741,190,TRUE
"TCCCGATCAGACGTAG-300.1.2","Monocle3","global",5.98029003236985,260,TRUE
"TCCCGATTCGGAAACG-300.1.2","Monocle3","global",4.0467715337473,290,TRUE
"TCGCGAGGTATCGCAT-300.1.2","Monocle3","global",1.78076872799016,230,TRUE
"TCGCGTTGTCGTCTTC-300.1.2","Monocle3","global",6.20639808336565,350,TRUE
"TCGTAGACAATCAGAA-300.1.2","Monocle3","global",5.06202362312197,230,TRUE
"TGACTAGCATGTTCCC-300.1.2","Monocle3","global",4.18707636539386,260,TRUE
"TGACTTTAGTTCCACA-300.1.2","Monocle3","global",6.82642890111536,270,TRUE
"TGAGAGGGTAAACACA-300.1.2","Monocle3","global",8.98588531283731,470,TRUE
"TGAGCCGAGTTCGCAT-300.1.2","Monocle3","global",6.99986795377975,265,TRUE
"TGAGCCGCAGCGAACA-300.1.2","Monocle3","global",3.06210781535222,200,TRUE
"TGAGCCGGTGAGTGAC-300.1.2","Monocle3","global",10.1580475808826,415,TRUE
"TGAGGGAGTCTAGTCA-300.1.2","Monocle3","global",5.15094669981759,350,TRUE
"TGATTTCAGCGTAATA-300.1.2","Monocle3","global",5.710523318255,260,TRUE
"TGCACCTAGCGATATA-300.1.2","Monocle3","global",3.37883020728997,280,TRUE
"TGCACCTAGTTGTCGT-300.1.2","Monocle3","global",6.2063983294118,360,TRUE
"TGCACCTAGTTTGCGT-300.1.2","Monocle3","global",6.88940951988397,270,TRUE
"TGCTACCGTGGACGAT-300.1.2","Monocle3","global",6.64030382582907,300,TRUE
"TGCTACCTCAACACCA-300.1.2","Monocle3","global",3.92914157040422,290,TRUE
"TGGGCGTTCAGATAAG-300.1.2","Monocle3","global",4.62374998221611,270,TRUE
"TGGTTAGCATATACCG-300.1.2","Monocle3","global",2.70836847400331,200,TRUE
"TGGTTAGGTTATGTGC-300.1.2","Monocle3","global",1.65948746583672,200,TRUE
"TGTCCCATCTCCAGGG-300.1.2","Monocle3","global",7.35731893270206,350,TRUE
"TGTGTTTGTAATTGGA-300.1.2","Monocle3","global",5.98029027841599,200,TRUE
"TGTGTTTGTCGCGTGT-300.1.2","Monocle3","global",7.47054799546876,275,TRUE
"TGTTCCGTCATCTGTT-300.1.2","Monocle3","global",6.13320178947953,260,TRUE
"TTATGCTAGGACAGCT-300.1.2","Monocle3","global",5.14786490063185,260,TRUE
"TTCCCAGAGCTATGCT-300.1.2","Monocle3","global",1.97935005748595,195,TRUE
"TTCGAAGGTTGCCTCT-300.1.2","Monocle3","global",3.44764587887777,225,TRUE
"TTCTCAATCCGTACAA-300.1.2","Monocle3","global",5.71052356430115,230,TRUE
"TTCTCCTAGTACGATA-300.1.2","Monocle3","global",10.2989439911145,390,TRUE
"TTCTTAGCACGCATCG-300.1.2","Monocle3","global",6.8510928126065,270,TRUE
"TTGAACGCAGGGTACA-300.1.2","Monocle3","global",1.12115254091398,170,TRUE
"TTGACTTAGCGTGTCC-300.1.2","Monocle3","global",6.61285225081871,260,TRUE
"TTGACTTCACGAGAGT-300.1.2","Monocle3","global",1.10103141639575,180,TRUE
"TTGCCGTCAAACGTGG-300.1.2","Monocle3","global",2.56156328010219,230,TRUE
"TTGCGTCGTAGCGCTC-300.1.2","Monocle3","global",2.63982804221345,260,TRUE
"TTTATGCCATATACGC-300.1.2","Monocle3","global",1.13129362462885,230,TRUE
"TTTCCTCTCTCTTATG-300.1.2","Monocle3","global",6.54225156931582,260,TRUE
"TTTGGTTGTTGATTGC-300.1.2","Monocle3","global",6.6083922182898,300,TRUE
"AAAGATGTCGATCCCT-300.1.3","Monocle3","global",1.01275391348337,185,TRUE
"AAAGCAAGTAGGAGTC-300.1.3","Monocle3","global",2.37957917612099,180,TRUE
"AAATGCCAGAAGGTGA-300.1.3","Monocle3","global",5.98029052446214,245,TRUE
"AACCATGGTGCAGTAG-300.1.3","Monocle3","global",6.94083429752122,270,TRUE
"AACGTTGGTTGAGGTG-300.1.3","Monocle3","global",6.08337992016729,380,TRUE
"AACTCCCAGAAACCAT-300.1.3","Monocle3","global",4.15771911373816,270,TRUE
"AACTCCCCACTAAGTC-300.1.3","Monocle3","global",7.2209651062239,350,TRUE
"AACTGGTAGGACACCA-300.1.3","Monocle3","global",3.62980927531337,245,TRUE
"AACTGGTGTAGCCTCG-300.1.3","Monocle3","global",4.03096092404995,200,TRUE
"AACTGGTGTCTTCTCG-300.1.3","Monocle3","global",4.77486781576501,295,TRUE
"AAGCCGCGTTACGACT-300.1.3","Monocle3","global",5.51726379340655,270,TRUE
"AAGGAGCTCAGTTTGG-300.1.3","Monocle3","global",8.62503159274922,405,TRUE
"AAGTCTGTCGTAGGTT-300.1.3","Monocle3","global",6.89382885489723,320,TRUE
"AATCCAGGTCCAGTAT-300.1.3","Monocle3","global",6.24114382837396,300,TRUE
"AATCGGTAGAAGCCCA-300.1.3","Monocle3","global",1.39614365718345,170,TRUE
"ACACTGAGTTCAGTAC-300.1.3","Monocle3","global",3.9394499301911,260,TRUE
"ACATACGTCTTGTCAT-300.1.3","Monocle3","global",6.77957608544535,270,TRUE
"ACGAGGACAACTTGAC-300.1.3","Monocle3","global",6.61285249686486,295,TRUE
"ACGAGGACATCCAACA-300.1.3","Monocle3","global",8.80733671982195,470,TRUE
"ACGAGGAGTCATATCG-300.1.3","Monocle3","global",6.78380228467663,350,TRUE
"ACGGAGAAGAAAGTGG-300.1.3","Monocle3","global",6.8264291471615,260,TRUE
"ACGGAGACATCCAACA-300.1.3","Monocle3","global",1.72692322404195,170,TRUE
"ACGGCCACAGGACGTA-300.1.3","Monocle3","global",4.67256749244886,230,TRUE
"ACGGGCTCAGCTTAAC-300.1.3","Monocle3","global",6.31013828498342,230,TRUE
"ACGGGCTTCTACTATC-300.1.3","Monocle3","global",3.43316601028501,260,TRUE
"ACGTCAAAGCCCAATT-300.1.3","Monocle3","global",2.34871710384671,200,TRUE
"ACGTCAACAGGGTTAG-300.1.3","Monocle3","global",7.17392039628538,300,TRUE
"ACTGAGTCATAGTAAG-300.1.3","Monocle3","global",4.13986028159606,260,TRUE
"ACTGCTCCAGGGTACA-300.1.3","Monocle3","global",4.03096117009609,200,TRUE
"ACTGTCCAGTACGATA-300.1.3","Monocle3","global",1.77802025248647,200,TRUE
"ACTTGTTCAATGGTCT-300.1.3","Monocle3","global",1.6882807746218,280,TRUE
"AGACGTTGTCCTGCTT-300.1.3","Monocle3","global",3.05358341605775,260,TRUE
"AGAGCGAAGGGTCGAT-300.1.3","Monocle3","global",1.01275415952952,190,TRUE
"AGAGCTTAGTAGCGGT-300.1.3","Monocle3","global",5.33969017762073,350,TRUE
"AGAGCTTCAATGGAAT-300.1.3","Monocle3","global",0.316772177412064,175,TRUE
"AGATTGCAGTGCCAGA-300.1.3","Monocle3","global",6.63002763538084,290,TRUE
"AGATTGCGTTATGCGT-300.1.3","Monocle3","global",0.486548360228137,190,TRUE
"AGCGGTCTCCTTTACA-300.1.3","Monocle3","global",4.5518738556412,195,TRUE
"AGCGTCGCATATGCTG-300.1.3","Monocle3","global",5.3836644464543,390,TRUE
"AGCTCTCAGACACGAC-300.1.3","Monocle3","global",7.18150193714515,310,TRUE
"AGCTTGAGTGGCAAAC-300.1.3","Monocle3","global",3.50654971002766,300,TRUE
"AGGCCACGTCTTGATG-300.1.3","Monocle3","global",11.9187061166805,420,TRUE
"AGGCCGTGTGGAAAGA-300.1.3","Monocle3","global",6.612852742911,260,TRUE
"AGGCCGTTCAGTACGT-300.1.3","Monocle3","global",5.92654868732566,230,TRUE
"AGTCTTTAGTGTACGG-300.1.3","Monocle3","global",6.54225181536196,260,TRUE
"AGTGTCACACAGCCCA-300.1.3","Monocle3","global",11.6739221608977,620,TRUE
"ATAAGAGTCCCACTTG-300.1.3","Monocle3","global",4.77519961547343,300,TRUE
"ATAGACCTCTAACGGT-300.1.3","Monocle3","global",0.658199422163623,195,TRUE
"ATCATCTCATCACGTA-300.1.3","Monocle3","global",0.247766000962193,205,TRUE
"ATCATGGTCTGAAAGA-300.1.3","Monocle3","global",4.77376200227828,280,TRUE
"ATCATGGTCTGAGTGT-300.1.3","Monocle3","global",3.08802812861499,225,TRUE
"ATCCGAAAGCGTCTAT-300.1.3","Monocle3","global",3.07375960672815,210,TRUE
"ATCCGAACATTGGGCC-300.1.3","Monocle3","global",0.247766247008337,230,TRUE
"ATCTACTTCAACCATG-300.1.3","Monocle3","global",6.73057956758429,270,TRUE
"ATCTGCCAGCCAGAAC-300.1.3","Monocle3","global",4.9490497684001,280,TRUE
"ATCTGCCCAATGGTCT-300.1.3","Monocle3","global",2.27196197188241,210,TRUE
"ATCTGCCGTCGTGGCT-300.1.3","Monocle3","global",4.5465782625264,300,TRUE
"ATGAGGGAGCTGCCCA-300.1.3","Monocle3","global",4.77354609077379,270,TRUE
"ATGTGTGGTTACGTCA-300.1.3","Monocle3","global",5.5267827164402,290,TRUE
"ATTACTCGTGCTGTAT-300.1.3","Monocle3","global",4.89440509326955,230,TRUE
"ATTACTCTCTGCTTGC-300.1.3","Monocle3","global",4.77405970545721,275,TRUE
"CAACCTCGTCTGGTCG-300.1.3","Monocle3","global",6.7657049556969,350,TRUE
"CAAGGCCCAACTGCGC-300.1.3","Monocle3","global",5.71052381034729,260,TRUE
"CACACAATCGTACGGC-300.1.3","Monocle3","global",6.64374083159209,260,TRUE
"CACACCTGTTCCACGG-300.1.3","Monocle3","global",1.25593490687768,195,TRUE
"CACACTCTCCTTGACC-300.1.3","Monocle3","global",1.80462629257894,260,TRUE
"CACAGTAGTAGCTGCC-300.1.3","Monocle3","global",8.0450220787363,390,TRUE
"CACAGTAGTCATCCCT-300.1.3","Monocle3","global",6.34128931588084,220,TRUE
"CACATAGGTGGCGAAT-300.1.3","Monocle3","global",2.32727659386591,230,TRUE
"CACCAGGCACATGTGT-300.1.3","Monocle3","global",6.44408530825558,270,TRUE
"CACCTTGGTTCTGTTT-300.1.3","Monocle3","global",6.73306463680922,260,TRUE
"CACTCCATCTCGAGTA-300.1.3","Monocle3","global",4.74080041045496,270,TRUE
"CAGCAGCCATGGTCTA-300.1.3","Monocle3","global",2.59083817543804,205,TRUE
"CAGGTGCTCTCGTATT-300.1.3","Monocle3","global",6.01460138189973,300,TRUE
"CAGTAACCATCGGTTA-300.1.3","Monocle3","global",6.03127559485008,230,TRUE
"CAGTAACGTACTCTCC-300.1.3","Monocle3","global",4.42904467624892,220,TRUE
"CATATGGGTTGGTGGA-300.1.3","Monocle3","global",5.89170909286419,265,TRUE
"CATCAAGGTACAGTGG-300.1.3","Monocle3","global",6.3563873757402,230,TRUE
"CATCAGAAGTATCGAA-300.1.3","Monocle3","global",1.13129387067499,190,TRUE
"CATCGGGGTCCGAAGA-300.1.3","Monocle3","global",5.36360341894916,220,TRUE
"CATTCGCCAGTACACT-300.1.3","Monocle3","global",7.03535093026025,390,TRUE
"CCACGGACAGGTCCAC-300.1.3","Monocle3","global",2.72651274622765,215,TRUE
"CCACTACGTAAATGTG-300.1.3","Monocle3","global",3.42193437460845,230,TRUE
"CCATGTCTCAACGGGA-300.1.3","Monocle3","global",7.04355219585675,260,TRUE
"CCATTCGCAGACACTT-300.1.3","Monocle3","global",6.05388633613572,320,TRUE
"CCATTCGCATGGTCAT-300.1.3","Monocle3","global",3.4219346206546,270,TRUE
"CCCAATCGTAATCACC-300.1.3","Monocle3","global",5.37462222072466,300,TRUE
"CCCAGTTCAGTATCTG-300.1.3","Monocle3","global",4.77535730658228,300,TRUE
"CCCATACCATACGCTA-300.1.3","Monocle3","global",3.15341457876302,260,TRUE
"CCGGTAGCATCATCCC-300.1.3","Monocle3","global",6.37911495741589,320,TRUE
"CCTAGCTGTAAATGTG-300.1.3","Monocle3","global",2.9951672700769,215,TRUE
"CCTTACGAGTACACCT-300.1.3","Monocle3","global",3.96047131633335,260,TRUE
"CCTTACGTCCCAACGG-300.1.3","Monocle3","global",5.38915133666342,450,TRUE
"CCTTACGTCTCCAACC-300.1.3","Monocle3","global",6.96225571207619,280,TRUE
"CCTTCGAGTGCAACGA-300.1.3","Monocle3","global",0.145418217295707,170,TRUE
"CGAATGTGTTATCGGT-300.1.3","Monocle3","global",6.20639857545794,350,TRUE
"CGACTTCCACGCCAGT-300.1.3","Monocle3","global",6.00543569833517,320,TRUE
"CGAGCACTCGGCTTGG-300.1.3","Monocle3","global",4.82454771570369,330,TRUE
"CGAGCCAGTCAAAGCG-300.1.3","Monocle3","global",1.05442817788812,215,TRUE
"CGATGGCAGTCATCCA-300.1.3","Monocle3","global",3.11566815151434,260,TRUE
"CGATGTAAGTAGGTGC-300.1.3","Monocle3","global",6.4835369956123,335,TRUE
"CGATGTAAGTGGAGAA-300.1.3","Monocle3","global",4.49391504879467,225,TRUE
"CGATGTAGTCACTGGC-300.1.3","Monocle3","global",5.92885658954577,285,TRUE
"CGATGTAGTGAGGCTA-300.1.3","Monocle3","global",7.37467070047068,260,TRUE
"CGATTGAGTTATGTGC-300.1.3","Monocle3","global",3.49781005755213,190,TRUE
"CGCCAAGCAAGCTGTT-300.1.3","Monocle3","global",6.75709891056369,350,TRUE
"CGCGGTATCAAGGTAA-300.1.3","Monocle3","global",4.71318080286676,265,TRUE
"CGCGTTTAGTGGAGTC-300.1.3","Monocle3","global",5.9265489333718,200,TRUE
"CGCGTTTCAGCTGTAT-300.1.3","Monocle3","global",10.3637667925413,360,TRUE
"CGGACACGTCACTGGC-300.1.3","Monocle3","global",2.0190195457501,170,TRUE
"CGGACACGTTTGCATG-300.1.3","Monocle3","global",4.53822351297777,270,TRUE
"CGGACGTTCTGATTCT-300.1.3","Monocle3","global",6.06126821011736,350,TRUE
"CGGAGCTTCTCAAACG-300.1.3","Monocle3","global",8.59473890249581,405,TRUE
"CGGAGTCCACACCGCA-300.1.3","Monocle3","global",7.40669979048389,380,TRUE
"CGGTTAAGTATAGGTA-300.1.3","Monocle3","global",8.27725512262218,345,TRUE
"CGTCAGGCAATGGAGC-300.1.3","Monocle3","global",2.59494437102919,170,TRUE
"CGTCAGGGTCAGAATA-300.1.3","Monocle3","global",5.16660177972963,260,TRUE
"CGTCCATCACAGGTTT-300.1.3","Monocle3","global",6.84640602932332,260,TRUE
"CGTCCATCAGTAACGG-300.1.3","Monocle3","global",5.10047234235846,225,TRUE
"CGTCTACGTGACCAAG-300.1.3","Monocle3","global",4.8173759558703,330,TRUE
"CGTCTACTCAGCATGT-300.1.3","Monocle3","global",2.36017640999445,225,TRUE
"CGTGAGCCACGCGAAA-300.1.3","Monocle3","global",0.491453346323154,175,TRUE
"CGTGAGCTCCTTAATC-300.1.3","Monocle3","global",5.71052405639344,260,TRUE
"CGTGTCTCAAAGCGGT-300.1.3","Monocle3","global",4.94611581738051,260,TRUE
"CGTTCTGAGTGCCATT-300.1.3","Monocle3","global",4.03096141614224,200,TRUE
"CGTTGGGAGCTGCCCA-300.1.3","Monocle3","global",3.42193486670074,260,TRUE
"CTAACTTAGCTTTGGT-300.1.3","Monocle3","global",0.427854512391095,180,TRUE
"CTAACTTAGGCGTACA-300.1.3","Monocle3","global",11.4430899230975,490,TRUE
"CTAAGACAGCTGAACG-300.1.3","Monocle3","global",4.98015523335848,300,TRUE
"CTAAGACCAAGGACAC-300.1.3","Monocle3","global",8.16429732627096,360,TRUE
"CTAGCCTCATGCCTAA-300.1.3","Monocle3","global",1.01275440557566,185,TRUE
"CTAGCCTGTGGTCTCG-300.1.3","Monocle3","global",5.8778943306007,300,TRUE
"CTAGCCTTCACCGGGT-300.1.3","Monocle3","global",6.20639882150408,385,TRUE
"CTAGCCTTCTATGTGG-300.1.3","Monocle3","global",10.9364295989709,380,TRUE
"CTCAGAATCGGATGTT-300.1.3","Monocle3","global",6.09651477902542,265,TRUE
"CTCATTAAGCAGCGTA-300.1.3","Monocle3","global",3.40793472402921,260,TRUE
"CTCGTACTCATGTCTT-300.1.3","Monocle3","global",5.99099342178403,230,TRUE
"CTCGTCATCTTGAGAC-300.1.3","Monocle3","global",1.83437824968259,200,TRUE
"CTCTGGTTCTACGAGT-300.1.3","Monocle3","global",7.74122865391439,355,TRUE
"CTGAAACGTCGCGGTT-300.1.3","Monocle3","global",5.57849266129385,300,TRUE
"CTGATAGGTGAGGGAG-300.1.3","Monocle3","global",6.54932353727928,205,TRUE
"CTGCCTAAGCTGCCCA-300.1.3","Monocle3","global",4.95080925880021,225,TRUE
"CTGCCTATCATTGCGA-300.1.3","Monocle3","global",5.03390272385563,300,TRUE
"CTGTGCTCACAGATTC-300.1.3","Monocle3","global",1.59788148829956,185,TRUE
"CTGTTTATCATGCAAC-300.1.3","Monocle3","global",7.52411168588439,340,TRUE
"CTGTTTATCTAACCGA-300.1.3","Monocle3","global",6.02480893467305,325,TRUE
"CTTAACTCATGGGAAC-300.1.3","Monocle3","global",1.92379105537655,190,TRUE
"CTTACCGGTCATCCCT-300.1.3","Monocle3","global",5.38992261750801,300,TRUE
"CTTCTCTGTCCAACTA-300.1.3","Monocle3","global",5.92654917941795,245,TRUE
"CTTGGCTAGCCCAATT-300.1.3","Monocle3","global",7.2068930884399,350,TRUE
"GAACATCTCAGAGCTT-300.1.3","Monocle3","global",3.12969142379153,290,TRUE
"GAACCTACAAGGGTCA-300.1.3","Monocle3","global",10.1137617072844,320,TRUE
"GAACGGATCACCTTAT-300.1.3","Monocle3","global",10.4391879055521,355,TRUE
"GACCAATCATTGGTAC-300.1.3","Monocle3","global",1.02345409808213,170,TRUE
"GACCTGGAGTATGACA-300.1.3","Monocle3","global",4.03096166218838,205,TRUE
"GACCTGGGTTATCGGT-300.1.3","Monocle3","global",8.93225576156777,420,TRUE
"GACGTTAAGATGAGAG-300.1.3","Monocle3","global",6.99301884781822,310,TRUE
"GACTAACAGCGCTCCA-300.1.3","Monocle3","global",1.65899775556253,170,TRUE
"GACTAACTCTACTCAT-300.1.3","Monocle3","global",1.80670458873849,185,TRUE
"GAGCAGACATCACAAC-300.1.3","Monocle3","global",5.71052430243958,260,TRUE
"GAGGTGAGTGTGAAAT-300.1.3","Monocle3","global",8.27725536866833,365,TRUE
"GATCAGTCACGACGAA-300.1.3","Monocle3","global",6.29509645602839,260,TRUE
"GATCGCGAGGGAACGG-300.1.3","Monocle3","global",1.82640488734335,200,TRUE
"GCATGATAGCGTAATA-300.1.3","Monocle3","global",0.884893366765119,180,TRUE
"GCATGCGGTCTCCCTA-300.1.3","Monocle3","global",4.99773804887619,300,TRUE
"GCATGCGTCTTGCATT-300.1.3","Monocle3","global",1.34212466284403,260,TRUE
"GCCTCTAAGGACAGCT-300.1.3","Monocle3","global",5.41286118246355,345,TRUE
"GCGACCACATCTCCCA-300.1.3","Monocle3","global",5.98029077050828,200,TRUE
"GCGACCATCGTGGGAA-300.1.3","Monocle3","global",4.18707661144001,300,TRUE
"GCGCGATGTGATGCCC-300.1.3","Monocle3","global",5.71052454848573,260,TRUE
"GCTGGGTCATCCGTGG-300.1.3","Monocle3","global",3.81293200999707,260,TRUE
"GCTTCCAAGCTCCCAG-300.1.3","Monocle3","global",4.7798732280375,320,TRUE
"GGAAAGCAGGCTCAGA-300.1.3","Monocle3","global",5.72120679547543,300,TRUE
"GGAAAGCTCTTCGGTC-300.1.3","Monocle3","global",5.28076250912847,260,TRUE
"GGAACTTTCGTCTGAA-300.1.3","Monocle3","global",5.98029101655443,245,TRUE
"GGAATAATCCAAATGC-300.1.3","Monocle3","global",6.05190552870513,200,TRUE
"GGAGCAAGTTTAGCTG-300.1.3","Monocle3","global",0.999381545014811,210,TRUE
"GGCAATTAGGCCCTCA-300.1.3","Monocle3","global",9.93675072666461,380,TRUE
"GGCAATTGTAATCGTC-300.1.3","Monocle3","global",1.95949905272867,200,TRUE
"GGCGACTTCTCGCATC-300.1.3","Monocle3","global",1.0127546516218,260,TRUE
"GGCTCGATCGCAAGCC-300.1.3","Monocle3","global",4.31116436934205,275,TRUE
"GGGAATGAGTGTACCT-300.1.3","Monocle3","global",0.481199027619401,170,TRUE
"GGGAGATAGGCCATAG-300.1.3","Monocle3","global",3.31814143340097,330,TRUE
"GGGAGATAGTGAAGAG-300.1.3","Monocle3","global",2.7265129922738,215,TRUE
"GGGCACTGTTGTCGCG-300.1.3","Monocle3","global",6.20639906755023,380,TRUE
"GGGTCTGAGCCGATTT-300.1.3","Monocle3","global",0.68370271265143,190,TRUE
"GGGTTGCTCAGGTAAA-300.1.3","Monocle3","global",0.683702958697574,175,TRUE
"GGGTTGCTCATGTAGC-300.1.3","Monocle3","global",2.50309078139323,190,TRUE
"GTAACTGCAATGGACG-300.1.3","Monocle3","global",3.34416290338197,275,TRUE
"GTACTTTCAAGTAGTA-300.1.3","Monocle3","global",1.88472960872747,200,TRUE
"GTCACGGCAATGAAAC-300.1.3","Monocle3","global",4.71691155816354,260,TRUE
"GTCATTTGTACAAGTA-300.1.3","Monocle3","global",6.10744972226174,245,TRUE
"GTGCAGCCAGGAACGT-300.1.3","Monocle3","global",10.7326595013699,415,TRUE
"GTGCAGCTCTATCCCG-300.1.3","Monocle3","global",6.85740237020789,270,TRUE
"GTGCGGTTCTTAGCCC-300.1.3","Monocle3","global",4.77426306615474,300,TRUE
"GTGGGTCTCATGCAAC-300.1.3","Monocle3","global",6.27102880090622,320,TRUE
"GTTAAGCAGGTGCACA-300.1.3","Monocle3","global",6.95936267965274,260,TRUE
"GTTACAGTCTGATTCT-300.1.3","Monocle3","global",6.83749749339637,270,TRUE
"GTTCGGGTCATGGTCA-300.1.3","Monocle3","global",6.08753846991808,345,TRUE
"GTTCTCGCAACAACCT-300.1.3","Monocle3","global",4.8986731873512,300,TRUE
"GTTCTCGCAATCCGAT-300.1.3","Monocle3","global",1.92272327570645,185,TRUE
"GTTTCTACAACAACCT-300.1.3","Monocle3","global",3.4775998889198,260,TRUE
"TAAGAGACATGTTCCC-300.1.3","Monocle3","global",6.10662016567797,260,TRUE
"TACAGTGCAATTCCTT-300.1.3","Monocle3","global",7.51166761153674,355,TRUE
"TACAGTGTCTGAAAGA-300.1.3","Monocle3","global",6.3293543457305,210,TRUE
"TACCTATTCCATGAGT-300.1.3","Monocle3","global",6.63785957228327,270,TRUE
"TACCTTAAGACTTGAA-300.1.3","Monocle3","global",4.89767528299635,295,TRUE
"TACCTTAAGGCTAGAC-300.1.3","Monocle3","global",2.32707615093824,215,TRUE
"TACCTTAGTCTGCGGT-300.1.3","Monocle3","global",6.03931758293088,300,TRUE
"TACCTTAGTTCGAATC-300.1.3","Monocle3","global",2.72651323831994,200,TRUE
"TACGGATAGCCAGTTT-300.1.3","Monocle3","global",1.39549718606644,185,TRUE
"TACGGATCATGGATGG-300.1.3","Monocle3","global",6.61285298895714,270,TRUE
"TACGGTAGTTCAACCA-300.1.3","Monocle3","global",6.40928741187722,310,TRUE
"TACTCGCCATCGGGTC-300.1.3","Monocle3","global",4.97223849816265,280,TRUE
"TACTCGCTCGCCAGCA-300.1.3","Monocle3","global",5.17114325004182,220,TRUE
"TACTTGTAGGGTCTCC-300.1.3","Monocle3","global",2.70414273297114,200,TRUE
"TACTTGTGTTGTACAC-300.1.3","Monocle3","global",6.10744996830788,270,TRUE
"TAGACCAGTCCCTACT-300.1.3","Monocle3","global",6.96615862067022,230,TRUE
"TAGCCGGGTGCTCTTC-300.1.3","Monocle3","global",4.30615436604419,290,TRUE
"TAGTGGTCATCGATTG-300.1.3","Monocle3","global",4.77354633681994,310,TRUE
"TAGTGGTCATCGGTTA-300.1.3","Monocle3","global",4.64637802185168,300,TRUE
"TAGTGGTTCCCAGGTG-300.1.3","Monocle3","global",4.53822375902391,345,TRUE
"TAGTTGGCATCAGTCA-300.1.3","Monocle3","global",6.20639931359637,350,TRUE
"TATCAGGTCCCACTTG-300.1.3","Monocle3","global",8.02264373944668,390,TRUE
"TATCTCACAGTCCTTC-300.1.3","Monocle3","global",6.13216794604667,300,TRUE
"TATTACCAGTGCTGCC-300.1.3","Monocle3","global",6.64891329189686,260,TRUE
"TATTACCCACGGTGTC-300.1.3","Monocle3","global",5.98029126260057,260,TRUE
"TCAACGAGTCGAACAG-300.1.3","Monocle3","global",4.3111646153882,320,TRUE
"TCAACGATCCTTTCTC-300.1.3","Monocle3","global",1.89279176636447,195,TRUE
"TCAATCTTCCTGTAGA-300.1.3","Monocle3","global",4.69468535568683,225,TRUE
"TCAGCAAAGTATCTCG-300.1.3","Monocle3","global",4.94611606342666,320,TRUE
"TCAGCTCAGCCCTAAT-300.1.3","Monocle3","global",3.42193511274689,245,TRUE
"TCAGCTCCACCGAAAG-300.1.3","Monocle3","global",5.98029150864672,260,TRUE
"TCGTACCAGAGGTAGA-300.1.3","Monocle3","global",0.47081333828754,175,TRUE
"TCGTAGAAGTGAAGTT-300.1.3","Monocle3","global",5.79666492781037,225,TRUE
"TCGTAGACACTGTTAG-300.1.3","Monocle3","global",8.80388980314208,430,TRUE
"TCTATTGTCGGAAACG-300.1.3","Monocle3","global",10.2758796982877,345,TRUE
"TCTCATATCTGTCAAG-300.1.3","Monocle3","global",6.61270308009156,265,TRUE
"TCTTTCCGTCGGATCC-300.1.3","Monocle3","global",1.14188270863499,170,TRUE
"TGAAAGACACGAAATA-300.1.3","Monocle3","global",5.69917177836817,230,TRUE
"TGACAACGTATAATGG-300.1.3","Monocle3","global",7.53903281699314,365,TRUE
"TGACAACTCATGTCTT-300.1.3","Monocle3","global",6.40192261092512,290,TRUE
"TGACGGCTCTACTTAC-300.1.3","Monocle3","global",0,175,TRUE
"TGACTAGGTCATATCG-300.1.3","Monocle3","global",6.5700782772196,260,TRUE
"TGAGAGGAGTTACCCA-300.1.3","Monocle3","global",4.18707685748615,270,TRUE
"TGAGGGAAGTGTTAGA-300.1.3","Monocle3","global",6.61285323500329,265,TRUE
"TGAGGGACACATGTGT-300.1.3","Monocle3","global",0.451690443423566,170,TRUE
"TGCACCTGTACAAGTA-300.1.3","Monocle3","global",0.607840189466117,170,TRUE
"TGCCCATTCTCGATGA-300.1.3","Monocle3","global",3.14056148366672,215,TRUE
"TGCGCAGGTCCGAAGA-300.1.3","Monocle3","global",6.8009995764361,230,TRUE
"TGCGTGGGTTGTGGAG-300.1.3","Monocle3","global",4.96657468166505,300,TRUE
"TGGCCAGCACTGTTAG-300.1.3","Monocle3","global",4.53822400507006,300,TRUE
"TGGCGCACATTTGCTT-300.1.3","Monocle3","global",4.83585215443445,290,TRUE
"TGGCGCAGTTTACTCT-300.1.3","Monocle3","global",0.867608781010836,170,TRUE
"TGGCTGGTCGTTGACA-300.1.3","Monocle3","global",4.77403795082534,270,TRUE
"TGGGCGTTCACAGTAC-300.1.3","Monocle3","global",4.21234058326161,270,TRUE
"TGGTTAGAGACCCACC-300.1.3","Monocle3","global",4.04515818818378,300,TRUE
"TGTCCCAAGAAAGTGG-300.1.3","Monocle3","global",4.98680645655649,230,TRUE
"TGTCCCACAAGCCATT-300.1.3","Monocle3","global",5.71052479453187,550,TRUE
"TGTGGTAAGGTTCCTA-300.1.3","Monocle3","global",3.98503112889407,290,TRUE
"TGTGGTACAATCACAC-300.1.3","Monocle3","global",6.99441079260905,260,TRUE
"TTAGGCAGTATTCTCT-300.1.3","Monocle3","global",2.02729111198059,190,TRUE
"TTAGTTCGTTGTCGCG-300.1.3","Monocle3","global",2.99322025562536,270,TRUE
"TTCCCAGGTTCAGCGC-300.1.3","Monocle3","global",6.10745021435402,260,TRUE
"TTCGGTCCAAGCGATG-300.1.3","Monocle3","global",4.95464548014099,320,TRUE
"TTCGGTCCACGGCTAC-300.1.3","Monocle3","global",0.976743528433751,190,TRUE
"TTCTCAACATGAAGTA-300.1.3","Monocle3","global",4.77382898861565,280,TRUE
"TTCTTAGTCAATCTCT-300.1.3","Monocle3","global",4.77354658286608,350,TRUE
"TTGAACGCATAAGACA-300.1.3","Monocle3","global",4.25141615807911,270,TRUE
"TTGTAGGTCTCCGGTT-300.1.3","Monocle3","global",3.53842654454022,185,TRUE
"TTTATGCTCTCTGTCG-300.1.3","Monocle3","global",0.247766493054481,190,TRUE
"TTTCCTCTCAGAGACG-300.1.3","Monocle3","global",3.0005758760245,260,TRUE
"TTTGGTTAGATCCCGC-300.1.3","Monocle3","global",6.06274958029027,300,TRUE
"AAACGGGGTGCCTGGT-400.2.1","Monocle3","global",1.07128606255391,180,TRUE
"AAAGATGGTGGCTCCA-400.2.1","Monocle3","global",6.67024114954611,245,TRUE
"AAAGCAATCGGTGTTA-400.2.1","Monocle3","global",0.449487529079638,215,TRUE
"AAAGTAGCAGACACTT-400.2.1","Monocle3","global",7.29755865240578,340,TRUE
"AAAGTAGGTTGGTAAA-400.2.1","Monocle3","global",5.57086604818743,380,TRUE
"AAATGCCCAGGACGTA-400.2.1","Monocle3","global",1.20317109339396,200,TRUE
"AAATGCCGTTATCGGT-400.2.1","Monocle3","global",7.78118047845387,390,TRUE
"AACACGTCATGCAACT-400.2.1","Monocle3","global",7.30389781123422,365,TRUE
"AACACGTTCGGAAACG-400.2.1","Monocle3","global",14.0013751396477,700,TRUE
"AACCATGAGGGTATCG-400.2.1","Monocle3","global",7.08001612824411,245,TRUE
"AACCGCGTCGTAGGAG-400.2.1","Monocle3","global",4.205617568504,300,TRUE
"AACTCAGTCCCATTTA-400.2.1","Monocle3","global",7.1531032028899,375,TRUE
"AACTGGTTCCGCAAGC-400.2.1","Monocle3","global",10.81075654321,440,TRUE
"AACTGGTTCTAACTGG-400.2.1","Monocle3","global",5.37670335370901,200,TRUE
"AAGACCTTCTTAGAGC-400.2.1","Monocle3","global",4.99219578398654,310,TRUE
"AAGCCGCTCGTAGATC-400.2.1","Monocle3","global",5.14561199498358,260,TRUE
"AAGGAGCCACATGACT-400.2.1","Monocle3","global",5.57688125378453,325,TRUE
"AAGGCAGCAGCCTTTC-400.2.1","Monocle3","global",10.0912341445191,320,TRUE
"AAGGCAGCAGTGAGTG-400.2.1","Monocle3","global",6.40280381734901,360,TRUE
"AAGTCTGTCTCGTATT-400.2.1","Monocle3","global",2.48142878016344,205,TRUE
"AATCCAGCACTGAAGG-400.2.1","Monocle3","global",6.45599612923501,350,TRUE
"AATCCAGGTTACGACT-400.2.1","Monocle3","global",4.01475402439771,300,TRUE
"AATCCAGTCTGCAGTA-400.2.1","Monocle3","global",12.6933082076578,500,TRUE
"ACACCCTAGTAGATGT-400.2.1","Monocle3","global",6.17595944082449,245,TRUE
"ACACCGGTCGTAGATC-400.2.1","Monocle3","global",7.75518476944785,355,TRUE
"ACACTGATCACGCGGT-400.2.1","Monocle3","global",5.3954812656096,350,TRUE
"ACACTGATCAGTTCGA-400.2.1","Monocle3","global",6.0777965335061,380,TRUE
"ACAGCCGAGCCTATGT-400.2.1","Monocle3","global",6.61285348104943,295,TRUE
"ACAGCCGGTGCTGTAT-400.2.1","Monocle3","global",6.35901555883747,260,TRUE
"ACATACGAGGGCTTCC-400.2.1","Monocle3","global",3.275039192375,280,TRUE
"ACATACGGTGGGTATG-400.2.1","Monocle3","global",1.76204769243936,170,TRUE
"ACATACGTCTGTCCGT-400.2.1","Monocle3","global",5.59659953633823,300,TRUE
"ACATCAGAGATATGGT-400.2.1","Monocle3","global",3.02062652912442,260,TRUE
"ACATCAGGTTTGGCGC-400.2.1","Monocle3","global",6.76570520174305,350,TRUE
"ACATGGTCATTAGGCT-400.2.1","Monocle3","global",7.86680320653995,320,TRUE
"ACCCACTTCCTAGAAC-400.2.1","Monocle3","global",18.607260411097,425,TRUE
"ACCTTTAGTACGACCC-400.2.1","Monocle3","global",13.6478692412417,450,TRUE
"ACGAGGACACGTCTCT-400.2.1","Monocle3","global",4.04729077631797,300,TRUE
"ACGCAGCAGCGGATCA-400.2.1","Monocle3","global",6.54225206140811,265,TRUE
"ACGCAGCCAAGTAATG-400.2.1","Monocle3","global",6.71327359009744,290,TRUE
"ACGCAGCTCTTTAGGG-400.2.1","Monocle3","global",10.9538250196775,410,TRUE
"ACGCCAGGTCCGTTAA-400.2.1","Monocle3","global",11.173589790916,450,TRUE
"ACGCCGAAGAAGGGTA-400.2.1","Monocle3","global",7.89498711607384,370,TRUE
"ACGGAGACAAAGTCAA-400.2.1","Monocle3","global",4.9461163094728,270,TRUE
"ACGGAGAGTATAATGG-400.2.1","Monocle3","global",7.78561665152136,390,TRUE
"ACGGCCAGTTCCACAA-400.2.1","Monocle3","global",5.82410161072562,260,TRUE
"ACGGGTCGTGAAATCA-400.2.1","Monocle3","global",7.11668894997055,405,TRUE
"ACGGGTCGTGACGGTA-400.2.1","Monocle3","global",1.79707574943271,220,TRUE
"ACGGGTCTCATCGGAT-400.2.1","Monocle3","global",3.98633017441672,280,TRUE
"ACGTCAACAAGAGTCG-400.2.1","Monocle3","global",11.4122520098035,390,TRUE
"ACGTCAATCACTATTC-400.2.1","Monocle3","global",4.88247385128086,340,TRUE
"ACTATCTTCTCGCTTG-400.2.1","Monocle3","global",6.09448489666026,405,TRUE
"ACTGAACTCCGCAGTG-400.2.1","Monocle3","global",12.7717950711849,510,TRUE
"ACTGAGTTCTCATTCA-400.2.1","Monocle3","global",4.77419365147274,295,TRUE
"ACTGATGCAACTGGCC-400.2.1","Monocle3","global",6.31413075084477,220,TRUE
"ACTGCTCCAAGACGTG-400.2.1","Monocle3","global",11.7356316451216,450,TRUE
"ACTGCTCGTAATTGGA-400.2.1","Monocle3","global",8.98590477198918,405,TRUE
"ACTGTCCCAATGCCAT-400.2.1","Monocle3","global",7.07103485108322,270,TRUE
"ACTGTCCCAGCTTAAC-400.2.1","Monocle3","global",5.80114895527704,220,TRUE
"ACTGTCCCATCGGAAG-400.2.1","Monocle3","global",10.30837086916,390,TRUE
"ACTTACTCAGCTGGCT-400.2.1","Monocle3","global",5.56855709933392,325,TRUE
"ACTTGTTCAAGGGTCA-400.2.1","Monocle3","global",11.2072046700459,420,TRUE
"ACTTTCACAGGCGATA-400.2.1","Monocle3","global",4.77354682891222,310,TRUE
"AGAGCTTTCCGTCATC-400.2.1","Monocle3","global",5.9633144027209,265,TRUE
"AGAGCTTTCTTGACGA-400.2.1","Monocle3","global",4.94752934292031,275,TRUE
"AGAGTGGCAGGCAGTA-400.2.1","Monocle3","global",7.72102220651428,380,TRUE
"AGATCTGGTATAGGTA-400.2.1","Monocle3","global",5.68630994408312,230,TRUE
"AGATTGCCAAGCGATG-400.2.1","Monocle3","global",6.83427852186171,270,TRUE
"AGCGGTCTCAAGATCC-400.2.1","Monocle3","global",7.88345340568357,360,TRUE
"AGCGTATTCGGATGGA-400.2.1","Monocle3","global",6.14280783558493,295,TRUE
"AGCGTATTCTCCCTGA-400.2.1","Monocle3","global",7.13005512264485,405,TRUE
"AGCTCCTGTAACGTTC-400.2.1","Monocle3","global",7.34700594115682,350,TRUE
"AGCTCTCAGATCCCAT-400.2.1","Monocle3","global",3.36180374592582,280,TRUE
"AGCTCTCGTATCACCA-400.2.1","Monocle3","global",7.5193648273746,385,TRUE
"AGCTTGACAGTCCTTC-400.2.1","Monocle3","global",10.0274027547118,410,TRUE
"AGCTTGACATCCTAGA-400.2.1","Monocle3","global",3.63519528941232,270,TRUE
"AGCTTGAGTACTCTCC-400.2.1","Monocle3","global",9.71747824315906,320,TRUE
"AGCTTGATCGCGGATC-400.2.1","Monocle3","global",10.9543860051553,360,TRUE
"AGGCCACCACACATGT-400.2.1","Monocle3","global",7.86160520756929,380,TRUE
"AGGCCGTGTAATTGGA-400.2.1","Monocle3","global",8.07311745991726,390,TRUE
"AGGCCGTGTTTGTGTG-400.2.1","Monocle3","global",6.18940102524587,320,TRUE
"AGGGAGTAGAATTGTG-400.2.1","Monocle3","global",8.27725561471447,380,TRUE
"AGGGTGATCGCCGTGA-400.2.1","Monocle3","global",4.97319317176597,270,TRUE
"AGGTCATAGACGCAAC-400.2.1","Monocle3","global",11.701774621589,390,TRUE
"AGGTCCGCATCGGTTA-400.2.1","Monocle3","global",4.71887087242693,260,TRUE
"AGTAGTCAGAGTAAGG-400.2.1","Monocle3","global",9.69235053382379,300,TRUE
"AGTAGTCCACTTAAGC-400.2.1","Monocle3","global",8.31209454196244,350,TRUE
"AGTCTTTGTGAGTGAC-400.2.1","Monocle3","global",4.76603014974355,320,TRUE
"AGTGAGGAGGTGTGGT-400.2.1","Monocle3","global",10.7827723808057,385,TRUE
"AGTGGGACAGCTGTTA-400.2.1","Monocle3","global",9.42845317344361,385,TRUE
"AGTGGGAGTTGTTTGG-400.2.1","Monocle3","global",7.44859877157067,290,TRUE
"AGTGGGATCATCTGTT-400.2.1","Monocle3","global",8.14557772018422,340,TRUE
"AGTGTCAAGCGATTCT-400.2.1","Monocle3","global",6.11300361906,265,TRUE
"AGTGTCAAGGCGATAC-400.2.1","Monocle3","global",19.97624844964,670,TRUE
"AGTGTCAGTCTTGCGG-400.2.1","Monocle3","global",1.92731880235386,200,TRUE
"ATCATCTAGCCAACAG-400.2.1","Monocle3","global",6.48074011393074,350,TRUE
"ATCATCTGTCGTCTTC-400.2.1","Monocle3","global",4.04320285867828,300,TRUE
"ATCCACCAGTAGATGT-400.2.1","Monocle3","global",5.25602354828205,300,TRUE
"ATCCACCAGTGGTAGC-400.2.1","Monocle3","global",2.99322050167151,280,TRUE
"ATCGAGTTCTCCCTGA-400.2.1","Monocle3","global",7.51580771035654,350,TRUE
"ATCTACTTCGTCCAGG-400.2.1","Monocle3","global",5.41047808192309,270,TRUE
"ATGGGAGAGAGATGAG-400.2.1","Monocle3","global",8.28645449172722,390,TRUE
"ATGGGAGAGGCTATCT-400.2.1","Monocle3","global",10.3332142292488,360,TRUE
"ATGGGAGAGGGTCTCC-400.2.1","Monocle3","global",5.00745432111439,260,TRUE
"ATGTGTGGTAAACCTC-400.2.1","Monocle3","global",6.02903185397994,350,TRUE
"ATGTGTGTCTCAAACG-400.2.1","Monocle3","global",4.73631165342576,270,TRUE
"ATGTGTGTCTCTTATG-400.2.1","Monocle3","global",13.4274957127999,620,TRUE
"ATTCTACCAAGAAGAG-400.2.1","Monocle3","global",6.20639955964252,370,TRUE
"ATTCTACTCGTTGCCT-400.2.1","Monocle3","global",1.77802049853261,175,TRUE
"ATTGGACCAGGAACGT-400.2.1","Monocle3","global",5.26491217942382,295,TRUE
"ATTTCTGTCTCGATGA-400.2.1","Monocle3","global",13.8718996484032,450,TRUE
"CAACCAAAGGCATTGG-400.2.1","Monocle3","global",6.90034451712318,300,TRUE
"CAACCAATCGTGGGAA-400.2.1","Monocle3","global",5.59486902339065,285,TRUE
"CAACCTCGTGATAAAC-400.2.1","Monocle3","global",9.48234111993943,405,TRUE
"CAACTAGGTCGTGGCT-400.2.1","Monocle3","global",4.94671668102721,280,TRUE
"CAAGAAAAGTGTTAGA-400.2.1","Monocle3","global",6.7376968954193,270,TRUE
"CAAGAAAGTTACCAGT-400.2.1","Monocle3","global",7.84666821079552,390,TRUE
"CAAGAAAGTTAGGGTG-400.2.1","Monocle3","global",3.09990230427603,260,TRUE
"CAAGTTGCAGGCTGAA-400.2.1","Monocle3","global",12.1142980775288,550,TRUE
"CAAGTTGGTTGTTTGG-400.2.1","Monocle3","global",4.77426025092579,320,TRUE
"CACAAACAGTAGCCGA-400.2.1","Monocle3","global",4.68993810702002,230,TRUE
"CACAAACTCGATAGAA-400.2.1","Monocle3","global",11.4252568582197,585,TRUE
"CACACAAGTCCGAGTC-400.2.1","Monocle3","global",10.2199778194163,415,TRUE
"CACAGGCAGGCAGGTT-400.2.1","Monocle3","global",7.21651199858937,290,TRUE
"CACAGGCTCCCTCAGT-400.2.1","Monocle3","global",2.06714016090289,185,TRUE
"CACATAGTCACTTATC-400.2.1","Monocle3","global",7.78088866118987,380,TRUE
"CACATAGTCATTGCCC-400.2.1","Monocle3","global",11.0032380968794,435,TRUE
"CACATTTAGTTTAGGA-400.2.1","Monocle3","global",5.64927759067982,285,TRUE
"CACATTTCAGCCTATA-400.2.1","Monocle3","global",3.58408053298162,200,TRUE
"CACATTTGTCAGAGGT-400.2.1","Monocle3","global",8.43927687805106,385,TRUE
"CACCACTAGTACCGGA-400.2.1","Monocle3","global",12.4180050273133,700,TRUE
"CACCAGGCACGGTAGA-400.2.1","Monocle3","global",8.87128621461804,450,TRUE
"CACTCCACACCTCGGA-400.2.1","Monocle3","global",7.80082858052314,405,TRUE
"CAGAGAGAGCCAGAAC-400.2.1","Monocle3","global",3.1869835718664,215,TRUE
"CAGAGAGCACATGTGT-400.2.1","Monocle3","global",6.11035207511496,350,TRUE
"CAGAGAGTCCAAGCCG-400.2.1","Monocle3","global",8.6253900010806,410,TRUE
"CAGATCAAGAGCTTCT-400.2.1","Monocle3","global",8.48887412335207,400,TRUE
"CAGCAGCCATCACGAT-400.2.1","Monocle3","global",6.31218183680874,365,TRUE
"CAGCAGCGTGTCAATC-400.2.1","Monocle3","global",4.95709624399318,350,TRUE
"CAGCAGCGTTTGTTTC-400.2.1","Monocle3","global",11.492964986539,450,TRUE
"CAGCATACACCAGGTC-400.2.1","Monocle3","global",0.316772423458208,175,TRUE
"CAGCATAGTGCCTGGT-400.2.1","Monocle3","global",5.71052504057802,205,TRUE
"CAGCCGAGTAGGGTAC-400.2.1","Monocle3","global",1.95789188536555,230,TRUE
"CAGCCGATCTCTAAGG-400.2.1","Monocle3","global",8.22752506602613,405,TRUE
"CAGCGACTCAGCACAT-400.2.1","Monocle3","global",5.17684946026795,325,TRUE
"CAGCGACTCAGTTCGA-400.2.1","Monocle3","global",9.93016716979845,415,TRUE
"CAGCTAAAGTGCGATG-400.2.1","Monocle3","global",1.90616960540574,190,TRUE
"CAGCTGGCACCATGTA-400.2.1","Monocle3","global",11.1692127921225,450,TRUE
"CAGCTGGGTTACGTCA-400.2.1","Monocle3","global",1.37977984242684,260,TRUE
"CAGCTGGTCCTCATTA-400.2.1","Monocle3","global",0.97942327498997,170,TRUE
"CAGGTGCCAAACGTGG-400.2.1","Monocle3","global",10.313312931564,385,TRUE
"CAGGTGCTCGGTCTAA-400.2.1","Monocle3","global",6.07698908547919,295,TRUE
"CAGTAACGTCGAGATG-400.2.1","Monocle3","global",6.30182827426215,320,TRUE
"CAGTCCTTCAAACCGT-400.2.1","Monocle3","global",0.777173828608985,190,TRUE
"CATATGGCATCGGTTA-400.2.1","Monocle3","global",7.77380255987417,370,TRUE
"CATATTCCACCGATAT-400.2.1","Monocle3","global",8.02023849609668,390,TRUE
"CATATTCCACGGTAAG-400.2.1","Monocle3","global",11.1941523713387,420,TRUE
"CATCAGAAGGGTATCG-400.2.1","Monocle3","global",4.64159021448221,245,TRUE
"CATCAGACAATTCCTT-400.2.1","Monocle3","global",11.3657199869248,470,TRUE
"CATCCACAGGCCGAAT-400.2.1","Monocle3","global",6.44339325190253,350,TRUE
"CATCGAAAGTTATCGC-400.2.1","Monocle3","global",12.2308816360769,425,TRUE
"CATCGGGTCAGTTGAC-400.2.1","Monocle3","global",9.10446890789655,410,TRUE
"CATGACAGTGAAAGAG-400.2.1","Monocle3","global",6.14280808163108,345,TRUE
"CATGCCTAGCGATTCT-400.2.1","Monocle3","global",11.6790674393241,390,TRUE
"CATGCCTCAGCGTCCA-400.2.1","Monocle3","global",10.4062180576325,410,TRUE
"CATGCCTGTCGAGTTT-400.2.1","Monocle3","global",13.3590644134189,640,TRUE
"CATTATCCAAATTGCC-400.2.1","Monocle3","global",11.861806606168,490,TRUE
"CATTATCCATAGACTC-400.2.1","Monocle3","global",10.2177248137072,450,TRUE
"CATTATCGTTTCCACC-400.2.1","Monocle3","global",12.9666879305437,490,TRUE
"CATTCGCAGGCATGTG-400.2.1","Monocle3","global",9.84360328316233,425,TRUE
"CATTCGCAGGTGCTAG-400.2.1","Monocle3","global",11.6695325756705,405,TRUE
"CATTCGCCAAAGTGCG-400.2.1","Monocle3","global",5.96403944220173,245,TRUE
"CATTCGCCAAGCCTAT-400.2.1","Monocle3","global",6.73400245982584,290,TRUE
"CATTCGCCAGAGTGTG-400.2.1","Monocle3","global",6.61285372709558,295,TRUE
"CCACCTACAATCCGAT-400.2.1","Monocle3","global",13.5357028544415,450,TRUE
"CCACGGAGTGTGCGTC-400.2.1","Monocle3","global",7.77379674931816,380,TRUE
"CCACTACCACAGCGTC-400.2.1","Monocle3","global",1.04904131277191,190,TRUE
"CCACTACTCACATACG-400.2.1","Monocle3","global",1.10478822504731,170,TRUE
"CCAGCGACATTGGCGC-400.2.1","Monocle3","global",6.07700647856208,260,TRUE
"CCAGCGATCGGAATCT-400.2.1","Monocle3","global",0.316772669504352,190,TRUE
"CCAGCGATCTCTTGAT-400.2.1","Monocle3","global",6.78228963487705,345,TRUE
"CCATGTCCAGGGAGAG-400.2.1","Monocle3","global",6.67248687681152,290,TRUE
"CCATGTCGTCAAACTC-400.2.1","Monocle3","global",10.2502699181676,550,TRUE
"CCATTCGAGCCGATTT-400.2.1","Monocle3","global",7.53146039432966,350,TRUE
"CCATTCGGTGCTGTAT-400.2.1","Monocle3","global",2.34155350970084,200,TRUE
"CCCAATCTCGTACGGC-400.2.1","Monocle3","global",7.96244973124256,365,TRUE
"CCCAGTTAGACTTGAA-400.2.1","Monocle3","global",4.1870771035323,300,TRUE
"CCGGGATTCACTTACT-400.2.1","Monocle3","global",4.49052362952496,225,TRUE
"CCGGTAGCACAGACTT-400.2.1","Monocle3","global",19.0319568993054,500,TRUE
"CCGGTAGGTGAGGCTA-400.2.1","Monocle3","global",2.68487497302802,170,TRUE
"CCGTACTAGAGAACAG-400.2.1","Monocle3","global",4.94611655551895,265,TRUE
"CCGTACTAGTTCGATC-400.2.1","Monocle3","global",7.20191360227162,360,TRUE
"CCGTACTTCTATCCCG-400.2.1","Monocle3","global",8.45658830443804,385,TRUE
"CCGTGGAGTATCTGCA-400.2.1","Monocle3","global",7.91675230937724,380,TRUE
"CCGTTCAGTTCCGTCT-400.2.1","Monocle3","global",4.97030080915493,270,TRUE
"CCTACACCATTGCGGC-400.2.1","Monocle3","global",0.683703204743718,180,TRUE
"CCTACACGTTCATGGT-400.2.1","Monocle3","global",4.77429476807766,300,TRUE
"CCTACACTCGCACTCT-400.2.1","Monocle3","global",11.1865771512181,425,TRUE
"CCTACACTCTTGTCAT-400.2.1","Monocle3","global",7.72745676096866,380,TRUE
"CCTACCAGTACGAAAT-400.2.1","Monocle3","global",3.08809835889153,275,TRUE
"CCTACCATCTAACTGG-400.2.1","Monocle3","global",3.06961283859189,265,TRUE
"CCTATTATCTCTTGAT-400.2.1","Monocle3","global",1.51727905534147,190,TRUE
"CCTCAGTAGCAGCCTC-400.2.1","Monocle3","global",0.641405377745744,175,TRUE
"CCTCAGTAGTGCGTGA-400.2.1","Monocle3","global",6.61891968479783,260,TRUE
"CCTCAGTTCAGGCAAG-400.2.1","Monocle3","global",0.110073050776648,180,TRUE
"CCTTCCCGTGGCCCTA-400.2.1","Monocle3","global",5.64764807180331,300,TRUE
"CCTTCGACATAGGATA-400.2.1","Monocle3","global",1.85061504876954,190,TRUE
"CCTTCGAGTATGCTTG-400.2.1","Monocle3","global",7.28634639235722,380,TRUE
"CGAACATGTAGCGTGA-400.2.1","Monocle3","global",6.21483709826843,320,TRUE
"CGAACATTCTCAAGTG-400.2.1","Monocle3","global",10.2250894090385,405,TRUE
"CGACTTCAGTAGATGT-400.2.1","Monocle3","global",13.3708051194293,550,TRUE
"CGACTTCAGTCGCCGT-400.2.1","Monocle3","global",4.60200955913273,230,TRUE
"CGAGAAGTCCGCAAGC-400.2.1","Monocle3","global",5.71052528662416,260,TRUE
"CGAGCACGTACAGTTC-400.2.1","Monocle3","global",6.80461712764711,245,TRUE
"CGAGCACTCCTAGAAC-400.2.1","Monocle3","global",10.0447616673495,380,TRUE
"CGAGCCAAGGTCATCT-400.2.1","Monocle3","global",2.35625505936462,170,TRUE
"CGATCGGGTGCTTCTC-400.2.1","Monocle3","global",4.99532574137764,300,TRUE
"CGATGGCAGATCCGAG-400.2.1","Monocle3","global",1.32949899169298,195,TRUE
"CGATGGCAGGTGATTA-400.2.1","Monocle3","global",6.29054687630703,350,TRUE
"CGATGTACAAGTTAAG-400.2.1","Monocle3","global",10.2275621280587,450,TRUE
"CGATGTAGTATGAAAC-400.2.1","Monocle3","global",3.20659759918664,245,TRUE
"CGATGTATCAAGGCTT-400.2.1","Monocle3","global",2.85129121709841,260,TRUE
"CGATGTATCTTTCCTC-400.2.1","Monocle3","global",6.66054729621861,270,TRUE
"CGCGTTTGTCACACGC-400.2.1","Monocle3","global",8.31209478800859,385,TRUE
"CGCGTTTTCACCTCGT-400.2.1","Monocle3","global",5.42617633764738,260,TRUE
"CGGACACCAATAGAGT-400.2.1","Monocle3","global",10.2000615610675,425,TRUE
"CGGACGTAGGTGATTA-400.2.1","Monocle3","global",5.15494393637523,260,TRUE
"CGGACTGAGACGCTTT-400.2.1","Monocle3","global",8.4541863425024,400,TRUE
"CGGACTGTCTGGTGTA-400.2.1","Monocle3","global",11.3094226782248,450,TRUE
"CGGAGTCAGTCAAGGC-400.2.1","Monocle3","global",6.61285397314172,300,TRUE
"CGGAGTCCACACATGT-400.2.1","Monocle3","global",1.9310615170252,230,TRUE
"CGGCTAGCAGCTGTTA-400.2.1","Monocle3","global",7.27391107512174,380,TRUE
"CGGGTCACATCGATTG-400.2.1","Monocle3","global",12.7273919395735,530,TRUE
"CGTAGCGTCATTATCC-400.2.1","Monocle3","global",8.95078117371054,450,TRUE
"CGTCACTAGTGACTCT-400.2.1","Monocle3","global",10.328763732873,435,TRUE
"CGTCTACCACGAAGCA-400.2.1","Monocle3","global",9.74705432461493,390,TRUE
"CGTGTAACAAGCGTAG-400.2.1","Monocle3","global",7.86775567349008,350,TRUE
"CGTTCTGAGACTAAGT-400.2.1","Monocle3","global",5.93417789868666,345,TRUE
"CGTTCTGCACCAGATT-400.2.1","Monocle3","global",5.7105255326703,310,TRUE
"CTAACTTAGGATCGCA-400.2.1","Monocle3","global",11.1820852933454,415,TRUE
"CTAAGACGTAGGCTGA-400.2.1","Monocle3","global",10.3641340066643,360,TRUE
"CTAATGGCATTTGCTT-400.2.1","Monocle3","global",4.42376037413225,230,TRUE
"CTACACCAGCTGCGAA-400.2.1","Monocle3","global",4.78696024579994,320,TRUE
"CTACATTTCAGAGACG-400.2.1","Monocle3","global",4.92865414595887,300,TRUE
"CTACCCAAGCCACTAT-400.2.1","Monocle3","global",7.20191384831777,350,TRUE
"CTACCCAAGCCCAGCT-400.2.1","Monocle3","global",4.57037899565801,260,TRUE
"CTACCCACAGGTCGTC-400.2.1","Monocle3","global",7.47650976001726,320,TRUE
"CTACCCATCTTCTGGC-400.2.1","Monocle3","global",7.74122889996054,360,TRUE
"CTACGTCGTACGCACC-400.2.1","Monocle3","global",9.10269000931942,350,TRUE
"CTACGTCGTAGGACAC-400.2.1","Monocle3","global",5.43432441793217,320,TRUE
"CTACGTCGTATGAAAC-400.2.1","Monocle3","global",5.13784928734519,200,TRUE
"CTAGAGTAGAGGTAGA-400.2.1","Monocle3","global",7.20191409436391,350,TRUE
"CTAGCCTTCTGCAAGT-400.2.1","Monocle3","global",6.90791370596795,290,TRUE
"CTCAGAAAGACATAAC-400.2.1","Monocle3","global",7.20191434041006,370,TRUE
"CTCAGAAGTTACGGAG-400.2.1","Monocle3","global",11.4396944078389,550,TRUE
"CTCCTAGTCGGCTTGG-400.2.1","Monocle3","global",6.21847879085488,350,TRUE
"CTCCTAGTCTTGTTTG-400.2.1","Monocle3","global",8.90363771795991,415,TRUE
"CTCGAAACAAGGTGTG-400.2.1","Monocle3","global",5.66295223377615,310,TRUE
"CTCGAAACAGCCAGAA-400.2.1","Monocle3","global",8.07784065099836,380,TRUE
"CTCGAAAGTTCGCGAC-400.2.1","Monocle3","global",9.10728375577104,470,TRUE
"CTCGAGGCATTCGACA-400.2.1","Monocle3","global",6.29536963445271,350,TRUE
"CTCGGAGAGTTCGCAT-400.2.1","Monocle3","global",4.03096190823453,230,TRUE
"CTCGGAGGTCCGAATT-400.2.1","Monocle3","global",7.2936127522756,310,TRUE
"CTCGGAGTCAACCAAC-400.2.1","Monocle3","global",10.9992737847626,405,TRUE
"CTCGTACAGCGACGTA-400.2.1","Monocle3","global",6.76570544778919,350,TRUE
"CTCGTCAGTATAGGTA-400.2.1","Monocle3","global",6.29389038229226,260,TRUE
"CTCGTCATCATGTCCC-400.2.1","Monocle3","global",8.27725586076061,390,TRUE
"CTCTACGCATGTAAGA-400.2.1","Monocle3","global",5.19453687232663,320,TRUE
"CTCTGGTCACCGTTGG-400.2.1","Monocle3","global",1.98982242793366,190,TRUE
"CTCTGGTGTTCAGGCC-400.2.1","Monocle3","global",4.95135692785768,300,TRUE
"CTCTGGTGTTCGCTAA-400.2.1","Monocle3","global",8.27725610680676,380,TRUE
"CTGAAACTCACCCTCA-400.2.1","Monocle3","global",6.12974324721943,350,TRUE
"CTGATAGTCTGTGCAA-400.2.1","Monocle3","global",10.027403000758,440,TRUE
"CTGATCCCAAGGTTTC-400.2.1","Monocle3","global",6.04524489710304,320,TRUE
"CTGCCTAGTAGAAAGG-400.2.1","Monocle3","global",4.87376691613177,260,TRUE
"CTGCCTAGTATCTGCA-400.2.1","Monocle3","global",0.178890240375788,170,TRUE
"CTGCGGATCGTGGTCG-400.2.1","Monocle3","global",5.94632777950187,260,TRUE
"CTGCTGTAGCTAGTGG-400.2.1","Monocle3","global",8.53013550806668,390,TRUE
"CTGCTGTCATGGTCAT-400.2.1","Monocle3","global",6.83963387412434,265,TRUE
"CTGCTGTGTCACAAGG-400.2.1","Monocle3","global",18.2614179295204,400,TRUE
"CTGGTCTAGCCACTAT-400.2.1","Monocle3","global",2.72651348436608,210,TRUE
"CTGGTCTAGCTAGCCC-400.2.1","Monocle3","global",8.78331504123705,450,TRUE
"CTGGTCTCATGCCCGA-400.2.1","Monocle3","global",8.07532231928894,360,TRUE
"CTGGTCTCATTGCGGC-400.2.1","Monocle3","global",7.56539094158397,405,TRUE
"CTGTGCTTCTCCAACC-400.2.1","Monocle3","global",8.50542268877229,410,TRUE
"CTGTTTAGTCCGTCAG-400.2.1","Monocle3","global",5.58530114361545,275,TRUE
"CTGTTTATCCCATTTA-400.2.1","Monocle3","global",6.20639980568866,350,TRUE
"CTTACCGAGCCAGGAT-400.2.1","Monocle3","global",3.75759837688006,200,TRUE
"CTTACCGCAGACGCTC-400.2.1","Monocle3","global",7.41978813049721,295,TRUE
"CTTCTCTCAGAGCCAA-400.2.1","Monocle3","global",6.4207728155039,260,TRUE
"CTTCTCTCATAACCTG-400.2.1","Monocle3","global",10.2625651879272,415,TRUE
"GAAACTCCAGGGCATA-400.2.1","Monocle3","global",12.6162379907343,450,TRUE
"GAAACTCGTGGCTCCA-400.2.1","Monocle3","global",14.0989590228959,620,TRUE
"GAAATGAAGACGCAAC-400.2.1","Monocle3","global",8.21118107533845,405,TRUE
"GAAATGACAATCTGCA-400.2.1","Monocle3","global",4.89394367034898,225,TRUE
"GAACATCAGGCCCTCA-400.2.1","Monocle3","global",10.7162311150458,450,TRUE
"GAACATCCAATCACAC-400.2.1","Monocle3","global",6.64830489434549,270,TRUE
"GAACATCGTCCGACGT-400.2.1","Monocle3","global",6.89757997975375,245,TRUE
"GAACGGACACATGACT-400.2.1","Monocle3","global",6.77156733339218,390,TRUE
"GAAGCAGAGTGAACAT-400.2.1","Monocle3","global",10.4085278275218,380,TRUE
"GAAGCAGGTGACCAAG-400.2.1","Monocle3","global",5.17114349608797,230,TRUE
"GAATAAGCAACACGCC-400.2.1","Monocle3","global",4.5564757442173,260,TRUE
"GAATGAAAGTGTCCCG-400.2.1","Monocle3","global",11.110300081215,425,TRUE
"GAATGAATCTGCGGCA-400.2.1","Monocle3","global",4.95544310065067,300,TRUE
"GACAGAGCAGATTGCT-400.2.1","Monocle3","global",2.81726820562628,220,TRUE
"GACGCGTCACGCATCG-400.2.1","Monocle3","global",8.62785811107038,365,TRUE
"GACGTGCGTCCGCTGA-400.2.1","Monocle3","global",4.99301250472841,320,TRUE
"GACTAACCAATGTTGC-400.2.1","Monocle3","global",2.68659137490697,170,TRUE
"GACTAACGTATAGGGC-400.2.1","Monocle3","global",6.94478595209826,345,TRUE
"GACTACACAGATCCAT-400.2.1","Monocle3","global",11.3864836372843,405,TRUE
"GAGGTGACACAACTGT-400.2.1","Monocle3","global",0.707741541807022,200,TRUE
"GAGTCCGTCTGCTGTC-400.2.1","Monocle3","global",12.7259619799045,550,TRUE
"GATCAGTAGGCGATAC-400.2.1","Monocle3","global",6.71194989022511,265,TRUE
"GATCAGTTCCAGGGCT-400.2.1","Monocle3","global",8.47606017353308,410,TRUE
"GATCGCGAGTACGCGA-400.2.1","Monocle3","global",7.82146237202663,405,TRUE
"GATCGTACAAGCCGTC-400.2.1","Monocle3","global",10.1471097746675,450,TRUE
"GATCTAGGTTGTTTGG-400.2.1","Monocle3","global",9.12295692003707,380,TRUE
"GATGAAAAGGGATGGG-400.2.1","Monocle3","global",11.6262531362736,470,TRUE
"GATGAAAAGTGTTAGA-400.2.1","Monocle3","global",12.7503401395101,550,TRUE
"GATGAGGAGCTAGTTC-400.2.1","Monocle3","global",4.65968969774394,300,TRUE
"GATGAGGCACGGCTAC-400.2.1","Monocle3","global",5.85771461600581,260,TRUE
"GATGCTAGTTGTACAC-400.2.1","Monocle3","global",5.43431574527121,260,TRUE
"GCAAACTAGAAACCTA-400.2.1","Monocle3","global",7.08001637429026,230,TRUE
"GCAAACTAGATGCCAG-400.2.1","Monocle3","global",11.210838698465,400,TRUE
"GCAATCAAGATCACGG-400.2.1","Monocle3","global",6.61285421918787,260,TRUE
"GCAATCAAGCTAGCCC-400.2.1","Monocle3","global",6.2064000517348,360,TRUE
"GCAATCATCATGCTCC-400.2.1","Monocle3","global",13.5368585619343,450,TRUE
"GCACATAAGGGTGTGT-400.2.1","Monocle3","global",8.78900620544685,450,TRUE
"GCACTCTGTCACCTAA-400.2.1","Monocle3","global",6.81367132873132,365,TRUE
"GCAGTTACAATCTGCA-400.2.1","Monocle3","global",8.9533214003517,420,TRUE
"GCATACATCACATACG-400.2.1","Monocle3","global",13.8183009908864,620,TRUE
"GCATGCGTCGCCAGCA-400.2.1","Monocle3","global",1.2443098176218,260,TRUE
"GCCAAATAGGCTAGAC-400.2.1","Monocle3","global",4.71521322650818,270,TRUE
"GCGACCATCAGAGGTG-400.2.1","Monocle3","global",5.03523630315361,310,TRUE
"GCGAGAAAGAATGTTG-400.2.1","Monocle3","global",4.52514157902138,225,TRUE
"GCGAGAACAGCTGTTA-400.2.1","Monocle3","global",10.9318890597089,350,TRUE
"GCGAGAATCCGTACAA-400.2.1","Monocle3","global",5.55650513130341,290,TRUE
"GCGCCAACATTAACCG-400.2.1","Monocle3","global",5.80945532710236,260,TRUE
"GCTCCTAAGGATGCGT-400.2.1","Monocle3","global",18.3929230679095,430,TRUE
"GCTCCTAAGGCTACGA-400.2.1","Monocle3","global",1.94231408861206,200,TRUE
"GCTCCTAGTAAGGGAA-400.2.1","Monocle3","global",4.77406798150329,280,TRUE
"GCTCCTAGTCGCATAT-400.2.1","Monocle3","global",10.4688177693753,350,TRUE
"GCTCCTATCAGCGACC-400.2.1","Monocle3","global",8.2772563528529,380,TRUE
"GCTCTGTTCAGCTCTC-400.2.1","Monocle3","global",5.71052577871645,260,TRUE
"GCTCTGTTCTGCGACG-400.2.1","Monocle3","global",8.33688827837539,410,TRUE
"GCTGCAGAGTACGACG-400.2.1","Monocle3","global",6.95206863027357,390,TRUE
"GCTGCGATCTTACCTA-400.2.1","Monocle3","global",11.7843598391436,380,TRUE
"GCTGGGTCATCGGGTC-400.2.1","Monocle3","global",6.77169293097301,260,TRUE
"GCTGGGTGTTAGGGTG-400.2.1","Monocle3","global",1.05534153788069,190,TRUE
"GCTGGGTTCTGATACG-400.2.1","Monocle3","global",12.7272356536083,550,TRUE
"GGAAAGCGTCACTTCC-400.2.1","Monocle3","global",8.21268005345796,350,TRUE
"GGAAAGCGTCGCATCG-400.2.1","Monocle3","global",0.145707777813618,210,TRUE
"GGAACTTAGTGCAAGC-400.2.1","Monocle3","global",9.74218619791414,320,TRUE
"GGAACTTGTTCAGGCC-400.2.1","Monocle3","global",6.45102524604699,345,TRUE
"GGAACTTTCGACCAGC-400.2.1","Monocle3","global",6.43917941932038,325,TRUE
"GGAATAACATTGCGGC-400.2.1","Monocle3","global",6.25412092997424,300,TRUE
"GGACAAGAGTAGTGCG-400.2.1","Monocle3","global",9.92425180406091,385,TRUE
"GGACAAGTCTTCATGT-400.2.1","Monocle3","global",3.05170454353156,260,TRUE
"GGACAGAAGAGGTAGA-400.2.1","Monocle3","global",5.92654942546409,230,TRUE
"GGACAGAAGTGGACGT-400.2.1","Monocle3","global",5.00895401758714,230,TRUE
"GGACATTTCTCGGACG-400.2.1","Monocle3","global",3.12969166983768,265,TRUE
"GGACGTCAGACATAAC-400.2.1","Monocle3","global",8.25122899777122,365,TRUE
"GGAGCAATCAGCTTAG-400.2.1","Monocle3","global",12.6763111376402,550,TRUE
"GGATTACAGTAGATGT-400.2.1","Monocle3","global",1.82221999969379,260,TRUE
"GGATTACGTATGAATG-400.2.1","Monocle3","global",9.26424735027142,400,TRUE
"GGCAATTGTACGCTGC-400.2.1","Monocle3","global",0.274868665124877,175,TRUE
"GGCCGATTCAGAGACG-400.2.1","Monocle3","global",5.14666449792583,345,TRUE
"GGCCGATTCGAATCCA-400.2.1","Monocle3","global",10.3896446566506,350,TRUE
"GGCGACTAGAACAACT-400.2.1","Monocle3","global",6.03421279630877,380,TRUE
"GGCGACTTCTGAAAGA-400.2.1","Monocle3","global",8.17027179164987,415,TRUE
"GGCTCGATCTCAACTT-400.2.1","Monocle3","global",8.89813328994856,380,TRUE
"GGCTGGTCATCGATGT-400.2.1","Monocle3","global",14.3917433867039,530,TRUE
"GGGAATGCAGACAAGC-400.2.1","Monocle3","global",7.81660344331938,340,TRUE
"GGGAGATGTCCAGTGC-400.2.1","Monocle3","global",6.10745046040017,220,TRUE
"GGGCATCAGGTGATAT-400.2.1","Monocle3","global",8.27725659889904,365,TRUE
"GGGTCTGCACATGACT-400.2.1","Monocle3","global",7.2019145864562,365,TRUE
"GGGTCTGTCTGGCGAC-400.2.1","Monocle3","global",6.24020912306085,355,TRUE
"GGGTTGCAGCGATTCT-400.2.1","Monocle3","global",2.78653856427264,170,TRUE
"GGTATTGAGATCCGAG-400.2.1","Monocle3","global",5.2664664286408,200,TRUE
"GGTATTGCAGTTTACG-400.2.1","Monocle3","global",1.06436194301679,190,TRUE
"GGTATTGGTCTTGATG-400.2.1","Monocle3","global",10.4132647198796,385,TRUE
"GGTGAAGCACGGACAA-400.2.1","Monocle3","global",5.96352779594444,350,TRUE
"GGTGCGTAGCTTCGCG-400.2.1","Monocle3","global",4.18707734957844,300,TRUE
"GTAACGTCATTCTCAT-400.2.1","Monocle3","global",12.7436894180669,550,TRUE
"GTAACTGCACAGACAG-400.2.1","Monocle3","global",4.98758609065911,245,TRUE
"GTAACTGGTTTGACTG-400.2.1","Monocle3","global",5.45869001048797,340,TRUE
"GTACTCCGTAGCGTCC-400.2.1","Monocle3","global",3.04683466439895,290,TRUE
"GTACTCCGTCAGGACA-400.2.1","Monocle3","global",7.80965058807489,415,TRUE
"GTAGGCCAGGGAACGG-400.2.1","Monocle3","global",12.7876598224669,550,TRUE
"GTATCTTAGGAGCGAG-400.2.1","Monocle3","global",8.27725684494519,370,TRUE
"GTATCTTGTGGTCCGT-400.2.1","Monocle3","global",10.9020119199749,360,TRUE
"GTCAAGTCAAAGCAAT-400.2.1","Monocle3","global",6.16145097458872,335,TRUE
"GTCCTCACACGCGAAA-400.2.1","Monocle3","global",5.91327792843457,175,TRUE
"GTCGGGTAGAATGTTG-400.2.1","Monocle3","global",6.08917758290943,270,TRUE
"GTCGGGTTCTTGCCGT-400.2.1","Monocle3","global",7.75100516864665,350,TRUE
"GTCTTCGTCTGACCTC-400.2.1","Monocle3","global",1.89279201241061,260,TRUE
"GTGAAGGAGTTAAGTG-400.2.1","Monocle3","global",0.968607169318565,200,TRUE
"GTGCAGCTCGGCATCG-400.2.1","Monocle3","global",3.42193535879303,300,TRUE
"GTGCAGCTCGTTTGCC-400.2.1","Monocle3","global",5.46436245106948,285,TRUE
"GTGCATAAGAACAACT-400.2.1","Monocle3","global",4.16324081255322,220,TRUE
"GTGCGGTAGTGGGTTG-400.2.1","Monocle3","global",1.91648078106393,190,TRUE
"GTGGGTCAGATCTGAA-400.2.1","Monocle3","global",6.2070642491359,310,TRUE
"GTGGGTCCACAGATTC-400.2.1","Monocle3","global",8.31209503405473,360,TRUE
"GTGGGTCCATAGGATA-400.2.1","Monocle3","global",8.2105103986673,360,TRUE
"GTGTGCGAGATCTGAA-400.2.1","Monocle3","global",7.88233221832841,375,TRUE
"GTGTTAGTCTTGTTTG-400.2.1","Monocle3","global",5.88990884316857,260,TRUE
"GTTACAGGTCGTTGTA-400.2.1","Monocle3","global",4.77502699393993,300,TRUE
"GTTCTCGAGGTACTCT-400.2.1","Monocle3","global",6.97781487474001,270,TRUE
"TAAACCGTCGTCTGCT-400.2.1","Monocle3","global",12.5472714506485,550,TRUE
"TAAGAGACACGAAAGC-400.2.1","Monocle3","global",8.89713300989839,390,TRUE
"TAAGCGTCAGCTCGCA-400.2.1","Monocle3","global",11.1615326106865,415,TRUE
"TAAGCGTGTGCACGAA-400.2.1","Monocle3","global",4.23207227465856,300,TRUE
"TAAGTGCAGATGTAAC-400.2.1","Monocle3","global",5.8595152070619,330,TRUE
"TACACGACAATGAATG-400.2.1","Monocle3","global",8.27725709099133,365,TRUE
"TACACGATCAAGATCC-400.2.1","Monocle3","global",4.77387071531818,285,TRUE
"TACAGTGAGCAAATCA-400.2.1","Monocle3","global",12.0523410586588,390,TRUE
"TACCTATCATTCACTT-400.2.1","Monocle3","global",19.2041517307174,520,TRUE
"TACCTATGTGTTTGGT-400.2.1","Monocle3","global",9.07860711458904,450,TRUE
"TACCTATGTTACTGAC-400.2.1","Monocle3","global",6.10745070644631,260,TRUE
"TACCTTATCTGTCTCG-400.2.1","Monocle3","global",4.5382242511162,270,TRUE
"TACGGTAGTTCAGACT-400.2.1","Monocle3","global",9.11513029039759,380,TRUE
"TACTCATAGGCCATAG-400.2.1","Monocle3","global",5.69020778648709,245,TRUE
"TACTCATGTGTGACCC-400.2.1","Monocle3","global",3.04403895185127,230,TRUE
"TACTCATTCGGAAACG-400.2.1","Monocle3","global",10.7176518182423,450,TRUE
"TACTTACAGTAGCCGA-400.2.1","Monocle3","global",4.03096215428067,260,TRUE
"TACTTGTAGACAAGCC-400.2.1","Monocle3","global",5.71052602476259,260,TRUE
"TACTTGTCACACATGT-400.2.1","Monocle3","global",19.1350704181101,620,TRUE
"TACTTGTCAGACAAAT-400.2.1","Monocle3","global",6.76570569383533,300,TRUE
"TAGCCGGTCGGCATCG-400.2.1","Monocle3","global",10.7282826994924,425,TRUE
"TAGGCATAGGCTCAGA-400.2.1","Monocle3","global",4.20902361288875,350,TRUE
"TAGGCATGTAGAGCTG-400.2.1","Monocle3","global",10.697174419553,425,TRUE
"TATCAGGTCAACCATG-400.2.1","Monocle3","global",4.18707759562459,270,TRUE
"TATCTCAGTGATGCCC-400.2.1","Monocle3","global",6.78031626277761,300,TRUE
"TCAACGAAGGCACATG-400.2.1","Monocle3","global",8.50201707747317,390,TRUE
"TCACAAGGTCACTGGC-400.2.1","Monocle3","global",5.57732322575677,300,TRUE
"TCACGAAAGATCTGCT-400.2.1","Monocle3","global",6.73041545150728,280,TRUE
"TCAGATGAGAATTCCC-400.2.1","Monocle3","global",6.99764960525655,385,TRUE
"TCAGCTCTCCACGTTC-400.2.1","Monocle3","global",6.87571134578662,360,TRUE
"TCAGGATTCGCTGATA-400.2.1","Monocle3","global",6.43117467280783,330,TRUE
"TCATTACAGTACGCGA-400.2.1","Monocle3","global",8.23524868819525,370,TRUE
"TCATTACCACCATCCT-400.2.1","Monocle3","global",9.96153330517702,620,TRUE
"TCATTTGAGATCGGGT-400.2.1","Monocle3","global",6.61285446523401,265,TRUE
"TCATTTGCAGGCAGTA-400.2.1","Monocle3","global",6.96940973259188,245,TRUE
"TCATTTGGTAGTGAAT-400.2.1","Monocle3","global",6.56523178405539,260,TRUE
"TCATTTGTCCGCGTTT-400.2.1","Monocle3","global",6.20640029778095,350,TRUE
"TCCACACCAAAGTGCG-400.2.1","Monocle3","global",2.74432944576042,260,TRUE
"TCCACACGTGAAATCA-400.2.1","Monocle3","global",9.99863000234622,380,TRUE
"TCGAGGCGTGCCTGTG-400.2.1","Monocle3","global",11.9193948942324,420,TRUE
"TCGAGGCTCAGCTCGG-400.2.1","Monocle3","global",6.99764985130269,390,TRUE
"TCGCGTTAGTTACCCA-400.2.1","Monocle3","global",1.90163414342991,220,TRUE
"TCGCGTTGTCCCGACA-400.2.1","Monocle3","global",5.08928084917009,245,TRUE
"TCGGGACAGTCGTACT-400.2.1","Monocle3","global",2.3834061968367,215,TRUE
"TCGGGACCAATCCGAT-400.2.1","Monocle3","global",5.32906307061311,375,TRUE
"TCGGGACCATTCTTAC-400.2.1","Monocle3","global",6.09202574907369,240,TRUE
"TCGGGACGTTTGGCGC-400.2.1","Monocle3","global",5.07106669793295,245,TRUE
"TCGTAGACAAAGGCGT-400.2.1","Monocle3","global",12.5492137636758,510,TRUE
"TCTATTGGTCTAGCCG-400.2.1","Monocle3","global",10.9741224469589,360,TRUE
"TCTCTAAAGGGTCGAT-400.2.1","Monocle3","global",8.27725733703747,345,TRUE
"TCTCTAAGTCGACTGC-400.2.1","Monocle3","global",8.31000964187601,410,TRUE
"TCTGAGAAGGGAACGG-400.2.1","Monocle3","global",6.09651502507156,300,TRUE
"TCTGGAAAGAGTCGGT-400.2.1","Monocle3","global",6.76570593988148,360,TRUE
"TCTGGAAGTGTTTGTG-400.2.1","Monocle3","global",3.00057612207064,330,TRUE
"TCTTCGGAGAGGACGG-400.2.1","Monocle3","global",8.0472410330923,380,TRUE
"TCTTTCCAGATATGCA-400.2.1","Monocle3","global",5.8108680553617,275,TRUE
"TCTTTCCAGGTGTGGT-400.2.1","Monocle3","global",9.63216938044949,320,TRUE
"TCTTTCCCAAATACAG-400.2.1","Monocle3","global",10.7349277847645,450,TRUE
"TGACTAGGTTCACCTC-400.2.1","Monocle3","global",5.02418130939064,290,TRUE
"TGACTTTTCTATCCCG-400.2.1","Monocle3","global",6.78671614735026,345,TRUE
"TGAGCATTCGCAAACT-400.2.1","Monocle3","global",6.82007191987806,310,TRUE
"TGAGGGAAGAAGGCCT-400.2.1","Monocle3","global",6.17029023764894,185,TRUE
"TGAGGGATCAAGATCC-400.2.1","Monocle3","global",13.2632979822318,585,TRUE
"TGCCCTAAGGATTCGG-400.2.1","Monocle3","global",7.8374969084128,385,TRUE
"TGCCCTACACATCCAA-400.2.1","Monocle3","global",7.20191483250234,370,TRUE
"TGGCCAGGTAGGGTAC-400.2.1","Monocle3","global",6.92205053209893,380,TRUE
"TGGCCAGTCGAGGTAG-400.2.1","Monocle3","global",5.22930641799496,345,TRUE
"TGGCGCAAGACATAAC-400.2.1","Monocle3","global",8.48022184742268,400,TRUE
"TGGCGCAGTGAAATCA-400.2.1","Monocle3","global",4.56667241231555,275,TRUE
"TGGCTGGCACGTAAGG-400.2.1","Monocle3","global",4.77354707495837,350,TRUE
"TGGCTGGTCGAGAGCA-400.2.1","Monocle3","global",1.01275489766795,190,TRUE
"TGGGAAGAGACACGAC-400.2.1","Monocle3","global",17.1816620240953,700,TRUE
"TGGGCGTTCAGGCCCA-400.2.1","Monocle3","global",10.147982842181,425,TRUE
"TGGTTAGAGATACACA-400.2.1","Monocle3","global",6.20640054382709,350,TRUE
"TGGTTAGGTAGCCTCG-400.2.1","Monocle3","global",4.06732884158042,290,TRUE
"TGGTTCCCAGAAGCAC-400.2.1","Monocle3","global",7.78449047003481,380,TRUE
"TGGTTCCGTCGACTAT-400.2.1","Monocle3","global",6.85106792951308,270,TRUE
"TGTATTCCAGAGTGTG-400.2.1","Monocle3","global",6.61285471128015,245,TRUE
"TGTATTCGTAAACACA-400.2.1","Monocle3","global",4.95394616094304,320,TRUE
"TGTGGTAGTGAGTATA-400.2.1","Monocle3","global",11.5680700023327,520,TRUE
"TGTGTTTAGAGGTTAT-400.2.1","Monocle3","global",6.39043473412946,295,TRUE
"TGTGTTTGTGTTTGGT-400.2.1","Monocle3","global",4.61653724816609,385,TRUE
"TGTTCCGAGACTAAGT-400.2.1","Monocle3","global",4.77354732100451,350,TRUE
"TTAACTCCAGAGTGTG-400.2.1","Monocle3","global",14.1078791557115,700,TRUE
"TTAGGCATCACGACTA-400.2.1","Monocle3","global",6.12313691694569,220,TRUE
"TTAGTTCAGTAGCGGT-400.2.1","Monocle3","global",19.453240787049,640,TRUE
"TTATGCTGTCGGATCC-400.2.1","Monocle3","global",13.1569185237157,585,TRUE
"TTCGGTCTCCCTAATT-400.2.1","Monocle3","global",6.08173727176003,270,TRUE
"TTCTCCTGTGACGCCT-400.2.1","Monocle3","global",6.78650838513397,380,TRUE
"TTCTCCTGTTCACGGC-400.2.1","Monocle3","global",8.27725758308362,355,TRUE
"TTCTCCTTCCTAGAAC-400.2.1","Monocle3","global",7.53276364231699,370,TRUE
"TTCTTAGAGGCCATAG-400.2.1","Monocle3","global",7.79119869478725,405,TRUE
"TTGCCGTAGACAATAC-400.2.1","Monocle3","global",7.19077046717222,295,TRUE
"TTGGAACAGGCAATTA-400.2.1","Monocle3","global",4.00170394624196,195,TRUE
"TTGGAACGTTCACCTC-400.2.1","Monocle3","global",6.89758022579989,260,TRUE
"TTGGCAAAGATCTGAA-400.2.1","Monocle3","global",3.37121230166125,215,TRUE
"TTGGCAAAGCAAATCA-400.2.1","Monocle3","global",5.40601428458081,320,TRUE
"TTGGCAACAGACTCGC-400.2.1","Monocle3","global",7.0178564652114,300,TRUE
"TTTACTGGTAGCTCCG-400.2.1","Monocle3","global",6.84195925243215,260,TRUE
"TTTATGCGTCAGCTAT-400.2.1","Monocle3","global",13.6477199864691,435,TRUE
"TTTGGTTCATTCGACA-400.2.1","Monocle3","global",7.02774600295356,330,TRUE
"TTTGTCATCTGCGGCA-400.2.1","Monocle3","global",4.98474283254206,260,TRUE
"AAACCTGCAGATGAGC-400.2.2","Monocle3","global",6.29574993479143,260,TRUE
"AAACGGGAGCCCTAAT-400.2.2","Monocle3","global",6.20640078987324,360,TRUE
"AAACGGGCACACGCTG-400.2.2","Monocle3","global",1.04731226609674,190,TRUE
"AAACGGGTCCGAACGC-400.2.2","Monocle3","global",4.77354756705066,345,TRUE
"AAAGATGAGCCCAATT-400.2.2","Monocle3","global",12.1937345823018,450,TRUE
"AAAGATGTCATCGCTC-400.2.2","Monocle3","global",5.98029175469286,260,TRUE
"AAAGATGTCCACGCAG-400.2.2","Monocle3","global",13.9058974961445,470,TRUE
"AAAGCAATCCTCATTA-400.2.2","Monocle3","global",6.392555728913,230,TRUE
"AAAGTAGCATGGTTGT-400.2.2","Monocle3","global",1.77034084987073,175,TRUE
"AAAGTAGTCGTCTGCT-400.2.2","Monocle3","global",4.21840698459875,260,TRUE
"AAATGCCGTAGAGTGC-400.2.2","Monocle3","global",2.54306027675631,220,TRUE
"AAATGCCGTAGGGACT-400.2.2","Monocle3","global",10.1668761838375,410,TRUE
"AAATGCCTCTTACCGC-400.2.2","Monocle3","global",5.8236391279332,230,TRUE
"AACCATGAGGACGAAA-400.2.2","Monocle3","global",8.27725782912976,370,TRUE
"AACCGCGGTCGCGTGT-400.2.2","Monocle3","global",4.52571021046048,200,TRUE
"AACCGCGGTCTTTCAT-400.2.2","Monocle3","global",4.17755068893442,290,TRUE
"AACCGCGGTGTGACGA-400.2.2","Monocle3","global",5.21117800330979,350,TRUE
"AACTCCCCACCGCTAG-400.2.2","Monocle3","global",1.89047706266809,260,TRUE
"AACTCTTAGACACGAC-400.2.2","Monocle3","global",4.46035803330705,220,TRUE
"AACTCTTCAAGGTTTC-400.2.2","Monocle3","global",18.2892554738538,415,TRUE
"AACTCTTGTGTGAATA-400.2.2","Monocle3","global",10.2424401541227,425,TRUE
"AACTGGTCAAACCCAT-400.2.2","Monocle3","global",0.483024443011589,185,TRUE
"AACTGGTTCCCTGACT-400.2.2","Monocle3","global",6.260771122206,230,TRUE
"AAGGAGCCACATGACT-400.2.2","Monocle3","global",11.5275626378545,450,TRUE
"AAGGCAGAGACTGTAA-400.2.2","Monocle3","global",3.10706050357326,215,TRUE
"AAGGCAGGTCTCTCGT-400.2.2","Monocle3","global",5.52678296248634,290,TRUE
"AAGGCAGGTTAAGAAC-400.2.2","Monocle3","global",6.05388658218186,340,TRUE
"AAGGCAGTCGCAAGCC-400.2.2","Monocle3","global",6.97672415390389,260,TRUE
"AAGGTTCAGTCTTGCA-400.2.2","Monocle3","global",7.76115093639938,390,TRUE
"AAGGTTCCAGTGGGAT-400.2.2","Monocle3","global",10.2398432804794,425,TRUE
"AAGGTTCTCGTTTGCC-400.2.2","Monocle3","global",2.99322074771765,290,TRUE
"AAGTCTGCAATCGAAA-400.2.2","Monocle3","global",6.60670626419821,260,TRUE
"AAGTCTGCAGCCAATT-400.2.2","Monocle3","global",6.38065430298677,290,TRUE
"AAGTCTGGTTCCTCCA-400.2.2","Monocle3","global",9.95220836162802,400,TRUE
"AATCCAGCATTGAGCT-400.2.2","Monocle3","global",7.37467094651682,285,TRUE
"AATCGGTAGACTGTAA-400.2.2","Monocle3","global",9.11295415953481,405,TRUE
"AATCGGTCAAGGTTCT-400.2.2","Monocle3","global",3.12969191588382,260,TRUE
"ACACCAATCATACGGT-400.2.2","Monocle3","global",5.980292000739,260,TRUE
"ACACCCTAGGAATTAC-400.2.2","Monocle3","global",0.922067167878313,170,TRUE
"ACACCCTCATATGAGA-400.2.2","Monocle3","global",1.22860195413741,170,TRUE
"ACACCCTCATCTCCCA-400.2.2","Monocle3","global",12.4912920585171,510,TRUE
"ACACCGGCACTCGACG-400.2.2","Monocle3","global",4.18707784167073,275,TRUE
"ACACTGAAGAGTCGGT-400.2.2","Monocle3","global",3.69440552910023,215,TRUE
"ACAGCTACACGGCTAC-400.2.2","Monocle3","global",5.84804942199853,260,TRUE
"ACCCACTTCAATACCG-400.2.2","Monocle3","global",14.2260120557444,490,TRUE
"ACCCACTTCGCGGATC-400.2.2","Monocle3","global",6.10467624564109,285,TRUE
"ACCGTAACAAACCCAT-400.2.2","Monocle3","global",5.98816597295855,300,TRUE
"ACCGTAACACGGTTTA-400.2.2","Monocle3","global",5.98029224678515,270,TRUE
"ACCGTAAGTAATCGTC-400.2.2","Monocle3","global",4.93666928900721,300,TRUE
"ACCGTAAGTATAATGG-400.2.2","Monocle3","global",11.7694840393703,450,TRUE
"ACCGTAATCATTGCCC-400.2.2","Monocle3","global",9.9284473898633,550,TRUE
"ACGAGCCTCCGTAGGC-400.2.2","Monocle3","global",1.28702096487973,190,TRUE
"ACGAGGAAGGGTCGAT-400.2.2","Monocle3","global",1.97935030353209,220,TRUE
"ACGATACGTGAGGGTT-400.2.2","Monocle3","global",7.28490182193229,365,TRUE
"ACGATGTAGATCCCAT-400.2.2","Monocle3","global",19.1443397416041,550,TRUE
"ACGATGTCATAAGACA-400.2.2","Monocle3","global",2.3592871356122,200,TRUE
"ACGCAGCAGGAGTAGA-400.2.2","Monocle3","global",4.74080065650111,300,TRUE
"ACGCCGATCCGTACAA-400.2.2","Monocle3","global",8.2772580751759,385,TRUE
"ACGGAGACATGGTCTA-400.2.2","Monocle3","global",8.27725832122205,390,TRUE
"ACGGAGATCTCCAACC-400.2.2","Monocle3","global",6.0427032222796,330,TRUE
"ACGGAGATCTTAACCT-400.2.2","Monocle3","global",6.75106382789356,270,TRUE
"ACGGCCATCACCCTCA-400.2.2","Monocle3","global",7.52411193193054,360,TRUE
"ACTATCTTCACAGTAC-400.2.2","Monocle3","global",0.96860741536471,260,TRUE
"ACTGAACGTCATACTG-400.2.2","Monocle3","global",6.6128549573263,270,TRUE
"ACTGAACGTCTGCCAG-400.2.2","Monocle3","global",4.90676411627834,230,TRUE
"ACTGAACGTTGGTAAA-400.2.2","Monocle3","global",12.640576300789,500,TRUE
"ACTGAGTCATTCCTCG-400.2.2","Monocle3","global",6.86281035730952,270,TRUE
"ACTGTCCAGAGTACCG-400.2.2","Monocle3","global",5.98029249283129,225,TRUE
"ACTGTCCCATAGACTC-400.2.2","Monocle3","global",7.15153240021717,330,TRUE
"ACTGTCCTCGAACGGA-400.2.2","Monocle3","global",4.7735478130968,270,TRUE
"ACTTACTGTAAGCACG-400.2.2","Monocle3","global",5.64600626708251,340,TRUE
"ACTTGTTCAACTGCTA-400.2.2","Monocle3","global",8.36249065486929,360,TRUE
"ACTTGTTTCTGTTGAG-400.2.2","Monocle3","global",12.0383288785655,390,TRUE
"ACTTTCAGTGGGTATG-400.2.2","Monocle3","global",4.77354805914295,300,TRUE
"AGAGTGGGTTTCCACC-400.2.2","Monocle3","global",5.71052627080874,260,TRUE
"AGAGTGGTCATTATCC-400.2.2","Monocle3","global",3.42795168929581,260,TRUE
"AGCAGCCTCAACCAAC-400.2.2","Monocle3","global",7.94388720903612,390,TRUE
"AGCATACAGAGACTTA-400.2.2","Monocle3","global",12.7090574246883,550,TRUE
"AGCATACAGATGTGGC-400.2.2","Monocle3","global",0.729805858912953,200,TRUE
"AGCGGTCCACATGGGA-400.2.2","Monocle3","global",9.09703899756204,450,TRUE
"AGCGTATGTTCCGTCT-400.2.2","Monocle3","global",5.09275421794271,260,TRUE
"AGCTCCTGTCCGCTGA-400.2.2","Monocle3","global",7.21948436201764,320,TRUE
"AGCTCCTGTGATGTGG-400.2.2","Monocle3","global",6.0841373429215,275,TRUE
"AGCTCTCAGCATCATC-400.2.2","Monocle3","global",10.4250471611097,400,TRUE
"AGCTCTCTCTTAGAGC-400.2.2","Monocle3","global",3.42527116366714,190,TRUE
"AGCTTGAAGCTGTTCA-400.2.2","Monocle3","global",10.8167631867276,350,TRUE
"AGCTTGAGTAGGAGTC-400.2.2","Monocle3","global",1.24431006366794,230,TRUE
"AGGCCACAGTTTCCTT-400.2.2","Monocle3","global",2.9797551717383,215,TRUE
"AGGGAGTAGGGCTTCC-400.2.2","Monocle3","global",10.8311826177072,450,TRUE
"AGGGAGTAGTACCGGA-400.2.2","Monocle3","global",6.80241281284695,320,TRUE
"AGGGATGTCAGTACGT-400.2.2","Monocle3","global",6.21059456677277,345,TRUE
"AGGGTGAGTCAAACTC-400.2.2","Monocle3","global",7.20792004747795,360,TRUE
"AGGTCATGTCTAGGTT-400.2.2","Monocle3","global",5.92654967151024,230,TRUE
"AGGTCATTCGCCCTTA-400.2.2","Monocle3","global",9.95696158625753,320,TRUE
"AGGTCCGGTCCATCCT-400.2.2","Monocle3","global",7.20191507854849,360,TRUE
"AGTAGTCTCTACCTGC-400.2.2","Monocle3","global",0.666742198033618,190,TRUE
"AGTCTTTCAGTAAGAT-400.2.2","Monocle3","global",9.00176613061762,470,TRUE
"AGTCTTTTCCCTTGCA-400.2.2","Monocle3","global",4.21286395100766,205,TRUE
"AGTGGGAAGGGAACGG-400.2.2","Monocle3","global",11.1327951702813,385,TRUE
"AGTGGGATCGGCTACG-400.2.2","Monocle3","global",3.5836550411318,260,TRUE
"AGTTGGTAGGGAGTAA-400.2.2","Monocle3","global",8.07024561948187,390,TRUE
"AGTTGGTGTTTGTGTG-400.2.2","Monocle3","global",6.40255529431727,290,TRUE
"ATAACGCAGCAGGCTA-400.2.2","Monocle3","global",8.2194131483721,365,TRUE
"ATAACGCAGCGTGTCC-400.2.2","Monocle3","global",6.76570618592762,285,TRUE
"ATAACGCTCGTTGACA-400.2.2","Monocle3","global",6.4750699700178,265,TRUE
"ATAGACCAGCATCATC-400.2.2","Monocle3","global",6.61285520337244,290,TRUE
"ATCACGAAGAATGTGT-400.2.2","Monocle3","global",8.0542993665798,420,TRUE
"ATCATCTAGTACTTGC-400.2.2","Monocle3","global",1.20317133944011,190,TRUE
"ATCATCTCAAGTCTAC-400.2.2","Monocle3","global",2.5169788839469,170,TRUE
"ATCATCTTCTAACGGT-400.2.2","Monocle3","global",5.71052651685488,245,TRUE
"ATCATGGTCCGAATGT-400.2.2","Monocle3","global",6.84111385886384,270,TRUE
"ATCCACCTCTGAAAGA-400.2.2","Monocle3","global",13.7875496455424,490,TRUE
"ATCCGAATCATCTGCC-400.2.2","Monocle3","global",6.84055109042532,275,TRUE
"ATCGAGTAGATCGGGT-400.2.2","Monocle3","global",5.81086830140785,230,TRUE
"ATCGAGTGTACATGTC-400.2.2","Monocle3","global",4.04190771809074,300,TRUE
"ATCTACTAGAGGTTAT-400.2.2","Monocle3","global",14.0465245528494,260,TRUE
"ATCTACTCAATGCCAT-400.2.2","Monocle3","global",12.9726355275517,550,TRUE
"ATCTACTGTCCCTACT-400.2.2","Monocle3","global",2.4532294343772,230,TRUE
"ATCTGCCCATCACAAC-400.2.2","Monocle3","global",8.32089331047965,390,TRUE
"ATCTGCCTCAGCAACT-400.2.2","Monocle3","global",6.61813559468355,275,TRUE
"ATGAGGGGTTTGGCGC-400.2.2","Monocle3","global",6.34955813959582,260,TRUE
"ATGCGATAGTGTACGG-400.2.2","Monocle3","global",3.58027816309148,200,TRUE
"ATGCGATTCGCACTCT-400.2.2","Monocle3","global",7.77532471956899,390,TRUE
"ATGTGTGCACGCGAAA-400.2.2","Monocle3","global",11.3013028706636,450,TRUE
"ATTACTCAGTGACTCT-400.2.2","Monocle3","global",9.99289311566757,415,TRUE
"ATTATCCCAATGGACG-400.2.2","Monocle3","global",6.75486395569619,350,TRUE
"ATTATCCCAATTGCTG-400.2.2","Monocle3","global",6.4856951710742,270,TRUE
"ATTATCCCACTACAGT-400.2.2","Monocle3","global",4.78338126017111,300,TRUE
"ATTATCCGTCTAGTGT-400.2.2","Monocle3","global",7.20191532459463,360,TRUE
"ATTATCCGTTCTGTTT-400.2.2","Monocle3","global",6.74470939446673,360,TRUE
"ATTATCCTCGCGTAGC-400.2.2","Monocle3","global",13.115216385838,500,TRUE
"ATTCTACTCTCAAACG-400.2.2","Monocle3","global",10.0604774938654,350,TRUE
"ATTGGACAGACACTAA-400.2.2","Monocle3","global",5.87954800284144,260,TRUE
"ATTGGACAGAGACTAT-400.2.2","Monocle3","global",7.18051887090763,320,TRUE
"ATTGGACCACGGATAG-400.2.2","Monocle3","global",6.15258867510616,350,TRUE
"ATTGGACGTACCAGTT-400.2.2","Monocle3","global",4.64774472549009,300,TRUE
"ATTGGACGTTATGTGC-400.2.2","Monocle3","global",7.80184223479872,380,TRUE
"ATTTCTGAGACAGGCT-400.2.2","Monocle3","global",8.21244564427986,360,TRUE
"ATTTCTGCAAAGGAAG-400.2.2","Monocle3","global",6.82642939320765,275,TRUE
"ATTTCTGGTCTAGTGT-400.2.2","Monocle3","global",1.9212533493622,190,TRUE
"CAACCAAAGGGAACGG-400.2.2","Monocle3","global",7.34012887949798,360,TRUE
"CAACCAAGTAAGGATT-400.2.2","Monocle3","global",4.04608774087492,270,TRUE
"CAACCAATCCGCATAA-400.2.2","Monocle3","global",10.2502206106357,585,TRUE
"CAACTAGAGATCCGAG-400.2.2","Monocle3","global",6.0965152711177,215,TRUE
"CAAGATCTCAGAGGTG-400.2.2","Monocle3","global",7.20191557064078,380,TRUE
"CAAGATCTCCACGACG-400.2.2","Monocle3","global",1.76585773262037,190,TRUE
"CAAGGCCTCCTGTACC-400.2.2","Monocle3","global",7.49247121017666,380,TRUE
"CAAGTTGGTACCGTTA-400.2.2","Monocle3","global",11.2317606701862,415,TRUE
"CAAGTTGGTCACTGGC-400.2.2","Monocle3","global",6.20640103591938,350,TRUE
"CAAGTTGGTGCAACTT-400.2.2","Monocle3","global",7.1376941716868,300,TRUE
"CAAGTTGTCCTGCTTG-400.2.2","Monocle3","global",8.83394544348042,450,TRUE
"CACACTCCAGGGTACA-400.2.2","Monocle3","global",3.48131844188163,415,TRUE
"CACACTCGTGTGACGA-400.2.2","Monocle3","global",9.09396208600037,450,TRUE
"CACAGGCAGTTGAGTA-400.2.2","Monocle3","global",5.5293255747861,320,TRUE
"CACAGGCCATAGTAAG-400.2.2","Monocle3","global",8.76922400017545,450,TRUE
"CACAGGCTCCGCGTTT-400.2.2","Monocle3","global",10.043478445535,410,TRUE
"CACAGTAGTCCCTACT-400.2.2","Monocle3","global",5.81086854745399,230,TRUE
"CACAGTATCTCGTTTA-400.2.2","Monocle3","global",6.40395772942279,260,TRUE
"CACATAGAGGCTAGAC-400.2.2","Monocle3","global",8.45595214353157,420,TRUE
"CACATAGGTTTAAGCC-400.2.2","Monocle3","global",4.52514323643002,230,TRUE
"CACATTTAGCTCAACT-400.2.2","Monocle3","global",6.52317198674627,355,TRUE
"CACATTTGTGGTACAG-400.2.2","Monocle3","global",1.0224950478005,170,TRUE
"CACATTTTCTCAAGTG-400.2.2","Monocle3","global",6.46657262285209,350,TRUE
"CACCACTAGCCCTAAT-400.2.2","Monocle3","global",5.68521909328589,230,TRUE
"CACCACTAGCGATGAC-400.2.2","Monocle3","global",6.80831186920143,360,TRUE
"CACCACTTCGTAGGTT-400.2.2","Monocle3","global",5.98029273887744,490,TRUE
"CACCAGGCAACGATCT-400.2.2","Monocle3","global",6.08789057831519,290,TRUE
"CACCAGGTCTGCTTGC-400.2.2","Monocle3","global",9.10451953007826,450,TRUE
"CACCTTGCATTGCGGC-400.2.2","Monocle3","global",5.7224787428729,310,TRUE
"CACTCCACACGCTTTC-400.2.2","Monocle3","global",0.311651318405303,195,TRUE
"CAGATCAAGGAGCGTT-400.2.2","Monocle3","global",5.31680171867073,340,TRUE
"CAGATCATCGGTGTCG-400.2.2","Monocle3","global",10.1633220551123,550,TRUE
"CAGCAGCTCTTTAGTC-400.2.2","Monocle3","global",4.62662726258805,270,TRUE
"CAGCATAGTCCAACTA-400.2.2","Monocle3","global",11.5176602765546,490,TRUE
"CAGCATATCAAACCGT-400.2.2","Monocle3","global",5.82037026805337,270,TRUE
"CAGCATATCGTTTGCC-400.2.2","Monocle3","global",3.95937024289955,275,TRUE
"CAGCCGACACCATGTA-400.2.2","Monocle3","global",5.57487303569413,300,TRUE
"CAGCCGACAGACAGGT-400.2.2","Monocle3","global",3.87556713649178,200,TRUE
"CAGCCGACAGCTGTTA-400.2.2","Monocle3","global",6.38083503219053,295,TRUE
"CAGCCGACATGAGCGA-400.2.2","Monocle3","global",7.73474781221228,385,TRUE
"CAGCCGAGTAGGAGTC-400.2.2","Monocle3","global",3.9741085747162,415,TRUE
"CAGCGACAGAAACCTA-400.2.2","Monocle3","global",2.42161081516415,205,TRUE
"CAGCGACAGACAATAC-400.2.2","Monocle3","global",5.52678320853249,310,TRUE
"CAGCTGGGTGAGGCTA-400.2.2","Monocle3","global",10.0089804206969,395,TRUE
"CAGGTGCAGCCACGCT-400.2.2","Monocle3","global",7.3119173944265,345,TRUE
"CAGTAACGTTGGTAAA-400.2.2","Monocle3","global",3.36868114412818,245,TRUE
"CAGTAACTCGCAAACT-400.2.2","Monocle3","global",6.20640128196553,370,TRUE
"CAGTCCTCACGGCGTT-400.2.2","Monocle3","global",8.0700460507438,380,TRUE
"CAGTCCTCATACTACG-400.2.2","Monocle3","global",5.01920984789061,300,TRUE
"CATATGGTCCTTTCTC-400.2.2","Monocle3","global",5.06077624420299,290,TRUE
"CATCAAGAGTTAGCGG-400.2.2","Monocle3","global",5.28514889154726,340,TRUE
"CATCAAGGTGCCTGCA-400.2.2","Monocle3","global",9.62321047127644,350,TRUE
"CATCAAGGTTATCCGA-400.2.2","Monocle3","global",10.5946728710669,450,TRUE
"CATCAAGTCTACTATC-400.2.2","Monocle3","global",9.77389319749658,490,TRUE
"CATCAAGTCTGTGCAA-400.2.2","Monocle3","global",8.12369267610942,385,TRUE
"CATCAGAAGCAGCCTC-400.2.2","Monocle3","global",7.19109664384739,370,TRUE
"CATCAGAAGGATGCGT-400.2.2","Monocle3","global",7.51632562631035,300,TRUE
"CATCCACCAGTAAGCG-400.2.2","Monocle3","global",6.78615553856671,380,TRUE
"CATCGAAAGGACTGGT-400.2.2","Monocle3","global",8.92096095513283,425,TRUE
"CATCGGGGTCCGAACC-400.2.2","Monocle3","global",7.52752248595033,365,TRUE
"CATCGGGTCAACCAAC-400.2.2","Monocle3","global",2.00670536494435,230,TRUE
"CATGCCTAGTAAGTAC-400.2.2","Monocle3","global",8.1617574372425,360,TRUE
"CATGCCTCACTTCTGC-400.2.2","Monocle3","global",5.98029298492358,265,TRUE
"CATGGCGAGCGTTCCG-400.2.2","Monocle3","global",2.40157708847507,210,TRUE
"CATTATCCAATAGCAA-400.2.2","Monocle3","global",4.56806468878783,300,TRUE
"CCACCTAGTATATGGA-400.2.2","Monocle3","global",7.80846743342734,380,TRUE
"CCACGGATCTGTCAAG-400.2.2","Monocle3","global",3.45269100542371,200,TRUE
"CCAGCGACACGACTCG-400.2.2","Monocle3","global",19.0743872306917,550,TRUE
"CCAGCGACAGCATGAG-400.2.2","Monocle3","global",6.61019818333163,285,TRUE
"CCAGCGACAGCTTAAC-400.2.2","Monocle3","global",4.77354830518909,320,TRUE
"CCAGCGACATACCATG-400.2.2","Monocle3","global",4.89394391639512,450,TRUE
"CCATGTCGTTGCTCCT-400.2.2","Monocle3","global",7.80547693908924,370,TRUE
"CCATGTCTCCGCAAGC-400.2.2","Monocle3","global",7.99005883134586,410,TRUE
"CCATTCGAGCACCGTC-400.2.2","Monocle3","global",9.34409617017204,450,TRUE
"CCATTCGGTTTGGCGC-400.2.2","Monocle3","global",6.0276148911859,245,TRUE
"CCCAATCAGACACTAA-400.2.2","Monocle3","global",4.87126177837106,275,TRUE
"CCCAATCAGGCATTGG-400.2.2","Monocle3","global",8.06644996155379,365,TRUE
"CCCAGTTCAGATAATG-400.2.2","Monocle3","global",18.9111855940817,490,TRUE
"CCCTCCTAGAGACTTA-400.2.2","Monocle3","global",11.9421642754905,640,TRUE
"CCCTCCTAGTGACATA-400.2.2","Monocle3","global",2.38978320418531,170,TRUE
"CCCTCCTGTGCAACTT-400.2.2","Monocle3","global",2.84141292110645,190,TRUE
"CCCTCCTTCAGGTAAA-400.2.2","Monocle3","global",9.82535611285296,420,TRUE
"CCGGGATTCCAGATCA-400.2.2","Monocle3","global",13.6713963053678,410,TRUE
"CCGGTAGAGCGATGAC-400.2.2","Monocle3","global",10.7178541085218,450,TRUE
"CCGGTAGAGCTAGTGG-400.2.2","Monocle3","global",12.4786438779374,510,TRUE
"CCGGTAGCAAAGTGCG-400.2.2","Monocle3","global",6.50562128799611,380,TRUE
"CCGGTAGTCTGCTTGC-400.2.2","Monocle3","global",4.22011088080414,300,TRUE
"CCGTACTTCCAAGCCG-400.2.2","Monocle3","global",12.7035110164751,550,TRUE
"CCGTGGAAGGTGTGGT-400.2.2","Monocle3","global",4.58245775574013,280,TRUE
"CCGTGGACACATTAGC-400.2.2","Monocle3","global",10.1034785539893,325,TRUE
"CCGTGGAGTAGCTGCC-400.2.2","Monocle3","global",7.15556809037658,270,TRUE
"CCGTGGAGTCCAGTTA-400.2.2","Monocle3","global",6.54465652044872,265,TRUE
"CCGTTCACAGACAAGC-400.2.2","Monocle3","global",3.38353035003521,190,TRUE
"CCGTTCAGTGCAGGTA-400.2.2","Monocle3","global",1.1554604162059,175,TRUE
"CCGTTCATCGCTAGCG-400.2.2","Monocle3","global",6.86281060335566,320,TRUE
"CCTAAAGGTCGAGTTT-400.2.2","Monocle3","global",5.10273564376686,300,TRUE
"CCTAAAGTCAACCATG-400.2.2","Monocle3","global",5.06473295408539,200,TRUE
"CCTAAAGTCGACCAGC-400.2.2","Monocle3","global",1.89279225845676,180,TRUE
"CCTACACAGAAGGTGA-400.2.2","Monocle3","global",8.52194241833952,380,TRUE
"CCTACACAGACATAAC-400.2.2","Monocle3","global",14.0679581741635,550,TRUE
"CCTACACAGCGTTTAC-400.2.2","Monocle3","global",9.67413966332856,320,TRUE
"CCTACACCAAGTCTAC-400.2.2","Monocle3","global",3.00966712308587,260,TRUE
"CCTACACCACACAGAG-400.2.2","Monocle3","global",3.02930900352883,260,TRUE
"CCTACCATCACTGGGC-400.2.2","Monocle3","global",8.31209528010087,380,TRUE
"CCTATTAGTCCGAAGA-400.2.2","Monocle3","global",2.69707939316949,170,TRUE
"CCTCAGTCATCATCCC-400.2.2","Monocle3","global",8.27268339743035,370,TRUE
"CCTCAGTGTAGCGATG-400.2.2","Monocle3","global",6.93681870343295,330,TRUE
"CCTCTGAAGTGGCACA-400.2.2","Monocle3","global",3.53080941063998,260,TRUE
"CCTCTGACATTAGGCT-400.2.2","Monocle3","global",11.4351422350114,470,TRUE
"CCTCTGACATTATCTC-400.2.2","Monocle3","global",1.97935054957824,195,TRUE
"CCTCTGAGTCATCCCT-400.2.2","Monocle3","global",10.5208151406952,620,TRUE
"CCTCTGAGTTTAAGCC-400.2.2","Monocle3","global",2.55379887333644,230,TRUE
"CCTTACGCACAGACAG-400.2.2","Monocle3","global",11.5690697013821,420,TRUE
"CCTTCCCCATACAGCT-400.2.2","Monocle3","global",10.0107215845885,420,TRUE
"CCTTCCCGTAGATTAG-400.2.2","Monocle3","global",2.35496694837805,295,TRUE
"CCTTCCCTCCTAAGTG-400.2.2","Monocle3","global",9.90327503438022,350,TRUE
"CCTTCGATCGCTAGCG-400.2.2","Monocle3","global",7.53038481644705,380,TRUE
"CGAACATGTACCATCA-400.2.2","Monocle3","global",9.11478156637494,280,TRUE
"CGACTTCCAGACAAGC-400.2.2","Monocle3","global",4.77505789816676,280,TRUE
"CGACTTCGTGCACGAA-400.2.2","Monocle3","global",9.82403403811643,415,TRUE
"CGAGAAGAGAATTGTG-400.2.2","Monocle3","global",6.5430913440293,260,TRUE
"CGAGCACAGGCATTGG-400.2.2","Monocle3","global",10.3518838014516,390,TRUE
"CGAGCACTCTTGCATT-400.2.2","Monocle3","global",10.5484540758337,450,TRUE
"CGAGCCAAGTACGTTC-400.2.2","Monocle3","global",7.15310344893605,360,TRUE
"CGAGCCAGTTAGGGTG-400.2.2","Monocle3","global",9.63056307514829,350,TRUE
"CGATCGGAGGTAGCTG-400.2.2","Monocle3","global",6.20640152801167,350,TRUE
"CGATCGGGTCTCGTTC-400.2.2","Monocle3","global",6.16176045443224,260,TRUE
"CGATTGAAGATCGGGT-400.2.2","Monocle3","global",6.20640177405782,350,TRUE
"CGATTGAGTTGATTGC-400.2.2","Monocle3","global",8.46480264176686,390,TRUE
"CGCCAAGCAGCTGCTG-400.2.2","Monocle3","global",8.54706771125989,385,TRUE
"CGCGGTATCTACCAGA-400.2.2","Monocle3","global",11.1726467780599,420,TRUE
"CGCGTTTTCGTGGTCG-400.2.2","Monocle3","global",4.47896907451342,220,TRUE
"CGCTATCAGTCCGGTC-400.2.2","Monocle3","global",4.62371387423743,225,TRUE
"CGCTATCTCGCCAGCA-400.2.2","Monocle3","global",6.11340574799249,260,TRUE
"CGCTTCAGTACAGTTC-400.2.2","Monocle3","global",10.3111737633042,345,TRUE
"CGGACACAGCCGGTAA-400.2.2","Monocle3","global",4.03096240032681,230,TRUE
"CGGACACCAGTATAAG-400.2.2","Monocle3","global",9.34582135396727,410,TRUE
"CGGACACTCACCGTAA-400.2.2","Monocle3","global",4.77457108317088,270,TRUE
"CGGACGTGTGTGAATA-400.2.2","Monocle3","global",11.9184330976225,410,TRUE
"CGGAGCTAGATATGCA-400.2.2","Monocle3","global",10.858175147562,435,TRUE
"CGGAGCTCAGGAATCG-400.2.2","Monocle3","global",1.01340781713169,170,TRUE
"CGGCTAGAGCGCCTCA-400.2.2","Monocle3","global",7.01677969850676,280,TRUE
"CGGCTAGTCCCAACGG-400.2.2","Monocle3","global",10.2086291205862,415,TRUE
"CGGTTAAGTACGCACC-400.2.2","Monocle3","global",3.78162545023367,325,TRUE
"CGGTTAAGTCCAGTAT-400.2.2","Monocle3","global",6.94083454356737,275,TRUE
"CGTAGCGCAGATTGCT-400.2.2","Monocle3","global",1.8927925045029,195,TRUE
"CGTCACTAGTCAATAG-400.2.2","Monocle3","global",11.9933461070433,490,TRUE
"CGTCACTCAAGGCTCC-400.2.2","Monocle3","global",12.1302410045344,550,TRUE
"CGTCACTTCACTCCTG-400.2.2","Monocle3","global",7.21809422417617,285,TRUE
"CGTCAGGCATTGTGCA-400.2.2","Monocle3","global",7.90330608617834,325,TRUE
"CGTCAGGTCAAGGTAA-400.2.2","Monocle3","global",7.4719730337468,310,TRUE
"CGTCAGGTCCTAGGGC-400.2.2","Monocle3","global",6.30730463248137,260,TRUE
"CGTCCATCATTCCTCG-400.2.2","Monocle3","global",1.51727930138761,190,TRUE
"CGTCTACAGTCCCACG-400.2.2","Monocle3","global",12.6610579924693,520,TRUE
"CGTCTACCACAGCCCA-400.2.2","Monocle3","global",0.908801442255032,170,TRUE
"CGTCTACCATGGTAGG-400.2.2","Monocle3","global",6.61285544941859,275,TRUE
"CGTCTACGTTAAGATG-400.2.2","Monocle3","global",3.48481409602799,410,TRUE
"CGTGAGCAGAATTCCC-400.2.2","Monocle3","global",7.76197268511061,390,TRUE
"CGTGAGCCATCATCCC-400.2.2","Monocle3","global",6.0075470404083,320,TRUE
"CGTGAGCGTCTCTTTA-400.2.2","Monocle3","global",2.52715944097284,215,TRUE
"CGTGTAATCTGATACG-400.2.2","Monocle3","global",4.53822449716235,300,TRUE
"CGTGTCTCACCCAGTG-400.2.2","Monocle3","global",5.99847570251167,320,TRUE
"CGTTAGACATACTCTT-400.2.2","Monocle3","global",10.7928125446385,380,TRUE
"CGTTCTGGTCCAGTAT-400.2.2","Monocle3","global",19.0465068653346,520,TRUE
"CGTTGGGCATCTGGTA-400.2.2","Monocle3","global",5.74997640032269,245,TRUE
"CGTTGGGTCAACACGT-400.2.2","Monocle3","global",7.90235696732594,385,TRUE
"CGTTGGGTCACAATGC-400.2.2","Monocle3","global",10.7679707280165,380,TRUE
"CTAACTTGTGTAACGG-400.2.2","Monocle3","global",9.12088518080547,320,TRUE
"CTAAGACGTCATGCCG-400.2.2","Monocle3","global",10.7349280308106,390,TRUE
"CTAATGGAGGACACCA-400.2.2","Monocle3","global",7.86558140960345,375,TRUE
"CTAATGGAGGCCCTCA-400.2.2","Monocle3","global",5.99202710745887,300,TRUE
"CTACACCAGTTCCACA-400.2.2","Monocle3","global",7.87529985447644,345,TRUE
"CTACACCCATCTACGA-400.2.2","Monocle3","global",14.1659141564866,630,TRUE
"CTACACCCATTGGCGC-400.2.2","Monocle3","global",7.28214342416647,300,TRUE
"CTACATTCAAGTAGTA-400.2.2","Monocle3","global",6.37527515570338,230,TRUE
"CTACATTGTGCAGACA-400.2.2","Monocle3","global",8.0112095371101,370,TRUE
"CTACATTTCCGCTGTT-400.2.2","Monocle3","global",6.20640202010396,380,TRUE
"CTACCCACATCAGTAC-400.2.2","Monocle3","global",10.8230691087228,415,TRUE
"CTACGTCCATAAGACA-400.2.2","Monocle3","global",6.2064022661501,350,TRUE
"CTAGAGTGTGTAATGA-400.2.2","Monocle3","global",5.98029323096973,245,TRUE
"CTAGAGTTCCTCTAGC-400.2.2","Monocle3","global",10.3599671026234,350,TRUE
"CTAGCCTCAATGGTCT-400.2.2","Monocle3","global",7.81714820022195,370,TRUE
"CTAGTGAGTTAAAGTG-400.2.2","Monocle3","global",12.6077328592993,440,TRUE
"CTAGTGATCACAACGT-400.2.2","Monocle3","global",6.40063333987984,420,TRUE
"CTCAGAACAGTCAGAG-400.2.2","Monocle3","global",6.38100064831574,270,TRUE
"CTCAGAAGTAGGAGTC-400.2.2","Monocle3","global",3.00057636811679,230,TRUE
"CTCATTAAGTACGTAA-400.2.2","Monocle3","global",9.95916425300038,395,TRUE
"CTCATTACAATCAGAA-400.2.2","Monocle3","global",6.75893904239638,355,TRUE
"CTCATTATCCTTTCGG-400.2.2","Monocle3","global",4.99413489881291,300,TRUE
"CTCGGGAGTGAACCTT-400.2.2","Monocle3","global",6.54225230745425,270,TRUE
"CTCGGGAGTTAGAACA-400.2.2","Monocle3","global",7.7581966488877,355,TRUE
"CTCGTACAGTGCGTGA-400.2.2","Monocle3","global",5.71052676290103,215,TRUE
"CTCGTACGTACCGTAT-400.2.2","Monocle3","global",12.4771261370864,550,TRUE
"CTCGTACGTGAGCGAT-400.2.2","Monocle3","global",19.0971051747862,440,TRUE
"CTCGTCAAGTATCTCG-400.2.2","Monocle3","global",7.19418645894377,330,TRUE
"CTCGTCACATGCGCAC-400.2.2","Monocle3","global",1.77802074457876,260,TRUE
"CTCTAATGTATGAAAC-400.2.2","Monocle3","global",6.5422525535004,225,TRUE
"CTCTAATGTCAGAATA-400.2.2","Monocle3","global",6.80376110037359,355,TRUE
"CTCTAATGTTTGACAC-400.2.2","Monocle3","global",7.20191581668692,350,TRUE
"CTCTAATTCATAAAGG-400.2.2","Monocle3","global",8.43467457040568,390,TRUE
"CTCTAATTCTCGTTTA-400.2.2","Monocle3","global",0.709950032572651,170,TRUE
"CTCTGGTCAGGTCCAC-400.2.2","Monocle3","global",4.95109639984089,300,TRUE
"CTCTGGTTCGTGACAT-400.2.2","Monocle3","global",6.70704040538853,295,TRUE
"CTGAAACTCTCGCTTG-400.2.2","Monocle3","global",10.2869500261132,350,TRUE
"CTGATCCAGGTGCTTT-400.2.2","Monocle3","global",8.34987940335003,390,TRUE
"CTGATCCTCTGCTGTC-400.2.2","Monocle3","global",0.93095129059888,175,TRUE
"CTGCCTAGTTGGTAAA-400.2.2","Monocle3","global",11.4291171396107,585,TRUE
"CTGCCTATCGTTACAG-400.2.2","Monocle3","global",6.83981067523886,285,TRUE
"CTGGTCTCACGACGAA-400.2.2","Monocle3","global",6.76570643197377,350,TRUE
"CTGGTCTCAGACGTAG-400.2.2","Monocle3","global",6.78243375833279,320,TRUE
"CTGGTCTCATAGGATA-400.2.2","Monocle3","global",9.07827809868281,350,TRUE
"CTGGTCTGTTGCGTTA-400.2.2","Monocle3","global",7.50577869596924,330,TRUE
"CTTAACTGTTGCCTCT-400.2.2","Monocle3","global",5.07992527142611,390,TRUE
"CTTAGGAAGCAGATCG-400.2.2","Monocle3","global",8.33484934759208,415,TRUE
"CTTCTCTGTTTCCACC-400.2.2","Monocle3","global",6.29047738874788,230,TRUE
"CTTTGCGAGCCAGTAG-400.2.2","Monocle3","global",6.39777322725125,350,TRUE
"GAAATGAAGGGCTCTC-400.2.2","Monocle3","global",9.15561966755555,390,TRUE
"GAACCTAAGGTGACCA-400.2.2","Monocle3","global",5.98029347701587,260,TRUE
"GAACGGACAAGGACTG-400.2.2","Monocle3","global",7.48296501772735,360,TRUE
"GAACGGATCTTTACGT-400.2.2","Monocle3","global",8.98828521331613,410,TRUE
"GAATAAGAGATGCCTT-400.2.2","Monocle3","global",7.77854388575664,370,TRUE
"GAATGAATCATGCTCC-400.2.2","Monocle3","global",10.0442946744278,500,TRUE
"GACACGCCAGTCAGAG-400.2.2","Monocle3","global",2.87556684241027,230,TRUE
"GACACGCGTCCGTGAC-400.2.2","Monocle3","global",8.91238913334871,440,TRUE
"GACAGAGCAAGTCTAC-400.2.2","Monocle3","global",6.99765009734884,400,TRUE
"GACAGAGCATCACGAT-400.2.2","Monocle3","global",6.91998814835663,370,TRUE
"GACAGAGTCGGAGGTA-400.2.2","Monocle3","global",3.60420821590165,300,TRUE
"GACGCGTAGGATCGCA-400.2.2","Monocle3","global",0.683703450789862,170,TRUE
"GACGGCTTCCCATTTA-400.2.2","Monocle3","global",5.98029372306201,230,TRUE
"GACTACACAGCGTTCG-400.2.2","Monocle3","global",9.3942890101049,405,TRUE
"GACTACACAGTATAAG-400.2.2","Monocle3","global",8.27725856726819,365,TRUE
"GAGCAGATCAGAGGTG-400.2.2","Monocle3","global",8.16681793080498,415,TRUE
"GAGCAGATCTTCATGT-400.2.2","Monocle3","global",10.6549583230452,440,TRUE
"GAGGTGAAGGATGGAA-400.2.2","Monocle3","global",5.71052700894717,260,TRUE
"GAGGTGACATTCTCAT-400.2.2","Monocle3","global",8.91467990883142,405,TRUE
"GAGGTGAGTCTAGCCG-400.2.2","Monocle3","global",5.16161806171119,345,TRUE
"GAGGTGATCCCTAATT-400.2.2","Monocle3","global",8.46938692058736,390,TRUE
"GATCAGTAGGATTCGG-400.2.2","Monocle3","global",9.96082625515836,405,TRUE
"GATCAGTAGTGCAAGC-400.2.2","Monocle3","global",5.91467371284105,260,TRUE
"GATCAGTTCCAACCAA-400.2.2","Monocle3","global",9.06454064176383,390,TRUE
"GATCGATGTGTAATGA-400.2.2","Monocle3","global",6.02704324957736,315,TRUE
"GATCGCGAGCTGAAAT-400.2.2","Monocle3","global",3.01029762810812,230,TRUE
"GATCGCGAGTGTACCT-400.2.2","Monocle3","global",4.03096264637296,300,TRUE
"GATCGCGGTTTGACTG-400.2.2","Monocle3","global",7.40823130967553,365,TRUE
"GATCGTACACCAGCAC-400.2.2","Monocle3","global",6.20640251219625,340,TRUE
"GATCTAGTCTGTCTCG-400.2.2","Monocle3","global",6.76570667801991,340,TRUE
"GATGCTACAGGGAGAG-400.2.2","Monocle3","global",13.8491855145517,490,TRUE
"GATTCAGGTTGAACTC-400.2.2","Monocle3","global",4.06882732376238,260,TRUE
"GCAAACTAGTGGGCTA-400.2.2","Monocle3","global",4.74080090254725,270,TRUE
"GCAAACTTCCGATATG-400.2.2","Monocle3","global",1.84397054774859,190,TRUE
"GCACTCTAGATTACCC-400.2.2","Monocle3","global",7.00487307653036,310,TRUE
"GCACTCTCAGGGTACA-400.2.2","Monocle3","global",4.21483074542355,205,TRUE
"GCACTCTTCACCCTCA-400.2.2","Monocle3","global",3.93520374813607,270,TRUE
"GCAGCCAAGTGCGTGA-400.2.2","Monocle3","global",13.3989446401809,500,TRUE
"GCAGTTAAGCGTAGTG-400.2.2","Monocle3","global",7.49795714494995,345,TRUE
"GCAGTTATCGGAAATA-400.2.2","Monocle3","global",4.77541754736942,165,TRUE
"GCATACACATCTATGG-400.2.2","Monocle3","global",6.95475368804243,225,TRUE
"GCATGATAGCGACGTA-400.2.2","Monocle3","global",10.3372371832881,360,TRUE
"GCATGATAGTACTTGC-400.2.2","Monocle3","global",7.20191606273307,350,TRUE
"GCATGATCAATTGCTG-400.2.2","Monocle3","global",7.15024776137895,300,TRUE
"GCATGATGTGTGGTTT-400.2.2","Monocle3","global",6.1211813444928,310,TRUE
"GCATGCGCAACACGCC-400.2.2","Monocle3","global",5.32906331665925,365,TRUE
"GCATGTAAGTAGTGCG-400.2.2","Monocle3","global",9.80240667032387,350,TRUE
"GCATGTATCCGCAGTG-400.2.2","Monocle3","global",8.31209552614702,350,TRUE
"GCCAAATGTCACCCAG-400.2.2","Monocle3","global",6.86281084940181,310,TRUE
"GCGAGAACACCAGGCT-400.2.2","Monocle3","global",7.20191630877921,380,TRUE
"GCGAGAAGTTACAGAA-400.2.2","Monocle3","global",6.61285569546473,270,TRUE
"GCGCAACAGGATCGCA-400.2.2","Monocle3","global",1.5375117036798,195,TRUE
"GCGCAACGTCCTCTTG-400.2.2","Monocle3","global",12.3394674919068,490,TRUE
"GCGCAGTTCAACGGCC-400.2.2","Monocle3","global",8.27725881331433,370,TRUE
"GCGCCAATCTCATTCA-400.2.2","Monocle3","global",3.47717767360204,425,TRUE
"GCGCGATCAAGTTAAG-400.2.2","Monocle3","global",10.1311769948636,390,TRUE
"GCTCCTAAGTGTCCCG-400.2.2","Monocle3","global",2.81775240704909,260,TRUE
"GCTCCTATCAGGTAAA-400.2.2","Monocle3","global",4.94611680156509,300,TRUE
"GCTGCGATCCTCAACC-400.2.2","Monocle3","global",12.4688698698941,530,TRUE
"GCTGCTTTCAGTACGT-400.2.2","Monocle3","global",6.37996122303541,310,TRUE
"GCTTCCATCAGGCCCA-400.2.2","Monocle3","global",5.56807535782533,300,TRUE
"GCTTGAACATGTAGTC-400.2.2","Monocle3","global",5.43326417159814,320,TRUE
"GCTTGAATCCGAAGAG-400.2.2","Monocle3","global",6.15456235046749,350,TRUE
"GGAAAGCTCGCTGATA-400.2.2","Monocle3","global",5.83281808755186,270,TRUE
"GGAATAAAGATGCCTT-400.2.2","Monocle3","global",9.9818910769092,410,TRUE
"GGAATAAGTGCGAAAC-400.2.2","Monocle3","global",5.03987452483891,210,TRUE
"GGAATAATCAAACGGG-400.2.2","Monocle3","global",4.18986803686584,195,TRUE
"GGAATAATCTCTTATG-400.2.2","Monocle3","global",3.82101515568988,220,TRUE
"GGACAAGAGAGAACAG-400.2.2","Monocle3","global",7.52055622594237,380,TRUE
"GGACAAGAGCCACTAT-400.2.2","Monocle3","global",8.12543585861962,350,TRUE
"GGACAAGTCGAGAGCA-400.2.2","Monocle3","global",3.19154527879481,260,TRUE
"GGACAGAAGGTAGCCA-400.2.2","Monocle3","global",7.79238292770995,370,TRUE
"GGACAGATCACCCGAG-400.2.2","Monocle3","global",10.1507729900643,380,TRUE
"GGACATTAGAGCCTAG-400.2.2","Monocle3","global",11.3746068635091,450,TRUE
"GGACATTGTATCAGTC-400.2.2","Monocle3","global",4.77448949431781,300,TRUE
"GGACATTGTGGTCTCG-400.2.2","Monocle3","global",5.09861386067097,290,TRUE
"GGATGTTTCCGCGTTT-400.2.2","Monocle3","global",8.82111145625077,450,TRUE
"GGATTACAGAGCAATT-400.2.2","Monocle3","global",6.99765034339498,420,TRUE
"GGCAATTCAGCTCGAC-400.2.2","Monocle3","global",1.00141834367563,200,TRUE
"GGCAATTTCTGTCCGT-400.2.2","Monocle3","global",8.42686098871181,420,TRUE
"GGCCGATAGGCTAGAC-400.2.2","Monocle3","global",6.98513753216329,355,TRUE
"GGCCGATCACATGGGA-400.2.2","Monocle3","global",7.11131759983081,410,TRUE
"GGCCGATGTAAGAGGA-400.2.2","Monocle3","global",11.4631434128076,450,TRUE
"GGCTCGACAATCGAAA-400.2.2","Monocle3","global",6.71319033831074,260,TRUE
"GGCTCGACATGTTGAC-400.2.2","Monocle3","global",7.20191655482536,345,TRUE
"GGCTGGTGTGCCTGCA-400.2.2","Monocle3","global",1.0068853940471,170,TRUE
"GGCTGGTTCTTTAGGG-400.2.2","Monocle3","global",8.13617789919499,415,TRUE
"GGGAATGAGACAAGCC-400.2.2","Monocle3","global",11.5895146999378,620,TRUE
"GGGAGATGTACAGCAG-400.2.2","Monocle3","global",6.82466445065178,310,TRUE
"GGGCACTGTCAAAGAT-400.2.2","Monocle3","global",4.04374522044672,300,TRUE
"GGGTCTGAGTTTAGGA-400.2.2","Monocle3","global",12.1215210668249,450,TRUE
"GGGTCTGGTATATCCG-400.2.2","Monocle3","global",10.5343705119084,450,TRUE
"GGGTCTGGTCATATGC-400.2.2","Monocle3","global",10.3446958237236,390,TRUE
"GGGTTGCAGAGCCCAA-400.2.2","Monocle3","global",10.0274032468041,410,TRUE
"GGGTTGCCAAGCTGAG-400.2.2","Monocle3","global",7.74630452817,350,TRUE
"GGTATTGAGGCGACAT-400.2.2","Monocle3","global",6.30539250575649,360,TRUE
"GGTATTGGTATAAACG-400.2.2","Monocle3","global",11.3582424774754,490,TRUE
"GGTATTGGTCGTCTTC-400.2.2","Monocle3","global",6.20640275824239,360,TRUE
"GGTGAAGGTGCTTCTC-400.2.2","Monocle3","global",4.90774447009414,220,TRUE
"GGTGTTACAGCCTTGG-400.2.2","Monocle3","global",11.3647577196239,440,TRUE
"GGTGTTATCTGCTTGC-400.2.2","Monocle3","global",5.81832046318918,455,TRUE
"GTACTCCTCACCGGGT-400.2.2","Monocle3","global",9.96991442875647,320,TRUE
"GTACTTTCATCGTCGG-400.2.2","Monocle3","global",6.10745095249246,215,TRUE
"GTACTTTGTAGCGTCC-400.2.2","Monocle3","global",1.89279275054905,180,TRUE
"GTATCTTAGCCGGTAA-400.2.2","Monocle3","global",18.4606305586079,440,TRUE
"GTATCTTGTACTCTCC-400.2.2","Monocle3","global",6.61285594151088,265,TRUE
"GTATCTTGTTTAAGCC-400.2.2","Monocle3","global",6.77472459226247,265,TRUE
"GTATTCTGTCAGTGGA-400.2.2","Monocle3","global",3.44220234074987,270,TRUE
"GTCAAGTCACCAGCAC-400.2.2","Monocle3","global",10.2087590754145,425,TRUE
"GTCACAAAGTGTTAGA-400.2.2","Monocle3","global",6.76570692406606,345,TRUE
"GTCACAATCAGAGCTT-400.2.2","Monocle3","global",7.47428049053915,345,TRUE
"GTCACAATCATCTGTT-400.2.2","Monocle3","global",8.27725905936048,375,TRUE
"GTCATTTAGAGGGATA-400.2.2","Monocle3","global",0.453522237295328,190,TRUE
"GTCATTTGTATTACCG-400.2.2","Monocle3","global",1.38691976899538,195,TRUE
"GTCATTTTCTTAGAGC-400.2.2","Monocle3","global",0.683703696836007,190,TRUE
"GTCGGGTTCACCGTAA-400.2.2","Monocle3","global",5.33832307813617,260,TRUE
"GTCGGGTTCGGATGGA-400.2.2","Monocle3","global",8.36203681748266,385,TRUE
"GTGCAGCCACTTGGAT-400.2.2","Monocle3","global",4.77500871126811,270,TRUE
"GTGCAGCTCAAACAAG-400.2.2","Monocle3","global",7.52295580258171,375,TRUE
"GTGCAGCTCGCGTAGC-400.2.2","Monocle3","global",6.13164421238554,290,TRUE
"GTGCATACACGGTGTC-400.2.2","Monocle3","global",3.41224102746851,160,TRUE
"GTGCGGTCAAATCCGT-400.2.2","Monocle3","global",7.20000892645595,350,TRUE
"GTGCGGTTCTGGAGCC-400.2.2","Monocle3","global",7.23321260685363,360,TRUE
"GTGCTTCGTGATGATA-400.2.2","Monocle3","global",6.99765058944112,500,TRUE
"GTGCTTCGTTGTGGCC-400.2.2","Monocle3","global",4.43444720687132,260,TRUE
"GTGTGCGAGCCAACAG-400.2.2","Monocle3","global",5.3290635627054,300,TRUE
"GTGTGCGAGCTGGAAC-400.2.2","Monocle3","global",2.73439508765679,190,TRUE
"GTGTGCGTCCGCAAGC-400.2.2","Monocle3","global",10.0572750270653,385,TRUE
"GTGTGCGTCGAATCCA-400.2.2","Monocle3","global",8.80015883101994,425,TRUE
"GTGTGCGTCTTGACGA-400.2.2","Monocle3","global",3.14879910958362,260,TRUE
"GTGTTAGAGACGCTTT-400.2.2","Monocle3","global",3.62980952135951,330,TRUE
"GTGTTAGCACCTCGTT-400.2.2","Monocle3","global",5.71052725499331,260,TRUE
"GTGTTAGCATGGGACA-400.2.2","Monocle3","global",7.47893229050991,340,TRUE
"GTTAAGCAGGAACTGC-400.2.2","Monocle3","global",8.27725930540662,355,TRUE
"GTTAAGCCATTGTGCA-400.2.2","Monocle3","global",9.91586462332008,420,TRUE
"GTTAAGCGTAGCTAAA-400.2.2","Monocle3","global",5.83862050001071,245,TRUE
"GTTAAGCTCATGTCCC-400.2.2","Monocle3","global",14.286202276661,490,TRUE
"GTTACAGGTAGTAGTA-400.2.2","Monocle3","global",3.04136315047312,260,TRUE
"GTTCATTAGATAGGAG-400.2.2","Monocle3","global",13.6418402488377,410,TRUE
"GTTCATTTCAGCTCGG-400.2.2","Monocle3","global",7.7723607369924,375,TRUE
"GTTCGGGAGAGGTTAT-400.2.2","Monocle3","global",5.92654991755638,205,TRUE
"GTTCTCGAGAGCTGCA-400.2.2","Monocle3","global",7.21946215133016,375,TRUE
"GTTCTCGAGGCAGTCA-400.2.2","Monocle3","global",7.12686220225311,300,TRUE
"GTTCTCGTCCCTGACT-400.2.2","Monocle3","global",6.65499690419709,280,TRUE
"TAAACCGAGCGCCTCA-400.2.2","Monocle3","global",10.9304078026528,380,TRUE
"TAAGCGTCAATGGATA-400.2.2","Monocle3","global",7.51574703813546,380,TRUE
"TAAGTGCAGACGCACA-400.2.2","Monocle3","global",2.33143365030915,185,TRUE
"TAAGTGCAGATCCCGC-400.2.2","Monocle3","global",3.17583250783707,210,TRUE
"TAAGTGCAGGCTAGAC-400.2.2","Monocle3","global",2.60012478479873,215,TRUE
"TAAGTGCGTACTCGCG-400.2.2","Monocle3","global",8.06223579055201,385,TRUE
"TAAGTGCGTCGGCACT-400.2.2","Monocle3","global",6.16227869503482,320,TRUE
"TAAGTGCGTGGTCTCG-400.2.2","Monocle3","global",6.30916521923263,365,TRUE
"TAAGTGCTCCATTCTA-400.2.2","Monocle3","global",6.38220571616164,290,TRUE
"TACACGAGTGGTCTCG-400.2.2","Monocle3","global",7.01909777408996,360,TRUE
"TACAGTGGTAGAAAGG-400.2.2","Monocle3","global",9.53505210981655,450,TRUE
"TACCTATAGTACGCCC-400.2.2","Monocle3","global",5.19795493793509,320,TRUE
"TACCTATGTGCGCTTG-400.2.2","Monocle3","global",9.91813605498087,400,TRUE
"TACCTATTCGCCAAAT-400.2.2","Monocle3","global",3.12969216192997,260,TRUE
"TACCTTACAACACGCC-400.2.2","Monocle3","global",6.10504704336982,310,TRUE
"TACGGATCAAAGCAAT-400.2.2","Monocle3","global",13.1030286860697,490,TRUE
"TACGGGCCATCAGTCA-400.2.2","Monocle3","global",6.60883137465767,355,TRUE
"TACGGTAAGACATAAC-400.2.2","Monocle3","global",7.7159858504043,380,TRUE
"TACGGTACAAACAACA-400.2.2","Monocle3","global",12.6453195152708,420,TRUE
"TACGGTACAAGCTGGA-400.2.2","Monocle3","global",4.55187410168735,320,TRUE
"TACGGTAGTCATATGC-400.2.2","Monocle3","global",8.27725955145277,390,TRUE
"TACGGTATCGGCTTGG-400.2.2","Monocle3","global",4.17595608842201,290,TRUE
"TACTCATCAGCTGCAC-400.2.2","Monocle3","global",12.7691442026926,550,TRUE
"TACTCGCCACGAAAGC-400.2.2","Monocle3","global",3.0016817001067,265,TRUE
"TACTCGCTCACTATTC-400.2.2","Monocle3","global",3.81293225604322,320,TRUE
"TACTTGTGTCCGAACC-400.2.2","Monocle3","global",6.89978148014402,260,TRUE
"TAGACCAGTCCAGTTA-400.2.2","Monocle3","global",6.26055501490075,285,TRUE
"TAGACCATCTATGTGG-400.2.2","Monocle3","global",4.60319206368161,290,TRUE
"TAGAGCTAGCTGCAAG-400.2.2","Monocle3","global",2.36685817878389,215,TRUE
"TAGAGCTGTACAGTTC-400.2.2","Monocle3","global",10.8762562520336,450,TRUE
"TAGGCATCACCGAAAG-400.2.2","Monocle3","global",5.2658389666544,300,TRUE
"TAGTTGGCATGCAATC-400.2.2","Monocle3","global",6.53230919703791,350,TRUE
"TAGTTGGGTCATACTG-400.2.2","Monocle3","global",3.96479410270492,280,TRUE
"TAGTTGGTCAACACAC-400.2.2","Monocle3","global",8.5954184962607,390,TRUE
"TATCTCAAGTGACATA-400.2.2","Monocle3","global",6.20640300428854,350,TRUE
"TATGCCCCAATGGACG-400.2.2","Monocle3","global",6.49516091637167,380,TRUE
"TATGCCCCACAGGTTT-400.2.2","Monocle3","global",2.9932209937638,260,TRUE
"TATTACCGTTGGTGGA-400.2.2","Monocle3","global",13.1320032586263,380,TRUE
"TCAACGATCACGAAGG-400.2.2","Monocle3","global",5.4429703313856,280,TRUE
"TCAATCTCACCGAAAG-400.2.2","Monocle3","global",3.07070801642137,270,TRUE
"TCAATCTCACTTAACG-400.2.2","Monocle3","global",5.34795717907253,230,TRUE
"TCACAAGTCATCGATG-400.2.2","Monocle3","global",7.00038464572657,360,TRUE
"TCAGCAAAGATGCCTT-400.2.2","Monocle3","global",1.11113357739145,180,TRUE
"TCAGCAAGTATGGTTC-400.2.2","Monocle3","global",10.2199700085633,410,TRUE
"TCAGCTCTCAACACAC-400.2.2","Monocle3","global",6.0374621892792,300,TRUE
"TCAGGTATCGAACTGT-400.2.2","Monocle3","global",8.27725979749891,360,TRUE
"TCATTTGGTCTCTTAT-400.2.2","Monocle3","global",7.85101489542754,390,TRUE
"TCGAGGCGTAGCGATG-400.2.2","Monocle3","global",4.96229190666173,270,TRUE
"TCGAGGCGTTTGCATG-400.2.2","Monocle3","global",4.99401082710818,225,TRUE
"TCGCGAGGTTATCCGA-400.2.2","Monocle3","global",6.85408004210678,380,TRUE
"TCGCGAGTCTTGTACT-400.2.2","Monocle3","global",5.80587748977402,295,TRUE
"TCGCGTTAGGCTCTTA-400.2.2","Monocle3","global",11.3803049886785,490,TRUE
"TCGGGACCAGATAATG-400.2.2","Monocle3","global",10.1981904472347,405,TRUE
"TCGGGACCAGTATAAG-400.2.2","Monocle3","global",3.43649716052751,280,TRUE
"TCGGGACTCCTTTACA-400.2.2","Monocle3","global",5.32747401946578,320,TRUE
"TCGGTAAGTAGGACAC-400.2.2","Monocle3","global",0.316772915550496,190,TRUE
"TCGTAGAAGGCTATCT-400.2.2","Monocle3","global",5.4838557865019,260,TRUE
"TCTATTGGTATGGTTC-400.2.2","Monocle3","global",4.7408011485934,320,TRUE
"TCTCTAAAGCGTTTAC-400.2.2","Monocle3","global",10.0864753067221,385,TRUE
"TCTCTAAAGTCACGCC-400.2.2","Monocle3","global",5.27349068946246,285,TRUE
"TCTGAGAAGTGAACAT-400.2.2","Monocle3","global",0.90501644341318,170,TRUE
"TCTGAGAGTAAGAGGA-400.2.2","Monocle3","global",5.09789946885868,270,TRUE
"TCTGGAAGTGTAATGA-400.2.2","Monocle3","global",5.7846979311491,300,TRUE
"TCTTTCCCATGTCCTC-400.2.2","Monocle3","global",7.22077937983826,290,TRUE
"TGAAAGAAGCAGGTCA-400.2.2","Monocle3","global",6.31662913420091,260,TRUE
"TGAAAGAAGCCTCGTG-400.2.2","Monocle3","global",12.3614029133684,415,TRUE
"TGACGGCCACAACGTT-400.2.2","Monocle3","global",6.39514871257572,275,TRUE
"TGACGGCCACTCAGGC-400.2.2","Monocle3","global",4.58602389736683,230,TRUE
"TGACGGCGTCCGAGTC-400.2.2","Monocle3","global",9.28603722414876,405,TRUE
"TGACTAGGTTTGTGTG-400.2.2","Monocle3","global",5.92655016360252,260,TRUE
"TGACTTTAGTACGCCC-400.2.2","Monocle3","global",5.11439162805789,260,TRUE
"TGACTTTCAGACAAAT-400.2.2","Monocle3","global",6.20640325033468,380,TRUE
"TGACTTTGTTGCGTTA-400.2.2","Monocle3","global",9.9289904916015,435,TRUE
"TGAGAGGAGATGCGAC-400.2.2","Monocle3","global",10.6728856593685,450,TRUE
"TGAGAGGAGGGAAACA-400.2.2","Monocle3","global",10.7349282768568,450,TRUE
"TGAGAGGTCAGATAAG-400.2.2","Monocle3","global",12.9411814514534,550,TRUE
"TGAGCATGTTCCGGCA-400.2.2","Monocle3","global",9.01057853290344,450,TRUE
"TGAGGGAAGCGTCAAG-400.2.2","Monocle3","global",5.89911934029872,285,TRUE
"TGAGGGAGTCTTGATG-400.2.2","Monocle3","global",7.0800166203364,245,TRUE
"TGAGGGAGTGGTACAG-400.2.2","Monocle3","global",7.47236819196883,360,TRUE
"TGAGGGATCCCTGACT-400.2.2","Monocle3","global",4.18628716760732,355,TRUE
"TGATTTCCACATGTGT-400.2.2","Monocle3","global",8.27726004354505,390,TRUE
"TGATTTCGTATCTGCA-400.2.2","Monocle3","global",6.05020604687555,245,TRUE
"TGCACCTGTAGTAGTA-400.2.2","Monocle3","global",2.80315912589577,195,TRUE
"TGCACCTGTCAACTGT-400.2.2","Monocle3","global",10.3571693571383,380,TRUE
"TGCACCTGTCCAGTAT-400.2.2","Monocle3","global",4.10572991795119,265,TRUE
"TGCCAAAAGGTTCCTA-400.2.2","Monocle3","global",10.2628040205135,380,TRUE
"TGCCCATAGGAGTCTG-400.2.2","Monocle3","global",5.386069046893,350,TRUE
"TGCCCTAAGCTAGTGG-400.2.2","Monocle3","global",9.62404004588045,395,TRUE
"TGCGCAGTCAATAAGG-400.2.2","Monocle3","global",4.69094361416279,230,TRUE
"TGCGGGTAGTCAAGCG-400.2.2","Monocle3","global",6.82642963925379,270,TRUE
"TGCGTGGGTGGCCCTA-400.2.2","Monocle3","global",6.20640349638083,375,TRUE
"TGCGTGGTCCACGTTC-400.2.2","Monocle3","global",4.77354855123524,290,TRUE
"TGCTACCAGGAGCGTT-400.2.2","Monocle3","global",2.72651373041223,180,TRUE
"TGCTACCTCCTCAACC-400.2.2","Monocle3","global",6.77323711092716,270,TRUE
"TGGACGCGTCTTGATG-400.2.2","Monocle3","global",12.8415131997746,550,TRUE
"TGGACGCTCTCTAAGG-400.2.2","Monocle3","global",1.44146749050407,220,TRUE
"TGGACGCTCTTTACGT-400.2.2","Monocle3","global",7.25219042220615,360,TRUE
"TGGCCAGGTATAAACG-400.2.2","Monocle3","global",4.0309628924191,290,TRUE
"TGGCTGGCACGTCTCT-400.2.2","Monocle3","global",3.93521959563691,230,TRUE
"TGGCTGGTCACTTATC-400.2.2","Monocle3","global",6.61285618755702,275,TRUE
"TGGGCGTGTCTGATCA-400.2.2","Monocle3","global",5.28901000323109,330,TRUE
"TGGTTAGGTGTTCGAT-400.2.2","Monocle3","global",7.87530010052259,360,TRUE
"TGGTTCCTCATCGATG-400.2.2","Monocle3","global",8.43090604424056,395,TRUE
"TGGTTCCTCTCCGGTT-400.2.2","Monocle3","global",18.4153691050122,415,TRUE
"TGTATTCAGTTACCCA-400.2.2","Monocle3","global",7.35801085513611,290,TRUE
"TGTATTCGTACACCGC-400.2.2","Monocle3","global",12.7325605158799,550,TRUE
"TGTGGTAAGCTAACAA-400.2.2","Monocle3","global",18.5108310298368,470,TRUE
"TGTGGTAGTCTAGCCG-400.2.2","Monocle3","global",6.88610113702061,380,TRUE
"TGTGTTTCACCATCCT-400.2.2","Monocle3","global",2.47091605939592,370,TRUE
"TGTGTTTCATTGGTAC-400.2.2","Monocle3","global",5.27060471930926,300,TRUE
"TGTGTTTGTGTTGAGG-400.2.2","Monocle3","global",8.1014696057214,345,TRUE
"TGTTCCGTCACCGTAA-400.2.2","Monocle3","global",7.78293153892498,350,TRUE
"TGTTCCGTCATTGCGA-400.2.2","Monocle3","global",5.4727054028632,285,TRUE
"TTAACTCAGATCGATA-400.2.2","Monocle3","global",18.2709938328868,450,TRUE
"TTAACTCGTCGCATAT-400.2.2","Monocle3","global",6.053886828228,330,TRUE
"TTAACTCTCTCTTATG-400.2.2","Monocle3","global",1.76210902441467,225,TRUE
"TTAGGCAAGGATATAC-400.2.2","Monocle3","global",5.92655040964867,300,TRUE
"TTATGCTAGAGACTTA-400.2.2","Monocle3","global",1.89657320899952,170,TRUE
"TTCGAAGAGCTGCCCA-400.2.2","Monocle3","global",4.96940747416736,245,TRUE
"TTCGAAGCAAAGCAAT-400.2.2","Monocle3","global",8.31833997256996,385,TRUE
"TTCGAAGTCGAATCCA-400.2.2","Monocle3","global",6.26957628456364,335,TRUE
"TTCGGTCAGGTAGCCA-400.2.2","Monocle3","global",10.7481322712423,420,TRUE
"TTCGGTCGTTGCGCAC-400.2.2","Monocle3","global",12.1537622971657,490,TRUE
"TTCTACAAGCCTATGT-400.2.2","Monocle3","global",5.30619720256061,345,TRUE
"TTCTACAGTGCAACTT-400.2.2","Monocle3","global",0.329482184602886,190,TRUE
"TTCTCAACACGAAGCA-400.2.2","Monocle3","global",7.37299393207029,360,TRUE
"TTCTCCTCAAGAGGCT-400.2.2","Monocle3","global",3.25821001357146,260,TRUE
"TTCTCCTTCGCAGGCT-400.2.2","Monocle3","global",4.18707808771688,270,TRUE
"TTGCGTCGTACGACCC-400.2.2","Monocle3","global",10.0670764029724,385,TRUE
"TTGGAACAGTACGACG-400.2.2","Monocle3","global",2.35569068781747,760,TRUE
"TTGGAACGTACATGTC-400.2.2","Monocle3","global",4.03096313846525,300,TRUE
"TTGTAGGAGCCACTAT-400.2.2","Monocle3","global",11.3509259142597,440,TRUE
"TTGTAGGCACATTTCT-400.2.2","Monocle3","global",5.77944464671808,350,TRUE
"TTGTAGGGTTGCTCCT-400.2.2","Monocle3","global",7.0625852102845,265,TRUE
"TTGTAGGTCCACGAAT-400.2.2","Monocle3","global",4.77354879728138,300,TRUE
"TTTACTGAGTAGGTGC-400.2.2","Monocle3","global",5.43437146845468,350,TRUE
"TTTATGCAGAAGGGTA-400.2.2","Monocle3","global",11.8109138573169,490,TRUE
"TTTATGCGTAAACGCG-400.2.2","Monocle3","global",9.73659066803446,310,TRUE
"TTTATGCTCGCGCCAA-400.2.2","Monocle3","global",6.25916879944555,355,TRUE
"TTTCCTCCAATAGAGT-400.2.2","Monocle3","global",6.7657071701122,350,TRUE
"TTTGCGCAGAGCCCAA-400.2.2","Monocle3","global",12.3639421991466,430,TRUE
"TTTGCGCCAGTAGAGC-400.2.2","Monocle3","global",12.9271664647545,585,TRUE
"TTTGGTTAGTCCCACG-400.2.2","Monocle3","global",5.54671599409505,300,TRUE
"TTTGGTTCACGACGAA-400.2.2","Monocle3","global",7.18504184869739,300,TRUE
"TTTGTCATCCAGTAGT-400.2.2","Monocle3","global",13.4712463840305,450,TRUE
"AAACCTGAGACAATAC-400.2.3","Monocle3","global",6.71069430731039,270,TRUE
"AAACCTGCAGATAATG-400.2.3","Monocle3","global",5.85523908484742,320,TRUE
"AAACCTGTCCCGACTT-400.2.3","Monocle3","global",4.75644185525145,300,TRUE
"AAACGGGAGCTGAAAT-400.2.3","Monocle3","global",4.47528758750844,220,TRUE
"AAACGGGCATGGGACA-400.2.3","Monocle3","global",2.97168109412614,190,TRUE
"AAAGATGAGCGATCCC-400.2.3","Monocle3","global",4.77406666892045,300,TRUE
"AAAGATGGTAATCACC-400.2.3","Monocle3","global",0.930948159514885,175,TRUE
"AAAGCAAAGAGACTAT-400.2.3","Monocle3","global",11.9186737717366,415,TRUE
"AAAGCAAGTAGCAAAT-400.2.3","Monocle3","global",6.60022192783015,360,TRUE
"AAAGCAATCCGCAAGC-400.2.3","Monocle3","global",6.66598022516703,270,TRUE
"AAAGTAGCAGTAAGAT-400.2.3","Monocle3","global",10.1246442439135,385,TRUE
"AAAGTAGGTGTCGCTG-400.2.3","Monocle3","global",6.99765083548727,360,TRUE
"AACACGTAGAGGTACC-400.2.3","Monocle3","global",7.2019168008715,345,TRUE
"AACACGTGTTCTCATT-400.2.3","Monocle3","global",19.6533842395536,635,TRUE
"AACCGCGTCGGCTACG-400.2.3","Monocle3","global",9.96847557144876,385,TRUE
"AACCGCGTCTATCCCG-400.2.3","Monocle3","global",5.92399902492425,245,TRUE
"AACGTTGCATCCCATC-400.2.3","Monocle3","global",7.3092303989271,335,TRUE
"AACTCAGAGTCTCAAC-400.2.3","Monocle3","global",1.24431030971408,260,TRUE
"AACTCAGCACATCCGG-400.2.3","Monocle3","global",5.72435995252037,320,TRUE
"AACTCAGGTGTTGGGA-400.2.3","Monocle3","global",14.8680428717459,640,TRUE
"AACTCAGTCGTCTGCT-400.2.3","Monocle3","global",6.72804496079896,260,TRUE
"AACTCCCCATATACCG-400.2.3","Monocle3","global",2.62186043879147,225,TRUE
"AACTCTTCAGAGTGTG-400.2.3","Monocle3","global",9.67072003761007,340,TRUE
"AACTCTTGTAAATACG-400.2.3","Monocle3","global",4.58124366949901,300,TRUE
"AACTTTCCAGATAATG-400.2.3","Monocle3","global",4.96091306720418,280,TRUE
"AACTTTCTCTGTCTCG-400.2.3","Monocle3","global",10.7878517464012,375,TRUE
"AAGACCTCATGTAAGA-400.2.3","Monocle3","global",6.76570741615835,350,TRUE
"AAGCCGCAGCGCCTCA-400.2.3","Monocle3","global",10.0274034928503,450,TRUE
"AAGCCGCGTCTCTTAT-400.2.3","Monocle3","global",10.3372063281849,405,TRUE
"AAGCCGCGTTCAGCGC-400.2.3","Monocle3","global",7.48704647956351,325,TRUE
"AAGGAGCAGCCCGAAA-400.2.3","Monocle3","global",10.4839063651925,395,TRUE
"AAGGAGCCATCACCCT-400.2.3","Monocle3","global",4.95421185531252,320,TRUE
"AAGGAGCGTTCTGGTA-400.2.3","Monocle3","global",4.92865439200502,300,TRUE
"AAGGAGCGTTGCGTTA-400.2.3","Monocle3","global",4.96036517203888,300,TRUE
"AAGGAGCGTTTGACAC-400.2.3","Monocle3","global",0.0373501876062667,185,TRUE
"AAGGCAGGTCCGCTGA-400.2.3","Monocle3","global",6.6933325526554,275,TRUE
"AAGGCAGTCAGCATGT-400.2.3","Monocle3","global",8.2772602895912,375,TRUE
"AAGGTTCCAGTTTACG-400.2.3","Monocle3","global",9.73982612246467,350,TRUE
"AAGGTTCTCAGTTCGA-400.2.3","Monocle3","global",0.724041080594467,170,TRUE
"AAGTCTGAGAAGATTC-400.2.3","Monocle3","global",5.43881186760344,230,TRUE
"AAGTCTGAGCAATATG-400.2.3","Monocle3","global",7.34054109276027,380,TRUE
"AAGTCTGCAGACGCCT-400.2.3","Monocle3","global",10.1873926762722,390,TRUE
"AAGTCTGGTGAGTGAC-400.2.3","Monocle3","global",3.45521288335375,260,TRUE
"AATCGGTAGTTCGATC-400.2.3","Monocle3","global",6.56634057099527,265,TRUE
"AATCGGTCACCAGATT-400.2.3","Monocle3","global",11.5168839806685,450,TRUE
"ACACCAATCAAACGGG-400.2.3","Monocle3","global",6.0217770680312,300,TRUE
"ACACCCTAGTTGCAGG-400.2.3","Monocle3","global",6.83180674949868,375,TRUE
"ACACCGGAGCGATCCC-400.2.3","Monocle3","global",8.46561649580128,420,TRUE
"ACACTGACACGGTAAG-400.2.3","Monocle3","global",10.9553981418492,450,TRUE
"ACACTGATCTGATTCT-400.2.3","Monocle3","global",7.83347852085494,390,TRUE
"ACAGCCGCATATGGTC-400.2.3","Monocle3","global",6.32730165040416,245,TRUE
"ACAGCCGCATGAAGTA-400.2.3","Monocle3","global",11.525601746468,450,TRUE
"ACAGCTAAGTACGACG-400.2.3","Monocle3","global",9.82530987489961,390,TRUE
"ACATACGAGTAACCCT-400.2.3","Monocle3","global",12.0772797764413,450,TRUE
"ACATACGTCTTTAGTC-400.2.3","Monocle3","global",19.5657329854145,640,TRUE
"ACATCAGAGTGCTGCC-400.2.3","Monocle3","global",8.26674482259966,380,TRUE
"ACATCAGGTAGCGCAA-400.2.3","Monocle3","global",6.54225279954654,260,TRUE
"ACATCAGTCTCGCTTG-400.2.3","Monocle3","global",7.71598609645044,380,TRUE
"ACATCAGTCTTAACCT-400.2.3","Monocle3","global",8.54104227055036,410,TRUE
"ACATGGTCATCACGAT-400.2.3","Monocle3","global",5.3840032051903,340,TRUE
"ACATGGTTCAACCATG-400.2.3","Monocle3","global",6.76002111201563,290,TRUE
"ACCAGTAAGCTGAAAT-400.2.3","Monocle3","global",6.45909506414602,310,TRUE
"ACCAGTAAGTGGAGAA-400.2.3","Monocle3","global",10.4059936081126,350,TRUE
"ACCAGTACAATGGACG-400.2.3","Monocle3","global",9.74924319456015,320,TRUE
"ACCAGTAGTCAGTGGA-400.2.3","Monocle3","global",2.75035079941388,260,TRUE
"ACCCACTAGCGTCTAT-400.2.3","Monocle3","global",4.77509282326275,320,TRUE
"ACCGTAAGTCACTTCC-400.2.3","Monocle3","global",5.429858947142,230,TRUE
"ACCTTTACAAATCCGT-400.2.3","Monocle3","global",6.22383193849661,350,TRUE
"ACGAGGAGTATGAATG-400.2.3","Monocle3","global",3.62045680486379,260,TRUE
"ACGATACAGACAGAGA-400.2.3","Monocle3","global",6.15912153894724,350,TRUE
"ACGATGTCATCACCCT-400.2.3","Monocle3","global",11.9183949442952,420,TRUE
"ACGCAGCCACTAAGTC-400.2.3","Monocle3","global",7.47405338117578,310,TRUE
"ACGCAGCCAGTTAACC-400.2.3","Monocle3","global",10.5562768772245,420,TRUE
"ACGCAGCTCGGCTACG-400.2.3","Monocle3","global",2.00272457556553,170,TRUE
"ACGCCAGAGGGTTCCC-400.2.3","Monocle3","global",5.61555993472994,260,TRUE
"ACGCCAGTCACCACCT-400.2.3","Monocle3","global",4.63562974342546,205,TRUE
"ACGCCGAAGCCACTAT-400.2.3","Monocle3","global",4.40982039027101,200,TRUE
"ACGGAGAAGTTATCGC-400.2.3","Monocle3","global",4.04674162954122,295,TRUE
"ACGGCCAAGATAGCAT-400.2.3","Monocle3","global",8.75846865638122,435,TRUE
"ACGGGCTCATCGATTG-400.2.3","Monocle3","global",5.36185763706823,295,TRUE
"ACGGGCTGTAGCGATG-400.2.3","Monocle3","global",2.68100783855967,160,TRUE
"ACGGGCTTCAACCAAC-400.2.3","Monocle3","global",8.24278387227757,380,TRUE
"ACGTCAAAGGTAGCTG-400.2.3","Monocle3","global",12.1161790863008,500,TRUE
"ACGTCAAAGTAATCCC-400.2.3","Monocle3","global",7.85541918845958,415,TRUE
"ACGTCAACAACTGGCC-400.2.3","Monocle3","global",6.73949497382902,260,TRUE
"ACTGAACAGCACAGGT-400.2.3","Monocle3","global",10.6870306325556,420,TRUE
"ACTGAACAGTGGAGAA-400.2.3","Monocle3","global",3.87564837264072,265,TRUE
"ACTGAGTTCGCAGGCT-400.2.3","Monocle3","global",8.09874913553328,390,TRUE
"ACTGCTCAGACTGGGT-400.2.3","Monocle3","global",6.44486554749239,350,TRUE
"ACTGTCCTCGCCTGAG-400.2.3","Monocle3","global",7.50165296405994,360,TRUE
"ACTGTCCTCTTGAGGT-400.2.3","Monocle3","global",8.98468329761111,385,TRUE
"ACTTTCAGTCCATGAT-400.2.3","Monocle3","global",1.67966980162162,190,TRUE
"ACTTTCATCTCGCTTG-400.2.3","Monocle3","global",5.92655065569481,260,TRUE
"AGAATAGAGTTCCACA-400.2.3","Monocle3","global",7.78656987499343,385,TRUE
"AGAATAGGTTTGTGTG-400.2.3","Monocle3","global",5.04748046409778,320,TRUE
"AGACGTTGTAGCGTCC-400.2.3","Monocle3","global",3.00057661416293,260,TRUE
"AGAGCGAAGGAGTACC-400.2.3","Monocle3","global",0.683703942882151,170,TRUE
"AGAGCGAGTCTCTCTG-400.2.3","Monocle3","global",9.0913594353574,310,TRUE
"AGAGCTTCATGGTAGG-400.2.3","Monocle3","global",6.8605106383093,380,TRUE
"AGATCTGCATTATCTC-400.2.3","Monocle3","global",4.93140823404688,295,TRUE
"AGATTGCAGAAGATTC-400.2.3","Monocle3","global",0.708150046874186,175,TRUE
"AGATTGCAGATCACGG-400.2.3","Monocle3","global",10.0504227456851,390,TRUE
"AGCATACAGTAGGTGC-400.2.3","Monocle3","global",5.98029396910816,220,TRUE
"AGCATACAGTCACGCC-400.2.3","Monocle3","global",10.1032501205983,385,TRUE
"AGCATACCAGATCCAT-400.2.3","Monocle3","global",0.501262143654948,200,TRUE
"AGCCTAAAGAAGGTTT-400.2.3","Monocle3","global",6.20640374242697,350,TRUE
"AGCCTAATCACTTATC-400.2.3","Monocle3","global",10.8879188122,410,TRUE
"AGCCTAATCGTCCGTT-400.2.3","Monocle3","global",4.04502511181599,270,TRUE
"AGCGGTCGTGTCTGAT-400.2.3","Monocle3","global",5.85967870477299,325,TRUE
"AGCGTATAGTTAGGTA-400.2.3","Monocle3","global",3.10209775036981,260,TRUE
"AGCGTATCAAAGCAAT-400.2.3","Monocle3","global",9.11805878781399,380,TRUE
"AGCGTATGTCGCGGTT-400.2.3","Monocle3","global",2.87521950105307,260,TRUE
"AGCGTATTCTGTCTAT-400.2.3","Monocle3","global",12.1096593036653,450,TRUE
"AGCGTCGAGATGCCAG-400.2.3","Monocle3","global",0.719877865069764,180,TRUE
"AGCTCCTCATACCATG-400.2.3","Monocle3","global",8.81066635477345,435,TRUE
"AGCTCCTTCCGAGCCA-400.2.3","Monocle3","global",3.00571191089314,260,TRUE
"AGCTCCTTCCGTCAAA-400.2.3","Monocle3","global",7.19766377806147,340,TRUE
"AGCTCCTTCTTGTACT-400.2.3","Monocle3","global",8.27726053563734,345,TRUE
"AGCTCTCCAAGTTGTC-400.2.3","Monocle3","global",4.55187434773349,260,TRUE
"AGCTTGACACGACTCG-400.2.3","Monocle3","global",8.50819572349228,415,TRUE
"AGGCCGTAGGAGTCTG-400.2.3","Monocle3","global",7.52785667247778,370,TRUE
"AGGCCGTGTGAAGGCT-400.2.3","Monocle3","global",6.79216453259001,390,TRUE
"AGGGAGTTCAAGCCTA-400.2.3","Monocle3","global",10.7014680686273,450,TRUE
"AGGGATGGTAGTGAAT-400.2.3","Monocle3","global",11.3397265502955,450,TRUE
"AGGGTGACACCAGGCT-400.2.3","Monocle3","global",6.09076928279937,380,TRUE
"AGGGTGACAGATCTGT-400.2.3","Monocle3","global",2.71358466237525,200,TRUE
"AGGGTGACATGAGCGA-400.2.3","Monocle3","global",9.76771633295652,500,TRUE
"AGGTCATGTCACCTAA-400.2.3","Monocle3","global",4.26866262779724,270,TRUE
"AGGTCCGAGACAAAGG-400.2.3","Monocle3","global",6.1074511985386,260,TRUE
"AGGTCCGAGAGCTTCT-400.2.3","Monocle3","global",7.05964606277231,270,TRUE
"AGTAGTCGTGGACGAT-400.2.3","Monocle3","global",8.97536958530503,405,TRUE
"AGTAGTCTCAACACCA-400.2.3","Monocle3","global",7.30999421404777,360,TRUE
"AGTAGTCTCTTCTGGC-400.2.3","Monocle3","global",4.53822474320849,300,TRUE
"AGTCTTTAGATGAGAG-400.2.3","Monocle3","global",6.76570766220449,350,TRUE
"AGTCTTTTCGTAGGAG-400.2.3","Monocle3","global",6.61212389782758,340,TRUE
"AGTCTTTTCTGTCTCG-400.2.3","Monocle3","global",0.60968426190247,175,TRUE
"AGTGAGGCACTGAAGG-400.2.3","Monocle3","global",10.2145152661926,350,TRUE
"AGTGGGAAGCGATCCC-400.2.3","Monocle3","global",11.1603158619869,410,TRUE
"AGTGGGAGTTGCTCCT-400.2.3","Monocle3","global",8.21595532288243,400,TRUE
"AGTGTCAAGTTGAGTA-400.2.3","Monocle3","global",3.42193560483917,260,TRUE
"AGTGTCATCCTGTACC-400.2.3","Monocle3","global",7.55415917110983,360,TRUE
"AGTTGGTCAAGGACAC-400.2.3","Monocle3","global",8.20856464430154,435,TRUE
"ATAACGCAGAAGAAGC-400.2.3","Monocle3","global",1.97935079562438,220,TRUE
"ATAACGCAGATCCGAG-400.2.3","Monocle3","global",5.78280924711627,350,TRUE
"ATAGACCAGCTGAACG-400.2.3","Monocle3","global",3.12345262270831,260,TRUE
"ATCACGACAAGTAGTA-400.2.3","Monocle3","global",4.21999423465076,290,TRUE
"ATCACGAGTTCGCTAA-400.2.3","Monocle3","global",5.56807560387148,300,TRUE
"ATCACGATCCGGGTGT-400.2.3","Monocle3","global",7.78715327275786,385,TRUE
"ATCATGGAGACTAGAT-400.2.3","Monocle3","global",8.14905113800702,380,TRUE
"ATCATGGAGATGTAAC-400.2.3","Monocle3","global",4.77530494486387,270,TRUE
"ATCCACCTCTCTGCTG-400.2.3","Monocle3","global",6.61285643360316,270,TRUE
"ATCCGAACAAGGTGTG-400.2.3","Monocle3","global",12.3832505989446,520,TRUE
"ATCCGAACAATGACCT-400.2.3","Monocle3","global",4.77354904332752,300,TRUE
"ATCCGAACATCCGGGT-400.2.3","Monocle3","global",4.92293440135706,300,TRUE
"ATCGAGTTCAGTCAGT-400.2.3","Monocle3","global",7.09609848052357,295,TRUE
"ATCGAGTTCATCATTC-400.2.3","Monocle3","global",4.55647599026344,260,TRUE
"ATCTACTTCTTGTACT-400.2.3","Monocle3","global",12.8037947381001,550,TRUE
"ATCTGCCCATAAGACA-400.2.3","Monocle3","global",7.49018851000586,360,TRUE
"ATCTGCCCATCAGTAC-400.2.3","Monocle3","global",5.8555222660141,345,TRUE
"ATCTGCCGTTCGGCAC-400.2.3","Monocle3","global",1.63620960227427,185,TRUE
"ATGAGGGAGAGGTAGA-400.2.3","Monocle3","global",6.43290364049836,375,TRUE
"ATGAGGGAGTCACGCC-400.2.3","Monocle3","global",13.315976212124,550,TRUE
"ATGAGGGGTGCCTGCA-400.2.3","Monocle3","global",7.50097231020081,300,TRUE
"ATGAGGGTCTGGGCCA-400.2.3","Monocle3","global",4.77354928937367,320,TRUE
"ATGCGATCACAGGTTT-400.2.3","Monocle3","global",4.92865463805116,300,TRUE
"ATGGGAGCATTGCGGC-400.2.3","Monocle3","global",5.71251014323758,260,TRUE
"ATGTGTGCAATCTGCA-400.2.3","Monocle3","global",8.1895088350784,380,TRUE
"ATGTGTGGTTATGCGT-400.2.3","Monocle3","global",7.20858893494474,380,TRUE
"ATTACTCCAAAGCGGT-400.2.3","Monocle3","global",7.9754359558724,390,TRUE
"ATTATCCTCCGAATGT-400.2.3","Monocle3","global",2.45386237037248,190,TRUE
"ATTGGACCAGGTCCAC-400.2.3","Monocle3","global",9.33847868382,470,TRUE
"ATTGGACGTCCCGACA-400.2.3","Monocle3","global",14.1851946955634,700,TRUE
"ATTGGACGTTGGTTTG-400.2.3","Monocle3","global",5.97979693990567,310,TRUE
"ATTGGACTCCCTTGTG-400.2.3","Monocle3","global",8.9825810668898,405,TRUE
"ATTTCTGAGGACTGGT-400.2.3","Monocle3","global",2.33708116314803,265,TRUE
"ATTTCTGTCCACGTTC-400.2.3","Monocle3","global",5.45426417047774,345,TRUE
"ATTTCTGTCCTAGGGC-400.2.3","Monocle3","global",13.6085095566576,420,TRUE
"CAACCTCCACACATGT-400.2.3","Monocle3","global",6.0070228471749,325,TRUE
"CAACCTCTCCTCAACC-400.2.3","Monocle3","global",8.07488884993102,375,TRUE
"CAACTAGAGCAGCGTA-400.2.3","Monocle3","global",7.22154867466422,320,TRUE
"CAAGAAAAGAGTACAT-400.2.3","Monocle3","global",8.27726078168348,390,TRUE
"CAAGAAAGTACCATCA-400.2.3","Monocle3","global",1.01625801248075,195,TRUE
"CAAGATCAGACCACGA-400.2.3","Monocle3","global",7.50577894201538,335,TRUE
"CAAGATCAGTTCCACA-400.2.3","Monocle3","global",6.55318836565668,220,TRUE
"CAAGGCCAGAAGAAGC-400.2.3","Monocle3","global",8.20525370853241,355,TRUE
"CAAGTTGGTCTGCGGT-400.2.3","Monocle3","global",14.3611424575752,490,TRUE
"CACACCTAGCTACCGC-400.2.3","Monocle3","global",6.54225304559268,230,TRUE
"CACACCTCATGTAAGA-400.2.3","Monocle3","global",5.43572366929289,245,TRUE
"CACACCTCATTAACCG-400.2.3","Monocle3","global",4.99413514485906,330,TRUE
"CACACTCCAAGCCGCT-400.2.3","Monocle3","global",9.15160459090742,390,TRUE
"CACAGGCAGATCCCAT-400.2.3","Monocle3","global",6.61281716770788,260,TRUE
"CACAGTAGTCATATCG-400.2.3","Monocle3","global",1.01275514371409,175,TRUE
"CACAGTAGTCGGCATC-400.2.3","Monocle3","global",11.2981783304565,450,TRUE
"CACATAGCACACTGCG-400.2.3","Monocle3","global",6.76469627072242,270,TRUE
"CACATAGCACATTTCT-400.2.3","Monocle3","global",12.1102074468941,450,TRUE
"CACATTTGTAGGCATG-400.2.3","Monocle3","global",4.19898405578457,260,TRUE
"CACCACTAGTACGCCC-400.2.3","Monocle3","global",3.76282792388577,200,TRUE
"CACCACTTCATCGCTC-400.2.3","Monocle3","global",4.7742281232109,310,TRUE
"CACCAGGTCCTCCTAG-400.2.3","Monocle3","global",6.45441210042715,350,TRUE
"CACCTTGCACAGATTC-400.2.3","Monocle3","global",12.3241429535949,450,TRUE
"CACCTTGGTAGAGTGC-400.2.3","Monocle3","global",4.20749887357193,355,TRUE
"CACTCCAGTCAAAGCG-400.2.3","Monocle3","global",0.31677316159664,175,TRUE
"CAGAATCCACAAGCCC-400.2.3","Monocle3","global",7.15669683226135,340,TRUE
"CAGAATCCAGCTGCAC-400.2.3","Monocle3","global",3.31190204735619,260,TRUE
"CAGAATCGTGGGTATG-400.2.3","Monocle3","global",4.77354953541981,275,TRUE
"CAGAGAGGTACGCACC-400.2.3","Monocle3","global",10.0790293403559,420,TRUE
"CAGAGAGGTTCTGTTT-400.2.3","Monocle3","global",10.1702807133173,390,TRUE
"CAGATCAGTAGCTAAA-400.2.3","Monocle3","global",5.81200150781982,230,TRUE
"CAGCAGCGTTAGGGTG-400.2.3","Monocle3","global",11.4608060086241,490,TRUE
"CAGCATAAGATATGCA-400.2.3","Monocle3","global",6.10745144458475,270,TRUE
"CAGCATAGTATTAGCC-400.2.3","Monocle3","global",12.1018549415539,450,TRUE
"CAGCATATCCCTAACC-400.2.3","Monocle3","global",3.62980976740566,260,TRUE
"CAGCCGACAAGTTGTC-400.2.3","Monocle3","global",5.69049359906513,200,TRUE
"CAGCCGACAGGCTCAC-400.2.3","Monocle3","global",6.20640398847311,340,TRUE
"CAGCGACCAAGCCGCT-400.2.3","Monocle3","global",2.8739389499155,270,TRUE
"CAGCGACTCTGATTCT-400.2.3","Monocle3","global",1.78815627296548,175,TRUE
"CAGCTAACAGCTGTTA-400.2.3","Monocle3","global",5.36028354608619,225,TRUE
"CAGCTGGAGCGTGTCC-400.2.3","Monocle3","global",6.38068879868084,290,TRUE
"CAGGTGCAGCGATGAC-400.2.3","Monocle3","global",4.98632102158686,230,TRUE
"CAGGTGCCACTGTGTA-400.2.3","Monocle3","global",5.71052750103946,260,TRUE
"CAGGTGCGTCAATGTC-400.2.3","Monocle3","global",10.6184760133559,450,TRUE
"CAGGTGCTCACTGGGC-400.2.3","Monocle3","global",4.77400395077336,290,TRUE
"CAGTAACTCCTTCAAT-400.2.3","Monocle3","global",13.5060157812441,440,TRUE
"CATATGGGTCGACTGC-400.2.3","Monocle3","global",5.63641587341745,300,TRUE
"CATATGGTCACGATGT-400.2.3","Monocle3","global",4.77359316734743,265,TRUE
"CATCAAGTCGAATGCT-400.2.3","Monocle3","global",6.10745169063089,325,TRUE
"CATCGAACAGCCAGAA-400.2.3","Monocle3","global",3.10336416731586,270,TRUE
"CATCGGGCAGCTTAAC-400.2.3","Monocle3","global",10.0373744577133,380,TRUE
"CATCGGGTCAAGGCTT-400.2.3","Monocle3","global",7.02887348219375,270,TRUE
"CATGACAAGTGCGTGA-400.2.3","Monocle3","global",5.46992411406434,285,TRUE
"CATGACACATGCTGGC-400.2.3","Monocle3","global",9.97354902723194,405,TRUE
"CATGACAGTGCAACTT-400.2.3","Monocle3","global",0.724735349998527,195,TRUE
"CATGGCGCAAATTGCC-400.2.3","Monocle3","global",1.27834436651409,190,TRUE
"CATGGCGTCTAACGGT-400.2.3","Monocle3","global",2.78653881031878,175,TRUE
"CATTCGCAGCGAAGGG-400.2.3","Monocle3","global",10.5601197739536,410,TRUE
"CCAATCCGTAGTGAAT-400.2.3","Monocle3","global",1.99618094222982,190,TRUE
"CCAATCCTCTACTTAC-400.2.3","Monocle3","global",5.73668622799893,330,TRUE
"CCACCTATCTACCAGA-400.2.3","Monocle3","global",5.52678345457863,295,TRUE
"CCACGGATCACCCTCA-400.2.3","Monocle3","global",6.17356183572767,310,TRUE
"CCACGGATCCTAAGTG-400.2.3","Monocle3","global",5.92655090174096,260,TRUE
"CCACTACCACTCGACG-400.2.3","Monocle3","global",2.56517048477552,205,TRUE
"CCACTACTCACTGGGC-400.2.3","Monocle3","global",5.80677044870013,260,TRUE
"CCAGCGAAGCGTTCCG-400.2.3","Monocle3","global",7.1635754219343,300,TRUE
"CCATGTCCACCATCCT-400.2.3","Monocle3","global",6.66073339778509,300,TRUE
"CCCAATCCACCGAAAG-400.2.3","Monocle3","global",4.74080139463954,295,TRUE
"CCCATACTCCCATTAT-400.2.3","Monocle3","global",9.12349070274546,380,TRUE
"CCCTCCTCAGTATGCT-400.2.3","Monocle3","global",5.9802942151543,230,TRUE
"CCGGTAGCAGCTGTGC-400.2.3","Monocle3","global",19.5239025465733,550,TRUE
"CCGGTAGGTTGTACAC-400.2.3","Monocle3","global",6.15808703020182,270,TRUE
"CCGTACTAGATGTGTA-400.2.3","Monocle3","global",5.32906380875154,325,TRUE
"CCGTTCAGTCGGCTCA-400.2.3","Monocle3","global",5.3042196764993,450,TRUE
"CCTAAAGAGTACGCGA-400.2.3","Monocle3","global",6.20640423451926,320,TRUE
"CCTAAAGCAATCAGAA-400.2.3","Monocle3","global",14.0786309473004,585,TRUE
"CCTAAAGGTAAGTGTA-400.2.3","Monocle3","global",3.00333536842174,280,TRUE
"CCTAAAGGTTCCGTCT-400.2.3","Monocle3","global",9.79595019617618,520,TRUE
"CCTACACCACATTAGC-400.2.3","Monocle3","global",5.15924303259874,230,TRUE
"CCTACACGTTAAAGAC-400.2.3","Monocle3","global",7.74259547411136,400,TRUE
"CCTACACGTTCGCTAA-400.2.3","Monocle3","global",6.0241869604137,300,TRUE
"CCTACCAAGTCGTTTG-400.2.3","Monocle3","global",5.39629439994075,355,TRUE
"CCTACCATCACCCGAG-400.2.3","Monocle3","global",5.79742849418711,260,TRUE
"CCTAGCTCACAGGCCT-400.2.3","Monocle3","global",5.22812125748017,370,TRUE
"CCTAGCTCATCATCCC-400.2.3","Monocle3","global",6.07990604467382,270,TRUE
"CCTATTATCACTTCAT-400.2.3","Monocle3","global",10.5553291349127,440,TRUE
"CCTATTATCAGTTCGA-400.2.3","Monocle3","global",5.7105277470856,330,TRUE
"CCTTACGAGGGAACGG-400.2.3","Monocle3","global",10.1934049992394,415,TRUE
"CCTTACGGTCTAGAGG-400.2.3","Monocle3","global",5.71052799313175,300,TRUE
"CCTTACGTCTTGGGTA-400.2.3","Monocle3","global",10.5329399647712,450,TRUE
"CCTTCCCAGCGCCTTG-400.2.3","Monocle3","global",4.0470021051673,285,TRUE
"CCTTCGAAGCGTGAAC-400.2.3","Monocle3","global",6.2064044805654,350,TRUE
"CGAATGTAGCCGATTT-400.2.3","Monocle3","global",8.27726102772963,360,TRUE
"CGAATGTCACTGAAGG-400.2.3","Monocle3","global",4.73694967586616,260,TRUE
"CGACCTTCAGTAGAGC-400.2.3","Monocle3","global",6.0842002592171,340,TRUE
"CGACCTTGTAGCTGCC-400.2.3","Monocle3","global",4.04903477548321,390,TRUE
"CGACTTCCACGGATAG-400.2.3","Monocle3","global",6.97920329724014,300,TRUE
"CGAGAAGAGGTTACCT-400.2.3","Monocle3","global",4.69885206432679,230,TRUE
"CGAGAAGGTACGCTGC-400.2.3","Monocle3","global",13.4970860919683,510,TRUE
"CGAGCCATCCAACCAA-400.2.3","Monocle3","global",10.6974282314964,390,TRUE
"CGATCGGCATCCCACT-400.2.3","Monocle3","global",0.60195408262898,185,TRUE
"CGATCGGTCAATCTCT-400.2.3","Monocle3","global",10.2940610378344,550,TRUE
"CGATCGGTCACCGTAA-400.2.3","Monocle3","global",10.1300238443541,410,TRUE
"CGATCGGTCATGCTCC-400.2.3","Monocle3","global",6.56674532251526,350,TRUE
"CGATGGCGTCCAGTAT-400.2.3","Monocle3","global",6.60536614098314,330,TRUE
"CGATGTACACATGACT-400.2.3","Monocle3","global",11.5280591415401,415,TRUE
"CGATTGAAGAGTACAT-400.2.3","Monocle3","global",10.7705353080517,470,TRUE
"CGCCAAGAGGCCCGTT-400.2.3","Monocle3","global",2.72651397645837,200,TRUE
"CGCGGTAAGAGAACAG-400.2.3","Monocle3","global",6.06641061568364,230,TRUE
"CGCGGTATCTGACCTC-400.2.3","Monocle3","global",6.09251912776985,290,TRUE
"CGCGGTATCTTCCTTC-400.2.3","Monocle3","global",6.82642988529994,260,TRUE
"CGCGTTTAGGATGCGT-400.2.3","Monocle3","global",12.6302866151809,450,TRUE
"CGCGTTTGTCAATGTC-400.2.3","Monocle3","global",3.20692795975713,210,TRUE
"CGCTGGATCCTACAGA-400.2.3","Monocle3","global",4.77505294411169,295,TRUE
"CGCTTCAAGTTAGGTA-400.2.3","Monocle3","global",7.20191704691764,355,TRUE
"CGCTTCATCTAGAGTC-400.2.3","Monocle3","global",12.7395396568726,510,TRUE
"CGGACACAGGAATCGC-400.2.3","Monocle3","global",7.32859273776754,300,TRUE
"CGGACACAGGGAAACA-400.2.3","Monocle3","global",9.83507942793375,490,TRUE
"CGGACACTCTGCAAGT-400.2.3","Monocle3","global",7.21501161234461,375,TRUE
"CGGACGTGTCTCCCTA-400.2.3","Monocle3","global",6.624523327305,320,TRUE
"CGGAGCTGTAATAGCA-400.2.3","Monocle3","global",12.968712324668,490,TRUE
"CGGAGTCCACAAGTAA-400.2.3","Monocle3","global",11.9194228157345,420,TRUE
"CGGAGTCTCATGCATG-400.2.3","Monocle3","global",10.4787398129396,620,TRUE
"CGGGTCAAGATAGCAT-400.2.3","Monocle3","global",5.6645441609283,230,TRUE
"CGGGTCAAGGTGCTAG-400.2.3","Monocle3","global",4.9249020097883,245,TRUE
"CGGGTCAGTCATCCCT-400.2.3","Monocle3","global",8.4848035227434,405,TRUE
"CGGGTCAGTCGCTTTC-400.2.3","Monocle3","global",5.72398258345175,230,TRUE
"CGGTTAAAGGGCTTGA-400.2.3","Monocle3","global",4.77354978146596,300,TRUE
"CGGTTAACACGGCCAT-400.2.3","Monocle3","global",6.42778420168896,280,TRUE
"CGGTTAAGTGTTTGGT-400.2.3","Monocle3","global",7.48471208337457,360,TRUE
"CGTAGCGAGATGGCGT-400.2.3","Monocle3","global",4.7735500275121,260,TRUE
"CGTAGCGAGCTTTGGT-400.2.3","Monocle3","global",7.05570860725033,300,TRUE
"CGTAGCGGTAGATTAG-400.2.3","Monocle3","global",1.71571657190329,180,TRUE
"CGTCACTAGTTTAGGA-400.2.3","Monocle3","global",14.069493565543,470,TRUE
"CGTCTACCATTTCAGG-400.2.3","Monocle3","global",6.20640472661155,385,TRUE
"CGTGAGCAGGAGCGTT-400.2.3","Monocle3","global",7.47659596219377,300,TRUE
"CGTGAGCGTGTTGGGA-400.2.3","Monocle3","global",18.4579380412384,440,TRUE
"CGTGAGCTCACTTCAT-400.2.3","Monocle3","global",7.15310369498219,365,TRUE
"CGTGAGCTCTTAACCT-400.2.3","Monocle3","global",6.48541431588161,350,TRUE
"CGTGTAAAGGACATTA-400.2.3","Monocle3","global",10.1497394278594,425,TRUE
"CGTGTCTAGGTACTCT-400.2.3","Monocle3","global",6.86534792968635,270,TRUE
"CGTTAGAAGGCTAGCA-400.2.3","Monocle3","global",8.27726127377577,350,TRUE
"CGTTAGACAGCTTCGG-400.2.3","Monocle3","global",7.47355551529417,300,TRUE
"CGTTAGAGTCGCATAT-400.2.3","Monocle3","global",4.77355027355825,270,TRUE
"CGTTCTGGTAGCTCCG-400.2.3","Monocle3","global",12.5187478598447,550,TRUE
"CGTTCTGGTTAAGACA-400.2.3","Monocle3","global",5.84730400668423,205,TRUE
"CGTTGGGAGATAGGAG-400.2.3","Monocle3","global",5.71052823917789,285,TRUE
"CTAACTTCATCGGTTA-400.2.3","Monocle3","global",5.71052848522404,260,TRUE
"CTAACTTTCTGCTGTC-400.2.3","Monocle3","global",2.64006135863517,550,TRUE
"CTACACCAGCCCAATT-400.2.3","Monocle3","global",7.20191729296379,375,TRUE
"CTACACCCAGTCACTA-400.2.3","Monocle3","global",10.3384936745531,400,TRUE
"CTACACCTCAAGGTAA-400.2.3","Monocle3","global",5.32906405479768,345,TRUE
"CTACATTTCAGTGCAT-400.2.3","Monocle3","global",7.75829760296266,345,TRUE
"CTACCCACACCGGAAA-400.2.3","Monocle3","global",6.42148646457919,285,TRUE
"CTACCCATCAGTACGT-400.2.3","Monocle3","global",6.86281109544795,310,TRUE
"CTACCCATCCGGGTGT-400.2.3","Monocle3","global",5.83897461174241,290,TRUE
"CTACGTCAGGGTTCCC-400.2.3","Monocle3","global",4.21680249566775,260,TRUE
"CTACGTCTCGATCCCT-400.2.3","Monocle3","global",7.00098003302222,300,TRUE
"CTCAGAAGTCTTCAAG-400.2.3","Monocle3","global",5.17114374213411,225,TRUE
"CTCCTAGGTCCGAGTC-400.2.3","Monocle3","global",9.63226552520076,320,TRUE
"CTCGAAACATACGCCG-400.2.3","Monocle3","global",8.27726151982191,375,TRUE
"CTCGAGGTCGTCCGTT-400.2.3","Monocle3","global",6.20640497265769,350,TRUE
"CTCGAGGTCTGAGGGA-400.2.3","Monocle3","global",4.04532811218277,280,TRUE
"CTCGGAGAGTGGTAGC-400.2.3","Monocle3","global",8.44625621312561,450,TRUE
"CTCGGAGGTCCCGACA-400.2.3","Monocle3","global",3.73360132595874,205,TRUE
"CTCGGAGGTCGTTGTA-400.2.3","Monocle3","global",5.71052873127018,260,TRUE
"CTCGGAGGTGTCGCTG-400.2.3","Monocle3","global",9.96345615050251,340,TRUE
"CTCGTACGTGATGTCT-400.2.3","Monocle3","global",7.18117673777571,350,TRUE
"CTCGTACTCCACGCAG-400.2.3","Monocle3","global",3.42193585088532,300,TRUE
"CTCGTCACAGCCTTTC-400.2.3","Monocle3","global",9.48213788883397,380,TRUE
"CTCGTCAGTTCCACTC-400.2.3","Monocle3","global",18.2600980400078,450,TRUE
"CTCGTCATCAGATAAG-400.2.3","Monocle3","global",6.20640521870384,370,TRUE
"CTCGTCATCCTCTAGC-400.2.3","Monocle3","global",5.71251038928373,230,TRUE
"CTCTAATAGCTTATCG-400.2.3","Monocle3","global",6.21912184415486,340,TRUE
"CTCTAATCATCGTCGG-400.2.3","Monocle3","global",11.9193715609501,420,TRUE
"CTCTAATGTTCTCATT-400.2.3","Monocle3","global",4.77355051960439,280,TRUE
"CTCTAATTCTCGAGTA-400.2.3","Monocle3","global",12.3900739011572,450,TRUE
"CTCTACGAGAGTAAGG-400.2.3","Monocle3","global",3.01580202800075,280,TRUE
"CTCTACGAGCGTTTAC-400.2.3","Monocle3","global",7.01353339875784,325,TRUE
"CTCTGGTAGCTAACAA-400.2.3","Monocle3","global",1.89279299659519,200,TRUE
"CTCTGGTCATTAACCG-400.2.3","Monocle3","global",5.9265511477871,220,TRUE
"CTGATAGAGCGAGAAA-400.2.3","Monocle3","global",7.20191753900993,350,TRUE
"CTGATAGAGGCCGAAT-400.2.3","Monocle3","global",5.65452630346019,320,TRUE
"CTGATAGGTCAAAGCG-400.2.3","Monocle3","global",1.77441955285508,190,TRUE
"CTGATCCAGACCACGA-400.2.3","Monocle3","global",8.45826777671169,410,TRUE
"CTGATCCTCATCTGCC-400.2.3","Monocle3","global",7.56107611256426,350,TRUE
"CTGCCTAGTTTGTGTG-400.2.3","Monocle3","global",6.61285667964931,275,TRUE
"CTGCCTATCAGCTTAG-400.2.3","Monocle3","global",9.1760223994693,380,TRUE
"CTGCCTATCTTACCTA-400.2.3","Monocle3","global",5.16482246530372,225,TRUE
"CTGCTGTAGCACAGGT-400.2.3","Monocle3","global",7.23985847424542,345,TRUE
"CTGCTGTGTATATGAG-400.2.3","Monocle3","global",5.88311035004612,230,TRUE
"CTGTGCTAGTTCGCGC-400.2.3","Monocle3","global",5.92655139383325,220,TRUE
"CTGTGCTCATCGGACC-400.2.3","Monocle3","global",6.08157757306929,270,TRUE
"CTGTGCTTCCAAACTG-400.2.3","Monocle3","global",4.55647623630959,230,TRUE
"CTGTTTAAGATCTGCT-400.2.3","Monocle3","global",4.84260978754325,310,TRUE
"CTTAACTCAGCCTTGG-400.2.3","Monocle3","global",6.10745193667703,260,TRUE
"CTTAACTGTTGTTTGG-400.2.3","Monocle3","global",5.70703572235404,350,TRUE
"CTTACCGCAGACAAGC-400.2.3","Monocle3","global",5.52678370062478,310,TRUE
"CTTACCGTCGAGAACG-400.2.3","Monocle3","global",5.84320494822932,335,TRUE
"CTTAGGAGTTATGCGT-400.2.3","Monocle3","global",9.99002879359804,385,TRUE
"CTTAGGATCAGAAATG-400.2.3","Monocle3","global",7.82976530627907,380,TRUE
"CTTCTCTCAATCAGAA-400.2.3","Monocle3","global",10.7349285229029,425,TRUE
"CTTCTCTGTCATCGGC-400.2.3","Monocle3","global",1.03706202711803,180,TRUE
"CTTTGCGAGAGTACCG-400.2.3","Monocle3","global",10.1914716354191,440,TRUE
"CTTTGCGTCTGTCAAG-400.2.3","Monocle3","global",6.76570790825063,320,TRUE
"GAAACTCAGTGTACTC-400.2.3","Monocle3","global",6.82643013134608,265,TRUE
"GAAACTCTCGAGCCCA-400.2.3","Monocle3","global",1.92827171312722,200,TRUE
"GAACATCAGATAGGAG-400.2.3","Monocle3","global",1.7780209906249,195,TRUE
"GAACATCGTTACGGAG-400.2.3","Monocle3","global",0.18356871561051,200,TRUE
"GAACCTATCGTCCAGG-400.2.3","Monocle3","global",10.8497940806435,415,TRUE
"GAACGGACACGAAGCA-400.2.3","Monocle3","global",4.16695718301902,260,TRUE
"GAACGGAGTTGAGTTC-400.2.3","Monocle3","global",6.80798329835544,295,TRUE
"GAATAAGAGGATGGAA-400.2.3","Monocle3","global",6.09604767127102,370,TRUE
"GAATGAATCACTTCAT-400.2.3","Monocle3","global",5.26862403022798,310,TRUE
"GACACGCAGAACTGTA-400.2.3","Monocle3","global",12.1301742534308,390,TRUE
"GACACGCCACGAAATA-400.2.3","Monocle3","global",5.75549810974255,230,TRUE
"GACACGCGTAGCGCAA-400.2.3","Monocle3","global",6.65885056743525,320,TRUE
"GACCAATAGGCTCAGA-400.2.3","Monocle3","global",5.98676237429586,230,TRUE
"GACCAATGTTCATGGT-400.2.3","Monocle3","global",12.298452251058,510,TRUE
"GACCAATTCCCTCTTT-400.2.3","Monocle3","global",5.64446952646282,300,TRUE
"GACCTGGCACCGTTGG-400.2.3","Monocle3","global",8.76546520414572,400,TRUE
"GACGCGTAGCATGGCA-400.2.3","Monocle3","global",8.26517804728337,360,TRUE
"GACGCGTCACCTGGTG-400.2.3","Monocle3","global",8.46313681526815,415,TRUE
"GACGCGTCAGATCGGA-400.2.3","Monocle3","global",4.04190796413689,300,TRUE
"GACGCGTCAGGCGATA-400.2.3","Monocle3","global",6.95427215681367,275,TRUE
"GACGCGTGTCAAAGCG-400.2.3","Monocle3","global",3.00057686020908,275,TRUE
"GACGGCTGTATCTGCA-400.2.3","Monocle3","global",5.91250155924789,260,TRUE
"GACGGCTTCAAGGCTT-400.2.3","Monocle3","global",1.92827195917336,170,TRUE
"GACGTGCAGTGTACCT-400.2.3","Monocle3","global",8.00251714271307,380,TRUE
"GACGTGCGTTATTCTC-400.2.3","Monocle3","global",6.8628113414941,300,TRUE
"GACGTGCGTTGTCGCG-400.2.3","Monocle3","global",10.4173963434,390,TRUE
"GACTAACGTTTGGCGC-400.2.3","Monocle3","global",9.78088568296572,350,TRUE
"GACTACATCAGAAATG-400.2.3","Monocle3","global",6.99765108153341,390,TRUE
"GACTACATCGTCGTTC-400.2.3","Monocle3","global",3.09619275666521,200,TRUE
"GACTGCGCACTTCGAA-400.2.3","Monocle3","global",8.31044194090104,380,TRUE
"GACTGCGGTCCCTTGT-400.2.3","Monocle3","global",3.12969240797611,290,TRUE
"GACTGCGGTCTAACGT-400.2.3","Monocle3","global",4.48775213296078,195,TRUE
"GAGCAGAGTGGGTCAA-400.2.3","Monocle3","global",2.16731898140349,210,TRUE
"GAGCAGATCTGCCCTA-400.2.3","Monocle3","global",2.93399437341255,410,TRUE
"GAGTCCGAGTGGACGT-400.2.3","Monocle3","global",1.82586374744135,200,TRUE
"GAGTCCGTCCGTAGGC-400.2.3","Monocle3","global",6.63337321952372,280,TRUE
"GATCAGTAGCTACCGC-400.2.3","Monocle3","global",3.04249773175066,245,TRUE
"GATCAGTTCCAGAAGG-400.2.3","Monocle3","global",0.316773407642784,170,TRUE
"GATCGATCATATACCG-400.2.3","Monocle3","global",6.94328698826399,400,TRUE
"GATCGATGTAGATTAG-400.2.3","Monocle3","global",7.39978310525893,350,TRUE
"GATCGCGAGCTGAACG-400.2.3","Monocle3","global",13.884801931281,585,TRUE
"GATCGCGGTGCAGACA-400.2.3","Monocle3","global",12.3229798099944,500,TRUE
"GATCGTACAAAGGTGC-400.2.3","Monocle3","global",6.76603154878121,355,TRUE
"GATGAAACAGTCCTTC-400.2.3","Monocle3","global",5.82747107280025,320,TRUE
"GATGAGGTCAGTTGAC-400.2.3","Monocle3","global",11.5286162924766,430,TRUE
"GATGAGGTCTCTTGAT-400.2.3","Monocle3","global",0.800145502608592,170,TRUE
"GCAATCATCTTCATGT-400.2.3","Monocle3","global",5.71052897731632,300,TRUE
"GCACATACAGTCAGAG-400.2.3","Monocle3","global",11.082444787127,450,TRUE
"GCACATAGTATAGGTA-400.2.3","Monocle3","global",5.5464012438212,265,TRUE
"GCAGCCACAGATGGCA-400.2.3","Monocle3","global",4.41819326130414,260,TRUE
"GCAGCCAGTACCGTAT-400.2.3","Monocle3","global",4.62065982701679,220,TRUE
"GCAGCCATCTTGTTTG-400.2.3","Monocle3","global",5.63866378334665,300,TRUE
"GCATACAAGTGAATTG-400.2.3","Monocle3","global",5.37781798175261,320,TRUE
"GCATACACAGGACCCT-400.2.3","Monocle3","global",12.3408843130711,585,TRUE
"GCATACAGTACCTACA-400.2.3","Monocle3","global",4.77546390784173,295,TRUE
"GCATGATGTTGTCTTT-400.2.3","Monocle3","global",18.3043626459897,420,TRUE
"GCATGCGCACGAAATA-400.2.3","Monocle3","global",6.8482557902037,260,TRUE
"GCATGCGGTCCAGTAT-400.2.3","Monocle3","global",6.01348765611766,320,TRUE
"GCATGCGGTGACTACT-400.2.3","Monocle3","global",8.30915732799029,360,TRUE
"GCATGTAAGACTACAA-400.2.3","Monocle3","global",6.64632740487522,285,TRUE
"GCATGTAGTCACAAGG-400.2.3","Monocle3","global",6.64058775241242,280,TRUE
"GCATGTAGTCACACGC-400.2.3","Monocle3","global",11.3807481164108,390,TRUE
"GCCTCTAAGAATTCCC-400.2.3","Monocle3","global",1.77304610451905,200,TRUE
"GCGAGAATCGGCGCAT-400.2.3","Monocle3","global",11.6982575841472,385,TRUE
"GCGCAACCAGCTGTAT-400.2.3","Monocle3","global",10.2168439798418,420,TRUE
"GCGCAGTTCGGTCCGA-400.2.3","Monocle3","global",4.74080164068569,300,TRUE
"GCGCCAACAGCCTATA-400.2.3","Monocle3","global",13.5939732465582,410,TRUE
"GCGGGTTTCGGAAACG-400.2.3","Monocle3","global",2.78653905636493,230,TRUE
"GCTCCTACAATCCGAT-400.2.3","Monocle3","global",3.74068158127359,220,TRUE
"GCTCCTATCAAACAAG-400.2.3","Monocle3","global",4.97104925352209,320,TRUE
"GCTCTGTAGGCTCTTA-400.2.3","Monocle3","global",3.81293250208936,285,TRUE
"GCTCTGTTCACAAACC-400.2.3","Monocle3","global",6.86985628479672,270,TRUE
"GCTCTGTTCATAAAGG-400.2.3","Monocle3","global",6.61285692569545,270,TRUE
"GCTGCAGCACTCTGTC-400.2.3","Monocle3","global",11.4867608522714,450,TRUE
"GCTGCTTAGATGCCAG-400.2.3","Monocle3","global",5.81086879350014,230,TRUE
"GCTGCTTTCGCTTAGA-400.2.3","Monocle3","global",6.39392068992405,230,TRUE
"GGAATAAGTCGTTGTA-400.2.3","Monocle3","global",8.2164171644793,370,TRUE
"GGAATAAGTTCAGCGC-400.2.3","Monocle3","global",6.38027959242089,300,TRUE
"GGACGTCTCGGTGTTA-400.2.3","Monocle3","global",4.97873432796482,300,TRUE
"GGACGTCTCGTAGATC-400.2.3","Monocle3","global",8.21059719826377,415,TRUE
"GGAGCAATCCAGTAGT-400.2.3","Monocle3","global",7.20191778505608,350,TRUE
"GGATGTTAGACTTGAA-400.2.3","Monocle3","global",7.80607543818605,405,TRUE
"GGATTACGTGTTCGAT-400.2.3","Monocle3","global",11.8940841827385,410,TRUE
"GGCCGATAGGGCATGT-400.2.3","Monocle3","global",3.16796506009147,230,TRUE
"GGCGACTCAATGGAGC-400.2.3","Monocle3","global",7.33089626983307,395,TRUE
"GGCGACTTCCACGACG-400.2.3","Monocle3","global",1.64965093486875,170,TRUE
"GGCGACTTCGATGAGG-400.2.3","Monocle3","global",8.27726176586806,390,TRUE
"GGCTCGATCTCAACTT-400.2.3","Monocle3","global",6.60383050143755,350,TRUE
"GGCTGGTAGGGAACGG-400.2.3","Monocle3","global",13.1614020172499,620,TRUE
"GGCTGGTCAATGAATG-400.2.3","Monocle3","global",6.92066304826038,230,TRUE
"GGCTGGTGTACCGAGA-400.2.3","Monocle3","global",0.968467247366061,175,TRUE
"GGCTGGTTCATACGGT-400.2.3","Monocle3","global",6.20640546474998,340,TRUE
"GGGACCTCACCGTTGG-400.2.3","Monocle3","global",4.77452504272191,270,TRUE
"GGGACCTGTGCTAGCC-400.2.3","Monocle3","global",6.8316839012925,220,TRUE
"GGGACCTTCGACCAGC-400.2.3","Monocle3","global",1.79893963654184,260,TRUE
"GGGAGATAGAAACGCC-400.2.3","Monocle3","global",7.23674545760248,360,TRUE
"GGGAGATCAGTCGATT-400.2.3","Monocle3","global",6.86281158754024,300,TRUE
"GGGATGAGTCGGATCC-400.2.3","Monocle3","global",10.1512141268549,380,TRUE
"GGGCACTAGCGCCTTG-400.2.3","Monocle3","global",1.94032283863317,220,TRUE
"GGGCATCAGACTACAA-400.2.3","Monocle3","global",8.03557827670968,280,TRUE
"GGGCATCGTCAGAATA-400.2.3","Monocle3","global",11.3169900114592,585,TRUE
"GGGCATCGTTGAGTTC-400.2.3","Monocle3","global",7.08001686638255,230,TRUE
"GGGTTGCGTGCACTTA-400.2.3","Monocle3","global",4.77401331570712,300,TRUE
"GGTATTGGTGACGCCT-400.2.3","Monocle3","global",11.5185491107241,450,TRUE
"GGTGAAGCAAAGTGCG-400.2.3","Monocle3","global",10.6426312898107,450,TRUE
"GGTGCGTTCACCGTAA-400.2.3","Monocle3","global",1.03309921475442,190,TRUE
"GGTGTTAAGAGCCCAA-400.2.3","Monocle3","global",5.05219553977669,300,TRUE
"GGTGTTACACACCGCA-400.2.3","Monocle3","global",7.34762067747647,350,TRUE
"GTAACGTGTACCGAGA-400.2.3","Monocle3","global",7.73546857117285,380,TRUE
"GTAACGTGTAGCTGCC-400.2.3","Monocle3","global",13.6422231669462,450,TRUE
"GTAACGTTCCCTTGTG-400.2.3","Monocle3","global",6.10745218272318,290,TRUE
"GTAACGTTCTAACTGG-400.2.3","Monocle3","global",4.93482413921436,300,TRUE
"GTAACTGCATAGACTC-400.2.3","Monocle3","global",8.2772620119142,365,TRUE
"GTACGTACACAGTCGC-400.2.3","Monocle3","global",4.74080188673183,300,TRUE
"GTACGTATCGCGCCAA-400.2.3","Monocle3","global",6.80366831524233,270,TRUE
"GTACGTATCTTTACAC-400.2.3","Monocle3","global",10.7349287689491,420,TRUE
"GTACTCCAGTTGTCGT-400.2.3","Monocle3","global",4.80546775889974,325,TRUE
"GTACTCCTCGCTTAGA-400.2.3","Monocle3","global",5.92655163987939,260,TRUE
"GTACTTTTCATCTGTT-400.2.3","Monocle3","global",5.81086903954628,200,TRUE
"GTAGTCAGTAGCGTGA-400.2.3","Monocle3","global",1.24735702036445,185,TRUE
"GTATCTTAGATAGTCA-400.2.3","Monocle3","global",7.87182413000932,375,TRUE
"GTATCTTAGATGGCGT-400.2.3","Monocle3","global",8.3164520615365,380,TRUE
"GTATTCTAGGGTGTGT-400.2.3","Monocle3","global",4.54338376510889,310,TRUE
"GTCAAGTCACCACCAG-400.2.3","Monocle3","global",5.29675973404833,290,TRUE
"GTCAAGTCAGCTCCGA-400.2.3","Monocle3","global",8.46618607226832,390,TRUE
"GTCACAACACGAAAGC-400.2.3","Monocle3","global",7.5146073950285,330,TRUE
"GTCACAATCCCTTGCA-400.2.3","Monocle3","global",4.7746804771959,280,TRUE
"GTCACGGCACACGCTG-400.2.3","Monocle3","global",7.50618583585514,320,TRUE
"GTCACGGTCATCGGAT-400.2.3","Monocle3","global",8.49190637639664,390,TRUE
"GTCATTTGTGAAGGCT-400.2.3","Monocle3","global",4.61938914948652,230,TRUE
"GTCCTCATCGCTTAGA-400.2.3","Monocle3","global",0.00410346982512082,175,TRUE
"GTCGGGTTCTGGTATG-400.2.3","Monocle3","global",1.90860764597096,190,TRUE
"GTCTCGTAGTTAAGTG-400.2.3","Monocle3","global",1.65813818191942,245,TRUE
"GTCTCGTTCCATGCTC-400.2.3","Monocle3","global",5.44449820747762,320,TRUE
"GTGAAGGCATTGGTAC-400.2.3","Monocle3","global",12.2384902862181,415,TRUE
"GTGAAGGTCTGCGACG-400.2.3","Monocle3","global",10.0669858216153,175,TRUE
"GTGCAGCCAAGTCTAC-400.2.3","Monocle3","global",8.23430489448571,415,TRUE
"GTGCAGCTCCTGTAGA-400.2.3","Monocle3","global",5.58222031486049,265,TRUE
"GTGCGGTCAGCTGCAC-400.2.3","Monocle3","global",8.2409652234805,370,TRUE
"GTGCGGTCATCCCACT-400.2.3","Monocle3","global",5.3339870438117,300,TRUE
"GTGCGGTTCATAAAGG-400.2.3","Monocle3","global",10.2385632877727,500,TRUE
"GTGCTTCAGCGTCAAG-400.2.3","Monocle3","global",6.48094518556206,270,TRUE
"GTGCTTCTCACCGTAA-400.2.3","Monocle3","global",2.3371135108799,225,TRUE
"GTGTGCGCATCACGTA-400.2.3","Monocle3","global",6.95875560016784,360,TRUE
"GTGTGCGGTACAAGTA-400.2.3","Monocle3","global",6.89211579184617,265,TRUE
"GTGTGCGTCCTCATTA-400.2.3","Monocle3","global",9.96796232534186,385,TRUE
"GTGTTAGTCAGCTGGC-400.2.3","Monocle3","global",6.03703966290914,325,TRUE
"GTGTTAGTCGCCAAAT-400.2.3","Monocle3","global",4.77355076565053,350,TRUE
"GTTAAGCAGATGTCGG-400.2.3","Monocle3","global",11.8682032593474,470,TRUE
"GTTACAGTCTCTGTCG-400.2.3","Monocle3","global",8.1707596933692,385,TRUE
"GTTCGGGCAATGGAGC-400.2.3","Monocle3","global",2.86731572046878,225,TRUE
"GTTCTCGTCGTCCGTT-400.2.3","Monocle3","global",6.44903103942569,225,TRUE
"GTTCTCGTCTGTCTCG-400.2.3","Monocle3","global",11.6273832162041,450,TRUE
"TAAACCGGTCGGCACT-400.2.3","Monocle3","global",4.23580840826027,300,TRUE
"TAAACCGTCAAAGACA-400.2.3","Monocle3","global",5.59832794393964,270,TRUE
"TAAGCGTAGCAACGGT-400.2.3","Monocle3","global",4.97016847015998,300,TRUE
"TAAGCGTAGGCGCTCT-400.2.3","Monocle3","global",5.02675276383303,260,TRUE
"TAAGCGTGTCATATGC-400.2.3","Monocle3","global",12.6152550467888,440,TRUE
"TACACGAAGACCGGAT-400.2.3","Monocle3","global",10.5907900392862,450,TRUE
"TACAGTGAGACGCAAC-400.2.3","Monocle3","global",8.7691702559972,405,TRUE
"TACAGTGTCTGTGCAA-400.2.3","Monocle3","global",3.47496266133423,260,TRUE
"TACCTATAGTAGGTGC-400.2.3","Monocle3","global",7.50132254956815,360,TRUE
"TACCTATCACAGACTT-400.2.3","Monocle3","global",8.29023368618916,380,TRUE
"TACCTATGTGACGGTA-400.2.3","Monocle3","global",7.08001711242869,260,TRUE
"TACGGATGTCTCCCTA-400.2.3","Monocle3","global",1.77802123667104,170,TRUE
"TACGGGCAGTTAGCGG-400.2.3","Monocle3","global",10.7349290149952,440,TRUE
"TACGGGCTCACGGTTA-400.2.3","Monocle3","global",5.69328993065057,310,TRUE
"TACGGTAAGTGATCGG-400.2.3","Monocle3","global",6.76803394342799,300,TRUE
"TACTCATCACAGAGGT-400.2.3","Monocle3","global",4.0491351867074,310,TRUE
"TACTCGCGTAAGTTCC-400.2.3","Monocle3","global",3.03327246898857,230,TRUE
"TACTCGCTCATTTGGG-400.2.3","Monocle3","global",2.80161678870974,205,TRUE
"TACTTACAGTGTACTC-400.2.3","Monocle3","global",6.75429997926057,270,TRUE
"TACTTACGTGCGGTAA-400.2.3","Monocle3","global",7.20191803110222,370,TRUE
"TACTTGTAGGTTACCT-400.2.3","Monocle3","global",9.44261254219417,450,TRUE
"TACTTGTGTCGACTAT-400.2.3","Monocle3","global",8.51687626126636,390,TRUE
"TACTTGTGTTCATGGT-400.2.3","Monocle3","global",1.24431055576023,195,TRUE
"TACTTGTTCATTCACT-400.2.3","Monocle3","global",3.23534290249825,260,TRUE
"TAGACCAAGAGGTACC-400.2.3","Monocle3","global",6.59272487298139,360,TRUE
"TAGACCACAATCGAAA-400.2.3","Monocle3","global",0.723260616180534,195,TRUE
"TAGCCGGCACTCAGGC-400.2.3","Monocle3","global",9.42012857447631,375,TRUE
"TAGCCGGTCCATGAAC-400.2.3","Monocle3","global",6.80956214815067,245,TRUE
"TAGTGGTGTATGAAAC-400.2.3","Monocle3","global",12.4047808583145,490,TRUE
"TAGTTGGGTCTAGTCA-400.2.3","Monocle3","global",7.80613596661546,360,TRUE
"TAGTTGGTCAGCGACC-400.2.3","Monocle3","global",8.27726225796034,380,TRUE
"TATCAGGTCCTGCCAT-400.2.3","Monocle3","global",9.13075449196645,285,TRUE
"TATCAGGTCTTCCTTC-400.2.3","Monocle3","global",14.112655271673,670,TRUE
"TATGCCCAGGTTACCT-400.2.3","Monocle3","global",3.26680978038761,200,TRUE
"TATGCCCGTTCCGTCT-400.2.3","Monocle3","global",7.21255672843839,345,TRUE
"TATGCCCTCACCCGAG-400.2.3","Monocle3","global",3.81280197294612,200,TRUE
"TATGCCCTCCGGGTGT-400.2.3","Monocle3","global",7.83871680572226,380,TRUE
"TCAACGACACAACTGT-400.2.3","Monocle3","global",7.20191827714837,375,TRUE
"TCAACGACACTGTTAG-400.2.3","Monocle3","global",4.31116486143434,270,TRUE
"TCAATCTAGCGTCTAT-400.2.3","Monocle3","global",4.7633871517731,320,TRUE
"TCAATCTCACGTAAGG-400.2.3","Monocle3","global",7.31491309821782,290,TRUE
"TCAATCTGTCCGTCAG-400.2.3","Monocle3","global",1.80790859425125,220,TRUE
"TCACGAAGTCCGCTGA-400.2.3","Monocle3","global",11.4908291047914,450,TRUE
"TCACGAATCGTAGGAG-400.2.3","Monocle3","global",12.0301156406755,420,TRUE
"TCAGATGAGAATTGTG-400.2.3","Monocle3","global",11.09048993937,390,TRUE
"TCAGCAAAGCAACGGT-400.2.3","Monocle3","global",6.03663122479835,230,TRUE
"TCAGCAACACGGTAAG-400.2.3","Monocle3","global",6.16591831845024,325,TRUE
"TCAGCAAGTACAGTTC-400.2.3","Monocle3","global",9.30620480491992,450,TRUE
"TCAGCTCCAGATCCAT-400.2.3","Monocle3","global",9.71662299815827,530,TRUE
"TCAGCTCTCAGCGATT-400.2.3","Monocle3","global",4.19669284511518,300,TRUE
"TCAGGATCACACTGCG-400.2.3","Monocle3","global",5.61940542609025,300,TRUE
"TCAGGATGTGATGATA-400.2.3","Monocle3","global",4.69386838084576,230,TRUE
"TCAGGTAGTTCAACCA-400.2.3","Monocle3","global",9.62586498823202,325,TRUE
"TCATTTGAGCCGGTAA-400.2.3","Monocle3","global",7.00149794992616,270,TRUE
"TCATTTGTCGGGAGTA-400.2.3","Monocle3","global",6.41677137221395,420,TRUE
"TCCACACAGCTGCCCA-400.2.3","Monocle3","global",3.56653071049471,190,TRUE
"TCCACACAGTACTTGC-400.2.3","Monocle3","global",6.34128956192698,230,TRUE
"TCCACACCACATCCGG-400.2.3","Monocle3","global",6.37812077241079,290,TRUE
"TCCACACTCCCACTTG-400.2.3","Monocle3","global",7.20191852319451,340,TRUE
"TCCACACTCGAGAGCA-400.2.3","Monocle3","global",6.05975728758487,385,TRUE
"TCCCGATCAGAAGCAC-400.2.3","Monocle3","global",12.6114411257822,450,TRUE
"TCGAGGCGTAAGTGGC-400.2.3","Monocle3","global",5.71052922336247,260,TRUE
"TCGCGTTTCCCTAATT-400.2.3","Monocle3","global",12.07849286251,635,TRUE
"TCGGGACAGCAGATCG-400.2.3","Monocle3","global",7.12933278709287,330,TRUE
"TCGGGACAGCCCAGCT-400.2.3","Monocle3","global",7.77004761131203,370,TRUE
"TCGGGACGTACCGTAT-400.2.3","Monocle3","global",8.34070865325595,410,TRUE
"TCGGTAACACATGGGA-400.2.3","Monocle3","global",1.13129411672114,190,TRUE
"TCGGTAAGTAACGACG-400.2.3","Monocle3","global",5.66427952702507,330,TRUE
"TCGTACCCACCTTGTC-400.2.3","Monocle3","global",5.40264078739833,290,TRUE
"TCTATTGGTTGGAGGT-400.2.3","Monocle3","global",9.46688665057857,365,TRUE
"TCTATTGTCCGTAGTA-400.2.3","Monocle3","global",7.26524152094332,365,TRUE
"TCTCATAAGTATGACA-400.2.3","Monocle3","global",7.14307885613269,390,TRUE
"TCTGAGACAATCGGTT-400.2.3","Monocle3","global",0.88551809323845,170,TRUE
"TCTGGAATCACGCGGT-400.2.3","Monocle3","global",14.0565179338833,550,TRUE
"TCTTCGGCAATTCCTT-400.2.3","Monocle3","global",8.27726250400649,370,TRUE
"TCTTCGGCACATCCAA-400.2.3","Monocle3","global",6.9476230764367,310,TRUE
"TCTTTCCCATAAAGGT-400.2.3","Monocle3","global",10.144941913465,415,TRUE
"TCTTTCCGTCGGCATC-400.2.3","Monocle3","global",6.7137689669759,370,TRUE
"TGAAAGAAGTTTGCGT-400.2.3","Monocle3","global",8.33778834577029,405,TRUE
"TGACAACTCCTACAGA-400.2.3","Monocle3","global",2.99322123980994,260,TRUE
"TGACGGCCAGAAGCAC-400.2.3","Monocle3","global",12.1212855775511,490,TRUE
"TGACGGCGTCCAAGTT-400.2.3","Monocle3","global",8.4521801478365,410,TRUE
"TGACTAGCATCCGCGA-400.2.3","Monocle3","global",6.73254974978439,320,TRUE
"TGACTAGGTCCCTTGT-400.2.3","Monocle3","global",10.585780317133,410,TRUE
"TGAGCATCATGGTTGT-400.2.3","Monocle3","global",8.46632415091308,420,TRUE
"TGAGCATTCACAAACC-400.2.3","Monocle3","global",10.1658433994302,410,TRUE
"TGAGCATTCCGGGTGT-400.2.3","Monocle3","global",8.20299146172423,370,TRUE
"TGAGCCGGTCGGATCC-400.2.3","Monocle3","global",7.35590541593429,350,TRUE
"TGAGGGAAGGAGCGTT-400.2.3","Monocle3","global",5.0289527980072,245,TRUE
"TGAGGGACAGGCTGAA-400.2.3","Monocle3","global",4.98255746350736,320,TRUE
"TGATTTCAGGTTACCT-400.2.3","Monocle3","global",9.32352745076037,410,TRUE
"TGATTTCCATCACGTA-400.2.3","Monocle3","global",5.60968845897998,240,TRUE
"TGATTTCGTGACGCCT-400.2.3","Monocle3","global",6.1904442143462,320,TRUE
"TGCCAAACACCATGTA-400.2.3","Monocle3","global",4.97476959105248,300,TRUE
"TGCCCATAGATCGATA-400.2.3","Monocle3","global",7.77207830540728,390,TRUE
"TGCCCATAGCCGGTAA-400.2.3","Monocle3","global",0.26576746181455,390,TRUE
"TGCCCTATCTGGTTCC-400.2.3","Monocle3","global",2.04446473797858,245,TRUE
"TGCGCAGAGCGTGTCC-400.2.3","Monocle3","global",7.33417675595535,405,TRUE
"TGCGCAGGTAACGTTC-400.2.3","Monocle3","global",11.159834811832,420,TRUE
"TGCGGGTTCACTGGGC-400.2.3","Monocle3","global",8.29297326785674,350,TRUE
"TGCGGGTTCGATGAGG-400.2.3","Monocle3","global",5.70363613429233,300,TRUE
"TGCGTGGAGGAGTTGC-400.2.3","Monocle3","global",7.04815946479916,300,TRUE
"TGCGTGGCATGTCTCC-400.2.3","Monocle3","global",6.20640571079613,360,TRUE
"TGCGTGGTCTCAAGTG-400.2.3","Monocle3","global",7.52224721599379,365,TRUE
"TGCTACCTCCGCGCAA-400.2.3","Monocle3","global",5.2612025994284,315,TRUE
"TGCTGCTCAGCTGTAT-400.2.3","Monocle3","global",7.19461407913004,310,TRUE
"TGCTGCTTCGCTAGCG-400.2.3","Monocle3","global",13.63011132683,410,TRUE
"TGGACGCAGATCGGGT-400.2.3","Monocle3","global",6.25534247576787,260,TRUE
"TGGACGCCACGAAACG-400.2.3","Monocle3","global",4.97959391307343,300,TRUE
"TGGCCAGAGATGTAAC-400.2.3","Monocle3","global",19.2009688676047,490,TRUE
"TGGCCAGCAATAGAGT-400.2.3","Monocle3","global",12.6258169287417,490,TRUE
"TGGCCAGCATTGCGGC-400.2.3","Monocle3","global",5.32906430084383,350,TRUE
"TGGCGCACATGACATC-400.2.3","Monocle3","global",0.0565071638394301,170,TRUE
"TGGCGCATCTGAGGGA-400.2.3","Monocle3","global",5.09349966724366,280,TRUE
"TGGCTGGGTAGCTAAA-400.2.3","Monocle3","global",11.0789720551373,450,TRUE
"TGGCTGGGTTCCACAA-400.2.3","Monocle3","global",3.27828267102747,200,TRUE
"TGGCTGGTCCCAAGAT-400.2.3","Monocle3","global",8.99365829446891,450,TRUE
"TGGGAAGAGTATCGAA-400.2.3","Monocle3","global",6.82906427534825,215,TRUE
"TGGGAAGGTAATCACC-400.2.3","Monocle3","global",6.08877886086284,300,TRUE
"TGGGCGTGTGTCCTCT-400.2.3","Monocle3","global",1.30724354960277,195,TRUE
"TGGGCGTGTTATCACG-400.2.3","Monocle3","global",0.0498842631213261,190,TRUE
"TGGTTAGAGCTGCCCA-400.2.3","Monocle3","global",5.93266950822821,300,TRUE
"TGGTTAGGTCTCCACT-400.2.3","Monocle3","global",4.73158846278798,390,TRUE
"TGGTTCCTCTTTACGT-400.2.3","Monocle3","global",7.48977506803091,350,TRUE
"TGTATTCCATCGGGTC-400.2.3","Monocle3","global",4.04621782411879,295,TRUE
"TGTCCCATCCGAGCCA-400.2.3","Monocle3","global",11.0728892626343,440,TRUE
"TGTTCCGGTCAGAATA-400.2.3","Monocle3","global",6.71373449216016,275,TRUE
"TGTTCCGTCAGCAACT-400.2.3","Monocle3","global",4.03096338451139,260,TRUE
"TTAGGACAGATCGATA-400.2.3","Monocle3","global",6.42737471503877,290,TRUE
"TTAGGCATCGCTTGTC-400.2.3","Monocle3","global",6.86530893640656,310,TRUE
"TTAGGCATCGGAAATA-400.2.3","Monocle3","global",1.0871200479778,170,TRUE
"TTAGTTCGTAGCGTCC-400.2.3","Monocle3","global",4.95926574791424,230,TRUE
"TTATGCTAGTGGTAAT-400.2.3","Monocle3","global",0.683704188928295,170,TRUE
"TTCCCAGGTAGGGACT-400.2.3","Monocle3","global",1.07329760699808,170,TRUE
"TTCCCAGTCGTACGGC-400.2.3","Monocle3","global",8.28927084726054,385,TRUE
"TTCGAAGAGGATGGAA-400.2.3","Monocle3","global",6.65581029189254,350,TRUE
"TTCGAAGGTCTGATCA-400.2.3","Monocle3","global",6.72965182485784,360,TRUE
"TTCTACAAGTGTACGG-400.2.3","Monocle3","global",5.01582012109045,300,TRUE
"TTCTACATCTCCGGTT-400.2.3","Monocle3","global",9.6579616485946,320,TRUE
"TTCTCAACACCGGAAA-400.2.3","Monocle3","global",2.72651422250452,165,TRUE
"TTCTCAACATGAACCT-400.2.3","Monocle3","global",1.79455511051384,700,TRUE
"TTCTCCTCATAGACTC-400.2.3","Monocle3","global",6.10745242876932,260,TRUE
"TTCTTAGAGCACACAG-400.2.3","Monocle3","global",5.91154876495681,350,TRUE
"TTCTTAGCAGCATACT-400.2.3","Monocle3","global",10.2021120724645,410,TRUE
"TTCTTAGCAGTAACGG-400.2.3","Monocle3","global",5.75087024002657,310,TRUE
"TTCTTAGCATTGAGCT-400.2.3","Monocle3","global",1.77802148271719,230,TRUE
"TTCTTAGTCCGCGGTA-400.2.3","Monocle3","global",0.427854758437239,200,TRUE
"TTGAACGAGGACCACA-400.2.3","Monocle3","global",11.7918431485784,450,TRUE
"TTGACTTAGACAGACC-400.2.3","Monocle3","global",0.873015423252445,190,TRUE
"TTGACTTCATATGCTG-400.2.3","Monocle3","global",9.13501485902808,395,TRUE
"TTGGAACGTTACCGAT-400.2.3","Monocle3","global",5.2213844940297,340,TRUE
"TTGGAACGTTTAGCTG-400.2.3","Monocle3","global",5.80798265756182,350,TRUE
"TTGTAGGTCACATGCA-400.2.3","Monocle3","global",5.25796961347619,320,TRUE
"TTGTAGGTCCGTTGCT-400.2.3","Monocle3","global",8.8770659163599,435,TRUE
"TTTACTGCATCCAACA-400.2.3","Monocle3","global",7.24062984956685,360,TRUE
"TTTACTGGTCGAAAGC-400.2.3","Monocle3","global",0.299436651435871,190,TRUE
"TTTATGCCAGTATAAG-400.2.3","Monocle3","global",4.70202239229035,300,TRUE
"TTTATGCTCCTCAATT-400.2.3","Monocle3","global",4.58651749566966,280,TRUE
"TTTCCTCGTGGAAAGA-400.2.3","Monocle3","global",4.49381321555171,260,TRUE
"TTTCCTCTCATGTCTT-400.2.3","Monocle3","global",4.62637700147175,260,TRUE
"TTTGCGCAGAAACGCC-400.2.3","Monocle3","global",1.89279324264133,195,TRUE
"TTTGCGCAGTTCCACA-400.2.3","Monocle3","global",10.9306557001428,360,TRUE
"TTTGGTTGTAAACACA-400.2.3","Monocle3","global",1.20370888905168,190,TRUE
"TTTGTCAAGTGTTAGA-400.2.3","Monocle3","global",1.97571079830532,215,TRUE
"TTTGTCAGTGCTAGCC-400.2.3","Monocle3","global",11.9190901333735,420,TRUE
"AAACGGGCACCAACCG-500.1.1","Monocle3","global",12.4883266177684,490,TRUE
"AAACGGGGTGGCCCTA-500.1.1","Monocle3","global",12.3212278599656,490,TRUE
"AAAGATGAGCTCCTTC-500.1.1","Monocle3","global",11.6700370312655,550,TRUE
"AAAGATGTCCTACAGA-500.1.1","Monocle3","global",8.27726275005263,365,TRUE
"AAAGCAATCGATGAGG-500.1.1","Monocle3","global",10.4713891077077,620,TRUE
"AAAGTAGCAGTAGAGC-500.1.1","Monocle3","global",9.93893607800099,420,TRUE
"AAATGCCAGAGTAAGG-500.1.1","Monocle3","global",14.0645914626885,530,TRUE
"AAATGCCGTCTTCAAG-500.1.1","Monocle3","global",7.20191876924065,380,TRUE
"AAATGCCGTTATTCTC-500.1.1","Monocle3","global",12.5032099206699,530,TRUE
"AACACGTTCGGAAACG-500.1.1","Monocle3","global",19.1066523665203,550,TRUE
"AACCATGGTTAAGATG-500.1.1","Monocle3","global",10.1609597153728,390,TRUE
"AACCATGTCTGGGCCA-500.1.1","Monocle3","global",13.6476090963291,450,TRUE
"AACCGCGAGTGAACAT-500.1.1","Monocle3","global",12.1302412505805,640,TRUE
"AACCGCGTCACAGGCC-500.1.1","Monocle3","global",12.3820124057421,500,TRUE
"AACTCCCAGAAGGGTA-500.1.1","Monocle3","global",9.82016186042376,470,TRUE
"AACTCCCGTCGCGAAA-500.1.1","Monocle3","global",7.71598634249658,365,TRUE
"AACTGGTCAAGGACTG-500.1.1","Monocle3","global",7.87698135583385,410,TRUE
"AACTTTCTCCCTAATT-500.1.1","Monocle3","global",11.0005236106524,395,TRUE
"AAGCCGCGTAGCTTGT-500.1.1","Monocle3","global",6.99765132757956,390,TRUE
"AAGCCGCGTCAACATC-500.1.1","Monocle3","global",12.5939677032805,440,TRUE
"AAGGAGCCACGCTTTC-500.1.1","Monocle3","global",7.50577918806152,355,TRUE
"AAGGAGCTCCGTTGTC-500.1.1","Monocle3","global",11.0388274856484,450,TRUE
"AAGTCTGCAACCGCCA-500.1.1","Monocle3","global",12.1310346354039,430,TRUE
"AAGTCTGCAGGGTATG-500.1.1","Monocle3","global",10.1960153557311,390,TRUE
"AATCCAGAGAGTAATC-500.1.1","Monocle3","global",11.6423288314631,490,TRUE
"AATCCAGGTACCGAGA-500.1.1","Monocle3","global",7.5332879119174,365,TRUE
"AATCCAGTCCTGTAGA-500.1.1","Monocle3","global",7.7879720885368,365,TRUE
"AATCGGTAGAGCTGCA-500.1.1","Monocle3","global",11.4292433462638,490,TRUE
"AATCGGTCAAAGAATC-500.1.1","Monocle3","global",4.77516853355822,335,TRUE
"AATCGGTCACTTAACG-500.1.1","Monocle3","global",19.2631152443742,550,TRUE
"AATCGGTGTCAATGTC-500.1.1","Monocle3","global",11.5247643007917,420,TRUE
"ACACCAACAATACGCT-500.1.1","Monocle3","global",11.7437650673917,490,TRUE
"ACACCAACACAAGTAA-500.1.1","Monocle3","global",7.53563199926683,365,TRUE
"ACACCAATCAAGGCTT-500.1.1","Monocle3","global",10.402525463274,360,TRUE
"ACACCCTCATGACGGA-500.1.1","Monocle3","global",12.8405156400358,620,TRUE
"ACACCCTGTCACACGC-500.1.1","Monocle3","global",12.6017561629336,440,TRUE
"ACACCGGCAAGAAAGG-500.1.1","Monocle3","global",10.7502948056745,440,TRUE
"ACACCGGGTACTCAAC-500.1.1","Monocle3","global",10.176775057639,405,TRUE
"ACACTGAAGCATCATC-500.1.1","Monocle3","global",14.1787170274368,700,TRUE
"ACAGCCGCAAACTGTC-500.1.1","Monocle3","global",13.8376711514832,420,TRUE
"ACAGCCGGTGCCTGTG-500.1.1","Monocle3","global",7.53499307336256,365,TRUE
"ACAGCTATCACAATGC-500.1.1","Monocle3","global",4.9941353909052,370,TRUE
"ACAGCTATCGCAAGCC-500.1.1","Monocle3","global",9.95811197701846,425,TRUE
"ACAGCTATCTCGGACG-500.1.1","Monocle3","global",8.23762178198644,420,TRUE
"ACATCAGAGGCATTGG-500.1.1","Monocle3","global",7.19966436029727,355,TRUE
"ACCAGTACACCCATGG-500.1.1","Monocle3","global",12.4276239403982,550,TRUE
"ACCAGTAGTGTCCTCT-500.1.1","Monocle3","global",10.7349292610413,440,TRUE
"ACCCACTAGACATAAC-500.1.1","Monocle3","global",10.7536587295727,420,TRUE
"ACCCACTAGGAATGGA-500.1.1","Monocle3","global",9.02823939028745,450,TRUE
"ACCCACTGTCCAACTA-500.1.1","Monocle3","global",8.27726299609877,360,TRUE
"ACCCACTGTCCGTGAC-500.1.1","Monocle3","global",8.27726324214492,370,TRUE
"ACCCACTGTTGGACCC-500.1.1","Monocle3","global",11.5282421335631,450,TRUE
"ACCGTAAAGAGCAATT-500.1.1","Monocle3","global",9.21022423867651,550,TRUE
"ACCGTAACATAGAAAC-500.1.1","Monocle3","global",11.174767424332,425,TRUE
"ACCTTTATCTCCAGGG-500.1.1","Monocle3","global",13.3577593554273,670,TRUE
"ACGAGCCGTCTCTTTA-500.1.1","Monocle3","global",14.0565181799295,550,TRUE
"ACGATACCATTAGGCT-500.1.1","Monocle3","global",14.085960210377,490,TRUE
"ACGATACGTGACTCAT-500.1.1","Monocle3","global",8.30764658041057,385,TRUE
"ACGATGTCACATAACC-500.1.1","Monocle3","global",8.91652772756025,450,TRUE
"ACGATGTCAGGTGGAT-500.1.1","Monocle3","global",9.94879904277687,585,TRUE
"ACGATGTTCTTCCTTC-500.1.1","Monocle3","global",10.2555952874777,360,TRUE
"ACGCCAGGTCTTGCGG-500.1.1","Monocle3","global",11.1603051536905,420,TRUE
"ACGGAGATCTTGCATT-500.1.1","Monocle3","global",8.95075625142291,410,TRUE
"ACGGCCATCCGAGCCA-500.1.1","Monocle3","global",12.1302414966267,640,TRUE
"ACGGCCATCGCAAGCC-500.1.1","Monocle3","global",8.30202877919055,410,TRUE
"ACGGGCTAGTTAACGA-500.1.1","Monocle3","global",12.6195815165056,530,TRUE
"ACGGGCTTCACGATGT-500.1.1","Monocle3","global",7.81971813271057,370,TRUE
"ACGGGTCGTCGACTGC-500.1.1","Monocle3","global",12.6336741442027,450,TRUE
"ACGGGTCTCAACACGT-500.1.1","Monocle3","global",9.94456254141778,380,TRUE
"ACGTCAAAGCACAGGT-500.1.1","Monocle3","global",8.90401056861631,420,TRUE
"ACTATCTAGAGTAATC-500.1.1","Monocle3","global",7.13141322820893,390,TRUE
"ACTATCTAGATGTCGG-500.1.1","Monocle3","global",5.60586732707583,345,TRUE
"ACTATCTCACGTCTCT-500.1.1","Monocle3","global",8.27726348819106,390,TRUE
"ACTGAGTCAGAGCCAA-500.1.1","Monocle3","global",9.2139302495361,640,TRUE
"ACTGAGTTCCCTTGTG-500.1.1","Monocle3","global",16.459677979705,635,TRUE
"ACTGTCCAGGGTCTCC-500.1.1","Monocle3","global",7.53795867290057,390,TRUE
"ACTGTCCCAGCGTTCG-500.1.1","Monocle3","global",10.3398085348029,400,TRUE
"ACTGTCCGTCTCAACA-500.1.1","Monocle3","global",11.7776926142223,490,TRUE
"ACTGTCCTCACCCGAG-500.1.1","Monocle3","global",6.84145976544006,390,TRUE
"ACTGTCCTCCTGCAGG-500.1.1","Monocle3","global",14.0613895877157,550,TRUE
"ACTTACTCAAGCCGCT-500.1.1","Monocle3","global",6.9976515736257,470,TRUE
"ACTTTCAAGATGTGGC-500.1.1","Monocle3","global",8.2772637342372,390,TRUE
"ACTTTCACACATGGGA-500.1.1","Monocle3","global",14.7440272741343,640,TRUE
"ACTTTCAGTAAACGCG-500.1.1","Monocle3","global",11.483912005816,470,TRUE
"AGAATAGTCACTTATC-500.1.1","Monocle3","global",4.8130428104085,325,TRUE
"AGACGTTCAGCGTCCA-500.1.1","Monocle3","global",9.28877610105385,420,TRUE
"AGACGTTGTATAGTAG-500.1.1","Monocle3","global",12.1035450676741,490,TRUE
"AGACGTTTCTGGTGTA-500.1.1","Monocle3","global",7.34975934813695,360,TRUE
"AGAGCGAGTTGTACAC-500.1.1","Monocle3","global",20.0020445950868,700,TRUE
"AGAGCGATCCTCTAGC-500.1.1","Monocle3","global",14.1386878133804,550,TRUE
"AGAGTGGCATGCCCGA-500.1.1","Monocle3","global",8.27726398028335,375,TRUE
"AGAGTGGTCCTAGAAC-500.1.1","Monocle3","global",11.3932537845099,500,TRUE
"AGATCTGAGTACGACG-500.1.1","Monocle3","global",12.4897619286897,510,TRUE
"AGATCTGTCCGTCAAA-500.1.1","Monocle3","global",14.4942954413069,725,TRUE
"AGATTGCTCCAGTAGT-500.1.1","Monocle3","global",19.5473958041732,585,TRUE
"AGCAGCCCAGTATGCT-500.1.1","Monocle3","global",16.4177721585821,700,TRUE
"AGCATACAGGGTTCCC-500.1.1","Monocle3","global",8.24800573460909,405,TRUE
"AGCGGTCTCGTGACAT-500.1.1","Monocle3","global",12.6361211602052,510,TRUE
"AGCTCTCCAAGGGTCA-500.1.1","Monocle3","global",10.7409950701447,450,TRUE
"AGCTTGACAGTGACAG-500.1.1","Monocle3","global",13.099490581012,490,TRUE
"AGCTTGACATTACGAC-500.1.1","Monocle3","global",17.1816622701414,725,TRUE
"AGCTTGAGTCTTGATG-500.1.1","Monocle3","global",7.47946008494712,360,TRUE
"AGGCCGTTCATGCTCC-500.1.1","Monocle3","global",12.5960204180835,450,TRUE
"AGGGAGTCAGTAGAGC-500.1.1","Monocle3","global",6.99765181967185,390,TRUE
"AGGGATGAGCTGCCCA-500.1.1","Monocle3","global",8.07071792275932,380,TRUE
"AGGGATGCAAGGACTG-500.1.1","Monocle3","global",7.51919653116746,350,TRUE
"AGGGTGAGTAGATTAG-500.1.1","Monocle3","global",12.2296427576995,585,TRUE
"AGGTCATCAATACGCT-500.1.1","Monocle3","global",12.2354829773439,550,TRUE
"AGGTCCGAGGATATAC-500.1.1","Monocle3","global",11.4989924674727,450,TRUE
"AGGTCCGCAAGACGTG-500.1.1","Monocle3","global",8.21381600516419,380,TRUE
"AGTAGTCGTTATTCTC-500.1.1","Monocle3","global",11.4891497725391,620,TRUE
"AGTAGTCGTTGTACAC-500.1.1","Monocle3","global",11.8942084332648,450,TRUE
"AGTGAGGTCTTGGGTA-500.1.1","Monocle3","global",6.30209422402458,350,TRUE
"AGTGGGATCGAGCCCA-500.1.1","Monocle3","global",11.1923848038324,390,TRUE
"AGTGTCAGTAATCACC-500.1.1","Monocle3","global",8.25587753475972,350,TRUE
"ATAAGAGAGATGCCAG-500.1.1","Monocle3","global",10.2721398498683,550,TRUE
"ATAAGAGCAATGTTGC-500.1.1","Monocle3","global",7.87501644839255,390,TRUE
"ATAAGAGGTCTAAAGA-500.1.1","Monocle3","global",6.99765206571799,410,TRUE
"ATAGACCGTGTAACGG-500.1.1","Monocle3","global",10.1542727472659,390,TRUE
"ATCACGAAGAGACTTA-500.1.1","Monocle3","global",13.9416327385703,490,TRUE
"ATCACGAGTAAATGTG-500.1.1","Monocle3","global",19.0290762292092,440,TRUE
"ATCATGGCAGGACCCT-500.1.1","Monocle3","global",11.459271408798,390,TRUE
"ATCCGAACAATTGCTG-500.1.1","Monocle3","global",7.00851695888178,355,TRUE
"ATCCGAAGTGTGCGTC-500.1.1","Monocle3","global",12.1302417426728,640,TRUE
"ATCGAGTAGAGGTTAT-500.1.1","Monocle3","global",8.30281402569852,410,TRUE
"ATCGAGTAGGCTATCT-500.1.1","Monocle3","global",19.4876876723202,640,TRUE
"ATCGAGTGTAGAGCTG-500.1.1","Monocle3","global",12.130241988719,585,TRUE
"ATCTACTAGAACTCGG-500.1.1","Monocle3","global",13.4793001612131,510,TRUE
"ATCTACTGTAAACGCG-500.1.1","Monocle3","global",7.83749715445894,380,TRUE
"ATCTACTTCTCGCTTG-500.1.1","Monocle3","global",19.813755979912,640,TRUE
"ATCTGCCAGCAGCCTC-500.1.1","Monocle3","global",9.15063453970599,450,TRUE
"ATCTGCCAGGATGGTC-500.1.1","Monocle3","global",9.32836911478142,450,TRUE
"ATCTGCCTCCCGACTT-500.1.1","Monocle3","global",7.77503986613528,385,TRUE
"ATGCGATCAATCCGAT-500.1.1","Monocle3","global",13.0091996046553,620,TRUE
"ATGCGATGTAATCGTC-500.1.1","Monocle3","global",13.0903779361739,490,TRUE
"ATGCGATTCAAGAAGT-500.1.1","Monocle3","global",11.0878374963266,450,TRUE
"ATGCGATTCTTGACGA-500.1.1","Monocle3","global",11.7910463096717,470,TRUE
"ATGGGAGTCATCGCTC-500.1.1","Monocle3","global",10.4132649659257,390,TRUE
"ATGGGAGTCCGATATG-500.1.1","Monocle3","global",13.7602458292944,640,TRUE
"ATTACTCTCGTGGTCG-500.1.1","Monocle3","global",13.6101671524035,670,TRUE
"ATTATCCCATGTAAGA-500.1.1","Monocle3","global",13.7286858617507,450,TRUE
"ATTATCCTCCACTGGG-500.1.1","Monocle3","global",8.96309066338079,405,TRUE
"ATTCTACGTGTAACGG-500.1.1","Monocle3","global",8.88225089011443,390,TRUE
"ATTGGACCAGTCAGAG-500.1.1","Monocle3","global",13.3170653154394,490,TRUE
"ATTGGTGGTTTCGCTC-500.1.1","Monocle3","global",13.4939152732964,640,TRUE
"ATTGGTGTCACCTTAT-500.1.1","Monocle3","global",9.15511600355234,500,TRUE
"ATTGGTGTCGGACAAG-500.1.1","Monocle3","global",8.08798109790995,420,TRUE
"ATTTCTGAGAACAATC-500.1.1","Monocle3","global",14.4708742166547,550,TRUE
"CAACCAAGTAGAAAGG-500.1.1","Monocle3","global",6.95502856026074,295,TRUE
"CAACCTCCATGGTCAT-500.1.1","Monocle3","global",10.5023542003932,420,TRUE
"CAACCTCGTTAAGATG-500.1.1","Monocle3","global",13.045689782679,520,TRUE
"CAACTAGAGTCGAGTG-500.1.1","Monocle3","global",10.9520381115573,360,TRUE
"CAACTAGTCGCCCTTA-500.1.1","Monocle3","global",14.6218610765504,700,TRUE
"CAAGAAATCTAACTCT-500.1.1","Monocle3","global",6.5667455685614,365,TRUE
"CAAGATCAGTACGTAA-500.1.1","Monocle3","global",9.74422680778134,490,TRUE
"CAAGATCCAGCCACCA-500.1.1","Monocle3","global",8.18845812446329,405,TRUE
"CAAGATCGTCCATCCT-500.1.1","Monocle3","global",14.6592521536413,700,TRUE
"CAAGGCCAGAGTGAGA-500.1.1","Monocle3","global",12.2892248091629,510,TRUE
"CAAGGCCAGGTGATAT-500.1.1","Monocle3","global",11.8676551961873,390,TRUE
"CAAGGCCCACGAGGTA-500.1.1","Monocle3","global",11.9173788185856,420,TRUE
"CACAAACCACTCAGGC-500.1.1","Monocle3","global",8.23662187009278,470,TRUE
"CACACCTCAAAGTGCG-500.1.1","Monocle3","global",19.226830088829,490,TRUE
"CACACCTCAGATCTGT-500.1.1","Monocle3","global",8.27066906387127,370,TRUE
"CACACCTGTACCCAAT-500.1.1","Monocle3","global",11.1933605194685,415,TRUE
"CACACTCGTCATATGC-500.1.1","Monocle3","global",8.88993541533928,450,TRUE
"CACAGTATCGTAGGTT-500.1.1","Monocle3","global",14.7029828091474,630,TRUE
"CACATAGAGACTAGGC-500.1.1","Monocle3","global",7.73806995635863,370,TRUE
"CACATAGGTCAGTGGA-500.1.1","Monocle3","global",7.85966757650325,385,TRUE
"CACATAGGTGGGTCAA-500.1.1","Monocle3","global",8.26501236761696,420,TRUE
"CACATTTGTTTACTCT-500.1.1","Monocle3","global",2.3910867141212,620,TRUE
"CACCACTGTAACGTTC-500.1.1","Monocle3","global",14.1703579368277,490,TRUE
"CACCACTTCTTGCATT-500.1.1","Monocle3","global",12.3928348769702,490,TRUE
"CACCAGGAGTGGAGAA-500.1.1","Monocle3","global",13.8938601675109,490,TRUE
"CACCTTGGTTCCAACA-500.1.1","Monocle3","global",8.33081719924826,405,TRUE
"CACCTTGTCAAGATCC-500.1.1","Monocle3","global",6.99765231176413,435,TRUE
"CAGAATCCAGTATCTG-500.1.1","Monocle3","global",11.0971383919816,450,TRUE
"CAGAATCTCGCGTAGC-500.1.1","Monocle3","global",7.28318038414058,355,TRUE
"CAGATCACAGGACCCT-500.1.1","Monocle3","global",19.0011211673475,490,TRUE
"CAGATCAGTCGACTAT-500.1.1","Monocle3","global",3.16848009948799,390,TRUE
"CAGCATAAGCGCTCCA-500.1.1","Monocle3","global",11.5226994799759,450,TRUE
"CAGCCGATCCACGAAT-500.1.1","Monocle3","global",7.52924564080386,380,TRUE
"CAGCGACAGGGCACTA-500.1.1","Monocle3","global",19.2347158440122,490,TRUE
"CAGCTAACAAGCCGTC-500.1.1","Monocle3","global",11.9191874247546,420,TRUE
"CAGCTGGCATTGGCGC-500.1.1","Monocle3","global",10.3903021764611,410,TRUE
"CAGGTGCAGACAGAGA-500.1.1","Monocle3","global",13.6415417984394,450,TRUE
"CAGTAACGTACAGACG-500.1.1","Monocle3","global",12.4861032864974,510,TRUE
"CAGTAACGTTCACCTC-500.1.1","Monocle3","global",7.14965676888502,330,TRUE
"CAGTCCTAGGACGAAA-500.1.1","Monocle3","global",11.2138903655893,420,TRUE
"CAGTCCTGTCCCTTGT-500.1.1","Monocle3","global",14.3353253004804,700,TRUE
"CATATTCAGTAGGTGC-500.1.1","Monocle3","global",6.99765255781028,370,TRUE
"CATATTCAGTGTCCCG-500.1.1","Monocle3","global",12.8175889218272,550,TRUE
"CATATTCTCGGTGTTA-500.1.1","Monocle3","global",12.3312884508232,490,TRUE
"CATCAAGAGGGTTCCC-500.1.1","Monocle3","global",14.1013869488064,490,TRUE
"CATCAAGAGTCGCCGT-500.1.1","Monocle3","global",12.2860997045691,585,TRUE
"CATCAAGAGTGTCCAT-500.1.1","Monocle3","global",12.3229215523047,520,TRUE
"CATCAAGTCCACGTTC-500.1.1","Monocle3","global",8.34441705823078,410,TRUE
"CATCCACGTTGGAGGT-500.1.1","Monocle3","global",12.3562656511473,450,TRUE
"CATCCACTCTATCGCC-500.1.1","Monocle3","global",17.1816625161876,700,TRUE
"CATCGAAGTAAGTGTA-500.1.1","Monocle3","global",14.7027721361095,725,TRUE
"CATCGAATCTTTAGTC-500.1.1","Monocle3","global",11.8840662211335,425,TRUE
"CATCGGGAGACCCACC-500.1.1","Monocle3","global",12.630713130022,490,TRUE
"CATCGGGCATCGTCGG-500.1.1","Monocle3","global",12.9927463340393,585,TRUE
"CATCGGGTCTTCGAGA-500.1.1","Monocle3","global",10.0580210799946,420,TRUE
"CATGACACACCCAGTG-500.1.1","Monocle3","global",13.7618787108374,490,TRUE
"CATTATCGTAAGGGCT-500.1.1","Monocle3","global",8.48259746354468,380,TRUE
"CATTATCTCGTACGGC-500.1.1","Monocle3","global",8.24184620911568,370,TRUE
"CATTCGCGTCTTCGTC-500.1.1","Monocle3","global",14.1566065248578,670,TRUE
"CCACCTAAGAGGTACC-500.1.1","Monocle3","global",10.5502269095906,450,TRUE
"CCACGGAAGATCCTGT-500.1.1","Monocle3","global",8.9527386092443,450,TRUE
"CCACGGAAGCGATCCC-500.1.1","Monocle3","global",8.37753128488572,395,TRUE
"CCACGGAAGGACAGCT-500.1.1","Monocle3","global",9.02821877562044,490,TRUE
"CCACTACAGCTGTCTA-500.1.1","Monocle3","global",12.3704341666751,620,TRUE
"CCACTACCAAGGTGTG-500.1.1","Monocle3","global",8.27726422632949,365,TRUE
"CCACTACCACGAAGCA-500.1.1","Monocle3","global",8.94672336884162,405,TRUE
"CCAGCGAAGGGTCGAT-500.1.1","Monocle3","global",12.1302422347651,620,TRUE
"CCAGCGACATCAGTAC-500.1.1","Monocle3","global",4.99413563695135,350,TRUE
"CCATTCGCAGCCTTTC-500.1.1","Monocle3","global",9.08898453633004,450,TRUE
"CCATTCGGTCGACTAT-500.1.1","Monocle3","global",13.5286243716574,640,TRUE
"CCATTCGTCGGGAGTA-500.1.1","Monocle3","global",9.36842028944734,450,TRUE
"CCATTCGTCTTATCTG-500.1.1","Monocle3","global",14.1889473227031,640,TRUE
"CCCAATCCAGACGCCT-500.1.1","Monocle3","global",11.5192306089101,425,TRUE
"CCCAGTTGTCGGCACT-500.1.1","Monocle3","global",7.49396162156631,355,TRUE
"CCCATACAGCTGATAA-500.1.1","Monocle3","global",6.0317684095581,320,TRUE
"CCCATACTCTTGACGA-500.1.1","Monocle3","global",9.3549823394585,420,TRUE
"CCGGTAGAGGTGCACA-500.1.1","Monocle3","global",12.2884321095671,620,TRUE
"CCGGTAGCATGGGAAC-500.1.1","Monocle3","global",14.8774542235399,640,TRUE
"CCGGTAGGTTACGCGC-500.1.1","Monocle3","global",14.2709277274527,510,TRUE
"CCGTACTCATACGCTA-500.1.1","Monocle3","global",10.6998308087618,585,TRUE
"CCGTTCAAGGATGGTC-500.1.1","Monocle3","global",9.77505472813961,550,TRUE
"CCGTTCACATGATCCA-500.1.1","Monocle3","global",10.7644945760221,385,TRUE
"CCGTTCAGTCGACTAT-500.1.1","Monocle3","global",9.03114055332779,490,TRUE
"CCTACACAGTGCGATG-500.1.1","Monocle3","global",19.6463360637799,635,TRUE
"CCTACACCAAGCCGTC-500.1.1","Monocle3","global",6.68317020609744,360,TRUE
"CCTACACCACGGCTAC-500.1.1","Monocle3","global",14.8557081310008,625,TRUE
"CCTACCACAGCTGTGC-500.1.1","Monocle3","global",11.1127988443442,700,TRUE
"CCTACCACATAGTAAG-500.1.1","Monocle3","global",14.0430101963281,670,TRUE
"CCTAGCTAGCTAGGCA-500.1.1","Monocle3","global",9.1606725597697,420,TRUE
"CCTATTAAGCTAAACA-500.1.1","Monocle3","global",9.80436592913215,420,TRUE
"CCTATTAGTTTGTGTG-500.1.1","Monocle3","global",9.86965749709247,450,TRUE
"CCTATTATCGCCATAA-500.1.1","Monocle3","global",16.4523350086892,640,TRUE
"CCTCAGTGTCTAGAGG-500.1.1","Monocle3","global",7.82017052849005,400,TRUE
"CCTTACGGTCGATTGT-500.1.1","Monocle3","global",8.27726447237563,370,TRUE
"CCTTCCCGTACTCTCC-500.1.1","Monocle3","global",11.1767346073804,435,TRUE
"CCTTCGAAGAGTAAGG-500.1.1","Monocle3","global",12.3193534986696,585,TRUE
"CCTTCGATCATCATTC-500.1.1","Monocle3","global",17.0601025675981,700,TRUE
"CCTTTCTCATGGATGG-500.1.1","Monocle3","global",12.9778919437449,620,TRUE
"CCTTTCTGTGGTCCGT-500.1.1","Monocle3","global",5.51808515273972,350,TRUE
"CGAACATAGCTACCTA-500.1.1","Monocle3","global",7.53530733064129,395,TRUE
"CGAACATAGTGTGGCA-500.1.1","Monocle3","global",9.34886834522629,450,TRUE
"CGACCTTAGTGAACAT-500.1.1","Monocle3","global",7.8760594884164,380,TRUE
"CGACCTTTCGAATCCA-500.1.1","Monocle3","global",8.3086252724606,380,TRUE
"CGACTTCGTTCACGGC-500.1.1","Monocle3","global",12.5627606452722,550,TRUE
"CGACTTCTCACAGTAC-500.1.1","Monocle3","global",19.9546848033796,670,TRUE
"CGACTTCTCCTAGGGC-500.1.1","Monocle3","global",18.8941755939067,490,TRUE
"CGAGAAGCACGCGAAA-500.1.1","Monocle3","global",12.0172723635318,625,TRUE
"CGAGCACAGAGTGAGA-500.1.1","Monocle3","global",9.69465872950859,490,TRUE
"CGAGCACGTCGCATCG-500.1.1","Monocle3","global",12.316403221917,530,TRUE
"CGAGCACGTGAAGGCT-500.1.1","Monocle3","global",11.9096487199247,450,TRUE
"CGATCGGTCAAGAAGT-500.1.1","Monocle3","global",8.84632033205336,420,TRUE
"CGATCGGTCACATAGC-500.1.1","Monocle3","global",8.78131508449455,450,TRUE
"CGATGGCCAATCCGAT-500.1.1","Monocle3","global",10.7665090265169,395,TRUE
"CGATTGAAGCGTAGTG-500.1.1","Monocle3","global",8.83283311704147,470,TRUE
"CGATTGACAATAGAGT-500.1.1","Monocle3","global",6.81705553206444,365,TRUE
"CGATTGATCTTCTGGC-500.1.1","Monocle3","global",12.477326534415,450,TRUE
"CGCGGTAGTTTAGGAA-500.1.1","Monocle3","global",9.62923603611635,410,TRUE
"CGCGGTATCTCCTATA-500.1.1","Monocle3","global",14.1122835783792,550,TRUE
"CGCTATCTCCTATGTT-500.1.1","Monocle3","global",6.76570815429678,350,TRUE
"CGCTGGAAGGCATGTG-500.1.1","Monocle3","global",12.1046057865976,430,TRUE
"CGCTTCAAGATCGATA-500.1.1","Monocle3","global",9.39778112387438,390,TRUE
"CGCTTCAAGTGGGTTG-500.1.1","Monocle3","global",9.93306050533121,420,TRUE
"CGCTTCAGTATAGGTA-500.1.1","Monocle3","global",7.55355693581708,345,TRUE
"CGGACGTAGTGGAGTC-500.1.1","Monocle3","global",12.6098081875352,450,TRUE
"CGGACGTCAATGAAAC-500.1.1","Monocle3","global",5.55730868820917,300,TRUE
"CGGCTAGCAATGGATA-500.1.1","Monocle3","global",17.2205787368058,700,TRUE
"CGGGTCACACATGACT-500.1.1","Monocle3","global",12.2064137934575,550,TRUE
"CGGGTCACATCAGTAC-500.1.1","Monocle3","global",10.7349295070875,440,TRUE
"CGGTTAATCACGAAGG-500.1.1","Monocle3","global",9.47162734741598,450,TRUE
"CGTAGCGAGGCTCAGA-500.1.1","Monocle3","global",12.6755606615208,550,TRUE
"CGTAGCGGTAACGTTC-500.1.1","Monocle3","global",5.28897777417144,380,TRUE
"CGTCACTGTTCATGGT-500.1.1","Monocle3","global",13.3231203199135,510,TRUE
"CGTCAGGAGTCGATAA-500.1.1","Monocle3","global",13.8063242632372,490,TRUE
"CGTCAGGTCATGCATG-500.1.1","Monocle3","global",13.6721883357432,550,TRUE
"CGTCTACGTAGTAGTA-500.1.1","Monocle3","global",13.3110104009964,550,TRUE
"CGTCTACTCCACGTTC-500.1.1","Monocle3","global",8.27726471842178,370,TRUE
"CGTGTAACATTGAGCT-500.1.1","Monocle3","global",9.2773927743099,410,TRUE
"CGTGTCTAGGCATGTG-500.1.1","Monocle3","global",8.03557852275582,360,TRUE
"CGTTAGAAGCTCAACT-500.1.1","Monocle3","global",13.6529972760903,435,TRUE
"CGTTAGAAGGCTACGA-500.1.1","Monocle3","global",11.1284319619028,430,TRUE
"CGTTAGACAACCGCCA-500.1.1","Monocle3","global",14.0811274838325,550,TRUE
"CGTTCTGAGAGCTTCT-500.1.1","Monocle3","global",7.84607616224892,405,TRUE
"CGTTCTGCAGGTTTCA-500.1.1","Monocle3","global",11.1622859480056,420,TRUE
"CTAACTTTCAGTGTTG-500.1.1","Monocle3","global",9.17478741109621,490,TRUE
"CTAAGACCAAGTTCTG-500.1.1","Monocle3","global",11.9344853981186,390,TRUE
"CTAATGGGTCGGCATC-500.1.1","Monocle3","global",12.1302424808112,585,TRUE
"CTACACCCATCGACGC-500.1.1","Monocle3","global",14.1268136293925,635,TRUE
"CTACATTTCGGCGCAT-500.1.1","Monocle3","global",6.99765280385642,500,TRUE
"CTACCCAGTGGTTTCA-500.1.1","Monocle3","global",19.0531883774729,470,TRUE
"CTACCCATCAATACCG-500.1.1","Monocle3","global",12.1302427268574,470,TRUE
"CTACGTCAGGTCATCT-500.1.1","Monocle3","global",6.6100840002878,380,TRUE
"CTACGTCCACAGACTT-500.1.1","Monocle3","global",11.6469561600482,620,TRUE
"CTACGTCCAGTAGAGC-500.1.1","Monocle3","global",9.9623958645737,520,TRUE
"CTACGTCGTATTAGCC-500.1.1","Monocle3","global",12.6978843675915,550,TRUE
"CTAGAGTAGACAGACC-500.1.1","Monocle3","global",11.8942900685182,490,TRUE
"CTAGAGTTCCGAGCCA-500.1.1","Monocle3","global",9.12457096271316,450,TRUE
"CTAGAGTTCCGTAGGC-500.1.1","Monocle3","global",7.28764421074955,380,TRUE
"CTAGTGAAGATAGCAT-500.1.1","Monocle3","global",11.8137841129665,450,TRUE
"CTAGTGAAGTAACCCT-500.1.1","Monocle3","global",6.64701820522845,300,TRUE
"CTAGTGACAAGTCTAC-500.1.1","Monocle3","global",13.2733556000081,550,TRUE
"CTAGTGAGTAAAGGAG-500.1.1","Monocle3","global",5.03399514700752,320,TRUE
"CTAGTGAGTAGGCATG-500.1.1","Monocle3","global",14.2875899343837,550,TRUE
"CTCACACAGCCGTCGT-500.1.1","Monocle3","global",8.27726496446792,375,TRUE
"CTCAGAAAGACGACGT-500.1.1","Monocle3","global",9.07188330967186,490,TRUE
"CTCAGAAAGTACTTGC-500.1.1","Monocle3","global",11.1321573395477,435,TRUE
"CTCATTAGTACCTACA-500.1.1","Monocle3","global",14.8805995890132,620,TRUE
"CTCGAAAGTAAGGGCT-500.1.1","Monocle3","global",8.45802869535405,385,TRUE
"CTCGAGGTCTGCAAGT-500.1.1","Monocle3","global",11.52940909479,420,TRUE
"CTCGGAGAGCACCGCT-500.1.1","Monocle3","global",11.2211773251299,410,TRUE
"CTCGGAGGTGAGTGAC-500.1.1","Monocle3","global",19.7962971130265,635,TRUE
"CTCGGGACATGCAATC-500.1.1","Monocle3","global",14.72106114475,630,TRUE
"CTCGGGAGTCTTGATG-500.1.1","Monocle3","global",14.2400871290953,550,TRUE
"CTCGTACAGTGGTAGC-500.1.1","Monocle3","global",13.3282918286249,510,TRUE
"CTCGTACGTAGAAAGG-500.1.1","Monocle3","global",14.2847306311552,585,TRUE
"CTCGTCACATGTTCCC-500.1.1","Monocle3","global",5.09912042515321,390,TRUE
"CTCTAATAGACTAAGT-500.1.1","Monocle3","global",7.57257639566174,380,TRUE
"CTCTAATCACTTAAGC-500.1.1","Monocle3","global",12.6826359108841,530,TRUE
"CTCTACGAGAGAACAG-500.1.1","Monocle3","global",9.62987239471524,405,TRUE
"CTCTACGCACCTCGGA-500.1.1","Monocle3","global",8.50111605382242,390,TRUE
"CTCTGGTAGGGAACGG-500.1.1","Monocle3","global",9.06361441103953,450,TRUE
"CTCTGGTAGTGTACGG-500.1.1","Monocle3","global",11.4859359586237,470,TRUE
"CTCTGGTTCCCTAATT-500.1.1","Monocle3","global",14.8240068697733,760,TRUE
"CTCTGGTTCTGGTTCC-500.1.1","Monocle3","global",12.1302429729035,490,TRUE
"CTGAAACAGTTCGCGC-500.1.1","Monocle3","global",18.2649642111839,450,TRUE
"CTGAAACCAAACCCAT-500.1.1","Monocle3","global",11.0964094694439,415,TRUE
"CTGAAACTCACTTATC-500.1.1","Monocle3","global",12.9435420952617,490,TRUE
"CTGAAGTCACGGTGTC-500.1.1","Monocle3","global",14.1825713193996,640,TRUE
"CTGAAGTGTAAGGGCT-500.1.1","Monocle3","global",8.87810097466497,405,TRUE
"CTGAAGTGTCTCACCT-500.1.1","Monocle3","global",9.08287634841981,400,TRUE
"CTGAAGTGTTAAAGTG-500.1.1","Monocle3","global",8.89813353599471,385,TRUE
"CTGATAGCAAGTTGTC-500.1.1","Monocle3","global",10.1647349677073,410,TRUE
"CTGATCCAGTACTTGC-500.1.1","Monocle3","global",7.79547221456199,370,TRUE
"CTGATCCTCTTGCCGT-500.1.1","Monocle3","global",7.28207377922268,360,TRUE
"CTGCGGACAGGCTCAC-500.1.1","Monocle3","global",7.34012831557133,365,TRUE
"CTGCGGACAGTAACGG-500.1.1","Monocle3","global",13.1287542040776,620,TRUE
"CTGGTCTAGCTTTGGT-500.1.1","Monocle3","global",6.76570840034292,350,TRUE
"CTGTGCTCATACTACG-500.1.1","Monocle3","global",12.6486738404313,550,TRUE
"CTGTGCTTCGGTGTCG-500.1.1","Monocle3","global",12.1302432189497,640,TRUE
"CTTAACTCAGATCCAT-500.1.1","Monocle3","global",19.5773695172088,620,TRUE
"CTTACCGGTCCGTTAA-500.1.1","Monocle3","global",11.0583280934037,450,TRUE
"CTTAGGAGTCGCATCG-500.1.1","Monocle3","global",9.47985431681886,450,TRUE
"CTTAGGAGTGTGGCTC-500.1.1","Monocle3","global",7.71598658854273,375,TRUE
"CTTCTCTAGTTAAGTG-500.1.1","Monocle3","global",12.6252618244206,430,TRUE
"CTTGGCTGTGTCGCTG-500.1.1","Monocle3","global",6.9393755073626,290,TRUE
"CTTTGCGGTTACGGAG-500.1.1","Monocle3","global",6.7088182123091,375,TRUE
"GAAACTCAGATCCCGC-500.1.1","Monocle3","global",12.2857540032366,635,TRUE
"GAAACTCGTTAAGATG-500.1.1","Monocle3","global",18.3078904864186,450,TRUE
"GAAATGACACCTCGTT-500.1.1","Monocle3","global",10.5958480894881,450,TRUE
"GAAATGAGTCTCTTTA-500.1.1","Monocle3","global",4.88247409732701,390,TRUE
"GAACATCCATATGGTC-500.1.1","Monocle3","global",11.1584732098361,415,TRUE
"GAACATCGTTACGTCA-500.1.1","Monocle3","global",13.3577596014735,670,TRUE
"GAACCTAAGGATGCGT-500.1.1","Monocle3","global",11.7666973725434,510,TRUE
"GAACCTAGTCCAAGTT-500.1.1","Monocle3","global",13.3577598475196,640,TRUE
"GAACGGAAGGAGCGAG-500.1.1","Monocle3","global",7.78065510591932,340,TRUE
"GAACGGACAGTAGAGC-500.1.1","Monocle3","global",14.075227559072,530,TRUE
"GAACGGACAGTGACAG-500.1.1","Monocle3","global",9.92809267396299,585,TRUE
"GAACGGATCAACACAC-500.1.1","Monocle3","global",8.27726521051406,360,TRUE
"GAAGCAGCAATGGTCT-500.1.1","Monocle3","global",13.3098950728675,585,TRUE
"GAATGAAAGAGCTATA-500.1.1","Monocle3","global",5.32906454688997,360,TRUE
"GAATGAAAGTGCGATG-500.1.1","Monocle3","global",11.183343417687,420,TRUE
"GACAGAGAGGGTGTGT-500.1.1","Monocle3","global",10.3361265191939,380,TRUE
"GACAGAGCATGCAATC-500.1.1","Monocle3","global",6.08060032930531,510,TRUE
"GACAGAGGTCCAACTA-500.1.1","Monocle3","global",14.1608771091144,635,TRUE
"GACCAATGTTTGCATG-500.1.1","Monocle3","global",12.0174027694556,550,TRUE
"GACCTGGAGGTGCTTT-500.1.1","Monocle3","global",13.5485301938082,380,TRUE
"GACCTGGCACAAGCCC-500.1.1","Monocle3","global",11.5916036289948,520,TRUE
"GACGCGTGTTGCCTCT-500.1.1","Monocle3","global",12.1302434649958,585,TRUE
"GACGTGCAGTCGTACT-500.1.1","Monocle3","global",8.43007966260675,380,TRUE
"GACGTGCCAACACCTA-500.1.1","Monocle3","global",11.9419473093888,620,TRUE
"GACGTGCCAGATTGCT-500.1.1","Monocle3","global",9.80887770242808,620,TRUE
"GACGTGCTCCCACTTG-500.1.1","Monocle3","global",10.7087820218906,550,TRUE
"GACGTGCTCGCTAGCG-500.1.1","Monocle3","global",8.1718982333673,415,TRUE
"GACGTTAAGCAGCGTA-500.1.1","Monocle3","global",8.97047906753025,410,TRUE
"GACTAACAGGACAGAA-500.1.1","Monocle3","global",11.6242295768044,520,TRUE
"GACTACACAGACAAAT-500.1.1","Monocle3","global",14.3608573985785,640,TRUE
"GACTGCGTCAATCACG-500.1.1","Monocle3","global",8.29242302673128,375,TRUE
"GAGCAGAGTGATGTCT-500.1.1","Monocle3","global",10.5415258189261,620,TRUE
"GAGCAGATCCGTAGGC-500.1.1","Monocle3","global",13.5964594877452,640,TRUE
"GAGGTGACACGTTGGC-500.1.1","Monocle3","global",14.2654614368362,550,TRUE
"GAGTCCGAGCACCGTC-500.1.1","Monocle3","global",11.5899379576074,390,TRUE
"GAGTCCGGTGTCTGAT-500.1.1","Monocle3","global",8.55933014147331,410,TRUE
"GATCGATAGAGGTTGC-500.1.1","Monocle3","global",10.1686701522957,385,TRUE
"GATCGATCACAGACAG-500.1.1","Monocle3","global",13.655832468671,450,TRUE
"GATCGATCACTTCTGC-500.1.1","Monocle3","global",17.1816627622337,700,TRUE
"GATCGATGTCGCATAT-500.1.1","Monocle3","global",6.99765304990257,550,TRUE
"GATCGCGTCTCTAGGA-500.1.1","Monocle3","global",9.15043766149527,500,TRUE
"GATCGTAAGCTAACTC-500.1.1","Monocle3","global",13.1010019027046,620,TRUE
"GATGAAAAGTCAAGGC-500.1.1","Monocle3","global",12.7159230635772,550,TRUE
"GATGAAACAAAGCAAT-500.1.1","Monocle3","global",11.4367844039462,585,TRUE
"GATGAAACACAAGTAA-500.1.1","Monocle3","global",10.7349297531336,450,TRUE
"GATGAGGAGGATGTAT-500.1.1","Monocle3","global",13.4680992594006,450,TRUE
"GATGAGGCAAGTTCTG-500.1.1","Monocle3","global",14.1252753019107,585,TRUE
"GATGCTAAGAGTACCG-500.1.1","Monocle3","global",14.0565184259756,550,TRUE
"GATGCTAGTCAACATC-500.1.1","Monocle3","global",11.0454400704198,440,TRUE
"GATGCTATCCCATTAT-500.1.1","Monocle3","global",10.3502863444426,450,TRUE
"GATTCAGAGCACCGTC-500.1.1","Monocle3","global",10.5026581556359,415,TRUE
"GCAAACTCAATGAAAC-500.1.1","Monocle3","global",8.42142562991428,400,TRUE
"GCAAACTCATGGATGG-500.1.1","Monocle3","global",9.69858240631269,360,TRUE
"GCAAACTTCACCTCGT-500.1.1","Monocle3","global",13.1035143126791,490,TRUE
"GCAATCACAGATTGCT-500.1.1","Monocle3","global",6.04228734893222,350,TRUE
"GCACATATCGGCGCAT-500.1.1","Monocle3","global",9.901370354346,585,TRUE
"GCACTCTAGCGTGTCC-500.1.1","Monocle3","global",6.99765329594871,420,TRUE
"GCACTCTGTAAGGATT-500.1.1","Monocle3","global",12.1480140330967,450,TRUE
"GCACTCTGTATAGGGC-500.1.1","Monocle3","global",7.79456992545372,380,TRUE
"GCACTCTGTCCATCCT-500.1.1","Monocle3","global",8.20202816842495,380,TRUE
"GCACTCTGTTCGTTGA-500.1.1","Monocle3","global",8.52816682534436,395,TRUE
"GCACTCTTCGGAATCT-500.1.1","Monocle3","global",14.0565186720218,550,TRUE
"GCACTCTTCGTCCGTT-500.1.1","Monocle3","global",12.1129266383868,490,TRUE
"GCAGTTAGTACTCAAC-500.1.1","Monocle3","global",13.2427251009217,450,TRUE
"GCATACAAGGTAGCTG-500.1.1","Monocle3","global",12.6409402650289,550,TRUE
"GCATACATCCGTCATC-500.1.1","Monocle3","global",10.1586252371347,440,TRUE
"GCATGATAGAGGGATA-500.1.1","Monocle3","global",6.83059387907159,350,TRUE
"GCATGATAGTAGGCCA-500.1.1","Monocle3","global",12.7352331916554,550,TRUE
"GCCTCTACATGCCTAA-500.1.1","Monocle3","global",19.850945702816,625,TRUE
"GCGCAACCAGGCTCAC-500.1.1","Monocle3","global",8.27726545656021,360,TRUE
"GCGCAACGTTTGTGTG-500.1.1","Monocle3","global",13.4948669081131,550,TRUE
"GCGCGATAGGACCACA-500.1.1","Monocle3","global",10.865672656301,395,TRUE
"GCGCGATCAAGTTCTG-500.1.1","Monocle3","global",11.7679219885742,415,TRUE
"GCGCGATCAGGTTTCA-500.1.1","Monocle3","global",12.130243711042,500,TRUE
"GCGCGATCATAGGATA-500.1.1","Monocle3","global",16.9283491398605,625,TRUE
"GCGCGATTCCTATTCA-500.1.1","Monocle3","global",9.19494591270956,390,TRUE
"GCGGGTTGTTAAAGAC-500.1.1","Monocle3","global",7.84949284117924,405,TRUE
"GCTCCTAAGGAGTCTG-500.1.1","Monocle3","global",7.87029458103714,370,TRUE
"GCTCCTACAAGTAATG-500.1.1","Monocle3","global",12.1203136384539,490,TRUE
"GCTCTGTAGGATGGTC-500.1.1","Monocle3","global",14.2758851740739,490,TRUE
"GCTCTGTAGTTGTCGT-500.1.1","Monocle3","global",6.11573976033009,350,TRUE
"GCTGCGACAGCGAACA-500.1.1","Monocle3","global",5.85951545310805,365,TRUE
"GCTGCGATCACGCGGT-500.1.1","Monocle3","global",13.1239794114525,490,TRUE
"GCTGGGTCAAGACGTG-500.1.1","Monocle3","global",10.2143619729917,410,TRUE
"GCTGGGTCACACAGAG-500.1.1","Monocle3","global",10.555692649276,450,TRUE
"GCTGGGTTCGCGGATC-500.1.1","Monocle3","global",8.88960723238432,450,TRUE
"GCTTGAAAGTGGAGTC-500.1.1","Monocle3","global",10.3152182251188,620,TRUE
"GCTTGAAAGTGGTCCC-500.1.1","Monocle3","global",9.97491216139377,415,TRUE
"GCTTGAAGTGAGTATA-500.1.1","Monocle3","global",12.0941207102946,630,TRUE
"GCTTGAAGTTGCGCAC-500.1.1","Monocle3","global",18.3104126407051,450,TRUE
"GCTTGAATCCGTAGTA-500.1.1","Monocle3","global",8.27726570260635,375,TRUE
"GGAAAGCAGTCTCGGC-500.1.1","Monocle3","global",9.39333254843216,450,TRUE
"GGAAAGCCAATCTGCA-500.1.1","Monocle3","global",16.4574024497978,670,TRUE
"GGAAAGCGTGCCTGCA-500.1.1","Monocle3","global",14.4431105499393,620,TRUE
"GGAAAGCTCGGTCCGA-500.1.1","Monocle3","global",12.821793088336,510,TRUE
"GGAACTTTCATCTGTT-500.1.1","Monocle3","global",12.2360886773488,620,TRUE
"GGACAAGGTTACGACT-500.1.1","Monocle3","global",11.9174281958784,420,TRUE
"GGACAAGTCCAAATGC-500.1.1","Monocle3","global",9.53351792015721,400,TRUE
"GGACAGATCCGTTGCT-500.1.1","Monocle3","global",12.3492302175528,630,TRUE
"GGACATTAGCGATAGC-500.1.1","Monocle3","global",10.3910782927353,350,TRUE
"GGACATTTCAGTGCAT-500.1.1","Monocle3","global",9.15872357236421,550,TRUE
"GGACATTTCGTTTGCC-500.1.1","Monocle3","global",8.22877349796136,435,TRUE
"GGACGTCGTGCTGTAT-500.1.1","Monocle3","global",9.74349252594357,470,TRUE
"GGACGTCTCTAGCACA-500.1.1","Monocle3","global",9.37327359228413,420,TRUE
"GGATTACTCTTAGCCC-500.1.1","Monocle3","global",11.5202227356188,450,TRUE
"GGCGACTAGGTAGCCA-500.1.1","Monocle3","global",10.3245865192176,385,TRUE
"GGCGACTTCTTCGGTC-500.1.1","Monocle3","global",9.16221813275599,550,TRUE
"GGCTCGATCAATAAGG-500.1.1","Monocle3","global",12.9623287575567,450,TRUE
"GGCTGGTAGCCACGTC-500.1.1","Monocle3","global",7.44832453334848,275,TRUE
"GGCTGGTAGCGATATA-500.1.1","Monocle3","global",8.2772659486525,365,TRUE
"GGGAATGCACCGAATT-500.1.1","Monocle3","global",16.4059710205658,700,TRUE
"GGGACCTAGATCCCGC-500.1.1","Monocle3","global",7.27127186271943,375,TRUE
"GGGACCTGTGGGTCAA-500.1.1","Monocle3","global",13.201466066856,620,TRUE
"GGGACCTTCTACTATC-500.1.1","Monocle3","global",10.586805219425,450,TRUE
"GGGAGATAGTAGGCCA-500.1.1","Monocle3","global",13.4893074599447,420,TRUE
"GGGAGATCATGCCCGA-500.1.1","Monocle3","global",13.8190216805397,490,TRUE
"GGGCACTGTTACGCGC-500.1.1","Monocle3","global",6.86206066018704,395,TRUE
"GGGCATCGTCCGAACC-500.1.1","Monocle3","global",6.20640595684227,415,TRUE
"GGGTTGCAGGTAGCCA-500.1.1","Monocle3","global",6.0740061058643,380,TRUE
"GGGTTGCCATCAGTAC-500.1.1","Monocle3","global",11.0592022781685,415,TRUE
"GGGTTGCGTAGAGTGC-500.1.1","Monocle3","global",8.59373602323351,415,TRUE
"GGGTTGCTCCCTCAGT-500.1.1","Monocle3","global",8.27726619469864,380,TRUE
"GGGTTGCTCTGCAGTA-500.1.1","Monocle3","global",11.919054681058,425,TRUE
"GGTATTGCATGTTCCC-500.1.1","Monocle3","global",8.99290330607613,405,TRUE
"GGTATTGGTGCACTTA-500.1.1","Monocle3","global",19.9832237479331,670,TRUE
"GGTATTGTCAGGATCT-500.1.1","Monocle3","global",6.39608750522023,360,TRUE
"GGTGAAGCAGTTAACC-500.1.1","Monocle3","global",6.26167303040254,190,TRUE
"GGTGCGTCATAGTAAG-500.1.1","Monocle3","global",7.49694075723924,360,TRUE
"GGTGTTATCAGGATCT-500.1.1","Monocle3","global",12.3548327780777,550,TRUE
"GTAACTGGTTCTGTTT-500.1.1","Monocle3","global",5.09861410671711,275,TRUE
"GTACTCCGTCCCTACT-500.1.1","Monocle3","global",12.600099550283,440,TRUE
"GTACTTTGTAGAGCTG-500.1.1","Monocle3","global",16.9430654310929,635,TRUE
"GTACTTTGTCAGGACA-500.1.1","Monocle3","global",14.1730887916302,700,TRUE
"GTACTTTGTTATCCGA-500.1.1","Monocle3","global",7.2019190152868,350,TRUE
"GTAGTCACAAGCGAGT-500.1.1","Monocle3","global",9.08784042402212,550,TRUE
"GTATTCTTCTGCAGTA-500.1.1","Monocle3","global",9.21690167640081,500,TRUE
"GTCAAGTGTACTTGAC-500.1.1","Monocle3","global",8.51673763763651,390,TRUE
"GTCATTTTCTCCCTGA-500.1.1","Monocle3","global",11.8784227701274,450,TRUE
"GTCCTCAAGGTGCAAC-500.1.1","Monocle3","global",6.99765354199486,450,TRUE
"GTCCTCAGTAGCTCCG-500.1.1","Monocle3","global",11.5306803060693,450,TRUE
"GTCCTCAGTTGCCTCT-500.1.1","Monocle3","global",7.20191926133294,360,TRUE
"GTCGGGTCACGCTTTC-500.1.1","Monocle3","global",12.933725032441,585,TRUE
"GTCGTAACATCCTTGC-500.1.1","Monocle3","global",13.3623026976563,620,TRUE
"GTCTCGTTCTTGAGGT-500.1.1","Monocle3","global",19.4978829273538,550,TRUE
"GTCTTCGTCGCTGATA-500.1.1","Monocle3","global",6.997653788041,390,TRUE
"GTGAAGGGTTATTCTC-500.1.1","Monocle3","global",11.3605214024384,450,TRUE
"GTGCAGCGTGACGCCT-500.1.1","Monocle3","global",14.1057104921084,700,TRUE
"GTGCAGCTCGTTACGA-500.1.1","Monocle3","global",9.85937441192694,450,TRUE
"GTGCATATCTCGGACG-500.1.1","Monocle3","global",11.146438811745,440,TRUE
"GTGCTTCGTGATAAAC-500.1.1","Monocle3","global",11.8837712074005,410,TRUE
"GTGCTTCGTTGCGTTA-500.1.1","Monocle3","global",13.3040162810528,510,TRUE
"GTGCTTCTCCGCGTTT-500.1.1","Monocle3","global",13.5380583512733,410,TRUE
"GTGGGTCAGGACTGGT-500.1.1","Monocle3","global",13.9564398718389,490,TRUE
"GTGGGTCCAACACGCC-500.1.1","Monocle3","global",11.9715321144132,620,TRUE
"GTGGGTCTCGTTACAG-500.1.1","Monocle3","global",10.2392132713137,350,TRUE
"GTGTGCGAGGGTGTTG-500.1.1","Monocle3","global",11.3387026130199,490,TRUE
"GTGTTAGAGGGTCTCC-500.1.1","Monocle3","global",12.3868520848788,520,TRUE
"GTGTTAGTCAACTCTT-500.1.1","Monocle3","global",13.3577600935658,635,TRUE
"GTGTTAGTCGTTACGA-500.1.1","Monocle3","global",11.1777588347617,420,TRUE
"GTTAAGCAGTCAAGGC-500.1.1","Monocle3","global",8.27726644074478,360,TRUE
"GTTAAGCCAACGCACC-500.1.1","Monocle3","global",11.6742447308839,450,TRUE
"GTTAAGCTCACAGGCC-500.1.1","Monocle3","global",14.0565189180679,530,TRUE
"GTTACAGAGTGTACGG-500.1.1","Monocle3","global",12.1302439570881,620,TRUE
"TAAACCGGTCTGCGGT-500.1.1","Monocle3","global",9.0359568498416,470,TRUE
"TAAGAGATCCAAGCCG-500.1.1","Monocle3","global",8.27726668679093,350,TRUE
"TAAGCGTCAGTAAGAT-500.1.1","Monocle3","global",10.7349299991798,420,TRUE
"TAAGCGTGTAATTGGA-500.1.1","Monocle3","global",7.80794829060999,370,TRUE
"TACACGATCCACTCCA-500.1.1","Monocle3","global",12.0013216006008,450,TRUE
"TACAGTGAGTGTTAGA-500.1.1","Monocle3","global",10.7349302452259,415,TRUE
"TACAGTGCAACTGGCC-500.1.1","Monocle3","global",10.9615074281782,390,TRUE
"TACCTATTCTCGGACG-500.1.1","Monocle3","global",12.7700048836261,550,TRUE
"TACCTTAGTAGAGGAA-500.1.1","Monocle3","global",11.8486818251941,420,TRUE
"TACCTTAGTGGTACAG-500.1.1","Monocle3","global",11.6571882937101,490,TRUE
"TACGGTAAGAGTACAT-500.1.1","Monocle3","global",12.5177335211318,550,TRUE
"TACGGTACATCCCATC-500.1.1","Monocle3","global",13.8427914878306,670,TRUE
"TACGGTATCTTGTATC-500.1.1","Monocle3","global",10.0146812623104,375,TRUE
"TACTCATAGCCACCTG-500.1.1","Monocle3","global",19.5471660705737,640,TRUE
"TACTCATCACCAGGTC-500.1.1","Monocle3","global",10.9715897767361,440,TRUE
"TACTCATTCTACTTAC-500.1.1","Monocle3","global",6.99765403408715,420,TRUE
"TACTCGCTCAAGAAGT-500.1.1","Monocle3","global",12.228967288169,585,TRUE
"TAGACCACATGGGACA-500.1.1","Monocle3","global",10.1753266062376,360,TRUE
"TAGACCATCTCGCATC-500.1.1","Monocle3","global",11.9495420186303,585,TRUE
"TAGAGCTAGTATGACA-500.1.1","Monocle3","global",8.27726693283707,390,TRUE
"TAGAGCTGTCGTCTTC-500.1.1","Monocle3","global",12.0959917090413,450,TRUE
"TAGCCGGGTGAGTATA-500.1.1","Monocle3","global",7.20191950737909,360,TRUE
"TAGGCATGTATTAGCC-500.1.1","Monocle3","global",14.128644863166,640,TRUE
"TAGGCATTCATCTGCC-500.1.1","Monocle3","global",10.8346812947115,450,TRUE
"TAGTGGTGTTTGGCGC-500.1.1","Monocle3","global",13.1022946953257,490,TRUE
"TAGTGGTTCAGTCAGT-500.1.1","Monocle3","global",19.0850566942377,550,TRUE
"TAGTTGGAGGAGTAGA-500.1.1","Monocle3","global",19.0619533782009,550,TRUE
"TAGTTGGTCGGTTCGG-500.1.1","Monocle3","global",9.01340427949736,435,TRUE
"TATCAGGAGTGAACAT-500.1.1","Monocle3","global",6.84310287027332,400,TRUE
"TATCAGGCATCAGTAC-500.1.1","Monocle3","global",12.1302442031343,620,TRUE
"TATCTCAAGTACGCGA-500.1.1","Monocle3","global",10.9224431527954,375,TRUE
"TATCTCACACGGATAG-500.1.1","Monocle3","global",8.27726717888321,380,TRUE
"TATCTCAGTGATGTCT-500.1.1","Monocle3","global",11.983295734202,450,TRUE
"TATTACCGTCTCTTTA-500.1.1","Monocle3","global",7.85760700899462,380,TRUE
"TATTACCGTTATCACG-500.1.1","Monocle3","global",12.4184640955346,620,TRUE
"TCACGAAAGTGCCAGA-500.1.1","Monocle3","global",6.76570864638907,360,TRUE
"TCACGAACAATAAGCA-500.1.1","Monocle3","global",11.8967326001474,620,TRUE
"TCACGAAGTAAGTGTA-500.1.1","Monocle3","global",11.0014014521844,450,TRUE
"TCACGAATCCAGAAGG-500.1.1","Monocle3","global",10.6253269558269,450,TRUE
"TCAGATGAGACTTGAA-500.1.1","Monocle3","global",14.0792952727389,630,TRUE
"TCAGCAACACGAAATA-500.1.1","Monocle3","global",6.99765428013329,420,TRUE
"TCAGCAATCGCAAGCC-500.1.1","Monocle3","global",14.0769535154669,630,TRUE
"TCAGCTCAGAGTGAGA-500.1.1","Monocle3","global",4.88764540231588,360,TRUE
"TCAGCTCCACACAGAG-500.1.1","Monocle3","global",12.4974575623254,550,TRUE
"TCAGGATTCTTCCTTC-500.1.1","Monocle3","global",11.5198228696294,450,TRUE
"TCAGGTACACATCCGG-500.1.1","Monocle3","global",7.47470091646183,360,TRUE
"TCAGGTAGTCATCCCT-500.1.1","Monocle3","global",12.5284710689189,530,TRUE
"TCCACACCACGGTAGA-500.1.1","Monocle3","global",13.8117059105156,585,TRUE
"TCCCGATCACAACGTT-500.1.1","Monocle3","global",11.1253851439843,410,TRUE
"TCGCGAGAGAAGGACA-500.1.1","Monocle3","global",9.75042137139194,470,TRUE
"TCGCGAGGTCCGTTAA-500.1.1","Monocle3","global",14.0116198066032,490,TRUE
"TCGGGACAGACTAGAT-500.1.1","Monocle3","global",7.88049756561224,385,TRUE
"TCGGTAAAGGCATTGG-500.1.1","Monocle3","global",14.6763220581799,550,TRUE
"TCGGTAAGTCAAGCGA-500.1.1","Monocle3","global",10.2159313090538,420,TRUE
"TCGTACCAGCGCCTTG-500.1.1","Monocle3","global",6.99765452617943,390,TRUE
"TCGTACCAGGGATGGG-500.1.1","Monocle3","global",14.0371229328842,450,TRUE
"TCGTACCCAGAAGCAC-500.1.1","Monocle3","global",11.3686105800544,450,TRUE
"TCGTACCCATCCCATC-500.1.1","Monocle3","global",11.2025679382268,420,TRUE
"TCTATTGCAAGTACCT-500.1.1","Monocle3","global",12.9913495615291,550,TRUE
"TCTCATACATTTGCTT-500.1.1","Monocle3","global",13.1222712631092,550,TRUE
"TCTCATAGTGACGCCT-500.1.1","Monocle3","global",7.76194690529038,380,TRUE
"TCTCATATCGTTACAG-500.1.1","Monocle3","global",8.53070604922719,420,TRUE
"TCTCTAAGTAGCGATG-500.1.1","Monocle3","global",8.44061050736417,410,TRUE
"TCTCTAAGTCATATCG-500.1.1","Monocle3","global",14.1521698192509,585,TRUE
"TCTGAGAGTCAGTGGA-500.1.1","Monocle3","global",13.390266604846,640,TRUE
"TCTGAGAGTTCAGGCC-500.1.1","Monocle3","global",7.10838298085659,355,TRUE
"TGAAAGACATGCATGT-500.1.1","Monocle3","global",10.0231090213601,355,TRUE
"TGAAAGATCGAGGTAG-500.1.1","Monocle3","global",7.75743839033357,370,TRUE
"TGACAACAGAACAACT-500.1.1","Monocle3","global",7.52411217797668,330,TRUE
"TGACAACAGCCCTAAT-500.1.1","Monocle3","global",5.03477894567555,320,TRUE
"TGACGGCCAGGATCGA-500.1.1","Monocle3","global",13.3215027599124,510,TRUE
"TGACGGCCAGGGTTAG-500.1.1","Monocle3","global",13.7847286950785,640,TRUE
"TGACGGCTCTCGTTTA-500.1.1","Monocle3","global",12.4177078919274,635,TRUE
"TGACTAGCATGTTGAC-500.1.1","Monocle3","global",11.0675368130207,450,TRUE
"TGACTAGTCTGCGGCA-500.1.1","Monocle3","global",12.1302444491804,500,TRUE
"TGACTTTAGGTGTGGT-500.1.1","Monocle3","global",7.50232777960881,380,TRUE
"TGACTTTAGTGAACAT-500.1.1","Monocle3","global",9.91891242401046,420,TRUE
"TGAGCATCATGCCTTC-500.1.1","Monocle3","global",6.86281183358639,335,TRUE
"TGAGCCGAGGGCATGT-500.1.1","Monocle3","global",11.9747024249234,450,TRUE
"TGATTTCAGGACAGAA-500.1.1","Monocle3","global",8.77050085649135,470,TRUE
"TGATTTCGTGGTACAG-500.1.1","Monocle3","global",11.3381455635823,450,TRUE
"TGCACCTTCATGCAAC-500.1.1","Monocle3","global",14.0843034871901,520,TRUE
"TGCACCTTCTGAGTGT-500.1.1","Monocle3","global",11.6813721692374,450,TRUE
"TGCCAAACAAGTAATG-500.1.1","Monocle3","global",14.7473358812583,620,TRUE
"TGCCCATCACCGCTAG-500.1.1","Monocle3","global",5.71052946940861,260,TRUE
"TGCCCTAGTGTGCGTC-500.1.1","Monocle3","global",5.52678394667092,335,TRUE
"TGCCCTATCACTTATC-500.1.1","Monocle3","global",7.19677774972168,375,TRUE
"TGCGCAGTCAGCTTAG-500.1.1","Monocle3","global",12.0831586107587,390,TRUE
"TGCGGGTGTGGTGTAG-500.1.1","Monocle3","global",14.1247716687,620,TRUE
"TGCGTGGAGTGTTTGC-500.1.1","Monocle3","global",9.63078311186134,440,TRUE
"TGCGTGGTCCCAACGG-500.1.1","Monocle3","global",11.057684795189,450,TRUE
"TGCTACCAGTGTGGCA-500.1.1","Monocle3","global",11.158923336611,425,TRUE
"TGCTACCGTGTGCCTG-500.1.1","Monocle3","global",6.99765477222558,435,TRUE
"TGCTACCTCTATCCCG-500.1.1","Monocle3","global",10.0311587016506,380,TRUE
"TGCTACCTCTGGTATG-500.1.1","Monocle3","global",9.4141403603947,390,TRUE
"TGCTGCTGTAGGAGTC-500.1.1","Monocle3","global",8.78201591415724,450,TRUE
"TGCTGCTGTCTCCATC-500.1.1","Monocle3","global",10.1443244054922,490,TRUE
"TGCTGCTTCTGTCCGT-500.1.1","Monocle3","global",7.53824922046981,370,TRUE
"TGGACGCCAGTATGCT-500.1.1","Monocle3","global",14.0983401975365,490,TRUE
"TGGCGCAAGAAGGTGA-500.1.1","Monocle3","global",8.25745751513266,410,TRUE
"TGGGAAGAGACTCGGA-500.1.1","Monocle3","global",10.144276339541,550,TRUE
"TGGGAAGGTCTAGTGT-500.1.1","Monocle3","global",12.0929769537383,550,TRUE
"TGGGCGTGTGATAAAC-500.1.1","Monocle3","global",7.31207610401131,390,TRUE
"TGGGCGTGTGTCAATC-500.1.1","Monocle3","global",12.2771221328807,550,TRUE
"TGGTTAGAGAGAACAG-500.1.1","Monocle3","global",10.7323429010419,450,TRUE
"TGGTTAGAGGCATGTG-500.1.1","Monocle3","global",12.5967773356631,440,TRUE
"TGGTTCCCACATTAGC-500.1.1","Monocle3","global",7.5610763586104,385,TRUE
"TGGTTCCCACTAAGTC-500.1.1","Monocle3","global",7.19566760106158,385,TRUE
"TGGTTCCGTATCTGCA-500.1.1","Monocle3","global",6.99765501827172,510,TRUE
"TGTATTCTCGGATGTT-500.1.1","Monocle3","global",12.0831022047594,490,TRUE
"TGTCCCAGTTCGGGCT-500.1.1","Monocle3","global",12.4039795198679,550,TRUE
"TGTGGTACACCCATGG-500.1.1","Monocle3","global",19.9888738248119,700,TRUE
"TGTGGTACAGTAAGCG-500.1.1","Monocle3","global",9.13864970658519,450,TRUE
"TGTGGTAGTTCTCATT-500.1.1","Monocle3","global",19.0611690648152,430,TRUE
"TGTGGTATCAGTCAGT-500.1.1","Monocle3","global",11.4996971949206,450,TRUE
"TGTGTTTGTTGAGGTG-500.1.1","Monocle3","global",2.38440914060269,245,TRUE
"TGTTCCGCAATCTACG-500.1.1","Monocle3","global",11.4159778952226,450,TRUE
"TTAACTCTCTCTAAGG-500.1.1","Monocle3","global",11.1982742009727,405,TRUE
"TTAACTCTCTTAGCCC-500.1.1","Monocle3","global",10.6597722244912,450,TRUE
"TTAGGACTCAGAGGTG-500.1.1","Monocle3","global",9.62735367944133,410,TRUE
"TTATGCTAGCTACCGC-500.1.1","Monocle3","global",19.5714685469357,625,TRUE
"TTATGCTGTCACTGGC-500.1.1","Monocle3","global",12.931097508009,550,TRUE
"TTCGAAGCACACCGAC-500.1.1","Monocle3","global",12.4441969914637,585,TRUE
"TTCGAAGCATTGGCGC-500.1.1","Monocle3","global",8.11094199077763,375,TRUE
"TTCGAAGGTATTACCG-500.1.1","Monocle3","global",11.2127189509906,410,TRUE
"TTCGAAGGTTACCAGT-500.1.1","Monocle3","global",6.99765526431787,390,TRUE
"TTCGGTCTCTCTGCTG-500.1.1","Monocle3","global",12.3186868752544,550,TRUE
"TTCTACACATAAAGGT-500.1.1","Monocle3","global",14.2875901804299,585,TRUE
"TTCTCAAAGTCATGCT-500.1.1","Monocle3","global",12.7738812701441,550,TRUE
"TTCTCAACATGTTGAC-500.1.1","Monocle3","global",8.07119547073615,380,TRUE
"TTCTTAGCACAAGCCC-500.1.1","Monocle3","global",12.6023557477546,450,TRUE
"TTCTTAGGTCAAACTC-500.1.1","Monocle3","global",8.27726742492936,375,TRUE
"TTCTTAGTCTCACATT-500.1.1","Monocle3","global",13.3928680815731,620,TRUE
"TTGAACGCACACGCTG-500.1.1","Monocle3","global",10.6895516589451,420,TRUE
"TTGCCGTCATCCAACA-500.1.1","Monocle3","global",10.8710436661699,470,TRUE
"TTGCGTCCAAAGTCAA-500.1.1","Monocle3","global",8.31209577219316,345,TRUE
"TTGCGTCGTCACACGC-500.1.1","Monocle3","global",5.41475364031299,320,TRUE
"TTTGCGCGTACCATCA-500.1.1","Monocle3","global",11.9194939870372,435,TRUE
"TTTGCGCTCTCTGCTG-500.1.1","Monocle3","global",14.1442228375148,550,TRUE
"TTTGGTTCAATGGATA-500.1.1","Monocle3","global",12.0805649410324,450,TRUE
"TTTGTCAAGCCAGGAT-500.1.1","Monocle3","global",9.2811968062175,415,TRUE
"TTTGTCAAGGTGGGTT-500.1.1","Monocle3","global",14.1609613543724,700,TRUE
"AAACCTGGTACCATCA-500.1.2","Monocle3","global",12.4103392879314,585,TRUE
"AAACCTGGTAGCCTCG-500.1.2","Monocle3","global",10.0700947596628,415,TRUE
"AAACCTGGTTCGTGAT-500.1.2","Monocle3","global",8.77570254892083,450,TRUE
"AAAGATGCATACTACG-500.1.2","Monocle3","global",12.2397756226531,490,TRUE
"AAAGATGGTATTCTCT-500.1.2","Monocle3","global",9.78909149699746,520,TRUE
"AAAGCAATCCCTAACC-500.1.2","Monocle3","global",11.5288317270536,420,TRUE
"AAAGTAGAGTAATCCC-500.1.2","Monocle3","global",13.8394086903508,620,TRUE
"AACGTTGAGATCCCGC-500.1.2","Monocle3","global",13.0874081242317,620,TRUE
"AACGTTGTCAGCGATT-500.1.2","Monocle3","global",13.8187822888209,630,TRUE
"AACGTTGTCGTCCGTT-500.1.2","Monocle3","global",12.6366523829572,700,TRUE
"AACTCAGAGTGTACGG-500.1.2","Monocle3","global",8.2772676709755,385,TRUE
"AACTCCCTCATTGCGA-500.1.2","Monocle3","global",6.53435261028736,360,TRUE
"AACTGGTGTTTGTTTC-500.1.2","Monocle3","global",12.2236737741596,585,TRUE
"AAGCCGCTCCTTTCGG-500.1.2","Monocle3","global",14.3536396099432,670,TRUE
"AAGGCAGGTATAATGG-500.1.2","Monocle3","global",10.0047600749662,410,TRUE
"ACATCAGCACCATGTA-500.1.2","Monocle3","global",11.918691381596,420,TRUE
"ACATCAGCAGAAGCAC-500.1.2","Monocle3","global",12.5328984659549,550,TRUE
"ACATGGTAGAGTGACC-500.1.2","Monocle3","global",17.1816630082799,700,TRUE
"ACATGGTTCTCGTTTA-500.1.2","Monocle3","global",13.1303446033082,490,TRUE
"ACCAGTAGTCAAACTC-500.1.2","Monocle3","global",13.4107368765044,550,TRUE
"ACCAGTATCTGTTTGT-500.1.2","Monocle3","global",8.4995338867845,390,TRUE
"ACCCACTAGTCGATAA-500.1.2","Monocle3","global",8.89795389288552,390,TRUE
"ACGATACGTGGTAACG-500.1.2","Monocle3","global",12.2867407006357,510,TRUE
"ACGCCAGCAACACCTA-500.1.2","Monocle3","global",10.972759210413,395,TRUE
"ACTATCTTCACTGGGC-500.1.2","Monocle3","global",13.59906905168,410,TRUE
"ACTGAACCAAGTTAAG-500.1.2","Monocle3","global",9.91970019526581,630,TRUE
"ACTGTCCTCAGAGGTG-500.1.2","Monocle3","global",13.315941312394,510,TRUE
"ACTTACTCACTTCGAA-500.1.2","Monocle3","global",12.4049773573455,620,TRUE
"ACTTACTCAGCCAATT-500.1.2","Monocle3","global",8.27726791702164,370,TRUE
"ACTTGTTCAAGCCGTC-500.1.2","Monocle3","global",7.82285503755336,375,TRUE
"AGAATAGAGCCGATTT-500.1.2","Monocle3","global",6.59726439233547,350,TRUE
"AGACGTTAGTGAAGTT-500.1.2","Monocle3","global",8.23873718754345,380,TRUE
"AGAGCTTCACCGAATT-500.1.2","Monocle3","global",8.89813378204085,390,TRUE
"AGAGTGGTCAAGAAGT-500.1.2","Monocle3","global",9.08596303602376,450,TRUE
"AGATTGCCACCTATCC-500.1.2","Monocle3","global",20.059294317818,700,TRUE
"AGCATACCACATTAGC-500.1.2","Monocle3","global",19.9523890829433,700,TRUE
"AGCGGTCCACCGTTGG-500.1.2","Monocle3","global",13.1546740806675,585,TRUE
"AGCGGTCGTCTTGATG-500.1.2","Monocle3","global",18.3580364923638,450,TRUE
"AGCGGTCGTCTTGCGG-500.1.2","Monocle3","global",13.9113574241815,490,TRUE
"AGCGTCGAGCAGACTG-500.1.2","Monocle3","global",13.6918299105877,440,TRUE
"AGCTCTCAGTCCTCCT-500.1.2","Monocle3","global",11.9179567528205,420,TRUE
"AGGCCACCACAGATTC-500.1.2","Monocle3","global",6.26027150225648,390,TRUE
"AGGGAGTCAAATTGCC-500.1.2","Monocle3","global",12.9577639190265,550,TRUE
"AGGGAGTCACCAGTTA-500.1.2","Monocle3","global",10.743859731534,420,TRUE
"AGGGATGTCTATGTGG-500.1.2","Monocle3","global",19.0829322861935,550,TRUE
"AGGTCCGTCCCAACGG-500.1.2","Monocle3","global",14.7472723176223,640,TRUE
"AGTTGGTAGATCCGAG-500.1.2","Monocle3","global",9.94444723910871,350,TRUE
"ATAACGCTCTCGATGA-500.1.2","Monocle3","global",10.2066818299549,550,TRUE
"ATAAGAGCATGCAATC-500.1.2","Monocle3","global",11.5633616931752,550,TRUE
"ATAAGAGGTTTACTCT-500.1.2","Monocle3","global",13.0204774430825,550,TRUE
"ATCGAGTAGAGTCGGT-500.1.2","Monocle3","global",11.3616816432043,430,TRUE
"ATCGAGTAGCCCGAAA-500.1.2","Monocle3","global",8.94509563536659,420,TRUE
"ATCTACTCAAGTAGTA-500.1.2","Monocle3","global",12.1302446952265,550,TRUE
"ATGCGATTCCAGATCA-500.1.2","Monocle3","global",14.7105363409319,550,TRUE
"ATTACTCCAGCAGTTT-500.1.2","Monocle3","global",6.30635490110737,230,TRUE
"ATTCTACGTCACTGGC-500.1.2","Monocle3","global",8.37556514613599,410,TRUE
"ATTGGACCAAGCGCTC-500.1.2","Monocle3","global",8.78620730046264,400,TRUE
"ATTGGTGCACAAGTAA-500.1.2","Monocle3","global",5.52390524880241,320,TRUE
"ATTTCTGCACTGAAGG-500.1.2","Monocle3","global",12.1302449412727,490,TRUE
"ATTTCTGTCGAGAGCA-500.1.2","Monocle3","global",13.0949483840607,510,TRUE
"CAACCTCGTTAGAACA-500.1.2","Monocle3","global",5.39619423997347,350,TRUE
"CAAGTTGCAGCTGGCT-500.1.2","Monocle3","global",12.1302451873188,625,TRUE
"CACACAAAGATATGGT-500.1.2","Monocle3","global",9.02941508607276,500,TRUE
"CACCACTTCTGATTCT-500.1.2","Monocle3","global",19.1234776791327,550,TRUE
"CACCTTGAGGTGTTAA-500.1.2","Monocle3","global",13.4838243258172,450,TRUE
"CACTCCAAGGGCTTGA-500.1.2","Monocle3","global",9.85443371436336,640,TRUE
"CACTCCATCGCGTTTC-500.1.2","Monocle3","global",12.0836825509949,470,TRUE
"CAGAATCCACCTCGGA-500.1.2","Monocle3","global",13.779067387794,640,TRUE
"CAGAGAGAGCGATTCT-500.1.2","Monocle3","global",12.1051058430901,450,TRUE
"CAGATCAAGCAGACTG-500.1.2","Monocle3","global",11.8004964665543,585,TRUE
"CAGCATACACGTTGGC-500.1.2","Monocle3","global",13.4759123599275,640,TRUE
"CAGTAACCATCTGGTA-500.1.2","Monocle3","global",7.88543011429099,390,TRUE
"CAGTCCTGTCTTCTCG-500.1.2","Monocle3","global",8.43254297097612,385,TRUE
"CATATGGCAATCGGTT-500.1.2","Monocle3","global",11.0889246164962,420,TRUE
"CATATGGTCGCTAGCG-500.1.2","Monocle3","global",13.2217098641767,620,TRUE
"CATCAAGCAAGCCCAC-500.1.2","Monocle3","global",14.0565191641141,550,TRUE
"CATTATCTCCTCAACC-500.1.2","Monocle3","global",7.99144081282925,380,TRUE
"CATTCGCAGTAGGCCA-500.1.2","Monocle3","global",13.3577603396119,640,TRUE
"CATTCGCTCACATAGC-500.1.2","Monocle3","global",12.950901838902,490,TRUE
"CCAATCCCAAGGACTG-500.1.2","Monocle3","global",8.2937606425733,390,TRUE
"CCAATCCGTTCGCTAA-500.1.2","Monocle3","global",11.0906324773812,500,TRUE
"CCACGGAGTGTTGAGG-500.1.2","Monocle3","global",16.4916891251687,640,TRUE
"CCACGGATCCACGACG-500.1.2","Monocle3","global",12.9143996167941,725,TRUE
"CCAGCGACAATTGCTG-500.1.2","Monocle3","global",8.45273896420196,420,TRUE
"CCATTCGAGATGTGGC-500.1.2","Monocle3","global",11.0937402068668,450,TRUE
"CCATTCGTCGAACGGA-500.1.2","Monocle3","global",14.1205259001169,640,TRUE
"CCCAGTTGTGCGCTTG-500.1.2","Monocle3","global",10.657494761394,640,TRUE
"CCCAGTTTCAATCACG-500.1.2","Monocle3","global",8.47562989462291,390,TRUE
"CCCTCCTGTCCCGACA-500.1.2","Monocle3","global",12.6408576037981,700,TRUE
"CCTACACGTGTGGTTT-500.1.2","Monocle3","global",12.7305446456245,620,TRUE
"CCTAGCTGTGGAAAGA-500.1.2","Monocle3","global",11.3681331522446,450,TRUE
"CCTAGCTTCACGGTTA-500.1.2","Monocle3","global",12.989575457306,620,TRUE
"CCTCAGTTCTGGTTCC-500.1.2","Monocle3","global",8.9253229175296,410,TRUE
"CCTCTGAGTTGTGGAG-500.1.2","Monocle3","global",13.7609645886096,490,TRUE
"CCTTACGAGCGTAGTG-500.1.2","Monocle3","global",12.3958327995577,620,TRUE
"CCTTTCTGTGACGGTA-500.1.2","Monocle3","global",11.9180262411634,420,TRUE
"CGAACATAGACTAGGC-500.1.2","Monocle3","global",10.2543766694486,385,TRUE
"CGAACATCAGAAGCAC-500.1.2","Monocle3","global",4.94164292594993,320,TRUE
"CGAGAAGCACAGGCCT-500.1.2","Monocle3","global",4.92685597141086,300,TRUE
"CGCGGTACAGTCTTCC-500.1.2","Monocle3","global",6.51641035491208,380,TRUE
"CGCGTTTAGAGCTTCT-500.1.2","Monocle3","global",11.7269071816016,500,TRUE
"CGCGTTTCACGTGAGA-500.1.2","Monocle3","global",13.2879262001293,585,TRUE
"CGCTATCCACAGTCGC-500.1.2","Monocle3","global",13.8511258152547,620,TRUE
"CGGACACCATAAGACA-500.1.2","Monocle3","global",12.3821645400801,620,TRUE
"CGGAGCTGTACCCAAT-500.1.2","Monocle3","global",14.6119858825341,725,TRUE
"CGTAGCGTCAAACCGT-500.1.2","Monocle3","global",12.0847209169876,490,TRUE
"CGTAGCGTCTTGTCAT-500.1.2","Monocle3","global",11.647453039792,490,TRUE
"CGTCAGGAGGCTAGCA-500.1.2","Monocle3","global",8.0837920822738,390,TRUE
"CGTCAGGCAACGCACC-500.1.2","Monocle3","global",12.3828181013017,550,TRUE
"CGTGTAAGTGCCTTGG-500.1.2","Monocle3","global",19.4141635687564,640,TRUE
"CGTGTCTGTAAGGGAA-500.1.2","Monocle3","global",10.1472809476091,385,TRUE
"CGTTAGACAAGCGTAG-500.1.2","Monocle3","global",6.20640620288841,370,TRUE
"CTAATGGAGACTTTCG-500.1.2","Monocle3","global",8.55063664832929,380,TRUE
"CTACACCAGGCAGTCA-500.1.2","Monocle3","global",14.0422727861666,550,TRUE
"CTACATTCATATGCTG-500.1.2","Monocle3","global",8.27726816306779,350,TRUE
"CTACCCAGTGGTAACG-500.1.2","Monocle3","global",12.6322386243748,450,TRUE
"CTAGAGTCATCGGACC-500.1.2","Monocle3","global",12.1540719393514,455,TRUE
"CTCACACAGAAACGAG-500.1.2","Monocle3","global",8.48419437043942,420,TRUE
"CTCGAAACACAGACTT-500.1.2","Monocle3","global",6.51210920953691,295,TRUE
"CTCGGAGGTTTAGCTG-500.1.2","Monocle3","global",14.4555126502626,490,TRUE
"CTCGGAGTCGGAATCT-500.1.2","Monocle3","global",8.82166871143188,450,TRUE
"CTCTAATAGGATCGCA-500.1.2","Monocle3","global",12.8367619322024,550,TRUE
"CTCTACGGTCGTGGCT-500.1.2","Monocle3","global",10.2386493432483,550,TRUE
"CTGAAGTCACGCATCG-500.1.2","Monocle3","global",8.23826478439937,415,TRUE
"CTGCTGTTCGGAGCAA-500.1.2","Monocle3","global",11.3326232140754,490,TRUE
"CTGGTCTGTTATCCGA-500.1.2","Monocle3","global",19.1135810784581,550,TRUE
"CTGTTTACAGAAGCAC-500.1.2","Monocle3","global",9.876638976186,640,TRUE
"CTTCTCTGTCTTCTCG-500.1.2","Monocle3","global",9.21600183243726,550,TRUE
"GAAATGATCTCTAAGG-500.1.2","Monocle3","global",9.67833942014262,490,TRUE
"GAACATCCATAGTAAG-500.1.2","Monocle3","global",8.21525404781573,370,TRUE
"GAACGGAAGGCTAGAC-500.1.2","Monocle3","global",6.76570889243521,360,TRUE
"GACACGCTCCGAATGT-500.1.2","Monocle3","global",13.8362182857331,620,TRUE
"GACGCGTCATGGTTGT-500.1.2","Monocle3","global",10.4458339796672,415,TRUE
"GACGCGTTCTTGGGTA-500.1.2","Monocle3","global",14.445670776849,620,TRUE
"GACGTGCCATAAAGGT-500.1.2","Monocle3","global",14.6218613225966,750,TRUE
"GACTAACTCCAGTAGT-500.1.2","Monocle3","global",12.1051613276896,550,TRUE
"GACTACAAGATCGATA-500.1.2","Monocle3","global",14.2731004415592,490,TRUE
"GAGGTGAGTCTCCATC-500.1.2","Monocle3","global",10.5682910695263,470,TRUE
"GATCAGTCAGCTGCAC-500.1.2","Monocle3","global",18.4090942294057,440,TRUE
"GATCGCGCACACGCTG-500.1.2","Monocle3","global",8.21831155798806,415,TRUE
"GATTCAGAGGAGTAGA-500.1.2","Monocle3","global",8.29733415059991,380,TRUE
"GATTCAGCAAACTGCT-500.1.2","Monocle3","global",9.62265980429632,410,TRUE
"GCAAACTTCCGCTGTT-500.1.2","Monocle3","global",13.874582465247,620,TRUE
"GCACTCTAGTTTAGGA-500.1.2","Monocle3","global",10.7349304912721,450,TRUE
"GCAGTTAGTTATGCGT-500.1.2","Monocle3","global",7.87530034656873,360,TRUE
"GCAGTTATCCCACTTG-500.1.2","Monocle3","global",14.0565194101602,530,TRUE
"GCATGCGGTTCACGGC-500.1.2","Monocle3","global",11.6379040111402,550,TRUE
"GCGAGAATCCATGAGT-500.1.2","Monocle3","global",6.99765551036401,390,TRUE
"GCGCAACAGACCACGA-500.1.2","Monocle3","global",11.3555397249512,440,TRUE
"GCGCAGTCACCAGGCT-500.1.2","Monocle3","global",8.46439358747227,380,TRUE
"GCGCCAACAACACCTA-500.1.2","Monocle3","global",19.2070214844181,550,TRUE
"GCGGGTTAGTCCATAC-500.1.2","Monocle3","global",5.9369519190683,350,TRUE
"GCGGGTTCACAGGCCT-500.1.2","Monocle3","global",12.0769423253428,450,TRUE
"GCGGGTTGTTCTCATT-500.1.2","Monocle3","global",8.898134028087,390,TRUE
"GCTGCAGTCAAGCCTA-500.1.2","Monocle3","global",12.6100322777321,450,TRUE
"GCTTGAACACCGATAT-500.1.2","Monocle3","global",10.012435731842,395,TRUE
"GGAATAAAGAACAACT-500.1.2","Monocle3","global",9.45756489858207,470,TRUE
"GGAATAAGTAGCGCTC-500.1.2","Monocle3","global",9.90037572674365,585,TRUE
"GGCAATTAGAACTGTA-500.1.2","Monocle3","global",8.27460276019952,380,TRUE
"GGCCGATAGGAGTCTG-500.1.2","Monocle3","global",12.732839530654,620,TRUE
"GGCCGATTCTGGCGTG-500.1.2","Monocle3","global",11.1775467564454,450,TRUE
"GGCTCGACACAAGACG-500.1.2","Monocle3","global",14.1504595642531,620,TRUE
"GGGAATGGTAGGGTAC-500.1.2","Monocle3","global",8.29851990431726,375,TRUE
"GGGACCTCACACGCTG-500.1.2","Monocle3","global",11.8186535132828,450,TRUE
"GGGCACTGTCTCATCC-500.1.2","Monocle3","global",12.3941755622042,635,TRUE
"GGTATTGGTTGTCTTT-500.1.2","Monocle3","global",10.8886096819887,390,TRUE
"GGTGAAGGTCATGCCG-500.1.2","Monocle3","global",14.4393581722352,550,TRUE
"GGTGTTAAGGCCCGTT-500.1.2","Monocle3","global",8.82042706154303,400,TRUE
"GTAACGTAGCCTATGT-500.1.2","Monocle3","global",9.27833447344198,390,TRUE
"GTACGTAAGGGATGGG-500.1.2","Monocle3","global",11.6713382963472,520,TRUE
"GTAGGCCCATGTAAGA-500.1.2","Monocle3","global",11.4278052385988,450,TRUE
"GTAGTCAAGTGACATA-500.1.2","Monocle3","global",9.33797598188517,410,TRUE
"GTATTCTTCCAGAGGA-500.1.2","Monocle3","global",6.56674581460755,365,TRUE
"GTCACAATCGAACGGA-500.1.2","Monocle3","global",12.0970617024683,490,TRUE
"GTCCTCAGTCACAAGG-500.1.2","Monocle3","global",12.4107279698588,490,TRUE
"GTGCAGCCACTTCTGC-500.1.2","Monocle3","global",10.0718571374834,420,TRUE
"GTGTTAGAGAGGTAGA-500.1.2","Monocle3","global",19.5743365712117,640,TRUE
"GTTAAGCGTGACGGTA-500.1.2","Monocle3","global",12.6384003981494,450,TRUE
"GTTACAGAGCTAGTGG-500.1.2","Monocle3","global",12.0778359814404,550,TRUE
"GTTCGGGAGATATACG-500.1.2","Monocle3","global",10.4132652119719,385,TRUE
"TAAACCGAGATGGGTC-500.1.2","Monocle3","global",8.1964103652617,410,TRUE
"TAAGAGAAGATGGCGT-500.1.2","Monocle3","global",6.99765575641016,400,TRUE
"TAAGAGATCCTCTAGC-500.1.2","Monocle3","global",19.1958151562408,550,TRUE
"TAAGTGCAGTACGATA-500.1.2","Monocle3","global",13.8264997538838,620,TRUE
"TAAGTGCGTAGATTAG-500.1.2","Monocle3","global",14.410899258149,490,TRUE
"TACACGATCTTAGCCC-500.1.2","Monocle3","global",10.724883259255,450,TRUE
"TACTCATAGTCAAGCG-500.1.2","Monocle3","global",9.08191092653712,350,TRUE
"TACTTGTTCGCCGTGA-500.1.2","Monocle3","global",11.0070900331795,470,TRUE
"TAGACCAGTCTGGTCG-500.1.2","Monocle3","global",8.27726840911393,380,TRUE
"TAGGCATGTAAACGCG-500.1.2","Monocle3","global",11.5252260989995,450,TRUE
"TAGTTGGCAGCCAATT-500.1.2","Monocle3","global",13.6785877442037,450,TRUE
"TATCTCACAAGAGTCG-500.1.2","Monocle3","global",10.1475888891724,400,TRUE
"TATCTCACAAGCTGTT-500.1.2","Monocle3","global",5.74079730936466,410,TRUE
"TATCTCATCTGCAGTA-500.1.2","Monocle3","global",14.8240071158194,760,TRUE
"TATGCCCAGCATGGCA-500.1.2","Monocle3","global",12.3946725854257,620,TRUE
"TCAACGAAGCGATATA-500.1.2","Monocle3","global",14.1714719227711,640,TRUE
"TCAATCTAGATGTTAG-500.1.2","Monocle3","global",7.30091610349953,380,TRUE
"TCAGCAAAGACCTTTG-500.1.2","Monocle3","global",12.130245433365,620,TRUE
"TCAGCTCTCGCGGATC-500.1.2","Monocle3","global",20.395501284859,700,TRUE
"TCAGGATAGCCGATTT-500.1.2","Monocle3","global",13.7694910820344,640,TRUE
"TCATTTGCATTGTGCA-500.1.2","Monocle3","global",12.9542871666365,490,TRUE
"TCCCGATCATCAGTCA-500.1.2","Monocle3","global",19.1708037280419,500,TRUE
"TCGAGGCGTTCGTCTC-500.1.2","Monocle3","global",11.9131084662558,585,TRUE
"TCGGTAAAGTGCGTGA-500.1.2","Monocle3","global",9.8393462111926,470,TRUE
"TCGTAGACATTCCTGC-500.1.2","Monocle3","global",11.168499657166,420,TRUE
"TGAGCATTCCACGTTC-500.1.2","Monocle3","global",11.5191945614672,420,TRUE
"TGAGGGAAGAATTCCC-500.1.2","Monocle3","global",10.9302427175712,450,TRUE
"TGAGGGAGTGGTACAG-500.1.2","Monocle3","global",12.9416852310581,510,TRUE
"TGCCCATCAGCGATCC-500.1.2","Monocle3","global",8.43429318891522,390,TRUE
"TGCGCAGCATACTACG-500.1.2","Monocle3","global",6.9976560024563,420,TRUE
"TGCGCAGGTCTAGTCA-500.1.2","Monocle3","global",8.36927792816389,405,TRUE
"TGCTACCCACAGACAG-500.1.2","Monocle3","global",0.157590289390106,390,TRUE
"TGGCCAGAGGCTCAGA-500.1.2","Monocle3","global",14.6350161172513,565,TRUE
"TGGCCAGTCTTCTGGC-500.1.2","Monocle3","global",8.82048533799181,390,TRUE
"TGGCTGGAGATCCGAG-500.1.2","Monocle3","global",6.99765624850244,420,TRUE
"TGGCTGGAGATGCCAG-500.1.2","Monocle3","global",10.0990650858245,395,TRUE
"TGTATTCAGTATCGAA-500.1.2","Monocle3","global",10.9980070173337,470,TRUE
"TGTCCCAAGCCGATTT-500.1.2","Monocle3","global",6.99765649454859,420,TRUE
"TTAGGACAGTTGCAGG-500.1.2","Monocle3","global",11.6444734474512,450,TRUE
"TTCGAAGAGTGTGAAT-500.1.2","Monocle3","global",9.66094244002561,500,TRUE
"TTCGAAGTCTAACTTC-500.1.2","Monocle3","global",12.3218252352669,585,TRUE
"TTCTCAAAGGCAAAGA-500.1.2","Monocle3","global",8.13247900209308,390,TRUE
"TTCTCAACACAGACAG-500.1.2","Monocle3","global",9.84785715156,425,TRUE
"TTGAACGCAGATCGGA-500.1.2","Monocle3","global",12.9830016449231,550,TRUE
"TTGCCGTTCCGAAGAG-500.1.2","Monocle3","global",5.7052095961519,355,TRUE
"TTGGAACTCCTTCAAT-500.1.2","Monocle3","global",11.0849420447773,450,TRUE
"TTTGGTTAGGTTACCT-500.1.2","Monocle3","global",10.5515435438696,620,TRUE
"AAACCTGAGCACAGGT-500.1.3","Monocle3","global",10.1379387941401,450,TRUE
"AAAGTAGGTCACTGGC-500.1.3","Monocle3","global",9.47408460671167,380,TRUE
"AAATGCCCAATGGAAT-500.1.3","Monocle3","global",14.1081182392135,490,TRUE
"AAGACCTTCGAGCCCA-500.1.3","Monocle3","global",11.5234038004967,450,TRUE
"AGCGTCGGTCCGTCAG-500.1.3","Monocle3","global",13.6067200487932,550,TRUE
"AGCTTGACACAACTGT-500.1.3","Monocle3","global",12.1302456794111,620,TRUE
"AGCTTGATCAGGCAAG-500.1.3","Monocle3","global",10.4735597224049,620,TRUE
"AGGCCACGTCAAGCGA-500.1.3","Monocle3","global",12.6569142533791,415,TRUE
"AGGGAGTCAGGTGGAT-500.1.3","Monocle3","global",10.2048031561937,405,TRUE
"ATAACGCCACAGGAGT-500.1.3","Monocle3","global",12.7547154680088,620,TRUE
"ATCCGAAGTGCGATAG-500.1.3","Monocle3","global",12.7603715835015,620,TRUE
"ATGAGGGTCGACGGAA-500.1.3","Monocle3","global",12.3900390892346,635,TRUE
"ATTGGTGTCATGGTCA-500.1.3","Monocle3","global",8.27726865516007,370,TRUE
"CAAGATCAGCCACCTG-500.1.3","Monocle3","global",14.0565196562063,550,TRUE
"CACATTTCACGCCAGT-500.1.3","Monocle3","global",12.4273797794265,490,TRUE
"CACATTTTCATGCATG-500.1.3","Monocle3","global",12.9965332164374,630,TRUE
"CAGAATCAGTTTAGGA-500.1.3","Monocle3","global",8.49568508785803,390,TRUE
"CAGAATCCAGACTCGC-500.1.3","Monocle3","global",7.78167673953717,375,TRUE
"CCACTACGTCGGCACT-500.1.3","Monocle3","global",19.6452985940426,640,TRUE
"CCGGTAGCATGCGCAC-500.1.3","Monocle3","global",13.5163041508663,435,TRUE
"CGACTTCGTTGTGGAG-500.1.3","Monocle3","global",11.9188329678053,420,TRUE
"CGATGGCTCTGTTGAG-500.1.3","Monocle3","global",6.17940608188281,385,TRUE
"CGCCAAGCAATGAATG-500.1.3","Monocle3","global",10.413265458018,390,TRUE
"CGGACACGTGCAGGTA-500.1.3","Monocle3","global",9.48577800751692,450,TRUE
"CGGACGTTCAGTCAGT-500.1.3","Monocle3","global",13.4578913813454,640,TRUE
"CGGAGCTCATCTATGG-500.1.3","Monocle3","global",13.2130368599546,550,TRUE
"CGGCTAGCATGCGCAC-500.1.3","Monocle3","global",11.0905985360331,490,TRUE
"CGTTGGGAGTGGGCTA-500.1.3","Monocle3","global",8.40496982984645,420,TRUE
"CGTTGGGTCGACGGAA-500.1.3","Monocle3","global",13.5786197794815,620,TRUE
"CTACATTAGGAGCGAG-500.1.3","Monocle3","global",10.2286840520861,550,TRUE
"CTAGTGAAGAGGGCTT-500.1.3","Monocle3","global",10.7349307373182,450,TRUE
"CTCGAAAAGGTTACCT-500.1.3","Monocle3","global",6.06587909206514,360,TRUE
"CTCGAGGGTGAAATCA-500.1.3","Monocle3","global",9.94528391147165,550,TRUE
"CTGATCCAGCTCCTTC-500.1.3","Monocle3","global",10.7751452769126,390,TRUE
"CTTACCGGTACATGTC-500.1.3","Monocle3","global",14.4747650175651,490,TRUE
"GAAATGAGTCCAAGTT-500.1.3","Monocle3","global",12.6285233772772,450,TRUE
"GAAATGAGTTACCGAT-500.1.3","Monocle3","global",8.55805909162084,415,TRUE
"GACAGAGAGGCATGGT-500.1.3","Monocle3","global",9.01356232981827,410,TRUE
"GACGTTACACGGCCAT-500.1.3","Monocle3","global",10.0863937317279,415,TRUE
"GATCGTATCGCTAGCG-500.1.3","Monocle3","global",14.0498759693566,550,TRUE
"GCACATAGTTAAAGTG-500.1.3","Monocle3","global",12.3870911778556,700,TRUE
"GCAGCCAGTTGGTTTG-500.1.3","Monocle3","global",11.1773964509188,420,TRUE
"GCATACATCTGTTGAG-500.1.3","Monocle3","global",8.20841708530027,370,TRUE
"GCTCCTAGTTTGACAC-500.1.3","Monocle3","global",6.59785287457172,350,TRUE
"GCTTCCAGTGTGCCTG-500.1.3","Monocle3","global",10.3412613487452,400,TRUE
"GGCAATTAGTTGTAGA-500.1.3","Monocle3","global",8.94131144191456,410,TRUE
"GGCGACTGTTGCTCCT-500.1.3","Monocle3","global",8.01865690744246,390,TRUE
"GGGAATGTCTGATTCT-500.1.3","Monocle3","global",14.3253256971105,640,TRUE
"GTAACTGAGACCTAGG-500.1.3","Monocle3","global",11.318998052319,450,TRUE
"GTACTTTTCGAGGTAG-500.1.3","Monocle3","global",1.67497157348829,185,TRUE
"GTAGGCCAGCACCGTC-500.1.3","Monocle3","global",18.3677016463682,435,TRUE
"GTAGTCATCGAATGCT-500.1.3","Monocle3","global",10.1317400712154,385,TRUE
"GTCATTTCATGCCTTC-500.1.3","Monocle3","global",9.54419924316714,470,TRUE
"GTTAAGCCAACTTGAC-500.1.3","Monocle3","global",9.81430365620969,470,TRUE
"TAAACCGGTACCATCA-500.1.3","Monocle3","global",9.16212201700179,530,TRUE
"TAAGCGTTCCTTTCTC-500.1.3","Monocle3","global",12.4968464391424,620,TRUE
"TACAGTGTCGAATGCT-500.1.3","Monocle3","global",14.1112604872343,530,TRUE
"TACTCGCGTATTCTCT-500.1.3","Monocle3","global",9.73672318682032,490,TRUE
"TACTTGTAGCGGATCA-500.1.3","Monocle3","global",8.22258453553191,375,TRUE
"TAGACCAAGAAACGCC-500.1.3","Monocle3","global",10.5155549209051,420,TRUE
"TAGGCATCAACGCACC-500.1.3","Monocle3","global",6.08946516338835,270,TRUE
"TAGGCATCATGATCCA-500.1.3","Monocle3","global",12.9594361875397,585,TRUE
"TAGTTGGAGACTTGAA-500.1.3","Monocle3","global",12.6390598481916,510,TRUE
"TAGTTGGCACCGAATT-500.1.3","Monocle3","global",12.1302459254573,620,TRUE
"TCAGGATTCACTCTTA-500.1.3","Monocle3","global",14.2527119839531,700,TRUE
"TCCACACGTGTGACGA-500.1.3","Monocle3","global",14.1821899754915,620,TRUE
"TCTGGAAGTCGAAAGC-500.1.3","Monocle3","global",7.83532423205973,390,TRUE
"TCTTTCCTCAGTTTGG-500.1.3","Monocle3","global",14.3590394141175,490,TRUE
"TGCGGGTAGGATGGTC-500.1.3","Monocle3","global",9.03840414687406,450,TRUE
"TGCGTGGTCGCCAAAT-500.1.3","Monocle3","global",9.95863240128956,530,TRUE
"TGCTACCAGCGGATCA-500.1.3","Monocle3","global",7.42379490565801,385,TRUE
"TGGCCAGCAAGTACCT-500.1.3","Monocle3","global",14.287590426476,550,TRUE
"TGTATTCGTAAAGGAG-500.1.3","Monocle3","global",12.3573629617143,520,TRUE
"TTAGGCAAGTCGAGTG-500.1.3","Monocle3","global",6.86281207963253,325,TRUE
"TTCCCAGGTCGGCACT-500.1.3","Monocle3","global",19.0534303086532,550,TRUE
"TTCTACACATGGAATA-500.1.3","Monocle3","global",7.86452762715131,355,TRUE
"TTTATGCTCACTATTC-500.1.3","Monocle3","global",14.0635814543165,520,TRUE
"TTTGTCAAGGGTTCCC-500.1.3","Monocle3","global",14.0914101791383,585,TRUE
"AAACGGGTCGAATGGG-500.2.1","Monocle3","global",11.3315124708696,490,TRUE
"AAAGCAAGTTCAGTAC-500.2.1","Monocle3","global",8.48448960768351,390,TRUE
"AAAGTAGTCAGGCAAG-500.2.1","Monocle3","global",9.17604615533579,450,TRUE
"AAATGCCTCACAACGT-500.2.1","Monocle3","global",14.2679202542526,700,TRUE
"AACACGTGTGCGGTAA-500.2.1","Monocle3","global",14.0565199022525,640,TRUE
"AACCGCGTCTATCGCC-500.2.1","Monocle3","global",18.9497017291259,530,TRUE
"AACTCAGAGATCACGG-500.2.1","Monocle3","global",12.3326380430461,530,TRUE
"AACTCTTCAGCCTTTC-500.2.1","Monocle3","global",17.2230018204249,700,TRUE
"AACTCTTGTTGGACCC-500.2.1","Monocle3","global",12.8894628051504,620,TRUE
"AAGCCGCCAACTGCTA-500.2.1","Monocle3","global",12.9400982267837,450,TRUE
"AAGCCGCCATGTTGAC-500.2.1","Monocle3","global",19.878413887329,750,TRUE
"AATCGGTCAAACGTGG-500.2.1","Monocle3","global",14.8240073618656,755,TRUE
"ACACCAAAGTCTTGCA-500.2.1","Monocle3","global",14.0722867055766,550,TRUE
"ACACCAAGTAGCGATG-500.2.1","Monocle3","global",12.3821647861263,700,TRUE
"ACACTGAAGGAATGGA-500.2.1","Monocle3","global",14.669215243268,700,TRUE
"ACAGCCGGTATTCGTG-500.2.1","Monocle3","global",13.9216065363162,620,TRUE
"ACAGCTAAGTTAGCGG-500.2.1","Monocle3","global",11.0212746215569,700,TRUE
"ACAGCTACACAGAGGT-500.2.1","Monocle3","global",13.5695702917289,440,TRUE
"ACAGCTACACCACCAG-500.2.1","Monocle3","global",13.3988948157277,640,TRUE
"ACATACGTCAACACGT-500.2.1","Monocle3","global",10.143799242561,550,TRUE
"ACATCAGAGAAGGTTT-500.2.1","Monocle3","global",17.181663254326,700,TRUE
"ACATCAGTCCTTAATC-500.2.1","Monocle3","global",17.1816635003722,750,TRUE
"ACATGGTCAAAGCGGT-500.2.1","Monocle3","global",12.1085951960678,500,TRUE
"ACCAGTACAGTTAACC-500.2.1","Monocle3","global",7.75965546559468,410,TRUE
"ACCGTAATCTGGTATG-500.2.1","Monocle3","global",12.4640292552357,700,TRUE
"ACGATGTAGCTATGCT-500.2.1","Monocle3","global",19.5304628541773,630,TRUE
"ACGCAGCTCATTTGGG-500.2.1","Monocle3","global",17.1816637464183,700,TRUE
"ACGCAGCTCCTGCCAT-500.2.1","Monocle3","global",16.4889460637099,670,TRUE
"ACGGCCAGTATTAGCC-500.2.1","Monocle3","global",12.6408578498442,700,TRUE
"ACGGGCTCAATCAGAA-500.2.1","Monocle3","global",11.2320339615635,700,TRUE
"ACGGGCTGTCTAGTCA-500.2.1","Monocle3","global",17.0154836867405,700,TRUE
"ACGGGCTTCAGCTCGG-500.2.1","Monocle3","global",10.029728434717,550,TRUE
"ACGGGTCCAGAGCCAA-500.2.1","Monocle3","global",14.1414845927437,640,TRUE
"ACTATCTAGCTCCTCT-500.2.1","Monocle3","global",16.937748016855,700,TRUE
"ACTATCTCACAGCCCA-500.2.1","Monocle3","global",9.09902829129444,490,TRUE
"ACTGAACGTCCGTGAC-500.2.1","Monocle3","global",20.3955015309052,700,TRUE
"ACTGATGGTCTCACCT-500.2.1","Monocle3","global",9.44951772406392,490,TRUE
"ACTGTCCGTGCAGGTA-500.2.1","Monocle3","global",14.7085354849649,750,TRUE
"ACTTACTAGGGTCTCC-500.2.1","Monocle3","global",14.6218615686427,725,TRUE
"ACTTACTGTTCACCTC-500.2.1","Monocle3","global",8.14574952911249,400,TRUE
"ACTTACTTCTGCCAGG-500.2.1","Monocle3","global",14.0982851769508,490,TRUE
"ACTTGTTTCTTGTCAT-500.2.1","Monocle3","global",5.32906479293612,350,TRUE
"AGACGTTTCGCCCTTA-500.2.1","Monocle3","global",14.6218618146889,725,TRUE
"AGAGCGATCAGGCAAG-500.2.1","Monocle3","global",14.4467543697852,550,TRUE
"AGAGCTTTCACAGTAC-500.2.1","Monocle3","global",7.85732311932389,365,TRUE
"AGAGTGGAGGTGCAAC-500.2.1","Monocle3","global",7.13932073511276,390,TRUE
"AGAGTGGGTCCTAGCG-500.2.1","Monocle3","global",13.003227215028,630,TRUE
"AGATCTGAGTCTTGCA-500.2.1","Monocle3","global",6.20640644893456,375,TRUE
"AGATCTGCACTCTGTC-500.2.1","Monocle3","global",12.3305005033445,635,TRUE
"AGATTGCCATCCGGGT-500.2.1","Monocle3","global",14.1697167296136,670,TRUE
"AGCATACGTAAACGCG-500.2.1","Monocle3","global",10.5973200632535,670,TRUE
"AGCGGTCGTAAACCTC-500.2.1","Monocle3","global",12.6408580958904,700,TRUE
"AGCTCCTAGAGGTAGA-500.2.1","Monocle3","global",11.5253846686293,670,TRUE
"AGCTCCTCAGGGTATG-500.2.1","Monocle3","global",8.55961623850968,490,TRUE
"AGCTTGACAGCTATTG-500.2.1","Monocle3","global",14.657158715426,700,TRUE
"AGGCCGTAGTTACCCA-500.2.1","Monocle3","global",13.5741594709493,620,TRUE
"AGGGAGTGTTCCGTCT-500.2.1","Monocle3","global",14.0722213986405,640,TRUE
"AGGTCATGTCTCCACT-500.2.1","Monocle3","global",9.51155519131109,490,TRUE
"AGTGAGGGTTACCGAT-500.2.1","Monocle3","global",14.1391990028007,550,TRUE
"AGTGGGAAGATATGCA-500.2.1","Monocle3","global",13.9663003480902,640,TRUE
"AGTGGGAGTAAACACA-500.2.1","Monocle3","global",11.5283239688178,420,TRUE
"AGTTGGTAGCTCAACT-500.2.1","Monocle3","global",11.1096263708864,450,TRUE
"AGTTGGTCAAACAACA-500.2.1","Monocle3","global",14.1733821573475,620,TRUE
"ATAACGCAGCTATGCT-500.2.1","Monocle3","global",14.8240076079117,750,TRUE
"ATAGACCCACATGTGT-500.2.1","Monocle3","global",19.056997442136,550,TRUE
"ATCACGATCTTAGCCC-500.2.1","Monocle3","global",4.85599974860428,355,TRUE
"ATGGGAGAGCCTTGAT-500.2.1","Monocle3","global",12.8111224628501,550,TRUE
"ATGGGAGCACAGAGGT-500.2.1","Monocle3","global",8.20249199788907,415,TRUE
"ATGGGAGTCAACACTG-500.2.1","Monocle3","global",17.1816639924645,700,TRUE
"ATGTGTGAGCGACGTA-500.2.1","Monocle3","global",13.0868102892856,500,TRUE
"ATTACTCCACTCGACG-500.2.1","Monocle3","global",12.700726899082,585,TRUE
"ATTACTCGTTCTGTTT-500.2.1","Monocle3","global",12.9510026703519,620,TRUE
"ATTACTCTCTCGAGTA-500.2.1","Monocle3","global",13.3577605856581,640,TRUE
"ATTGGTGGTGTGTGCC-500.2.1","Monocle3","global",11.7398476901489,490,TRUE
"ATTGGTGTCCTGCCAT-500.2.1","Monocle3","global",13.2150114876796,635,TRUE
"ATTGGTGTCTTTACAC-500.2.1","Monocle3","global",0.0690051222167215,195,TRUE
"CAACCAATCGAACTGT-500.2.1","Monocle3","global",14.6085403079825,620,TRUE
"CAACCTCAGACCACGA-500.2.1","Monocle3","global",5.34728179508154,585,TRUE
"CAACCTCTCGTCCGTT-500.2.1","Monocle3","global",10.4802523370246,620,TRUE
"CAAGATCCATTCTTAC-500.2.1","Monocle3","global",8.47762253677472,390,TRUE
"CAAGTTGTCAGTTTGG-500.2.1","Monocle3","global",14.114860236063,700,TRUE
"CACAAACTCACATACG-500.2.1","Monocle3","global",11.2593801695494,700,TRUE
"CACACAAGTAGGAGTC-500.2.1","Monocle3","global",12.0705920571676,700,TRUE
"CACACCTCAATCGAAA-500.2.1","Monocle3","global",12.824476174269,725,TRUE
"CACAGGCGTCGAGATG-500.2.1","Monocle3","global",18.8937980029329,490,TRUE
"CACATAGCATCAGTCA-500.2.1","Monocle3","global",12.6785486441684,585,TRUE
"CACATTTAGTCACGCC-500.2.1","Monocle3","global",13.8480339039401,640,TRUE
"CACATTTCAGCCAGAA-500.2.1","Monocle3","global",11.5268494237769,435,TRUE
"CACCACTCAAACGTGG-500.2.1","Monocle3","global",6.99195205613545,410,TRUE
"CACCTTGCAAGCCATT-500.2.1","Monocle3","global",14.6287482885896,695,TRUE
"CAGAATCAGAAACCAT-500.2.1","Monocle3","global",14.1362487479377,640,TRUE
"CAGAATCAGATCCCAT-500.2.1","Monocle3","global",3.42193609693146,640,TRUE
"CAGAATCAGATCCTGT-500.2.1","Monocle3","global",20.3955017769513,700,TRUE
"CAGATCACATCGATGT-500.2.1","Monocle3","global",10.9907772201909,490,TRUE
"CAGCAGCAGCACCGTC-500.2.1","Monocle3","global",8.51719081942428,435,TRUE
"CAGCAGCCATTCCTGC-500.2.1","Monocle3","global",13.9018159572188,565,TRUE
"CAGCATAAGTGAAGAG-500.2.1","Monocle3","global",13.3577608317042,700,TRUE
"CAGCATAGTAGCGTGA-500.2.1","Monocle3","global",14.621862060735,670,TRUE
"CAGCCGAAGTTAACGA-500.2.1","Monocle3","global",14.1057107381546,670,TRUE
"CAGCTGGAGATGCCAG-500.2.1","Monocle3","global",10.6929444663072,640,TRUE
"CAGGTGCAGGTAGCTG-500.2.1","Monocle3","global",19.6369075105183,640,TRUE
"CAGGTGCCACCGCTAG-500.2.1","Monocle3","global",13.6503081291536,550,TRUE
"CAGTCCTAGGCCCTCA-500.2.1","Monocle3","global",14.0584023537345,660,TRUE
"CAGTCCTCAACTGGCC-500.2.1","Monocle3","global",14.7366407849715,640,TRUE
"CAGTCCTTCGCGGATC-500.2.1","Monocle3","global",14.6218623067812,750,TRUE
"CATATGGGTCTTCGTC-500.2.1","Monocle3","global",12.6565811169247,420,TRUE
"CATATGGTCTAACTTC-500.2.1","Monocle3","global",8.98226409644471,410,TRUE
"CATCAAGTCATGTAGC-500.2.1","Monocle3","global",14.3766182933974,700,TRUE
"CATCAGAGTGCCTTGG-500.2.1","Monocle3","global",11.1876051909926,425,TRUE
"CATCAGATCATTGCGA-500.2.1","Monocle3","global",13.4752194057161,630,TRUE
"CATCGGGAGAAACCTA-500.2.1","Monocle3","global",8.88627133285511,410,TRUE
"CATGCCTGTTGCTCCT-500.2.1","Monocle3","global",13.6037345410372,450,TRUE
"CATGGCGTCTCAAGTG-500.2.1","Monocle3","global",11.2593804155956,700,TRUE
"CATTATCGTGTTCGAT-500.2.1","Monocle3","global",14.8084948263634,725,TRUE
"CCACGGAAGATCCGAG-500.2.1","Monocle3","global",8.1695634222978,410,TRUE
"CCACGGAAGTGTGAAT-500.2.1","Monocle3","global",13.8457342096134,620,TRUE
"CCACGGAGTACAAGTA-500.2.1","Monocle3","global",11.9866068633451,520,TRUE
"CCACGGAGTGTTTGGT-500.2.1","Monocle3","global",10.7785674764408,405,TRUE
"CCAGCGAAGTGAAGTT-500.2.1","Monocle3","global",12.4452780977739,700,TRUE
"CCATGTCAGCCCTAAT-500.2.1","Monocle3","global",10.6831607596213,620,TRUE
"CCATGTCTCTTTCCTC-500.2.1","Monocle3","global",8.27726890120622,375,TRUE
"CCATTCGTCTAACCGA-500.2.1","Monocle3","global",10.4482626992472,400,TRUE
"CCCAATCAGGAATCGC-500.2.1","Monocle3","global",13.9750782475405,450,TRUE
"CCGGGATCAGCTGGCT-500.2.1","Monocle3","global",10.7464135711541,450,TRUE
"CCGTGGAAGACGCTTT-500.2.1","Monocle3","global",8.08269335884013,350,TRUE
"CCGTTCACATACTCTT-500.2.1","Monocle3","global",11.2593806616417,750,TRUE
"CCGTTCATCAGTTGAC-500.2.1","Monocle3","global",14.877454469586,640,TRUE
"CCTCTGAAGTGGTCCC-500.2.1","Monocle3","global",10.6904549173738,450,TRUE
"CCTTACGAGAGGACGG-500.2.1","Monocle3","global",10.8108750829955,450,TRUE
"CCTTCCCGTTGGACCC-500.2.1","Monocle3","global",10.1735766982269,550,TRUE
"CCTTCGACAATCACAC-500.2.1","Monocle3","global",19.203433131834,550,TRUE
"CCTTTCTAGTTTCCTT-500.2.1","Monocle3","global",11.4659906365844,470,TRUE
"CGACCTTTCCTCTAGC-500.2.1","Monocle3","global",3.42193634297761,620,TRUE
"CGAGAAGTCACCACCT-500.2.1","Monocle3","global",11.4421071133535,470,TRUE
"CGAGCCAAGAAGGCCT-500.2.1","Monocle3","global",13.0044901689311,550,TRUE
"CGAGCCATCGACAGCC-500.2.1","Monocle3","global",14.8360703987836,750,TRUE
"CGATCGGAGAGGTACC-500.2.1","Monocle3","global",12.6408583419365,700,TRUE
"CGATGTAAGAGACTTA-500.2.1","Monocle3","global",11.2593809076879,725,TRUE
"CGATGTAGTATTCGTG-500.2.1","Monocle3","global",8.16263093723197,390,TRUE
"CGATTGATCAGCATGT-500.2.1","Monocle3","global",9.02407295823806,450,TRUE
"CGCCAAGCACAGGAGT-500.2.1","Monocle3","global",10.5437655898169,700,TRUE
"CGCGTTTCAAGGTTTC-500.2.1","Monocle3","global",13.1098645289602,635,TRUE
"CGCTATCCAATAAGCA-500.2.1","Monocle3","global",11.1300919901919,450,TRUE
"CGCTGGAAGGCAGTCA-500.2.1","Monocle3","global",14.1178264897647,700,TRUE
"CGCTGGAGTAGAAGGA-500.2.1","Monocle3","global",10.6796671493238,450,TRUE
"CGGACGTAGTCGTACT-500.2.1","Monocle3","global",8.31068762370491,370,TRUE
"CGGAGCTTCGAATGGG-500.2.1","Monocle3","global",12.6033574148802,450,TRUE
"CGGCTAGTCTTTACGT-500.2.1","Monocle3","global",17.1816642385106,725,TRUE
"CGTAGGCTCATATCGG-500.2.1","Monocle3","global",12.4056352616305,500,TRUE
"CGTAGGCTCTATCCTA-500.2.1","Monocle3","global",14.5516001468062,750,TRUE
"CGTCACTTCTCGAGTA-500.2.1","Monocle3","global",20.1009034653622,700,TRUE
"CGTGTCTAGCAACGGT-500.2.1","Monocle3","global",17.2007201222427,640,TRUE
"CGTTAGAAGAACAACT-500.2.1","Monocle3","global",12.8827006599875,620,TRUE
"CGTTAGACAATAAGCA-500.2.1","Monocle3","global",2.52275349231359,500,TRUE
"CTAAGACGTGTGAAAT-500.2.1","Monocle3","global",13.8221605270823,640,TRUE
"CTACACCAGCGATCCC-500.2.1","Monocle3","global",13.8534818375061,700,TRUE
"CTACCCACATTACCTT-500.2.1","Monocle3","global",12.9645425976402,450,TRUE
"CTAGTGATCGTCCAGG-500.2.1","Monocle3","global",10.9852861179903,670,TRUE
"CTAGTGATCTACGAGT-500.2.1","Monocle3","global",9.04777267323016,400,TRUE
"CTCACACTCAATCTCT-500.2.1","Monocle3","global",12.7331980028735,620,TRUE
"CTCAGAATCCAATGGT-500.2.1","Monocle3","global",14.0565201482986,635,TRUE
"CTCAGAATCTGTGCAA-500.2.1","Monocle3","global",14.6494409425654,700,TRUE
"CTCGAAAAGTGAACGC-500.2.1","Monocle3","global",14.6218625528273,725,TRUE
"CTCGGAGCACCGGAAA-500.2.1","Monocle3","global",12.0008631142789,490,TRUE
"CTCTAATAGATCTGCT-500.2.1","Monocle3","global",13.45909871141,550,TRUE
"CTCTAATAGCGTGAAC-500.2.1","Monocle3","global",13.8461456240287,550,TRUE
"CTCTACGAGAAGGCCT-500.2.1","Monocle3","global",10.6864007843939,415,TRUE
"CTCTACGAGTACTTGC-500.2.1","Monocle3","global",17.1816644845568,700,TRUE
"CTCTACGTCTAACCGA-500.2.1","Monocle3","global",19.1136388218325,550,TRUE
"CTGAAGTAGGTAGCCA-500.2.1","Monocle3","global",11.259381153734,750,TRUE
"CTGATAGGTATGCTTG-500.2.1","Monocle3","global",9.13814151807698,450,TRUE
"CTGATCCCAGCTGCAC-500.2.1","Monocle3","global",14.8240078539579,755,TRUE
"CTGCGGACAACGATGG-500.2.1","Monocle3","global",17.0009959186166,640,TRUE
"CTGGTCTGTCTAAAGA-500.2.1","Monocle3","global",12.4093253818399,490,TRUE
"CTGTTTAGTTAAAGTG-500.2.1","Monocle3","global",13.1725370218616,410,TRUE
"CTTACCGCATGACATC-500.2.1","Monocle3","global",11.5233184252839,450,TRUE
"CTTAGGAAGCACAGGT-500.2.1","Monocle3","global",14.0944209380284,640,TRUE
"CTTAGGAAGGAATGGA-500.2.1","Monocle3","global",11.6409819536287,490,TRUE
"CTTCTCTAGGCAATTA-500.2.1","Monocle3","global",16.4553221695608,700,TRUE
"CTTTGCGAGCGTGAGT-500.2.1","Monocle3","global",20.3208337423369,700,TRUE
"CTTTGCGAGCTAGTCT-500.2.1","Monocle3","global",20.147365696052,700,TRUE
"GAACATCCATCACGTA-500.2.1","Monocle3","global",13.9395294109601,640,TRUE
"GACAGAGAGCCGGTAA-500.2.1","Monocle3","global",10.7955878782477,450,TRUE
"GACCTGGAGATACACA-500.2.1","Monocle3","global",17.1295698281135,640,TRUE
"GACGCGTCAAATTGCC-500.2.1","Monocle3","global",5.40019645397489,700,TRUE
"GACGTGCAGCGATATA-500.2.1","Monocle3","global",12.3821846077085,550,TRUE
"GACGTGCGTACCGAGA-500.2.1","Monocle3","global",17.2451326980491,700,TRUE
"GACGTGCTCATCGCTC-500.2.1","Monocle3","global",14.2648852546996,620,TRUE
"GACGTTATCGTATCAG-500.2.1","Monocle3","global",14.1533791036815,530,TRUE
"GACTAACAGTGTCCAT-500.2.1","Monocle3","global",13.0729576198961,550,TRUE
"GACTACATCTGCGTAA-500.2.1","Monocle3","global",13.598192643889,700,TRUE
"GAGGTGAGTTCAGCGC-500.2.1","Monocle3","global",14.0400750390083,500,TRUE
"GAGTCCGAGTCCTCCT-500.2.1","Monocle3","global",13.6657173513626,550,TRUE
"GAGTCCGGTGACCAAG-500.2.1","Monocle3","global",12.9351100366492,490,TRUE
"GATCAGTCAACACCTA-500.2.1","Monocle3","global",8.2964671662539,410,TRUE
"GATCGCGTCAGCAACT-500.2.1","Monocle3","global",13.3577610777503,640,TRUE
"GATGAGGGTCCAGTGC-500.2.1","Monocle3","global",14.8569180427287,750,TRUE
"GATGCTAGTAGCAAAT-500.2.1","Monocle3","global",11.8883936450721,440,TRUE
"GATTCAGCAGCGATCC-500.2.1","Monocle3","global",11.8857049260724,420,TRUE
"GATTCAGCAGTCGTGC-500.2.1","Monocle3","global",12.5255358999324,700,TRUE
"GCAAACTGTGTATGGG-500.2.1","Monocle3","global",9.15765047157957,410,TRUE
"GCAATCAGTAAACGCG-500.2.1","Monocle3","global",12.3134744383565,550,TRUE
"GCAGCCATCAGGTAAA-500.2.1","Monocle3","global",14.6218627988735,725,TRUE
"GCATACAGTCATTAGC-500.2.1","Monocle3","global",8.9215117027062,415,TRUE
"GCATGATTCTCGCTTG-500.2.1","Monocle3","global",9.07238678329969,490,TRUE
"GCATGTATCGTTGCCT-500.2.1","Monocle3","global",16.4897906166545,670,TRUE
"GCCTCTATCAGTCAGT-500.2.1","Monocle3","global",8.27726914725236,375,TRUE
"GCGACCACAAGAGGCT-500.2.1","Monocle3","global",11.6361034061041,620,TRUE
"GCGACCACACAGTCGC-500.2.1","Monocle3","global",16.3916170174776,700,TRUE
"GCGACCAGTGTTTGGT-500.2.1","Monocle3","global",20.462613116384,700,TRUE
"GCGCAGTTCTGATACG-500.2.1","Monocle3","global",17.1816647306029,725,TRUE
"GCGCGATGTTGCGTTA-500.2.1","Monocle3","global",12.4219502507433,500,TRUE
"GCTGGGTTCATCTGCC-500.2.1","Monocle3","global",6.87489239666288,370,TRUE
"GGAACTTAGCGCCTTG-500.2.1","Monocle3","global",12.3954869288165,620,TRUE
"GGAACTTGTTCCGTCT-500.2.1","Monocle3","global",6.99765674059473,485,TRUE
"GGACATTGTATGAAAC-500.2.1","Monocle3","global",13.9632540363446,435,TRUE
"GGATTACCATTGGCGC-500.2.1","Monocle3","global",13.5220392898645,640,TRUE
"GGATTACTCAGCTCTC-500.2.1","Monocle3","global",9.36120623700821,420,TRUE
"GGCGTGTTCTGCTTGC-500.2.1","Monocle3","global",11.3710349052048,470,TRUE
"GGGCATCGTGGTACAG-500.2.1","Monocle3","global",13.8516995419928,640,TRUE
"GGGTTGCGTTTAGCTG-500.2.1","Monocle3","global",11.832151218842,550,TRUE
"GGTGAAGAGGCATTGG-500.2.1","Monocle3","global",13.3822173800519,620,TRUE
"GGTGCGTCACTTCTGC-500.2.1","Monocle3","global",14.1694103333618,700,TRUE
"GGTGTTAGTGCACGAA-500.2.1","Monocle3","global",18.2966785981452,410,TRUE
"GTAACGTCAGCCTTTC-500.2.1","Monocle3","global",10.7107831451078,450,TRUE
"GTAACTGCAGCTCGAC-500.2.1","Monocle3","global",11.2593813997802,725,TRUE
"GTACGTAGTCATGCCG-500.2.1","Monocle3","global",11.4507767561699,450,TRUE
"GTACTTTTCACGAAGG-500.2.1","Monocle3","global",12.0284309367937,640,TRUE
"GTATCTTTCGTTTATC-500.2.1","Monocle3","global",16.4688293843512,640,TRUE
"GTCAAGTCAATAAGCA-500.2.1","Monocle3","global",17.181664976649,700,TRUE
"GTCAAGTCAATCGAAA-500.2.1","Monocle3","global",19.114181210971,550,TRUE
"GTCAAGTGTGACTACT-500.2.1","Monocle3","global",17.1816652226952,725,TRUE
"GTCATTTTCTTAGCCC-500.2.1","Monocle3","global",12.5650198282393,700,TRUE
"GTCGTAATCTTCGGTC-500.2.1","Monocle3","global",13.0005419132641,630,TRUE
"GTCTCGTCACATGACT-500.2.1","Monocle3","global",14.7204744415928,640,TRUE
"GTCTCGTCATCCGTGG-500.2.1","Monocle3","global",13.1099505266293,550,TRUE
"GTCTTCGTCGGCGGTT-500.2.1","Monocle3","global",14.7836826679625,750,TRUE
"GTGCTTCAGTGCGATG-500.2.1","Monocle3","global",8.41294399828842,405,TRUE
"GTGCTTCGTCTCCATC-500.2.1","Monocle3","global",14.8774547156322,640,TRUE
"GTGTTAGGTTAGTGGG-500.2.1","Monocle3","global",14.4970123550362,750,TRUE
"GTTAAGCAGCCACGCT-500.2.1","Monocle3","global",5.56807584991762,700,TRUE
"GTTACAGGTCCGAACC-500.2.1","Monocle3","global",12.596074815537,550,TRUE
"GTTCGGGGTCCAGTTA-500.2.1","Monocle3","global",14.7103081049873,700,TRUE
"TAAACCGCACCGTTGG-500.2.1","Monocle3","global",19.9681168717245,725,TRUE
"TAAACCGGTCAACATC-500.2.1","Monocle3","global",11.6147771300099,620,TRUE
"TAAACCGTCGTTGCCT-500.2.1","Monocle3","global",11.7615279206055,550,TRUE
"TAAGTGCGTACCATCA-500.2.1","Monocle3","global",14.4118279424172,550,TRUE
"TACAGTGAGATGGGTC-500.2.1","Monocle3","global",19.9990483374156,725,TRUE
"TACCTTAAGAAGGTGA-500.2.1","Monocle3","global",17.1816654687413,700,TRUE
"TACCTTATCCTAGAAC-500.2.1","Monocle3","global",14.1544987534547,670,TRUE
"TACGGATGTGAAATCA-500.2.1","Monocle3","global",9.8357425585806,585,TRUE
"TACGGGCCACGAAGCA-500.2.1","Monocle3","global",13.5597762371571,420,TRUE
"TACGGTAAGATAGTCA-500.2.1","Monocle3","global",11.9384686506646,640,TRUE
"TACTCGCAGGAATCGC-500.2.1","Monocle3","global",10.9882439050355,450,TRUE
"TACTTACCAAGTCTAC-500.2.1","Monocle3","global",12.7017068705328,440,TRUE
"TAGACCAAGAAAGTGG-500.2.1","Monocle3","global",14.1889475687493,700,TRUE
"TAGAGCTAGAGAACAG-500.2.1","Monocle3","global",12.6362895514911,420,TRUE
"TAGTGGTGTCATTAGC-500.2.1","Monocle3","global",12.3408845591173,620,TRUE
"TATCAGGAGAAGCCCA-500.2.1","Monocle3","global",12.2444076345786,465,TRUE
"TATCAGGTCCGAAGAG-500.2.1","Monocle3","global",11.2593816458263,725,TRUE
"TATCTCAAGTACGCCC-500.2.1","Monocle3","global",11.3573065920522,490,TRUE
"TATCTCACAGTCACTA-500.2.1","Monocle3","global",16.5237531152676,640,TRUE
"TATGCCCGTTGGTTTG-500.2.1","Monocle3","global",9.02234203822801,470,TRUE
"TATTACCTCATTCACT-500.2.1","Monocle3","global",19.8825574706389,640,TRUE
"TCAACGATCTAGAGTC-500.2.1","Monocle3","global",16.3923584215508,700,TRUE
"TCACGAACACCACGTG-500.2.1","Monocle3","global",4.89394416244127,490,TRUE
"TCAGATGCAAACTGTC-500.2.1","Monocle3","global",13.427123227894,585,TRUE
"TCAGCAAAGGAATGGA-500.2.1","Monocle3","global",13.0413636069076,640,TRUE
"TCAGGATGTGCTCTTC-500.2.1","Monocle3","global",11.3211257349493,640,TRUE
"TCAGGTACACCAGGTC-500.2.1","Monocle3","global",11.1695227829129,670,TRUE
"TCATTACTCACGCATA-500.2.1","Monocle3","global",7.88644546686203,420,TRUE
"TCATTTGCATACCATG-500.2.1","Monocle3","global",14.6218630449196,700,TRUE
"TCGAGGCGTGCGCTTG-500.2.1","Monocle3","global",17.2329008826513,700,TRUE
"TCGCGAGCACTGCCAG-500.2.1","Monocle3","global",13.0207783138405,620,TRUE
"TCGCGTTTCATAACCG-500.2.1","Monocle3","global",17.1816657147875,700,TRUE
"TCGCGTTTCGTTACAG-500.2.1","Monocle3","global",8.08488517016312,390,TRUE
"TCGGTAACATAAAGGT-500.2.1","Monocle3","global",13.8395311592451,670,TRUE
"TCGTACCTCAATAAGG-500.2.1","Monocle3","global",13.3664267844045,640,TRUE
"TCGTAGATCGCCATAA-500.2.1","Monocle3","global",10.7457416799395,450,TRUE
"TCTATTGAGCCAGTAG-500.2.1","Monocle3","global",13.8734850233494,640,TRUE
"TCTTTCCCAGTAACGG-500.2.1","Monocle3","global",8.2772693932985,365,TRUE
"TCTTTCCGTTATCCGA-500.2.1","Monocle3","global",8.82157834123687,450,TRUE
"TCTTTCCTCAACTCTT-500.2.1","Monocle3","global",13.4294763706556,620,TRUE
"TGACAACGTTCGCGAC-500.2.1","Monocle3","global",11.5195351099679,490,TRUE
"TGACGGCAGGTTCCTA-500.2.1","Monocle3","global",10.9789570404666,450,TRUE
"TGACGGCTCCATTCTA-500.2.1","Monocle3","global",13.6074239101852,670,TRUE
"TGACTAGAGTATCGAA-500.2.1","Monocle3","global",12.1302461715034,630,TRUE
"TGACTAGTCTACTATC-500.2.1","Monocle3","global",10.9890342694208,700,TRUE
"TGAGAGGTCCACGACG-500.2.1","Monocle3","global",19.4663493296477,635,TRUE
"TGAGCATCACTATCTT-500.2.1","Monocle3","global",10.2278563082377,405,TRUE
"TGAGCCGCAAACGTGG-500.2.1","Monocle3","global",14.0432845164527,640,TRUE
"TGAGCCGCATTAGCCA-500.2.1","Monocle3","global",16.4994846777043,635,TRUE
"TGAGGGACAACGATCT-500.2.1","Monocle3","global",10.8280440820427,440,TRUE
"TGATTTCGTGACTACT-500.2.1","Monocle3","global",13.3360365040353,640,TRUE
"TGCCCTATCGTAGGAG-500.2.1","Monocle3","global",11.6368545230619,620,TRUE
"TGCGTGGGTGGCTCCA-500.2.1","Monocle3","global",19.8994027641813,640,TRUE
"TGGACGCCATTGCGGC-500.2.1","Monocle3","global",18.5255884379844,440,TRUE
"TGTATTCAGCCCGAAA-500.2.1","Monocle3","global",14.5310830720483,755,TRUE
"TGTGGTAGTAAATACG-500.2.1","Monocle3","global",9.16336216320322,490,TRUE
"TGTGGTAGTAAGTAGT-500.2.1","Monocle3","global",14.1374231433493,700,TRUE
"TTAACTCAGGACGAAA-500.2.1","Monocle3","global",10.0114025054265,585,TRUE
"TTAGGACAGAAGAAGC-500.2.1","Monocle3","global",7.48777597952877,340,TRUE
"TTAGGACGTGCAGTAG-500.2.1","Monocle3","global",13.9258173411917,640,TRUE
"TTAGGACGTTTACTCT-500.2.1","Monocle3","global",8.41919805953959,415,TRUE
"TTCGAAGCACCAGGCT-500.2.1","Monocle3","global",12.8244764203151,725,TRUE
"TTCTACACAGACGTAG-500.2.1","Monocle3","global",14.6162328102687,730,TRUE
"TTCTTAGCATCCCATC-500.2.1","Monocle3","global",12.1019648914253,490,TRUE
"TTGAACGGTCACCCAG-500.2.1","Monocle3","global",10.0815646147465,405,TRUE
"TTGAACGGTGCCTGGT-500.2.1","Monocle3","global",9.08184483097661,490,TRUE
"TTGACTTCAACGATCT-500.2.1","Monocle3","global",12.1302464175495,640,TRUE
"TTGCCGTAGAACAACT-500.2.1","Monocle3","global",12.6408585879826,700,TRUE
"TTGGCAACAGGAATCG-500.2.1","Monocle3","global",9.68734088421859,490,TRUE
"TTGGCAAGTGCTGTAT-500.2.1","Monocle3","global",12.3149912068173,550,TRUE
"TTTATGCGTGCAGTAG-500.2.1","Monocle3","global",13.360433253674,630,TRUE
"TTTCCTCAGTCTCAAC-500.2.1","Monocle3","global",10.1225458626625,550,TRUE
"TTTGCGCGTCGCCATG-500.2.1","Monocle3","global",8.847006579458,450,TRUE
"AAACCTGTCGGTGTTA-500.2.2","Monocle3","global",10.2089579676418,410,TRUE
"AAAGATGCAGTAACGG-500.2.2","Monocle3","global",16.3573605025039,670,TRUE
"AAAGATGCAGTCGTGC-500.2.2","Monocle3","global",12.6339789709963,700,TRUE
"AACGTTGTCGTTGACA-500.2.2","Monocle3","global",14.7475235107417,620,TRUE
"AACTCAGGTGCAGGTA-500.2.2","Monocle3","global",11.0592563892477,490,TRUE
"AACTCAGTCACATACG-500.2.2","Monocle3","global",14.6218632909657,780,TRUE
"AACTCCCGTCAAGCGA-500.2.2","Monocle3","global",13.3825077448896,640,TRUE
"AACTCTTGTAAGAGAG-500.2.2","Monocle3","global",12.6887099779434,585,TRUE
"AACTCTTGTAGGAGTC-500.2.2","Monocle3","global",14.5490295425306,640,TRUE
"AACTTTCAGATGCGAC-500.2.2","Monocle3","global",11.4467882870785,585,TRUE
"AACTTTCGTCAAGCGA-500.2.2","Monocle3","global",20.4582467599572,725,TRUE
"AAGACCTTCCAGTATG-500.2.2","Monocle3","global",12.4391596085603,510,TRUE
"AAGCCGCCACACCGAC-500.2.2","Monocle3","global",14.3561607955166,700,TRUE
"AAGGAGCCAAGCCGCT-500.2.2","Monocle3","global",14.5836292430551,700,TRUE
"AAGGTTCAGCGATATA-500.2.2","Monocle3","global",12.4471964339346,550,TRUE
"AAGGTTCAGCTAGTCT-500.2.2","Monocle3","global",14.3357547043531,670,TRUE
"AAGGTTCGTTAAGTAG-500.2.2","Monocle3","global",14.8561579388761,640,TRUE
"AATCCAGGTAGGCTGA-500.2.2","Monocle3","global",12.4317977411856,700,TRUE
"ACACCAATCCACGACG-500.2.2","Monocle3","global",9.90496945762371,415,TRUE
"ACACTGATCTGTCCGT-500.2.2","Monocle3","global",12.9560814614182,500,TRUE
"ACAGCCGGTTGAGTTC-500.2.2","Monocle3","global",17.1816659608336,700,TRUE
"ACAGCTATCCACTGGG-500.2.2","Monocle3","global",9.40372826085722,450,TRUE
"ACATACGGTGCAGTAG-500.2.2","Monocle3","global",0.800367595913964,635,TRUE
"ACATCAGAGAAGCCCA-500.2.2","Monocle3","global",17.1816662068798,700,TRUE
"ACATGGTCAGTAACGG-500.2.2","Monocle3","global",17.1816664529259,725,TRUE
"ACATGGTGTAGTAGTA-500.2.2","Monocle3","global",12.6660471794924,550,TRUE
"ACATGGTTCCGATATG-500.2.2","Monocle3","global",12.6174370369013,620,TRUE
"ACCCACTAGTTGCAGG-500.2.2","Monocle3","global",7.52411242402283,360,TRUE
"ACCCACTGTACCTACA-500.2.2","Monocle3","global",16.4102376478859,665,TRUE
"ACCGTAACAACGATGG-500.2.2","Monocle3","global",14.8570873926809,620,TRUE
"ACCTTTAGTAGTACCT-500.2.2","Monocle3","global",11.6623193389383,585,TRUE
"ACGAGCCCACCTGGTG-500.2.2","Monocle3","global",8.22984694273353,370,TRUE
"ACGAGGAAGTGTGAAT-500.2.2","Monocle3","global",12.1838826597058,510,TRUE
"ACGATGTTCAAGAAGT-500.2.2","Monocle3","global",13.8284485048903,620,TRUE
"ACGCCGAAGGAATGGA-500.2.2","Monocle3","global",16.3966522358589,700,TRUE
"ACGGGCTTCTCGTATT-500.2.2","Monocle3","global",14.6218635370119,725,TRUE
"ACGTCAAAGCTAAGAT-500.2.2","Monocle3","global",13.3902381980704,640,TRUE
"ACTATCTAGAGCTGCA-500.2.2","Monocle3","global",12.9265362681858,620,TRUE
"ACTGAGTCAACTGCTA-500.2.2","Monocle3","global",14.5317690932276,700,TRUE
"ACTGAGTTCTGCCAGG-500.2.2","Monocle3","global",11.9721662762675,490,TRUE
"ACTGATGAGGGAACGG-500.2.2","Monocle3","global",14.824008100004,780,TRUE
"ACTGATGTCGCATGGC-500.2.2","Monocle3","global",7.96360386726489,420,TRUE
"ACTTACTTCCTGTACC-500.2.2","Monocle3","global",14.6222356170874,700,TRUE
"ACTTGTTAGAAACGCC-500.2.2","Monocle3","global",14.8551390448575,640,TRUE
"ACTTGTTAGTACATGA-500.2.2","Monocle3","global",14.1399006725091,670,TRUE
"ACTTTCAAGCACAGGT-500.2.2","Monocle3","global",12.4268563652844,550,TRUE
"ACTTTCACATGTCGAT-500.2.2","Monocle3","global",11.319638831839,760,TRUE
"ACTTTCAGTAAACACA-500.2.2","Monocle3","global",12.0889437422974,520,TRUE
"ACTTTCATCGGCATCG-500.2.2","Monocle3","global",14.8167106450892,750,TRUE
"AGAATAGCAGTCACTA-500.2.2","Monocle3","global",12.2942245669545,700,TRUE
"AGACGTTCAGGATTGG-500.2.2","Monocle3","global",13.7298202134755,450,TRUE
"AGACGTTTCACGCATA-500.2.2","Monocle3","global",12.9716598472056,700,TRUE
"AGAGCGAAGTCCTCCT-500.2.2","Monocle3","global",11.4483383584516,490,TRUE
"AGAGCTTAGCTACCGC-500.2.2","Monocle3","global",10.6077659340679,620,TRUE
"AGAGCTTCATCCGTGG-500.2.2","Monocle3","global",12.8138259529285,550,TRUE
"AGAGCTTGTGGACGAT-500.2.2","Monocle3","global",14.7095944625928,760,TRUE
"AGAGTGGCACATAACC-500.2.2","Monocle3","global",14.8232559609277,750,TRUE
"AGAGTGGCACGTTGGC-500.2.2","Monocle3","global",13.8452453922942,470,TRUE
"AGATCTGAGCTGAACG-500.2.2","Monocle3","global",9.95289195386078,550,TRUE
"AGCAGCCGTCCTCCAT-500.2.2","Monocle3","global",13.4548623889808,550,TRUE
"AGCCTAATCGTTTAGG-500.2.2","Monocle3","global",14.1393941545296,490,TRUE
"AGCGGTCTCTATGTGG-500.2.2","Monocle3","global",8.92746610351471,450,TRUE
"AGCGGTCTCTGGTATG-500.2.2","Monocle3","global",12.6091132962854,510,TRUE
"AGCTCCTCATTCCTCG-500.2.2","Monocle3","global",8.3920646248027,450,TRUE
"AGCTCCTTCCCTAATT-500.2.2","Monocle3","global",11.7729732070509,490,TRUE
"AGCTTGAAGCTAACTC-500.2.2","Monocle3","global",11.6208680846054,620,TRUE
"AGGCCACCACATTAGC-500.2.2","Monocle3","global",14.8774549616783,630,TRUE
"AGGCCGTGTCTCACCT-500.2.2","Monocle3","global",13.8321893180934,640,TRUE
"AGGGAGTAGTCAATAG-500.2.2","Monocle3","global",8.202938794112,350,TRUE
"AGGGATGTCCCTTGCA-500.2.2","Monocle3","global",12.5927120060201,490,TRUE
"AGGTCATTCAAACGGG-500.2.2","Monocle3","global",8.16983206826863,410,TRUE
"AGGTCCGGTAAGGGAA-500.2.2","Monocle3","global",13.8386387903066,700,TRUE
"AGTAGTCTCTGGCGAC-500.2.2","Monocle3","global",6.20781445397387,410,TRUE
"AGTCTTTGTAAATACG-500.2.2","Monocle3","global",14.0852460177521,470,TRUE
"AGTGAGGAGAGGACGG-500.2.2","Monocle3","global",10.7957682702206,450,TRUE
"AGTGTCAAGGTGTTAA-500.2.2","Monocle3","global",12.1302466635957,510,TRUE
"ATAACGCGTAAGAGAG-500.2.2","Monocle3","global",14.0891656419304,480,TRUE
"ATCACGACAAGCTGGA-500.2.2","Monocle3","global",14.5166937238441,700,TRUE
"ATCCACCGTGTGCCTG-500.2.2","Monocle3","global",14.7236176176235,700,TRUE
"ATCCACCGTTAGATGA-500.2.2","Monocle3","global",8.80942463498117,440,TRUE
"ATCTACTTCGGCGCTA-500.2.2","Monocle3","global",12.6892914842903,550,TRUE
"ATCTGCCCACTGAAGG-500.2.2","Monocle3","global",12.9563806891312,440,TRUE
"ATCTGCCCATCACCCT-500.2.2","Monocle3","global",12.0921265643407,550,TRUE
"ATTACTCAGCTAGTGG-500.2.2","Monocle3","global",13.8467872756371,700,TRUE
"ATTGGACCATATGGTC-500.2.2","Monocle3","global",14.8240083460502,775,TRUE
"ATTGGTGGTCATACTG-500.2.2","Monocle3","global",12.9891063282798,585,TRUE
"ATTGGTGTCGTAGGAG-500.2.2","Monocle3","global",12.967827559769,490,TRUE
"ATTGGTGTCTGCTTGC-500.2.2","Monocle3","global",10.1942389362116,550,TRUE
"ATTTCTGTCTGGGCCA-500.2.2","Monocle3","global",6.55059958413319,360,TRUE
"CAACCTCGTGGTTTCA-500.2.2","Monocle3","global",12.598095475905,430,TRUE
"CAAGAAATCTGATTCT-500.2.2","Monocle3","global",11.9433425703222,640,TRUE
"CAAGTTGGTCCAGTTA-500.2.2","Monocle3","global",6.99765698664088,450,TRUE
"CACAGGCCAATCAGAA-500.2.2","Monocle3","global",9.11919664512076,530,TRUE
"CACAGTACAATCGGTT-500.2.2","Monocle3","global",14.4587673415271,490,TRUE
"CACAGTATCGCAAGCC-500.2.2","Monocle3","global",19.5956083945235,640,TRUE
"CACATAGCAGTAGAGC-500.2.2","Monocle3","global",8.28870085722992,410,TRUE
"CACATAGTCTGTACGA-500.2.2","Monocle3","global",16.4702279910134,640,TRUE
"CACATAGTCTTTAGTC-500.2.2","Monocle3","global",12.8244766663613,725,TRUE
"CACATTTGTTAGTGGG-500.2.2","Monocle3","global",13.8389889790794,640,TRUE
"CACCACTCATCAGTCA-500.2.2","Monocle3","global",13.104081929403,550,TRUE
"CACCAGGCATAGAAAC-500.2.2","Monocle3","global",12.4358563710774,510,TRUE
"CACCAGGGTGAGGCTA-500.2.2","Monocle3","global",11.4391913706158,490,TRUE
"CACTCCAAGATGTAAC-500.2.2","Monocle3","global",12.0285427923518,490,TRUE
"CACTCCAAGCCAGTAG-500.2.2","Monocle3","global",14.1645345503035,700,TRUE
"CACTCCACACACCGCA-500.2.2","Monocle3","global",12.9868856850481,695,TRUE
"CAGAGAGTCTTGTTTG-500.2.2","Monocle3","global",13.3577613237965,640,TRUE
"CAGCAGCAGTGATCGG-500.2.2","Monocle3","global",10.3861460329707,390,TRUE
"CAGCAGCCACGCTTTC-500.2.2","Monocle3","global",19.2121310404685,490,TRUE
"CAGCAGCCATGGGACA-500.2.2","Monocle3","global",12.3610535702299,550,TRUE
"CAGCGACGTCTAGTGT-500.2.2","Monocle3","global",14.0772682712626,565,TRUE
"CAGCTGGAGTCCAGGA-500.2.2","Monocle3","global",13.8942198430274,670,TRUE
"CAGCTGGGTACAGTGG-500.2.2","Monocle3","global",13.6420102830466,450,TRUE
"CAGCTGGTCACTGGGC-500.2.2","Monocle3","global",11.9754139300742,490,TRUE
"CAGCTGGTCGCATGGC-500.2.2","Monocle3","global",16.4508159786919,700,TRUE
"CAGGTGCCAAGTACCT-500.2.2","Monocle3","global",14.621863783058,700,TRUE
"CAGTCCTCAGCTCCGA-500.2.2","Monocle3","global",20.3955020229975,700,TRUE
"CATATGGTCCGTTGCT-500.2.2","Monocle3","global",12.9431448784559,620,TRUE
"CATCAAGCACATTTCT-500.2.2","Monocle3","global",13.575164632826,640,TRUE
"CATCCACTCGTCACGG-500.2.2","Monocle3","global",20.3955022690436,700,TRUE
"CATCGAACAAGACACG-500.2.2","Monocle3","global",10.6926364214489,640,TRUE
"CATCGGGTCAGCCTAA-500.2.2","Monocle3","global",12.717044416561,550,TRUE
"CATGCCTAGAATAGGG-500.2.2","Monocle3","global",12.9519666016759,500,TRUE
"CATTATCAGCCACGTC-500.2.2","Monocle3","global",12.1519314471357,510,TRUE
"CATTATCCACACGCTG-500.2.2","Monocle3","global",14.7691175559593,750,TRUE
"CATTATCGTTCGTGAT-500.2.2","Monocle3","global",14.8656415964826,565,TRUE
"CCAGCGAGTCAGATAA-500.2.2","Monocle3","global",17.1816666989721,700,TRUE
"CCATGTCCAAGCGTAG-500.2.2","Monocle3","global",9.52742356541563,470,TRUE
"CCATGTCGTCATCCCT-500.2.2","Monocle3","global",19.4646643508149,640,TRUE
"CCCAATCGTCTAGGTT-500.2.2","Monocle3","global",12.9591492184666,550,TRUE
"CCCAATCTCGATCCCT-500.2.2","Monocle3","global",14.1889478147954,670,TRUE
"CCCATACAGAATTCCC-500.2.2","Monocle3","global",13.3189788496995,550,TRUE
"CCCTCCTGTGAGCGAT-500.2.2","Monocle3","global",20.3955025150898,700,TRUE
"CCGGTAGAGCGGATCA-500.2.2","Monocle3","global",11.9187925636987,420,TRUE
"CCGTACTCACAGGTTT-500.2.2","Monocle3","global",13.3577615698426,640,TRUE
"CCGTACTGTCTAGCGC-500.2.2","Monocle3","global",12.6394181744601,700,TRUE
"CCGTACTTCACGCATA-500.2.2","Monocle3","global",17.1331321962862,550,TRUE
"CCGTACTTCAGGCGAA-500.2.2","Monocle3","global",17.1818287512455,700,TRUE
"CCGTGGAAGCGGATCA-500.2.2","Monocle3","global",11.4438717883612,670,TRUE
"CCGTGGAGTCAGAGGT-500.2.2","Monocle3","global",12.6621024588135,585,TRUE
"CCGTGGATCCTCCTAG-500.2.2","Monocle3","global",19.1576966428235,620,TRUE
"CCTAAAGTCTAACTGG-500.2.2","Monocle3","global",11.2593818918724,760,TRUE
"CCTAGCTGTGCACGAA-500.2.2","Monocle3","global",14.179735062923,620,TRUE
"CCTATTACACAGTCGC-500.2.2","Monocle3","global",12.7920856934153,620,TRUE
"CCTATTACACTGAAGG-500.2.2","Monocle3","global",14.8318768495162,750,TRUE
"CCTCAGTTCGCCTGTT-500.2.2","Monocle3","global",18.9047757154478,550,TRUE
"CCTTCCCGTGTGGTTT-500.2.2","Monocle3","global",9.75690335667035,550,TRUE
"CGAACATAGATATACG-500.2.2","Monocle3","global",10.7349309833644,450,TRUE
"CGAACATGTGTGGTTT-500.2.2","Monocle3","global",11.9202717368954,635,TRUE
"CGAATGTCAGACAGGT-500.2.2","Monocle3","global",8.27726963934465,465,TRUE
"CGAATGTTCATGTGGT-500.2.2","Monocle3","global",11.3471931112836,490,TRUE
"CGACCTTTCGGAATCT-500.2.2","Monocle3","global",11.4720523476948,550,TRUE
"CGACTTCAGAAGAAGC-500.2.2","Monocle3","global",19.1014551570508,500,TRUE
"CGACTTCAGCGTGAGT-500.2.2","Monocle3","global",14.7364333242005,630,TRUE
"CGACTTCAGTGACATA-500.2.2","Monocle3","global",12.2302029861138,670,TRUE
"CGAGCACGTAGGGTAC-500.2.2","Monocle3","global",13.8648431925746,450,TRUE
"CGATGGCGTTGGTGGA-500.2.2","Monocle3","global",14.1057109842007,700,TRUE
"CGCGGTAAGTACGCGA-500.2.2","Monocle3","global",8.22692085623451,390,TRUE
"CGCTATCGTAGGAGTC-500.2.2","Monocle3","global",17.1816669450182,700,TRUE
"CGCTGGAAGAACTGTA-500.2.2","Monocle3","global",19.8118880297235,670,TRUE
"CGCTGGACAGATCGGA-500.2.2","Monocle3","global",12.7702732758051,620,TRUE
"CGCTTCACAACTGCTA-500.2.2","Monocle3","global",18.2920328389816,450,TRUE
"CGGACACAGCCTCGTG-500.2.2","Monocle3","global",11.2989779944389,450,TRUE
"CGGACACAGTGATCGG-500.2.2","Monocle3","global",14.4433185097458,550,TRUE
"CGGACGTGTCAATACC-500.2.2","Monocle3","global",10.6400433279322,450,TRUE
"CGGACGTTCTTTACAC-500.2.2","Monocle3","global",17.1816671910643,700,TRUE
"CGGACTGAGGTTCCTA-500.2.2","Monocle3","global",10.0270187701105,420,TRUE
"CGGACTGCATGCTGGC-500.2.2","Monocle3","global",19.4508400576119,725,TRUE
"CGGAGCTCAAGACGTG-500.2.2","Monocle3","global",13.1086062887563,500,TRUE
"CGGAGTCTCCAACCAA-500.2.2","Monocle3","global",13.857636280405,450,TRUE
"CGGCTAGAGTCCTCCT-500.2.2","Monocle3","global",12.9454864972181,620,TRUE
"CGGGTCATCTCTTGAT-500.2.2","Monocle3","global",13.1654840253033,585,TRUE
"CGTCAGGGTAAACCTC-500.2.2","Monocle3","global",20.3955027611359,700,TRUE
"CGTTAGAAGCAGCCTC-500.2.2","Monocle3","global",12.2781229791095,670,TRUE
"CGTTCTGGTATGCTTG-500.2.2","Monocle3","global",14.7968697429494,620,TRUE
"CTAATGGTCATTCACT-500.2.2","Monocle3","global",20.3955030071821,700,TRUE
"CTACATTGTCATACTG-500.2.2","Monocle3","global",12.7744236219321,620,TRUE
"CTCACACAGTGGTCCC-500.2.2","Monocle3","global",6.1410971626872,375,TRUE
"CTCAGAATCTTAACCT-500.2.2","Monocle3","global",14.6218640291042,725,TRUE
"CTCCTAGTCCTGTAGA-500.2.2","Monocle3","global",11.1597910365516,415,TRUE
"CTCGGAGGTGAGGGTT-500.2.2","Monocle3","global",11.8701074849409,390,TRUE
"CTCGGGACAATGAATG-500.2.2","Monocle3","global",8.02767009070662,420,TRUE
"CTCGGGACATTAACCG-500.2.2","Monocle3","global",12.1302469096418,625,TRUE
"CTCGGGAGTCTAAACC-500.2.2","Monocle3","global",12.3033443882276,530,TRUE
"CTGAAACAGGCAGTCA-500.2.2","Monocle3","global",11.3006983461477,725,TRUE
"CTGATCCGTAAGTTCC-500.2.2","Monocle3","global",16.5389734090109,640,TRUE
"CTTAACTCATCGGAAG-500.2.2","Monocle3","global",12.5073484343945,550,TRUE
"CTTAACTGTGTCGCTG-500.2.2","Monocle3","global",7.86964110361429,380,TRUE
"CTTACCGTCTGCGGCA-500.2.2","Monocle3","global",12.130247155688,585,TRUE
"CTTCTCTCAGCTTCGG-500.2.2","Monocle3","global",13.1905448418206,620,TRUE
"CTTCTCTGTCTTGCGG-500.2.2","Monocle3","global",12.0847593559588,550,TRUE
"CTTCTCTGTGCCTGTG-500.2.2","Monocle3","global",14.8240085920963,755,TRUE
"CTTTGCGTCCGTAGGC-500.2.2","Monocle3","global",10.2384729673794,395,TRUE
"GAAATGAAGGTGCTAG-500.2.2","Monocle3","global",8.00716971765613,425,TRUE
"GAACATCAGTACGTTC-500.2.2","Monocle3","global",11.457144222352,490,TRUE
"GAACATCGTTCAGTAC-500.2.2","Monocle3","global",8.21853421266142,380,TRUE
"GAACATCTCATGCATG-500.2.2","Monocle3","global",12.9538366627694,490,TRUE
"GAACCTATCCTTTCGG-500.2.2","Monocle3","global",12.8322209831443,550,TRUE
"GAACGGACAATGAATG-500.2.2","Monocle3","global",7.39456380776212,380,TRUE
"GACCAATCAGACGTAG-500.2.2","Monocle3","global",14.1441312559196,640,TRUE
"GACCAATGTGTTTGGT-500.2.2","Monocle3","global",14.3927371275858,620,TRUE
"GACCTGGCACGGTTTA-500.2.2","Monocle3","global",7.25781615501977,365,TRUE
"GACGCGTTCATTGCGA-500.2.2","Monocle3","global",14.2445226809486,700,TRUE
"GACGGCTTCGCAAACT-500.2.2","Monocle3","global",8.23568634481185,375,TRUE
"GACTACATCAACGGGA-500.2.2","Monocle3","global",14.7513822573946,625,TRUE
"GACTGCGCATCCGCGA-500.2.2","Monocle3","global",14.2581956646096,620,TRUE
"GAGGTGACAGCGTTCG-500.2.2","Monocle3","global",14.1869561581362,670,TRUE
"GAGGTGATCCTGCCAT-500.2.2","Monocle3","global",12.6415300760992,440,TRUE
"GATCAGTAGATTACCC-500.2.2","Monocle3","global",14.865928900256,565,TRUE
"GATCAGTTCTCTGCTG-500.2.2","Monocle3","global",9.90246167472961,450,TRUE
"GATGAAATCGCGATCG-500.2.2","Monocle3","global",10.0979642262692,385,TRUE
"GATTCAGCAATCACAC-500.2.2","Monocle3","global",14.1225794347324,640,TRUE
"GCAAACTTCCGAATGT-500.2.2","Monocle3","global",11.0649047368849,510,TRUE
"GCACTCTGTCCTCTTG-500.2.2","Monocle3","global",14.1889480608416,670,TRUE
"GCATGCGGTCTTCTCG-500.2.2","Monocle3","global",14.7265325743742,550,TRUE
"GCATGTAGTTGTCTTT-500.2.2","Monocle3","global",14.7883195875107,620,TRUE
"GCCTCTACACGAAGCA-500.2.2","Monocle3","global",13.4120357084527,630,TRUE
"GCCTCTACAGTGACAG-500.2.2","Monocle3","global",14.8774552077245,640,TRUE
"GCCTCTATCTCGAGTA-500.2.2","Monocle3","global",12.2615728154413,550,TRUE
"GCCTCTATCTCGGACG-500.2.2","Monocle3","global",12.1302474017341,585,TRUE
"GCGACCACAGATCTGT-500.2.2","Monocle3","global",13.3079929937851,550,TRUE
"GCGAGAATCCTGCTTG-500.2.2","Monocle3","global",13.9010875123322,490,TRUE
"GCGCAACCACAGCGTC-500.2.2","Monocle3","global",6.00309865429503,370,TRUE
"GCGCAGTGTACAGTTC-500.2.2","Monocle3","global",12.7754923514841,550,TRUE
"GCGCGATAGGAGCGAG-500.2.2","Monocle3","global",13.378867262034,640,TRUE
"GCTGCAGAGTGCTGCC-500.2.2","Monocle3","global",13.6528276160283,490,TRUE
"GCTGCAGTCAACCAAC-500.2.2","Monocle3","global",12.9459540371308,640,TRUE
"GCTGCGAAGGAGTTTA-500.2.2","Monocle3","global",11.1545086159866,450,TRUE
"GCTTCCAGTACCGAGA-500.2.2","Monocle3","global",19.1001039072683,520,TRUE
"GCTTGAAAGTGCCAGA-500.2.2","Monocle3","global",10.477582056012,640,TRUE
"GCTTGAAGTTACGGAG-500.2.2","Monocle3","global",14.7337109522462,620,TRUE
"GGAAAGCGTGAGGGAG-500.2.2","Monocle3","global",13.7635800805535,640,TRUE
"GGAACTTAGTATCTCG-500.2.2","Monocle3","global",13.4181550839512,670,TRUE
"GGACAAGTCATCGATG-500.2.2","Monocle3","global",12.7329549706326,550,TRUE
"GGACAAGTCGTCTGAA-500.2.2","Monocle3","global",13.6516454233923,620,TRUE
"GGACAGAAGAGGGATA-500.2.2","Monocle3","global",11.2593821379186,760,TRUE
"GGACATTCAGCGATCC-500.2.2","Monocle3","global",12.3513532585155,550,TRUE
"GGACATTCATCCTAGA-500.2.2","Monocle3","global",12.5351101336148,700,TRUE
"GGAGCAAAGATGTGGC-500.2.2","Monocle3","global",10.5602605852959,450,TRUE
"GGAGCAAGTCTCTCTG-500.2.2","Monocle3","global",12.6363870364146,670,TRUE
"GGATTACCACCTCGTT-500.2.2","Monocle3","global",20.0261760168317,700,TRUE
"GGCAATTAGCCACGCT-500.2.2","Monocle3","global",8.49140848733159,400,TRUE
"GGCAATTAGTGTTAGA-500.2.2","Monocle3","global",8.19003706144569,420,TRUE
"GGCAATTTCTCACATT-500.2.2","Monocle3","global",12.9322040405017,640,TRUE
"GGCCGATCACGAGGTA-500.2.2","Monocle3","global",10.5040531519845,640,TRUE
"GGCGACTGTAGGCATG-500.2.2","Monocle3","global",11.4672869399253,500,TRUE
"GGCTCGAGTTTAGGAA-500.2.2","Monocle3","global",13.8624426878364,450,TRUE
"GGCTCGATCGCGTTTC-500.2.2","Monocle3","global",13.5643670994118,450,TRUE
"GGCTGGTCACTTCGAA-500.2.2","Monocle3","global",8.95386399704047,450,TRUE
"GGGAATGTCTCCGGTT-500.2.2","Monocle3","global",13.0823112461018,500,TRUE
"GGGACCTCAAGTAGTA-500.2.2","Monocle3","global",9.85312573042297,385,TRUE
"GGGAGATAGTGGAGTC-500.2.2","Monocle3","global",9.93084327641369,520,TRUE
"GGGAGATCAATCCGAT-500.2.2","Monocle3","global",14.5546480757772,640,TRUE
"GGGAGATTCATTCACT-500.2.2","Monocle3","global",14.7423792548907,630,TRUE
"GGGTTGCAGCAGCCTC-500.2.2","Monocle3","global",12.1302476477803,620,TRUE
"GGGTTGCAGTACTTGC-500.2.2","Monocle3","global",11.3870458924754,490,TRUE
"GGGTTGCGTCACTTCC-500.2.2","Monocle3","global",12.6038116319246,440,TRUE
"GTAACGTGTCATCCCT-500.2.2","Monocle3","global",13.0363154315279,620,TRUE
"GTACTCCAGATCGATA-500.2.2","Monocle3","global",10.3951090728814,360,TRUE
"GTACTCCGTCTAGTGT-500.2.2","Monocle3","global",14.0947860316851,550,TRUE
"GTACTCCTCTGGCGAC-500.2.2","Monocle3","global",12.4150066160611,700,TRUE
"GTACTTTAGATCCCGC-500.2.2","Monocle3","global",12.5150583280526,700,TRUE
"GTAGGCCGTACGCACC-500.2.2","Monocle3","global",12.384503761825,530,TRUE
"GTAGTCAAGTCCTCCT-500.2.2","Monocle3","global",13.3577618158888,670,TRUE
"GTAGTCACACCCATTC-500.2.2","Monocle3","global",8.99416405728154,435,TRUE
"GTATTCTGTTGCGTTA-500.2.2","Monocle3","global",19.5038197224434,635,TRUE
"GTCAAGTAGACCGGAT-500.2.2","Monocle3","global",14.389429112997,490,TRUE
"GTCACAAGTGAGTGAC-500.2.2","Monocle3","global",11.7172416743211,585,TRUE
"GTCATTTCAGCTTCGG-500.2.2","Monocle3","global",11.2593823839647,750,TRUE
"GTCCTCATCATGCATG-500.2.2","Monocle3","global",14.8774554537706,670,TRUE
"GTCGGGTTCGTCGTTC-500.2.2","Monocle3","global",11.0983648194893,450,TRUE
"GTCGTAAAGACAAGCC-500.2.2","Monocle3","global",16.4836276993162,635,TRUE
"GTCGTAAAGTAGCCGA-500.2.2","Monocle3","global",19.2619460798754,490,TRUE
"GTGCATAAGATCCCGC-500.2.2","Monocle3","global",12.0471186932673,700,TRUE
"GTGCTTCTCTCCTATA-500.2.2","Monocle3","global",19.9294824071638,700,TRUE
"GTGTTAGAGAAGGCCT-500.2.2","Monocle3","global",19.0822525617807,550,TRUE
"GTGTTAGTCAGTCAGT-500.2.2","Monocle3","global",14.0470843801979,550,TRUE
"GTGTTAGTCCGAATGT-500.2.2","Monocle3","global",13.317397324411,550,TRUE
"GTTAAGCCACTGTCGG-500.2.2","Monocle3","global",14.8640939184944,640,TRUE
"GTTCATTGTCTCTTTA-500.2.2","Monocle3","global",10.1638315418179,395,TRUE
"GTTCATTTCGTAGATC-500.2.2","Monocle3","global",13.338711857973,700,TRUE
"GTTCGGGTCCAGTAGT-500.2.2","Monocle3","global",14.3328781929674,700,TRUE
"TAAACCGGTCGGCACT-500.2.2","Monocle3","global",13.8409512134702,630,TRUE
"TAAACCGGTCTGATCA-500.2.2","Monocle3","global",16.4387673507244,700,TRUE
"TAAGAGAGTCTTCAAG-500.2.2","Monocle3","global",10.1537797631733,550,TRUE
"TAAGCGTTCGTTTATC-500.2.2","Monocle3","global",19.1321069521542,585,TRUE
"TAAGTGCCAGCTCGAC-500.2.2","Monocle3","global",14.8620959708784,640,TRUE
"TACAGTGCATTACGAC-500.2.2","Monocle3","global",6.99765723268702,435,TRUE
"TACGGGCTCACTCTTA-500.2.2","Monocle3","global",3.93392816811458,380,TRUE
"TACGGTAGTACCGAGA-500.2.2","Monocle3","global",13.908083244958,640,TRUE
"TACTCGCTCCAGGGCT-500.2.2","Monocle3","global",4.77455079471223,300,TRUE
"TACTTGTAGGGTCTCC-500.2.2","Monocle3","global",12.5828741716207,585,TRUE
"TACTTGTTCATACGGT-500.2.2","Monocle3","global",14.064798072684,550,TRUE
"TAGAGCTCAGCGATCC-500.2.2","Monocle3","global",10.5838644566254,450,TRUE
"TAGGCATCAAAGGAAG-500.2.2","Monocle3","global",13.1005224544053,620,TRUE
"TAGGCATTCGACCAGC-500.2.2","Monocle3","global",14.8035696348598,700,TRUE
"TAGTGGTGTAAACCTC-500.2.2","Monocle3","global",13.2188151689235,670,TRUE
"TAGTGGTTCGTGACAT-500.2.2","Monocle3","global",18.6155710869029,430,TRUE
"TAGTTGGCACACGCTG-500.2.2","Monocle3","global",9.51953721491358,470,TRUE
"TATCAGGAGTCTCCTC-500.2.2","Monocle3","global",9.04106103144247,470,TRUE
"TATCTCAGTGCAACGA-500.2.2","Monocle3","global",13.0679460294187,490,TRUE
"TATGCCCAGTGTCCCG-500.2.2","Monocle3","global",9.09139076658597,450,TRUE
"TATTACCAGGAGCGTT-500.2.2","Monocle3","global",8.84364888684359,470,TRUE
"TCAACGACACCGAATT-500.2.2","Monocle3","global",12.6726850901128,550,TRUE
"TCAACGAGTTGCGCAC-500.2.2","Monocle3","global",13.5591457001778,640,TRUE
"TCACAAGTCGTTGACA-500.2.2","Monocle3","global",8.98964145070307,470,TRUE
"TCAGATGAGCTCCTTC-500.2.2","Monocle3","global",9.04863975264082,415,TRUE
"TCAGATGGTCTCTTTA-500.2.2","Monocle3","global",12.3891516278848,700,TRUE
"TCAGCAACAGCATGAG-500.2.2","Monocle3","global",16.4076024120237,700,TRUE
"TCAGGTAGTGTTCGAT-500.2.2","Monocle3","global",8.25895905670517,385,TRUE
"TCATTACCATCGGTTA-500.2.2","Monocle3","global",11.2553617350026,405,TRUE
"TCATTTGTCTGATACG-500.2.2","Monocle3","global",4.78545365839552,320,TRUE
"TCCACACTCTTGGGTA-500.2.2","Monocle3","global",14.7793087470729,775,TRUE
"TCGAGGCAGACTACAA-500.2.2","Monocle3","global",10.1753640164133,420,TRUE
"TCGAGGCCACAGTCGC-500.2.2","Monocle3","global",14.7602784120347,760,TRUE
"TCGCGTTCACAAGCCC-500.2.2","Monocle3","global",14.7739091799974,750,TRUE
"TCGGTAAGTCTCTCTG-500.2.2","Monocle3","global",2.47255503814858,760,TRUE
"TCGTACCCAAGTAATG-500.2.2","Monocle3","global",14.6738968361264,450,TRUE
"TCTCATACAAGAGGCT-500.2.2","Monocle3","global",12.0459320544657,490,TRUE
"TCTCTAAGTCACACGC-500.2.2","Monocle3","global",6.2064066949807,340,TRUE
"TCTGGAACAATGAAAC-500.2.2","Monocle3","global",14.6021300551954,750,TRUE
"TCTTCGGCAAGCCGTC-500.2.2","Monocle3","global",10.8021603202178,440,TRUE
"TCTTCGGGTGCGGTAA-500.2.2","Monocle3","global",9.05299202848383,450,TRUE
"TCTTCGGTCCTTGACC-500.2.2","Monocle3","global",7.14430422290465,400,TRUE
"TGACAACGTACGCACC-500.2.2","Monocle3","global",12.6344529723641,440,TRUE
"TGACAACGTTGCTCCT-500.2.2","Monocle3","global",14.0999469830837,585,TRUE
"TGACAACGTTTGACAC-500.2.2","Monocle3","global",11.0658671930791,450,TRUE
"TGAGCCGGTCTCGTTC-500.2.2","Monocle3","global",19.5056201827755,635,TRUE
"TGCCAAACAGACAAAT-500.2.2","Monocle3","global",14.8126448132786,750,TRUE
"TGCCCTATCATGCAAC-500.2.2","Monocle3","global",13.9818342442631,700,TRUE
"TGCGGGTTCTCATTCA-500.2.2","Monocle3","global",8.48039154595894,400,TRUE
"TGCTACCAGTGTCCCG-500.2.2","Monocle3","global",16.3904132676276,640,TRUE
"TGCTACCCAACAACCT-500.2.2","Monocle3","global",9.42479087340641,500,TRUE
"TGGACGCCACGAGGTA-500.2.2","Monocle3","global",12.105978585404,550,TRUE
"TGGTTAGAGGAATTAC-500.2.2","Monocle3","global",19.5471198814406,620,TRUE
"TGTATTCCATGCTAGT-500.2.2","Monocle3","global",13.6308214718823,440,TRUE
"TGTCCCACAAAGCGGT-500.2.2","Monocle3","global",6.99765747873317,585,TRUE
"TGTTCCGTCTACTTAC-500.2.2","Monocle3","global",7.71598683458887,380,TRUE
"TTAACTCGTAATCACC-500.2.2","Monocle3","global",14.4224181920135,550,TRUE
"TTAACTCTCGGAGCAA-500.2.2","Monocle3","global",16.4620387983714,640,TRUE
"TTAGGACGTATCTGCA-500.2.2","Monocle3","global",13.8042754137139,640,TRUE
"TTCGAAGTCATTATCC-500.2.2","Monocle3","global",6.99765772477931,485,TRUE
"TTCGGTCAGCAATCTC-500.2.2","Monocle3","global",10.2968353771432,550,TRUE
"TTCTACAAGAGACTTA-500.2.2","Monocle3","global",3.49636942085805,300,TRUE
"TTCTACACAGGTCGTC-500.2.2","Monocle3","global",11.5262476553487,470,TRUE
"TTCTACAGTACCGTTA-500.2.2","Monocle3","global",8.27726988539079,380,TRUE
"TTCTACAGTTTGTTTC-500.2.2","Monocle3","global",14.6218642751503,670,TRUE
"TTCTCAATCTTTCCTC-500.2.2","Monocle3","global",17.2071642121393,700,TRUE
"TTCTCCTAGTACGACG-500.2.2","Monocle3","global",14.6524319335809,755,TRUE
"TTCTCCTAGTGTTAGA-500.2.2","Monocle3","global",12.3600941940565,530,TRUE
"TTCTCCTGTAAGGATT-500.2.2","Monocle3","global",14.8774556998168,640,TRUE
"TTCTTAGCAGGTTTCA-500.2.2","Monocle3","global",9.66278344728888,520,TRUE
"TTGAACGCAAAGCGGT-500.2.2","Monocle3","global",8.27727013143693,375,TRUE
"TTGCGTCAGATCCCGC-500.2.2","Monocle3","global",17.0631804150856,700,TRUE
"TTGGAACAGCCAGTAG-500.2.2","Monocle3","global",14.2803171545201,550,TRUE
"TTGTAGGCACACGCTG-500.2.2","Monocle3","global",11.2593826300109,725,TRUE
"TTTACTGGTCTTGTCC-500.2.2","Monocle3","global",17.207243385061,700,TRUE
"TTTATGCGTACCATCA-500.2.2","Monocle3","global",13.6314610980497,550,TRUE
"TTTCCTCTCTCTTGAT-500.2.2","Monocle3","global",6.99765797082545,550,TRUE
"TTTGGTTAGTGCGTGA-500.2.2","Monocle3","global",9.93437955024051,450,TRUE
"TTTGGTTTCAGGTTCA-500.2.2","Monocle3","global",8.84663733625034,450,TRUE
"AAACCTGAGATCCGAG-r17","Monocle3","global",5.98029446120045,190,TRUE
"AAACGGGCATTATCTC-r17","Monocle3","global",12.7425196667843,510,TRUE
"AAAGCAACAAGTCTAC-r17","Monocle3","global",7.20191975342523,380,TRUE
"AAAGTAGCAGGGTACA-r17","Monocle3","global",7.37467119256297,265,TRUE
"AAAGTAGCATGATCCA-r17","Monocle3","global",6.21027480075501,175,TRUE
"AAATGCCCATCAGTCA-r17","Monocle3","global",10.3425270954794,390,TRUE
"AAATGCCGTAGCGTCC-r17","Monocle3","global",7.15310394102834,170,TRUE
"AAATGCCGTGCAGACA-r17","Monocle3","global",7.15556833642273,245,TRUE
"AAATGCCTCCTTTCTC-r17","Monocle3","global",6.76570913848136,350,TRUE
"AAATGCCTCTCTGAGA-r17","Monocle3","global",6.10745267481547,215,TRUE
"AACACGTGTCTTGATG-r17","Monocle3","global",5.01921009393675,410,TRUE
"AACCATGCAATGAATG-r17","Monocle3","global",5.96830377850575,325,TRUE
"AACCATGTCATTGCCC-r17","Monocle3","global",4.77355101169668,365,TRUE
"AACCGCGAGCTGTTCA-r17","Monocle3","global",11.0886903590628,410,TRUE
"AACCGCGGTGGTGTAG-r17","Monocle3","global",0.316773653688929,170,TRUE
"AACCGCGTCCAAAGTC-r17","Monocle3","global",1.97935104167052,230,TRUE
"AACTCAGAGTCGTACT-r17","Monocle3","global",0.683704434974439,160,TRUE
"AACTCAGAGTGTACCT-r17","Monocle3","global",5.00073211422406,225,TRUE
"AACTCAGGTTGGTAAA-r17","Monocle3","global",6.250734518364,260,TRUE
"AACTCTTAGCCCAATT-r17","Monocle3","global",2.08622240702934,205,TRUE
"AACTTTCCAAGCTGGA-r17","Monocle3","global",9.54295913862267,470,TRUE
"AACTTTCTCAAACCAC-r17","Monocle3","global",7.52682341592098,160,TRUE
"AACTTTCTCAGCAACT-r17","Monocle3","global",0.683704681020583,170,TRUE
"AACTTTCTCCTATGTT-r17","Monocle3","global",11.9553644880388,450,TRUE
"AAGACCTCATGGAATA-r17","Monocle3","global",10.1955297717921,405,TRUE
"AAGCCGCAGGTGCAAC-r17","Monocle3","global",0.427855004483384,180,TRUE
"AAGCCGCGTCCCTTGT-r17","Monocle3","global",3.92557983515414,180,TRUE
"AAGTCTGCAGATAATG-r17","Monocle3","global",6.10745292086161,260,TRUE
"AATCCAGCAACACGCC-r17","Monocle3","global",3.46247076691453,200,TRUE
"AATCGGTAGATGTAAC-r17","Monocle3","global",6.07475981085299,235,TRUE
"AATCGGTCACAAGTAA-r17","Monocle3","global",7.36541851134666,380,TRUE
"ACACCCTGTCCAGTGC-r17","Monocle3","global",4.03096363055754,240,TRUE
"ACACCCTTCTAACTGG-r17","Monocle3","global",7.87266472153033,405,TRUE
"ACACTGAGTTCGGGCT-r17","Monocle3","global",12.1302478938264,620,TRUE
"ACAGCCGAGAGTGAGA-r17","Monocle3","global",19.1356162437828,490,TRUE
"ACAGCTAAGCGATTCT-r17","Monocle3","global",12.5090846514366,500,TRUE
"ACAGCTAGTCTCCACT-r17","Monocle3","global",0.316773899735073,170,TRUE
"ACAGCTATCATCGATG-r17","Monocle3","global",5.76644636039179,300,TRUE
"ACATACGGTAAAGTCA-r17","Monocle3","global",12.7907530250815,585,TRUE
"ACCAGTAGTAGCCTAT-r17","Monocle3","global",9.75638086620049,320,TRUE
"ACCCACTGTGAAAGAG-r17","Monocle3","global",5.40484614224297,350,TRUE
"ACGAGCCGTCAAACTC-r17","Monocle3","global",3.44463474993704,170,TRUE
"ACGATACAGACTACAA-r17","Monocle3","global",7.88040931104318,360,TRUE
"ACGATACTCCAAAGTC-r17","Monocle3","global",4.22766092951441,260,TRUE
"ACGATGTGTTCCCGAG-r17","Monocle3","global",8.81874047818972,450,TRUE
"ACGCAGCAGTTAAGTG-r17","Monocle3","global",10.4132657040641,390,TRUE
"ACGCCAGAGTTGAGAT-r17","Monocle3","global",0.00411316274287348,160,TRUE
"ACGCCGACATACAGCT-r17","Monocle3","global",6.58853747968678,260,TRUE
"ACGGAGAAGTGTGAAT-r17","Monocle3","global",6.65417338538162,230,TRUE
"ACGGGCTTCTTGAGGT-r17","Monocle3","global",6.57683753802947,550,TRUE
"ACTATCTGTCTTGTCC-r17","Monocle3","global",4.01995650208119,190,TRUE
"ACTGAACTCGTCACGG-r17","Monocle3","global",4.02371605759091,170,TRUE
"ACTGAGTCAAACAACA-r17","Monocle3","global",13.4719669070065,640,TRUE
"ACTGAGTTCTTACCGC-r17","Monocle3","global",5.98029470724659,260,TRUE
"ACTGATGAGGCTAGAC-r17","Monocle3","global",5.71053411952622,230,TRUE
"ACTGTCCAGTATCGAA-r17","Monocle3","global",5.98029495329274,670,TRUE
"ACTGTCCCAGCTGGCT-r17","Monocle3","global",14.3355051005283,700,TRUE
"ACTGTCCTCAAGGCTT-r17","Monocle3","global",6.25289583238044,265,TRUE
"ACTTTCAAGGACGAAA-r17","Monocle3","global",6.5902684592628,170,TRUE
"AGAATAGAGTGGGTTG-r17","Monocle3","global",4.03096387660368,220,TRUE
"AGATCTGAGGGTGTGT-r17","Monocle3","global",20.0113082283904,700,TRUE
"AGATCTGAGTGTTAGA-r17","Monocle3","global",0.683704927066727,170,TRUE
"AGATCTGGTCAACTGT-r17","Monocle3","global",7.52411267006897,160,TRUE
"AGATCTGGTCGCGTGT-r17","Monocle3","global",6.89758047184603,260,TRUE
"AGATTGCTCCATGAAC-r17","Monocle3","global",6.22755779457313,165,TRUE
"AGCAGCCGTAAACACA-r17","Monocle3","global",5.63693227215804,260,TRUE
"AGCATACGTAGGGACT-r17","Monocle3","global",6.10745316690776,360,TRUE
"AGCATACGTATCTGCA-r17","Monocle3","global",3.22504972241358,200,TRUE
"AGCCTAAAGCGATGAC-r17","Monocle3","global",5.24164637892801,300,TRUE
"AGCGGTCGTGTCGCTG-r17","Monocle3","global",7.22303969867159,630,TRUE
"AGCGTATCAATTGCTG-r17","Monocle3","global",4.92865488409731,300,TRUE
"AGCTTGAAGTCCTCCT-r17","Monocle3","global",8.82280775949148,450,TRUE
"AGCTTGAGTCCATGAT-r17","Monocle3","global",0.316774145781217,160,TRUE
"AGGCCACCACAGCGTC-r17","Monocle3","global",6.57069905285569,230,TRUE
"AGGCCACGTACCAGTT-r17","Monocle3","global",3.79736294900431,360,TRUE
"AGGCCACTCGGAAATA-r17","Monocle3","global",7.36749722763889,260,TRUE
"AGGGAGTGTACATGTC-r17","Monocle3","global",7.0396452669476,220,TRUE
"AGGTCATAGATGTAAC-r17","Monocle3","global",6.96650542902119,290,TRUE
"AGTAGTCGTAAACCTC-r17","Monocle3","global",3.08009871536742,185,TRUE
"AGTCTTTAGTACATGA-r17","Monocle3","global",6.20640694102685,350,TRUE
"AGTGGGAAGCCAGAAC-r17","Monocle3","global",4.00782198778344,260,TRUE
"AGTGTCATCTTACCTA-r17","Monocle3","global",6.14330675510144,230,TRUE
"ATAACGCGTTCCACTC-r17","Monocle3","global",1.97935128771667,170,TRUE
"ATAACGCGTTGTGGCC-r17","Monocle3","global",6.07557081325456,270,TRUE
"ATAAGAGAGTGAATTG-r17","Monocle3","global",4.03096412264982,200,TRUE
"ATAAGAGCACATGACT-r17","Monocle3","global",3.01146784930879,175,TRUE
"ATAGACCGTTGTCGCG-r17","Monocle3","global",6.83077210476136,225,TRUE
"ATAGACCTCGTCACGG-r17","Monocle3","global",6.80974571072396,260,TRUE
"ATCACGAGTGAGTGAC-r17","Monocle3","global",1.3353735963831,165,TRUE
"ATCACGATCAACACTG-r17","Monocle3","global",5.00912132263204,230,TRUE
"ATCATCTGTTACAGAA-r17","Monocle3","global",8.13227202013709,390,TRUE
"ATCCACCTCACGCATA-r17","Monocle3","global",6.1074534129539,260,TRUE
"ATCCGAAAGCTAAACA-r17","Monocle3","global",5.92655188592553,220,TRUE
"ATCTACTCAACTGCTA-r17","Monocle3","global",8.06671165841572,410,TRUE
"ATCTACTCAGTCACTA-r17","Monocle3","global",5.50698644926428,170,TRUE
"ATCTGCCAGCGCCTTG-r17","Monocle3","global",12.6350073549885,700,TRUE
"ATCTGCCAGTAAGTAC-r17","Monocle3","global",6.6128571717416,260,TRUE
"ATCTGCCGTATCACCA-r17","Monocle3","global",6.86671246974738,310,TRUE
"ATGAGGGCAGGACCCT-r17","Monocle3","global",4.77360692760647,160,TRUE
"ATGGGAGAGATAGTCA-r17","Monocle3","global",13.7990359765354,640,TRUE
"ATGGGAGCAATCTGCA-r17","Monocle3","global",14.0834865758724,450,TRUE
"ATGGGAGCAGATGAGC-r17","Monocle3","global",0.316774391827361,165,TRUE
"ATTACTCAGGGCATGT-r17","Monocle3","global",5.92655213197168,260,TRUE
"ATTCTACAGTCATGCT-r17","Monocle3","global",6.74815975219608,265,TRUE
"ATTCTACGTCATATCG-r17","Monocle3","global",0.0709009391972627,170,TRUE
"ATTCTACGTGATGTGG-r17","Monocle3","global",6.61285741778774,280,TRUE
"ATTCTACGTTCCGTCT-r17","Monocle3","global",0.316774637873505,170,TRUE
"ATTGGACTCTCTAGGA-r17","Monocle3","global",5.31212117933435,170,TRUE
"ATTGGTGCACTGTGTA-r17","Monocle3","global",5.71052971545476,185,TRUE
"ATTTCTGCAAGTTGTC-r17","Monocle3","global",11.1360527960809,425,TRUE
"ATTTCTGGTAGGGTAC-r17","Monocle3","global",11.1376626056443,420,TRUE
"CAACTAGAGCTGGAAC-r17","Monocle3","global",6.7657093845275,380,TRUE
"CAACTAGTCAAACGGG-r17","Monocle3","global",11.1006602361237,425,TRUE
"CAACTAGTCAGTCAGT-r17","Monocle3","global",1.57045786265992,170,TRUE
"CAAGAAATCCAGTAGT-r17","Monocle3","global",7.08001735847483,225,TRUE
"CAAGATCTCTTTAGGG-r17","Monocle3","global",5.62641820521617,270,TRUE
"CAAGGCCGTCAATACC-r17","Monocle3","global",7.33494275822869,490,TRUE
"CAAGGCCGTCCGACGT-r17","Monocle3","global",6.78018870710474,290,TRUE
"CAAGTTGCATTGCGGC-r17","Monocle3","global",5.98029519933888,215,TRUE
"CACAAACGTGATGTGG-r17","Monocle3","global",5.98029544538502,210,TRUE
"CACAAACTCGACAGCC-r17","Monocle3","global",4.33757992303785,300,TRUE
"CACACAAAGAGGACGG-r17","Monocle3","global",14.8786070105426,630,TRUE
"CACACAACAGCGTCCA-r17","Monocle3","global",2.72651446855066,170,TRUE
"CACCTTGAGGAGTTGC-r17","Monocle3","global",12.5288375352696,550,TRUE
"CACTCCAGTCTCATCC-r17","Monocle3","global",6.9976582168716,390,TRUE
"CACTCCATCCTGCTTG-r17","Monocle3","global",6.48912356577408,380,TRUE
"CAGAATCGTCGAGATG-r17","Monocle3","global",4.04717234066112,170,TRUE
"CAGCAGCAGGGCTTGA-r17","Monocle3","global",14.0825112198965,550,TRUE
"CAGCAGCTCATGTCTT-r17","Monocle3","global",1.01275538976024,170,TRUE
"CAGCAGCTCCAAGCCG-r17","Monocle3","global",12.0880630229508,500,TRUE
"CAGCAGCTCTGGTATG-r17","Monocle3","global",12.6241837102903,435,TRUE
"CAGCATAAGCCTATGT-r17","Monocle3","global",7.11554165309313,415,TRUE
"CAGCATAGTAGCTCCG-r17","Monocle3","global",0.826812537943252,230,TRUE
"CAGCATATCTGTCCGT-r17","Monocle3","global",7.56107660465655,170,TRUE
"CAGCGACGTGGTAACG-r17","Monocle3","global",0.316774883919649,170,TRUE
"CAGCTAACATTCACTT-r17","Monocle3","global",2.04338151714712,170,TRUE
"CAGCTAAGTGCACTTA-r17","Monocle3","global",4.03096436869597,220,TRUE
"CAGTAACCACGAGGTA-r17","Monocle3","global",13.8507790332904,490,TRUE
"CAGTAACGTCCCTTGT-r17","Monocle3","global",0.316775129965793,160,TRUE
"CAGTCCTCAAACGCGA-r17","Monocle3","global",4.03096461474211,210,TRUE
"CAGTCCTCATTCCTGC-r17","Monocle3","global",8.3120960182393,390,TRUE
"CATATGGCAGACAAAT-r17","Monocle3","global",6.67373555314131,325,TRUE
"CATATGGGTATTCGTG-r17","Monocle3","global",0.698861439853729,170,TRUE
"CATATGGGTGCGCTTG-r17","Monocle3","global",19.8141565339987,670,TRUE
"CATATTCAGCTAGGCA-r17","Monocle3","global",4.55187459377963,170,TRUE
"CATATTCGTTGGGACA-r17","Monocle3","global",8.12833190501963,360,TRUE
"CATATTCTCATGTGGT-r17","Monocle3","global",4.74080213277797,390,TRUE
"CATCAAGAGAACAACT-r17","Monocle3","global",13.5572332469746,670,TRUE
"CATCAAGCAGTGGGAT-r17","Monocle3","global",5.92655237801782,230,TRUE
"CATCAAGTCTACTCAT-r17","Monocle3","global",18.3202347500169,450,TRUE
"CATCAGAAGATGTAAC-r17","Monocle3","global",5.98029569143117,240,TRUE
"CATCAGAGTTCGGGCT-r17","Monocle3","global",19.1845176919307,490,TRUE
"CATCCACCATCCGTGG-r17","Monocle3","global",6.65635340953718,290,TRUE
"CATCGAAAGAATAGGG-r17","Monocle3","global",6.05716924264942,200,TRUE
"CATGACATCTTCAACT-r17","Monocle3","global",5.93499472545575,290,TRUE
"CATGCCTAGAAGCCCA-r17","Monocle3","global",6.81848456396182,245,TRUE
"CATGGCGAGTCGATAA-r17","Monocle3","global",6.96026237355503,220,TRUE
"CATTATCAGAAGCCCA-r17","Monocle3","global",6.10745365900005,245,TRUE
"CATTCGCCAAGCGTAG-r17","Monocle3","global",6.82643037739223,260,TRUE
"CATTCGCCACATCCGG-r17","Monocle3","global",0.316775376011937,160,TRUE
"CATTCGCTCGCCGTGA-r17","Monocle3","global",6.61285766383389,245,TRUE
"CCAATCCAGGTGGGTT-r17","Monocle3","global",7.88444677246721,160,TRUE
"CCACCTACATCACAAC-r17","Monocle3","global",4.04473096116032,160,TRUE
"CCACCTATCGCGCCAA-r17","Monocle3","global",7.31017092138448,390,TRUE
"CCACGGAAGGACGAAA-r17","Monocle3","global",12.6409764212151,425,TRUE
"CCACGGAGTGATAAAC-r17","Monocle3","global",7.45656997654293,160,TRUE
"CCATGTCAGCTAGTTC-r17","Monocle3","global",12.4264050471955,620,TRUE
"CCATGTCTCGATGAGG-r17","Monocle3","global",5.17114398818026,265,TRUE
"CCATTCGCATTGGCGC-r17","Monocle3","global",5.2664801827752,205,TRUE
"CCATTCGTCTTGCCGT-r17","Monocle3","global",6.6504551659747,265,TRUE
"CCCAATCTCCTGCTTG-r17","Monocle3","global",3.70760953124275,630,TRUE
"CCCTCCTAGTATCGAA-r17","Monocle3","global",6.82643062343837,230,TRUE
"CCCTCCTTCTACTCAT-r17","Monocle3","global",0.316775622058082,160,TRUE
"CCGGGATCAAGCGATG-r17","Monocle3","global",5.92655262406397,200,TRUE
"CCGTACTGTGACTACT-r17","Monocle3","global",6.86989001255978,245,TRUE
"CCGTTCATCACGAAGG-r17","Monocle3","global",0.683705173112871,170,TRUE
"CCTAGCTTCTTAGCCC-r17","Monocle3","global",11.7083612285883,620,TRUE
"CCTATTACACCAACCG-r17","Monocle3","global",14.4325346493174,500,TRUE
"CCTCAGTTCTGATACG-r17","Monocle3","global",4.20716440587174,230,TRUE
"CCTCTGAGTACAGCAG-r17","Monocle3","global",11.1258228513174,420,TRUE
"CCTCTGAGTCTCACCT-r17","Monocle3","global",11.202752099471,420,TRUE
"CCTTACGCAGACAGGT-r17","Monocle3","global",11.8460005318148,405,TRUE
"CCTTCCCGTACAGTTC-r17","Monocle3","global",0.316775868104226,160,TRUE
"CCTTCGACATTGCGGC-r17","Monocle3","global",0.247766739100625,210,TRUE
"CCTTTCTAGACGCTTT-r17","Monocle3","global",10.7923673963823,440,TRUE
"CGAACATGTCCCGACA-r17","Monocle3","global",6.10848030825313,260,TRUE
"CGAATGTCAAACGTGG-r17","Monocle3","global",4.8286350962093,300,TRUE
"CGAATGTGTTCTGTTT-r17","Monocle3","global",6.99308479826914,290,TRUE
"CGAATGTTCTTGCAAG-r17","Monocle3","global",3.05864636652082,165,TRUE
"CGACCTTAGGCTCAGA-r17","Monocle3","global",2.31597519241678,170,TRUE
"CGACCTTAGTGACATA-r17","Monocle3","global",12.5121144362383,500,TRUE
"CGACCTTTCAACGCTA-r17","Monocle3","global",7.80268797162535,395,TRUE
"CGACTTCTCGTGGTCG-r17","Monocle3","global",6.60088529466486,165,TRUE
"CGAGAAGTCGGATGTT-r17","Monocle3","global",12.1302481398725,640,TRUE
"CGAGCACAGAGTACAT-r17","Monocle3","global",9.14443035148813,390,TRUE
"CGAGCCAAGCACACAG-r17","Monocle3","global",10.4881084920173,620,TRUE
"CGAGCCATCGGTCCGA-r17","Monocle3","global",8.27727037748308,370,TRUE
"CGAGCCATCTACTTAC-r17","Monocle3","global",14.7118888360733,700,TRUE
"CGATCGGGTAGCTCCG-r17","Monocle3","global",1.82624246593928,170,TRUE
"CGATTGATCAGGTTCA-r17","Monocle3","global",3.802072780684,310,TRUE
"CGATTGATCGATGAGG-r17","Monocle3","global",5.83326239211796,330,TRUE
"CGCCAAGAGTTCGCAT-r17","Monocle3","global",18.2942625233595,410,TRUE
"CGCCAAGCAAATACAG-r17","Monocle3","global",5.97237596237152,170,TRUE
"CGCCAAGGTAGAGGAA-r17","Monocle3","global",10.924716861814,435,TRUE
"CGCGTTTTCAGTTGAC-r17","Monocle3","global",4.03096486078826,215,TRUE
"CGCGTTTTCTAGCACA-r17","Monocle3","global",4.67790097166657,300,TRUE
"CGCTATCCACACTGCG-r17","Monocle3","global",10.7349312294105,425,TRUE
"CGCTATCGTCTAACGT-r17","Monocle3","global",8.23647444678316,360,TRUE
"CGCTATCGTTCAGACT-r17","Monocle3","global",8.82937514225543,450,TRUE
"CGCTGGATCGGCTACG-r17","Monocle3","global",6.10745390504619,260,TRUE
"CGCTTCACACCATGTA-r17","Monocle3","global",18.5121325082536,440,TRUE
"CGCTTCATCTGTCAAG-r17","Monocle3","global",6.90193302537498,550,TRUE
"CGGACACAGAGCTGGT-r17","Monocle3","global",9.75310751857316,490,TRUE
"CGGACACCACAGTCGC-r17","Monocle3","global",6.05718632278375,360,TRUE
"CGGACGTAGGCCATAG-r17","Monocle3","global",8.11452588220901,260,TRUE
"CGGACTGCATTGAGCT-r17","Monocle3","global",13.8873752155381,450,TRUE
"CGGACTGGTAAGTGGC-r17","Monocle3","global",8.95827937352779,415,TRUE
"CGGACTGGTGGACGAT-r17","Monocle3","global",5.30615704981057,200,TRUE
"CGGAGCTAGGGTATCG-r17","Monocle3","global",4.27417712086955,165,TRUE
"CGGAGCTTCGGTCCGA-r17","Monocle3","global",3.21621196618126,160,TRUE
"CGGCTAGCATCAGTAC-r17","Monocle3","global",4.88764564836203,260,TRUE
"CGGTTAAAGTCAAGGC-r17","Monocle3","global",6.86235924490747,265,TRUE
"CGGTTAATCACTCCTG-r17","Monocle3","global",6.82643086948451,225,TRUE
"CGTAGGCAGGTGATTA-r17","Monocle3","global",7.21459123643285,375,TRUE
"CGTAGGCGTGTTGAGG-r17","Monocle3","global",1.64901270331672,170,TRUE
"CGTCACTAGTGCGATG-r17","Monocle3","global",4.0309651068344,245,TRUE
"CGTCACTAGTGTCTCA-r17","Monocle3","global",6.86746875135787,225,TRUE
"CGTCAGGTCGCTAGCG-r17","Monocle3","global",8.11244466060573,300,TRUE
"CGTCTACCACCAACCG-r17","Monocle3","global",10.1125424102096,390,TRUE
"CGTGAGCAGTCTCGGC-r17","Monocle3","global",4.22054672825833,190,TRUE
"CGTGAGCCAAACGTGG-r17","Monocle3","global",6.83578699392449,225,TRUE
"CGTTCTGAGCTAAGAT-r17","Monocle3","global",1.98630905596051,175,TRUE
"CGTTCTGCATGTCTCC-r17","Monocle3","global",6.54765258484769,190,TRUE
"CGTTGGGAGTTGCAGG-r17","Monocle3","global",0.31677611415037,170,TRUE
"CGTTGGGCACCGATAT-r17","Monocle3","global",6.62446153775367,310,TRUE
"CTAAGACGTCACAAGG-r17","Monocle3","global",0.0915502862039386,160,TRUE
"CTAATGGAGCCAACAG-r17","Monocle3","global",4.77355125774282,500,TRUE
"CTAATGGCACGTAAGG-r17","Monocle3","global",6.82723118891565,260,TRUE
"CTACACCAGCATGGCA-r17","Monocle3","global",5.92400060528583,300,TRUE
"CTACGTCGTGGGTCAA-r17","Monocle3","global",11.8923139267741,420,TRUE
"CTCACACGTACTCTCC-r17","Monocle3","global",6.61329240593605,280,TRUE
"CTCAGAAAGCTACCGC-r17","Monocle3","global",6.99765846291774,435,TRUE
"CTCGAAAGTCACCTAA-r17","Monocle3","global",5.57641735474704,165,TRUE
"CTCGAAATCACTCCTG-r17","Monocle3","global",4.17328074228976,165,TRUE
"CTCGGAGAGCCAACAG-r17","Monocle3","global",6.1334239638887,300,TRUE
"CTCGGGAAGCCGATTT-r17","Monocle3","global",6.51307746380376,380,TRUE
"CTCGTACGTTGACGTT-r17","Monocle3","global",5.40753055612277,350,TRUE
"CTCGTACTCTCGTATT-r17","Monocle3","global",5.5467162401412,260,TRUE
"CTCGTCAAGCGATAGC-r17","Monocle3","global",5.92655287011011,260,TRUE
"CTCTAATAGTCCGTAT-r17","Monocle3","global",8.27727062352922,360,TRUE
"CTCTACGTCCTGCTTG-r17","Monocle3","global",6.22858592208485,165,TRUE
"CTCTGGTCATGCCACG-r17","Monocle3","global",0.316776360196514,170,TRUE
"CTCTGGTGTAGGCATG-r17","Monocle3","global",0.683705419159016,175,TRUE
"CTCTGGTTCCAGGGCT-r17","Monocle3","global",5.69949417497738,265,TRUE
"CTGAAACCACATGTGT-r17","Monocle3","global",5.92655311615626,550,TRUE
"CTGAAACCATATGCTG-r17","Monocle3","global",6.26653840208104,390,TRUE
"CTGAAGTTCGTACCGG-r17","Monocle3","global",7.55190091960909,380,TRUE
"CTGATAGAGCGTAATA-r17","Monocle3","global",4.18707833376302,160,TRUE
"CTGATAGCACGCGAAA-r17","Monocle3","global",6.3488335543605,220,TRUE
"CTGATAGCAGGCTGAA-r17","Monocle3","global",6.6444269334392,245,TRUE
"CTGCGGAAGTAAGTAC-r17","Monocle3","global",4.99413588299749,205,TRUE
"CTGGTCTGTAATCGTC-r17","Monocle3","global",11.3340419840885,440,TRUE
"CTGTGCTCATCACGAT-r17","Monocle3","global",1.01275563580638,260,TRUE
"CTGTTTATCACTCCTG-r17","Monocle3","global",6.61285790988003,245,TRUE
"CTTAACTCAAGCCGCT-r17","Monocle3","global",0.0643383956300845,160,TRUE
"CTTAACTTCCTAGGGC-r17","Monocle3","global",0.341970175268987,185,TRUE
"CTTACCGAGGGTATCG-r17","Monocle3","global",5.71811689619906,200,TRUE
"CTTAGGAAGGAGCGTT-r17","Monocle3","global",7.49384143433036,380,TRUE
"CTTAGGATCCTTGCCA-r17","Monocle3","global",6.99765870896389,530,TRUE
"CTTAGGATCGCGGATC-r17","Monocle3","global",6.76570963057364,370,TRUE
"CTTGGCTTCAACTCTT-r17","Monocle3","global",6.99765895501003,455,TRUE
"CTTTGCGTCAGTTAGC-r17","Monocle3","global",0.316776606242658,190,TRUE
"GAAACTCAGGTGGGTT-r17","Monocle3","global",7.40515622236034,380,TRUE
"GAAATGAAGGGTTTCT-r17","Monocle3","global",11.775958547162,450,TRUE
"GAAATGACATAGACTC-r17","Monocle3","global",6.9468352445375,260,TRUE
"GAAGCAGCACGTGAGA-r17","Monocle3","global",13.8629750497787,450,TRUE
"GACACGCGTAGAAGGA-r17","Monocle3","global",9.93412620347154,345,TRUE
"GACAGAGGTGCGCTTG-r17","Monocle3","global",14.2757794390416,700,TRUE
"GACCAATTCACTGGGC-r17","Monocle3","global",6.56674606065369,365,TRUE
"GACGCGTCATTAGCCA-r17","Monocle3","global",8.27727086957536,365,TRUE
"GACGTGCCACATTTCT-r17","Monocle3","global",0.316776852288802,170,TRUE
"GACGTTACATTCGACA-r17","Monocle3","global",4.03096535288055,210,TRUE
"GACGTTAGTCTGATTG-r17","Monocle3","global",6.99765920105618,370,TRUE
"GACTAACCAAGCTGGA-r17","Monocle3","global",1.7673261890931,190,TRUE
"GACTAACGTTCGGGCT-r17","Monocle3","global",7.18169308962007,640,TRUE
"GACTACAAGCCACCTG-r17","Monocle3","global",19.5372108894962,620,TRUE
"GACTACATCAATAAGG-r17","Monocle3","global",7.76612501340566,420,TRUE
"GAGGTGAGTCATATCG-r17","Monocle3","global",9.93384400518105,380,TRUE
"GAGTCCGAGACAGAGA-r17","Monocle3","global",7.56107685070269,160,TRUE
"GATCAGTTCAACGGCC-r17","Monocle3","global",12.0134988806055,450,TRUE
"GATCGCGAGTGCTGCC-r17","Monocle3","global",4.65079335710561,170,TRUE
"GATCGCGTCAGCCTAA-r17","Monocle3","global",9.9019510564068,620,TRUE
"GATCGTAAGCGTAGTG-r17","Monocle3","global",6.461787943458,270,TRUE
"GATCGTAAGGACACCA-r17","Monocle3","global",2.72651471459681,200,TRUE
"GATGAAAGTAAATGTG-r17","Monocle3","global",6.10745415109233,520,TRUE
"GATGAAAGTCACTTCC-r17","Monocle3","global",0.300471828160452,170,TRUE
"GATGAAAGTGCGATAG-r17","Monocle3","global",1.77802172876333,170,TRUE
"GATGAGGTCGGTGTCG-r17","Monocle3","global",6.94083478961351,245,TRUE
"GATTCAGTCATGTAGC-r17","Monocle3","global",6.34128980797313,210,TRUE
"GCACATACATCCCATC-r17","Monocle3","global",5.12165044493337,175,TRUE
"GCACTCTCACCTCGTT-r17","Monocle3","global",2.72928388848745,175,TRUE
"GCAGCCAAGAATTGTG-r17","Monocle3","global",12.3673513018858,550,TRUE
"GCAGCCAAGGGAGTAA-r17","Monocle3","global",12.5339194844314,620,TRUE
"GCAGCCAGTACATGTC-r17","Monocle3","global",12.3770598783944,490,TRUE
"GCATGATGTGCTGTAT-r17","Monocle3","global",5.98029593747731,260,TRUE
"GCATGTAAGTGGGCTA-r17","Monocle3","global",6.10745439713848,235,TRUE
"GCCTCTATCGCGCCAA-r17","Monocle3","global",9.8143031641174,490,TRUE
"GCGCAACAGAATGTGT-r17","Monocle3","global",5.2324911287973,360,TRUE
"GCGCGATGTAACGCGA-r17","Monocle3","global",6.82643111553066,265,TRUE
"GCGCGATGTGTGGTTT-r17","Monocle3","global",9.17278456755523,345,TRUE
"GCGGGTTAGCGACGTA-r17","Monocle3","global",3.48512773121244,170,TRUE
"GCGGGTTCATGTAAGA-r17","Monocle3","global",5.87483098757322,260,TRUE
"GCGGGTTTCAACGGCC-r17","Monocle3","global",10.2307354532657,415,TRUE
"GCTCCTAAGTTAACGA-r17","Monocle3","global",0.427855250529528,190,TRUE
"GCTCCTAGTAAATGAC-r17","Monocle3","global",0.160382836701356,160,TRUE
"GCTCTGTAGAAGGTTT-r17","Monocle3","global",0.427855496575672,180,TRUE
"GCTGCGATCGGAATCT-r17","Monocle3","global",5.84776467044541,200,TRUE
"GCTTGAATCTCTAAGG-r17","Monocle3","global",6.62772925576845,290,TRUE
"GGAACTTGTTAAAGTG-r17","Monocle3","global",12.1302483859187,490,TRUE
"GGAACTTGTTGCGTTA-r17","Monocle3","global",12.0881972051208,520,TRUE
"GGAATAAAGTATTGGA-r17","Monocle3","global",6.75698433885003,275,TRUE
"GGACAAGAGGCCCTTG-r17","Monocle3","global",0.601914567635993,170,TRUE
"GGACAAGCACTGTCGG-r17","Monocle3","global",6.61660014981242,225,TRUE
"GGACAGAAGCTAGTCT-r17","Monocle3","global",2.7839274360863,160,TRUE
"GGACATTCAAAGGCGT-r17","Monocle3","global",6.80062587708936,275,TRUE
"GGACATTCACCAACCG-r17","Monocle3","global",14.2352996374822,585,TRUE
"GGACGTCCACTGTCGG-r17","Monocle3","global",10.5395419709156,630,TRUE
"GGCAATTTCACGACTA-r17","Monocle3","global",1.13129436276728,180,TRUE
"GGCGACTAGCCAGTTT-r17","Monocle3","global",14.2261278749343,585,TRUE
"GGCGACTGTTCAGACT-r17","Monocle3","global",1.39118178246514,350,TRUE
"GGCTGGTAGGATGGTC-r17","Monocle3","global",8.5537131620812,165,TRUE
"GGGAATGAGCCGGTAA-r17","Monocle3","global",5.32906503898226,700,TRUE
"GGGACCTTCCTGCTTG-r17","Monocle3","global",5.01258210862946,230,TRUE
"GGGATGATCTTCATGT-r17","Monocle3","global",7.86650724828951,300,TRUE
"GGGCACTAGCTATGCT-r17","Monocle3","global",4.04653668044518,280,TRUE
"GGGCACTTCGGTCTAA-r17","Monocle3","global",0.68370566520516,170,TRUE
"GGGTCTGGTTGAGTTC-r17","Monocle3","global",0.316777098334946,165,TRUE
"GGGTTGCAGCGTAGTG-r17","Monocle3","global",6.99765944710232,550,TRUE
"GGTATTGTCCTCCTAG-r17","Monocle3","global",4.03096559892669,230,TRUE
"GGTATTGTCTCGCTTG-r17","Monocle3","global",14.0324234770521,435,TRUE
"GGTGAAGAGCTAGTCT-r17","Monocle3","global",12.4017911922199,550,TRUE
"GGTGCGTCAATCTGCA-r17","Monocle3","global",9.92424704863582,360,TRUE
"GTAACGTAGCAAATCA-r17","Monocle3","global",1.77468662656745,160,TRUE
"GTACGTATCGAGGTAG-r17","Monocle3","global",4.23075893761763,260,TRUE
"GTACGTATCGCATGGC-r17","Monocle3","global",8.1288160802698,265,TRUE
"GTACTCCGTTCCAACA-r17","Monocle3","global",10.0943435596695,390,TRUE
"GTACTCCTCGAATGCT-r17","Monocle3","global",11.2546562916481,415,TRUE
"GTACTTTCACATCCAA-r17","Monocle3","global",6.80020212252562,240,TRUE
"GTACTTTGTAAGGGCT-r17","Monocle3","global",7.85469395584082,390,TRUE
"GTAGGCCCACCGATAT-r17","Monocle3","global",6.99765969314847,385,TRUE
"GTAGTCACAGGAATCG-r17","Monocle3","global",6.76570987661979,170,TRUE
"GTATCTTAGCAAATCA-r17","Monocle3","global",4.03096584497283,205,TRUE
"GTATTCTCAATAGCGG-r17","Monocle3","global",8.93572101821555,285,TRUE
"GTATTCTCACTCAGGC-r17","Monocle3","global",8.3460884029774,390,TRUE
"GTCACAACACCTATCC-r17","Monocle3","global",6.02994906257793,265,TRUE
"GTCATTTAGGCAATTA-r17","Monocle3","global",7.20191999947138,355,TRUE
"GTCATTTCATTCGACA-r17","Monocle3","global",1.14237392543489,170,TRUE
"GTCATTTTCCTCAATT-r17","Monocle3","global",12.5813256138056,490,TRUE
"GTCTCGTCAAGCTGAG-r17","Monocle3","global",9.96510827005917,405,TRUE
"GTCTTCGCACTTCGAA-r17","Monocle3","global",4.20293531247604,160,TRUE
"GTGAAGGAGCTAAGAT-r17","Monocle3","global",1.76319488830157,170,TRUE
"GTGAAGGAGGGCTTCC-r17","Monocle3","global",0.683705911251304,170,TRUE
"GTGAAGGCAGCTGCTG-r17","Monocle3","global",5.5863296862119,285,TRUE
"GTGCAGCCATCTCGCT-r17","Monocle3","global",9.31063412442867,450,TRUE
"GTGCAGCGTGCAACTT-r17","Monocle3","global",6.00066273838698,300,TRUE
"GTGCATAAGGAACTGC-r17","Monocle3","global",11.6465279493338,520,TRUE
"GTGCGGTCATGACATC-r17","Monocle3","global",3.48935977156444,185,TRUE
"GTGCTTCCAGCTGCTG-r17","Monocle3","global",6.22761092367621,230,TRUE
"GTGCTTCCAGGTCGTC-r17","Monocle3","global",7.37467143860911,280,TRUE
"GTGCTTCGTTCCACGG-r17","Monocle3","global",4.03096609101898,260,TRUE
"GTGGGTCAGATGCCAG-r17","Monocle3","global",4.42052389343211,235,TRUE
"GTGGGTCTCGTGACAT-r17","Monocle3","global",9.39424372083069,490,TRUE
"GTGTTAGAGAACTCGG-r17","Monocle3","global",13.8258109418438,620,TRUE
"GTTAAGCAGAAACGCC-r17","Monocle3","global",12.9605839446292,440,TRUE
"GTTAAGCAGAGTTGGC-r17","Monocle3","global",13.5479145933651,420,TRUE
"GTTACAGAGGGTGTGT-r17","Monocle3","global",7.86836541241849,330,TRUE
"GTTACAGAGTCGTACT-r17","Monocle3","global",6.90386178977948,355,TRUE
"GTTACAGGTTGGAGGT-r17","Monocle3","global",0.445112812561343,190,TRUE
"GTTCATTAGCACCGTC-r17","Monocle3","global",5.04624726962629,260,TRUE
"GTTCGGGTCACTGGGC-r17","Monocle3","global",7.82157442519116,350,TRUE
"GTTCTCGAGAGAACAG-r17","Monocle3","global",12.1302486319648,585,TRUE
"TAAACCGAGAACAATC-r17","Monocle3","global",12.0517203462483,450,TRUE
"TAAGAGAAGACTGTAA-r17","Monocle3","global",3.78162569627981,260,TRUE
"TAAGAGAAGGCCGAAT-r17","Monocle3","global",6.10745464318462,275,TRUE
"TACAGTGTCAAACCAC-r17","Monocle3","global",6.54225329163883,260,TRUE
"TACGGATCACGACTCG-r17","Monocle3","global",6.89758071789218,260,TRUE
"TACGGATCAGGAATCG-r17","Monocle3","global",9.96309449027534,420,TRUE
"TACGGATTCACGCATA-r17","Monocle3","global",0.86424236029839,170,TRUE
"TACGGATTCCTGTAGA-r17","Monocle3","global",5.56807609596377,175,TRUE
"TACGGTAGTGCCTGCA-r17","Monocle3","global",5.43385121544003,395,TRUE
"TACGGTAGTTTGTGTG-r17","Monocle3","global",0.716033883219382,175,TRUE
"TACGGTATCCCACTTG-r17","Monocle3","global",14.2221820574258,530,TRUE
"TACTCATGTACTTGAC-r17","Monocle3","global",5.65904896635706,310,TRUE
"TACTCATTCACATACG-r17","Monocle3","global",6.14140261052596,275,TRUE
"TACTCGCTCCTAGGGC-r17","Monocle3","global",10.0501531203986,415,TRUE
"TACTTACCACTATCTT-r17","Monocle3","global",10.8784432025181,440,TRUE
"TAGACCAGTACGACCC-r17","Monocle3","global",4.73271024030799,290,TRUE
"TAGACCATCCGGCACA-r17","Monocle3","global",13.3176388655857,510,TRUE
"TAGAGCTAGACTCGGA-r17","Monocle3","global",5.55193300751945,170,TRUE
"TAGAGCTTCTCCAGGG-r17","Monocle3","global",12.1149026297367,550,TRUE
"TAGCCGGGTGAGGGTT-r17","Monocle3","global",6.99765993919461,435,TRUE
"TAGGCATCAATACGCT-r17","Monocle3","global",6.09651551716385,220,TRUE
"TAGTGGTAGATGCCAG-r17","Monocle3","global",7.11073145796075,265,TRUE
"TAGTTGGAGTGTTTGC-r17","Monocle3","global",3.2950214342455,205,TRUE
"TATCAGGCAAGAAAGG-r17","Monocle3","global",0.683706157297448,170,TRUE
"TATCAGGCAATAAGCA-r17","Monocle3","global",8.27727111562151,370,TRUE
"TATCTCAAGATGTGGC-r17","Monocle3","global",11.0958176988171,395,TRUE
"TATGCCCCATCACGAT-r17","Monocle3","global",4.55187483982578,700,TRUE
"TATTACCAGTTGAGTA-r17","Monocle3","global",6.89758096393832,270,TRUE
"TCAACGAGTCGACTGC-r17","Monocle3","global",8.07960605797524,410,TRUE
"TCAATCTGTTACAGAA-r17","Monocle3","global",8.18807205676379,410,TRUE
"TCACAAGGTCGCATAT-r17","Monocle3","global",10.2267410173928,410,TRUE
"TCACGAAAGTGGCACA-r17","Monocle3","global",7.55476354255383,170,TRUE
"TCAGATGAGTTAGGTA-r17","Monocle3","global",2.83308171777399,195,TRUE
"TCAGATGTCGATAGAA-r17","Monocle3","global",6.96947910690115,260,TRUE
"TCAGCTCCAATTGCTG-r17","Monocle3","global",4.99413612904364,260,TRUE
"TCAGGATTCGTACCGG-r17","Monocle3","global",14.4668179701056,490,TRUE
"TCAGGTATCCTAAGTG-r17","Monocle3","global",11.9193164730779,435,TRUE
"TCCACACTCTTGAGAC-r17","Monocle3","global",0.683706403343592,190,TRUE
"TCCCGATAGCTAGTCT-r17","Monocle3","global",9.13369494111449,410,TRUE
"TCCCGATTCTTTACAC-r17","Monocle3","global",0.247766985146769,170,TRUE
"TCGGTAAAGGAGCGTT-r17","Monocle3","global",3.05906812507206,170,TRUE
"TCGGTAACAGGAATCG-r17","Monocle3","global",6.97798533229501,260,TRUE
"TCGGTAATCCATGAGT-r17","Monocle3","global",0.864242606344534,175,TRUE
"TCGTACCCAGACTCGC-r17","Monocle3","global",3.42193658902375,165,TRUE
"TCGTAGAAGAAGGCCT-r17","Monocle3","global",7.32327858843266,775,TRUE
"TCGTAGAAGGGTATCG-r17","Monocle3","global",3.96100665466715,180,TRUE
"TCTATTGCATAGACTC-r17","Monocle3","global",0.683706649389736,175,TRUE
"TCTATTGTCATCGATG-r17","Monocle3","global",2.98302067541286,180,TRUE
"TCTATTGTCATTCACT-r17","Monocle3","global",4.18358863859226,245,TRUE
"TCTCTAACAGAGTGTG-r17","Monocle3","global",2.83743220128909,205,TRUE
"TCTCTAAGTCTTTCAT-r17","Monocle3","global",14.4320077986833,530,TRUE
"TCTGAGAGTGCCTGTG-r17","Monocle3","global",6.62369272081452,275,TRUE
"TCTTCGGGTCGCATCG-r17","Monocle3","global",13.909256873976,640,TRUE
"TGAAAGATCCTCATTA-r17","Monocle3","global",5.98029618352346,190,TRUE
"TGACAACTCTGCGACG-r17","Monocle3","global",7.88109145541902,385,TRUE
"TGACGGCCAATCACAC-r17","Monocle3","global",6.03844176015618,335,TRUE
"TGACTTTTCCAGTAGT-r17","Monocle3","global",7.56107709674884,390,TRUE
"TGACTTTTCGTGACAT-r17","Monocle3","global",8.89813427413314,380,TRUE
"TGAGAGGTCAAGGTAA-r17","Monocle3","global",10.0614199022111,550,TRUE
"TGAGCATTCATCACCC-r17","Monocle3","global",6.61285815592618,260,TRUE
"TGAGCCGAGTGAAGAG-r17","Monocle3","global",6.13623536227907,390,TRUE
"TGAGCCGCACGAGAGT-r17","Monocle3","global",6.096045731428,290,TRUE
"TGAGGGATCCTCATTA-r17","Monocle3","global",6.83194590407168,415,TRUE
"TGATTTCTCACCAGGC-r17","Monocle3","global",13.7776119147128,435,TRUE
"TGATTTCTCAGGATCT-r17","Monocle3","global",6.61285840197232,260,TRUE
"TGATTTCTCCGTACAA-r17","Monocle3","global",5.03881903035914,310,TRUE
"TGCACCTAGCTGCAAG-r17","Monocle3","global",4.03096633706512,440,TRUE
"TGCACCTGTCGTTGTA-r17","Monocle3","global",3.41501004407078,170,TRUE
"TGCCAAAAGGAGTAGA-r17","Monocle3","global",5.59665974277308,360,TRUE
"TGCCAAAGTTATCACG-r17","Monocle3","global",4.20658674603932,260,TRUE
"TGCCCATCAGACTCGC-r17","Monocle3","global",6.07846420822488,290,TRUE
"TGCCCTACACCACCAG-r17","Monocle3","global",4.16956229358546,200,TRUE
"TGCGCAGCACTGAAGG-r17","Monocle3","global",4.22468370769716,330,TRUE
"TGCGCAGGTAAGTGTA-r17","Monocle3","global",6.52959949945696,360,TRUE
"TGCGCAGGTCTCGTTC-r17","Monocle3","global",6.87016954537144,270,TRUE
"TGCGTGGAGGCTCAGA-r17","Monocle3","global",7.55639886607924,380,TRUE
"TGCGTGGAGGGATCTG-r17","Monocle3","global",7.08001760452098,280,TRUE
"TGCGTGGTCCTCTAGC-r17","Monocle3","global",6.10745488923077,270,TRUE
"TGCGTGGTCGCCATAA-r17","Monocle3","global",6.76571012266593,395,TRUE
"TGCTGCTTCCAAACTG-r17","Monocle3","global",6.01662255950429,360,TRUE
"TGCTGCTTCTGTACGA-r17","Monocle3","global",0.68370689543588,170,TRUE
"TGGCGCAAGAGGTTGC-r17","Monocle3","global",13.9907275568717,700,TRUE
"TGGCGCAAGGTAAACT-r17","Monocle3","global",5.66128960247726,310,TRUE
"TGGCGCATCTTACCTA-r17","Monocle3","global",6.45344607340357,365,TRUE
"TGGGCGTAGTCATGCT-r17","Monocle3","global",4.77478357796821,170,TRUE
"TGGGCGTTCTGCTGCT-r17","Monocle3","global",6.97457141507122,280,TRUE
"TGGTTAGAGACAGAGA-r17","Monocle3","global",4.92865513014345,320,TRUE
"TGGTTAGAGGATGGTC-r17","Monocle3","global",12.7926742560745,550,TRUE
"TGGTTAGGTGACAAAT-r17","Monocle3","global",5.72079226200067,470,TRUE
"TGGTTCCAGCCGCCTA-r17","Monocle3","global",6.76571036871208,365,TRUE
"TGGTTCCCACTGTGTA-r17","Monocle3","global",8.27727136166765,375,TRUE
"TGTCCCAGTGAGCGAT-r17","Monocle3","global",7.88644571290817,170,TRUE
"TGTCCCATCAAGAAGT-r17","Monocle3","global",4.77355150378897,170,TRUE
"TGTCCCATCGTTTGCC-r17","Monocle3","global",4.53822498925463,200,TRUE
"TGTGGTACACCAGGTC-r17","Monocle3","global",5.04998364231315,170,TRUE
"TGTGTTTCAGCTGTTA-r17","Monocle3","global",3.14250299842833,170,TRUE
"TTATGCTCACCCATGG-r17","Monocle3","global",4.61207402718213,230,TRUE
"TTATGCTTCTAACTCT-r17","Monocle3","global",6.56865914772285,490,TRUE
"TTCGAAGAGGGAAACA-r17","Monocle3","global",4.18799626862288,290,TRUE
"TTCGAAGAGTGAAGAG-r17","Monocle3","global",12.5951820867619,430,TRUE
"TTCGGTCTCAGTGTTG-r17","Monocle3","global",14.1439958836969,435,TRUE
"TTCTACACAAAGGTGC-r17","Monocle3","global",14.4020469934787,550,TRUE
"TTCTACACATCCAACA-r17","Monocle3","global",1.97935153376281,170,TRUE
"TTCTCAATCCATGAAC-r17","Monocle3","global",6.61285864801846,285,TRUE
"TTCTCAATCTGTCAAG-r17","Monocle3","global",6.8264313615768,260,TRUE
"TTCTCCTTCTTAGAGC-r17","Monocle3","global",8.28574054355622,405,TRUE
"TTGACTTTCGAGCCCA-r17","Monocle3","global",11.7561744507397,620,TRUE
"TTGCCGTAGAGGTAGA-r17","Monocle3","global",7.19798925931472,285,TRUE
"TTGGAACGTTCGAATC-r17","Monocle3","global",6.79960145796472,170,TRUE
"TTGGCAAAGTTAGCGG-r17","Monocle3","global",6.85296473165645,245,TRUE
"TTGGCAACAAGAAGAG-r17","Monocle3","global",2.56517073082167,200,TRUE
"TTGTAGGGTCTTCAAG-r17","Monocle3","global",4.03096658311127,260,TRUE
"TTGTAGGGTCTTCTCG-r17","Monocle3","global",5.59659978238437,390,TRUE
"TTGTAGGTCCGCTGTT-r17","Monocle3","global",3.79774767340947,215,TRUE
"TTGTAGGTCCTTGGTC-r17","Monocle3","global",5.49780948819371,370,TRUE
"TTTACTGAGTGGGCTA-r17","Monocle3","global",5.09861435276325,275,TRUE
"TTTACTGTCTCTGCTG-r17","Monocle3","global",0.31677734438109,170,TRUE
"TTTCCTCCATTCTCAT-r17","Monocle3","global",4.03096682915741,490,TRUE
"TTTCCTCGTCATTAGC-r17","Monocle3","global",6.65052710633645,265,TRUE
"TTTCCTCGTCTCAACA-r17","Monocle3","global",6.10745513527691,260,TRUE
"TTTGGTTCATGGTAGG-r17","Monocle3","global",18.1563783105505,375,TRUE
"TTTGTCAAGCACCGCT-r17","Monocle3","global",12.5417187422158,550,TRUE
"AAACGGGGTAGCACGA-b01","Monocle3","global",7.14430446895079,380,TRUE
"AAACGGGTCGGTCCGA-b01","Monocle3","global",12.9656972312673,635,TRUE
"AAAGCAACAGATGGGT-b01","Monocle3","global",0.268079291714296,180,TRUE
"AAATGCCCACAACGCC-b01","Monocle3","global",14.8555369310949,640,TRUE
"AAATGCCCATGCGCAC-b01","Monocle3","global",8.47501457377133,395,TRUE
"AAATGCCGTCGCTTCT-b01","Monocle3","global",11.1568348033766,700,TRUE
"AACACGTCATGGTTGT-b01","Monocle3","global",12.4664539931324,700,TRUE
"AACACGTGTTGTTTGG-b01","Monocle3","global",12.8352666812191,620,TRUE
"AACCATGCATTAGCCA-b01","Monocle3","global",12.5509762441883,550,TRUE
"AACTCAGAGATAGGAG-b01","Monocle3","global",10.0755476489102,520,TRUE
"AACTCAGTCCGTCAAA-b01","Monocle3","global",8.97583925937818,260,TRUE
"AACTGGTAGATGTGGC-b01","Monocle3","global",13.368849279358,630,TRUE
"AACTGGTCAAACCTAC-b01","Monocle3","global",11.0154604435973,380,TRUE
"AACTTTCAGTGAATTG-b01","Monocle3","global",0.316777590427235,180,TRUE
"AACTTTCGTTCCACGG-b01","Monocle3","global",20.3955032532282,725,TRUE
"AACTTTCTCGCTTAGA-b01","Monocle3","global",10.0015421308895,380,TRUE
"AAGACCTAGCGTTCCG-b01","Monocle3","global",13.5056312515537,450,TRUE
"AAGACCTAGTCTCCTC-b01","Monocle3","global",6.82835298645371,280,TRUE
"AAGACCTGTGTTGAGG-b01","Monocle3","global",4.82631775725087,340,TRUE
"AAGGAGCGTATGCTTG-b01","Monocle3","global",7.20192024551752,400,TRUE
"AAGGAGCTCAGCACAT-b01","Monocle3","global",6.51615920885802,350,TRUE
"AAGGTTCCAATAGAGT-b01","Monocle3","global",5.26262499697056,330,TRUE
"AATCCAGAGCTGCGAA-b01","Monocle3","global",0.565115537029833,190,TRUE
"AATCCAGAGGGAGTAA-b01","Monocle3","global",1.01275588185252,190,TRUE
"AATCCAGCAGCGATCC-b01","Monocle3","global",8.2772716077138,365,TRUE
"AATCGGTAGCGGATCA-b01","Monocle3","global",0.186570916594404,190,TRUE
"ACACCGGGTGTAAGTA-b01","Monocle3","global",13.7353358042739,670,TRUE
"ACACCGGGTTATCGGT-b01","Monocle3","global",4.80142486329074,320,TRUE
"ACACTGACAAGACACG-b01","Monocle3","global",11.9858767329925,520,TRUE
"ACACTGATCCCTAATT-b01","Monocle3","global",18.3509644060694,450,TRUE
"ACACTGATCTACCTGC-b01","Monocle3","global",13.0743586802487,550,TRUE
"ACAGCCGCAAGTTGTC-b01","Monocle3","global",6.22901958246548,320,TRUE
"ACAGCCGTCAGCACAT-b01","Monocle3","global",14.592818843427,700,TRUE
"ACAGCCGTCAGGATCT-b01","Monocle3","global",11.5703812984737,620,TRUE
"ACAGCTAGTTATCACG-b01","Monocle3","global",8.27727185375994,365,TRUE
"ACAGCTATCTACTATC-b01","Monocle3","global",12.130248878011,550,TRUE
"ACATACGAGAGTAATC-b01","Monocle3","global",4.03096707520356,385,TRUE
"ACATACGCAGGACCCT-b01","Monocle3","global",7.74122914600668,370,TRUE
"ACATACGTCAGTTCGA-b01","Monocle3","global",4.4779633820706,260,TRUE
"ACATCAGAGACAGACC-b01","Monocle3","global",14.2711971750375,700,TRUE
"ACATGGTTCAGTTTGG-b01","Monocle3","global",1.77802197480948,230,TRUE
"ACCAGTATCTATCGCC-b01","Monocle3","global",8.52194266438567,380,TRUE
"ACCGTAAAGACACGAC-b01","Monocle3","global",1.81503628151456,190,TRUE
"ACCGTAAGTATAGGGC-b01","Monocle3","global",10.1477862944759,385,TRUE
"ACCTTTAAGGCCGAAT-b01","Monocle3","global",7.71598708063502,380,TRUE
"ACCTTTATCCAGTATG-b01","Monocle3","global",6.49160222617545,345,TRUE
"ACCTTTATCCATGAAC-b01","Monocle3","global",2.06714040694904,185,TRUE
"ACGAGGACATCACGAT-b01","Monocle3","global",11.4491065888281,420,TRUE
"ACGAGGACATTGGGCC-b01","Monocle3","global",17.2241695787596,725,TRUE
"ACGAGGAGTGCTAGCC-b01","Monocle3","global",8.27727209980608,360,TRUE
"ACGATACCAGTGAGTG-b01","Monocle3","global",5.59660002843052,320,TRUE
"ACGCCAGTCTCGCATC-b01","Monocle3","global",13.8174775142706,700,TRUE
"ACGCCGAGTCTCCCTA-b01","Monocle3","global",13.863397722617,425,TRUE
"ACGCCGAGTTCGTGAT-b01","Monocle3","global",4.12873407524372,170,TRUE
"ACGCCGATCAGCAACT-b01","Monocle3","global",0.186571162640548,165,TRUE
"ACGCCGATCCGTTGTC-b01","Monocle3","global",9.71583965137344,550,TRUE
"ACGGAGACATGTTCCC-b01","Monocle3","global",3.32756296883961,640,TRUE
"ACGGAGATCTCGCATC-b01","Monocle3","global",11.4778066073243,700,TRUE
"ACGGGCTTCAACACCA-b01","Monocle3","global",12.7405277085461,585,TRUE
"ACGGGCTTCAGTTTGG-b01","Monocle3","global",14.0477094214297,520,TRUE
"ACGGGTCGTACCGAGA-b01","Monocle3","global",0.501262389701092,170,TRUE
"ACGGGTCGTCGAGATG-b01","Monocle3","global",1.92965624214027,190,TRUE
"ACGGGTCGTGTTTGGT-b01","Monocle3","global",5.74654010393045,320,TRUE
"ACTGAGTCAACTGCGC-b01","Monocle3","global",13.9750784935867,470,TRUE
"ACTGAGTGTACTTAGC-b01","Monocle3","global",12.1302491240571,585,TRUE
"ACTGAGTGTCTCGTTC-b01","Monocle3","global",9.55126780100634,450,TRUE
"ACTGAGTGTCTGATTG-b01","Monocle3","global",5.61968331567867,270,TRUE
"ACTGAGTGTTGATTGC-b01","Monocle3","global",6.82643160762295,260,TRUE
"ACTGATGGTTCGCGAC-b01","Monocle3","global",14.5438868976734,760,TRUE
"ACTGATGTCACTCCTG-b01","Monocle3","global",0.101428172958985,175,TRUE
"ACTGCTCAGCTCCCAG-b01","Monocle3","global",12.8888947141734,585,TRUE
"ACTGCTCAGGTTCCTA-b01","Monocle3","global",1.74247778275345,175,TRUE
"ACTGCTCAGTGTACGG-b01","Monocle3","global",2.72928413453359,230,TRUE
"ACTGCTCGTGTCAATC-b01","Monocle3","global",0.427855742621816,170,TRUE
"ACTGCTCTCTAGCACA-b01","Monocle3","global",3.13825616373189,260,TRUE
"ACTGTCCAGGGTTCCC-b01","Monocle3","global",11.7115722476833,405,TRUE
"ACTGTCCAGTGATCGG-b01","Monocle3","global",12.0981808703872,470,TRUE
"ACTTTCACAACTGCGC-b01","Monocle3","global",0.0380176566630658,175,TRUE
"ACTTTCACATTTCACT-b01","Monocle3","global",3.60921354433636,300,TRUE
"ACTTTCAGTACATCCA-b01","Monocle3","global",6.99766018524075,455,TRUE
"ACTTTCATCTTGTTTG-b01","Monocle3","global",9.72599874750475,620,TRUE
"AGAATAGAGTTTAGGA-b01","Monocle3","global",14.2479691269599,730,TRUE
"AGAATAGGTTCCAACA-b01","Monocle3","global",6.10745538132306,285,TRUE
"AGAATAGTCCAAGTAC-b01","Monocle3","global",6.33327111054317,230,TRUE
"AGAATAGTCTATCCTA-b01","Monocle3","global",12.6401946188304,420,TRUE
"AGACGTTCACCGCTAG-b01","Monocle3","global",14.2652928217539,700,TRUE
"AGACGTTTCTTAACCT-b01","Monocle3","global",4.62298906290779,160,TRUE
"AGAGCTTGTTCAGACT-b01","Monocle3","global",6.25073476441014,245,TRUE
"AGAGCTTTCCAACCAA-b01","Monocle3","global",10.5261508106509,640,TRUE
"AGAGCTTTCCAGGGCT-b01","Monocle3","global",7.51463739452279,380,TRUE
"AGATCTGGTGCCTGCA-b01","Monocle3","global",12.6709974316728,620,TRUE
"AGATCTGTCAAACAAG-b01","Monocle3","global",5.0192103399829,260,TRUE
"AGATCTGTCTGTCTCG-b01","Monocle3","global",7.51093581887831,550,TRUE
"AGATTGCCATGTAGTC-b01","Monocle3","global",14.559529228022,750,TRUE
"AGCAGCCAGCAGACTG-b01","Monocle3","global",0.683707141482024,165,TRUE
"AGCATACCACTTGGAT-b01","Monocle3","global",8.21618033919525,410,TRUE
"AGCATACGTAGCGATG-b01","Monocle3","global",4.77194879206402,270,TRUE
"AGCCTAAAGGTTACCT-b01","Monocle3","global",5.55165008784076,260,TRUE
"AGCGGTCCATGGTAGG-b01","Monocle3","global",0.144719096989716,170,TRUE
"AGCGGTCGTGCAACTT-b01","Monocle3","global",13.1678549568499,640,TRUE
"AGCGTATGTAGCGTCC-b01","Monocle3","global",14.6077986893221,550,TRUE
"AGCGTCGTCTGGTTCC-b01","Monocle3","global",6.60011539517732,390,TRUE
"AGCTCCTCACATGACT-b01","Monocle3","global",0.977110899928083,220,TRUE
"AGCTCCTGTGTTCGAT-b01","Monocle3","global",10.2804828212081,410,TRUE
"AGCTCTCCAGCGATCC-b01","Monocle3","global",1.7424780287996,370,TRUE
"AGCTTGAGTTGCGTTA-b01","Monocle3","global",7.83749740050508,380,TRUE
"AGGCCACAGCTTTGGT-b01","Monocle3","global",8.2095840180154,410,TRUE
"AGGCCACAGTTAAGTG-b01","Monocle3","global",8.22766174531426,375,TRUE
"AGGCCACCATTGGCGC-b01","Monocle3","global",14.8774559458629,640,TRUE
"AGGCCGTAGAGCTGGT-b01","Monocle3","global",8.29288658599178,390,TRUE
"AGGCCGTAGAGCTTCT-b01","Monocle3","global",9.84927937183118,465,TRUE
"AGGCCGTCAAAGTCAA-b01","Monocle3","global",17.2263911782481,750,TRUE
"AGGCCGTTCGGCGCAT-b01","Monocle3","global",12.1302493701033,635,TRUE
"AGGGAGTTCCGATATG-b01","Monocle3","global",18.30415442369,450,TRUE
"AGGGAGTTCCTCGCAT-b01","Monocle3","global",12.9831605603999,550,TRUE
"AGGGATGCATGCCACG-b01","Monocle3","global",6.57446461494874,360,TRUE
"AGGTCATCACTGTCGG-b01","Monocle3","global",14.877456191909,630,TRUE
"AGGTCCGAGAGTACCG-b01","Monocle3","global",5.44994038317228,245,TRUE
"AGGTCCGTCATTGCCC-b01","Monocle3","global",3.46324073658355,330,TRUE
"AGTCTTTAGAACAATC-b01","Monocle3","global",6.57070646022618,185,TRUE
"AGTCTTTAGATCCCAT-b01","Monocle3","global",11.1901870586813,410,TRUE
"AGTGGGAGTACCGTAT-b01","Monocle3","global",5.54851401370564,325,TRUE
"AGTGGGAGTGTCGCTG-b01","Monocle3","global",9.67005912373061,500,TRUE
"AGTGGGAGTTCGAATC-b01","Monocle3","global",12.7232685480149,530,TRUE
"AGTGTCAGTTCTGGTA-b01","Monocle3","global",9.06609227677692,470,TRUE
"AGTTGGTTCAACACGT-b01","Monocle3","global",1.27741763741215,450,TRUE
"AGTTGGTTCTGCTGCT-b01","Monocle3","global",4.94445420350398,300,TRUE
"ATAACGCCAATGTTGC-b01","Monocle3","global",5.31967522809441,325,TRUE
"ATAAGAGAGCTACCTA-b01","Monocle3","global",2.1667303145215,450,TRUE
"ATAAGAGGTAAGTTCC-b01","Monocle3","global",12.1302496161494,640,TRUE
"ATAGACCAGAAGATTC-b01","Monocle3","global",14.6693406362014,700,TRUE
"ATAGACCCAGCTCGAC-b01","Monocle3","global",1.27577948917346,390,TRUE
"ATCACGAGTACAGTTC-b01","Monocle3","global",2.63982828825959,170,TRUE
"ATCACGAGTAGCCTCG-b01","Monocle3","global",4.21792656262072,230,TRUE
"ATCACGATCCGAATGT-b01","Monocle3","global",3.45168131014853,215,TRUE
"ATCATCTCAAGAAGAG-b01","Monocle3","global",6.82002415489416,385,TRUE
"ATCTGCCCAATAGAGT-b01","Monocle3","global",5.52083445646398,350,TRUE
"ATGAGGGAGGCAGTCA-b01","Monocle3","global",0.316777836473379,170,TRUE
"ATGAGGGGTATCACCA-b01","Monocle3","global",0.316778082519523,170,TRUE
"ATGAGGGTCGGCGGTT-b01","Monocle3","global",14.118583043943,700,TRUE
"ATGAGGGTCTGCTTGC-b01","Monocle3","global",0.458110952745609,185,TRUE
"ATGCGATAGTTCGATC-b01","Monocle3","global",10.719717151009,405,TRUE
"ATGCGATCACCAGGCT-b01","Monocle3","global",4.0309673212497,245,TRUE
"ATGGGAGGTCTGATCA-b01","Monocle3","global",14.1057112302468,700,TRUE
"ATTACTCGTGACCAAG-b01","Monocle3","global",14.4244753366568,640,TRUE
"ATTACTCGTTGGAGGT-b01","Monocle3","global",9.53361898461963,470,TRUE
"ATTATCCGTAGCGTCC-b01","Monocle3","global",3.80295490985548,370,TRUE
"ATTATCCTCAGGCAAG-b01","Monocle3","global",0.968607661410854,750,TRUE
"ATTGGTGTCCGAGCCA-b01","Monocle3","global",10.4613946201498,360,TRUE
"ATTTCTGAGAATTCCC-b01","Monocle3","global",0.683707387528169,170,TRUE
"CAACCAAAGGACGAAA-b01","Monocle3","global",5.36231833641348,260,TRUE
"CAACCTCAGCCCAGCT-b01","Monocle3","global",4.97800967071316,320,TRUE
"CAACCTCAGGAGTCTG-b01","Monocle3","global",11.9177360752507,390,TRUE
"CAACCTCGTGCTAGCC-b01","Monocle3","global",5.16657656740232,290,TRUE
"CAACCTCTCACGATGT-b01","Monocle3","global",12.1302498621956,585,TRUE
"CAACTAGCACGAAGCA-b01","Monocle3","global",1.93467171760382,200,TRUE
"CAACTAGGTACCATCA-b01","Monocle3","global",0.483944256455216,180,TRUE
"CAAGAAACATGCCTAA-b01","Monocle3","global",7.77782903232371,395,TRUE
"CAAGAAAGTATGGTTC-b01","Monocle3","global",3.12828433011861,260,TRUE
"CAAGAAATCACGATGT-b01","Monocle3","global",5.9802964295696,225,TRUE
"CAAGATCAGAGGTACC-b01","Monocle3","global",0.267850523993931,200,TRUE
"CAAGGCCGTCTGATCA-b01","Monocle3","global",9.06558974009682,450,TRUE
"CAAGGCCGTTCTGAAC-b01","Monocle3","global",7.1864594383716,385,TRUE
"CAAGTTGCATTTCAGG-b01","Monocle3","global",9.10551763794233,490,TRUE
"CACACAATCCAATGGT-b01","Monocle3","global",7.4727844882541,340,TRUE
"CACACAATCGTTGCCT-b01","Monocle3","global",11.5833901066642,620,TRUE
"CACACCTCAGAGCCAA-b01","Monocle3","global",20.0192214707623,700,TRUE
"CACACTCCACGGTGTC-b01","Monocle3","global",14.0251453180156,670,TRUE
"CACAGGCGTGAGGGTT-b01","Monocle3","global",13.2585318316837,630,TRUE
"CACAGGCTCATGTCCC-b01","Monocle3","global",14.8025461350003,750,TRUE
"CACAGTAAGAAGGTGA-b01","Monocle3","global",9.08806739081705,470,TRUE
"CACAGTAGTTTAAGCC-b01","Monocle3","global",5.0986145988094,275,TRUE
"CACATAGAGGATCGCA-b01","Monocle3","global",13.8381993889323,670,TRUE
"CACATAGCACTGTCGG-b01","Monocle3","global",11.4379657117526,490,TRUE
"CACATAGTCTTGTACT-b01","Monocle3","global",8.82759767688122,450,TRUE
"CACATTTAGACGACGT-b01","Monocle3","global",6.33327135658932,245,TRUE
"CACCACTCACAGTCGC-b01","Monocle3","global",2.43863071957331,190,TRUE
"CACCACTCAGCTTAAC-b01","Monocle3","global",6.14990328422317,490,TRUE
"CACCACTTCTTGAGGT-b01","Monocle3","global",13.64205219165,420,TRUE
"CACCAGGGTAAACCTC-b01","Monocle3","global",19.5948300767464,640,TRUE
"CACCAGGGTCAAAGAT-b01","Monocle3","global",3.45963125232299,415,TRUE
"CACTCCACAGATCTGT-b01","Monocle3","global",19.0456718710851,550,TRUE
"CAGAATCAGCGATAGC-b01","Monocle3","global",5.80785858339669,335,TRUE
"CAGAGAGTCCTTCAAT-b01","Monocle3","global",8.31372004774949,395,TRUE
"CAGATCAGTGGAAAGA-b01","Monocle3","global",1.46956543911551,175,TRUE
"CAGCAGCAGAGGGATA-b01","Monocle3","global",3.3848887844789,215,TRUE
"CAGCAGCTCCATGAGT-b01","Monocle3","global",4.25107125517048,260,TRUE
"CAGCATAGTCTCTTTA-b01","Monocle3","global",6.12143025259558,345,TRUE
"CAGCGACAGACACTAA-b01","Monocle3","global",2.66280566768929,180,TRUE
"CAGCGACGTCGTCTTC-b01","Monocle3","global",8.29942047549356,410,TRUE
"CAGCGACTCATTCACT-b01","Monocle3","global",8.58331910274949,435,TRUE
"CAGCTAAGTTGGTGGA-b01","Monocle3","global",4.55187508587192,300,TRUE
"CAGCTGGCACCTCGTT-b01","Monocle3","global",0.920636855605825,175,TRUE
"CAGTAACCAGTATGCT-b01","Monocle3","global",4.55187533191807,225,TRUE
"CAGTAACTCACCCTCA-b01","Monocle3","global",9.31971163055727,405,TRUE
"CATATGGAGGTAAACT-b01","Monocle3","global",6.17153931264318,330,TRUE
"CATATGGAGTAACCCT-b01","Monocle3","global",0.141493534265015,165,TRUE
"CATATTCGTATCACCA-b01","Monocle3","global",9.96453376996046,550,TRUE
"CATATTCGTCCAAGTT-b01","Monocle3","global",6.20640718707299,370,TRUE
"CATCAAGGTAGCTAAA-b01","Monocle3","global",13.0412581281028,620,TRUE
"CATCCACCAGCCACCA-b01","Monocle3","global",12.3881972233384,550,TRUE
"CATCCACGTCTAGGTT-b01","Monocle3","global",14.213794654679,550,TRUE
"CATCGAAAGGGTTCCC-b01","Monocle3","global",16.3529305789986,700,TRUE
"CATCGAAGTCCAAGTT-b01","Monocle3","global",20.5110428798793,700,TRUE
"CATCGAATCATGTCCC-b01","Monocle3","global",1.63811094302048,325,TRUE
"CATCGGGGTATGAATG-b01","Monocle3","global",1.77802222085562,490,TRUE
"CATGACAAGTTAACGA-b01","Monocle3","global",3.78641796830102,550,TRUE
"CATGACAGTAAGTGTA-b01","Monocle3","global",0.683707633574313,170,TRUE
"CATGCCTCACAGTCGC-b01","Monocle3","global",10.2596746147669,620,TRUE
"CATGGCGAGAATTGTG-b01","Monocle3","global",3.81293274813551,260,TRUE
"CATTATCCACGTCTCT-b01","Monocle3","global",14.5831009077455,700,TRUE
"CATTATCTCCGCGGTA-b01","Monocle3","global",20.4493632877669,700,TRUE
"CCAATCCTCCAGAAGG-b01","Monocle3","global",0.683707879620457,170,TRUE
"CCACCTAAGCTCTCGG-b01","Monocle3","global",11.9316901918101,510,TRUE
"CCACCTAAGTGAAGAG-b01","Monocle3","global",7.28979658994299,300,TRUE
"CCACCTACAGGTGCCT-b01","Monocle3","global",6.56674630669984,160,TRUE
"CCACCTATCAGCTGGC-b01","Monocle3","global",1.03584074923636,170,TRUE
"CCACCTATCCTGTACC-b01","Monocle3","global",6.9561719313481,595,TRUE
"CCAGCGAAGGAATGGA-b01","Monocle3","global",11.3757825716965,700,TRUE
"CCAGCGACATGTCGAT-b01","Monocle3","global",12.4524812077786,620,TRUE
"CCATGTCAGCAAATCA-b01","Monocle3","global",8.27727234585223,360,TRUE
"CCATGTCTCACTTATC-b01","Monocle3","global",9.89339233400929,165,TRUE
"CCCAATCAGCGTGTCC-b01","Monocle3","global",6.02110814405771,215,TRUE
"CCCAGTTCACCCATGG-b01","Monocle3","global",10.8536816822881,420,TRUE
"CCCATACCACCAGCAC-b01","Monocle3","global",4.86155467271157,335,TRUE
"CCCATACCACGGCCAT-b01","Monocle3","global",8.62532326716707,415,TRUE
"CCCATACGTTACGTCA-b01","Monocle3","global",5.16941323172684,340,TRUE
"CCCTCCTCAATCAGAA-b01","Monocle3","global",0.316778328565667,165,TRUE
"CCGGGATGTAGCACGA-b01","Monocle3","global",4.91202599366782,240,TRUE
"CCGTTCATCATCTGCC-b01","Monocle3","global",6.1063432859753,380,TRUE
"CCGTTCATCTACTTAC-b01","Monocle3","global",13.3577620619349,640,TRUE
"CCTAAAGAGGACGAAA-b01","Monocle3","global",0.683708125666601,170,TRUE
"CCTACACCACGGATAG-b01","Monocle3","global",4.7976195316435,345,TRUE
"CCTACCAAGTGCGATG-b01","Monocle3","global",3.78162594232596,320,TRUE
"CCTACCATCCAAACTG-b01","Monocle3","global",13.5541798823763,640,TRUE
"CCTAGCTTCGGCATCG-b01","Monocle3","global",11.259382876057,750,TRUE
"CCTATTAGTTGGTAAA-b01","Monocle3","global",10.4756359745858,640,TRUE
"CCTCTGAAGCGATATA-b01","Monocle3","global",13.5753355890029,700,TRUE
"CCTTCCCAGTGCGATG-b01","Monocle3","global",13.097982048088,620,TRUE
"CCTTCCCTCATCGCTC-b01","Monocle3","global",0.477326542149462,170,TRUE
"CCTTCGAGTCGCGGTT-b01","Monocle3","global",8.36655945426172,350,TRUE
"CCTTTCTGTGACGGTA-b01","Monocle3","global",11.1016741942527,450,TRUE
"CGAACATCAGACAAAT-b01","Monocle3","global",0.501262635747237,200,TRUE
"CGAACATTCGCACTCT-b01","Monocle3","global",4.93435513924989,300,TRUE
"CGACCTTTCATGTCTT-b01","Monocle3","global",0.896472845337655,160,TRUE
"CGACTTCCAGCTCGAC-b01","Monocle3","global",7.52713609954244,395,TRUE
"CGACTTCCAGGACCCT-b01","Monocle3","global",9.00005201079756,450,TRUE
"CGAGAAGCAAATTGCC-b01","Monocle3","global",0.30357031767515,175,TRUE
"CGAGCACCATTAGCCA-b01","Monocle3","global",1.05940389211431,185,TRUE
"CGAGCACGTTCTGAAC-b01","Monocle3","global",14.8340398594874,760,TRUE
"CGATCGGGTCAGAAGC-b01","Monocle3","global",10.004395406348,385,TRUE
"CGATGGCGTTCGCGAC-b01","Monocle3","global",2.72651496064295,230,TRUE
"CGATGTAGTATATCCG-b01","Monocle3","global",11.263046310429,755,TRUE
"CGATGTATCCGTCATC-b01","Monocle3","global",3.4219368350699,700,TRUE
"CGATTGAGTGGAAAGA-b01","Monocle3","global",6.76571061475822,350,TRUE
"CGATTGATCCTGTACC-b01","Monocle3","global",4.20889639975172,325,TRUE
"CGCGGTACACCTATCC-b01","Monocle3","global",14.8240088381424,755,TRUE
"CGCGGTACAGGATTGG-b01","Monocle3","global",5.23565929056055,310,TRUE
"CGCGTTTAGGAACTGC-b01","Monocle3","global",10.0425348799398,380,TRUE
"CGCGTTTCATGGGACA-b01","Monocle3","global",10.1779134398329,380,TRUE
"CGCGTTTTCGTGGACC-b01","Monocle3","global",14.2440510052396,700,TRUE
"CGCTATCAGAGGTACC-b01","Monocle3","global",1.94165164266364,185,TRUE
"CGCTATCCAATTCCTT-b01","Monocle3","global",0.683708371712745,160,TRUE
"CGCTATCTCATGTAGC-b01","Monocle3","global",8.27235714391312,360,TRUE
"CGCTGGAAGTGTTTGC-b01","Monocle3","global",11.6690314557741,450,TRUE
"CGCTGGACAATGGAGC-b01","Monocle3","global",16.9112671407327,640,TRUE
"CGGACACAGTATCTCG-b01","Monocle3","global",6.39395215741548,640,TRUE
"CGGACACCACATTCGA-b01","Monocle3","global",18.8639106161033,550,TRUE
"CGGACTGGTGGTACAG-b01","Monocle3","global",4.93076055714472,350,TRUE
"CGGAGCTGTCCATGAT-b01","Monocle3","global",0.186571408686693,170,TRUE
"CGGAGTCCACGGATAG-b01","Monocle3","global",0.532153052626955,160,TRUE
"CGGAGTCCATGGTCAT-b01","Monocle3","global",10.0031472050543,550,TRUE
"CGGAGTCCATGGTCTA-b01","Monocle3","global",6.40889827670004,345,TRUE
"CGGAGTCGTTCCATGA-b01","Monocle3","global",1.13129460881342,375,TRUE
"CGGCTAGAGGGCTTGA-b01","Monocle3","global",4.03096756729585,245,TRUE
"CGGGTCACAAGCTGGA-b01","Monocle3","global",6.46784531081381,250,TRUE
"CGGGTCAGTTGGTGGA-b01","Monocle3","global",6.0423358069194,360,TRUE
"CGGTTAATCGCCGTGA-b01","Monocle3","global",11.3454067125969,370,TRUE
"CGTAGCGCACGGACAA-b01","Monocle3","global",7.47250975698569,290,TRUE
"CGTAGCGGTCGAACAG-b01","Monocle3","global",5.35217688951608,300,TRUE
"CGTCACTCAAACCCAT-b01","Monocle3","global",4.68485274786489,465,TRUE
"CGTCACTCAGGTCCAC-b01","Monocle3","global",12.9566043430155,550,TRUE
"CGTCACTTCTTACCGC-b01","Monocle3","global",10.1572345843344,410,TRUE
"CGTCAGGCACGGACAA-b01","Monocle3","global",10.1885591799383,405,TRUE
"CGTCAGGTCCCAACGG-b01","Monocle3","global",12.0812824757811,490,TRUE
"CGTCTACTCTAACCGA-b01","Monocle3","global",0.316778574611811,700,TRUE
"CGTGAGCCAAAGGCGT-b01","Monocle3","global",2.03271286640529,390,TRUE
"CGTGAGCCAATCACAC-b01","Monocle3","global",12.6420066431009,585,TRUE
"CGTGAGCTCGAGAACG-b01","Monocle3","global",11.0150097945132,700,TRUE
"CGTGAGCTCTTGTCAT-b01","Monocle3","global",0.683708617758889,170,TRUE
"CGTGTAATCAACGGGA-b01","Monocle3","global",12.7243549278465,620,TRUE
"CGTGTCTAGGTCGGAT-b01","Monocle3","global",5.56624472030848,260,TRUE
"CGTTAGAAGTACGATA-b01","Monocle3","global",11.0519965020757,450,TRUE
"CGTTAGACATCATCCC-b01","Monocle3","global",4.75409479634793,295,TRUE
"CGTTCTGCATAACCTG-b01","Monocle3","global",12.2744360242902,670,TRUE
"CGTTGGGGTCAATGTC-b01","Monocle3","global",10.7349314754566,415,TRUE
"CTAACTTAGTGAAGAG-b01","Monocle3","global",19.9287980266454,640,TRUE
"CTAAGACTCCGCGTTT-b01","Monocle3","global",10.0149382357754,350,TRUE
"CTAATGGCAGATCTGT-b01","Monocle3","global",0.683708863805033,170,TRUE
"CTACACCAGCGATATA-b01","Monocle3","global",0.316778820657955,160,TRUE
"CTACACCGTACATGTC-b01","Monocle3","global",4.88241734927199,300,TRUE
"CTACATTCAAGCTGTT-b01","Monocle3","global",6.94083503565966,280,TRUE
"CTACATTGTGTGCCTG-b01","Monocle3","global",6.76571086080437,635,TRUE
"CTACCCACATGTTGAC-b01","Monocle3","global",8.83647016839571,450,TRUE
"CTACCCATCTTATCTG-b01","Monocle3","global",11.0701189951169,425,TRUE
"CTACGTCTCAAGGTAA-b01","Monocle3","global",11.9210351433902,430,TRUE
"CTACGTCTCCCGGATG-b01","Monocle3","global",10.1806101452489,405,TRUE
"CTAGCCTAGGTCATCT-b01","Monocle3","global",14.234514367789,625,TRUE
"CTAGCCTCATAACCTG-b01","Monocle3","global",0.186571654732837,170,TRUE
"CTAGCCTGTAGGGACT-b01","Monocle3","global",11.7723955746491,490,TRUE
"CTAGTGAGTCCGCTGA-b01","Monocle3","global",4.03096781334199,260,TRUE
"CTCAGAACATTCACTT-b01","Monocle3","global",0.683709109851177,165,TRUE
"CTCAGAAGTGAACCTT-b01","Monocle3","global",12.478258940426,550,TRUE
"CTCATTAAGGTGTGGT-b01","Monocle3","global",0.0412726389631628,160,TRUE
"CTCATTACAAGCGTAG-b01","Monocle3","global",1.69949497423477,160,TRUE
"CTCATTAGTGAGCGAT-b01","Monocle3","global",11.7289539902702,640,TRUE
"CTCGAGGCAAGCGTAG-b01","Monocle3","global",0.463927994651547,415,TRUE
"CTCGAGGTCACCTCGT-b01","Monocle3","global",13.8549576172436,640,TRUE
"CTCGGAGAGCTCAACT-b01","Monocle3","global",7.89324375544326,400,TRUE
"CTCGGAGTCACTCCTG-b01","Monocle3","global",7.30460350744664,380,TRUE
"CTCGGGACACGTCAGC-b01","Monocle3","global",13.814421442249,700,TRUE
"CTCGGGATCCCAAGTA-b01","Monocle3","global",0.0344326519297698,170,TRUE
"CTCGTACCATGCCACG-b01","Monocle3","global",5.72941206640757,320,TRUE
"CTCGTCACAGCGATCC-b01","Monocle3","global",11.1421712619071,470,TRUE
"CTCGTCACAGCTTCGG-b01","Monocle3","global",12.2377193313921,700,TRUE
"CTCTACGCAAGAAAGG-b01","Monocle3","global",4.91542426590112,260,TRUE
"CTCTGGTAGTTCGCAT-b01","Monocle3","global",0.316779066704099,170,TRUE
"CTCTGGTTCTCAACTT-b01","Monocle3","global",0.667261791327762,190,TRUE
"CTGAAGTTCGGTTAAC-b01","Monocle3","global",5.42771773210672,320,TRUE
"CTGATAGCAAAGGCGT-b01","Monocle3","global",12.3886850238835,670,TRUE
"CTGCCTACACTGTTAG-b01","Monocle3","global",8.27727259189837,350,TRUE
"CTGCCTAGTCCGCTGA-b01","Monocle3","global",5.73677122407085,295,TRUE
"CTGCTGTCAGGCTCAC-b01","Monocle3","global",10.7138628165696,415,TRUE
"CTGCTGTGTAAACGCG-b01","Monocle3","global",4.88764589440817,310,TRUE
"CTGCTGTTCTGATTCT-b01","Monocle3","global",11.1366167123187,450,TRUE
"CTGTGCTAGACTTTCG-b01","Monocle3","global",0.683709355897322,170,TRUE
"CTGTGCTAGCGGCTTC-b01","Monocle3","global",13.012167820285,585,TRUE
"CTGTGCTCACGAAATA-b01","Monocle3","global",0.437780734361968,175,TRUE
"CTGTTTAGTAATAGCA-b01","Monocle3","global",5.52678419271706,300,TRUE
"CTTAACTAGTACACCT-b01","Monocle3","global",1.20317158548625,185,TRUE
"CTTAACTAGTGCGATG-b01","Monocle3","global",0.700103711759951,175,TRUE
"CTTACCGCAGATGGGT-b01","Monocle3","global",0.428863891785163,170,TRUE
"CTTACCGGTTCGAATC-b01","Monocle3","global",9.43537299848552,470,TRUE
"CTTAGGACACGCCAGT-b01","Monocle3","global",18.4814312207747,490,TRUE
"CTTAGGACATGTAGTC-b01","Monocle3","global",14.7735826809215,760,TRUE
"CTTAGGATCTGGCGAC-b01","Monocle3","global",0.387791841687942,180,TRUE
"CTTCTCTCATCCGCGA-b01","Monocle3","global",4.88764614045432,350,TRUE
"CTTCTCTGTAGAGCTG-b01","Monocle3","global",13.3854269100619,640,TRUE
"CTTCTCTTCCGTCAAA-b01","Monocle3","global",12.7644812261406,620,TRUE
"CTTGGCTTCATTCACT-b01","Monocle3","global",8.2262283561667,420,TRUE
"CTTTGCGAGAAGGGTA-b01","Monocle3","global",0.683709601943466,185,TRUE
"CTTTGCGTCACGACTA-b01","Monocle3","global",13.9485239108693,700,TRUE
"CTTTGCGTCATAACCG-b01","Monocle3","global",13.0802777643543,490,TRUE
"GAAACTCAGACCTAGG-b01","Monocle3","global",11.7497012406492,520,TRUE
"GAAATGAAGGCCCTCA-b01","Monocle3","global",3.51813222505702,270,TRUE
"GAACATCAGAGCTTCT-b01","Monocle3","global",5.86419949697645,390,TRUE
"GAACATCGTCTAACGT-b01","Monocle3","global",12.7069657498449,585,TRUE
"GAACCTATCCCTGACT-b01","Monocle3","global",0.364121433974522,160,TRUE
"GAACCTATCGCATGAT-b01","Monocle3","global",5.21915679740476,300,TRUE
"GAACCTATCGGATGGA-b01","Monocle3","global",14.761862647041,755,TRUE
"GAAGCAGCAGATTGCT-b01","Monocle3","global",0.316779312750243,700,TRUE
"GAAGCAGGTTTGGGCC-b01","Monocle3","global",10.1983868885963,400,TRUE
"GAATAAGAGAGGTAGA-b01","Monocle3","global",5.79326650059958,260,TRUE
"GAATGAACAAATTGCC-b01","Monocle3","global",14.0614420024781,700,TRUE
"GACACGCTCATACGGT-b01","Monocle3","global",10.1963094687502,630,TRUE
"GACAGAGCAAGCGTAG-b01","Monocle3","global",11.0214759984379,700,TRUE
"GACAGAGCACGAAACG-b01","Monocle3","global",5.85951569915419,345,TRUE
"GACAGAGGTTCGAATC-b01","Monocle3","global",8.49802840761647,490,TRUE
"GACAGAGTCGTCTGCT-b01","Monocle3","global",0.67868167960201,180,TRUE
"GACCAATAGAGTACCG-b01","Monocle3","global",13.4647960008669,620,TRUE
"GACCAATTCACTGGGC-b01","Monocle3","global",12.1302501082417,635,TRUE
"GACGTGCGTCCAGTTA-b01","Monocle3","global",12.3521376437076,550,TRUE
"GACGTTACAAATCCGT-b01","Monocle3","global",4.18113795880925,220,TRUE
"GACGTTACAGACAAGC-b01","Monocle3","global",3.36196378485728,370,TRUE
"GACTACAGTGGTCTCG-b01","Monocle3","global",0.247767231192913,170,TRUE
"GACTACATCACGCGGT-b01","Monocle3","global",7.49786721756167,335,TRUE
"GACTACATCAGCGATT-b01","Monocle3","global",6.52320703056552,335,TRUE
"GACTACATCTCCTATA-b01","Monocle3","global",10.5556791111369,410,TRUE
"GACTGCGAGATCCCAT-b01","Monocle3","global",4.99881217102108,260,TRUE
"GACTGCGAGGGCTTCC-b01","Monocle3","global",14.1239974396165,550,TRUE
"GACTGCGAGTTAGGTA-b01","Monocle3","global",7.36898544465454,350,TRUE
"GACTGCGGTCGCTTCT-b01","Monocle3","global",9.3815780251643,490,TRUE
"GAGCAGAAGCTACCTA-b01","Monocle3","global",2.57515999696417,290,TRUE
"GAGCAGAAGGAGCGTT-b01","Monocle3","global",8.26841362360446,380,TRUE
"GAGGTGAAGATGTTAG-b01","Monocle3","global",10.4341910696976,380,TRUE
"GAGGTGATCGTAGGTT-b01","Monocle3","global",13.07444626264,500,TRUE
"GATCAGTAGATCCCGC-b01","Monocle3","global",7.51327280627109,370,TRUE
"GATCAGTGTGACTCAT-b01","Monocle3","global",12.9640009571176,490,TRUE
"GATCGATCAATCAGAA-b01","Monocle3","global",12.1302503542878,630,TRUE
"GATCGTACAACTTGAC-b01","Monocle3","global",4.03096805938813,490,TRUE
"GATCTAGCACCGAATT-b01","Monocle3","global",5.79465393023709,380,TRUE
"GATGAGGAGACAGACC-b01","Monocle3","global",3.21929026896834,320,TRUE
"GATGAGGTCTACCAGA-b01","Monocle3","global",1.13521476316132,170,TRUE
"GATGCTAGTCGGCATC-b01","Monocle3","global",0.68370984798961,175,TRUE
"GATTCAGCACGAGGTA-b01","Monocle3","global",0.683710094035754,170,TRUE
"GCAAACTAGTAGCCGA-b01","Monocle3","global",12.9455858965895,500,TRUE
"GCAAACTGTGGAAAGA-b01","Monocle3","global",11.0663859610663,450,TRUE
"GCAAACTGTTGTACAC-b01","Monocle3","global",11.2593831221032,750,TRUE
"GCAATCATCCCTCAGT-b01","Monocle3","global",5.7105299615009,450,TRUE
"GCACATAAGCCCAATT-b01","Monocle3","global",8.2504611828246,420,TRUE
"GCACATACACCAGTTA-b01","Monocle3","global",13.8518525258013,700,TRUE
"GCACTCTTCCCGGATG-b01","Monocle3","global",7.19075284860132,325,TRUE
"GCAGCCAAGAAGGACA-b01","Monocle3","global",13.907946901717,670,TRUE
"GCAGCCAGTTCCGTCT-b01","Monocle3","global",12.130250600334,620,TRUE
"GCAGCCATCAGCGATT-b01","Monocle3","global",12.5486706176133,585,TRUE
"GCAGTTACAAGAGGCT-b01","Monocle3","global",6.20640743311914,360,TRUE
"GCAGTTACATGAGCGA-b01","Monocle3","global",6.42921191793663,310,TRUE
"GCATACAAGGTAAACT-b01","Monocle3","global",5.38301856678132,640,TRUE
"GCATGATAGTTGTAGA-b01","Monocle3","global",8.27727283794451,360,TRUE
"GCATGATGTTTGACTG-b01","Monocle3","global",4.53715056803042,245,TRUE
"GCATGTACACCCATGG-b01","Monocle3","global",9.03259422698793,450,TRUE
"GCCAAATCATGGATGG-b01","Monocle3","global",1.77802246690177,310,TRUE
"GCCTCTAAGCGTAATA-b01","Monocle3","global",12.3837515091564,550,TRUE
"GCCTCTACATGGTAGG-b01","Monocle3","global",10.5978001735711,450,TRUE
"GCGACCAGTAGCTTGT-b01","Monocle3","global",1.78820802201325,165,TRUE
"GCGAGAACAAGCCGCT-b01","Monocle3","global",12.1302508463801,620,TRUE
"GCGAGAACACCAGATT-b01","Monocle3","global",10.1977102173758,410,TRUE
"GCGAGAATCTGTTTGT-b01","Monocle3","global",1.97935177980896,190,TRUE
"GCGCAGTTCCGCTGTT-b01","Monocle3","global",13.0708029736321,550,TRUE
"GCTCCTAAGCCGGTAA-b01","Monocle3","global",3.57070522587466,180,TRUE
"GCTCCTATCTCCTATA-b01","Monocle3","global",14.4012538399076,620,TRUE
"GCTCTGTTCCAACCAA-b01","Monocle3","global",11.2938189570763,450,TRUE
"GCTGCAGCAGCGATCC-b01","Monocle3","global",3.01291262851803,190,TRUE
"GCTGCGACACGGCCAT-b01","Monocle3","global",12.1302510924263,620,TRUE
"GCTGCTTTCACTATTC-b01","Monocle3","global",14.6821572538355,750,TRUE
"GCTGGGTAGGTGACCA-b01","Monocle3","global",10.0770750924017,430,TRUE
"GCTTCCAAGGGATACC-b01","Monocle3","global",10.6774447266962,450,TRUE
"GCTTGAAAGTCTCCTC-b01","Monocle3","global",7.44133735584481,380,TRUE
"GCTTGAACACGGACAA-b01","Monocle3","global",6.1074556273692,260,TRUE
"GCTTGAACACTTAAGC-b01","Monocle3","global",5.03523516148775,325,TRUE
"GCTTGAAGTAATCACC-b01","Monocle3","global",14.8774564379552,530,TRUE
"GCTTGAAGTTCGGGCT-b01","Monocle3","global",8.9192768246765,420,TRUE
"GGAAAGCGTCATGCCG-b01","Monocle3","global",1.76484069133277,750,TRUE
"GGAAAGCTCATAAAGG-b01","Monocle3","global",5.98029667561575,240,TRUE
"GGAACTTAGAAGCCCA-b01","Monocle3","global",11.1265025811308,420,TRUE
"GGAACTTAGATGGGTC-b01","Monocle3","global",1.24431080180637,200,TRUE
"GGAACTTAGGTAGCTG-b01","Monocle3","global",5.9265533622024,390,TRUE
"GGAATAACATGAGCGA-b01","Monocle3","global",7.2598435998201,350,TRUE
"GGAATAATCTTAGCCC-b01","Monocle3","global",12.3353883306594,550,TRUE
"GGACAAGTCCCTCTTT-b01","Monocle3","global",5.98617336165232,350,TRUE
"GGACATTAGCGGATCA-b01","Monocle3","global",12.6091515397853,620,TRUE
"GGACATTTCGATGAGG-b01","Monocle3","global",6.23066887990951,345,TRUE
"GGACGTCAGTCCTCCT-b01","Monocle3","global",13.1932446847487,640,TRUE
"GGACGTCTCATGTCTT-b01","Monocle3","global",8.38396753694575,390,TRUE
"GGACGTCTCCACGTTC-b01","Monocle3","global",0.444185444090727,170,TRUE
"GGAGCAAGTACCGAGA-b01","Monocle3","global",11.0426176736322,440,TRUE
"GGCAATTCAATAGAGT-b01","Monocle3","global",1.77802271294791,220,TRUE
"GGCCGATCAGGGCATA-b01","Monocle3","global",8.27727308399066,320,TRUE
"GGCGACTTCCCTCTTT-b01","Monocle3","global",8.81597120650675,410,TRUE
"GGCGACTTCTATCCTA-b01","Monocle3","global",12.3433699100249,550,TRUE
"GGCGACTTCTTGCCGT-b01","Monocle3","global",12.9622255682702,500,TRUE
"GGCGTGTGTCAGATAA-b01","Monocle3","global",12.7367552054351,620,TRUE
"GGCGTGTTCAAAGTAG-b01","Monocle3","global",6.85048170254887,420,TRUE
"GGCTCGATCATCATTC-b01","Monocle3","global",12.5178896594288,530,TRUE
"GGCTCGATCGAACGGA-b01","Monocle3","global",18.3755957595455,425,TRUE
"GGCTCGATCTTCGAGA-b01","Monocle3","global",14.8240090841886,750,TRUE
"GGGAATGAGCTGCGAA-b01","Monocle3","global",9.02342483108287,470,TRUE
"GGGACCTGTACAAGTA-b01","Monocle3","global",4.03096830543428,230,TRUE
"GGGACCTTCATGTAGC-b01","Monocle3","global",4.66798366013138,320,TRUE
"GGGAGATGTTATCCGA-b01","Monocle3","global",0.683710340081898,165,TRUE
"GGGATGAGTTCGAATC-b01","Monocle3","global",5.46190027568263,290,TRUE
"GGGATGATCTACTTAC-b01","Monocle3","global",17.1816674371105,725,TRUE
"GGGCACTTCAGCTTAG-b01","Monocle3","global",12.3247943943879,500,TRUE
"GGGCATCGTTGTCTTT-b01","Monocle3","global",1.30705537075939,185,TRUE
"GGGCATCTCTGTGCAA-b01","Monocle3","global",14.1190753279725,640,TRUE
"GGTGAAGCACCCATGG-b01","Monocle3","global",5.79199578458712,260,TRUE
"GGTGCGTTCCATGCTC-b01","Monocle3","global",0.316779558796388,160,TRUE
"GGTGTTACATAGGATA-b01","Monocle3","global",8.05452246945803,435,TRUE
"GTAACGTAGCAGCCTC-b01","Monocle3","global",1.74247827484574,165,TRUE
"GTAACGTGTATCTGCA-b01","Monocle3","global",7.71598732668116,375,TRUE
"GTAACTGGTCCAGTGC-b01","Monocle3","global",0.316779804842532,165,TRUE
"GTACGTACAAGTACCT-b01","Monocle3","global",0.683710586128042,185,TRUE
"GTACTTTAGGCTATCT-b01","Monocle3","global",13.087441296739,510,TRUE
"GTAGGCCGTCTAGCCG-b01","Monocle3","global",12.3518551424122,550,TRUE
"GTAGTCAAGAATGTGT-b01","Monocle3","global",11.6557814429303,550,TRUE
"GTAGTCACATTTCAGG-b01","Monocle3","global",6.48956998643663e-05,170,TRUE
"GTAGTCATCTGAGGGA-b01","Monocle3","global",11.8314205480046,470,TRUE
"GTATCTTAGGGAAACA-b01","Monocle3","global",10.0092001432129,380,TRUE
"GTATCTTGTGAAAGAG-b01","Monocle3","global",8.15347711440208,400,TRUE
"GTATTCTTCCAGGGCT-b01","Monocle3","global",11.6497422698719,620,TRUE
"GTATTCTTCGGCGCTA-b01","Monocle3","global",13.4576616278923,640,TRUE
"GTCAAGTTCTTGAGAC-b01","Monocle3","global",12.7120432300264,620,TRUE
"GTCACAAAGCACACAG-b01","Monocle3","global",0.683710832174186,170,TRUE
"GTCACAATCGCGTTTC-b01","Monocle3","global",1.06190759952063,190,TRUE
"GTCACGGGTAGCGATG-b01","Monocle3","global",11.964112770811,520,TRUE
"GTCATTTGTACCGTTA-b01","Monocle3","global",0.0251952027119109,160,TRUE
"GTCCTCACACAAGCCC-b01","Monocle3","global",1.1098468583285,185,TRUE
"GTCCTCAGTAAGGGCT-b01","Monocle3","global",13.0062387560846,670,TRUE
"GTCGTAAGTCTAAACC-b01","Monocle3","global",19.975431067249,700,TRUE
"GTCTCGTCAGACGCCT-b01","Monocle3","global",5.98029692166189,405,TRUE
"GTCTCGTTCGAGAACG-b01","Monocle3","global",8.8707566144162,470,TRUE
"GTCTTCGCAAGGCTCC-b01","Monocle3","global",19.1016101291124,490,TRUE
"GTCTTCGTCTATCGCC-b01","Monocle3","global",11.6780963395406,420,TRUE
"GTGAAGGAGCTAAGAT-b01","Monocle3","global",2.43114814831794,440,TRUE
"GTGAAGGTCAGTTGAC-b01","Monocle3","global",5.45471182798128,350,TRUE
"GTGAAGGTCCTACAGA-b01","Monocle3","global",8.2237390011354,375,TRUE
"GTGCAGCAGAATTCCC-b01","Monocle3","global",10.3258003390278,380,TRUE
"GTGCATACAAGTCATC-b01","Monocle3","global",7.80011494648864,340,TRUE
"GTGCATATCTTGTATC-b01","Monocle3","global",5.98029716770804,285,TRUE
"GTGCGGTAGCGTAATA-b01","Monocle3","global",12.6346232221388,670,TRUE
"GTGCGGTTCTGTACGA-b01","Monocle3","global",12.7495180701663,625,TRUE
"GTGCTTCAGCGCTTAT-b01","Monocle3","global",4.77355174983511,260,TRUE
"GTGGGTCTCGGCGGTT-b01","Monocle3","global",4.03096855148042,230,TRUE
"GTGTGCGAGTGTTAGA-b01","Monocle3","global",0.989234589774588,185,TRUE
"GTGTTAGCACCTATCC-b01","Monocle3","global",18.4515602497465,470,TRUE
"GTGTTAGCACGCCAGT-b01","Monocle3","global",12.5753680267425,700,TRUE
"GTGTTAGCATACCATG-b01","Monocle3","global",0.0125671581019853,180,TRUE
"GTTAAGCCAAGCCATT-b01","Monocle3","global",7.52411291611512,350,TRUE
"GTTCATTGTCTCCACT-b01","Monocle3","global",19.1388967429525,630,TRUE
"GTTCTCGGTCCAGTGC-b01","Monocle3","global",13.334173203514,585,TRUE
"GTTCTCGTCTCGATGA-b01","Monocle3","global",13.1852479412784,520,TRUE
"TAAGAGAGTCCTCTTG-b01","Monocle3","global",2.38494477018767,230,TRUE
"TAAGAGATCGATCCCT-b01","Monocle3","global",12.2823507426317,620,TRUE
"TAAGCGTAGCGAAGGG-b01","Monocle3","global",1.97949616788227,170,TRUE
"TAAGCGTTCAGAGACG-b01","Monocle3","global",8.15136516884401,410,TRUE
"TAAGTGCCATACGCCG-b01","Monocle3","global",11.059018748131,440,TRUE
"TAAGTGCGTAACGACG-b01","Monocle3","global",4.48871660264318,245,TRUE
"TAAGTGCTCATTTGGG-b01","Monocle3","global",4.84400580441612,170,TRUE
"TAAGTGCTCGTAGGAG-b01","Monocle3","global",8.2772733300368,380,TRUE
"TACACGACAGACGCAA-b01","Monocle3","global",4.99413637508978,320,TRUE
"TACAGTGTCGAGCCCA-b01","Monocle3","global",11.2593833681493,760,TRUE
"TACCTATCAATCAGAA-b01","Monocle3","global",13.481501618506,440,TRUE
"TACCTATGTAGAAGGA-b01","Monocle3","global",11.3947599445063,670,TRUE
"TACCTATGTTATGTGC-b01","Monocle3","global",6.10745587341534,275,TRUE
"TACCTATTCACCTTAT-b01","Monocle3","global",8.59544422478764,420,TRUE
"TACGGGCGTACAGCAG-b01","Monocle3","global",14.0565203943448,550,TRUE
"TACGGTAGTAAGCACG-b01","Monocle3","global",13.5183691970417,410,TRUE
"TACGGTATCCTAAGTG-b01","Monocle3","global",12.8244769124074,750,TRUE
"TACTCATGTTGCGCAC-b01","Monocle3","global",18.9007894145874,550,TRUE
"TACTCGCGTAAGGGAA-b01","Monocle3","global",7.20192049156366,380,TRUE
"TACTCGCGTCCAAGTT-b01","Monocle3","global",11.4306065730531,620,TRUE
"TACTCGCTCTACCAGA-b01","Monocle3","global",5.71764093582664,325,TRUE
"TACTTACTCATCGGAT-b01","Monocle3","global",4.43236261251121,260,TRUE
"TACTTGTGTGATAAGT-b01","Monocle3","global",14.5942087445932,640,TRUE
"TAGACCAGTCTGATCA-b01","Monocle3","global",13.5778581621433,700,TRUE
"TAGACCATCCACGTTC-b01","Monocle3","global",3.7816261883721,330,TRUE
"TAGAGCTAGTGAAGAG-b01","Monocle3","global",0.316780050888676,400,TRUE
"TAGAGCTGTCGGCTCA-b01","Monocle3","global",13.9572932325029,700,TRUE
"TAGAGCTTCCAACCAA-b01","Monocle3","global",10.801423867504,395,TRUE
"TAGCCGGTCAAACCGT-b01","Monocle3","global",9.543244703901,490,TRUE
"TAGGCATAGGCACATG-b01","Monocle3","global",0.31678029693482,170,TRUE
"TAGGCATGTAGCGTGA-b01","Monocle3","global",6.79366134952299,380,TRUE
"TAGGCATGTCCAAGTT-b01","Monocle3","global",7.28867930414216,320,TRUE
"TAGTGGTGTTACTGAC-b01","Monocle3","global",4.73158870883413,320,TRUE
"TAGTTGGGTCACTTCC-b01","Monocle3","global",1.51727954743376,160,TRUE
"TAGTTGGTCCTAGTGA-b01","Monocle3","global",4.03096879752657,260,TRUE
"TATCAGGAGTACGTTC-b01","Monocle3","global",11.7330446387909,640,TRUE
"TATCAGGTCACTGGGC-b01","Monocle3","global",12.8121923260935,620,TRUE
"TATCTCAGTAAGTTCC-b01","Monocle3","global",7.01785671125755,335,TRUE
"TATCTCATCGGCGCTA-b01","Monocle3","global",7.75325483309136,340,TRUE
"TATTACCGTGACTCAT-b01","Monocle3","global",0.247767477239057,190,TRUE
"TCAACGAAGCAACGGT-b01","Monocle3","global",5.72773352394042,345,TRUE
"TCAACGATCGTATCAG-b01","Monocle3","global",14.0577566976808,520,TRUE
"TCAATCTCAGCCAGAA-b01","Monocle3","global",11.6257186919333,620,TRUE
"TCACAAGAGGGCTCTC-b01","Monocle3","global",2.99322148585609,175,TRUE
"TCACAAGCACGTGAGA-b01","Monocle3","global",8.38047775959799,405,TRUE
"TCACAAGTCACTGGGC-b01","Monocle3","global",12.1738022108681,440,TRUE
"TCACAAGTCGCAGGCT-b01","Monocle3","global",1.08399052892546,175,TRUE
"TCACGAAAGGGCATGT-b01","Monocle3","global",8.52194291043181,400,TRUE
"TCACGAATCGTCTGAA-b01","Monocle3","global",5.1711442342264,260,TRUE
"TCAGCAACAGGTGCCT-b01","Monocle3","global",8.27727357608294,370,TRUE
"TCAGCAACATCCAACA-b01","Monocle3","global",4.4708783992108,245,TRUE
"TCAGCAAGTCCATCCT-b01","Monocle3","global",14.4309321999699,620,TRUE
"TCAGCTCCAAGAGGCT-b01","Monocle3","global",4.55187557796421,385,TRUE
"TCAGCTCCAATGTTGC-b01","Monocle3","global",14.1141180238153,640,TRUE
"TCAGCTCGTTGGACCC-b01","Monocle3","global",6.54225353768497,265,TRUE
"TCAGGATGTTATTCTC-b01","Monocle3","global",1.08736694225191,170,TRUE
"TCAGGATTCAAAGACA-b01","Monocle3","global",8.7924568674747,440,TRUE
"TCAGGATTCAATAAGG-b01","Monocle3","global",7.08001785056712,235,TRUE
"TCAGGTAGTACCGGCT-b01","Monocle3","global",14.1016653253735,700,TRUE
"TCATTACGTAGGGTAC-b01","Monocle3","global",0.911523100028171,195,TRUE
"TCATTACGTCGTCTTC-b01","Monocle3","global",14.8240093302347,780,TRUE
"TCATTACTCCCACTTG-b01","Monocle3","global",1.91053096259815,190,TRUE
"TCGCGAGAGAGATGAG-b01","Monocle3","global",1.86009882940143,420,TRUE
"TCGCGAGCAACTGGCC-b01","Monocle3","global",4.03096904357271,260,TRUE
"TCGGGACAGGCGACAT-b01","Monocle3","global",8.22287132858748,350,TRUE
"TCGGGACTCCCTAATT-b01","Monocle3","global",0.414016254349947,195,TRUE
"TCGGTAACAGCTGGCT-b01","Monocle3","global",5.49251956900811,325,TRUE
"TCGGTAACATAAAGGT-b01","Monocle3","global",6.54932378332543,700,TRUE
"TCGGTAATCCAATGGT-b01","Monocle3","global",6.26696542093428,380,TRUE
"TCGTACCAGCAAATCA-b01","Monocle3","global",6.94284633388947,265,TRUE
"TCGTACCCATTGAGCT-b01","Monocle3","global",5.72732473048536,310,TRUE
"TCGTAGACACAAGACG-b01","Monocle3","global",1.77802295899405,390,TRUE
"TCGTAGAGTGACGCCT-b01","Monocle3","global",0.501262881793381,170,TRUE
"TCTCATACAAGAAAGG-b01","Monocle3","global",14.3218069758286,700,TRUE
"TCTCATATCTGCGGCA-b01","Monocle3","global",0.0884978437565188,165,TRUE
"TCTGGAACATTCGACA-b01","Monocle3","global",1.89540734374536,195,TRUE
"TCTGGAAGTAAGTAGT-b01","Monocle3","global",14.105711476293,700,TRUE
"TCTTCGGCAGGGAGAG-b01","Monocle3","global",12.3937651717572,620,TRUE
"TCTTTCCAGCGTGAAC-b01","Monocle3","global",14.863860469938,630,TRUE
"TCTTTCCAGTGTACGG-b01","Monocle3","global",0.441717661838428,440,TRUE
"TCTTTCCGTCCGTGAC-b01","Monocle3","global",3.45473785942403,550,TRUE
"TGAAAGAAGTACGACG-b01","Monocle3","global",9.47556089896169,390,TRUE
"TGAAAGACATATGAGA-b01","Monocle3","global",14.0790427835383,640,TRUE
"TGAAAGACATCGATGT-b01","Monocle3","global",8.53050881443001,395,TRUE
"TGAAAGATCCCTCAGT-b01","Monocle3","global",4.35716064160238,355,TRUE
"TGACAACAGTGGAGTC-b01","Monocle3","global",4.03096928961886,260,TRUE
"TGACAACCACATCCAA-b01","Monocle3","global",1.06355493365672,420,TRUE
"TGACAACTCTATCCCG-b01","Monocle3","global",4.06732908762657,385,TRUE
"TGACTAGGTCCCGACA-b01","Monocle3","global",1.24431104785252,190,TRUE
"TGACTAGTCGGCATCG-b01","Monocle3","global",8.27727382212909,370,TRUE
"TGACTTTCATGTCTCC-b01","Monocle3","global",12.5885129712796,430,TRUE
"TGACTTTGTCGCGTGT-b01","Monocle3","global",4.030969535665,280,TRUE
"TGACTTTTCCACGCAG-b01","Monocle3","global",12.3041086915837,510,TRUE
"TGAGCATAGGCATGGT-b01","Monocle3","global",8.27727406817523,375,TRUE
"TGAGCATGTATGAAAC-b01","Monocle3","global",8.62914294931977,385,TRUE
"TGAGCCGTCAACGAAA-b01","Monocle3","global",3.76463708197328,440,TRUE
"TGAGGGAAGTATCGAA-b01","Monocle3","global",18.9417722386089,550,TRUE
"TGATTTCGTCGCATCG-b01","Monocle3","global",5.43183074376543,285,TRUE
"TGATTTCTCCAGAAGG-b01","Monocle3","global",7.35594849736259,400,TRUE
"TGCACCTAGGTAGCCA-b01","Monocle3","global",10.0803667394185,405,TRUE
"TGCCCATAGCTAAACA-b01","Monocle3","global",13.0805921634128,550,TRUE
"TGCCCATAGGAATCGC-b01","Monocle3","global",14.5005248032572,750,TRUE
"TGCCCATGTGATGTGG-b01","Monocle3","global",14.2807966807298,620,TRUE
"TGCCCATTCTTGTACT-b01","Monocle3","global",13.8271593808333,640,TRUE
"TGCCCTAAGTTGAGTA-b01","Monocle3","global",12.9951416926185,725,TRUE
"TGCCCTATCGCTTAGA-b01","Monocle3","global",6.08074553104443,345,TRUE
"TGCCCTATCTACTCAT-b01","Monocle3","global",6.55697784123999,275,TRUE
"TGCGGGTAGAGACTAT-b01","Monocle3","global",7.37454350249595,260,TRUE
"TGCGGGTAGTAACCCT-b01","Monocle3","global",1.12804719319107,185,TRUE
"TGCGGGTTCCGCTGTT-b01","Monocle3","global",11.2593836141955,700,TRUE
"TGCGGGTTCGGACAAG-b01","Monocle3","global",11.0519828212031,450,TRUE
"TGCGTGGAGAGCCCAA-b01","Monocle3","global",4.62128656717563,220,TRUE
"TGCGTGGTCGACAGCC-b01","Monocle3","global",19.895067549671,640,TRUE
"TGCTACCGTCAATACC-b01","Monocle3","global",8.27727431422137,365,TRUE
"TGCTACCGTTAAGACA-b01","Monocle3","global",0.68371107822033,170,TRUE
"TGGACGCGTCGAGTTT-b01","Monocle3","global",5.3290652850284,390,TRUE
"TGGACGCGTGGTAACG-b01","Monocle3","global",14.0330522271821,700,TRUE
"TGGCGCAGTGCCTTGG-b01","Monocle3","global",14.0565206403909,520,TRUE
"TGGGAAGCATGCCCGA-b01","Monocle3","global",14.5094739481467,725,TRUE
"TGGGAAGGTGCCTGCA-b01","Monocle3","global",4.99044797509361,245,TRUE
"TGGGAAGTCGGACAAG-b01","Monocle3","global",0.316780542980964,165,TRUE
"TGGGCGTCAGTCGATT-b01","Monocle3","global",12.5360190187559,700,TRUE
"TGGTTAGAGGAGTTGC-b01","Monocle3","global",1.63759696028049,380,TRUE
"TGGTTAGAGTCAAGCG-b01","Monocle3","global",19.6964342845796,490,TRUE
"TGGTTAGCAAGCCATT-b01","Monocle3","global",12.7039535538646,620,TRUE
"TGGTTAGCACGCGAAA-b01","Monocle3","global",11.0538836293725,550,TRUE
"TGGTTAGCAGACAGGT-b01","Monocle3","global",11.8810806610796,420,TRUE
"TGGTTAGTCGCATGGC-b01","Monocle3","global",8.83420448348283,425,TRUE
"TGTCCCAAGAATAGGG-b01","Monocle3","global",8.19644063314654,435,TRUE
"TGTCCCAGTTCATGGT-b01","Monocle3","global",6.2485788104481,325,TRUE
"TGTGGTAAGGGTTCCC-b01","Monocle3","global",3.10193064693692,170,TRUE
"TGTGTTTCAAGCTGTT-b01","Monocle3","global",12.114618947707,550,TRUE
"TGTGTTTTCGGATGTT-b01","Monocle3","global",1.25973600864052,160,TRUE
"TGTTCCGGTCAGCTAT-b01","Monocle3","global",0.976998457845743,160,TRUE
"TTAACTCAGTTTGCGT-b01","Monocle3","global",8.23217222113963,370,TRUE
"TTAACTCGTGCGAAAC-b01","Monocle3","global",5.85211710361448,260,TRUE
"TTAGGACAGTACATGA-b01","Monocle3","global",1.67063310693944,415,TRUE
"TTAGGCACACATGGGA-b01","Monocle3","global",11.2620808741618,700,TRUE
"TTCCCAGTCAGCGACC-b01","Monocle3","global",6.17191965609222,370,TRUE
"TTCGAAGAGCTACCGC-b01","Monocle3","global",5.98029741375418,700,TRUE
"TTCGAAGCACTGAAGG-b01","Monocle3","global",6.8135413500438,390,TRUE
"TTCGAAGCATTCCTGC-b01","Monocle3","global",6.20640767916528,375,TRUE
"TTCGGTCCAGGGTATG-b01","Monocle3","global",11.5319250063376,450,TRUE
"TTCGGTCGTCTTGTCC-b01","Monocle3","global",7.40955123750613,390,TRUE
"TTCGGTCGTTGGTGGA-b01","Monocle3","global",8.0048978152749,410,TRUE
"TTCTACACAGTCGATT-b01","Monocle3","global",14.1057117223391,700,TRUE
"TTGAACGAGTACATGA-b01","Monocle3","global",13.9704369792413,700,TRUE
"TTGAACGCACCAGGTC-b01","Monocle3","global",18.3509387596357,490,TRUE
"TTGAACGGTCTAACGT-b01","Monocle3","global",3.97712884670771,220,TRUE
"TTGACTTAGCTAGTTC-b01","Monocle3","global",14.2798016834994,585,TRUE
"TTGACTTCAATCTACG-b01","Monocle3","global",4.77355199588126,390,TRUE
"TTGACTTGTCTGGTCG-b01","Monocle3","global",10.1166887143302,585,TRUE
"TTGCCGTAGATATGCA-b01","Monocle3","global",7.08001809661327,245,TRUE
"TTTATGCAGACACTAA-b01","Monocle3","global",14.6276475944942,640,TRUE
"TTTATGCCAGTTAACC-b01","Monocle3","global",13.3210342287657,500,TRUE
"AAAGTAGCAACACCTA-b02","Monocle3","global",4.03096978171114,270,TRUE
"AAAGTAGGTTCAGACT-b02","Monocle3","global",11.8925936761673,430,TRUE
"AACTCCCAGGTCGGAT-b02","Monocle3","global",3.6298100134518,290,TRUE
"AACTTTCGTACACCGC-b02","Monocle3","global",12.7687341720944,620,TRUE
"AAGACCTAGGCTCAGA-b02","Monocle3","global",1.86205985449715,185,TRUE
"ACACCCTGTCTTGCGG-b02","Monocle3","global",14.1269094780196,670,TRUE
"ACAGCCGAGCGATATA-b02","Monocle3","global",6.12748407576702,190,TRUE
"ACCAGTAGTCATCGGC-b02","Monocle3","global",20.0157419484855,725,TRUE
"ACGATGTGTAATAGCA-b02","Monocle3","global",7.79902314102737,410,TRUE
"ACGGGTCTCAGTCAGT-b02","Monocle3","global",11.435769212828,490,TRUE
"ACTGAGTTCTTGTATC-b02","Monocle3","global",14.6591514294851,700,TRUE
"ACTGATGCAAGCGATG-b02","Monocle3","global",11.2768491895052,700,TRUE
"ACTTACTAGGGTGTTG-b02","Monocle3","global",11.0886232819361,435,TRUE
"ACTTGTTGTGGCCCTA-b02","Monocle3","global",12.4923979307431,550,TRUE
"AGCTCCTGTTATTCTC-b02","Monocle3","global",8.27727456026752,350,TRUE
"AGCTCCTTCAGCTCTC-b02","Monocle3","global",4.80603152217961,320,TRUE
"AGCTTGATCTTGCAAG-b02","Monocle3","global",3.79410254425567,325,TRUE
"AGGTCATCACACCGCA-b02","Monocle3","global",7.52411316216126,330,TRUE
"AGTAGTCGTCGAATCT-b02","Monocle3","global",13.0590564046255,620,TRUE
"ATAACGCGTATGGTTC-b02","Monocle3","global",4.6147008673831,245,TRUE
"ATCATGGGTCTAGTGT-b02","Monocle3","global",19.1327527798595,550,TRUE
"ATCATGGTCATGTCCC-b02","Monocle3","global",2.58237673927034,450,TRUE
"ATCCGAAGTGGCTCCA-b02","Monocle3","global",10.0073480123989,630,TRUE
"ATCGAGTGTCATCGGC-b02","Monocle3","global",6.10745611946149,270,TRUE
"ATCTGCCCATCCCACT-b02","Monocle3","global",7.79975386858963,390,TRUE
"ATTGGACCATTCACTT-b02","Monocle3","global",7.5241134082074,360,TRUE
"ATTGGACGTTCCACGG-b02","Monocle3","global",4.55187582401036,265,TRUE
"ATTTCTGCAACGATCT-b02","Monocle3","global",5.29304852505897,300,TRUE
"ATTTCTGGTATTAGCC-b02","Monocle3","global",14.7811407471297,750,TRUE
"CAACCTCTCACCCTCA-b02","Monocle3","global",11.5260345065819,410,TRUE
"CAAGATCAGCCACCTG-b02","Monocle3","global",1.62561250563604,160,TRUE
"CAAGGCCAGCGATAGC-b02","Monocle3","global",1.7780232050402,395,TRUE
"CAAGGCCTCAGCCTAA-b02","Monocle3","global",1.77802345108634,260,TRUE
"CACACTCCAAAGCAAT-b02","Monocle3","global",12.2267640560789,625,TRUE
"CAGATCACATCGGGTC-b02","Monocle3","global",6.21498480733731,380,TRUE
"CAGCAGCGTAGAGCTG-b02","Monocle3","global",9.62980504402393,390,TRUE
"CAGCGACCACCAGGCT-b02","Monocle3","global",3.62981025949794,295,TRUE
"CAGCGACTCCCAACGG-b02","Monocle3","global",5.58721799429811,280,TRUE
"CAGCTAAGTCTTCGTC-b02","Monocle3","global",14.6218645211965,775,TRUE
"CAGGTGCAGAGCTGCA-b02","Monocle3","global",6.10745636550763,550,TRUE
"CATATTCAGAGCTGGT-b02","Monocle3","global",3.3739882333743,200,TRUE
"CATCGGGAGCACCGCT-b02","Monocle3","global",1.60774557012209,405,TRUE
"CATCGGGGTACCAGTT-b02","Monocle3","global",5.277454991003,330,TRUE
"CATGACAGTCAAGCGA-b02","Monocle3","global",12.5197811946804,635,TRUE
"CATGGCGAGAACTGTA-b02","Monocle3","global",3.57891215426239,420,TRUE
"CCACTACCAGTCTTCC-b02","Monocle3","global",8.27727480631366,360,TRUE
"CCATTCGTCAAAGACA-b02","Monocle3","global",5.98029765980032,500,TRUE
"CCCATACCAGTGGAGT-b02","Monocle3","global",5.38301881282747,265,TRUE
"CCGGGATGTTCTGTTT-b02","Monocle3","global",0.499199025523484,170,TRUE
"CCGTACTCAGGTTTCA-b02","Monocle3","global",3.26939738144635,385,TRUE
"CCGTACTTCCAATGGT-b02","Monocle3","global",3.62981050554409,350,TRUE
"CCTATTAGTATCGCAT-b02","Monocle3","global",3.62981075159023,260,TRUE
"CGACCTTAGATGGCGT-b02","Monocle3","global",20.411364116352,725,TRUE
"CGACCTTAGTACGTTC-b02","Monocle3","global",19.1740740529439,490,TRUE
"CGACCTTGTAGCTGCC-b02","Monocle3","global",8.87759004287353,450,TRUE
"CGACTTCGTGTGCGTC-b02","Monocle3","global",20.4473664544415,700,TRUE
"CGCCAAGCAGCCTGTG-b02","Monocle3","global",19.9238244331939,700,TRUE
"CGCGTTTGTTTGGGCC-b02","Monocle3","global",0.719878111115908,380,TRUE
"CGCTATCTCCCTCTTT-b02","Monocle3","global",12.0997664550352,490,TRUE
"CGCTGGAAGACGCTTT-b02","Monocle3","global",8.11756728905168,390,TRUE
"CGCTTCAAGGACCACA-b02","Monocle3","global",12.7803699926487,550,TRUE
"CGTAGCGGTTACGACT-b02","Monocle3","global",8.37964968579381,410,TRUE
"CGTCACTCAACGATCT-b02","Monocle3","global",1.63028977998908,180,TRUE
"CGTGTCTTCGAATGCT-b02","Monocle3","global",5.71053020754705,325,TRUE
"CTAACTTAGATCCCGC-b02","Monocle3","global",0.135709545192654,185,TRUE
"CTAAGACGTCCCGACA-b02","Monocle3","global",6.90871859490184,375,TRUE
"CTACATTAGAGGTTGC-b02","Monocle3","global",14.1838600601382,700,TRUE
"CTAGAGTAGTGAATTG-b02","Monocle3","global",12.9593628969644,620,TRUE
"CTAGAGTGTCGCGAAA-b02","Monocle3","global",1.57045810870606,165,TRUE
"CTAGCCTTCAACACAC-b02","Monocle3","global",11.3416326528312,450,TRUE
"CTAGCCTTCGCTAGCG-b02","Monocle3","global",3.14498977242326,300,TRUE
"CTCGAAAGTTTGGCGC-b02","Monocle3","global",14.8774566840013,640,TRUE
"CTCGGAGTCCACGCAG-b02","Monocle3","global",5.38301905887361,640,TRUE
"CTCGTCAAGCTGAAAT-b02","Monocle3","global",1.77802369713249,550,TRUE
"CTCGTCAGTGACGCCT-b02","Monocle3","global",14.3986519818037,500,TRUE
"CTCGTCATCATTTGGG-b02","Monocle3","global",12.4913471812485,700,TRUE
"CTGATAGGTAGCGCTC-b02","Monocle3","global",0.826812783989396,170,TRUE
"CTGCCTATCAGCTTAG-b02","Monocle3","global",11.4997048137807,640,TRUE
"CTGTTTAGTAAAGTCA-b02","Monocle3","global",14.722911685245,755,TRUE
"CTTCTCTAGTACGTAA-b02","Monocle3","global",0.501263127839525,170,TRUE
"CTTCTCTCACTCGACG-b02","Monocle3","global",14.6115957180295,750,TRUE
"GAAACTCAGGAACTGC-b02","Monocle3","global",0.316780789027108,165,TRUE
"GAAATGACACAGACTT-b02","Monocle3","global",19.9056963011249,700,TRUE
"GAACATCGTCGACTAT-b02","Monocle3","global",0.316781035073252,165,TRUE
"GAACATCTCAAGATCC-b02","Monocle3","global",14.4734670182498,700,TRUE
"GAACCTAGTCACTGGC-b02","Monocle3","global",3.20304592053273,200,TRUE
"GACGCGTCAATCCAAC-b02","Monocle3","global",14.7382978127175,640,TRUE
"GACTGCGTCATCTGCC-b02","Monocle3","global",5.92655360824855,260,TRUE
"GAGTCCGTCAGCCTAA-b02","Monocle3","global",1.65024205266244,175,TRUE
"GATCGATTCTCCTATA-b02","Monocle3","global",4.03097002775729,245,TRUE
"GCACATACATGATCCA-b02","Monocle3","global",7.78004109395611,390,TRUE
"GCACTCTGTTTGTGTG-b02","Monocle3","global",12.7309191303691,620,TRUE
"GCATACATCCTCGCAT-b02","Monocle3","global",6.10745661155378,275,TRUE
"GCATGCGGTCGACTGC-b02","Monocle3","global",4.84196411200401,300,TRUE
"GCCAAATTCCAACCAA-b02","Monocle3","global",13.8615167244981,700,TRUE
"GCCTCTACAGCTTAAC-b02","Monocle3","global",12.7024753912925,700,TRUE
"GCGCGATGTTAAGGGC-b02","Monocle3","global",8.98708932348537,425,TRUE
"GCGCGATGTTTCGCTC-b02","Monocle3","global",12.9659650756153,440,TRUE
"GCTGCAGAGGGTTTCT-b02","Monocle3","global",13.591316627322,620,TRUE
"GGACAAGGTAAGAGAG-b02","Monocle3","global",8.0520136078481,450,TRUE
"GGACAGACATGCTAGT-b02","Monocle3","global",2.50635157352869,450,TRUE
"GGGAGATGTACCATCA-b02","Monocle3","global",6.10745685759992,245,TRUE
"GGGTCTGTCCTCTAGC-b02","Monocle3","global",1.8400546456336,170,TRUE
"GGTGCGTCATTGGCGC-b02","Monocle3","global",14.2813531973967,700,TRUE
"GTAACTGAGCAGACTG-b02","Monocle3","global",2.7265152066891,390,TRUE
"GTACTCCAGATGGGTC-b02","Monocle3","global",12.1302513384724,640,TRUE
"GTACTCCTCATAGCAC-b02","Monocle3","global",8.92220997790033,420,TRUE
"GTATTCTTCTCGCATC-b02","Monocle3","global",12.1302515845186,630,TRUE
"GTCGGGTTCTTGTACT-b02","Monocle3","global",4.5518760700565,360,TRUE
"GTCTTCGGTCAAAGCG-b02","Monocle3","global",12.4028128101052,550,TRUE
"GTGAAGGCACCAGATT-b02","Monocle3","global",11.2593838602416,750,TRUE
"GTGCAGCCATGCCTTC-b02","Monocle3","global",3.8075068374004,270,TRUE
"GTGGGTCCAGTGGGAT-b02","Monocle3","global",6.10745710364607,285,TRUE
"GTTAAGCGTAAACGCG-b02","Monocle3","global",3.17669503500154,450,TRUE
"GTTCATTAGGGATGGG-b02","Monocle3","global",13.4781169826094,630,TRUE
"GTTCATTTCTTAGCCC-b02","Monocle3","global",6.74677952822758,390,TRUE
"GTTCTCGGTGGACGAT-b02","Monocle3","global",6.54225378373112,260,TRUE
"TACACGAAGGCATGGT-b02","Monocle3","global",1.01275612789867,205,TRUE
"TACCTATGTGTTGGGA-b02","Monocle3","global",4.74132729301421,290,TRUE
"TACGGTACAATCTACG-b02","Monocle3","global",4.71966925958895,300,TRUE
"TAGACCACAAGCGATG-b02","Monocle3","global",14.1799168216808,490,TRUE
"TAGGCATAGTACCGGA-b02","Monocle3","global",11.3406459413054,725,TRUE
"TATCAGGGTAAATGTG-b02","Monocle3","global",5.39257850246736,265,TRUE
"TATTACCCACCGATAT-b02","Monocle3","global",10.1295202522247,430,TRUE
"TCAATCTCAACACCTA-b02","Monocle3","global",4.3171923565139,340,TRUE
"TCAGATGGTTGCGTTA-b02","Monocle3","global",1.12676786547838,260,TRUE
"TCAGGTACACGGATAG-b02","Monocle3","global",4.57457664788942,260,TRUE
"TCCCGATTCAACGCTA-b02","Monocle3","global",5.67146492273655,390,TRUE
"TCTATTGGTACGCTGC-b02","Monocle3","global",4.55187631610265,210,TRUE
"TCTCATATCTTCATGT-b02","Monocle3","global",6.10745734969221,265,TRUE
"TCTGGAAGTGGAAAGA-b02","Monocle3","global",13.3800257046301,640,TRUE
"TGAAAGAAGCGTAATA-b02","Monocle3","global",12.3701747024164,550,TRUE
"TGACGGCTCCTACAGA-b02","Monocle3","global",1.22706047901488,190,TRUE
"TGAGAGGAGACTACAA-b02","Monocle3","global",5.92655385429469,490,TRUE
"TGAGAGGCAGCTGCAC-b02","Monocle3","global",4.16878034463727,330,TRUE
"TGAGGGATCGTACCGG-b02","Monocle3","global",12.1302518305647,620,TRUE
"TGCCCATGTACACCGC-b02","Monocle3","global",1.5704583547522,190,TRUE
"TGCCCATGTCCGTCAG-b02","Monocle3","global",3.81293299418165,365,TRUE
"TGCTGCTGTAATCACC-b02","Monocle3","global",20.0284585831874,700,TRUE
"TGGCCAGGTAAGTTCC-b02","Monocle3","global",0.316781281119396,165,TRUE
"TGGCGCATCAGCTGGC-b02","Monocle3","global",12.2507813362705,585,TRUE
"TGGTTCCAGGTACTCT-b02","Monocle3","global",14.6707354382685,750,TRUE
"TGTCCCAAGAGGTAGA-b02","Monocle3","global",6.61713933164255,275,TRUE
"TGTGTTTGTGCAGTAG-b02","Monocle3","global",13.4006659520946,640,TRUE
"TTAGGCAGTATATCCG-b02","Monocle3","global",3.81293324022779,270,TRUE
"TTGACTTTCTTATCTG-b02","Monocle3","global",1.24431129389866,180,TRUE
"TTGCCGTTCCTTTACA-b02","Monocle3","global",7.28385511530484,390,TRUE
"TTGTAGGAGGGATACC-b02","Monocle3","global",5.61635862329735,270,TRUE
"TTTATGCAGTGACTCT-b02","Monocle3","global",12.2932979489133,640,TRUE
"AGAGTGGCAGCTGCTG-500.1.1","Monocle3","global",7.49611313157165,365,TRUE
"CAACCAAGTCTCCCTA-500.1.1","Monocle3","global",7.7452240079097,380,TRUE
"TTTCCTCTCTCACATT-500.1.1","Monocle3","global",19.4712968036747,585,TRUE
"ACATCAGCAGTGGAGT-500.1.2","Monocle3","global",13.2577899561949,550,TRUE
"ACTGATGAGACAAGCC-500.1.2","Monocle3","global",8.24644078222739,380,TRUE
"AGTGAGGGTCGCCATG-500.1.2","Monocle3","global",12.1302520766108,625,TRUE
"CCTCTGATCGTACGGC-500.1.2","Monocle3","global",6.9976604312869,390,TRUE
"CGGAGCTTCTGTTTGT-500.1.2","Monocle3","global",12.1218821668647,490,TRUE
"TACTTGTCATACGCCG-500.1.2","Monocle3","global",12.130252322657,620,TRUE
"TTGCCGTTCCTGTAGA-500.1.2","Monocle3","global",7.47993118879673,350,TRUE
"CTGTTTAAGAGCAATT-500.1.3","Monocle3","global",11.2970236376449,530,TRUE
"TCATTACTCGTGTAGT-500.1.3","Monocle3","global",14.0491907855573,530,TRUE
"AAAGTAGAGGACGAAA-500.2.1","Monocle3","global",13.4716405490363,640,TRUE
"AAAGTAGGTAAAGTCA-500.2.1","Monocle3","global",13.3124794501362,620,TRUE
"AAAGTAGGTCCTGCTT-500.2.1","Monocle3","global",7.8899947123558,400,TRUE
"AAATGCCGTATAAACG-500.2.1","Monocle3","global",19.8366329271869,700,TRUE
"AACCATGCATGCCCGA-500.2.1","Monocle3","global",13.3245783272388,635,TRUE
"AACCGCGAGGTGACCA-500.2.1","Monocle3","global",12.6235618887054,620,TRUE
"AACTGGTTCGAATGGG-500.2.1","Monocle3","global",12.8125781940252,585,TRUE
"AAGTCTGGTAGCACGA-500.2.1","Monocle3","global",14.0955490661885,640,TRUE
"AATCCAGTCGCCATAA-500.2.1","Monocle3","global",14.8606070746337,630,TRUE
"ACATCAGAGAATTGTG-500.2.1","Monocle3","global",14.6218647672426,725,TRUE
"ACCAGTAAGTCGAGTG-500.2.1","Monocle3","global",19.4635229110804,635,TRUE
"ACGCCGACACAGAGGT-500.2.1","Monocle3","global",14.5242130627199,700,TRUE
"ACGCCGAGTGTTGGGA-500.2.1","Monocle3","global",12.1302525687031,625,TRUE
"ACGGGCTCACGGTGTC-500.2.1","Monocle3","global",11.4245836117527,520,TRUE
"ACGGGTCGTCACAAGG-500.2.1","Monocle3","global",13.4321952954142,630,TRUE
"ACTGAACTCGCCATAA-500.2.1","Monocle3","global",11.0794140998826,700,TRUE
"ACTTACTCAATTGCTG-500.2.1","Monocle3","global",12.6037795493423,450,TRUE
"ACTTTCATCAAAGTAG-500.2.1","Monocle3","global",12.4695954707278,700,TRUE
"ACTTTCATCTAGCACA-500.2.1","Monocle3","global",12.5663108643783,700,TRUE
"AGAATAGAGCACAGGT-500.2.1","Monocle3","global",6.99766067733304,390,TRUE
"AGACGTTCAATAAGCA-500.2.1","Monocle3","global",19.1833113749231,425,TRUE
"AGACGTTTCAATCACG-500.2.1","Monocle3","global",10.2226047458336,620,TRUE
"AGAGTGGGTCGAAAGC-500.2.1","Monocle3","global",18.5130430537714,435,TRUE
"AGATTGCGTTACGGAG-500.2.1","Monocle3","global",13.8478273266239,630,TRUE
"AGCGGTCAGGTGTTAA-500.2.1","Monocle3","global",7.71598757272731,375,TRUE
"AGCTCCTAGCTAAACA-500.2.1","Monocle3","global",13.0186307038447,550,TRUE
"AGCTCCTCAAGTAGTA-500.2.1","Monocle3","global",9.83324293737964,360,TRUE
"AGCTCCTCACCAGTTA-500.2.1","Monocle3","global",14.3599304287927,725,TRUE
"AGGCCGTGTGAGTGAC-500.2.1","Monocle3","global",11.8896830881005,450,TRUE
"AGGTCCGAGCATCATC-500.2.1","Monocle3","global",12.6369653957083,700,TRUE
"AGTTGGTCAGATCCAT-500.2.1","Monocle3","global",12.8244771584536,725,TRUE
"ATCACGAAGAGCAATT-500.2.1","Monocle3","global",12.4415175292678,700,TRUE
"ATCGAGTGTTGTACAC-500.2.1","Monocle3","global",14.6689766186217,700,TRUE
"ATCTACTAGAAACCAT-500.2.1","Monocle3","global",14.1055161348726,550,TRUE
"ATCTGCCAGATGCGAC-500.2.1","Monocle3","global",11.5252111487079,450,TRUE
"ATGCGATGTTCGCGAC-500.2.1","Monocle3","global",10.8154590009952,490,TRUE
"ATGTGTGAGCACGCCT-500.2.1","Monocle3","global",14.6218650132887,750,TRUE
"ATTATCCAGGCCCGTT-500.2.1","Monocle3","global",11.6957810852313,550,TRUE
"CACACTCAGTCGTACT-500.2.1","Monocle3","global",10.4643679680534,395,TRUE
"CACAGTAAGCTCAACT-500.2.1","Monocle3","global",12.6344292329338,700,TRUE
"CACATAGAGGAACTGC-500.2.1","Monocle3","global",14.2708090746844,730,TRUE
"CAGAATCCAACTTGAC-500.2.1","Monocle3","global",14.0956452699,640,TRUE
"CAGATCACACCAGATT-500.2.1","Monocle3","global",12.8163872472987,620,TRUE
"CAGCAGCAGTTACGGG-500.2.1","Monocle3","global",13.4507698686026,640,TRUE
"CAGCCGAGTCTCGTTC-500.2.1","Monocle3","global",14.1185151146395,640,TRUE
"CATATTCGTTCAGCGC-500.2.1","Monocle3","global",11.5232364742784,450,TRUE
"CATCAGATCGGCGGTT-500.2.1","Monocle3","global",13.0756344324714,550,TRUE
"CCACCTATCATGCTCC-500.2.1","Monocle3","global",14.0928629623524,530,TRUE
"CCCTCCTCAAGCTGGA-500.2.1","Monocle3","global",19.647141279937,700,TRUE
"CCCTCCTGTTATGTGC-500.2.1","Monocle3","global",12.4964265789062,670,TRUE
"CCTAAAGGTTCAACCA-500.2.1","Monocle3","global",12.9625288605172,635,TRUE
"CCTACCAGTCTAAAGA-500.2.1","Monocle3","global",14.1316773253481,640,TRUE
"CCTTACGCAAGACGTG-500.2.1","Monocle3","global",14.4899882415539,760,TRUE
"CGATGTATCGCACTCT-500.2.1","Monocle3","global",6.41805011461562,370,TRUE
"CGCTATCCACGGCTAC-500.2.1","Monocle3","global",11.1721505690917,415,TRUE
"CGGACGTTCCAACCAA-500.2.1","Monocle3","global",12.6313488655633,470,TRUE
"CGGCTAGCAGCGAACA-500.2.1","Monocle3","global",12.3834081068567,585,TRUE
"CGTAGCGAGATCCCAT-500.2.1","Monocle3","global",12.4705647338126,700,TRUE
"CGTGAGCAGCGTCAAG-500.2.1","Monocle3","global",11.5254087334254,435,TRUE
"CGTTAGACACCAGCAC-500.2.1","Monocle3","global",13.4942473318086,550,TRUE
"CGTTAGAGTCTGATTG-500.2.1","Monocle3","global",11.7768401707357,425,TRUE
"CTAAGACGTTCGGGCT-500.2.1","Monocle3","global",12.8382455291401,620,TRUE
"CTACACCCATCCGTGG-500.2.1","Monocle3","global",12.8244774044997,725,TRUE
"CTACATTCACTTCTGC-500.2.1","Monocle3","global",12.4208769131944,700,TRUE
"CTAGCCTTCGCGATCG-500.2.1","Monocle3","global",11.7999052165937,490,TRUE
"CTCATTAGTCTAAACC-500.2.1","Monocle3","global",10.2000281515543,550,TRUE
"CTCATTATCCAATGGT-500.2.1","Monocle3","global",12.5244398121603,700,TRUE
"CTCGTCAGTGACGGTA-500.2.1","Monocle3","global",11.1236931656351,700,TRUE
"CTGCCTAGTCAACATC-500.2.1","Monocle3","global",12.6408588340288,700,TRUE
"CTGCTGTTCGTCTGCT-500.2.1","Monocle3","global",11.0503318308618,700,TRUE
"CTGGTCTAGACTACAA-500.2.1","Monocle3","global",12.1302528147493,625,TRUE
"CTGGTCTGTGCAGTAG-500.2.1","Monocle3","global",4.79208256406597,670,TRUE
"CTTGGCTAGGGTTCCC-500.2.1","Monocle3","global",13.3577623079811,640,TRUE
"CTTTGCGTCAGTTCGA-500.2.1","Monocle3","global",12.6531685730269,450,TRUE
"GACCAATTCAAGGTAA-500.2.1","Monocle3","global",10.5287819836408,700,TRUE
"GATCAGTAGTACGTTC-500.2.1","Monocle3","global",12.3822663547416,700,TRUE
"GATCAGTTCCTTTCGG-500.2.1","Monocle3","global",13.8358279027998,640,TRUE
"GATCGCGGTTAAGGGC-500.2.1","Monocle3","global",10.1830291449389,585,TRUE
"GATGAAACATTAGGCT-500.2.1","Monocle3","global",11.1129566980668,420,TRUE
"GCATGCGGTTCGGGCT-500.2.1","Monocle3","global",12.3285444734073,550,TRUE
"GCATGTATCATGTAGC-500.2.1","Monocle3","global",19.898020484354,700,TRUE
"GCGCCAATCGGTTCGG-500.2.1","Monocle3","global",18.5277331188839,470,TRUE
"GCTCTGTGTAATTGGA-500.2.1","Monocle3","global",13.9852604196602,700,TRUE
"GGAAAGCCATCTGGTA-500.2.1","Monocle3","global",7.11568937463516,360,TRUE
"GGAACTTCACGGTAAG-500.2.1","Monocle3","global",13.1256529499138,490,TRUE
"GGAGCAATCTAGCACA-500.2.1","Monocle3","global",14.7422971414321,630,TRUE
"GGATGTTAGCGATAGC-500.2.1","Monocle3","global",13.0715120290898,550,TRUE
"GGGACCTAGCGCCTTG-500.2.1","Monocle3","global",12.9403209525077,510,TRUE
"GGGATGACACGGACAA-500.2.1","Monocle3","global",13.4122181233672,640,TRUE
"GGTGCGTCAAGCTGAG-500.2.1","Monocle3","global",10.5794342459752,640,TRUE
"GTAGGCCTCAACCAAC-500.2.1","Monocle3","global",11.5220553004967,450,TRUE
"GTCATTTGTTTGCATG-500.2.1","Monocle3","global",7.85782362883716,410,TRUE
"GTGAAGGCATGTAAGA-500.2.1","Monocle3","global",14.8774569300475,640,TRUE
"GTGCTTCTCCGAGCCA-500.2.1","Monocle3","global",12.7324194294661,550,TRUE
"TAAGAGACAAGAAAGG-500.2.1","Monocle3","global",14.4187707342397,550,TRUE
"TACACGAAGGCGCTCT-500.2.1","Monocle3","global",12.8244776505458,700,TRUE
"TACGGATGTTGCTCCT-500.2.1","Monocle3","global",19.1932548053584,550,TRUE
"TACGGGCCACAACGCC-500.2.1","Monocle3","global",8.10872615313342,350,TRUE
"TACTTACCATGGAATA-500.2.1","Monocle3","global",3.42193708111604,465,TRUE
"TAGACCAGTATCGCAT-500.2.1","Monocle3","global",14.0628053289112,490,TRUE
"TAGACCATCGCTGATA-500.2.1","Monocle3","global",12.3522998801774,620,TRUE
"TAGTTGGGTTATCCGA-500.2.1","Monocle3","global",13.7305439223568,490,TRUE
"TATGCCCCATTGGTAC-500.2.1","Monocle3","global",12.4378821551235,700,TRUE
"TCAACGAAGTTGCAGG-500.2.1","Monocle3","global",12.2976245431005,635,TRUE
"TCACGAAAGGCATTGG-500.2.1","Monocle3","global",12.1302530607954,630,TRUE
"TCAGATGTCCGAACGC-500.2.1","Monocle3","global",12.4407172615946,510,TRUE
"TCAGCTCGTTCGTTGA-500.2.1","Monocle3","global",14.1543348828303,670,TRUE
"TCAGGATTCAGGTTCA-500.2.1","Monocle3","global",13.100083422577,450,TRUE
"TCATTACTCACAGTAC-500.2.1","Monocle3","global",13.6167573332892,450,TRUE
"TCGAGGCAGGGATCTG-500.2.1","Monocle3","global",14.0896147252719,620,TRUE
"TCGCGTTCATCGGAAG-500.2.1","Monocle3","global",12.4424292854256,625,TRUE
"TCGCGTTGTGGGTATG-500.2.1","Monocle3","global",11.1737136927212,450,TRUE
"TCGTAGAAGGTTCCTA-500.2.1","Monocle3","global",13.3847271198587,640,TRUE
"TCTCTAAAGAGCAATT-500.2.1","Monocle3","global",12.4887031378433,700,TRUE
"TGAGCCGGTAGCTCCG-500.2.1","Monocle3","global",14.8774571760936,565,TRUE
"TGCCAAAAGCTAGTGG-500.2.1","Monocle3","global",12.5105774592503,585,TRUE
"TGCCCTAAGGCTACGA-500.2.1","Monocle3","global",13.0868829360796,500,TRUE
"TGCCCTAGTATGAATG-500.2.1","Monocle3","global",10.5721205723876,640,TRUE
"TGCGGGTGTGATGTGG-500.2.1","Monocle3","global",11.3952382471822,620,TRUE
"TGCTACCTCTACCAGA-500.2.1","Monocle3","global",10.765737449758,470,TRUE
"TGGGAAGAGAAGAAGC-500.2.1","Monocle3","global",19.5712130854329,550,TRUE
"TTAGTTCGTCTGCGGT-500.2.1","Monocle3","global",18.4604679475009,440,TRUE
"TTCTACAAGTGACATA-500.2.1","Monocle3","global",12.3787526041037,620,TRUE
"TTCTACATCGCCATAA-500.2.1","Monocle3","global",19.6979787626721,640,TRUE
"TTCTCCTAGCTGATAA-500.2.1","Monocle3","global",13.1116070252241,450,TRUE
"TTGAACGTCTGATTCT-500.2.1","Monocle3","global",1.77802394317863,465,TRUE
"TTGCCGTTCGGCGCTA-500.2.1","Monocle3","global",13.3597822054112,620,TRUE
"TTGGCAATCACGCATA-500.2.1","Monocle3","global",12.3092268986161,550,TRUE
"TTTCCTCTCACAGGCC-500.2.1","Monocle3","global",13.0272121415096,550,TRUE
"TTTGTCACAAAGGTGC-500.2.1","Monocle3","global",14.0094091164318,700,TRUE
"AACCATGTCTGCGTAA-500.2.2","Monocle3","global",10.3461446072227,630,TRUE
"AACCGCGCATCATCCC-500.2.2","Monocle3","global",14.8198823460332,630,TRUE
"ACACCAAAGCTAAGAT-500.2.2","Monocle3","global",13.3577625540272,640,TRUE
"ACACTGAAGTCATCCA-500.2.2","Monocle3","global",13.7931678513702,630,TRUE
"ACGAGGAGTGGTACAG-500.2.2","Monocle3","global",9.73836505061406,390,TRUE
"ACGCCAGAGGGTCTCC-500.2.2","Monocle3","global",9.62955688003234,390,TRUE
"ACGCCGACACTGTGTA-500.2.2","Monocle3","global",12.1302533068416,620,TRUE
"ACGGCCACATCGGGTC-500.2.2","Monocle3","global",14.7597992508021,755,TRUE
"ACGGCCATCCAGGGCT-500.2.2","Monocle3","global",19.1615650497151,550,TRUE
"ACGGGCTAGCTAGTCT-500.2.2","Monocle3","global",19.881756992721,700,TRUE
"ACTATCTGTAAGGATT-500.2.2","Monocle3","global",12.1302535528877,620,TRUE
"ACTTTCAAGTACGACG-500.2.2","Monocle3","global",12.6483506377892,550,TRUE
"AGAGTGGCAAACGTGG-500.2.2","Monocle3","global",14.7304900561478,640,TRUE
"AGAGTGGGTCAGTGGA-500.2.2","Monocle3","global",10.4092872064038,385,TRUE
"AGATTGCCATGCCTAA-500.2.2","Monocle3","global",12.1302537989338,640,TRUE
"AGATTGCTCCACGACG-500.2.2","Monocle3","global",8.46745823697863,725,TRUE
"AGCAGCCGTAAGTGTA-500.2.2","Monocle3","global",14.8774574221398,640,TRUE
"AGCTTGATCTCGATGA-500.2.2","Monocle3","global",11.8954952843644,620,TRUE
"AGGGATGTCATTTGGG-500.2.2","Monocle3","global",11.5206234936757,450,TRUE
"AGGTCCGTCTAACCGA-500.2.2","Monocle3","global",11.9231326886335,640,TRUE
"AGTTGGTAGGCGATAC-500.2.2","Monocle3","global",14.2634220118681,625,TRUE
"ATCATCTAGTGCGATG-500.2.2","Monocle3","global",12.6408590800749,640,TRUE
"ATCTACTAGAAACGAG-500.2.2","Monocle3","global",19.5043251083288,640,TRUE
"CAAGGCCCATAAAGGT-500.2.2","Monocle3","global",14.7231043936183,640,TRUE
"CACACAACAAGCGATG-500.2.2","Monocle3","global",11.3146311670761,550,TRUE
"CACACTCCAAGAAGAG-500.2.2","Monocle3","global",20.3955034992743,725,TRUE
"CACATAGAGCCAGAAC-500.2.2","Monocle3","global",14.6405748311932,700,TRUE
"CACATAGGTCATGCCG-500.2.2","Monocle3","global",12.6408593261211,700,TRUE
"CACCACTCATAAGACA-500.2.2","Monocle3","global",14.6218652593349,700,TRUE
"CAGCATAAGACACGAC-500.2.2","Monocle3","global",11.5216580415132,450,TRUE
"CAGCTGGAGAAACGAG-500.2.2","Monocle3","global",11.1355938698406,440,TRUE
"CATCCACCATGGAATA-500.2.2","Monocle3","global",11.8403272052398,400,TRUE
"CATGACAAGCAAATCA-500.2.2","Monocle3","global",12.0759658024696,500,TRUE
"CATGGCGCATGCCTTC-500.2.2","Monocle3","global",14.182282146049,640,TRUE
"CATTCGCCATATGCTG-500.2.2","Monocle3","global",14.2208306428059,385,TRUE
"CCCTCCTTCACGCATA-500.2.2","Monocle3","global",19.057696577484,630,TRUE
"CCTATTAAGTGTCCAT-500.2.2","Monocle3","global",13.9705158603797,700,TRUE
"CGATCGGCACATAACC-500.2.2","Monocle3","global",13.6231909132817,550,TRUE
"CGCCAAGGTGAGGCTA-500.2.2","Monocle3","global",14.1057119683853,640,TRUE
"CGCGGTATCTTTAGTC-500.2.2","Monocle3","global",19.1139297686178,490,TRUE
"CGGACTGTCGTCCGTT-500.2.2","Monocle3","global",14.2266952057865,620,TRUE
"CGGAGCTTCCTCAATT-500.2.2","Monocle3","global",14.0773541270964,670,TRUE
"CGGGTCATCGGCTTGG-500.2.2","Monocle3","global",13.3577628000733,640,TRUE
"CGGTTAACACGAAGCA-500.2.2","Monocle3","global",11.9316313346904,620,TRUE
"CGGTTAACATGAGCGA-500.2.2","Monocle3","global",8.23665914589884,415,TRUE
"CGTCAGGCACGGCTAC-500.2.2","Monocle3","global",11.5252320976958,450,TRUE
"CGTCCATCAAAGCGGT-500.2.2","Monocle3","global",12.6403386442559,700,TRUE
"CGTGTCTTCTACTATC-500.2.2","Monocle3","global",20.0574713075337,700,TRUE
"CTAAGACCACACCGCA-500.2.2","Monocle3","global",14.1095154860469,670,TRUE
"CTCGAGGCAGTTAACC-500.2.2","Monocle3","global",20.3955037453205,700,TRUE
"CTTAGGACACAAGACG-500.2.2","Monocle3","global",11.1444971171944,450,TRUE
"CTTGGCTCAGGTGCCT-500.2.2","Monocle3","global",13.3577630461195,640,TRUE
"CTTTGCGTCTGATTCT-500.2.2","Monocle3","global",12.9499544277402,620,TRUE
"GAACCTATCGTACCGG-500.2.2","Monocle3","global",14.7556010443585,760,TRUE
"GAATAAGCAAAGGTGC-500.2.2","Monocle3","global",19.8671549120936,640,TRUE
"GACACGCTCTGACCTC-500.2.2","Monocle3","global",12.7913652396872,630,TRUE
"GACCTGGCATCACAAC-500.2.2","Monocle3","global",13.4620288907013,635,TRUE
"GACGGCTCAGCTCGCA-500.2.2","Monocle3","global",11.6289804788982,585,TRUE
"GATCGCGTCCAGAGGA-500.2.2","Monocle3","global",11.1147769136245,420,TRUE
"GCAGCCAAGGGTCTCC-500.2.2","Monocle3","global",12.4087219343577,585,TRUE
"GCATGATTCGCCGTGA-500.2.2","Monocle3","global",12.13025404498,550,TRUE
"GCCAAATTCGACGGAA-500.2.2","Monocle3","global",12.0944445829914,550,TRUE
"GCGCAGTCACAGGCCT-500.2.2","Monocle3","global",11.6681243064273,620,TRUE
"GCGCAGTGTCATCCCT-500.2.2","Monocle3","global",14.6689329255254,750,TRUE
"GCGCGATTCTGAGTGT-500.2.2","Monocle3","global",14.1057122144314,630,TRUE
"GGAATAAAGGCCCGTT-500.2.2","Monocle3","global",19.8006364181255,700,TRUE
"GGATTACAGTACACCT-500.2.2","Monocle3","global",12.0896634588487,510,TRUE
"GGATTACGTCGACTGC-500.2.2","Monocle3","global",14.0620119418147,670,TRUE
"GGCGTGTGTCTTCGTC-500.2.2","Monocle3","global",6.99766092337919,420,TRUE
"GGTATTGCACATCCAA-500.2.2","Monocle3","global",12.9648333965166,585,TRUE
"GGTGAAGGTAAAGTCA-500.2.2","Monocle3","global",11.1621273477727,435,TRUE
"GTAGTCAAGACAGGCT-500.2.2","Monocle3","global",12.5282443259107,700,TRUE
"GTAGTCACAGTACACT-500.2.2","Monocle3","global",14.4032153249425,700,TRUE
"GTCACAAAGAGGGCTT-500.2.2","Monocle3","global",14.1889483068877,670,TRUE
"GTCCTCATCCCTGACT-500.2.2","Monocle3","global",11.3096698013643,440,TRUE
"GTCGTAACAGCTGTAT-500.2.2","Monocle3","global",13.6284991024338,585,TRUE
"GTCGTAACATACGCCG-500.2.2","Monocle3","global",10.1389817131157,500,TRUE
"GTCTCGTCAACGCACC-500.2.2","Monocle3","global",14.1889485529338,670,TRUE
"GTCTCGTGTTGATTGC-500.2.2","Monocle3","global",10.5682828002281,390,TRUE
"GTGCATATCCTCATTA-500.2.2","Monocle3","global",13.3826947958404,640,TRUE
"GTGTTAGTCATGCTCC-500.2.2","Monocle3","global",12.0794648103061,450,TRUE
"GTTAAGCGTAGAGCTG-500.2.2","Monocle3","global",12.1302542910261,550,TRUE
"GTTCGGGAGCTACCGC-500.2.2","Monocle3","global",12.7529322099535,620,TRUE
"TACACGACACCGAAAG-500.2.2","Monocle3","global",12.3884445818089,550,TRUE
"TACAGTGCAAGCGTAG-500.2.2","Monocle3","global",8.02415274930592,375,TRUE
"TACCTATTCCAGAGGA-500.2.2","Monocle3","global",11.93602998199,490,TRUE
"TACTTACGTCAAGCGA-500.2.2","Monocle3","global",11.7568741323008,640,TRUE
"TAGTGGTTCTCTGCTG-500.2.2","Monocle3","global",11.644895486406,550,TRUE
"TCAACGATCACGATGT-500.2.2","Monocle3","global",12.1302545370723,620,TRUE
"TCAATCTAGGATGGAA-500.2.2","Monocle3","global",12.633449009065,700,TRUE
"TCAGCTCTCGTGGGAA-500.2.2","Monocle3","global",12.6013674487608,450,TRUE
"TCGTACCAGCATGGCA-500.2.2","Monocle3","global",14.8240095762809,760,TRUE
"TCTGGAAAGCGATGAC-500.2.2","Monocle3","global",12.3912349550551,620,TRUE
"TGAAAGATCCGGCACA-500.2.2","Monocle3","global",12.990590146931,620,TRUE
"TGACTTTAGGCTCTTA-500.2.2","Monocle3","global",7.15685220403289,350,TRUE
"TGACTTTGTACATCCA-500.2.2","Monocle3","global",20.4456927789565,700,TRUE
"TGAGAGGAGTTCGCGC-500.2.2","Monocle3","global",4.74080237882412,640,TRUE
"TGATTTCAGTGCCAGA-500.2.2","Monocle3","global",11.7293555625228,520,TRUE
"TGTGTTTCAGTGAGTG-500.2.2","Monocle3","global",14.7721943350002,585,TRUE
"TGTTCCGCACGGTGTC-500.2.2","Monocle3","global",9.7029688263818,450,TRUE
"TTAGGCAAGACATAAC-500.2.2","Monocle3","global",11.9666135658988,635,TRUE
"TTTACTGTCAGGTTCA-500.2.2","Monocle3","global",10.4077467985019,390,TRUE
"TTTGGTTCACAGCGTC-500.2.2","Monocle3","global",12.0092998216812,550,TRUE
"AACCATGCAGTCTTCC-r17","Monocle3","global",4.94611704761124,355,TRUE
"AACCGCGTCGGACAAG-r17","Monocle3","global",4.25711985621711,270,TRUE
"CGAGAAGAGTGGGATC-r17","Monocle3","global",7.29122899250959,360,TRUE
"CTTGGCTAGGTGTGGT-r17","Monocle3","global",11.5306065142096,450,TRUE
"GCAAACTTCCCGACTT-r17","Monocle3","global",3.42193732716218,390,TRUE
"GGGAATGAGTGGTAAT-r17","Monocle3","global",3.42193757320833,700,TRUE
"GTTACAGAGAAGCCCA-r17","Monocle3","global",13.0490272759086,630,TRUE
"TTAGGCAGTCACCTAA-r17","Monocle3","global",13.4636622033496,640,TRUE
"AAAGTAGCATTGAGCT-b01","Monocle3","global",13.0865933916534,510,TRUE
"AAATGCCAGGACAGAA-b01","Monocle3","global",10.4988269018459,410,TRUE
"AACCATGAGTGTACCT-b01","Monocle3","global",12.1044593027565,470,TRUE
"AACGTTGCAGTTCATG-b01","Monocle3","global",13.926400236246,700,TRUE
"AACTCTTGTCTGCCAG-b01","Monocle3","global",13.1172983494401,550,TRUE
"AACTTTCCACGCATCG-b01","Monocle3","global",10.0182236995577,425,TRUE
"AAGTCTGGTCGGCATC-b01","Monocle3","global",7.71598781877345,380,TRUE
"AATCGGTCATACTACG-b01","Monocle3","global",13.2685543399446,620,TRUE
"AATCGGTTCTGTCAAG-b01","Monocle3","global",13.4625859131877,620,TRUE
"ACAGCTACACCAACCG-b01","Monocle3","global",13.3066464577762,550,TRUE
"ACCGTAACATGCCACG-b01","Monocle3","global",7.7502924977048,335,TRUE
"ACCGTAAGTGAGGGAG-b01","Monocle3","global",13.7426639398851,450,TRUE
"ACGAGGACATGGTCAT-b01","Monocle3","global",14.7000598648942,750,TRUE
"ACGATGTAGGCGCTCT-b01","Monocle3","global",12.001609370983,640,TRUE
"ACTGAACGTTGAGTTC-b01","Monocle3","global",19.0930468517145,550,TRUE
"ACTGAGTAGTGGAGTC-b01","Monocle3","global",11.4137340642885,640,TRUE
"ACTGCTCCACGTTGGC-b01","Monocle3","global",12.3075644399677,550,TRUE
"ACTTACTCACATGACT-b01","Monocle3","global",11.1625050886131,430,TRUE
"ACTTGTTAGTCGATAA-b01","Monocle3","global",9.83237237730231,385,TRUE
"ACTTGTTTCTTGAGAC-b01","Monocle3","global",13.9105338892714,640,TRUE
"AGAGCTTAGGTGGGTT-b01","Monocle3","global",10.3799409126316,410,TRUE
"AGAGCTTGTTAGGGTG-b01","Monocle3","global",6.99766116942533,400,TRUE
"AGATTGCTCCGAGCCA-b01","Monocle3","global",13.9321214122989,490,TRUE
"AGCATACTCGACGGAA-b01","Monocle3","global",14.1149805473228,585,TRUE
"AGCATACTCGAGGTAG-b01","Monocle3","global",9.73623595334625,500,TRUE
"AGCGTATCATATGAGA-b01","Monocle3","global",8.82559574821029,390,TRUE
"AGCGTATGTGCCTGTG-b01","Monocle3","global",7.87245299174805,405,TRUE
"AGCGTCGTCGGCGGTT-b01","Monocle3","global",11.0562365799999,700,TRUE
"AGCTCTCGTCTCCCTA-b01","Monocle3","global",13.7756045563777,490,TRUE
"AGGCCACCAGGACGTA-b01","Monocle3","global",18.3157161787948,400,TRUE
"AGGCCACTCCTGCAGG-b01","Monocle3","global",12.9518034016153,585,TRUE
"AGGGATGGTCTTCAAG-b01","Monocle3","global",12.7734326198818,550,TRUE
"AGTCTTTCAAGCCATT-b01","Monocle3","global",13.2689565716342,550,TRUE
"AGTCTTTTCCCTAACC-b01","Monocle3","global",11.2593841062877,725,TRUE
"AGTGAGGAGGATGCGT-b01","Monocle3","global",13.3031293818149,550,TRUE
"ATCACGACAGATCCAT-b01","Monocle3","global",8.20593097242887,365,TRUE
"ATCACGATCCTCAACC-b01","Monocle3","global",13.7151416953793,435,TRUE
"ATCTACTGTAAAGTCA-b01","Monocle3","global",12.9399508484525,550,TRUE
"ATTATCCGTACCATCA-b01","Monocle3","global",13.8067642753314,490,TRUE
"ATTATCCGTGTGGCTC-b01","Monocle3","global",10.7590292046292,450,TRUE
"ATTGGACGTTAGAACA-b01","Monocle3","global",13.5363633789522,410,TRUE
"ATTTCTGTCCCGACTT-b01","Monocle3","global",13.675224346318,410,TRUE
"CAACTAGTCAAGAAGT-b01","Monocle3","global",13.1077734338182,370,TRUE
"CAAGAAAAGCCAGAAC-b01","Monocle3","global",11.4543029907087,620,TRUE
"CACAGGCAGTATGACA-b01","Monocle3","global",19.6724449223688,640,TRUE
"CACATAGGTGTGACGA-b01","Monocle3","global",14.4828305516385,700,TRUE
"CACCACTAGGGAGTAA-b01","Monocle3","global",12.9037184928186,700,TRUE
"CACCACTCAAAGAATC-b01","Monocle3","global",19.8937392324511,700,TRUE
"CACCACTTCGTAGGAG-b01","Monocle3","global",11.5778076828734,620,TRUE
"CAGAATCAGCGACGTA-b01","Monocle3","global",13.858224239577,620,TRUE
"CAGATCAAGATGTCGG-b01","Monocle3","global",10.1926894757353,385,TRUE
"CAGCCGATCGTCACGG-b01","Monocle3","global",6.99766141547148,425,TRUE
"CAGGTGCCATGCAACT-b01","Monocle3","global",10.189945100968,550,TRUE
"CAGTCCTCAGCCTTGG-b01","Monocle3","global",11.8801631899245,420,TRUE
"CATCAGATCCGTAGTA-b01","Monocle3","global",14.8774576681859,640,TRUE
"CATCGAACATGGTCTA-b01","Monocle3","global",6.99766166151762,390,TRUE
"CATCGAAGTCAACTGT-b01","Monocle3","global",8.03557876880197,350,TRUE
"CATTCGCGTTGAGGTG-b01","Monocle3","global",14.402695046645,620,TRUE
"CCGGTAGAGTAGGCCA-b01","Monocle3","global",11.4522924784622,700,TRUE
"CCGTTCAAGAGTCTGG-b01","Monocle3","global",10.3188002542882,620,TRUE
"CCTACACAGCCACGCT-b01","Monocle3","global",12.1302547831184,550,TRUE
"CCTCTGAAGCAACGGT-b01","Monocle3","global",12.0953813978824,490,TRUE
"CCTTCCCCACCTGGTG-b01","Monocle3","global",12.4452571042017,550,TRUE
"CCTTCGACATGTAGTC-b01","Monocle3","global",12.0072539629471,550,TRUE
"CGAACATAGCCGTCGT-b01","Monocle3","global",13.8065019428144,640,TRUE
"CGAACATTCTATCCCG-b01","Monocle3","global",13.7120354981043,450,TRUE
"CGACCTTTCCAATGGT-b01","Monocle3","global",12.9574908734422,500,TRUE
"CGAGAAGCACTGAAGG-b01","Monocle3","global",13.3577632921656,640,TRUE
"CGAGCCATCCCTTGCA-b01","Monocle3","global",9.54590358899885,530,TRUE
"CGATTGATCACATACG-b01","Monocle3","global",7.24326251657393,400,TRUE
"CGCTTCAAGTATGACA-b01","Monocle3","global",11.6010972561959,620,TRUE
"CGCTTCACAGATTGCT-b01","Monocle3","global",13.5281899961193,640,TRUE
"CGCTTCAGTGTAATGA-b01","Monocle3","global",4.68416502781128,750,TRUE
"CGGAGTCAGGGAACGG-b01","Monocle3","global",0.316781527165541,370,TRUE
"CGGAGTCTCGAACGGA-b01","Monocle3","global",6.99766190756376,550,TRUE
"CGTAGCGGTGGTACAG-b01","Monocle3","global",2.77173429252221,450,TRUE
"CGTGAGCAGACGCACA-b01","Monocle3","global",10.9635617597166,550,TRUE
"CGTGAGCTCCCTAATT-b01","Monocle3","global",11.6347309706667,620,TRUE
"CGTGTAACACCCATTC-b01","Monocle3","global",8.20138176879017,355,TRUE
"CGTGTCTAGGTGCTTT-b01","Monocle3","global",11.8003314759767,640,TRUE
"CGTGTCTTCTTCTGGC-b01","Monocle3","global",19.0933988736557,630,TRUE
"CTACGTCCAGTCTTCC-b01","Monocle3","global",8.50777028650258,390,TRUE
"CTCAGAATCCATGAAC-b01","Monocle3","global",3.7398432537282,420,TRUE
"CTCCTAGCATGTAAGA-b01","Monocle3","global",12.2393883020313,700,TRUE
"CTCGAGGGTATGAATG-b01","Monocle3","global",14.877457914232,670,TRUE
"CTCGGGAAGTTCCACA-b01","Monocle3","global",12.1019938136223,550,TRUE
"CTCGGGATCGTCTGAA-b01","Monocle3","global",14.4780582321324,640,TRUE
"CTCTAATAGGGTATCG-b01","Monocle3","global",19.908276960836,700,TRUE
"CTCTACGGTCCAAGTT-b01","Monocle3","global",12.5879221707967,450,TRUE
"CTGATAGGTTAAGGGC-b01","Monocle3","global",11.7568539319096,550,TRUE
"CTGATCCAGATCTGAA-b01","Monocle3","global",11.2777956621218,700,TRUE
"CTGATCCGTATATGGA-b01","Monocle3","global",12.2727644830236,550,TRUE
"CTGCTGTAGGGAACGG-b01","Monocle3","global",13.8976289034009,450,TRUE
"CTGGTCTTCCTAGTGA-b01","Monocle3","global",12.1307859732963,490,TRUE
"CTTAACTGTTCAGGCC-b01","Monocle3","global",18.3890937407412,420,TRUE
"CTTACCGAGCCAGGAT-b01","Monocle3","global",12.784882964894,550,TRUE
"CTTACCGCATTCCTCG-b01","Monocle3","global",14.5222677723273,725,TRUE
"CTTTGCGCACAAGACG-b01","Monocle3","global",11.3755866579746,550,TRUE
"GAAACTCCACGCCAGT-b01","Monocle3","global",1.77802418922477,490,TRUE
"GAACATCTCGTAGGTT-b01","Monocle3","global",14.781953521971,640,TRUE
"GACACGCCAACGATCT-b01","Monocle3","global",13.5874092232741,450,TRUE
"GACCTGGGTCCGAACC-b01","Monocle3","global",13.3491537559461,640,TRUE
"GACGCGTCACCGAATT-b01","Monocle3","global",11.7636371753243,440,TRUE
"GACGTGCGTGTTGAGG-b01","Monocle3","global",12.6585052549049,620,TRUE
"GACTAACGTCTAGAGG-b01","Monocle3","global",8.86974962627444,405,TRUE
"GACTAACGTGCCTGTG-b01","Monocle3","global",12.6348276076414,700,TRUE
"GACTACATCACTGGGC-b01","Monocle3","global",12.7908439828829,620,TRUE
"GAGCAGACAATCTGCA-b01","Monocle3","global",6.9408352817058,700,TRUE
"GAGCAGACAGGCTGAA-b01","Monocle3","global",8.13365733019854,360,TRUE
"GAGGTGAGTAGAGCTG-b01","Monocle3","global",13.6087970873249,435,TRUE
"GAGTCCGGTAATCGTC-b01","Monocle3","global",12.593618696414,450,TRUE
"GATCGCGTCTGCTGCT-b01","Monocle3","global",12.0606339054709,550,TRUE
"GATCTAGGTATGGTTC-b01","Monocle3","global",8.2772750523598,355,TRUE
"GATCTAGTCCACGTGG-b01","Monocle3","global",9.85401700717289,385,TRUE
"GATGAAATCCGAAGAG-b01","Monocle3","global",12.9432691666011,500,TRUE
"GATGAGGAGGTTCCTA-b01","Monocle3","global",13.1054460296257,490,TRUE
"GATGAGGCATTGGTAC-b01","Monocle3","global",8.46210913358053,390,TRUE
"GCACTCTGTGGGTCAA-b01","Monocle3","global",12.2548845189745,490,TRUE
"GCAGTTAGTCGAACAG-b01","Monocle3","global",12.976626425981,620,TRUE
"GCATGATTCGCTTGTC-b01","Monocle3","global",13.2512985615521,385,TRUE
"GCCAAATGTACCAGTT-b01","Monocle3","global",14.1623858755174,640,TRUE
"GCGAGAAGTCGGCATC-b01","Monocle3","global",14.4366564110965,450,TRUE
"GCGAGAAGTGAGGCTA-b01","Monocle3","global",11.7540950022848,550,TRUE
"GCGAGAAGTTAAGGGC-b01","Monocle3","global",13.7024798370774,385,TRUE
"GCGCAACAGTTGTAGA-b01","Monocle3","global",14.5011523550098,750,TRUE
"GCGCAGTCAGTATGCT-b01","Monocle3","global",19.2337893049157,490,TRUE
"GCGCGATAGGACATTA-b01","Monocle3","global",7.7159880648196,375,TRUE
"GCTGCAGAGAGGACGG-b01","Monocle3","global",11.1606366558188,450,TRUE
"GCTGCAGAGATGTGGC-b01","Monocle3","global",12.8284029699279,625,TRUE
"GCTGCTTAGGCATTGG-b01","Monocle3","global",19.4874324349743,630,TRUE
"GCTGCTTCAAATCCGT-b01","Monocle3","global",8.08420568522241,370,TRUE
"GGAACTTGTAATCGTC-b01","Monocle3","global",12.6194959697119,550,TRUE
"GGACAGAAGATAGTCA-b01","Monocle3","global",13.9782891797427,700,TRUE
"GGACGTCTCGCGATCG-b01","Monocle3","global",9.63893458829729,410,TRUE
"GGATTACTCCCGACTT-b01","Monocle3","global",7.71598831086574,385,TRUE
"GGCTGGTTCCGGCACA-b01","Monocle3","global",6.99766215360991,550,TRUE
"GGGCACTCAATCCGAT-b01","Monocle3","global",12.2484239611188,550,TRUE
"GGGCACTCAGGACCCT-b01","Monocle3","global",10.1095102280334,390,TRUE
"GGGCATCGTGCACGAA-b01","Monocle3","global",11.1622364894662,450,TRUE
"GGGTCTGAGGTGCTTT-b01","Monocle3","global",11.5234260524463,450,TRUE
"GGGTTGCGTAGAGTGC-b01","Monocle3","global",7.20192073760981,385,TRUE
"GTACTTTGTCATTAGC-b01","Monocle3","global",13.1593197928594,630,TRUE
"GTCACAACATTGGCGC-b01","Monocle3","global",12.7202878447444,620,TRUE
"GTCACGGCATGGTCTA-b01","Monocle3","global",19.8627484658939,670,TRUE
"GTCCTCACAGTCCTTC-b01","Monocle3","global",13.8762682884245,585,TRUE
"GTCTTCGCAACTGCGC-b01","Monocle3","global",14.8604782223353,640,TRUE
"GTGCATAAGGTGCACA-b01","Monocle3","global",8.01529043838987,335,TRUE
"GTGCTTCGTGTGACGA-b01","Monocle3","global",7.85708457081569,400,TRUE
"GTGCTTCTCCTTAATC-b01","Monocle3","global",6.24779394797215,355,TRUE
"GTGGGTCCACAGGCCT-b01","Monocle3","global",14.8774581602782,640,TRUE
"GTTAAGCGTTAAGGGC-b01","Monocle3","global",10.1066816908053,450,TRUE
"GTTCGGGAGATCCGAG-b01","Monocle3","global",10.1863768999733,440,TRUE
"GTTCTCGAGAGGTAGA-b01","Monocle3","global",9.7741929808493,500,TRUE
"GTTCTCGAGTGGGTTG-b01","Monocle3","global",12.6899523059948,700,TRUE
"TAAACCGAGAAACGAG-b01","Monocle3","global",12.1302550291646,635,TRUE
"TACACGAGTACAAGTA-b01","Monocle3","global",12.2187985094617,670,TRUE
"TACGGTATCTTCCTTC-b01","Monocle3","global",5.15494418242137,630,TRUE
"TACTCATAGATACACA-b01","Monocle3","global",11.2083914728173,425,TRUE
"TACTCGCCACGTAAGG-b01","Monocle3","global",19.050931114378,440,TRUE
"TAGTGGTGTGTTAAGA-b01","Monocle3","global",8.31209626428545,360,TRUE
"TATGCCCCAGGTCGTC-b01","Monocle3","global",11.5607918184505,700,TRUE
"TCAACGATCCTATGTT-b01","Monocle3","global",13.6343654601627,550,TRUE
"TCAACGATCTAACCGA-b01","Monocle3","global",6.99766239965605,400,TRUE
"TCAATCTCAGGGTTAG-b01","Monocle3","global",11.3317139648922,450,TRUE
"TCAGCAAAGCTAACTC-b01","Monocle3","global",12.0988351535029,450,TRUE
"TCAGCTCCAGACAAAT-b01","Monocle3","global",12.6408595721672,700,TRUE
"TCAGGATGTGGACGAT-b01","Monocle3","global",11.522123191522,395,TRUE
"TCATTACGTCCAGTAT-b01","Monocle3","global",9.14788706218615,385,TRUE
"TCCACACCACACAGAG-b01","Monocle3","global",10.5746503353992,385,TRUE
"TCCACACGTGCAACGA-b01","Monocle3","global",11.523737065265,450,TRUE
"TCGGTAAGTCATCGGC-b01","Monocle3","global",10.5442222844614,410,TRUE
"TCGTAGATCATCGGAT-b01","Monocle3","global",8.11795878654241,385,TRUE
"TCTTCGGGTTCCTCCA-b01","Monocle3","global",12.6408598182134,700,TRUE
"TCTTTCCGTAGCCTCG-b01","Monocle3","global",13.8273617949853,500,TRUE
"TCTTTCCGTATAGTAG-b01","Monocle3","global",13.8593103039488,435,TRUE
"TGAGCCGTCTTCGAGA-b01","Monocle3","global",12.1255415791835,510,TRUE
"TGAGGGATCATGGTCA-b01","Monocle3","global",6.9976626457022,450,TRUE
"TGATTTCAGACTAAGT-b01","Monocle3","global",13.7721918503405,640,TRUE
"TGCACCTTCGTGGTCG-b01","Monocle3","global",12.6032863144222,440,TRUE
"TGCGCAGAGGCCATAG-b01","Monocle3","global",14.7436493687722,640,TRUE
"TGCGCAGTCAAGGCTT-b01","Monocle3","global",12.5996058443968,440,TRUE
"TGCGGGTCATGTTCCC-b01","Monocle3","global",10.1483081533538,390,TRUE
"TGGCGCACATCCTAGA-b01","Monocle3","global",7.72070076881149,415,TRUE
"TGGCTGGGTGAGGCTA-b01","Monocle3","global",7.9016357469865,395,TRUE
"TGGCTGGTCTGCTGTC-b01","Monocle3","global",19.1921491481463,440,TRUE
"TGGGCGTGTCAAAGAT-b01","Monocle3","global",13.9623921535403,470,TRUE
"TGTCCCAGTTAAGAAC-b01","Monocle3","global",9.15369963821154,390,TRUE
"TTCGAAGCATTGGGCC-b01","Monocle3","global",11.6198294977461,550,TRUE
"TTCTCAAGTCAGCTAT-b01","Monocle3","global",4.74080262487026,380,TRUE
"TTGGAACAGTATCTCG-b01","Monocle3","global",14.7290646900815,640,TRUE
"TTGTAGGCAAGCTGAG-b01","Monocle3","global",12.6009923580296,450,TRUE
"TTGTAGGGTTACTGAC-b01","Monocle3","global",7.61055374667417,385,TRUE
"AACACGTGTACAAGTA-b02","Monocle3","global",11.4309145043545,620,TRUE
"AAGGCAGGTTCACGGC-b02","Monocle3","global",13.335629933096,640,TRUE
"ACACCCTGTATTCTCT-b02","Monocle3","global",11.2593843523339,750,TRUE
"ACATACGCATGGGAAC-b02","Monocle3","global",13.6047418772213,620,TRUE
"ACATCAGGTAAGTTCC-b02","Monocle3","global",13.1456006604783,620,TRUE
"ACATGGTCAAGTTAAG-b02","Monocle3","global",11.6345219282188,585,TRUE
"ACATGGTGTTATGCGT-b02","Monocle3","global",14.4298309272413,550,TRUE
"ACGCCGAAGAGTCTGG-b02","Monocle3","global",9.94947284986575,550,TRUE
"ACGTCAACAATCTGCA-b02","Monocle3","global",11.2560338426539,640,TRUE
"ACTGAGTGTTCCACGG-b02","Monocle3","global",11.6656318987981,470,TRUE
"AGCGGTCCATCCTTGC-b02","Monocle3","global",14.1057124604776,670,TRUE
"AGGCCACGTCCAGTAT-b02","Monocle3","global",10.107302151321,530,TRUE
"ATCATGGCAGTTAACC-b02","Monocle3","global",2.63982853430574,640,TRUE
"ATCCGAACACAGGAGT-b02","Monocle3","global",13.6074536551754,450,TRUE
"ATCGAGTTCAGCTTAG-b02","Monocle3","global",7.88644595895431,390,TRUE
"ATCGAGTTCTGTGCAA-b02","Monocle3","global",14.2468017453022,670,TRUE
"ATGGGAGCATCGTCGG-b02","Monocle3","global",12.5049303662642,700,TRUE
"ATTATCCGTTGGGACA-b02","Monocle3","global",13.4820059236857,410,TRUE
"ATTCTACGTATCAGTC-b02","Monocle3","global",13.3577635382118,640,TRUE
"CAACTAGCATCCCACT-b02","Monocle3","global",11.6258581561421,620,TRUE
"CACAGGCGTCTCTCGT-b02","Monocle3","global",11.750027779408,510,TRUE
"CACCACTAGTGACTCT-b02","Monocle3","global",14.5700845422975,725,TRUE
"CACTCCAAGCCTTGAT-b02","Monocle3","global",18.8589520765229,490,TRUE
"CAGTCCTCACAGACTT-b02","Monocle3","global",14.095683046245,585,TRUE
"CATATGGAGATCACGG-b02","Monocle3","global",12.1302552752107,585,TRUE
"CATCCACTCCCTAACC-b02","Monocle3","global",14.4575650813586,635,TRUE
"CATCGAACACGTCAGC-b02","Monocle3","global",9.11565031205939,400,TRUE
"CATTATCTCCTTAATC-b02","Monocle3","global",12.0853483773134,490,TRUE
"CCACGGAAGAAACCAT-b02","Monocle3","global",11.6543975600365,500,TRUE
"CCAGCGATCGAATGCT-b02","Monocle3","global",12.8078039857441,620,TRUE
"CCATTCGGTGTGAAAT-b02","Monocle3","global",10.9273632567519,490,TRUE
"CCTACACGTCATGCCG-b02","Monocle3","global",5.98029790584647,700,TRUE
"CGAATGTCACTGAAGG-b02","Monocle3","global",6.99766289174834,520,TRUE
"CGAGAAGCATTGTGCA-b02","Monocle3","global",8.43169729799354,390,TRUE
"CGAGCACTCCCTAATT-b02","Monocle3","global",14.3218272912405,700,TRUE
"CGGACACCAAGGACTG-b02","Monocle3","global",14.1317631352341,620,TRUE
"CGTAGCGCACCCTATC-b02","Monocle3","global",5.32906553107455,390,TRUE
"CGTAGCGGTCATCGGC-b02","Monocle3","global",13.4166879430881,640,TRUE
"CGTCAGGGTCGAGTTT-b02","Monocle3","global",11.9169264878931,320,TRUE
"CTCACACCAACACCTA-b02","Monocle3","global",14.3270616749627,730,TRUE
"CTCACACCACCAGGTC-b02","Monocle3","global",12.9518741585714,450,TRUE
"CTCATTACACATGTGT-b02","Monocle3","global",14.8574188900903,640,TRUE
"CTCGAGGTCAGATAAG-b02","Monocle3","global",12.824477896592,725,TRUE
"CTGGTCTGTATCGCAT-b02","Monocle3","global",14.6234779814871,750,TRUE
"CTTCTCTCATCCTTGC-b02","Monocle3","global",13.3577637842579,640,TRUE
"GACACGCCAGCTTCGG-b02","Monocle3","global",9.98279779189633,420,TRUE
"GATTCAGGTTCACCTC-b02","Monocle3","global",12.6338815253852,620,TRUE
"GCATGATTCAGTCCCT-b02","Monocle3","global",12.1302555212569,630,TRUE
"GCATGATTCAGTGTTG-b02","Monocle3","global",10.2754410928695,620,TRUE
"GCATGTATCGTTTATC-b02","Monocle3","global",6.76571110685051,370,TRUE
"GCGCAACAGTTATCGC-b02","Monocle3","global",10.2379543709582,410,TRUE
"GCGCAGTTCGCCAGCA-b02","Monocle3","global",12.0917528756879,490,TRUE
"GCTGCGATCTTCTGGC-b02","Monocle3","global",14.0491686509001,700,TRUE
"GCTGGGTAGCAATCTC-b02","Monocle3","global",11.998680401327,620,TRUE
"GCTGGGTCATACGCCG-b02","Monocle3","global",14.1240985826419,640,TRUE
"GGACAAGGTGTTGGGA-b02","Monocle3","global",8.51167038020294,390,TRUE
"GGACAGAAGAAGGTTT-b02","Monocle3","global",9.92674682853341,430,TRUE
"GGCAATTGTGTAATGA-b02","Monocle3","global",20.4453411441943,700,TRUE
"GGCGTGTCATCGGGTC-b02","Monocle3","global",2.70412031433917,345,TRUE
"GGGAATGCACAAGTAA-b02","Monocle3","global",13.8092185113133,640,TRUE
"GGGCACTAGCCTTGAT-b02","Monocle3","global",14.6235263617229,725,TRUE
"GTACTTTGTTACTGAC-b02","Monocle3","global",11.1933796404454,450,TRUE
"GTAGGCCCAGATCGGA-b02","Monocle3","global",11.23320428243,450,TRUE
"GTAGTCACACTCAGGC-b02","Monocle3","global",18.4613235850314,415,TRUE
"GTCACGGAGAGGTAGA-b02","Monocle3","global",11.3519643003805,670,TRUE
"GTGCATACAACTGCGC-b02","Monocle3","global",11.8807979758722,470,TRUE
"TACCTATAGTTAGGTA-b02","Monocle3","global",14.0926305797659,550,TRUE
"TAGACCAAGATCTGAA-b02","Monocle3","global",13.919391855073,640,TRUE
"TAGAGCTAGTACGCGA-b02","Monocle3","global",3.42193781925447,400,TRUE
"TATTACCGTCCAGTTA-b02","Monocle3","global",4.7750235414471,350,TRUE
"TCAGATGAGATGGGTC-b02","Monocle3","global",11.9191269286662,420,TRUE
"TCAGATGGTAGAGCTG-b02","Monocle3","global",13.3078831195357,550,TRUE
"TCCCGATTCGCCGTGA-b02","Monocle3","global",13.5788375060268,620,TRUE
"TCGTACCTCAACGCTA-b02","Monocle3","global",12.6356484038313,725,TRUE
"TGATTTCCAGTCTTCC-b02","Monocle3","global",14.2374706819468,640,TRUE
"TGCGCAGCAGGATTGG-b02","Monocle3","global",11.451956911702,700,TRUE
"TGCGCAGTCCCTGACT-b02","Monocle3","global",20.1166162309278,700,TRUE
"TGCGGGTAGTACTTGC-b02","Monocle3","global",11.1244855111511,450,TRUE
"TTTGTCAAGTACACCT-b02","Monocle3","global",12.4129247553788,700,TRUE
