"obs_name","method","pseudotime","embryo_time","cluster","start_cluster","is_finite"
"AAACCTGCAAGACGTG-300.1.1","Slingshot_PCA_rooted",22.619261907954,350,"1","2",TRUE
"AAACCTGGTGTGAATA-300.1.1","Slingshot_PCA_rooted",6.5947866173713,190,"2","2",TRUE
"AAACCTGTCGGCCGAT-300.1.1","Slingshot_PCA_rooted",16.8530314167816,245,"3","2",TRUE
"AAAGATGGTTCGTTGA-300.1.1","Slingshot_PCA_rooted",18.1825335093071,225,"3","2",TRUE
"AACCATGAGAAACCTA-300.1.1","Slingshot_PCA_rooted",19.23585056748,325,"4","2",TRUE
"AACCATGAGTTGAGAT-300.1.1","Slingshot_PCA_rooted",20.0718061097218,670,"5","2",TRUE
"AACGTTGAGTAAGTAC-300.1.1","Slingshot_PCA_rooted",18.6078459254366,260,"3","2",TRUE
"AACTCAGTCTTATCTG-300.1.1","Slingshot_PCA_rooted",7.57432531687153,170,"2","2",TRUE
"AACTCCCAGTGTACTC-300.1.1","Slingshot_PCA_rooted",17.9395461184228,260,"6","2",TRUE
"AACTGGTAGGCAATTA-300.1.1","Slingshot_PCA_rooted",31.3459205085472,300,"7","2",TRUE
"AACTTTCGTCTTCAAG-300.1.1","Slingshot_PCA_rooted",13.5828175270924,260,"8","2",TRUE
"AAGCCGCTCAGAGACG-300.1.1","Slingshot_PCA_rooted",15.6397865272574,260,"8","2",TRUE
"AAGGCAGGTGGGTATG-300.1.1","Slingshot_PCA_rooted",12.2878281775341,200,"3","2",TRUE
"AAGTCTGTCCAAATGC-300.1.1","Slingshot_PCA_rooted",12.3460646575479,290,"4","2",TRUE
"AAGTCTGTCTAACTCT-300.1.1","Slingshot_PCA_rooted",19.525805121782,300,"9","2",TRUE
"AATCGGTAGCGAGAAA-300.1.1","Slingshot_PCA_rooted",16.6105928035367,290,"10","2",TRUE
"ACACCAAAGTTCCACA-300.1.1","Slingshot_PCA_rooted",19.2483547217676,240,"3","2",TRUE
"ACACCCTCAAACGTGG-300.1.1","Slingshot_PCA_rooted",13.8484264004141,230,"6","2",TRUE
"ACATGGTCAGTAGAGC-300.1.1","Slingshot_PCA_rooted",14.9131326008276,260,"7","2",TRUE
"ACCAGTATCGTAGGTT-300.1.1","Slingshot_PCA_rooted",32.997920805112,300,"7","2",TRUE
"ACCTTTAAGATATGCA-300.1.1","Slingshot_PCA_rooted",5.2634618784869,175,"2","2",TRUE
"ACGAGCCGTGAACCTT-300.1.1","Slingshot_PCA_rooted",8.44998593647576,195,"2","2",TRUE
"ACGAGGACATCCTAGA-300.1.1","Slingshot_PCA_rooted",7.34269643482229,170,"8","2",TRUE
"ACGATACTCGCGTAGC-300.1.1","Slingshot_PCA_rooted",27.2125671118555,265,"7","2",TRUE
"ACGCAGCAGTGCGATG-300.1.1","Slingshot_PCA_rooted",25.7884937138419,300,"6","2",TRUE
"ACGCAGCGTTCGCTAA-300.1.1","Slingshot_PCA_rooted",24.344061735601,280,"6","2",TRUE
"ACGCCAGGTTAAGGGC-300.1.1","Slingshot_PCA_rooted",12.3312999247721,260,"8","2",TRUE
"ACGGAGAAGACACTAA-300.1.1","Slingshot_PCA_rooted",19.0207313393954,310,"8","2",TRUE
"ACGGAGACAATAGCAA-300.1.1","Slingshot_PCA_rooted",18.2301070990839,270,"6","2",TRUE
"ACGGAGACACACTGCG-300.1.1","Slingshot_PCA_rooted",13.9052394690372,230,"3","2",TRUE
"ACGGGCTAGGAGTAGA-300.1.1","Slingshot_PCA_rooted",13.5150332795549,260,"6","2",TRUE
"ACTATCTAGTGCAAGC-300.1.1","Slingshot_PCA_rooted",11.8851538802014,260,"8","2",TRUE
"ACTATCTCAAACGTGG-300.1.1","Slingshot_PCA_rooted",33.3841252042163,405,"11","2",TRUE
"ACTGCTCTCTTACCTA-300.1.1","Slingshot_PCA_rooted",24.5749794012903,270,"1","2",TRUE
"ACTTACTGTGTAACGG-300.1.1","Slingshot_PCA_rooted",14.2419650125852,225,"6","2",TRUE
"ACTTGTTTCAGGTAAA-300.1.1","Slingshot_PCA_rooted",7.79500610635845,175,"8","2",TRUE
"ACTTTCACAAGTTGTC-300.1.1","Slingshot_PCA_rooted",25.2358588526346,260,"12","2",TRUE
"AGACGTTAGGCCCGTT-300.1.1","Slingshot_PCA_rooted",11.8979985646062,210,"8","2",TRUE
"AGAGCTTAGCGTGAAC-300.1.1","Slingshot_PCA_rooted",30.3779756112655,300,"6","2",TRUE
"AGAGCTTCATGGAATA-300.1.1","Slingshot_PCA_rooted",10.6768530160834,170,"3","2",TRUE
"AGAGTGGGTGGCAAAC-300.1.1","Slingshot_PCA_rooted",9.27682156059668,190,"8","2",TRUE
"AGCAGCCTCATAACCG-300.1.1","Slingshot_PCA_rooted",31.2072653308781,300,"6","2",TRUE
"AGCGTATAGTCGTTTG-300.1.1","Slingshot_PCA_rooted",13.440133826646,220,"7","2",TRUE
"AGCGTATTCGTCTGAA-300.1.1","Slingshot_PCA_rooted",9.73472176902253,170,"3","2",TRUE
"AGCTCTCGTACTTCTT-300.1.1","Slingshot_PCA_rooted",18.520448606982,310,"10","2",TRUE
"AGGCCACCAGGTGGAT-300.1.1","Slingshot_PCA_rooted",9.21028936180767,180,"2","2",TRUE
"AGGCCGTCACTAGTAC-300.1.1","Slingshot_PCA_rooted",26.0189818833512,260,"12","2",TRUE
"AGGGAGTCACCTATCC-300.1.1","Slingshot_PCA_rooted",25.3850576243678,245,"12","2",TRUE
"AGGGAGTTCTGATTCT-300.1.1","Slingshot_PCA_rooted",26.857285917753,245,"3","2",TRUE
"AGGGATGAGCCGCCTA-300.1.1","Slingshot_PCA_rooted",18.0089842612031,270,"6","2",TRUE
"AGGGATGGTCCGTCAG-300.1.1","Slingshot_PCA_rooted",9.82041933941883,205,"2","2",TRUE
"AGGGTGAAGCGTGAGT-300.1.1","Slingshot_PCA_rooted",18.4606094876596,230,"3","2",TRUE
"AGGTCCGAGACGACGT-300.1.1","Slingshot_PCA_rooted",19.2291890835372,230,"7","2",TRUE
"AGGTCCGAGGCTCTTA-300.1.1","Slingshot_PCA_rooted",6.61930531742841,170,"2","2",TRUE
"AGGTCCGGTCGCCATG-300.1.1","Slingshot_PCA_rooted",30.4770280002894,390,"5","2",TRUE
"AGGTCCGTCAACGGGA-300.1.1","Slingshot_PCA_rooted",21.1012648029012,260,"7","2",TRUE
"AGTTGGTAGCCAGTAG-300.1.1","Slingshot_PCA_rooted",16.7568697292892,245,"3","2",TRUE
"ATAACGCCATGTAGTC-300.1.1","Slingshot_PCA_rooted",14.5654626556566,260,"6","2",TRUE
"ATCACGAGTCGAGTTT-300.1.1","Slingshot_PCA_rooted",18.048376672606,260,"6","2",TRUE
"ATCACGATCGCCAGCA-300.1.1","Slingshot_PCA_rooted",15.874252840434,230,"3","2",TRUE
"ATCACGATCGGCATCG-300.1.1","Slingshot_PCA_rooted",18.0587946742284,265,"6","2",TRUE
"ATCCGAAAGCTACCGC-300.1.1","Slingshot_PCA_rooted",32.8678840411088,420,"5","2",TRUE
"ATCCGAAAGCTATGCT-300.1.1","Slingshot_PCA_rooted",19.385450090285,285,"10","2",TRUE
"ATGAGGGAGGCTAGAC-300.1.1","Slingshot_PCA_rooted",22.6212249024646,280,"6","2",TRUE
"ATGAGGGTCCTATGTT-300.1.1","Slingshot_PCA_rooted",19.1542639703294,230,"3","2",TRUE
"ATGTGTGCAGTCAGAG-300.1.1","Slingshot_PCA_rooted",18.5535330227796,300,"10","2",TRUE
"ATTATCCCACCACCAG-300.1.1","Slingshot_PCA_rooted",12.1296819761518,200,"3","2",TRUE
"ATTATCCGTGACCAAG-300.1.1","Slingshot_PCA_rooted",17.2319825263995,230,"3","2",TRUE
"ATTGGACCAGTAACGG-300.1.1","Slingshot_PCA_rooted",18.5031181862051,290,"4","2",TRUE
"CAACCTCGTCCAGTGC-300.1.1","Slingshot_PCA_rooted",8.86696525759455,190,"2","2",TRUE
"CAAGGCCGTCACACGC-300.1.1","Slingshot_PCA_rooted",11.2199012117985,200,"2","2",TRUE
"CAAGGCCGTCCTCTTG-300.1.1","Slingshot_PCA_rooted",29.6749537268351,275,"3","2",TRUE
"CAAGTTGTCTCCGGTT-300.1.1","Slingshot_PCA_rooted",18.1556101525997,260,"6","2",TRUE
"CACACCTCACATGTGT-300.1.1","Slingshot_PCA_rooted",17.1226464769956,300,"4","2",TRUE
"CACACTCGTACCATCA-300.1.1","Slingshot_PCA_rooted",8.56226837464906,170,"2","2",TRUE
"CACAGGCTCACCCTCA-300.1.1","Slingshot_PCA_rooted",31.3079187050177,340,"11","2",TRUE
"CACATAGTCAAGGTAA-300.1.1","Slingshot_PCA_rooted",19.4838588566457,310,"9","2",TRUE
"CAGCATATCCACGACG-300.1.1","Slingshot_PCA_rooted",21.5126530765025,345,"4","2",TRUE
"CAGCCGAGTGACTACT-300.1.1","Slingshot_PCA_rooted",9.90546742875665,200,"8","2",TRUE
"CAGCGACTCTGAGTGT-300.1.1","Slingshot_PCA_rooted",20.0747752456202,230,"3","2",TRUE
"CAGCTAATCCGTTGCT-300.1.1","Slingshot_PCA_rooted",14.4006144500933,265,"6","2",TRUE
"CAGCTAATCTTCATGT-300.1.1","Slingshot_PCA_rooted",17.9039522747834,270,"6","2",TRUE
"CATATGGCAGACAAGC-300.1.1","Slingshot_PCA_rooted",18.1928266702101,260,"3","2",TRUE
"CATATGGCATTTGCCC-300.1.1","Slingshot_PCA_rooted",23.9369952345902,365,"4","2",TRUE
"CATGACACATTAACCG-300.1.1","Slingshot_PCA_rooted",26.2399885578376,380,"11","2",TRUE
"CATGACATCGATCCCT-300.1.1","Slingshot_PCA_rooted",12.0749924324378,220,"8","2",TRUE
"CATGCCTCATATGGTC-300.1.1","Slingshot_PCA_rooted",13.7350555391,220,"3","2",TRUE
"CATGCCTGTTAAGGGC-300.1.1","Slingshot_PCA_rooted",18.7676831450986,330,"4","2",TRUE
"CATGGCGTCGGCGCAT-300.1.1","Slingshot_PCA_rooted",19.3630028146469,265,"8","2",TRUE
"CATTATCGTTGGGACA-300.1.1","Slingshot_PCA_rooted",8.44805662313131,205,"2","2",TRUE
"CCAATCCAGATGCCTT-300.1.1","Slingshot_PCA_rooted",19.5716366234139,325,"1","2",TRUE
"CCAATCCCACCTCGTT-300.1.1","Slingshot_PCA_rooted",30.0997428051719,270,"3","2",TRUE
"CCACGGATCTTGTTTG-300.1.1","Slingshot_PCA_rooted",30.7448923824073,310,"6","2",TRUE
"CCAGCGAGTTAGTGGG-300.1.1","Slingshot_PCA_rooted",29.9314525007003,300,"12","2",TRUE
"CCCAATCAGATCCCGC-300.1.1","Slingshot_PCA_rooted",35.278931805588,370,"11","2",TRUE
"CCCAGTTTCCTTTCGG-300.1.1","Slingshot_PCA_rooted",14.8180450847913,290,"4","2",TRUE
"CCCATACAGCGCCTTG-300.1.1","Slingshot_PCA_rooted",24.9943340607491,230,"12","2",TRUE
"CCCTCCTAGAGAGCTC-300.1.1","Slingshot_PCA_rooted",12.3639402736142,180,"8","2",TRUE
"CCCTCCTCACCCATGG-300.1.1","Slingshot_PCA_rooted",27.9915160759605,300,"12","2",TRUE
"CCGTACTGTCGCGGTT-300.1.1","Slingshot_PCA_rooted",17.9516143365481,225,"3","2",TRUE
"CCGTGGACACCTCGTT-300.1.1","Slingshot_PCA_rooted",12.4750610943666,200,"2","2",TRUE
"CCGTTCAAGACGCACA-300.1.1","Slingshot_PCA_rooted",13.8697813776555,245,"3","2",TRUE
"CCTATTATCTACTTAC-300.1.1","Slingshot_PCA_rooted",21.6711154764551,260,"7","2",TRUE
"CCTCAGTAGTGTGAAT-300.1.1","Slingshot_PCA_rooted",13.4593823174408,225,"3","2",TRUE
"CCTCAGTGTTGTCGCG-300.1.1","Slingshot_PCA_rooted",17.2338313376273,290,"10","2",TRUE
"CCTCTGAAGCTCAACT-300.1.1","Slingshot_PCA_rooted",35.9958608736399,360,"11","2",TRUE
"CCTCTGATCCTCGCAT-300.1.1","Slingshot_PCA_rooted",18.9252898649577,260,"8","2",TRUE
"CCTTCCCCATCGGAAG-300.1.1","Slingshot_PCA_rooted",20.9917119075633,230,"12","2",TRUE
"CCTTTCTCAATTCCTT-300.1.1","Slingshot_PCA_rooted",28.958582801535,370,"13","2",TRUE
"CGAGCCAGTAAGTGTA-300.1.1","Slingshot_PCA_rooted",14.040334099235,270,"4","2",TRUE
"CGAGCCATCGGCGCAT-300.1.1","Slingshot_PCA_rooted",19.1396015842494,270,"6","2",TRUE
"CGCCAAGCAGATAATG-300.1.1","Slingshot_PCA_rooted",7.07452438299544,175,"2","2",TRUE
"CGCGGTAAGCGTAGTG-300.1.1","Slingshot_PCA_rooted",18.7031135376275,260,"8","2",TRUE
"CGCGTTTCAGGAACGT-300.1.1","Slingshot_PCA_rooted",12.7520143686141,245,"8","2",TRUE
"CGCTATCCAGTAAGAT-300.1.1","Slingshot_PCA_rooted",30.4751541625462,315,"12","2",TRUE
"CGCTATCTCTGCTGCT-300.1.1","Slingshot_PCA_rooted",12.7129214399875,190,"6","2",TRUE
"CGCTGGACACTAAGTC-300.1.1","Slingshot_PCA_rooted",17.9933510062066,270,"6","2",TRUE
"CGCTGGACAGACGCAA-300.1.1","Slingshot_PCA_rooted",20.9268509622312,345,"5","2",TRUE
"CGCTGGAGTCGGCTCA-300.1.1","Slingshot_PCA_rooted",13.204296487401,260,"6","2",TRUE
"CGCTGGAGTTAAGACA-300.1.1","Slingshot_PCA_rooted",22.7722162434727,350,"10","2",TRUE
"CGCTTCAGTTATCCGA-300.1.1","Slingshot_PCA_rooted",25.4946242173501,275,"8","2",TRUE
"CGGACGTAGTACGTAA-300.1.1","Slingshot_PCA_rooted",14.2765792586422,260,"8","2",TRUE
"CGGACGTAGTGGTCCC-300.1.1","Slingshot_PCA_rooted",14.1450381414775,270,"4","2",TRUE
"CGGAGCTCAATGGAAT-300.1.1","Slingshot_PCA_rooted",19.6154269816319,300,"9","2",TRUE
"CGGAGTCAGTCGCCGT-300.1.1","Slingshot_PCA_rooted",19.0752851704151,260,"6","2",TRUE
"CGGAGTCTCTGTACGA-300.1.1","Slingshot_PCA_rooted",17.5794094401305,230,"7","2",TRUE
"CGGCTAGCAACTTGAC-300.1.1","Slingshot_PCA_rooted",17.6302324970856,215,"6","2",TRUE
"CGTCACTCATGTTCCC-300.1.1","Slingshot_PCA_rooted",7.22916722767376,195,"2","2",TRUE
"CGTCAGGGTAAGGATT-300.1.1","Slingshot_PCA_rooted",36.988119295547,405,"9","2",TRUE
"CGTCTACTCCAGTAGT-300.1.1","Slingshot_PCA_rooted",37.6977453888156,365,"11","2",TRUE
"CGTGTAATCGTTACGA-300.1.1","Slingshot_PCA_rooted",17.4058419433235,260,"7","2",TRUE
"CGTTAGAAGGCGTACA-300.1.1","Slingshot_PCA_rooted",22.9621923083816,270,"12","2",TRUE
"CTAAGACAGCACCGCT-300.1.1","Slingshot_PCA_rooted",18.1517600346997,260,"6","2",TRUE
"CTAAGACCAGCTTCGG-300.1.1","Slingshot_PCA_rooted",26.4723321371742,260,"3","2",TRUE
"CTAAGACTCTCTAGGA-300.1.1","Slingshot_PCA_rooted",15.0466491912534,230,"3","2",TRUE
"CTAATGGAGGGCTTCC-300.1.1","Slingshot_PCA_rooted",6.1983904671532,180,"2","2",TRUE
"CTAATGGAGTACCGGA-300.1.1","Slingshot_PCA_rooted",25.3380726870012,310,"5","2",TRUE
"CTACCCACAATGGACG-300.1.1","Slingshot_PCA_rooted",26.466489215195,370,"5","2",TRUE
"CTACCCAGTCTGGAGA-300.1.1","Slingshot_PCA_rooted",25.5362602102935,320,"6","2",TRUE
"CTACCCATCTGGGCCA-300.1.1","Slingshot_PCA_rooted",9.00481378299709,205,"8","2",TRUE
"CTAGTGATCCGCGCAA-300.1.1","Slingshot_PCA_rooted",29.1830845721034,300,"12","2",TRUE
"CTCATTACAGTATGCT-300.1.1","Slingshot_PCA_rooted",7.15787236652909,200,"8","2",TRUE
"CTCCTAGTCACCTTAT-300.1.1","Slingshot_PCA_rooted",30.2753834015446,320,"6","2",TRUE
"CTCGAGGAGGAGTTGC-300.1.1","Slingshot_PCA_rooted",17.416900540289,230,"7","2",TRUE
"CTCGAGGAGTGATCGG-300.1.1","Slingshot_PCA_rooted",23.657969851888,210,"12","2",TRUE
"CTCGAGGGTCTTCGTC-300.1.1","Slingshot_PCA_rooted",10.4572033859178,195,"2","2",TRUE
"CTCGTCAAGTCTCCTC-300.1.1","Slingshot_PCA_rooted",18.9635931418348,260,"6","2",TRUE
"CTGAAACCAGCCAATT-300.1.1","Slingshot_PCA_rooted",37.0623175456677,350,"11","2",TRUE
"CTGAAGTCACCAGGCT-300.1.1","Slingshot_PCA_rooted",49.7512816597221,585,"11","2",TRUE
"CTGATAGAGAGCTGGT-300.1.1","Slingshot_PCA_rooted",34.3369260625752,425,"5","2",TRUE
"CTGCCTAAGGGTCGAT-300.1.1","Slingshot_PCA_rooted",21.7872874101965,285,"6","2",TRUE
"CTGCTGTAGCAGGCTA-300.1.1","Slingshot_PCA_rooted",16.8834300619361,245,"3","2",TRUE
"CTGCTGTAGTTGTAGA-300.1.1","Slingshot_PCA_rooted",20.9617635203251,220,"12","2",TRUE
"CTGCTGTCAGAGTGTG-300.1.1","Slingshot_PCA_rooted",31.1827344740592,380,"11","2",TRUE
"CTGCTGTTCAAGCCTA-300.1.1","Slingshot_PCA_rooted",6.93151070417617,180,"2","2",TRUE
"CTGGTCTGTTCCACAA-300.1.1","Slingshot_PCA_rooted",30.4422504508486,260,"3","2",TRUE
"CTGGTCTTCGGCGGTT-300.1.1","Slingshot_PCA_rooted",17.9138194545698,270,"6","2",TRUE
"CTGTGCTAGCTTTGGT-300.1.1","Slingshot_PCA_rooted",13.8075634601416,230,"6","2",TRUE
"CTGTGCTGTTGGGACA-300.1.1","Slingshot_PCA_rooted",19.005148751106,230,"3","2",TRUE
"CTTACCGCATGCCTTC-300.1.1","Slingshot_PCA_rooted",18.2319431132143,270,"6","2",TRUE
"CTTACCGTCCGTCATC-300.1.1","Slingshot_PCA_rooted",36.0836975922915,405,"11","2",TRUE
"CTTACCGTCGTACGGC-300.1.1","Slingshot_PCA_rooted",23.2326925374059,350,"10","2",TRUE
"CTTAGGACATCATCCC-300.1.1","Slingshot_PCA_rooted",12.4376612904499,200,"2","2",TRUE
"CTTAGGAGTAGCTTGT-300.1.1","Slingshot_PCA_rooted",10.3980887969249,200,"8","2",TRUE
"CTTAGGAGTAGGAGTC-300.1.1","Slingshot_PCA_rooted",18.2109910768011,310,"4","2",TRUE
"CTTAGGAGTTAGTGGG-300.1.1","Slingshot_PCA_rooted",6.971926575905,190,"2","2",TRUE
"CTTCTCTGTTACTGAC-300.1.1","Slingshot_PCA_rooted",7.67947839352289,200,"2","2",TRUE
"CTTTGCGCAACGCACC-300.1.1","Slingshot_PCA_rooted",8.89534979908426,200,"8","2",TRUE
"GACAGAGCATGCTAGT-300.1.1","Slingshot_PCA_rooted",25.3666465120064,275,"12","2",TRUE
"GACGCGTAGAAGGCCT-300.1.1","Slingshot_PCA_rooted",20.6142537548395,225,"3","2",TRUE
"GACGCGTTCTTCTGGC-300.1.1","Slingshot_PCA_rooted",7.04467032521757,195,"2","2",TRUE
"GACGGCTGTAGTGAAT-300.1.1","Slingshot_PCA_rooted",30.7995036051153,390,"5","2",TRUE
"GACGTGCTCGTGGACC-300.1.1","Slingshot_PCA_rooted",29.3387914004102,275,"3","2",TRUE
"GACGTTACAAACAACA-300.1.1","Slingshot_PCA_rooted",28.4559173368451,390,"9","2",TRUE
"GAGCAGAAGGCTCTTA-300.1.1","Slingshot_PCA_rooted",25.384391807976,245,"3","2",TRUE
"GAGTCCGCAGCTTCGG-300.1.1","Slingshot_PCA_rooted",21.2860371755498,350,"9","2",TRUE
"GATCGTACAACTGCGC-300.1.1","Slingshot_PCA_rooted",12.0702602738982,285,"2","2",TRUE
"GATGCTACAACACCCG-300.1.1","Slingshot_PCA_rooted",31.6882742369489,270,"3","2",TRUE
"GCAAACTAGAGTACCG-300.1.1","Slingshot_PCA_rooted",16.147462711392,300,"8","2",TRUE
"GCACATACATTTCACT-300.1.1","Slingshot_PCA_rooted",18.1696685009038,260,"6","2",TRUE
"GCACATAGTTTGGCGC-300.1.1","Slingshot_PCA_rooted",27.4573581029335,270,"3","2",TRUE
"GCACTCTAGGCGTACA-300.1.1","Slingshot_PCA_rooted",30.450547181367,280,"6","2",TRUE
"GCAGCCAAGAAGGTGA-300.1.1","Slingshot_PCA_rooted",13.9836907215514,230,"6","2",TRUE
"GCAGTTAAGCGAGAAA-300.1.1","Slingshot_PCA_rooted",13.3400620180735,285,"4","2",TRUE
"GCATACAAGGCCGAAT-300.1.1","Slingshot_PCA_rooted",22.7093631503422,280,"6","2",TRUE
"GCATGTAGTACATCCA-300.1.1","Slingshot_PCA_rooted",7.25496841860682,175,"8","2",TRUE
"GCATGTATCAAACCGT-300.1.1","Slingshot_PCA_rooted",20.0967427876619,300,"6","2",TRUE
"GCGACCAAGAGCCTAG-300.1.1","Slingshot_PCA_rooted",28.0010257074349,260,"3","2",TRUE
"GCGAGAAAGCCGTCGT-300.1.1","Slingshot_PCA_rooted",13.4568343089736,230,"8","2",TRUE
"GCTCCTACAGCCAATT-300.1.1","Slingshot_PCA_rooted",8.72608427674838,230,"2","2",TRUE
"GCTGCGAAGTCAAGGC-300.1.1","Slingshot_PCA_rooted",10.4546080495936,200,"2","2",TRUE
"GCTGCGATCTATCCCG-300.1.1","Slingshot_PCA_rooted",18.1180364348624,260,"6","2",TRUE
"GCTGGGTAGGACACCA-300.1.1","Slingshot_PCA_rooted",19.1173089769742,260,"6","2",TRUE
"GCTTGAACAAGCCATT-300.1.1","Slingshot_PCA_rooted",29.7497551078917,215,"3","2",TRUE
"GCTTGAACAGATGGGT-300.1.1","Slingshot_PCA_rooted",14.2573754647392,215,"6","2",TRUE
"GGACAGAAGGCATGTG-300.1.1","Slingshot_PCA_rooted",19.1452051355482,200,"12","2",TRUE
"GGAGCAATCGTTTAGG-300.1.1","Slingshot_PCA_rooted",29.4914009765979,285,"12","2",TRUE
"GGATGTTCACTTCTGC-300.1.1","Slingshot_PCA_rooted",21.8252229371679,350,"9","2",TRUE
"GGATTACAGCCAGTAG-300.1.1","Slingshot_PCA_rooted",26.0827153071239,320,"6","2",TRUE
"GGCGACTAGACGACGT-300.1.1","Slingshot_PCA_rooted",24.9012938679953,300,"12","2",TRUE
"GGCTCGACACACAGAG-300.1.1","Slingshot_PCA_rooted",13.1635288767909,225,"6","2",TRUE
"GGCTCGATCATCATTC-300.1.1","Slingshot_PCA_rooted",17.3228943004615,225,"3","2",TRUE
"GGGACCTCACCGAAAG-300.1.1","Slingshot_PCA_rooted",14.2902053545338,260,"6","2",TRUE
"GGGACCTGTCTACCTC-300.1.1","Slingshot_PCA_rooted",22.461288794207,270,"6","2",TRUE
"GGGATGACAGCTCGCA-300.1.1","Slingshot_PCA_rooted",7.67777528150801,190,"8","2",TRUE
"GGGCATCCATACTACG-300.1.1","Slingshot_PCA_rooted",11.5283286527537,270,"2","2",TRUE
"GGGTTGCAGCCCAACC-300.1.1","Slingshot_PCA_rooted",6.08372746900444,170,"2","2",TRUE
"GGGTTGCTCCTTTACA-300.1.1","Slingshot_PCA_rooted",30.9347518999089,270,"7","2",TRUE
"GGTATTGAGAGTTGGC-300.1.1","Slingshot_PCA_rooted",24.4188775782962,265,"8","2",TRUE
"GGTATTGAGTCATCCA-300.1.1","Slingshot_PCA_rooted",18.7417873711978,260,"6","2",TRUE
"GGTGAAGAGAAACCGC-300.1.1","Slingshot_PCA_rooted",30.0899920261382,270,"7","2",TRUE
"GGTGAAGGTCCATGAT-300.1.1","Slingshot_PCA_rooted",18.9759293217808,320,"10","2",TRUE
"GGTGAAGTCATAAAGG-300.1.1","Slingshot_PCA_rooted",29.4113838579786,385,"5","2",TRUE
"GGTGAAGTCGCAGGCT-300.1.1","Slingshot_PCA_rooted",7.51485453802056,180,"2","2",TRUE
"GTAGGCCAGCTAGCCC-300.1.1","Slingshot_PCA_rooted",6.79608410592268,170,"2","2",TRUE
"GTAGGCCTCCTTTCTC-300.1.1","Slingshot_PCA_rooted",26.5835942355951,230,"3","2",TRUE
"GTAGTCATCTGCAAGT-300.1.1","Slingshot_PCA_rooted",20.4382703328625,330,"4","2",TRUE
"GTATTCTGTAAGGGCT-300.1.1","Slingshot_PCA_rooted",8.46139332883969,185,"2","2",TRUE
"GTCTCGTTCTTCTGGC-300.1.1","Slingshot_PCA_rooted",6.94176782403751,190,"2","2",TRUE
"GTGCAGCGTGATGATA-300.1.1","Slingshot_PCA_rooted",9.7362107214748,180,"2","2",TRUE
"GTGCAGCTCAGCTCTC-300.1.1","Slingshot_PCA_rooted",11.7284417394211,205,"7","2",TRUE
"GTGCATATCGTCCGTT-300.1.1","Slingshot_PCA_rooted",8.31200548115539,190,"2","2",TRUE
"GTGCGGTGTAAATGTG-300.1.1","Slingshot_PCA_rooted",18.7462657217773,260,"8","2",TRUE
"GTGTTAGAGAGCCCAA-300.1.1","Slingshot_PCA_rooted",20.8067903313747,370,"4","2",TRUE
"GTTACAGAGCTAAGAT-300.1.1","Slingshot_PCA_rooted",19.0258377634005,230,"3","2",TRUE
"GTTCTCGGTCGCCATG-300.1.1","Slingshot_PCA_rooted",20.6776422755693,265,"6","2",TRUE
"TACACGAAGTCCTCCT-300.1.1","Slingshot_PCA_rooted",18.347711654905,230,"12","2",TRUE
"TACCTATAGTGAAGAG-300.1.1","Slingshot_PCA_rooted",25.5379400940124,300,"6","2",TRUE
"TACCTATAGTGTGAAT-300.1.1","Slingshot_PCA_rooted",31.3102257920934,385,"5","2",TRUE
"TACTTGTTCGCTAGCG-300.1.1","Slingshot_PCA_rooted",13.6999499310119,230,"6","2",TRUE
"TAGCCGGAGCCCAATT-300.1.1","Slingshot_PCA_rooted",24.5173078482172,260,"3","2",TRUE
"TATCTCAGTTTAAGCC-300.1.1","Slingshot_PCA_rooted",25.3289437520362,300,"6","2",TRUE
"TATGCCCCAATAGCGG-300.1.1","Slingshot_PCA_rooted",32.1596011588608,450,"13","2",TRUE
"TATTACCCAGGCTGAA-300.1.1","Slingshot_PCA_rooted",30.7350148822363,390,"5","2",TRUE
"TATTACCTCCATGCTC-300.1.1","Slingshot_PCA_rooted",25.55947127853,360,"1","2",TRUE
"TCAATCTAGAGCTATA-300.1.1","Slingshot_PCA_rooted",32.3575804528014,385,"5","2",TRUE
"TCAATCTAGGTGCACA-300.1.1","Slingshot_PCA_rooted",10.0419931694473,200,"3","2",TRUE
"TCACGAATCGATGAGG-300.1.1","Slingshot_PCA_rooted",27.4150699052034,380,"10","2",TRUE
"TCAGGTAAGTACGTAA-300.1.1","Slingshot_PCA_rooted",12.519746134069,230,"6","2",TRUE
"TCATTACAGCAACGGT-300.1.1","Slingshot_PCA_rooted",26.7484588263196,260,"3","2",TRUE
"TCCACACGTGTAACGG-300.1.1","Slingshot_PCA_rooted",17.8845794108238,260,"6","2",TRUE
"TCCCGATCACCAACCG-300.1.1","Slingshot_PCA_rooted",18.0098606656502,270,"6","2",TRUE
"TCGAGGCAGGAGTACC-300.1.1","Slingshot_PCA_rooted",24.1012342497709,230,"7","2",TRUE
"TCGGGACAGTGGAGAA-300.1.1","Slingshot_PCA_rooted",14.0552510963146,200,"8","2",TRUE
"TCGTAGAGTAGCGCTC-300.1.1","Slingshot_PCA_rooted",9.094923479376,195,"2","2",TRUE
"TCTCATAAGCGATCCC-300.1.1","Slingshot_PCA_rooted",36.1789027166332,410,"9","2",TRUE
"TCTCATACAAGGTGTG-300.1.1","Slingshot_PCA_rooted",13.6693960213198,260,"8","2",TRUE
"TCTGGAATCTTCGAGA-300.1.1","Slingshot_PCA_rooted",27.0427914537733,270,"3","2",TRUE
"TCTTCGGAGACAAGCC-300.1.1","Slingshot_PCA_rooted",5.63154412202546,180,"2","2",TRUE
"TCTTCGGAGCCCTAAT-300.1.1","Slingshot_PCA_rooted",16.2116548292341,290,"4","2",TRUE
"TGAAAGAAGGTGCACA-300.1.1","Slingshot_PCA_rooted",14.4504741582923,290,"3","2",TRUE
"TGACAACCAATGAATG-300.1.1","Slingshot_PCA_rooted",21.6073611480415,350,"4","2",TRUE
"TGAGCCGGTCTCTTTA-300.1.1","Slingshot_PCA_rooted",18.1277281602873,215,"8","2",TRUE
"TGCACCTAGAGGTAGA-300.1.1","Slingshot_PCA_rooted",17.9152724475961,265,"6","2",TRUE
"TGCCCATAGGGCTTGA-300.1.1","Slingshot_PCA_rooted",8.50876957724026,195,"2","2",TRUE
"TGCCCATGTCAATGTC-300.1.1","Slingshot_PCA_rooted",38.6465730641617,450,"11","2",TRUE
"TGCCCTATCAGGTTCA-300.1.1","Slingshot_PCA_rooted",18.6925498516363,260,"6","2",TRUE
"TGCGGGTTCATTGCGA-300.1.1","Slingshot_PCA_rooted",31.4532330244344,320,"12","2",TRUE
"TGCGTGGAGCAGCGTA-300.1.1","Slingshot_PCA_rooted",21.2475316968713,340,"5","2",TRUE
"TGCTACCAGGCGATAC-300.1.1","Slingshot_PCA_rooted",8.3321867265113,200,"2","2",TRUE
"TGGCTGGAGTCCATAC-300.1.1","Slingshot_PCA_rooted",13.8291301296372,185,"6","2",TRUE
"TGGTTAGTCTGCCAGG-300.1.1","Slingshot_PCA_rooted",20.5976744327085,320,"4","2",TRUE
"TGGTTCCTCGTTACGA-300.1.1","Slingshot_PCA_rooted",12.7591372841256,230,"6","2",TRUE
"TGTGGTATCTGCTTGC-300.1.1","Slingshot_PCA_rooted",26.3057104785463,290,"12","2",TRUE
"TTAACTCAGTACACCT-300.1.1","Slingshot_PCA_rooted",30.3053609003971,300,"6","2",TRUE
"TTAACTCCATCGGTTA-300.1.1","Slingshot_PCA_rooted",18.1152876877647,260,"3","2",TRUE
"TTAGGACGTCATCGGC-300.1.1","Slingshot_PCA_rooted",18.0571763319902,260,"6","2",TRUE
"TTATGCTAGCCGGTAA-300.1.1","Slingshot_PCA_rooted",18.1884946175525,270,"6","2",TRUE
"TTATGCTCATGCCCGA-300.1.1","Slingshot_PCA_rooted",16.5767495601145,310,"4","2",TRUE
"TTATGCTTCAACGGCC-300.1.1","Slingshot_PCA_rooted",18.7614980737185,380,"5","2",TRUE
"TTCGGTCTCGGCTTGG-300.1.1","Slingshot_PCA_rooted",14.0269334964807,230,"7","2",TRUE
"TTCTACAAGTCGAGTG-300.1.1","Slingshot_PCA_rooted",18.3308574628074,270,"6","2",TRUE
"TTCTCAATCGCACTCT-300.1.1","Slingshot_PCA_rooted",22.2606657163176,280,"6","2",TRUE
"TTCTTAGCAAACAACA-300.1.1","Slingshot_PCA_rooted",17.8399770348748,300,"4","2",TRUE
"TTCTTAGTCACGCGGT-300.1.1","Slingshot_PCA_rooted",18.9886743055623,270,"6","2",TRUE
"TTCTTAGTCCAAGTAC-300.1.1","Slingshot_PCA_rooted",25.6950104750599,275,"8","2",TRUE
"TTGAACGAGAAACCTA-300.1.1","Slingshot_PCA_rooted",24.7072661974781,230,"12","2",TRUE
"TTGCCGTGTAAGCACG-300.1.1","Slingshot_PCA_rooted",21.1438069317109,290,"12","2",TRUE
"TTGGAACCAGATCGGA-300.1.1","Slingshot_PCA_rooted",13.566900171975,260,"8","2",TRUE
"AAACCTGGTTCCAACA-300.1.2","Slingshot_PCA_rooted",12.588098702621,265,"2","2",TRUE
"AAAGATGTCGATAGAA-300.1.2","Slingshot_PCA_rooted",13.0341786670018,170,"3","2",TRUE
"AACACGTAGATCCCAT-300.1.2","Slingshot_PCA_rooted",6.1650239612879,185,"2","2",TRUE
"AACGTTGGTATTAGCC-300.1.2","Slingshot_PCA_rooted",20.8059574124447,350,"1","2",TRUE
"AACTCTTAGGCCCTCA-300.1.2","Slingshot_PCA_rooted",18.100596568066,230,"3","2",TRUE
"AACTCTTGTACAGCAG-300.1.2","Slingshot_PCA_rooted",9.50578305927898,230,"2","2",TRUE
"AACTCTTGTGGCGAAT-300.1.2","Slingshot_PCA_rooted",7.98489400089692,225,"2","2",TRUE
"AACTGGTAGTCTTGCA-300.1.2","Slingshot_PCA_rooted",8.21976728698737,195,"2","2",TRUE
"AACTTTCCAAGGCTCC-300.1.2","Slingshot_PCA_rooted",7.60027740343332,230,"2","2",TRUE
"AAGACCTTCGCGCCAA-300.1.2","Slingshot_PCA_rooted",28.8852034910871,260,"3","2",TRUE
"AAGCCGCCAGGTCTCG-300.1.2","Slingshot_PCA_rooted",20.6209556260936,350,"5","2",TRUE
"AAGGAGCTCTTATCTG-300.1.2","Slingshot_PCA_rooted",17.9462120371122,260,"6","2",TRUE
"AAGGCAGTCGCCTGTT-300.1.2","Slingshot_PCA_rooted",12.2724283414074,220,"7","2",TRUE
"AAGGTTCGTCAAAGAT-300.1.2","Slingshot_PCA_rooted",11.3578283379206,215,"8","2",TRUE
"AAGTCTGAGGCTAGAC-300.1.2","Slingshot_PCA_rooted",24.5183507040317,270,"8","2",TRUE
"AAGTCTGGTAAGTTCC-300.1.2","Slingshot_PCA_rooted",14.326702317926,260,"8","2",TRUE
"ACACCCTAGTGTCTCA-300.1.2","Slingshot_PCA_rooted",24.8267604144938,350,"5","2",TRUE
"ACACTGAAGGACACCA-300.1.2","Slingshot_PCA_rooted",10.1066751469554,215,"8","2",TRUE
"ACATCAGAGCGATATA-300.1.2","Slingshot_PCA_rooted",10.8147327992492,220,"8","2",TRUE
"ACATGGTAGGGTGTTG-300.1.2","Slingshot_PCA_rooted",9.08186115344605,185,"8","2",TRUE
"ACATGGTTCACCGGGT-300.1.2","Slingshot_PCA_rooted",18.4342288232525,260,"6","2",TRUE
"ACCCACTAGACTTGAA-300.1.2","Slingshot_PCA_rooted",18.1482666125034,230,"3","2",TRUE
"ACCCACTCAGCCTGTG-300.1.2","Slingshot_PCA_rooted",37.0652618698677,450,"11","2",TRUE
"ACCTTTAAGGGTCGAT-300.1.2","Slingshot_PCA_rooted",19.3914555248293,260,"6","2",TRUE
"ACGCAGCCATGCATGT-300.1.2","Slingshot_PCA_rooted",30.0968777329762,300,"6","2",TRUE
"ACGCAGCTCAGAGGTG-300.1.2","Slingshot_PCA_rooted",17.4678789508823,310,"4","2",TRUE
"ACGGAGAGTAACGACG-300.1.2","Slingshot_PCA_rooted",18.2781176873472,310,"9","2",TRUE
"ACGGGTCTCAGTGTTG-300.1.2","Slingshot_PCA_rooted",9.19709694085613,200,"2","2",TRUE
"ACGTCAAGTGTGAATA-300.1.2","Slingshot_PCA_rooted",19.7646207302251,270,"7","2",TRUE
"ACTATCTGTAGCCTCG-300.1.2","Slingshot_PCA_rooted",18.6281708553686,260,"6","2",TRUE
"ACTGATGGTGACGGTA-300.1.2","Slingshot_PCA_rooted",25.744880252799,350,"10","2",TRUE
"ACTGATGGTTTGGCGC-300.1.2","Slingshot_PCA_rooted",29.4801920541198,300,"12","2",TRUE
"ACTTGTTAGGCTCAGA-300.1.2","Slingshot_PCA_rooted",17.8399770348748,320,"4","2",TRUE
"AGAGCTTAGTTTCCTT-300.1.2","Slingshot_PCA_rooted",23.2420180775584,275,"6","2",TRUE
"AGAGTGGTCCCTCAGT-300.1.2","Slingshot_PCA_rooted",11.4139806747048,175,"2","2",TRUE
"AGATTGCAGTCTCCTC-300.1.2","Slingshot_PCA_rooted",5.66358823755237,180,"2","2",TRUE
"AGCGTATCACTTGGAT-300.1.2","Slingshot_PCA_rooted",7.23617136202288,170,"2","2",TRUE
"AGCGTATTCCTTTCTC-300.1.2","Slingshot_PCA_rooted",24.7072661974781,220,"12","2",TRUE
"AGCGTCGCATATGCTG-300.1.2","Slingshot_PCA_rooted",26.2905154192274,375,"5","2",TRUE
"AGCTCCTTCGGGAGTA-300.1.2","Slingshot_PCA_rooted",12.8063625849156,230,"3","2",TRUE
"AGCTCTCCAATAAGCA-300.1.2","Slingshot_PCA_rooted",29.7233454547013,270,"3","2",TRUE
"AGCTCTCTCCAAGTAC-300.1.2","Slingshot_PCA_rooted",27.8856236357845,300,"12","2",TRUE
"AGGCCACAGGCCCGTT-300.1.2","Slingshot_PCA_rooted",8.95636339106989,185,"2","2",TRUE
"AGGTCATGTCGCCATG-300.1.2","Slingshot_PCA_rooted",8.96615016699035,215,"2","2",TRUE
"AGGTCATTCAACCATG-300.1.2","Slingshot_PCA_rooted",12.2010864860378,200,"12","2",TRUE
"AGTAGTCCAACACGCC-300.1.2","Slingshot_PCA_rooted",30.5779333680472,260,"3","2",TRUE
"ATAACGCCACGAAATA-300.1.2","Slingshot_PCA_rooted",31.2403887791791,300,"12","2",TRUE
"ATAAGAGCACTGTCGG-300.1.2","Slingshot_PCA_rooted",17.2784898903142,230,"7","2",TRUE
"ATAGACCGTGACTACT-300.1.2","Slingshot_PCA_rooted",33.4655948702301,390,"10","2",TRUE
"ATCATGGTCCCAAGTA-300.1.2","Slingshot_PCA_rooted",28.1190381872416,270,"3","2",TRUE
"ATCCACCAGTCCATAC-300.1.2","Slingshot_PCA_rooted",17.9799824686054,260,"6","2",TRUE
"ATCCACCAGTGGGATC-300.1.2","Slingshot_PCA_rooted",22.3964238984363,350,"10","2",TRUE
"ATCGAGTCAGGGAGAG-300.1.2","Slingshot_PCA_rooted",26.2291507662408,230,"3","2",TRUE
"ATCGAGTGTGATAAGT-300.1.2","Slingshot_PCA_rooted",27.0860444440088,270,"12","2",TRUE
"ATGCGATCATGACGGA-300.1.2","Slingshot_PCA_rooted",12.6274956640457,260,"8","2",TRUE
"ATGCGATTCTTGTATC-300.1.2","Slingshot_PCA_rooted",30.0303429498757,270,"7","2",TRUE
"ATGGGAGGTTTGTGTG-300.1.2","Slingshot_PCA_rooted",12.3521352857262,200,"2","2",TRUE
"ATTACTCTCTGTCAAG-300.1.2","Slingshot_PCA_rooted",19.1474995473025,330,"1","2",TRUE
"ATTATCCCACAGCCCA-300.1.2","Slingshot_PCA_rooted",6.34316902591082,175,"2","2",TRUE
"ATTGGACCACGCTTTC-300.1.2","Slingshot_PCA_rooted",6.76938409786047,175,"2","2",TRUE
"CAACCAATCGTTGACA-300.1.2","Slingshot_PCA_rooted",10.6281171456963,200,"2","2",TRUE
"CAACCTCCACGAGGTA-300.1.2","Slingshot_PCA_rooted",25.7590224429027,265,"12","2",TRUE
"CAAGAAACATTCTCAT-300.1.2","Slingshot_PCA_rooted",31.2023061948496,265,"3","2",TRUE
"CAAGATCCACGCCAGT-300.1.2","Slingshot_PCA_rooted",20.2030814230637,325,"9","2",TRUE
"CAAGTTGGTCACCCAG-300.1.2","Slingshot_PCA_rooted",24.5796482461802,350,"5","2",TRUE
"CACAAACTCATCACCC-300.1.2","Slingshot_PCA_rooted",24.1939675752938,380,"5","2",TRUE
"CACACCTTCTTAGCCC-300.1.2","Slingshot_PCA_rooted",6.31048787829205,175,"2","2",TRUE
"CACAGTAAGATCCTGT-300.1.2","Slingshot_PCA_rooted",19.6678844392155,260,"6","2",TRUE
"CACAGTAGTAGCGATG-300.1.2","Slingshot_PCA_rooted",29.5348040991669,380,"5","2",TRUE
"CACAGTAGTCAGAAGC-300.1.2","Slingshot_PCA_rooted",8.70236321285909,195,"2","2",TRUE
"CACAGTAGTTCTCATT-300.1.2","Slingshot_PCA_rooted",23.3307943529189,375,"4","2",TRUE
"CACATAGCACAACGTT-300.1.2","Slingshot_PCA_rooted",24.9673614508159,270,"8","2",TRUE
"CACATTTTCAGTTAGC-300.1.2","Slingshot_PCA_rooted",19.6669812433127,280,"6","2",TRUE
"CACATTTTCATGTCCC-300.1.2","Slingshot_PCA_rooted",29.7643851900234,300,"12","2",TRUE
"CACCACTCAGAGCCAA-300.1.2","Slingshot_PCA_rooted",10.098800104944,205,"2","2",TRUE
"CACCAGGTCATCTGCC-300.1.2","Slingshot_PCA_rooted",21.2853495860559,230,"7","2",TRUE
"CAGAGAGCACTTCTGC-300.1.2","Slingshot_PCA_rooted",18.0937526557,280,"6","2",TRUE
"CAGCATAAGTGGGTTG-300.1.2","Slingshot_PCA_rooted",28.1311253125579,270,"7","2",TRUE
"CAGCATAGTGCAGTAG-300.1.2","Slingshot_PCA_rooted",28.7485181494668,420,"4","2",TRUE
"CAGCGACCATCACCCT-300.1.2","Slingshot_PCA_rooted",23.6318468055356,275,"6","2",TRUE
"CAGCTAAAGGAATGGA-300.1.2","Slingshot_PCA_rooted",21.4820574345342,260,"12","2",TRUE
"CAGCTAACAATAGAGT-300.1.2","Slingshot_PCA_rooted",26.8060064533328,260,"12","2",TRUE
"CAGTAACGTCGCTTCT-300.1.2","Slingshot_PCA_rooted",26.6477396816856,295,"1","2",TRUE
"CAGTCCTCATACGCCG-300.1.2","Slingshot_PCA_rooted",14.3730150656122,270,"6","2",TRUE
"CATATGGCACAGCCCA-300.1.2","Slingshot_PCA_rooted",12.7066159298104,190,"6","2",TRUE
"CATATGGCAGGCTCAC-300.1.2","Slingshot_PCA_rooted",17.7711162327929,225,"6","2",TRUE
"CATCAAGGTCGCTTCT-300.1.2","Slingshot_PCA_rooted",24.5962865822838,230,"7","2",TRUE
"CATCGGGTCACTCTTA-300.1.2","Slingshot_PCA_rooted",23.4386310034258,230,"7","2",TRUE
"CATGACATCATCGGAT-300.1.2","Slingshot_PCA_rooted",19.7798419174513,280,"6","2",TRUE
"CATGCCTGTTGTCTTT-300.1.2","Slingshot_PCA_rooted",28.7151538274096,300,"6","2",TRUE
"CATGGCGCAAAGAATC-300.1.2","Slingshot_PCA_rooted",25.3572899742654,210,"12","2",TRUE
"CATTCGCGTGATAAAC-300.1.2","Slingshot_PCA_rooted",25.7566378890683,280,"12","2",TRUE
"CCAATCCTCATCGGAT-300.1.2","Slingshot_PCA_rooted",34.884887055192,450,"4","2",TRUE
"CCACCTAAGCTTTGGT-300.1.2","Slingshot_PCA_rooted",22.7549907214498,360,"4","2",TRUE
"CCACGGAAGACCGGAT-300.1.2","Slingshot_PCA_rooted",18.7465678213493,230,"3","2",TRUE
"CCATGTCGTACAGTTC-300.1.2","Slingshot_PCA_rooted",13.4245977581564,260,"8","2",TRUE
"CCCAATCGTAGCGCTC-300.1.2","Slingshot_PCA_rooted",17.3150231245978,240,"3","2",TRUE
"CCCAATCTCCACGTTC-300.1.2","Slingshot_PCA_rooted",30.2947322665306,300,"6","2",TRUE
"CCCAGTTAGGCCCTTG-300.1.2","Slingshot_PCA_rooted",29.1669881989368,300,"12","2",TRUE
"CCCTCCTTCGCCAGCA-300.1.2","Slingshot_PCA_rooted",8.18550902164214,200,"2","2",TRUE
"CCGGGATGTCACACGC-300.1.2","Slingshot_PCA_rooted",11.6442830953494,215,"8","2",TRUE
"CCGTGGAAGGGCTCTC-300.1.2","Slingshot_PCA_rooted",21.4048826400773,260,"8","2",TRUE
"CCGTTCACACATGGGA-300.1.2","Slingshot_PCA_rooted",25.6492046841214,300,"6","2",TRUE
"CCGTTCATCCAGAGGA-300.1.2","Slingshot_PCA_rooted",15.7884862979196,260,"9","2",TRUE
"CCTAAAGTCGGAATCT-300.1.2","Slingshot_PCA_rooted",31.259792582208,300,"6","2",TRUE
"CCTAGCTAGTCCGTAT-300.1.2","Slingshot_PCA_rooted",30.9914264389274,320,"6","2",TRUE
"CCTATTACATTGTGCA-300.1.2","Slingshot_PCA_rooted",21.038493519397,350,"5","2",TRUE
"CCTTCCCTCCTAGAAC-300.1.2","Slingshot_PCA_rooted",11.0516118039236,200,"2","2",TRUE
"CCTTTCTTCGCCATAA-300.1.2","Slingshot_PCA_rooted",16.0513688539602,275,"8","2",TRUE
"CGAACATAGAGTTGGC-300.1.2","Slingshot_PCA_rooted",24.5563763207047,275,"8","2",TRUE
"CGAACATAGTAGGTGC-300.1.2","Slingshot_PCA_rooted",19.7034395641593,275,"6","2",TRUE
"CGAACATCAGTCGATT-300.1.2","Slingshot_PCA_rooted",45.4002019501637,530,"1","2",TRUE
"CGACCTTAGGAATGGA-300.1.2","Slingshot_PCA_rooted",26.3366807994255,245,"3","2",TRUE
"CGACTTCAGTGCCAGA-300.1.2","Slingshot_PCA_rooted",29.2619874621831,275,"3","2",TRUE
"CGATGGCTCCTCATTA-300.1.2","Slingshot_PCA_rooted",17.2751412958116,300,"9","2",TRUE
"CGATTGAGTAACGACG-300.1.2","Slingshot_PCA_rooted",30.8151422264814,270,"3","2",TRUE
"CGCTTCAAGGCATGGT-300.1.2","Slingshot_PCA_rooted",16.9849541204909,260,"6","2",TRUE
"CGGACACCATTGGTAC-300.1.2","Slingshot_PCA_rooted",33.6530873691202,420,"14","2",TRUE
"CGGAGCTTCAATAAGG-300.1.2","Slingshot_PCA_rooted",26.8060064533328,265,"12","2",TRUE
"CGGAGTCAGAGAACAG-300.1.2","Slingshot_PCA_rooted",22.6888987292773,350,"10","2",TRUE
"CGGAGTCCAAATTGCC-300.1.2","Slingshot_PCA_rooted",7.69122864732563,200,"8","2",TRUE
"CGGAGTCCAACACGCC-300.1.2","Slingshot_PCA_rooted",16.1474473901699,230,"8","2",TRUE
"CGGCTAGGTCCGCTGA-300.1.2","Slingshot_PCA_rooted",22.8451198542418,350,"5","2",TRUE
"CGGTTAAAGATCTGCT-300.1.2","Slingshot_PCA_rooted",22.7787251029825,260,"12","2",TRUE
"CGGTTAACAAGTAGTA-300.1.2","Slingshot_PCA_rooted",19.4734401268993,330,"4","2",TRUE
"CGTAGCGAGGCTATCT-300.1.2","Slingshot_PCA_rooted",20.323908827686,285,"6","2",TRUE
"CGTAGGCAGCGCCTTG-300.1.2","Slingshot_PCA_rooted",7.95134408735016,165,"2","2",TRUE
"CGTAGGCGTTCCCTTG-300.1.2","Slingshot_PCA_rooted",28.276911267012,300,"12","2",TRUE
"CGTCACTAGGCTCATT-300.1.2","Slingshot_PCA_rooted",18.0931419142063,260,"1","2",TRUE
"CGTCACTAGTACATGA-300.1.2","Slingshot_PCA_rooted",8.84601472484055,190,"12","2",TRUE
"CGTCACTAGTAGTGCG-300.1.2","Slingshot_PCA_rooted",13.6737192484673,260,"6","2",TRUE
"CGTCAGGAGATCGGGT-300.1.2","Slingshot_PCA_rooted",33.1863653678708,380,"11","2",TRUE
"CGTCAGGCACCGATAT-300.1.2","Slingshot_PCA_rooted",21.756621703555,270,"8","2",TRUE
"CGTCAGGGTTACAGAA-300.1.2","Slingshot_PCA_rooted",30.9089266304135,270,"3","2",TRUE
"CGTGTAAAGAGTACCG-300.1.2","Slingshot_PCA_rooted",15.9077494629388,270,"4","2",TRUE
"CGTTAGATCGGCGCAT-300.1.2","Slingshot_PCA_rooted",30.160389147111,280,"6","2",TRUE
"CGTTGGGAGAGTGAGA-300.1.2","Slingshot_PCA_rooted",28.6968823917828,260,"3","2",TRUE
"CGTTGGGTCACCCGAG-300.1.2","Slingshot_PCA_rooted",19.5689472657072,290,"6","2",TRUE
"CTAATGGAGAACAACT-300.1.2","Slingshot_PCA_rooted",14.3362865295516,285,"8","2",TRUE
"CTACATTGTTGGAGGT-300.1.2","Slingshot_PCA_rooted",14.111550334942,225,"7","2",TRUE
"CTACGTCAGACTAGGC-300.1.2","Slingshot_PCA_rooted",17.9817390657889,230,"7","2",TRUE
"CTAGCCTGTACATCCA-300.1.2","Slingshot_PCA_rooted",19.1393428458471,260,"8","2",TRUE
"CTAGCCTGTTCGAATC-300.1.2","Slingshot_PCA_rooted",26.813746948888,290,"12","2",TRUE
"CTAGTGAAGGCATTGG-300.1.2","Slingshot_PCA_rooted",8.95055940122834,180,"2","2",TRUE
"CTAGTGACATAACCTG-300.1.2","Slingshot_PCA_rooted",14.0270637017218,260,"8","2",TRUE
"CTCCTAGCAATAAGCA-300.1.2","Slingshot_PCA_rooted",20.500104552137,230,"3","2",TRUE
"CTCGAAACAGCATACT-300.1.2","Slingshot_PCA_rooted",18.1338667788412,265,"6","2",TRUE
"CTCGAGGTCGTTGCCT-300.1.2","Slingshot_PCA_rooted",12.770103668785,180,"6","2",TRUE
"CTCGGGACAATAGCAA-300.1.2","Slingshot_PCA_rooted",9.43822232187896,210,"12","2",TRUE
"CTCGTCAAGTTACCCA-300.1.2","Slingshot_PCA_rooted",31.4613142106125,270,"3","2",TRUE
"CTCTAATAGAGGTACC-300.1.2","Slingshot_PCA_rooted",22.2622068831757,275,"8","2",TRUE
"CTCTAATCATGGTCTA-300.1.2","Slingshot_PCA_rooted",26.4820108215042,265,"1","2",TRUE
"CTCTACGAGTCACGCC-300.1.2","Slingshot_PCA_rooted",21.8722266487157,345,"5","2",TRUE
"CTGAAGTGTACAGTTC-300.1.2","Slingshot_PCA_rooted",19.1759534269216,260,"12","2",TRUE
"CTGATCCCACATTCGA-300.1.2","Slingshot_PCA_rooted",21.1337634280985,200,"12","2",TRUE
"CTGCCTAGTTGCGTTA-300.1.2","Slingshot_PCA_rooted",8.45242643253136,200,"2","2",TRUE
"CTGCGGAAGCTATGCT-300.1.2","Slingshot_PCA_rooted",29.7716894765438,265,"3","2",TRUE
"CTGCTGTGTAGCCTCG-300.1.2","Slingshot_PCA_rooted",13.4352777191776,260,"8","2",TRUE
"CTGGTCTAGCGTTGCC-300.1.2","Slingshot_PCA_rooted",27.0468559056587,265,"12","2",TRUE
"CTGTGCTCACGACGAA-300.1.2","Slingshot_PCA_rooted",14.1767953426234,260,"8","2",TRUE
"CTGTTTACAGCTGTGC-300.1.2","Slingshot_PCA_rooted",11.4586345595725,170,"3","2",TRUE
"CTGTTTACATTGCGGC-300.1.2","Slingshot_PCA_rooted",16.324192137348,300,"10","2",TRUE
"GAAATGATCTCGAGTA-300.1.2","Slingshot_PCA_rooted",6.89808135540125,200,"2","2",TRUE
"GAACATCCAGTACACT-300.1.2","Slingshot_PCA_rooted",13.7165892288241,230,"3","2",TRUE
"GAATGAAAGATATACG-300.1.2","Slingshot_PCA_rooted",8.10357523265775,175,"2","2",TRUE
"GAATGAAGTCATACTG-300.1.2","Slingshot_PCA_rooted",14.6870766005374,260,"6","2",TRUE
"GACACGCAGGGAAACA-300.1.2","Slingshot_PCA_rooted",13.667677643652,300,"4","2",TRUE
"GACGCGTAGTTGCAGG-300.1.2","Slingshot_PCA_rooted",19.1998560643854,300,"9","2",TRUE
"GACGGCTGTATATGAG-300.1.2","Slingshot_PCA_rooted",23.3270886948253,350,"5","2",TRUE
"GACGGCTGTGCACTTA-300.1.2","Slingshot_PCA_rooted",19.0047599916595,270,"12","2",TRUE
"GACTAACGTCTTGATG-300.1.2","Slingshot_PCA_rooted",9.74686789483819,215,"2","2",TRUE
"GACTGCGCAATGGATA-300.1.2","Slingshot_PCA_rooted",31.4536794901744,270,"3","2",TRUE
"GAGGTGAAGGGATCTG-300.1.2","Slingshot_PCA_rooted",21.724502399207,385,"5","2",TRUE
"GATCAGTAGCCAGGAT-300.1.2","Slingshot_PCA_rooted",35.7322883973199,420,"1","2",TRUE
"GATCAGTTCAAGCCTA-300.1.2","Slingshot_PCA_rooted",19.5989301172521,270,"6","2",TRUE
"GATCGATTCTTGAGGT-300.1.2","Slingshot_PCA_rooted",31.0957314290786,300,"6","2",TRUE
"GATCGCGTCAACGGCC-300.1.2","Slingshot_PCA_rooted",30.8125247845803,275,"7","2",TRUE
"GATGAGGCACCATCCT-300.1.2","Slingshot_PCA_rooted",12.6875124329254,220,"3","2",TRUE
"GATGCTAAGAGGTACC-300.1.2","Slingshot_PCA_rooted",15.2494880295429,290,"10","2",TRUE
"GATTCAGAGATATACG-300.1.2","Slingshot_PCA_rooted",26.2150588652048,215,"3","2",TRUE
"GATTCAGAGCGCTCCA-300.1.2","Slingshot_PCA_rooted",17.9652422611279,260,"6","2",TRUE
"GATTCAGGTACCCAAT-300.1.2","Slingshot_PCA_rooted",18.8142260024968,230,"3","2",TRUE
"GCAATCAGTAGCAAAT-300.1.2","Slingshot_PCA_rooted",28.2701583946226,320,"1","2",TRUE
"GCAATCAGTCCAGTAT-300.1.2","Slingshot_PCA_rooted",18.1291398035992,230,"7","2",TRUE
"GCACTCTAGTCTTGCA-300.1.2","Slingshot_PCA_rooted",18.8132629598532,340,"1","2",TRUE
"GCAGCCATCAGGCGAA-300.1.2","Slingshot_PCA_rooted",18.3028890038675,260,"6","2",TRUE
"GCAGTTATCAGGCAAG-300.1.2","Slingshot_PCA_rooted",21.8881050138146,260,"8","2",TRUE
"GCATACAAGCCGATTT-300.1.2","Slingshot_PCA_rooted",25.8533997646641,300,"6","2",TRUE
"GCATGATAGATGAGAG-300.1.2","Slingshot_PCA_rooted",7.55073063286875,175,"2","2",TRUE
"GCGACCACACCACCAG-300.1.2","Slingshot_PCA_rooted",30.8263792575358,375,"5","2",TRUE
"GCGACCATCGTTGCCT-300.1.2","Slingshot_PCA_rooted",32.0073528569475,300,"12","2",TRUE
"GCGAGAACAACTTGAC-300.1.2","Slingshot_PCA_rooted",12.4108065403276,190,"3","2",TRUE
"GCGAGAACACTTGGAT-300.1.2","Slingshot_PCA_rooted",31.6380009399101,300,"12","2",TRUE
"GCGCAACAGCTAGGCA-300.1.2","Slingshot_PCA_rooted",38.4443066086195,390,"1","2",TRUE
"GCGCAACCACCCAGTG-300.1.2","Slingshot_PCA_rooted",25.8669914742391,410,"6","2",TRUE
"GCGCGATTCTGCAGTA-300.1.2","Slingshot_PCA_rooted",6.36734884687157,180,"2","2",TRUE
"GCGGGTTTCCGCGTTT-300.1.2","Slingshot_PCA_rooted",18.2347577403965,230,"7","2",TRUE
"GCTGCGACACGGCGTT-300.1.2","Slingshot_PCA_rooted",30.1347336487975,275,"7","2",TRUE
"GCTGGGTAGATAGTCA-300.1.2","Slingshot_PCA_rooted",18.157232862255,320,"10","2",TRUE
"GCTTGAAGTAAGAGAG-300.1.2","Slingshot_PCA_rooted",13.6642796590343,210,"3","2",TRUE
"GGAAAGCAGTCCGGTC-300.1.2","Slingshot_PCA_rooted",28.4928749558763,290,"12","2",TRUE
"GGAAAGCCAGGCTGAA-300.1.2","Slingshot_PCA_rooted",19.5687535577017,230,"7","2",TRUE
"GGAAAGCGTAGCCTCG-300.1.2","Slingshot_PCA_rooted",32.4141478930606,300,"6","2",TRUE
"GGAACTTTCTTATCTG-300.1.2","Slingshot_PCA_rooted",8.52581710994987,190,"2","2",TRUE
"GGAATAATCACGGTTA-300.1.2","Slingshot_PCA_rooted",14.669428769933,300,"8","2",TRUE
"GGACAAGGTCGCTTCT-300.1.2","Slingshot_PCA_rooted",18.4295286888693,230,"6","2",TRUE
"GGACAGAGTAGCGTAG-300.1.2","Slingshot_PCA_rooted",18.7148884702213,320,"9","2",TRUE
"GGACATTCATGTAAGA-300.1.2","Slingshot_PCA_rooted",26.0189818833512,260,"12","2",TRUE
"GGCGACTGTTGTACAC-300.1.2","Slingshot_PCA_rooted",29.1836799179465,260,"3","2",TRUE
"GGCTCGATCCACTCCA-300.1.2","Slingshot_PCA_rooted",23.4504210617004,350,"10","2",TRUE
"GGCTGGTTCAGCTTAG-300.1.2","Slingshot_PCA_rooted",17.9982149755757,270,"6","2",TRUE
"GGGAGATTCCGAACGC-300.1.2","Slingshot_PCA_rooted",30.4787624849769,300,"12","2",TRUE
"GGGCACTTCGGAAATA-300.1.2","Slingshot_PCA_rooted",17.8169321138756,270,"6","2",TRUE
"GGGTTGCGTCAATACC-300.1.2","Slingshot_PCA_rooted",29.8102921445608,320,"6","2",TRUE
"GGTATTGAGAGTCGGT-300.1.2","Slingshot_PCA_rooted",18.1004704723067,270,"6","2",TRUE
"GGTATTGAGAGTGAGA-300.1.2","Slingshot_PCA_rooted",23.8692913407658,200,"12","2",TRUE
"GGTATTGCACGCGAAA-300.1.2","Slingshot_PCA_rooted",22.1851941128607,260,"12","2",TRUE
"GGTGAAGGTGGGTATG-300.1.2","Slingshot_PCA_rooted",14.6347051713495,260,"8","2",TRUE
"GGTGCGTGTAGCCTAT-300.1.2","Slingshot_PCA_rooted",12.6806738403311,175,"8","2",TRUE
"GGTGTTACAACCGCCA-300.1.2","Slingshot_PCA_rooted",26.1671916708813,275,"8","2",TRUE
"GGTGTTACATTAACCG-300.1.2","Slingshot_PCA_rooted",19.2960373554389,280,"6","2",TRUE
"GTAACTGTCACTATTC-300.1.2","Slingshot_PCA_rooted",30.5714748792232,310,"12","2",TRUE
"GTACTTTCATGGTCTA-300.1.2","Slingshot_PCA_rooted",34.4812653692389,425,"13","2",TRUE
"GTAGTCACAGAAGCAC-300.1.2","Slingshot_PCA_rooted",12.8231838364902,220,"7","2",TRUE
"GTATTCTTCGCGGATC-300.1.2","Slingshot_PCA_rooted",13.5556790131105,260,"8","2",TRUE
"GTCAAGTGTCAAGCGA-300.1.2","Slingshot_PCA_rooted",29.7512743090943,285,"7","2",TRUE
"GTCACAACAGGGCATA-300.1.2","Slingshot_PCA_rooted",33.2914059012173,415,"13","2",TRUE
"GTCACGGCACACCGCA-300.1.2","Slingshot_PCA_rooted",28.0658515716303,225,"3","2",TRUE
"GTCACGGGTCATCCCT-300.1.2","Slingshot_PCA_rooted",27.2723954098456,225,"3","2",TRUE
"GTCCTCACAGTTCCCT-300.1.2","Slingshot_PCA_rooted",24.3643786451519,350,"5","2",TRUE
"GTCTTCGAGGTGCTAG-300.1.2","Slingshot_PCA_rooted",18.8132629598532,325,"1","2",TRUE
"GTGAAGGTCCCACTTG-300.1.2","Slingshot_PCA_rooted",28.5401481167762,260,"7","2",TRUE
"GTGCAGCCAGGATCGA-300.1.2","Slingshot_PCA_rooted",12.2983872511168,225,"3","2",TRUE
"GTGCGGTAGTAGGCCA-300.1.2","Slingshot_PCA_rooted",16.4121913509423,300,"9","2",TRUE
"GTGCTTCAGAGGACGG-300.1.2","Slingshot_PCA_rooted",26.7155781004198,260,"7","2",TRUE
"GTGCTTCTCAACGGCC-300.1.2","Slingshot_PCA_rooted",17.8542284827276,270,"6","2",TRUE
"GTGGGTCAGCAACGGT-300.1.2","Slingshot_PCA_rooted",13.1303737019555,280,"4","2",TRUE
"GTGGGTCGTTCCATGA-300.1.2","Slingshot_PCA_rooted",19.5278159541394,270,"8","2",TRUE
"GTGTTAGCAATAGCAA-300.1.2","Slingshot_PCA_rooted",27.731589568946,265,"3","2",TRUE
"GTTAAGCAGAAGGTGA-300.1.2","Slingshot_PCA_rooted",25.1621183982098,260,"3","2",TRUE
"GTTAAGCTCGTAGGAG-300.1.2","Slingshot_PCA_rooted",14.034447574987,270,"4","2",TRUE
"TAAGTGCAGCTAAACA-300.1.2","Slingshot_PCA_rooted",22.1501636514898,270,"12","2",TRUE
"TACAGTGAGGCTAGCA-300.1.2","Slingshot_PCA_rooted",27.8215394996493,260,"7","2",TRUE
"TACCTATCATCTGGTA-300.1.2","Slingshot_PCA_rooted",17.0248360546815,325,"4","2",TRUE
"TACCTATTCAGCGATT-300.1.2","Slingshot_PCA_rooted",22.8272913140832,340,"10","2",TRUE
"TACGGATTCCAAACTG-300.1.2","Slingshot_PCA_rooted",21.980149081,280,"6","2",TRUE
"TACTTACAGTATCTCG-300.1.2","Slingshot_PCA_rooted",10.5241821796319,245,"2","2",TRUE
"TACTTACTCTTCGAGA-300.1.2","Slingshot_PCA_rooted",26.5436556609303,300,"12","2",TRUE
"TACTTGTCACACCGAC-300.1.2","Slingshot_PCA_rooted",8.52104653450649,190,"2","2",TRUE
"TAGAGCTTCTTGACGA-300.1.2","Slingshot_PCA_rooted",17.0049409646798,300,"9","2",TRUE
"TAGTGGTAGGATTCGG-300.1.2","Slingshot_PCA_rooted",18.0553529244637,260,"6","2",TRUE
"TATCAGGAGCGATCCC-300.1.2","Slingshot_PCA_rooted",12.4427240265562,210,"8","2",TRUE
"TATCAGGAGGGCACTA-300.1.2","Slingshot_PCA_rooted",33.126668698264,420,"5","2",TRUE
"TCAGATGCAGTTCCCT-300.1.2","Slingshot_PCA_rooted",7.1700036618215,170,"8","2",TRUE
"TCAGCAACACAGATTC-300.1.2","Slingshot_PCA_rooted",8.66993987317848,200,"2","2",TRUE
"TCAGCTCTCCAAAGTC-300.1.2","Slingshot_PCA_rooted",29.9054000347127,295,"12","2",TRUE
"TCATTACGTTGAGGTG-300.1.2","Slingshot_PCA_rooted",28.1085138752003,260,"3","2",TRUE
"TCATTTGTCTCTAAGG-300.1.2","Slingshot_PCA_rooted",12.9799622978385,260,"3","2",TRUE
"TCATTTGTCTGCCCTA-300.1.2","Slingshot_PCA_rooted",25.652325415306,260,"3","2",TRUE
"TCCACACAGGACAGCT-300.1.2","Slingshot_PCA_rooted",9.3662723835428,190,"2","2",TRUE
"TCCCGATCAGACGTAG-300.1.2","Slingshot_PCA_rooted",17.764760825671,260,"6","2",TRUE
"TCCCGATTCGGAAACG-300.1.2","Slingshot_PCA_rooted",28.7837864194423,290,"12","2",TRUE
"TCGCGAGGTATCGCAT-300.1.2","Slingshot_PCA_rooted",21.818992572583,230,"8","2",TRUE
"TCGCGTTGTCGTCTTC-300.1.2","Slingshot_PCA_rooted",34.3547536718986,350,"11","2",TRUE
"TCGTAGACAATCAGAA-300.1.2","Slingshot_PCA_rooted",16.5974349997147,230,"3","2",TRUE
"TGACTAGCATGTTCCC-300.1.2","Slingshot_PCA_rooted",25.2319882999634,260,"12","2",TRUE
"TGACTTTAGTTCCACA-300.1.2","Slingshot_PCA_rooted",26.3034183352343,270,"7","2",TRUE
"TGAGAGGGTAAACACA-300.1.2","Slingshot_PCA_rooted",38.7692635421835,470,"9","2",TRUE
"TGAGCCGAGTTCGCAT-300.1.2","Slingshot_PCA_rooted",29.5871212749029,265,"3","2",TRUE
"TGAGCCGCAGCGAACA-300.1.2","Slingshot_PCA_rooted",9.97957342277904,200,"2","2",TRUE
"TGAGCCGGTGAGTGAC-300.1.2","Slingshot_PCA_rooted",32.9100783102105,415,"11","2",TRUE
"TGAGGGAGTCTAGTCA-300.1.2","Slingshot_PCA_rooted",22.7703756548111,350,"10","2",TRUE
"TGATTTCAGCGTAATA-300.1.2","Slingshot_PCA_rooted",13.3383962050778,260,"8","2",TRUE
"TGCACCTAGCGATATA-300.1.2","Slingshot_PCA_rooted",19.5070167427171,280,"8","2",TRUE
"TGCACCTAGTTGTCGT-300.1.2","Slingshot_PCA_rooted",35.0246508522408,360,"11","2",TRUE
"TGCACCTAGTTTGCGT-300.1.2","Slingshot_PCA_rooted",29.684894631704,270,"3","2",TRUE
"TGCTACCGTGGACGAT-300.1.2","Slingshot_PCA_rooted",14.8561022610348,300,"4","2",TRUE
"TGCTACCTCAACACCA-300.1.2","Slingshot_PCA_rooted",26.8060064533328,290,"12","2",TRUE
"TGGGCGTTCAGATAAG-300.1.2","Slingshot_PCA_rooted",19.5462811534135,270,"6","2",TRUE
"TGGTTAGCATATACCG-300.1.2","Slingshot_PCA_rooted",10.4085839288288,200,"8","2",TRUE
"TGGTTAGGTTATGTGC-300.1.2","Slingshot_PCA_rooted",7.41588580205889,200,"2","2",TRUE
"TGTCCCATCTCCAGGG-300.1.2","Slingshot_PCA_rooted",24.7332354443856,350,"5","2",TRUE
"TGTGTTTGTAATTGGA-300.1.2","Slingshot_PCA_rooted",11.8201991240464,200,"3","2",TRUE
"TGTGTTTGTCGCGTGT-300.1.2","Slingshot_PCA_rooted",34.4427544289449,275,"3","2",TRUE
"TGTTCCGTCATCTGTT-300.1.2","Slingshot_PCA_rooted",17.2638070888689,260,"3","2",TRUE
"TTATGCTAGGACAGCT-300.1.2","Slingshot_PCA_rooted",17.0911428648207,260,"3","2",TRUE
"TTCCCAGAGCTATGCT-300.1.2","Slingshot_PCA_rooted",12.6885250869008,195,"7","2",TRUE
"TTCGAAGGTTGCCTCT-300.1.2","Slingshot_PCA_rooted",21.3123402665408,225,"12","2",TRUE
"TTCTCAATCCGTACAA-300.1.2","Slingshot_PCA_rooted",12.0998472892381,230,"8","2",TRUE
"TTCTCCTAGTACGATA-300.1.2","Slingshot_PCA_rooted",31.5813723579977,390,"5","2",TRUE
"TTCTTAGCACGCATCG-300.1.2","Slingshot_PCA_rooted",29.4820803759212,270,"7","2",TRUE
"TTGAACGCAGGGTACA-300.1.2","Slingshot_PCA_rooted",6.81696667144938,170,"2","2",TRUE
"TTGACTTAGCGTGTCC-300.1.2","Slingshot_PCA_rooted",19.4594462629062,260,"7","2",TRUE
"TTGACTTCACGAGAGT-300.1.2","Slingshot_PCA_rooted",8.67956091572151,180,"2","2",TRUE
"TTGCCGTCAAACGTGG-300.1.2","Slingshot_PCA_rooted",12.8365989960664,230,"6","2",TRUE
"TTGCGTCGTAGCGCTC-300.1.2","Slingshot_PCA_rooted",19.2836558677226,260,"8","2",TRUE
"TTTATGCCATATACGC-300.1.2","Slingshot_PCA_rooted",10.224488562105,230,"12","2",TRUE
"TTTCCTCTCTCTTATG-300.1.2","Slingshot_PCA_rooted",27.0376217866636,260,"3","2",TRUE
"TTTGGTTGTTGATTGC-300.1.2","Slingshot_PCA_rooted",33.0233063071602,300,"11","2",TRUE
"AAAGATGTCGATCCCT-300.1.3","Slingshot_PCA_rooted",7.43588435983798,185,"2","2",TRUE
"AAAGCAAGTAGGAGTC-300.1.3","Slingshot_PCA_rooted",13.0227357982989,180,"2","2",TRUE
"AAATGCCAGAAGGTGA-300.1.3","Slingshot_PCA_rooted",11.7328867460059,245,"3","2",TRUE
"AACCATGGTGCAGTAG-300.1.3","Slingshot_PCA_rooted",29.0017383837933,270,"7","2",TRUE
"AACGTTGGTTGAGGTG-300.1.3","Slingshot_PCA_rooted",33.8865263618983,380,"11","2",TRUE
"AACTCCCAGAAACCAT-300.1.3","Slingshot_PCA_rooted",21.8854529589462,270,"8","2",TRUE
"AACTCCCCACTAAGTC-300.1.3","Slingshot_PCA_rooted",21.8489316532118,350,"5","2",TRUE
"AACTGGTAGGACACCA-300.1.3","Slingshot_PCA_rooted",12.8387118038806,245,"8","2",TRUE
"AACTGGTGTAGCCTCG-300.1.3","Slingshot_PCA_rooted",12.3056268397174,200,"3","2",TRUE
"AACTGGTGTCTTCTCG-300.1.3","Slingshot_PCA_rooted",25.7015304690507,295,"6","2",TRUE
"AAGCCGCGTTACGACT-300.1.3","Slingshot_PCA_rooted",22.6156826229967,270,"12","2",TRUE
"AAGGAGCTCAGTTTGG-300.1.3","Slingshot_PCA_rooted",33.3975137207744,405,"10","2",TRUE
"AAGTCTGTCGTAGGTT-300.1.3","Slingshot_PCA_rooted",23.1528663681856,320,"5","2",TRUE
"AATCCAGGTCCAGTAT-300.1.3","Slingshot_PCA_rooted",16.334231208721,300,"9","2",TRUE
"AATCGGTAGAAGCCCA-300.1.3","Slingshot_PCA_rooted",7.50348377756869,170,"2","2",TRUE
"ACACTGAGTTCAGTAC-300.1.3","Slingshot_PCA_rooted",22.5110815054842,260,"12","2",TRUE
"ACATACGTCTTGTCAT-300.1.3","Slingshot_PCA_rooted",33.7962878077552,270,"3","2",TRUE
"ACGAGGACAACTTGAC-300.1.3","Slingshot_PCA_rooted",14.4311800338501,295,"7","2",TRUE
"ACGAGGACATCCAACA-300.1.3","Slingshot_PCA_rooted",38.4933536610028,470,"9","2",TRUE
"ACGAGGAGTCATATCG-300.1.3","Slingshot_PCA_rooted",24.3904370701197,350,"5","2",TRUE
"ACGGAGAAGAAAGTGG-300.1.3","Slingshot_PCA_rooted",28.2253152049008,260,"7","2",TRUE
"ACGGAGACATCCAACA-300.1.3","Slingshot_PCA_rooted",8.47335318801335,170,"2","2",TRUE
"ACGGCCACAGGACGTA-300.1.3","Slingshot_PCA_rooted",13.598238155115,230,"3","2",TRUE
"ACGGGCTCAGCTTAAC-300.1.3","Slingshot_PCA_rooted",27.5819465093876,230,"7","2",TRUE
"ACGGGCTTCTACTATC-300.1.3","Slingshot_PCA_rooted",18.5763275102094,260,"8","2",TRUE
"ACGTCAAAGCCCAATT-300.1.3","Slingshot_PCA_rooted",12.678111260198,200,"12","2",TRUE
"ACGTCAACAGGGTTAG-300.1.3","Slingshot_PCA_rooted",18.3568074641824,300,"4","2",TRUE
"ACTGAGTCATAGTAAG-300.1.3","Slingshot_PCA_rooted",25.6353678314006,260,"12","2",TRUE
"ACTGCTCCAGGGTACA-300.1.3","Slingshot_PCA_rooted",12.689325998596,200,"2","2",TRUE
"ACTGTCCAGTACGATA-300.1.3","Slingshot_PCA_rooted",12.5789417335507,200,"3","2",TRUE
"ACTTGTTCAATGGTCT-300.1.3","Slingshot_PCA_rooted",24.856601108996,280,"8","2",TRUE
"AGACGTTGTCCTGCTT-300.1.3","Slingshot_PCA_rooted",21.3312858018502,260,"12","2",TRUE
"AGAGCGAAGGGTCGAT-300.1.3","Slingshot_PCA_rooted",8.41805122857507,190,"2","2",TRUE
"AGAGCTTAGTAGCGGT-300.1.3","Slingshot_PCA_rooted",21.9654437599428,350,"10","2",TRUE
"AGAGCTTCAATGGAAT-300.1.3","Slingshot_PCA_rooted",6.57321288424536,175,"2","2",TRUE
"AGATTGCAGTGCCAGA-300.1.3","Slingshot_PCA_rooted",14.5933017306455,290,"4","2",TRUE
"AGATTGCGTTATGCGT-300.1.3","Slingshot_PCA_rooted",7.27008780990362,190,"8","2",TRUE
"AGCGGTCTCCTTTACA-300.1.3","Slingshot_PCA_rooted",13.588972465138,195,"6","2",TRUE
"AGCGTCGCATATGCTG-300.1.3","Slingshot_PCA_rooted",23.7734709173184,390,"5","2",TRUE
"AGCTCTCAGACACGAC-300.1.3","Slingshot_PCA_rooted",27.7145506937352,310,"1","2",TRUE
"AGCTTGAGTGGCAAAC-300.1.3","Slingshot_PCA_rooted",28.4264339270238,300,"12","2",TRUE
"AGGCCACGTCTTGATG-300.1.3","Slingshot_PCA_rooted",33.6530873691202,420,"14","2",TRUE
"AGGCCGTGTGGAAAGA-300.1.3","Slingshot_PCA_rooted",26.1016943152253,260,"7","2",TRUE
"AGGCCGTTCAGTACGT-300.1.3","Slingshot_PCA_rooted",13.7123115067506,230,"6","2",TRUE
"AGTCTTTAGTGTACGG-300.1.3","Slingshot_PCA_rooted",30.0477336172253,260,"3","2",TRUE
"AGTGTCACACAGCCCA-300.1.3","Slingshot_PCA_rooted",47.6463601230314,620,"13","2",TRUE
"ATAAGAGTCCCACTTG-300.1.3","Slingshot_PCA_rooted",25.8265029605041,300,"6","2",TRUE
"ATAGACCTCTAACGGT-300.1.3","Slingshot_PCA_rooted",6.87547912388696,195,"2","2",TRUE
"ATCATCTCATCACGTA-300.1.3","Slingshot_PCA_rooted",9.36552875100653,205,"2","2",TRUE
"ATCATGGTCTGAAAGA-300.1.3","Slingshot_PCA_rooted",24.9684083137621,280,"8","2",TRUE
"ATCATGGTCTGAGTGT-300.1.3","Slingshot_PCA_rooted",21.1703845937097,225,"12","2",TRUE
"ATCCGAAAGCGTCTAT-300.1.3","Slingshot_PCA_rooted",21.5251837349783,210,"12","2",TRUE
"ATCCGAACATTGGGCC-300.1.3","Slingshot_PCA_rooted",11.1694387836723,230,"12","2",TRUE
"ATCTACTTCAACCATG-300.1.3","Slingshot_PCA_rooted",28.6393730035476,270,"3","2",TRUE
"ATCTGCCAGCCAGAAC-300.1.3","Slingshot_PCA_rooted",24.5424286802114,280,"8","2",TRUE
"ATCTGCCCAATGGTCT-300.1.3","Slingshot_PCA_rooted",8.60756712821304,210,"2","2",TRUE
"ATCTGCCGTCGTGGCT-300.1.3","Slingshot_PCA_rooted",22.3274931991012,300,"6","2",TRUE
"ATGAGGGAGCTGCCCA-300.1.3","Slingshot_PCA_rooted",19.4975450996515,270,"8","2",TRUE
"ATGTGTGGTTACGTCA-300.1.3","Slingshot_PCA_rooted",16.0034132334716,290,"10","2",TRUE
"ATTACTCGTGCTGTAT-300.1.3","Slingshot_PCA_rooted",17.8646713192686,230,"7","2",TRUE
"ATTACTCTCTGCTTGC-300.1.3","Slingshot_PCA_rooted",25.1764632115942,275,"8","2",TRUE
"CAACCTCGTCTGGTCG-300.1.3","Slingshot_PCA_rooted",21.9818867430985,350,"5","2",TRUE
"CAAGGCCCAACTGCGC-300.1.3","Slingshot_PCA_rooted",14.5186929114993,260,"8","2",TRUE
"CACACAATCGTACGGC-300.1.3","Slingshot_PCA_rooted",25.8947911065426,260,"3","2",TRUE
"CACACCTGTTCCACGG-300.1.3","Slingshot_PCA_rooted",8.30664188171798,195,"2","2",TRUE
"CACACTCTCCTTGACC-300.1.3","Slingshot_PCA_rooted",20.1680489308355,260,"8","2",TRUE
"CACAGTAGTAGCTGCC-300.1.3","Slingshot_PCA_rooted",27.8961607362359,390,"9","2",TRUE
"CACAGTAGTCATCCCT-300.1.3","Slingshot_PCA_rooted",17.9196032351504,220,"3","2",TRUE
"CACATAGGTGGCGAAT-300.1.3","Slingshot_PCA_rooted",13.7116657527664,230,"6","2",TRUE
"CACCAGGCACATGTGT-300.1.3","Slingshot_PCA_rooted",13.1303579909688,270,"4","2",TRUE
"CACCTTGGTTCTGTTT-300.1.3","Slingshot_PCA_rooted",28.5383224366192,260,"3","2",TRUE
"CACTCCATCTCGAGTA-300.1.3","Slingshot_PCA_rooted",22.2743898729922,270,"6","2",TRUE
"CAGCAGCCATGGTCTA-300.1.3","Slingshot_PCA_rooted",21.716314390505,205,"12","2",TRUE
"CAGGTGCTCTCGTATT-300.1.3","Slingshot_PCA_rooted",17.8022488813731,300,"9","2",TRUE
"CAGTAACCATCGGTTA-300.1.3","Slingshot_PCA_rooted",19.3365750755807,230,"7","2",TRUE
"CAGTAACGTACTCTCC-300.1.3","Slingshot_PCA_rooted",17.289214135403,220,"3","2",TRUE
"CATATGGGTTGGTGGA-300.1.3","Slingshot_PCA_rooted",22.5628419921697,265,"6","2",TRUE
"CATCAAGGTACAGTGG-300.1.3","Slingshot_PCA_rooted",25.8600007751545,230,"7","2",TRUE
"CATCAGAAGTATCGAA-300.1.3","Slingshot_PCA_rooted",10.8742523231618,190,"2","2",TRUE
"CATCGGGGTCCGAAGA-300.1.3","Slingshot_PCA_rooted",17.9501766554386,220,"3","2",TRUE
"CATTCGCCAGTACACT-300.1.3","Slingshot_PCA_rooted",29.4832164232116,390,"10","2",TRUE
"CCACGGACAGGTCCAC-300.1.3","Slingshot_PCA_rooted",11.788354890758,215,"8","2",TRUE
"CCACTACGTAAATGTG-300.1.3","Slingshot_PCA_rooted",13.8929877395351,230,"6","2",TRUE
"CCATGTCTCAACGGGA-300.1.3","Slingshot_PCA_rooted",28.1508657260631,260,"3","2",TRUE
"CCATTCGCAGACACTT-300.1.3","Slingshot_PCA_rooted",18.4726185604573,320,"9","2",TRUE
"CCATTCGCATGGTCAT-300.1.3","Slingshot_PCA_rooted",19.4509220972691,270,"8","2",TRUE
"CCCAATCGTAATCACC-300.1.3","Slingshot_PCA_rooted",22.9860073900533,300,"5","2",TRUE
"CCCAGTTCAGTATCTG-300.1.3","Slingshot_PCA_rooted",29.2772447143458,300,"12","2",TRUE
"CCCATACCATACGCTA-300.1.3","Slingshot_PCA_rooted",14.4993969422251,260,"8","2",TRUE
"CCGGTAGCATCATCCC-300.1.3","Slingshot_PCA_rooted",17.399574598587,320,"4","2",TRUE
"CCTAGCTGTAAATGTG-300.1.3","Slingshot_PCA_rooted",18.9275175137881,215,"12","2",TRUE
"CCTTACGAGTACACCT-300.1.3","Slingshot_PCA_rooted",21.1573012536441,260,"12","2",TRUE
"CCTTACGTCCCAACGG-300.1.3","Slingshot_PCA_rooted",22.4832324101252,450,"11","2",TRUE
"CCTTACGTCTCCAACC-300.1.3","Slingshot_PCA_rooted",30.2811972636339,280,"3","2",TRUE
"CCTTCGAGTGCAACGA-300.1.3","Slingshot_PCA_rooted",5.64150811751192,170,"2","2",TRUE
"CGAATGTGTTATCGGT-300.1.3","Slingshot_PCA_rooted",37.0832946575803,350,"11","2",TRUE
"CGACTTCCACGCCAGT-300.1.3","Slingshot_PCA_rooted",18.8821436251851,320,"9","2",TRUE
"CGAGCACTCGGCTTGG-300.1.3","Slingshot_PCA_rooted",21.5126530765025,330,"4","2",TRUE
"CGAGCCAGTCAAAGCG-300.1.3","Slingshot_PCA_rooted",18.0084942487186,215,"8","2",TRUE
"CGATGGCAGTCATCCA-300.1.3","Slingshot_PCA_rooted",14.9178828808716,260,"8","2",TRUE
"CGATGTAAGTAGGTGC-300.1.3","Slingshot_PCA_rooted",22.6946575800436,335,"9","2",TRUE
"CGATGTAAGTGGAGAA-300.1.3","Slingshot_PCA_rooted",17.0256350821499,225,"3","2",TRUE
"CGATGTAGTCACTGGC-300.1.3","Slingshot_PCA_rooted",21.6118889322357,285,"6","2",TRUE
"CGATGTAGTGAGGCTA-300.1.3","Slingshot_PCA_rooted",29.3855138805994,260,"7","2",TRUE
"CGATTGAGTTATGTGC-300.1.3","Slingshot_PCA_rooted",8.48093468466194,190,"2","2",TRUE
"CGCCAAGCAAGCTGTT-300.1.3","Slingshot_PCA_rooted",14.2548693820522,350,"12","2",TRUE
"CGCGGTATCAAGGTAA-300.1.3","Slingshot_PCA_rooted",18.2955456947081,265,"6","2",TRUE
"CGCGTTTAGTGGAGTC-300.1.3","Slingshot_PCA_rooted",12.6085203634092,200,"3","2",TRUE
"CGCGTTTCAGCTGTAT-300.1.3","Slingshot_PCA_rooted",25.4791449698543,360,"1","2",TRUE
"CGGACACGTCACTGGC-300.1.3","Slingshot_PCA_rooted",7.74422102370892,170,"2","2",TRUE
"CGGACACGTTTGCATG-300.1.3","Slingshot_PCA_rooted",24.8062734716353,270,"12","2",TRUE
"CGGACGTTCTGATTCT-300.1.3","Slingshot_PCA_rooted",25.3214951239709,350,"5","2",TRUE
"CGGAGCTTCTCAAACG-300.1.3","Slingshot_PCA_rooted",35.3464355998176,405,"9","2",TRUE
"CGGAGTCCACACCGCA-300.1.3","Slingshot_PCA_rooted",28.2519059742281,380,"5","2",TRUE
"CGGTTAAGTATAGGTA-300.1.3","Slingshot_PCA_rooted",22.7297105559806,345,"4","2",TRUE
"CGTCAGGCAATGGAGC-300.1.3","Slingshot_PCA_rooted",7.3192878980249,170,"2","2",TRUE
"CGTCAGGGTCAGAATA-300.1.3","Slingshot_PCA_rooted",18.8597538832362,260,"3","2",TRUE
"CGTCCATCACAGGTTT-300.1.3","Slingshot_PCA_rooted",27.2164406941473,260,"3","2",TRUE
"CGTCCATCAGTAACGG-300.1.3","Slingshot_PCA_rooted",18.8930533064553,225,"3","2",TRUE
"CGTCTACGTGACCAAG-300.1.3","Slingshot_PCA_rooted",17.4359268371664,330,"8","2",TRUE
"CGTCTACTCAGCATGT-300.1.3","Slingshot_PCA_rooted",10.6098237197407,225,"3","2",TRUE
"CGTGAGCCACGCGAAA-300.1.3","Slingshot_PCA_rooted",8.00105218981467,175,"2","2",TRUE
"CGTGAGCTCCTTAATC-300.1.3","Slingshot_PCA_rooted",14.0001271478849,260,"8","2",TRUE
"CGTGTCTCAAAGCGGT-300.1.3","Slingshot_PCA_rooted",20.8839601154638,260,"8","2",TRUE
"CGTTCTGAGTGCCATT-300.1.3","Slingshot_PCA_rooted",12.2357436041433,200,"3","2",TRUE
"CGTTGGGAGCTGCCCA-300.1.3","Slingshot_PCA_rooted",25.7566378890683,260,"12","2",TRUE
"CTAACTTAGCTTTGGT-300.1.3","Slingshot_PCA_rooted",7.33004458280209,180,"8","2",TRUE
"CTAACTTAGGCGTACA-300.1.3","Slingshot_PCA_rooted",42.3773847792825,490,"11","2",TRUE
"CTAAGACAGCTGAACG-300.1.3","Slingshot_PCA_rooted",25.578376706181,300,"6","2",TRUE
"CTAAGACCAAGGACAC-300.1.3","Slingshot_PCA_rooted",18.8054670974913,360,"5","2",TRUE
"CTAGCCTCATGCCTAA-300.1.3","Slingshot_PCA_rooted",8.44733008346635,185,"2","2",TRUE
"CTAGCCTGTGGTCTCG-300.1.3","Slingshot_PCA_rooted",15.5131517600273,300,"4","2",TRUE
"CTAGCCTTCACCGGGT-300.1.3","Slingshot_PCA_rooted",26.9699166367623,385,"11","2",TRUE
"CTAGCCTTCTATGTGG-300.1.3","Slingshot_PCA_rooted",36.3893375241084,380,"1","2",TRUE
"CTCAGAATCGGATGTT-300.1.3","Slingshot_PCA_rooted",14.1537732193291,265,"4","2",TRUE
"CTCATTAAGCAGCGTA-300.1.3","Slingshot_PCA_rooted",19.361179445489,260,"8","2",TRUE
"CTCGTACTCATGTCTT-300.1.3","Slingshot_PCA_rooted",24.8117110195391,230,"7","2",TRUE
"CTCGTCATCTTGAGAC-300.1.3","Slingshot_PCA_rooted",9.2071763879661,200,"2","2",TRUE
"CTCTGGTTCTACGAGT-300.1.3","Slingshot_PCA_rooted",21.3832757148325,355,"4","2",TRUE
"CTGAAACGTCGCGGTT-300.1.3","Slingshot_PCA_rooted",31.2314758418185,300,"12","2",TRUE
"CTGATAGGTGAGGGAG-300.1.3","Slingshot_PCA_rooted",8.32422669931269,205,"2","2",TRUE
"CTGCCTAAGCTGCCCA-300.1.3","Slingshot_PCA_rooted",13.2412719293256,225,"3","2",TRUE
"CTGCCTATCATTGCGA-300.1.3","Slingshot_PCA_rooted",17.943996835075,300,"10","2",TRUE
"CTGTGCTCACAGATTC-300.1.3","Slingshot_PCA_rooted",7.97810430586787,185,"2","2",TRUE
"CTGTTTATCATGCAAC-300.1.3","Slingshot_PCA_rooted",20.2900727383797,340,"4","2",TRUE
"CTGTTTATCTAACCGA-300.1.3","Slingshot_PCA_rooted",31.1762410004799,325,"12","2",TRUE
"CTTAACTCATGGGAAC-300.1.3","Slingshot_PCA_rooted",8.57406306296798,190,"2","2",TRUE
"CTTACCGGTCATCCCT-300.1.3","Slingshot_PCA_rooted",31.2169366265061,300,"12","2",TRUE
"CTTCTCTGTCCAACTA-300.1.3","Slingshot_PCA_rooted",13.466309879325,245,"3","2",TRUE
"CTTGGCTAGCCCAATT-300.1.3","Slingshot_PCA_rooted",23.8608807945988,350,"5","2",TRUE
"GAACATCTCAGAGCTT-300.1.3","Slingshot_PCA_rooted",25.9971799545616,290,"12","2",TRUE
"GAACCTACAAGGGTCA-300.1.3","Slingshot_PCA_rooted",20.276693076929,320,"1","2",TRUE
"GAACGGATCACCTTAT-300.1.3","Slingshot_PCA_rooted",21.9727548834485,355,"1","2",TRUE
"GACCAATCATTGGTAC-300.1.3","Slingshot_PCA_rooted",7.06418180312765,170,"2","2",TRUE
"GACCTGGAGTATGACA-300.1.3","Slingshot_PCA_rooted",11.7775312687836,205,"3","2",TRUE
"GACCTGGGTTATCGGT-300.1.3","Slingshot_PCA_rooted",38.7265238847237,420,"9","2",TRUE
"GACGTTAAGATGAGAG-300.1.3","Slingshot_PCA_rooted",17.5930869611964,310,"4","2",TRUE
"GACTAACAGCGCTCCA-300.1.3","Slingshot_PCA_rooted",6.28780033528879,170,"2","2",TRUE
"GACTAACTCTACTCAT-300.1.3","Slingshot_PCA_rooted",7.55710157845861,185,"2","2",TRUE
"GAGCAGACATCACAAC-300.1.3","Slingshot_PCA_rooted",13.690349738362,260,"8","2",TRUE
"GAGGTGAGTGTGAAAT-300.1.3","Slingshot_PCA_rooted",25.5317694218142,365,"4","2",TRUE
"GATCAGTCACGACGAA-300.1.3","Slingshot_PCA_rooted",16.6116133770529,260,"3","2",TRUE
"GATCGCGAGGGAACGG-300.1.3","Slingshot_PCA_rooted",8.16000216903227,200,"2","2",TRUE
"GCATGATAGCGTAATA-300.1.3","Slingshot_PCA_rooted",7.15248081737375,180,"2","2",TRUE
"GCATGCGGTCTCCCTA-300.1.3","Slingshot_PCA_rooted",22.8225339928192,300,"6","2",TRUE
"GCATGCGTCTTGCATT-300.1.3","Slingshot_PCA_rooted",18.2739953785855,260,"8","2",TRUE
"GCCTCTAAGGACAGCT-300.1.3","Slingshot_PCA_rooted",20.6090144562847,345,"5","2",TRUE
"GCGACCACATCTCCCA-300.1.3","Slingshot_PCA_rooted",11.1727493531746,200,"3","2",TRUE
"GCGACCATCGTGGGAA-300.1.3","Slingshot_PCA_rooted",23.2954465339901,300,"6","2",TRUE
"GCGCGATGTGATGCCC-300.1.3","Slingshot_PCA_rooted",16.1272847114214,260,"8","2",TRUE
"GCTGGGTCATCCGTGG-300.1.3","Slingshot_PCA_rooted",13.1319521728053,260,"8","2",TRUE
"GCTTCCAAGCTCCCAG-300.1.3","Slingshot_PCA_rooted",18.1899598466053,320,"10","2",TRUE
"GGAAAGCAGGCTCAGA-300.1.3","Slingshot_PCA_rooted",18.4150977830015,300,"9","2",TRUE
"GGAAAGCTCTTCGGTC-300.1.3","Slingshot_PCA_rooted",14.7270525726352,260,"8","2",TRUE
"GGAACTTTCGTCTGAA-300.1.3","Slingshot_PCA_rooted",13.4720763233516,245,"3","2",TRUE
"GGAATAATCCAAATGC-300.1.3","Slingshot_PCA_rooted",12.9021126438976,200,"3","2",TRUE
"GGAGCAAGTTTAGCTG-300.1.3","Slingshot_PCA_rooted",12.1304423824754,210,"12","2",TRUE
"GGCAATTAGGCCCTCA-300.1.3","Slingshot_PCA_rooted",31.654930674643,380,"11","2",TRUE
"GGCAATTGTAATCGTC-300.1.3","Slingshot_PCA_rooted",9.1666372625245,200,"2","2",TRUE
"GGCGACTTCTCGCATC-300.1.3","Slingshot_PCA_rooted",18.5021499431005,260,"8","2",TRUE
"GGCTCGATCGCAAGCC-300.1.3","Slingshot_PCA_rooted",21.6490875212773,275,"6","2",TRUE
"GGGAATGAGTGTACCT-300.1.3","Slingshot_PCA_rooted",7.75070771798486,170,"2","2",TRUE
"GGGAGATAGGCCATAG-300.1.3","Slingshot_PCA_rooted",17.8057530574302,330,"6","2",TRUE
"GGGAGATAGTGAAGAG-300.1.3","Slingshot_PCA_rooted",10.1993502643433,215,"8","2",TRUE
"GGGCACTGTTGTCGCG-300.1.3","Slingshot_PCA_rooted",30.8620868447554,380,"11","2",TRUE
"GGGTCTGAGCCGATTT-300.1.3","Slingshot_PCA_rooted",5.85281152620054,190,"2","2",TRUE
"GGGTTGCTCAGGTAAA-300.1.3","Slingshot_PCA_rooted",6.94847112238977,175,"2","2",TRUE
"GGGTTGCTCATGTAGC-300.1.3","Slingshot_PCA_rooted",11.3237097547834,190,"2","2",TRUE
"GTAACTGCAATGGACG-300.1.3","Slingshot_PCA_rooted",24.9453534168134,275,"8","2",TRUE
"GTACTTTCAAGTAGTA-300.1.3","Slingshot_PCA_rooted",8.38094202714815,200,"2","2",TRUE
"GTCACGGCAATGAAAC-300.1.3","Slingshot_PCA_rooted",19.1559095199858,260,"8","2",TRUE
"GTCATTTGTACAAGTA-300.1.3","Slingshot_PCA_rooted",15.0488468633747,245,"6","2",TRUE
"GTGCAGCCAGGAACGT-300.1.3","Slingshot_PCA_rooted",33.4813770988015,415,"5","2",TRUE
"GTGCAGCTCTATCCCG-300.1.3","Slingshot_PCA_rooted",30.4848216965856,270,"7","2",TRUE
"GTGCGGTTCTTAGCCC-300.1.3","Slingshot_PCA_rooted",31.5813039658886,300,"6","2",TRUE
"GTGGGTCTCATGCAAC-300.1.3","Slingshot_PCA_rooted",19.4672811690781,320,"9","2",TRUE
"GTTAAGCAGGTGCACA-300.1.3","Slingshot_PCA_rooted",29.4791069072271,260,"3","2",TRUE
"GTTACAGTCTGATTCT-300.1.3","Slingshot_PCA_rooted",18.1912641471561,270,"6","2",TRUE
"GTTCGGGTCATGGTCA-300.1.3","Slingshot_PCA_rooted",32.7422094387142,345,"11","2",TRUE
"GTTCTCGCAACAACCT-300.1.3","Slingshot_PCA_rooted",31.5817267843063,300,"12","2",TRUE
"GTTCTCGCAATCCGAT-300.1.3","Slingshot_PCA_rooted",7.28439119078669,185,"2","2",TRUE
"GTTTCTACAACAACCT-300.1.3","Slingshot_PCA_rooted",13.666269613941,260,"3","2",TRUE
"TAAGAGACATGTTCCC-300.1.3","Slingshot_PCA_rooted",28.245997794979,260,"3","2",TRUE
"TACAGTGCAATTCCTT-300.1.3","Slingshot_PCA_rooted",25.1103322550216,355,"5","2",TRUE
"TACAGTGTCTGAAAGA-300.1.3","Slingshot_PCA_rooted",26.5835942355951,210,"3","2",TRUE
"TACCTATTCCATGAGT-300.1.3","Slingshot_PCA_rooted",30.4064146623962,270,"3","2",TRUE
"TACCTTAAGACTTGAA-300.1.3","Slingshot_PCA_rooted",18.2777921483691,295,"10","2",TRUE
"TACCTTAAGGCTAGAC-300.1.3","Slingshot_PCA_rooted",10.4014043050639,215,"8","2",TRUE
"TACCTTAGTCTGCGGT-300.1.3","Slingshot_PCA_rooted",34.5787941080604,300,"12","2",TRUE
"TACCTTAGTTCGAATC-300.1.3","Slingshot_PCA_rooted",8.6165691065055,200,"2","2",TRUE
"TACGGATAGCCAGTTT-300.1.3","Slingshot_PCA_rooted",9.39042329200591,185,"2","2",TRUE
"TACGGATCATGGATGG-300.1.3","Slingshot_PCA_rooted",28.6689051665982,270,"7","2",TRUE
"TACGGTAGTTCAACCA-300.1.3","Slingshot_PCA_rooted",18.9982363587842,310,"9","2",TRUE
"TACTCGCCATCGGGTC-300.1.3","Slingshot_PCA_rooted",24.7892269277599,280,"6","2",TRUE
"TACTCGCTCGCCAGCA-300.1.3","Slingshot_PCA_rooted",12.3658703258406,220,"7","2",TRUE
"TACTTGTAGGGTCTCC-300.1.3","Slingshot_PCA_rooted",12.8075574742873,200,"3","2",TRUE
"TACTTGTGTTGTACAC-300.1.3","Slingshot_PCA_rooted",21.4815073959536,270,"12","2",TRUE
"TAGACCAGTCCCTACT-300.1.3","Slingshot_PCA_rooted",16.6436400597213,230,"3","2",TRUE
"TAGCCGGGTGCTCTTC-300.1.3","Slingshot_PCA_rooted",25.8087286694757,290,"12","2",TRUE
"TAGTGGTCATCGATTG-300.1.3","Slingshot_PCA_rooted",32.1033253009903,310,"6","2",TRUE
"TAGTGGTCATCGGTTA-300.1.3","Slingshot_PCA_rooted",28.2806588808716,300,"12","2",TRUE
"TAGTGGTTCCCAGGTG-300.1.3","Slingshot_PCA_rooted",24.8750848272473,345,"6","2",TRUE
"TAGTTGGCATCAGTCA-300.1.3","Slingshot_PCA_rooted",36.8323248162807,350,"11","2",TRUE
"TATCAGGTCCCACTTG-300.1.3","Slingshot_PCA_rooted",28.0940688333121,390,"9","2",TRUE
"TATCTCACAGTCCTTC-300.1.3","Slingshot_PCA_rooted",14.3364205817078,300,"4","2",TRUE
"TATTACCAGTGCTGCC-300.1.3","Slingshot_PCA_rooted",17.4218158312487,260,"7","2",TRUE
"TATTACCCACGGTGTC-300.1.3","Slingshot_PCA_rooted",28.2011032486236,260,"3","2",TRUE
"TCAACGAGTCGAACAG-300.1.3","Slingshot_PCA_rooted",19.2546641961565,320,"5","2",TRUE
"TCAACGATCCTTTCTC-300.1.3","Slingshot_PCA_rooted",8.05946967242455,195,"2","2",TRUE
"TCAATCTTCCTGTAGA-300.1.3","Slingshot_PCA_rooted",18.5796694009074,225,"3","2",TRUE
"TCAGCAAAGTATCTCG-300.1.3","Slingshot_PCA_rooted",30.8394844583574,320,"12","2",TRUE
"TCAGCTCAGCCCTAAT-300.1.3","Slingshot_PCA_rooted",22.2370625337243,245,"12","2",TRUE
"TCAGCTCCACCGAAAG-300.1.3","Slingshot_PCA_rooted",14.1005887168319,260,"6","2",TRUE
"TCGTACCAGAGGTAGA-300.1.3","Slingshot_PCA_rooted",6.58278355440203,175,"2","2",TRUE
"TCGTAGAAGTGAAGTT-300.1.3","Slingshot_PCA_rooted",13.6090832294188,225,"6","2",TRUE
"TCGTAGACACTGTTAG-300.1.3","Slingshot_PCA_rooted",40.1890985675824,430,"9","2",TRUE
"TCTATTGTCGGAAACG-300.1.3","Slingshot_PCA_rooted",22.6065547936413,345,"1","2",TRUE
"TCTCATATCTGTCAAG-300.1.3","Slingshot_PCA_rooted",31.0914940921599,265,"3","2",TRUE
"TCTTTCCGTCGGATCC-300.1.3","Slingshot_PCA_rooted",7.82627366962948,170,"2","2",TRUE
"TGAAAGACACGAAATA-300.1.3","Slingshot_PCA_rooted",18.8962705676016,230,"3","2",TRUE
"TGACAACGTATAATGG-300.1.3","Slingshot_PCA_rooted",26.4947667789343,365,"5","2",TRUE
"TGACAACTCATGTCTT-300.1.3","Slingshot_PCA_rooted",14.4976740027916,290,"4","2",TRUE
"TGACGGCTCTACTTAC-300.1.3","Slingshot_PCA_rooted",6.59414666904857,175,"8","2",TRUE
"TGACTAGGTCATATCG-300.1.3","Slingshot_PCA_rooted",29.4318297804561,260,"3","2",TRUE
"TGAGAGGAGTTACCCA-300.1.3","Slingshot_PCA_rooted",19.5767758879628,270,"6","2",TRUE
"TGAGGGAAGTGTTAGA-300.1.3","Slingshot_PCA_rooted",31.0610136983418,265,"7","2",TRUE
"TGAGGGACACATGTGT-300.1.3","Slingshot_PCA_rooted",6.72007913439844,170,"2","2",TRUE
"TGCACCTGTACAAGTA-300.1.3","Slingshot_PCA_rooted",6.42024953645895,170,"2","2",TRUE
"TGCCCATTCTCGATGA-300.1.3","Slingshot_PCA_rooted",12.2012654163921,215,"8","2",TRUE
"TGCGCAGGTCCGAAGA-300.1.3","Slingshot_PCA_rooted",13.2148871014455,230,"7","2",TRUE
"TGCGTGGGTTGTGGAG-300.1.3","Slingshot_PCA_rooted",19.8107700239659,300,"10","2",TRUE
"TGGCCAGCACTGTTAG-300.1.3","Slingshot_PCA_rooted",30.1287244554362,300,"12","2",TRUE
"TGGCGCACATTTGCTT-300.1.3","Slingshot_PCA_rooted",20.1383075614095,290,"10","2",TRUE
"TGGCGCAGTTTACTCT-300.1.3","Slingshot_PCA_rooted",7.04918516689113,170,"2","2",TRUE
"TGGCTGGTCGTTGACA-300.1.3","Slingshot_PCA_rooted",23.7214100090888,270,"8","2",TRUE
"TGGGCGTTCACAGTAC-300.1.3","Slingshot_PCA_rooted",22.1600765772111,270,"6","2",TRUE
"TGGTTAGAGACCCACC-300.1.3","Slingshot_PCA_rooted",28.4797690467973,300,"12","2",TRUE
"TGTCCCAAGAAAGTGG-300.1.3","Slingshot_PCA_rooted",17.7482881026723,230,"7","2",TRUE
"TGTCCCACAAGCCATT-300.1.3","Slingshot_PCA_rooted",11.6093060891631,550,"2","2",TRUE
"TGTGGTAAGGTTCCTA-300.1.3","Slingshot_PCA_rooted",26.9527981479298,290,"12","2",TRUE
"TGTGGTACAATCACAC-300.1.3","Slingshot_PCA_rooted",14.4032791669806,260,"6","2",TRUE
"TTAGGCAGTATTCTCT-300.1.3","Slingshot_PCA_rooted",8.71777322328438,190,"2","2",TRUE
"TTAGTTCGTTGTCGCG-300.1.3","Slingshot_PCA_rooted",19.4802961994661,270,"6","2",TRUE
"TTCCCAGGTTCAGCGC-300.1.3","Slingshot_PCA_rooted",17.9407008115376,260,"6","2",TRUE
"TTCGGTCCAAGCGATG-300.1.3","Slingshot_PCA_rooted",30.7411327121633,320,"12","2",TRUE
"TTCGGTCCACGGCTAC-300.1.3","Slingshot_PCA_rooted",8.51925459911977,190,"2","2",TRUE
"TTCTCAACATGAAGTA-300.1.3","Slingshot_PCA_rooted",25.3925635006452,280,"8","2",TRUE
"TTCTTAGTCAATCTCT-300.1.3","Slingshot_PCA_rooted",32.3711296644342,350,"6","2",TRUE
"TTGAACGCATAAGACA-300.1.3","Slingshot_PCA_rooted",19.6859475780157,270,"6","2",TRUE
"TTGTAGGTCTCCGGTT-300.1.3","Slingshot_PCA_rooted",10.5093431082588,185,"8","2",TRUE
"TTTATGCTCTCTGTCG-300.1.3","Slingshot_PCA_rooted",8.00282652877364,190,"2","2",TRUE
"TTTCCTCTCAGAGACG-300.1.3","Slingshot_PCA_rooted",19.3765268078342,260,"6","2",TRUE
"TTTGGTTAGATCCCGC-300.1.3","Slingshot_PCA_rooted",31.0324038997183,300,"8","2",TRUE
"AAACGGGGTGCCTGGT-400.2.1","Slingshot_PCA_rooted",8.01893544386236,180,"2","2",TRUE
"AAAGATGGTGGCTCCA-400.2.1","Slingshot_PCA_rooted",14.5306522033973,245,"6","2",TRUE
"AAAGCAATCGGTGTTA-400.2.1","Slingshot_PCA_rooted",9.1857107336994,215,"8","2",TRUE
"AAAGTAGCAGACACTT-400.2.1","Slingshot_PCA_rooted",21.6706482723133,340,"4","2",TRUE
"AAAGTAGGTTGGTAAA-400.2.1","Slingshot_PCA_rooted",22.6548353352091,380,"5","2",TRUE
"AAATGCCCAGGACGTA-400.2.1","Slingshot_PCA_rooted",8.49063148409014,200,"8","2",TRUE
"AAATGCCGTTATCGGT-400.2.1","Slingshot_PCA_rooted",31.5629232190011,390,"5","2",TRUE
"AACACGTCATGCAACT-400.2.1","Slingshot_PCA_rooted",26.3135450971473,365,"5","2",TRUE
"AACACGTTCGGAAACG-400.2.1","Slingshot_PCA_rooted",56.2441653283291,700,"2","2",TRUE
"AACCATGAGGGTATCG-400.2.1","Slingshot_PCA_rooted",18.0877762662251,245,"3","2",TRUE
"AACCGCGTCGTAGGAG-400.2.1","Slingshot_PCA_rooted",30.808096422509,300,"6","2",TRUE
"AACTCAGTCCCATTTA-400.2.1","Slingshot_PCA_rooted",28.1182646119063,375,"5","2",TRUE
"AACTGGTTCCGCAAGC-400.2.1","Slingshot_PCA_rooted",38.5378067466422,440,"13","2",TRUE
"AACTGGTTCTAACTGG-400.2.1","Slingshot_PCA_rooted",13.3084169293528,200,"12","2",TRUE
"AAGACCTTCTTAGAGC-400.2.1","Slingshot_PCA_rooted",31.6665246125422,310,"12","2",TRUE
"AAGCCGCTCGTAGATC-400.2.1","Slingshot_PCA_rooted",26.1506920105489,260,"5","2",TRUE
"AAGGAGCCACATGACT-400.2.1","Slingshot_PCA_rooted",34.3600229592001,325,"12","2",TRUE
"AAGGCAGCAGCCTTTC-400.2.1","Slingshot_PCA_rooted",18.1123200303799,320,"1","2",TRUE
"AAGGCAGCAGTGAGTG-400.2.1","Slingshot_PCA_rooted",24.3922182054155,360,"9","2",TRUE
"AAGTCTGTCTCGTATT-400.2.1","Slingshot_PCA_rooted",8.91366388097605,205,"2","2",TRUE
"AATCCAGCACTGAAGG-400.2.1","Slingshot_PCA_rooted",21.8084783545187,350,"9","2",TRUE
"AATCCAGGTTACGACT-400.2.1","Slingshot_PCA_rooted",19.6691475788752,300,"5","2",TRUE
"AATCCAGTCTGCAGTA-400.2.1","Slingshot_PCA_rooted",46.004338023878,500,"11","2",TRUE
"ACACCCTAGTAGATGT-400.2.1","Slingshot_PCA_rooted",26.9829533424194,245,"3","2",TRUE
"ACACCGGTCGTAGATC-400.2.1","Slingshot_PCA_rooted",24.0861092515865,355,"4","2",TRUE
"ACACTGATCACGCGGT-400.2.1","Slingshot_PCA_rooted",20.8477461208832,350,"5","2",TRUE
"ACACTGATCAGTTCGA-400.2.1","Slingshot_PCA_rooted",31.9947974585158,380,"11","2",TRUE
"ACAGCCGAGCCTATGT-400.2.1","Slingshot_PCA_rooted",26.6540508901598,295,"3","2",TRUE
"ACAGCCGGTGCTGTAT-400.2.1","Slingshot_PCA_rooted",13.589481029879,260,"3","2",TRUE
"ACATACGAGGGCTTCC-400.2.1","Slingshot_PCA_rooted",21.8039000920544,280,"6","2",TRUE
"ACATACGGTGGGTATG-400.2.1","Slingshot_PCA_rooted",12.4779813631566,170,"8","2",TRUE
"ACATACGTCTGTCCGT-400.2.1","Slingshot_PCA_rooted",14.9848816886603,300,"9","2",TRUE
"ACATCAGAGATATGGT-400.2.1","Slingshot_PCA_rooted",19.8664622188775,260,"6","2",TRUE
"ACATCAGGTTTGGCGC-400.2.1","Slingshot_PCA_rooted",24.2088328117155,350,"5","2",TRUE
"ACATGGTCATTAGGCT-400.2.1","Slingshot_PCA_rooted",19.6115815576266,320,"4","2",TRUE
"ACCCACTTCCTAGAAC-400.2.1","Slingshot_PCA_rooted",40.4374131326621,425,"15","2",TRUE
"ACCTTTAGTACGACCC-400.2.1","Slingshot_PCA_rooted",36.6914617429467,450,"4","2",TRUE
"ACGAGGACACGTCTCT-400.2.1","Slingshot_PCA_rooted",28.5688499212821,300,"12","2",TRUE
"ACGCAGCAGCGGATCA-400.2.1","Slingshot_PCA_rooted",27.7131338844985,265,"3","2",TRUE
"ACGCAGCCAAGTAATG-400.2.1","Slingshot_PCA_rooted",14.5933017306455,290,"4","2",TRUE
"ACGCAGCTCTTTAGGG-400.2.1","Slingshot_PCA_rooted",35.2355158639285,410,"5","2",TRUE
"ACGCCAGGTCCGTTAA-400.2.1","Slingshot_PCA_rooted",35.4043083740125,450,"5","2",TRUE
"ACGCCGAAGAAGGGTA-400.2.1","Slingshot_PCA_rooted",21.3345335661321,370,"4","2",TRUE
"ACGGAGACAAAGTCAA-400.2.1","Slingshot_PCA_rooted",22.219214519887,270,"8","2",TRUE
"ACGGAGAGTATAATGG-400.2.1","Slingshot_PCA_rooted",30.241107595335,390,"5","2",TRUE
"ACGGCCAGTTCCACAA-400.2.1","Slingshot_PCA_rooted",17.7730496390851,260,"6","2",TRUE
"ACGGGTCGTGAAATCA-400.2.1","Slingshot_PCA_rooted",35.0587348441604,405,"10","2",TRUE
"ACGGGTCGTGACGGTA-400.2.1","Slingshot_PCA_rooted",9.31553215262264,220,"2","2",TRUE
"ACGGGTCTCATCGGAT-400.2.1","Slingshot_PCA_rooted",24.2639099771833,280,"8","2",TRUE
"ACGTCAACAAGAGTCG-400.2.1","Slingshot_PCA_rooted",37.9938897394902,390,"1","2",TRUE
"ACGTCAATCACTATTC-400.2.1","Slingshot_PCA_rooted",20.9217435491758,340,"10","2",TRUE
"ACTATCTTCTCGCTTG-400.2.1","Slingshot_PCA_rooted",31.8933062773894,405,"5","2",TRUE
"ACTGAACTCCGCAGTG-400.2.1","Slingshot_PCA_rooted",46.0392329707704,510,"16","2",TRUE
"ACTGAGTTCTCATTCA-400.2.1","Slingshot_PCA_rooted",25.9306259445339,295,"6","2",TRUE
"ACTGATGCAACTGGCC-400.2.1","Slingshot_PCA_rooted",16.5454575584445,220,"3","2",TRUE
"ACTGCTCCAAGACGTG-400.2.1","Slingshot_PCA_rooted",43.3887719216083,450,"16","2",TRUE
"ACTGCTCGTAATTGGA-400.2.1","Slingshot_PCA_rooted",30.2743773655963,405,"13","2",TRUE
"ACTGTCCCAATGCCAT-400.2.1","Slingshot_PCA_rooted",28.7289153520211,270,"3","2",TRUE
"ACTGTCCCAGCTTAAC-400.2.1","Slingshot_PCA_rooted",18.5585164355096,220,"3","2",TRUE
"ACTGTCCCATCGGAAG-400.2.1","Slingshot_PCA_rooted",37.1650123450872,390,"1","2",TRUE
"ACTTACTCAGCTGGCT-400.2.1","Slingshot_PCA_rooted",32.2749756268427,325,"12","2",TRUE
"ACTTGTTCAAGGGTCA-400.2.1","Slingshot_PCA_rooted",31.2427349289795,420,"13","2",TRUE
"ACTTTCACAGGCGATA-400.2.1","Slingshot_PCA_rooted",22.1504319131087,310,"6","2",TRUE
"AGAGCTTTCCGTCATC-400.2.1","Slingshot_PCA_rooted",17.8551907887332,265,"6","2",TRUE
"AGAGCTTTCTTGACGA-400.2.1","Slingshot_PCA_rooted",15.8285609344942,275,"8","2",TRUE
"AGAGTGGCAGGCAGTA-400.2.1","Slingshot_PCA_rooted",29.8390595777502,380,"5","2",TRUE
"AGATCTGGTATAGGTA-400.2.1","Slingshot_PCA_rooted",17.1728473958167,230,"3","2",TRUE
"AGATTGCCAAGCGATG-400.2.1","Slingshot_PCA_rooted",31.2342944433056,270,"3","2",TRUE
"AGCGGTCTCAAGATCC-400.2.1","Slingshot_PCA_rooted",23.4012389190648,360,"4","2",TRUE
"AGCGTATTCGGATGGA-400.2.1","Slingshot_PCA_rooted",18.37130825509,295,"8","2",TRUE
"AGCGTATTCTCCCTGA-400.2.1","Slingshot_PCA_rooted",34.9358775082147,405,"10","2",TRUE
"AGCTCCTGTAACGTTC-400.2.1","Slingshot_PCA_rooted",26.1623389939499,350,"5","2",TRUE
"AGCTCTCAGATCCCAT-400.2.1","Slingshot_PCA_rooted",24.5572780071086,280,"8","2",TRUE
"AGCTCTCGTATCACCA-400.2.1","Slingshot_PCA_rooted",28.2257802566525,385,"5","2",TRUE
"AGCTTGACAGTCCTTC-400.2.1","Slingshot_PCA_rooted",31.6353986372078,410,"5","2",TRUE
"AGCTTGACATCCTAGA-400.2.1","Slingshot_PCA_rooted",26.2813002945334,270,"12","2",TRUE
"AGCTTGAGTACTCTCC-400.2.1","Slingshot_PCA_rooted",20.2455803083445,320,"1","2",TRUE
"AGCTTGATCGCGGATC-400.2.1","Slingshot_PCA_rooted",21.6310875298039,360,"1","2",TRUE
"AGGCCACCACACATGT-400.2.1","Slingshot_PCA_rooted",28.8013012033804,380,"5","2",TRUE
"AGGCCGTGTAATTGGA-400.2.1","Slingshot_PCA_rooted",28.7255281084718,390,"5","2",TRUE
"AGGCCGTGTTTGTGTG-400.2.1","Slingshot_PCA_rooted",18.6933245747585,320,"9","2",TRUE
"AGGGAGTAGAATTGTG-400.2.1","Slingshot_PCA_rooted",26.6268780758075,380,"4","2",TRUE
"AGGGTGATCGCCGTGA-400.2.1","Slingshot_PCA_rooted",28.9471260812723,270,"8","2",TRUE
"AGGTCATAGACGCAAC-400.2.1","Slingshot_PCA_rooted",20.2204156516465,390,"1","2",TRUE
"AGGTCCGCATCGGTTA-400.2.1","Slingshot_PCA_rooted",19.9212502645438,260,"3","2",TRUE
"AGTAGTCAGAGTAAGG-400.2.1","Slingshot_PCA_rooted",30.5903147676031,300,"1","2",TRUE
"AGTAGTCCACTTAAGC-400.2.1","Slingshot_PCA_rooted",27.3447845813689,350,"5","2",TRUE
"AGTCTTTGTGAGTGAC-400.2.1","Slingshot_PCA_rooted",18.6968356762119,320,"10","2",TRUE
"AGTGAGGAGGTGTGGT-400.2.1","Slingshot_PCA_rooted",32.7677169360001,385,"1","2",TRUE
"AGTGGGACAGCTGTTA-400.2.1","Slingshot_PCA_rooted",29.006081276376,385,"11","2",TRUE
"AGTGGGAGTTGTTTGG-400.2.1","Slingshot_PCA_rooted",34.6157571659733,290,"3","2",TRUE
"AGTGGGATCATCTGTT-400.2.1","Slingshot_PCA_rooted",23.9380208037616,340,"4","2",TRUE
"AGTGTCAAGCGATTCT-400.2.1","Slingshot_PCA_rooted",15.2681169303673,265,"6","2",TRUE
"AGTGTCAAGGCGATAC-400.2.1","Slingshot_PCA_rooted",50.9509964210572,670,"15","2",TRUE
"AGTGTCAGTCTTGCGG-400.2.1","Slingshot_PCA_rooted",12.4645390298283,200,"6","2",TRUE
"ATCATCTAGCCAACAG-400.2.1","Slingshot_PCA_rooted",23.9354498661341,350,"9","2",TRUE
"ATCATCTGTCGTCTTC-400.2.1","Slingshot_PCA_rooted",27.3418652393018,300,"12","2",TRUE
"ATCCACCAGTAGATGT-400.2.1","Slingshot_PCA_rooted",19.1398149068036,300,"9","2",TRUE
"ATCCACCAGTGGTAGC-400.2.1","Slingshot_PCA_rooted",22.7652068940122,280,"6","2",TRUE
"ATCGAGTTCTCCCTGA-400.2.1","Slingshot_PCA_rooted",23.0494537932444,350,"5","2",TRUE
"ATCTACTTCGTCCAGG-400.2.1","Slingshot_PCA_rooted",17.9780203644408,270,"6","2",TRUE
"ATGGGAGAGAGATGAG-400.2.1","Slingshot_PCA_rooted",29.1559410132895,390,"5","2",TRUE
"ATGGGAGAGGCTATCT-400.2.1","Slingshot_PCA_rooted",25.18817786801,360,"1","2",TRUE
"ATGGGAGAGGGTCTCC-400.2.1","Slingshot_PCA_rooted",13.1099569367901,260,"8","2",TRUE
"ATGTGTGGTAAACCTC-400.2.1","Slingshot_PCA_rooted",26.3182139109889,350,"10","2",TRUE
"ATGTGTGTCTCAAACG-400.2.1","Slingshot_PCA_rooted",18.4009142713162,270,"6","2",TRUE
"ATGTGTGTCTCTTATG-400.2.1","Slingshot_PCA_rooted",50.1784368571243,620,"11","2",TRUE
"ATTCTACCAAGAAGAG-400.2.1","Slingshot_PCA_rooted",37.3252730199944,370,"11","2",TRUE
"ATTCTACTCGTTGCCT-400.2.1","Slingshot_PCA_rooted",8.03007234897614,175,"2","2",TRUE
"ATTGGACCAGGAACGT-400.2.1","Slingshot_PCA_rooted",18.7952545121934,295,"9","2",TRUE
"ATTTCTGTCTCGATGA-400.2.1","Slingshot_PCA_rooted",36.9918379115699,450,"4","2",TRUE
"CAACCAAAGGCATTGG-400.2.1","Slingshot_PCA_rooted",22.913616052423,300,"5","2",TRUE
"CAACCAATCGTGGGAA-400.2.1","Slingshot_PCA_rooted",22.8009945413755,285,"6","2",TRUE
"CAACCTCGTGATAAAC-400.2.1","Slingshot_PCA_rooted",33.3270664452334,405,"13","2",TRUE
"CAACTAGGTCGTGGCT-400.2.1","Slingshot_PCA_rooted",22.8142073192194,280,"6","2",TRUE
"CAAGAAAAGTGTTAGA-400.2.1","Slingshot_PCA_rooted",29.4395090087874,270,"3","2",TRUE
"CAAGAAAGTTACCAGT-400.2.1","Slingshot_PCA_rooted",29.979451099826,390,"5","2",TRUE
"CAAGAAAGTTAGGGTG-400.2.1","Slingshot_PCA_rooted",18.6765909543724,260,"8","2",TRUE
"CAAGTTGCAGGCTGAA-400.2.1","Slingshot_PCA_rooted",41.0072357162838,550,"16","2",TRUE
"CAAGTTGGTTGTTTGG-400.2.1","Slingshot_PCA_rooted",31.1735243566114,320,"6","2",TRUE
"CACAAACAGTAGCCGA-400.2.1","Slingshot_PCA_rooted",13.3993152656097,230,"3","2",TRUE
"CACAAACTCGATAGAA-400.2.1","Slingshot_PCA_rooted",11.8740988512951,585,"2","2",TRUE
"CACACAAGTCCGAGTC-400.2.1","Slingshot_PCA_rooted",38.1462332989263,415,"13","2",TRUE
"CACAGGCAGGCAGGTT-400.2.1","Slingshot_PCA_rooted",13.8568322167861,290,"4","2",TRUE
"CACAGGCTCCCTCAGT-400.2.1","Slingshot_PCA_rooted",9.36543841544871,185,"8","2",TRUE
"CACATAGTCACTTATC-400.2.1","Slingshot_PCA_rooted",29.1430922250979,380,"5","2",TRUE
"CACATAGTCATTGCCC-400.2.1","Slingshot_PCA_rooted",42.6520621750375,435,"13","2",TRUE
"CACATTTAGTTTAGGA-400.2.1","Slingshot_PCA_rooted",18.8808363984077,285,"6","2",TRUE
"CACATTTCAGCCTATA-400.2.1","Slingshot_PCA_rooted",13.2694403734495,200,"12","2",TRUE
"CACATTTGTCAGAGGT-400.2.1","Slingshot_PCA_rooted",29.2559788944538,385,"5","2",TRUE
"CACCACTAGTACCGGA-400.2.1","Slingshot_PCA_rooted",55.468941464247,700,"13","2",TRUE
"CACCAGGCACGGTAGA-400.2.1","Slingshot_PCA_rooted",40.2575248687557,450,"9","2",TRUE
"CACTCCACACCTCGGA-400.2.1","Slingshot_PCA_rooted",31.4021146081029,405,"5","2",TRUE
"CAGAGAGAGCCAGAAC-400.2.1","Slingshot_PCA_rooted",10.3575560154312,215,"8","2",TRUE
"CAGAGAGCACATGTGT-400.2.1","Slingshot_PCA_rooted",23.1519355470913,350,"10","2",TRUE
"CAGAGAGTCCAAGCCG-400.2.1","Slingshot_PCA_rooted",35.8350065472722,410,"9","2",TRUE
"CAGATCAAGAGCTTCT-400.2.1","Slingshot_PCA_rooted",28.8385989549214,400,"13","2",TRUE
"CAGCAGCCATCACGAT-400.2.1","Slingshot_PCA_rooted",22.454923514643,365,"9","2",TRUE
"CAGCAGCGTGTCAATC-400.2.1","Slingshot_PCA_rooted",15.8362946716509,350,"12","2",TRUE
"CAGCAGCGTTTGTTTC-400.2.1","Slingshot_PCA_rooted",39.6493135080352,450,"11","2",TRUE
"CAGCATACACCAGGTC-400.2.1","Slingshot_PCA_rooted",8.33814417908475,175,"2","2",TRUE
"CAGCATAGTGCCTGGT-400.2.1","Slingshot_PCA_rooted",10.2047370972186,205,"2","2",TRUE
"CAGCCGAGTAGGGTAC-400.2.1","Slingshot_PCA_rooted",13.5259498700531,230,"8","2",TRUE
"CAGCCGATCTCTAAGG-400.2.1","Slingshot_PCA_rooted",33.6595874324719,405,"9","2",TRUE
"CAGCGACTCAGCACAT-400.2.1","Slingshot_PCA_rooted",21.0403316484772,325,"10","2",TRUE
"CAGCGACTCAGTTCGA-400.2.1","Slingshot_PCA_rooted",33.8291678148169,415,"13","2",TRUE
"CAGCTAAAGTGCGATG-400.2.1","Slingshot_PCA_rooted",9.62267464017739,190,"2","2",TRUE
"CAGCTGGCACCATGTA-400.2.1","Slingshot_PCA_rooted",29.5787088199722,450,"5","2",TRUE
"CAGCTGGGTTACGTCA-400.2.1","Slingshot_PCA_rooted",13.2518061414786,260,"8","2",TRUE
"CAGCTGGTCCTCATTA-400.2.1","Slingshot_PCA_rooted",5.76085195689876,170,"2","2",TRUE
"CAGGTGCCAAACGTGG-400.2.1","Slingshot_PCA_rooted",30.5334480254572,385,"5","2",TRUE
"CAGGTGCTCGGTCTAA-400.2.1","Slingshot_PCA_rooted",15.6841483259559,295,"3","2",TRUE
"CAGTAACGTCGAGATG-400.2.1","Slingshot_PCA_rooted",20.3241240900558,320,"9","2",TRUE
"CAGTCCTTCAAACCGT-400.2.1","Slingshot_PCA_rooted",8.34084869870805,190,"2","2",TRUE
"CATATGGCATCGGTTA-400.2.1","Slingshot_PCA_rooted",31.6271161245408,370,"5","2",TRUE
"CATATTCCACCGATAT-400.2.1","Slingshot_PCA_rooted",28.7374403487606,390,"5","2",TRUE
"CATATTCCACGGTAAG-400.2.1","Slingshot_PCA_rooted",34.721573743874,420,"5","2",TRUE
"CATCAGAAGGGTATCG-400.2.1","Slingshot_PCA_rooted",23.3517147050452,245,"3","2",TRUE
"CATCAGACAATTCCTT-400.2.1","Slingshot_PCA_rooted",39.0086959607044,470,"16","2",TRUE
"CATCCACAGGCCGAAT-400.2.1","Slingshot_PCA_rooted",22.4425159436375,350,"9","2",TRUE
"CATCGAAAGTTATCGC-400.2.1","Slingshot_PCA_rooted",39.509995298125,425,"1","2",TRUE
"CATCGGGTCAGTTGAC-400.2.1","Slingshot_PCA_rooted",31.918541520191,410,"13","2",TRUE
"CATGACAGTGAAAGAG-400.2.1","Slingshot_PCA_rooted",21.2938922633499,345,"5","2",TRUE
"CATGCCTAGCGATTCT-400.2.1","Slingshot_PCA_rooted",35.7585730507699,390,"1","2",TRUE
"CATGCCTCAGCGTCCA-400.2.1","Slingshot_PCA_rooted",33.5789726251096,410,"5","2",TRUE
"CATGCCTGTCGAGTTT-400.2.1","Slingshot_PCA_rooted",57.8503027815562,640,"16","2",TRUE
"CATTATCCAAATTGCC-400.2.1","Slingshot_PCA_rooted",37.734547919327,490,"16","2",TRUE
"CATTATCCATAGACTC-400.2.1","Slingshot_PCA_rooted",36.6833217662889,450,"13","2",TRUE
"CATTATCGTTTCCACC-400.2.1","Slingshot_PCA_rooted",42.5283747147043,490,"14","2",TRUE
"CATTCGCAGGCATGTG-400.2.1","Slingshot_PCA_rooted",35.8468978175146,425,"13","2",TRUE
"CATTCGCAGGTGCTAG-400.2.1","Slingshot_PCA_rooted",37.3996012246414,405,"1","2",TRUE
"CATTCGCCAAAGTGCG-400.2.1","Slingshot_PCA_rooted",26.0090509076028,245,"3","2",TRUE
"CATTCGCCAAGCCTAT-400.2.1","Slingshot_PCA_rooted",13.9845761179152,290,"4","2",TRUE
"CATTCGCCAGAGTGTG-400.2.1","Slingshot_PCA_rooted",30.7541629882181,295,"7","2",TRUE
"CCACCTACAATCCGAT-400.2.1","Slingshot_PCA_rooted",34.0362364722473,450,"4","2",TRUE
"CCACGGAGTGTGCGTC-400.2.1","Slingshot_PCA_rooted",28.1379592961996,380,"5","2",TRUE
"CCACTACCACAGCGTC-400.2.1","Slingshot_PCA_rooted",7.1899051649308,190,"2","2",TRUE
"CCACTACTCACATACG-400.2.1","Slingshot_PCA_rooted",7.83175191899599,170,"2","2",TRUE
"CCAGCGACATTGGCGC-400.2.1","Slingshot_PCA_rooted",18.3369218945514,260,"7","2",TRUE
"CCAGCGATCGGAATCT-400.2.1","Slingshot_PCA_rooted",3.99010702958477,190,"2","2",TRUE
"CCAGCGATCTCTTGAT-400.2.1","Slingshot_PCA_rooted",24.5198865298965,345,"5","2",TRUE
"CCATGTCCAGGGAGAG-400.2.1","Slingshot_PCA_rooted",15.3939719349907,290,"4","2",TRUE
"CCATGTCGTCAAACTC-400.2.1","Slingshot_PCA_rooted",45.8258455096444,550,"10","2",TRUE
"CCATTCGAGCCGATTT-400.2.1","Slingshot_PCA_rooted",24.8416969228729,350,"5","2",TRUE
"CCATTCGGTGCTGTAT-400.2.1","Slingshot_PCA_rooted",8.11422574447556,200,"8","2",TRUE
"CCCAATCTCGTACGGC-400.2.1","Slingshot_PCA_rooted",25.8545952581579,365,"9","2",TRUE
"CCCAGTTAGACTTGAA-400.2.1","Slingshot_PCA_rooted",29.3902266300569,300,"6","2",TRUE
"CCGGGATTCACTTACT-400.2.1","Slingshot_PCA_rooted",16.8497303156498,225,"3","2",TRUE
"CCGGTAGCACAGACTT-400.2.1","Slingshot_PCA_rooted",44.2424818303463,500,"15","2",TRUE
"CCGGTAGGTGAGGCTA-400.2.1","Slingshot_PCA_rooted",6.27210974248683,170,"2","2",TRUE
"CCGTACTAGAGAACAG-400.2.1","Slingshot_PCA_rooted",19.3117151685236,265,"8","2",TRUE
"CCGTACTAGTTCGATC-400.2.1","Slingshot_PCA_rooted",22.812304744757,360,"13","2",TRUE
"CCGTACTTCTATCCCG-400.2.1","Slingshot_PCA_rooted",28.808869657014,385,"5","2",TRUE
"CCGTGGAGTATCTGCA-400.2.1","Slingshot_PCA_rooted",30.678166741553,380,"5","2",TRUE
"CCGTTCAGTTCCGTCT-400.2.1","Slingshot_PCA_rooted",24.9827051438225,270,"8","2",TRUE
"CCTACACCATTGCGGC-400.2.1","Slingshot_PCA_rooted",5.49257232515226,180,"2","2",TRUE
"CCTACACGTTCATGGT-400.2.1","Slingshot_PCA_rooted",30.4293420630149,300,"6","2",TRUE
"CCTACACTCGCACTCT-400.2.1","Slingshot_PCA_rooted",34.6760024039981,425,"5","2",TRUE
"CCTACACTCTTGTCAT-400.2.1","Slingshot_PCA_rooted",28.4628622069054,380,"5","2",TRUE
"CCTACCAGTACGAAAT-400.2.1","Slingshot_PCA_rooted",25.7566378890683,275,"12","2",TRUE
"CCTACCATCTAACTGG-400.2.1","Slingshot_PCA_rooted",22.6729905494397,265,"12","2",TRUE
"CCTATTATCTCTTGAT-400.2.1","Slingshot_PCA_rooted",6.27511153031475,190,"2","2",TRUE
"CCTCAGTAGCAGCCTC-400.2.1","Slingshot_PCA_rooted",7.56653361019284,175,"2","2",TRUE
"CCTCAGTAGTGCGTGA-400.2.1","Slingshot_PCA_rooted",18.1785076089474,260,"6","2",TRUE
"CCTCAGTTCAGGCAAG-400.2.1","Slingshot_PCA_rooted",8.29618320945821,180,"2","2",TRUE
"CCTTCCCGTGGCCCTA-400.2.1","Slingshot_PCA_rooted",16.816118087718,300,"9","2",TRUE
"CCTTCGACATAGGATA-400.2.1","Slingshot_PCA_rooted",7.06737908561541,190,"2","2",TRUE
"CCTTCGAGTATGCTTG-400.2.1","Slingshot_PCA_rooted",28.4092917714248,380,"5","2",TRUE
"CGAACATGTAGCGTGA-400.2.1","Slingshot_PCA_rooted",17.295277348834,320,"9","2",TRUE
"CGAACATTCTCAAGTG-400.2.1","Slingshot_PCA_rooted",32.489831464797,405,"5","2",TRUE
"CGACTTCAGTAGATGT-400.2.1","Slingshot_PCA_rooted",50.003697075437,550,"11","2",TRUE
"CGACTTCAGTCGCCGT-400.2.1","Slingshot_PCA_rooted",21.2557586398011,230,"3","2",TRUE
"CGAGAAGTCCGCAAGC-400.2.1","Slingshot_PCA_rooted",13.0991205841385,260,"8","2",TRUE
"CGAGCACGTACAGTTC-400.2.1","Slingshot_PCA_rooted",26.5791283169765,245,"3","2",TRUE
"CGAGCACTCCTAGAAC-400.2.1","Slingshot_PCA_rooted",31.4492165607235,380,"11","2",TRUE
"CGAGCCAAGGTCATCT-400.2.1","Slingshot_PCA_rooted",9.64567588627963,170,"2","2",TRUE
"CGATCGGGTGCTTCTC-400.2.1","Slingshot_PCA_rooted",29.6097110179487,300,"12","2",TRUE
"CGATGGCAGATCCGAG-400.2.1","Slingshot_PCA_rooted",7.52174160547488,195,"2","2",TRUE
"CGATGGCAGGTGATTA-400.2.1","Slingshot_PCA_rooted",23.4454760022719,350,"5","2",TRUE
"CGATGTACAAGTTAAG-400.2.1","Slingshot_PCA_rooted",37.7922546793574,450,"11","2",TRUE
"CGATGTAGTATGAAAC-400.2.1","Slingshot_PCA_rooted",12.5145776673119,245,"8","2",TRUE
"CGATGTATCAAGGCTT-400.2.1","Slingshot_PCA_rooted",18.5915639893765,260,"6","2",TRUE
"CGATGTATCTTTCCTC-400.2.1","Slingshot_PCA_rooted",12.9183219285672,270,"4","2",TRUE
"CGCGTTTGTCACACGC-400.2.1","Slingshot_PCA_rooted",29.160539151133,385,"5","2",TRUE
"CGCGTTTTCACCTCGT-400.2.1","Slingshot_PCA_rooted",13.8429860339976,260,"8","2",TRUE
"CGGACACCAATAGAGT-400.2.1","Slingshot_PCA_rooted",36.0148817746604,425,"13","2",TRUE
"CGGACGTAGGTGATTA-400.2.1","Slingshot_PCA_rooted",17.3817159913525,260,"3","2",TRUE
"CGGACTGAGACGCTTT-400.2.1","Slingshot_PCA_rooted",30.6762677622936,400,"5","2",TRUE
"CGGACTGTCTGGTGTA-400.2.1","Slingshot_PCA_rooted",34.6785365993697,450,"5","2",TRUE
"CGGAGTCAGTCAAGGC-400.2.1","Slingshot_PCA_rooted",30.5988879531871,300,"7","2",TRUE
"CGGAGTCCACACATGT-400.2.1","Slingshot_PCA_rooted",13.0979506494386,230,"6","2",TRUE
"CGGCTAGCAGCTGTTA-400.2.1","Slingshot_PCA_rooted",33.5381241727601,380,"10","2",TRUE
"CGGGTCACATCGATTG-400.2.1","Slingshot_PCA_rooted",43.453494017693,530,"1","2",TRUE
"CGTAGCGTCATTATCC-400.2.1","Slingshot_PCA_rooted",39.1243856531186,450,"9","2",TRUE
"CGTCACTAGTGACTCT-400.2.1","Slingshot_PCA_rooted",33.5316008045033,435,"5","2",TRUE
"CGTCTACCACGAAGCA-400.2.1","Slingshot_PCA_rooted",30.8505216965882,390,"5","2",TRUE
"CGTGTAACAAGCGTAG-400.2.1","Slingshot_PCA_rooted",19.7658611277908,350,"4","2",TRUE
"CGTTCTGAGACTAAGT-400.2.1","Slingshot_PCA_rooted",21.7796974754951,345,"10","2",TRUE
"CGTTCTGCACCAGATT-400.2.1","Slingshot_PCA_rooted",15.2912465000338,310,"9","2",TRUE
"CTAACTTAGGATCGCA-400.2.1","Slingshot_PCA_rooted",32.2727535284797,415,"5","2",TRUE
"CTAAGACGTAGGCTGA-400.2.1","Slingshot_PCA_rooted",24.4772375874829,360,"1","2",TRUE
"CTAATGGCATTTGCTT-400.2.1","Slingshot_PCA_rooted",12.221788277319,230,"3","2",TRUE
"CTACACCAGCTGCGAA-400.2.1","Slingshot_PCA_rooted",17.429959165178,320,"10","2",TRUE
"CTACATTTCAGAGACG-400.2.1","Slingshot_PCA_rooted",13.9593259802152,300,"4","2",TRUE
"CTACCCAAGCCACTAT-400.2.1","Slingshot_PCA_rooted",25.5834356589627,350,"5","2",TRUE
"CTACCCAAGCCCAGCT-400.2.1","Slingshot_PCA_rooted",19.1021426749152,260,"3","2",TRUE
"CTACCCACAGGTCGTC-400.2.1","Slingshot_PCA_rooted",18.3579281844569,320,"4","2",TRUE
"CTACCCATCTTCTGGC-400.2.1","Slingshot_PCA_rooted",26.5995803015916,360,"4","2",TRUE
"CTACGTCGTACGCACC-400.2.1","Slingshot_PCA_rooted",20.4125182517015,350,"5","2",TRUE
"CTACGTCGTAGGACAC-400.2.1","Slingshot_PCA_rooted",17.3359832463637,320,"10","2",TRUE
"CTACGTCGTATGAAAC-400.2.1","Slingshot_PCA_rooted",11.5598717106241,200,"3","2",TRUE
"CTAGAGTAGAGGTAGA-400.2.1","Slingshot_PCA_rooted",24.4227393173485,350,"5","2",TRUE
"CTAGCCTTCTGCAAGT-400.2.1","Slingshot_PCA_rooted",15.1358861939512,290,"4","2",TRUE
"CTCAGAAAGACATAAC-400.2.1","Slingshot_PCA_rooted",28.63354374222,370,"13","2",TRUE
"CTCAGAAGTTACGGAG-400.2.1","Slingshot_PCA_rooted",44.2423189703304,550,"13","2",TRUE
"CTCCTAGTCGGCTTGG-400.2.1","Slingshot_PCA_rooted",22.3408488234638,350,"9","2",TRUE
"CTCCTAGTCTTGTTTG-400.2.1","Slingshot_PCA_rooted",30.0004272377551,415,"13","2",TRUE
"CTCGAAACAAGGTGTG-400.2.1","Slingshot_PCA_rooted",19.5465061996405,310,"9","2",TRUE
"CTCGAAACAGCCAGAA-400.2.1","Slingshot_PCA_rooted",24.6576471483836,380,"9","2",TRUE
"CTCGAAAGTTCGCGAC-400.2.1","Slingshot_PCA_rooted",42.3908785618192,470,"9","2",TRUE
"CTCGAGGCATTCGACA-400.2.1","Slingshot_PCA_rooted",20.8513791213458,350,"5","2",TRUE
"CTCGGAGAGTTCGCAT-400.2.1","Slingshot_PCA_rooted",14.2928917490741,230,"3","2",TRUE
"CTCGGAGGTCCGAATT-400.2.1","Slingshot_PCA_rooted",16.6688359655934,310,"4","2",TRUE
"CTCGGAGTCAACCAAC-400.2.1","Slingshot_PCA_rooted",33.5087391794757,405,"5","2",TRUE
"CTCGTACAGCGACGTA-400.2.1","Slingshot_PCA_rooted",22.6742071292735,350,"5","2",TRUE
"CTCGTCAGTATAGGTA-400.2.1","Slingshot_PCA_rooted",19.535275419138,260,"3","2",TRUE
"CTCGTCATCATGTCCC-400.2.1","Slingshot_PCA_rooted",30.1189271504828,390,"4","2",TRUE
"CTCTACGCATGTAAGA-400.2.1","Slingshot_PCA_rooted",17.4341797942605,320,"10","2",TRUE
"CTCTGGTCACCGTTGG-400.2.1","Slingshot_PCA_rooted",8.16847713984334,190,"2","2",TRUE
"CTCTGGTGTTCAGGCC-400.2.1","Slingshot_PCA_rooted",16.9747881731418,300,"10","2",TRUE
"CTCTGGTGTTCGCTAA-400.2.1","Slingshot_PCA_rooted",23.8186105206324,380,"4","2",TRUE
"CTGAAACTCACCCTCA-400.2.1","Slingshot_PCA_rooted",24.0774004128765,350,"10","2",TRUE
"CTGATAGTCTGTGCAA-400.2.1","Slingshot_PCA_rooted",33.163646876125,440,"5","2",TRUE
"CTGATCCCAAGGTTTC-400.2.1","Slingshot_PCA_rooted",33.9723638568392,320,"12","2",TRUE
"CTGCCTAGTAGAAAGG-400.2.1","Slingshot_PCA_rooted",18.8715670834427,260,"6","2",TRUE
"CTGCCTAGTATCTGCA-400.2.1","Slingshot_PCA_rooted",5.71544406066778,170,"2","2",TRUE
"CTGCGGATCGTGGTCG-400.2.1","Slingshot_PCA_rooted",12.9085952950451,260,"3","2",TRUE
"CTGCTGTAGCTAGTGG-400.2.1","Slingshot_PCA_rooted",31.9268208468189,390,"5","2",TRUE
"CTGCTGTCATGGTCAT-400.2.1","Slingshot_PCA_rooted",28.6632822096873,265,"3","2",TRUE
"CTGCTGTGTCACAAGG-400.2.1","Slingshot_PCA_rooted",35.7490396946626,400,"5","2",TRUE
"CTGGTCTAGCCACTAT-400.2.1","Slingshot_PCA_rooted",11.0736285554624,210,"8","2",TRUE
"CTGGTCTAGCTAGCCC-400.2.1","Slingshot_PCA_rooted",41.2072869896609,450,"9","2",TRUE
"CTGGTCTCATGCCCGA-400.2.1","Slingshot_PCA_rooted",22.073012801339,360,"4","2",TRUE
"CTGGTCTCATTGCGGC-400.2.1","Slingshot_PCA_rooted",35.9640426564579,405,"10","2",TRUE
"CTGTGCTTCTCCAACC-400.2.1","Slingshot_PCA_rooted",31.3708784880493,410,"5","2",TRUE
"CTGTTTAGTCCGTCAG-400.2.1","Slingshot_PCA_rooted",25.1954814465456,275,"6","2",TRUE
"CTGTTTATCCCATTTA-400.2.1","Slingshot_PCA_rooted",34.9764834541818,350,"11","2",TRUE
"CTTACCGAGCCAGGAT-400.2.1","Slingshot_PCA_rooted",11.6248826355661,200,"2","2",TRUE
"CTTACCGCAGACGCTC-400.2.1","Slingshot_PCA_rooted",25.2841130637773,295,"5","2",TRUE
"CTTCTCTCAGAGCCAA-400.2.1","Slingshot_PCA_rooted",27.4103733449115,260,"3","2",TRUE
"CTTCTCTCATAACCTG-400.2.1","Slingshot_PCA_rooted",35.0087237586638,415,"13","2",TRUE
"GAAACTCCAGGGCATA-400.2.1","Slingshot_PCA_rooted",36.1288218847991,450,"14","2",TRUE
"GAAACTCGTGGCTCCA-400.2.1","Slingshot_PCA_rooted",43.0427083384442,620,"4","2",TRUE
"GAAATGAAGACGCAAC-400.2.1","Slingshot_PCA_rooted",34.9658046959787,405,"9","2",TRUE
"GAAATGACAATCTGCA-400.2.1","Slingshot_PCA_rooted",16.660340651969,225,"3","2",TRUE
"GAACATCAGGCCCTCA-400.2.1","Slingshot_PCA_rooted",37.6386118172014,450,"13","2",TRUE
"GAACATCCAATCACAC-400.2.1","Slingshot_PCA_rooted",13.3899634971824,270,"4","2",TRUE
"GAACATCGTCCGACGT-400.2.1","Slingshot_PCA_rooted",12.9256057388836,245,"2","2",TRUE
"GAACGGACACATGACT-400.2.1","Slingshot_PCA_rooted",24.4724431034462,390,"5","2",TRUE
"GAAGCAGAGTGAACAT-400.2.1","Slingshot_PCA_rooted",30.35405414745,380,"1","2",TRUE
"GAAGCAGGTGACCAAG-400.2.1","Slingshot_PCA_rooted",18.3496985599708,230,"7","2",TRUE
"GAATAAGCAACACGCC-400.2.1","Slingshot_PCA_rooted",18.1506906354393,260,"3","2",TRUE
"GAATGAAAGTGTCCCG-400.2.1","Slingshot_PCA_rooted",34.6932507703824,425,"5","2",TRUE
"GAATGAATCTGCGGCA-400.2.1","Slingshot_PCA_rooted",31.5074369936511,300,"6","2",TRUE
"GACAGAGCAGATTGCT-400.2.1","Slingshot_PCA_rooted",12.9646030793972,220,"7","2",TRUE
"GACGCGTCACGCATCG-400.2.1","Slingshot_PCA_rooted",26.1919182456606,365,"13","2",TRUE
"GACGTGCGTCCGCTGA-400.2.1","Slingshot_PCA_rooted",35.2012896091223,320,"11","2",TRUE
"GACTAACCAATGTTGC-400.2.1","Slingshot_PCA_rooted",6.23146649846577,170,"2","2",TRUE
"GACTAACGTATAGGGC-400.2.1","Slingshot_PCA_rooted",19.4388874292564,345,"9","2",TRUE
"GACTACACAGATCCAT-400.2.1","Slingshot_PCA_rooted",37.5019520407812,405,"1","2",TRUE
"GAGGTGACACAACTGT-400.2.1","Slingshot_PCA_rooted",9.24112443026723,200,"8","2",TRUE
"GAGTCCGTCTGCTGTC-400.2.1","Slingshot_PCA_rooted",43.0741752293851,550,"16","2",TRUE
"GATCAGTAGGCGATAC-400.2.1","Slingshot_PCA_rooted",27.609232493878,265,"3","2",TRUE
"GATCAGTTCCAGGGCT-400.2.1","Slingshot_PCA_rooted",31.8526593171755,410,"5","2",TRUE
"GATCGCGAGTACGCGA-400.2.1","Slingshot_PCA_rooted",32.9425841915904,405,"5","2",TRUE
"GATCGTACAAGCCGTC-400.2.1","Slingshot_PCA_rooted",37.694674623293,450,"11","2",TRUE
"GATCTAGGTTGTTTGG-400.2.1","Slingshot_PCA_rooted",30.4005428889422,380,"13","2",TRUE
"GATGAAAAGGGATGGG-400.2.1","Slingshot_PCA_rooted",40.6844981772538,470,"16","2",TRUE
"GATGAAAAGTGTTAGA-400.2.1","Slingshot_PCA_rooted",46.1442476784146,550,"1","2",TRUE
"GATGAGGAGCTAGTTC-400.2.1","Slingshot_PCA_rooted",17.4941323062806,300,"10","2",TRUE
"GATGAGGCACGGCTAC-400.2.1","Slingshot_PCA_rooted",18.2104752256354,260,"6","2",TRUE
"GATGCTAGTTGTACAC-400.2.1","Slingshot_PCA_rooted",20.8462129340997,260,"6","2",TRUE
"GCAAACTAGAAACCTA-400.2.1","Slingshot_PCA_rooted",13.7944443588552,230,"3","2",TRUE
"GCAAACTAGATGCCAG-400.2.1","Slingshot_PCA_rooted",33.1706002666351,400,"5","2",TRUE
"GCAATCAAGATCACGG-400.2.1","Slingshot_PCA_rooted",17.0270248880841,260,"7","2",TRUE
"GCAATCAAGCTAGCCC-400.2.1","Slingshot_PCA_rooted",34.7064330896823,360,"11","2",TRUE
"GCAATCATCATGCTCC-400.2.1","Slingshot_PCA_rooted",34.5824039761446,450,"4","2",TRUE
"GCACATAAGGGTGTGT-400.2.1","Slingshot_PCA_rooted",37.1281747275437,450,"10","2",TRUE
"GCACTCTGTCACCTAA-400.2.1","Slingshot_PCA_rooted",22.960790557718,365,"10","2",TRUE
"GCAGTTACAATCTGCA-400.2.1","Slingshot_PCA_rooted",38.6017757931125,420,"9","2",TRUE
"GCATACATCACATACG-400.2.1","Slingshot_PCA_rooted",56.213985810688,620,"1","2",TRUE
"GCATGCGTCGCCAGCA-400.2.1","Slingshot_PCA_rooted",18.7747013776248,260,"8","2",TRUE
"GCCAAATAGGCTAGAC-400.2.1","Slingshot_PCA_rooted",13.0087309114468,270,"12","2",TRUE
"GCGACCATCAGAGGTG-400.2.1","Slingshot_PCA_rooted",17.0515033686241,310,"4","2",TRUE
"GCGAGAAAGAATGTTG-400.2.1","Slingshot_PCA_rooted",12.162968994986,225,"3","2",TRUE
"GCGAGAACAGCTGTTA-400.2.1","Slingshot_PCA_rooted",24.5531124397591,350,"1","2",TRUE
"GCGAGAATCCGTACAA-400.2.1","Slingshot_PCA_rooted",18.1163657950793,290,"5","2",TRUE
"GCGCCAACATTAACCG-400.2.1","Slingshot_PCA_rooted",26.3567642691831,260,"3","2",TRUE
"GCTCCTAAGGATGCGT-400.2.1","Slingshot_PCA_rooted",42.6283857827533,430,"15","2",TRUE
"GCTCCTAAGGCTACGA-400.2.1","Slingshot_PCA_rooted",8.22651796651071,200,"2","2",TRUE
"GCTCCTAGTAAGGGAA-400.2.1","Slingshot_PCA_rooted",26.5543027285999,280,"8","2",TRUE
"GCTCCTAGTCGCATAT-400.2.1","Slingshot_PCA_rooted",23.1966001613722,350,"13","2",TRUE
"GCTCCTATCAGCGACC-400.2.1","Slingshot_PCA_rooted",30.7184512982615,380,"4","2",TRUE
"GCTCTGTTCAGCTCTC-400.2.1","Slingshot_PCA_rooted",13.5891710090122,260,"8","2",TRUE
"GCTCTGTTCTGCGACG-400.2.1","Slingshot_PCA_rooted",29.9004366560927,410,"13","2",TRUE
"GCTGCAGAGTACGACG-400.2.1","Slingshot_PCA_rooted",26.7315814425971,390,"10","2",TRUE
"GCTGCGATCTTACCTA-400.2.1","Slingshot_PCA_rooted",36.4578074160403,380,"1","2",TRUE
"GCTGGGTCATCGGGTC-400.2.1","Slingshot_PCA_rooted",29.206428420428,260,"7","2",TRUE
"GCTGGGTGTTAGGGTG-400.2.1","Slingshot_PCA_rooted",8.79589782727689,190,"2","2",TRUE
"GCTGGGTTCTGATACG-400.2.1","Slingshot_PCA_rooted",47.4651112238251,550,"11","2",TRUE
"GGAAAGCGTCACTTCC-400.2.1","Slingshot_PCA_rooted",23.9322273475953,350,"4","2",TRUE
"GGAAAGCGTCGCATCG-400.2.1","Slingshot_PCA_rooted",8.12275070854712,210,"8","2",TRUE
"GGAACTTAGTGCAAGC-400.2.1","Slingshot_PCA_rooted",17.3959049119983,320,"1","2",TRUE
"GGAACTTGTTCAGGCC-400.2.1","Slingshot_PCA_rooted",19.1951255234988,345,"9","2",TRUE
"GGAACTTTCGACCAGC-400.2.1","Slingshot_PCA_rooted",20.4183371248183,325,"9","2",TRUE
"GGAATAACATTGCGGC-400.2.1","Slingshot_PCA_rooted",17.7537620528766,300,"9","2",TRUE
"GGACAAGAGTAGTGCG-400.2.1","Slingshot_PCA_rooted",35.6350047250999,385,"11","2",TRUE
"GGACAAGTCTTCATGT-400.2.1","Slingshot_PCA_rooted",18.5165169555779,260,"6","2",TRUE
"GGACAGAAGAGGTAGA-400.2.1","Slingshot_PCA_rooted",12.5617117644169,230,"3","2",TRUE
"GGACAGAAGTGGACGT-400.2.1","Slingshot_PCA_rooted",13.5442301591681,230,"3","2",TRUE
"GGACATTTCTCGGACG-400.2.1","Slingshot_PCA_rooted",26.3620709486914,265,"12","2",TRUE
"GGACGTCAGACATAAC-400.2.1","Slingshot_PCA_rooted",23.989059547019,365,"4","2",TRUE
"GGAGCAATCAGCTTAG-400.2.1","Slingshot_PCA_rooted",48.7070139919248,550,"1","2",TRUE
"GGATTACAGTAGATGT-400.2.1","Slingshot_PCA_rooted",13.7205688241001,260,"8","2",TRUE
"GGATTACGTATGAATG-400.2.1","Slingshot_PCA_rooted",32.6603972476757,400,"5","2",TRUE
"GGCAATTGTACGCTGC-400.2.1","Slingshot_PCA_rooted",9.09541724397633,175,"8","2",TRUE
"GGCCGATTCAGAGACG-400.2.1","Slingshot_PCA_rooted",24.5489343274841,345,"10","2",TRUE
"GGCCGATTCGAATCCA-400.2.1","Slingshot_PCA_rooted",20.7209247827218,350,"1","2",TRUE
"GGCGACTAGAACAACT-400.2.1","Slingshot_PCA_rooted",31.2231958791164,380,"11","2",TRUE
"GGCGACTTCTGAAAGA-400.2.1","Slingshot_PCA_rooted",36.9314202598406,415,"10","2",TRUE
"GGCTCGATCTCAACTT-400.2.1","Slingshot_PCA_rooted",29.2741767164748,380,"5","2",TRUE
"GGCTGGTCATCGATGT-400.2.1","Slingshot_PCA_rooted",39.4629104412092,530,"4","2",TRUE
"GGGAATGCAGACAAGC-400.2.1","Slingshot_PCA_rooted",19.6921912229963,340,"4","2",TRUE
"GGGAGATGTCCAGTGC-400.2.1","Slingshot_PCA_rooted",11.63043674032,220,"2","2",TRUE
"GGGCATCAGGTGATAT-400.2.1","Slingshot_PCA_rooted",23.4807400053783,365,"4","2",TRUE
"GGGTCTGCACATGACT-400.2.1","Slingshot_PCA_rooted",23.9001554553969,365,"13","2",TRUE
"GGGTCTGTCTGGCGAC-400.2.1","Slingshot_PCA_rooted",29.7457015730626,355,"11","2",TRUE
"GGGTTGCAGCGATTCT-400.2.1","Slingshot_PCA_rooted",11.8721956158588,170,"12","2",TRUE
"GGTATTGAGATCCGAG-400.2.1","Slingshot_PCA_rooted",10.2778413989123,200,"8","2",TRUE
"GGTATTGCAGTTTACG-400.2.1","Slingshot_PCA_rooted",7.16764167325878,190,"2","2",TRUE
"GGTATTGGTCTTGATG-400.2.1","Slingshot_PCA_rooted",29.4351399129837,385,"5","2",TRUE
"GGTGAAGCACGGACAA-400.2.1","Slingshot_PCA_rooted",24.2644464436325,350,"10","2",TRUE
"GGTGCGTAGCTTCGCG-400.2.1","Slingshot_PCA_rooted",19.5656770041278,300,"6","2",TRUE
"GTAACGTCATTCTCAT-400.2.1","Slingshot_PCA_rooted",45.6643632493224,550,"16","2",TRUE
"GTAACTGCACAGACAG-400.2.1","Slingshot_PCA_rooted",12.5108289356029,245,"6","2",TRUE
"GTAACTGGTTTGACTG-400.2.1","Slingshot_PCA_rooted",20.8832120155254,340,"5","2",TRUE
"GTACTCCGTAGCGTCC-400.2.1","Slingshot_PCA_rooted",27.330677734515,290,"12","2",TRUE
"GTACTCCGTCAGGACA-400.2.1","Slingshot_PCA_rooted",31.6498425081239,415,"5","2",TRUE
"GTAGGCCAGGGAACGG-400.2.1","Slingshot_PCA_rooted",45.821299583436,550,"1","2",TRUE
"GTATCTTAGGAGCGAG-400.2.1","Slingshot_PCA_rooted",26.9078855651795,370,"4","2",TRUE
"GTATCTTGTGGTCCGT-400.2.1","Slingshot_PCA_rooted",26.4312109315624,360,"1","2",TRUE
"GTCAAGTCAAAGCAAT-400.2.1","Slingshot_PCA_rooted",21.6193590282865,335,"9","2",TRUE
"GTCCTCACACGCGAAA-400.2.1","Slingshot_PCA_rooted",9.97592218428655,175,"2","2",TRUE
"GTCGGGTAGAATGTTG-400.2.1","Slingshot_PCA_rooted",13.30275323808,270,"4","2",TRUE
"GTCGGGTTCTTGCCGT-400.2.1","Slingshot_PCA_rooted",20.8518463310474,350,"4","2",TRUE
"GTCTTCGTCTGACCTC-400.2.1","Slingshot_PCA_rooted",18.5472485227609,260,"8","2",TRUE
"GTGAAGGAGTTAAGTG-400.2.1","Slingshot_PCA_rooted",9.80212847311316,200,"2","2",TRUE
"GTGCAGCTCGGCATCG-400.2.1","Slingshot_PCA_rooted",29.9106807535943,300,"12","2",TRUE
"GTGCAGCTCGTTTGCC-400.2.1","Slingshot_PCA_rooted",15.1624736321853,285,"10","2",TRUE
"GTGCATAAGAACAACT-400.2.1","Slingshot_PCA_rooted",11.6560893260499,220,"3","2",TRUE
"GTGCGGTAGTGGGTTG-400.2.1","Slingshot_PCA_rooted",9.19296191464342,190,"2","2",TRUE
"GTGGGTCAGATCTGAA-400.2.1","Slingshot_PCA_rooted",17.884365382493,310,"9","2",TRUE
"GTGGGTCCACAGATTC-400.2.1","Slingshot_PCA_rooted",27.2810190851137,360,"5","2",TRUE
"GTGGGTCCATAGGATA-400.2.1","Slingshot_PCA_rooted",23.6140795250792,360,"4","2",TRUE
"GTGTGCGAGATCTGAA-400.2.1","Slingshot_PCA_rooted",28.6003286344085,375,"5","2",TRUE
"GTGTTAGTCTTGTTTG-400.2.1","Slingshot_PCA_rooted",16.4826065253067,260,"7","2",TRUE
"GTTACAGGTCGTTGTA-400.2.1","Slingshot_PCA_rooted",29.5890925144579,300,"6","2",TRUE
"GTTCTCGAGGTACTCT-400.2.1","Slingshot_PCA_rooted",28.6499860746359,270,"3","2",TRUE
"TAAACCGTCGTCTGCT-400.2.1","Slingshot_PCA_rooted",46.8527727266996,550,"16","2",TRUE
"TAAGAGACACGAAAGC-400.2.1","Slingshot_PCA_rooted",30.8170885186371,390,"5","2",TRUE
"TAAGCGTCAGCTCGCA-400.2.1","Slingshot_PCA_rooted",32.7389496557596,415,"5","2",TRUE
"TAAGCGTGTGCACGAA-400.2.1","Slingshot_PCA_rooted",30.4630904257002,300,"6","2",TRUE
"TAAGTGCAGATGTAAC-400.2.1","Slingshot_PCA_rooted",19.1926499702747,330,"9","2",TRUE
"TACACGACAATGAATG-400.2.1","Slingshot_PCA_rooted",25.3193822987793,365,"4","2",TRUE
"TACACGATCAAGATCC-400.2.1","Slingshot_PCA_rooted",25.3800649790164,285,"6","2",TRUE
"TACAGTGAGCAAATCA-400.2.1","Slingshot_PCA_rooted",38.241770351486,390,"1","2",TRUE
"TACCTATCATTCACTT-400.2.1","Slingshot_PCA_rooted",46.2601636283914,520,"15","2",TRUE
"TACCTATGTGTTTGGT-400.2.1","Slingshot_PCA_rooted",41.1138326117134,450,"9","2",TRUE
"TACCTATGTTACTGAC-400.2.1","Slingshot_PCA_rooted",14.4132285558122,260,"6","2",TRUE
"TACCTTATCTGTCTCG-400.2.1","Slingshot_PCA_rooted",24.9636456133722,270,"8","2",TRUE
"TACGGTAGTTCAGACT-400.2.1","Slingshot_PCA_rooted",31.0221180984687,380,"13","2",TRUE
"TACTCATAGGCCATAG-400.2.1","Slingshot_PCA_rooted",24.9764670295023,245,"3","2",TRUE
"TACTCATGTGTGACCC-400.2.1","Slingshot_PCA_rooted",13.8413376965817,230,"8","2",TRUE
"TACTCATTCGGAAACG-400.2.1","Slingshot_PCA_rooted",34.9913627871021,450,"5","2",TRUE
"TACTTACAGTAGCCGA-400.2.1","Slingshot_PCA_rooted",15.2223544115183,260,"8","2",TRUE
"TACTTGTAGACAAGCC-400.2.1","Slingshot_PCA_rooted",12.4127757230267,260,"8","2",TRUE
"TACTTGTCACACATGT-400.2.1","Slingshot_PCA_rooted",47.0672737106513,620,"15","2",TRUE
"TACTTGTCAGACAAAT-400.2.1","Slingshot_PCA_rooted",21.6059652269126,300,"5","2",TRUE
"TAGCCGGTCGGCATCG-400.2.1","Slingshot_PCA_rooted",35.8656537411281,425,"5","2",TRUE
"TAGGCATAGGCTCAGA-400.2.1","Slingshot_PCA_rooted",22.6525115407099,350,"6","2",TRUE
"TAGGCATGTAGAGCTG-400.2.1","Slingshot_PCA_rooted",33.9616689407956,425,"5","2",TRUE
"TATCAGGTCAACCATG-400.2.1","Slingshot_PCA_rooted",25.219275972205,270,"6","2",TRUE
"TATCTCAGTGATGCCC-400.2.1","Slingshot_PCA_rooted",23.3144038911737,300,"5","2",TRUE
"TCAACGAAGGCACATG-400.2.1","Slingshot_PCA_rooted",29.675766309838,390,"5","2",TRUE
"TCACAAGGTCACTGGC-400.2.1","Slingshot_PCA_rooted",19.8945341990474,300,"8","2",TRUE
"TCACGAAAGATCTGCT-400.2.1","Slingshot_PCA_rooted",32.0952088038497,280,"7","2",TRUE
"TCAGATGAGAATTCCC-400.2.1","Slingshot_PCA_rooted",26.7595476205517,385,"10","2",TRUE
"TCAGCTCTCCACGTTC-400.2.1","Slingshot_PCA_rooted",25.5379870574754,360,"9","2",TRUE
"TCAGGATTCGCTGATA-400.2.1","Slingshot_PCA_rooted",22.137831918278,330,"9","2",TRUE
"TCATTACAGTACGCGA-400.2.1","Slingshot_PCA_rooted",26.7139669523153,370,"4","2",TRUE
"TCATTACCACCATCCT-400.2.1","Slingshot_PCA_rooted",44.1408704925938,620,"9","2",TRUE
"TCATTTGAGATCGGGT-400.2.1","Slingshot_PCA_rooted",29.0730690255931,265,"7","2",TRUE
"TCATTTGCAGGCAGTA-400.2.1","Slingshot_PCA_rooted",28.7420345615088,245,"3","2",TRUE
"TCATTTGGTAGTGAAT-400.2.1","Slingshot_PCA_rooted",13.9976771651701,260,"6","2",TRUE
"TCATTTGTCCGCGTTT-400.2.1","Slingshot_PCA_rooted",36.2214174944397,350,"11","2",TRUE
"TCCACACCAAAGTGCG-400.2.1","Slingshot_PCA_rooted",18.9045228156743,260,"8","2",TRUE
"TCCACACGTGAAATCA-400.2.1","Slingshot_PCA_rooted",33.2269578825477,380,"11","2",TRUE
"TCGAGGCGTGCCTGTG-400.2.1","Slingshot_PCA_rooted",35.1803033254539,420,"14","2",TRUE
"TCGAGGCTCAGCTCGG-400.2.1","Slingshot_PCA_rooted",29.161862736593,390,"10","2",TRUE
"TCGCGTTAGTTACCCA-400.2.1","Slingshot_PCA_rooted",12.8480327546611,220,"7","2",TRUE
"TCGCGTTGTCCCGACA-400.2.1","Slingshot_PCA_rooted",20.5608991114047,245,"3","2",TRUE
"TCGGGACAGTCGTACT-400.2.1","Slingshot_PCA_rooted",10.2626161822437,215,"8","2",TRUE
"TCGGGACCAATCCGAT-400.2.1","Slingshot_PCA_rooted",24.032768336788,375,"5","2",TRUE
"TCGGGACCATTCTTAC-400.2.1","Slingshot_PCA_rooted",13.989739337828,240,"6","2",TRUE
"TCGGGACGTTTGGCGC-400.2.1","Slingshot_PCA_rooted",17.2709082837674,245,"7","2",TRUE
"TCGTAGACAAAGGCGT-400.2.1","Slingshot_PCA_rooted",42.8909792965877,510,"1","2",TRUE
"TCTATTGGTCTAGCCG-400.2.1","Slingshot_PCA_rooted",29.368403147292,360,"5","2",TRUE
"TCTCTAAAGGGTCGAT-400.2.1","Slingshot_PCA_rooted",24.6858854577062,345,"4","2",TRUE
"TCTCTAAGTCGACTGC-400.2.1","Slingshot_PCA_rooted",38.0519472302592,410,"10","2",TRUE
"TCTGAGAAGGGAACGG-400.2.1","Slingshot_PCA_rooted",14.9641673877164,300,"8","2",TRUE
"TCTGGAAAGAGTCGGT-400.2.1","Slingshot_PCA_rooted",25.9935235074249,360,"5","2",TRUE
"TCTGGAAGTGTTTGTG-400.2.1","Slingshot_PCA_rooted",18.3644892931996,330,"9","2",TRUE
"TCTTCGGAGAGGACGG-400.2.1","Slingshot_PCA_rooted",30.1579868129249,380,"5","2",TRUE
"TCTTTCCAGATATGCA-400.2.1","Slingshot_PCA_rooted",27.3819385467423,275,"7","2",TRUE
"TCTTTCCAGGTGTGGT-400.2.1","Slingshot_PCA_rooted",18.7258195843685,320,"1","2",TRUE
"TCTTTCCCAAATACAG-400.2.1","Slingshot_PCA_rooted",35.5224275320713,450,"5","2",TRUE
"TGACTAGGTTCACCTC-400.2.1","Slingshot_PCA_rooted",15.4633263447552,290,"10","2",TRUE
"TGACTTTTCTATCCCG-400.2.1","Slingshot_PCA_rooted",24.7396202363792,345,"5","2",TRUE
"TGAGCATTCGCAAACT-400.2.1","Slingshot_PCA_rooted",19.4353162241636,310,"5","2",TRUE
"TGAGGGAAGAAGGCCT-400.2.1","Slingshot_PCA_rooted",12.7305545492989,185,"3","2",TRUE
"TGAGGGATCAAGATCC-400.2.1","Slingshot_PCA_rooted",52.6948333609585,585,"1","2",TRUE
"TGCCCTAAGGATTCGG-400.2.1","Slingshot_PCA_rooted",27.946488884711,385,"5","2",TRUE
"TGCCCTACACATCCAA-400.2.1","Slingshot_PCA_rooted",26.5035775760581,370,"13","2",TRUE
"TGGCCAGGTAGGGTAC-400.2.1","Slingshot_PCA_rooted",30.1818904183187,380,"10","2",TRUE
"TGGCCAGTCGAGGTAG-400.2.1","Slingshot_PCA_rooted",20.4181960802962,345,"10","2",TRUE
"TGGCGCAAGACATAAC-400.2.1","Slingshot_PCA_rooted",34.9345312572378,400,"10","2",TRUE
"TGGCGCAGTGAAATCA-400.2.1","Slingshot_PCA_rooted",25.3722443891051,275,"6","2",TRUE
"TGGCTGGCACGTAAGG-400.2.1","Slingshot_PCA_rooted",22.1072941481933,350,"5","2",TRUE
"TGGCTGGTCGAGAGCA-400.2.1","Slingshot_PCA_rooted",7.84989653404548,190,"2","2",TRUE
"TGGGAAGAGACACGAC-400.2.1","Slingshot_PCA_rooted",55.993879112685,700,"9","2",TRUE
"TGGGCGTTCAGGCCCA-400.2.1","Slingshot_PCA_rooted",38.197353525479,425,"13","2",TRUE
"TGGTTAGAGATACACA-400.2.1","Slingshot_PCA_rooted",34.1030430035783,350,"11","2",TRUE
"TGGTTAGGTAGCCTCG-400.2.1","Slingshot_PCA_rooted",22.6706075526024,290,"12","2",TRUE
"TGGTTCCCAGAAGCAC-400.2.1","Slingshot_PCA_rooted",29.3895638666249,380,"5","2",TRUE
"TGGTTCCGTCGACTAT-400.2.1","Slingshot_PCA_rooted",29.7943316897259,270,"3","2",TRUE
"TGTATTCCAGAGTGTG-400.2.1","Slingshot_PCA_rooted",18.5472671295414,245,"7","2",TRUE
"TGTATTCGTAAACACA-400.2.1","Slingshot_PCA_rooted",31.8136197275041,320,"12","2",TRUE
"TGTGGTAGTGAGTATA-400.2.1","Slingshot_PCA_rooted",47.7276993594909,520,"13","2",TRUE
"TGTGTTTAGAGGTTAT-400.2.1","Slingshot_PCA_rooted",14.3387224091649,295,"4","2",TRUE
"TGTGTTTGTGTTTGGT-400.2.1","Slingshot_PCA_rooted",22.8776784797558,385,"5","2",TRUE
"TGTTCCGAGACTAAGT-400.2.1","Slingshot_PCA_rooted",22.7202608887902,350,"5","2",TRUE
"TTAACTCCAGAGTGTG-400.2.1","Slingshot_PCA_rooted",55.5178785537652,700,"14","2",TRUE
"TTAGGCATCACGACTA-400.2.1","Slingshot_PCA_rooted",12.5615090624212,220,"3","2",TRUE
"TTAGTTCAGTAGCGGT-400.2.1","Slingshot_PCA_rooted",53.0036433666449,640,"15","2",TRUE
"TTATGCTGTCGGATCC-400.2.1","Slingshot_PCA_rooted",48.8969993853055,585,"11","2",TRUE
"TTCGGTCTCCCTAATT-400.2.1","Slingshot_PCA_rooted",11.8749136964057,270,"2","2",TRUE
"TTCTCCTGTGACGCCT-400.2.1","Slingshot_PCA_rooted",33.347504283329,380,"10","2",TRUE
"TTCTCCTGTTCACGGC-400.2.1","Slingshot_PCA_rooted",25.1353613418812,355,"4","2",TRUE
"TTCTCCTTCCTAGAAC-400.2.1","Slingshot_PCA_rooted",25.3843474440897,370,"5","2",TRUE
"TTCTTAGAGGCCATAG-400.2.1","Slingshot_PCA_rooted",33.9313767914982,405,"5","2",TRUE
"TTGCCGTAGACAATAC-400.2.1","Slingshot_PCA_rooted",17.6372469044121,295,"4","2",TRUE
"TTGGAACAGGCAATTA-400.2.1","Slingshot_PCA_rooted",9.71237520897976,195,"2","2",TRUE
"TTGGAACGTTCACCTC-400.2.1","Slingshot_PCA_rooted",25.4142122514935,260,"7","2",TRUE
"TTGGCAAAGATCTGAA-400.2.1","Slingshot_PCA_rooted",12.2671571564593,215,"8","2",TRUE
"TTGGCAAAGCAAATCA-400.2.1","Slingshot_PCA_rooted",20.1336835512064,320,"10","2",TRUE
"TTGGCAACAGACTCGC-400.2.1","Slingshot_PCA_rooted",17.7491671005987,300,"4","2",TRUE
"TTTACTGGTAGCTCCG-400.2.1","Slingshot_PCA_rooted",27.3851428994624,260,"3","2",TRUE
"TTTATGCGTCAGCTAT-400.2.1","Slingshot_PCA_rooted",36.6914617429467,435,"4","2",TRUE
"TTTGGTTCATTCGACA-400.2.1","Slingshot_PCA_rooted",20.4525105803686,330,"4","2",TRUE
"TTTGTCATCTGCGGCA-400.2.1","Slingshot_PCA_rooted",12.3374809136895,260,"8","2",TRUE
"AAACCTGCAGATGAGC-400.2.2","Slingshot_PCA_rooted",27.0427914537733,260,"3","2",TRUE
"AAACGGGAGCCCTAAT-400.2.2","Slingshot_PCA_rooted",32.9360669021634,360,"11","2",TRUE
"AAACGGGCACACGCTG-400.2.2","Slingshot_PCA_rooted",7.31497919212571,190,"2","2",TRUE
"AAACGGGTCCGAACGC-400.2.2","Slingshot_PCA_rooted",20.4982234630886,345,"5","2",TRUE
"AAAGATGAGCCCAATT-400.2.2","Slingshot_PCA_rooted",39.9261321567275,450,"1","2",TRUE
"AAAGATGTCATCGCTC-400.2.2","Slingshot_PCA_rooted",14.0761867362874,260,"6","2",TRUE
"AAAGATGTCCACGCAG-400.2.2","Slingshot_PCA_rooted",38.8771638997423,470,"16","2",TRUE
"AAAGCAATCCTCATTA-400.2.2","Slingshot_PCA_rooted",19.4104526253431,230,"3","2",TRUE
"AAAGTAGCATGGTTGT-400.2.2","Slingshot_PCA_rooted",12.0558333391656,175,"6","2",TRUE
"AAAGTAGTCGTCTGCT-400.2.2","Slingshot_PCA_rooted",18.8935890980521,260,"8","2",TRUE
"AAATGCCGTAGAGTGC-400.2.2","Slingshot_PCA_rooted",9.91076383609481,220,"8","2",TRUE
"AAATGCCGTAGGGACT-400.2.2","Slingshot_PCA_rooted",36.0836975922915,410,"11","2",TRUE
"AAATGCCTCTTACCGC-400.2.2","Slingshot_PCA_rooted",13.6485732280022,230,"6","2",TRUE
"AACCATGAGGACGAAA-400.2.2","Slingshot_PCA_rooted",26.8524009084007,370,"5","2",TRUE
"AACCGCGGTCGCGTGT-400.2.2","Slingshot_PCA_rooted",8.97582881887441,200,"2","2",TRUE
"AACCGCGGTCTTTCAT-400.2.2","Slingshot_PCA_rooted",16.0513819718205,290,"10","2",TRUE
"AACCGCGGTGTGACGA-400.2.2","Slingshot_PCA_rooted",26.9142345829998,350,"10","2",TRUE
"AACTCCCCACCGCTAG-400.2.2","Slingshot_PCA_rooted",16.1717500777085,260,"8","2",TRUE
"AACTCTTAGACACGAC-400.2.2","Slingshot_PCA_rooted",19.8060293914674,220,"3","2",TRUE
"AACTCTTCAAGGTTTC-400.2.2","Slingshot_PCA_rooted",38.7516432422325,415,"15","2",TRUE
"AACTCTTGTGTGAATA-400.2.2","Slingshot_PCA_rooted",35.7936379424172,425,"13","2",TRUE
"AACTGGTCAAACCCAT-400.2.2","Slingshot_PCA_rooted",6.47548107309499,185,"8","2",TRUE
"AACTGGTTCCCTGACT-400.2.2","Slingshot_PCA_rooted",25.2179473342018,230,"3","2",TRUE
"AAGGAGCCACATGACT-400.2.2","Slingshot_PCA_rooted",35.3641759181968,450,"5","2",TRUE
"AAGGCAGAGACTGTAA-400.2.2","Slingshot_PCA_rooted",10.8743769783743,215,"12","2",TRUE
"AAGGCAGGTCTCTCGT-400.2.2","Slingshot_PCA_rooted",15.9523814368045,290,"10","2",TRUE
"AAGGCAGGTTAAGAAC-400.2.2","Slingshot_PCA_rooted",20.0038933749927,340,"9","2",TRUE
"AAGGCAGTCGCAAGCC-400.2.2","Slingshot_PCA_rooted",28.0828921300592,260,"3","2",TRUE
"AAGGTTCAGTCTTGCA-400.2.2","Slingshot_PCA_rooted",30.4509267822074,390,"5","2",TRUE
"AAGGTTCCAGTGGGAT-400.2.2","Slingshot_PCA_rooted",32.9707122463461,425,"5","2",TRUE
"AAGGTTCTCGTTTGCC-400.2.2","Slingshot_PCA_rooted",23.8984692225977,290,"6","2",TRUE
"AAGTCTGCAATCGAAA-400.2.2","Slingshot_PCA_rooted",29.302705647668,260,"3","2",TRUE
"AAGTCTGCAGCCAATT-400.2.2","Slingshot_PCA_rooted",14.6876609606823,290,"4","2",TRUE
"AAGTCTGGTTCCTCCA-400.2.2","Slingshot_PCA_rooted",31.6793679218289,400,"5","2",TRUE
"AATCCAGCATTGAGCT-400.2.2","Slingshot_PCA_rooted",30.5136567313829,285,"3","2",TRUE
"AATCGGTAGACTGTAA-400.2.2","Slingshot_PCA_rooted",31.3175060030186,405,"13","2",TRUE
"AATCGGTCAAGGTTCT-400.2.2","Slingshot_PCA_rooted",23.3435363052313,260,"12","2",TRUE
"ACACCAATCATACGGT-400.2.2","Slingshot_PCA_rooted",13.192155795133,260,"7","2",TRUE
"ACACCCTAGGAATTAC-400.2.2","Slingshot_PCA_rooted",4.74011278469555,170,"2","2",TRUE
"ACACCCTCATATGAGA-400.2.2","Slingshot_PCA_rooted",7.6546769550513,170,"2","2",TRUE
"ACACCCTCATCTCCCA-400.2.2","Slingshot_PCA_rooted",43.7158914789935,510,"1","2",TRUE
"ACACCGGCACTCGACG-400.2.2","Slingshot_PCA_rooted",21.2684520328471,275,"6","2",TRUE
"ACACTGAAGAGTCGGT-400.2.2","Slingshot_PCA_rooted",12.1172175889742,215,"3","2",TRUE
"ACAGCTACACGGCTAC-400.2.2","Slingshot_PCA_rooted",13.1327517526982,260,"8","2",TRUE
"ACCCACTTCAATACCG-400.2.2","Slingshot_PCA_rooted",39.2738545280061,490,"16","2",TRUE
"ACCCACTTCGCGGATC-400.2.2","Slingshot_PCA_rooted",30.5688709296527,285,"8","2",TRUE
"ACCGTAACAAACCCAT-400.2.2","Slingshot_PCA_rooted",16.6219850901278,300,"9","2",TRUE
"ACCGTAACACGGTTTA-400.2.2","Slingshot_PCA_rooted",20.931964263466,270,"12","2",TRUE
"ACCGTAAGTAATCGTC-400.2.2","Slingshot_PCA_rooted",16.2508927902383,300,"10","2",TRUE
"ACCGTAAGTATAATGG-400.2.2","Slingshot_PCA_rooted",43.0765684693049,450,"11","2",TRUE
"ACCGTAATCATTGCCC-400.2.2","Slingshot_PCA_rooted",45.3478323525216,550,"9","2",TRUE
"ACGAGCCTCCGTAGGC-400.2.2","Slingshot_PCA_rooted",29.1491730454367,190,"5","2",TRUE
"ACGAGGAAGGGTCGAT-400.2.2","Slingshot_PCA_rooted",12.5503677725666,220,"7","2",TRUE
"ACGATACGTGAGGGTT-400.2.2","Slingshot_PCA_rooted",26.7207142892232,365,"10","2",TRUE
"ACGATGTAGATCCCAT-400.2.2","Slingshot_PCA_rooted",45.8269261815521,550,"15","2",TRUE
"ACGATGTCATAAGACA-400.2.2","Slingshot_PCA_rooted",10.0417472744827,200,"2","2",TRUE
"ACGCAGCAGGAGTAGA-400.2.2","Slingshot_PCA_rooted",28.5380180993516,300,"6","2",TRUE
"ACGCCGATCCGTACAA-400.2.2","Slingshot_PCA_rooted",26.4014936712335,385,"4","2",TRUE
"ACGGAGACATGGTCTA-400.2.2","Slingshot_PCA_rooted",29.9979920049951,390,"4","2",TRUE
"ACGGAGATCTCCAACC-400.2.2","Slingshot_PCA_rooted",24.5372480287873,330,"10","2",TRUE
"ACGGAGATCTTAACCT-400.2.2","Slingshot_PCA_rooted",26.2397695820573,270,"7","2",TRUE
"ACGGCCATCACCCTCA-400.2.2","Slingshot_PCA_rooted",26.4880019605642,360,"4","2",TRUE
"ACTATCTTCACAGTAC-400.2.2","Slingshot_PCA_rooted",18.4323018162158,260,"8","2",TRUE
"ACTGAACGTCATACTG-400.2.2","Slingshot_PCA_rooted",28.9673472007037,270,"7","2",TRUE
"ACTGAACGTCTGCCAG-400.2.2","Slingshot_PCA_rooted",17.6835407836956,230,"7","2",TRUE
"ACTGAACGTTGGTAAA-400.2.2","Slingshot_PCA_rooted",46.0629642616553,500,"11","2",TRUE
"ACTGAGTCATTCCTCG-400.2.2","Slingshot_PCA_rooted",16.0829762729802,270,"4","2",TRUE
"ACTGTCCAGAGTACCG-400.2.2","Slingshot_PCA_rooted",16.9063148036594,225,"3","2",TRUE
"ACTGTCCCATAGACTC-400.2.2","Slingshot_PCA_rooted",19.7708695542335,330,"4","2",TRUE
"ACTGTCCTCGAACGGA-400.2.2","Slingshot_PCA_rooted",22.0059579085692,270,"8","2",TRUE
"ACTTACTGTAAGCACG-400.2.2","Slingshot_PCA_rooted",19.7162613574893,340,"5","2",TRUE
"ACTTGTTCAACTGCTA-400.2.2","Slingshot_PCA_rooted",24.5275261666298,360,"4","2",TRUE
"ACTTGTTTCTGTTGAG-400.2.2","Slingshot_PCA_rooted",38.2861599588173,390,"1","2",TRUE
"ACTTTCAGTGGGTATG-400.2.2","Slingshot_PCA_rooted",23.2023087727272,300,"5","2",TRUE
"AGAGTGGGTTTCCACC-400.2.2","Slingshot_PCA_rooted",15.8125296156217,260,"8","2",TRUE
"AGAGTGGTCATTATCC-400.2.2","Slingshot_PCA_rooted",21.2353026639425,260,"8","2",TRUE
"AGCAGCCTCAACCAAC-400.2.2","Slingshot_PCA_rooted",33.0206192751327,390,"5","2",TRUE
"AGCATACAGAGACTTA-400.2.2","Slingshot_PCA_rooted",44.7681973940386,550,"1","2",TRUE
"AGCATACAGATGTGGC-400.2.2","Slingshot_PCA_rooted",10.2261312994184,200,"8","2",TRUE
"AGCGGTCCACATGGGA-400.2.2","Slingshot_PCA_rooted",39.315951868097,450,"9","2",TRUE
"AGCGTATGTTCCGTCT-400.2.2","Slingshot_PCA_rooted",20.6166951119617,260,"3","2",TRUE
"AGCTCCTGTCCGCTGA-400.2.2","Slingshot_PCA_rooted",17.5585012390061,320,"4","2",TRUE
"AGCTCCTGTGATGTGG-400.2.2","Slingshot_PCA_rooted",13.2779662982851,275,"4","2",TRUE
"AGCTCTCAGCATCATC-400.2.2","Slingshot_PCA_rooted",33.5734275172674,400,"5","2",TRUE
"AGCTCTCTCTTAGAGC-400.2.2","Slingshot_PCA_rooted",7.69215540603161,190,"2","2",TRUE
"AGCTTGAAGCTGTTCA-400.2.2","Slingshot_PCA_rooted",26.032360207834,350,"1","2",TRUE
"AGCTTGAGTAGGAGTC-400.2.2","Slingshot_PCA_rooted",10.3555476922175,230,"12","2",TRUE
"AGGCCACAGTTTCCTT-400.2.2","Slingshot_PCA_rooted",12.5218484551684,215,"6","2",TRUE
"AGGGAGTAGGGCTTCC-400.2.2","Slingshot_PCA_rooted",39.023826374119,450,"11","2",TRUE
"AGGGAGTAGTACCGGA-400.2.2","Slingshot_PCA_rooted",26.7121315230294,320,"5","2",TRUE
"AGGGATGTCAGTACGT-400.2.2","Slingshot_PCA_rooted",21.9802214510195,345,"9","2",TRUE
"AGGGTGAGTCAAACTC-400.2.2","Slingshot_PCA_rooted",23.4670162273638,360,"5","2",TRUE
"AGGTCATGTCTAGGTT-400.2.2","Slingshot_PCA_rooted",16.4574791004082,230,"3","2",TRUE
"AGGTCATTCGCCCTTA-400.2.2","Slingshot_PCA_rooted",18.4362523298642,320,"1","2",TRUE
"AGGTCCGGTCCATCCT-400.2.2","Slingshot_PCA_rooted",27.6447870467867,360,"13","2",TRUE
"AGTAGTCTCTACCTGC-400.2.2","Slingshot_PCA_rooted",6.24318896694336,190,"2","2",TRUE
"AGTCTTTCAGTAAGAT-400.2.2","Slingshot_PCA_rooted",39.9872236933756,470,"9","2",TRUE
"AGTCTTTTCCCTTGCA-400.2.2","Slingshot_PCA_rooted",19.5056543162197,205,"12","2",TRUE
"AGTGGGAAGGGAACGG-400.2.2","Slingshot_PCA_rooted",31.9657508541579,385,"5","2",TRUE
"AGTGGGATCGGCTACG-400.2.2","Slingshot_PCA_rooted",22.307459295846,260,"6","2",TRUE
"AGTTGGTAGGGAGTAA-400.2.2","Slingshot_PCA_rooted",29.6708906007346,390,"9","2",TRUE
"AGTTGGTGTTTGTGTG-400.2.2","Slingshot_PCA_rooted",13.4103729819081,290,"4","2",TRUE
"ATAACGCAGCAGGCTA-400.2.2","Slingshot_PCA_rooted",24.7823375329811,365,"4","2",TRUE
"ATAACGCAGCGTGTCC-400.2.2","Slingshot_PCA_rooted",30.8093422685575,285,"8","2",TRUE
"ATAACGCTCGTTGACA-400.2.2","Slingshot_PCA_rooted",21.9262805685378,265,"7","2",TRUE
"ATAGACCAGCATCATC-400.2.2","Slingshot_PCA_rooted",28.0345790780849,290,"1","2",TRUE
"ATCACGAAGAATGTGT-400.2.2","Slingshot_PCA_rooted",37.3840068809128,420,"10","2",TRUE
"ATCATCTAGTACTTGC-400.2.2","Slingshot_PCA_rooted",7.78856355802124,190,"2","2",TRUE
"ATCATCTCAAGTCTAC-400.2.2","Slingshot_PCA_rooted",7.57159740884752,170,"2","2",TRUE
"ATCATCTTCTAACGGT-400.2.2","Slingshot_PCA_rooted",16.1474473901699,245,"8","2",TRUE
"ATCATGGTCCGAATGT-400.2.2","Slingshot_PCA_rooted",29.3097060959484,270,"3","2",TRUE
"ATCCACCTCTGAAAGA-400.2.2","Slingshot_PCA_rooted",38.9123259245796,490,"16","2",TRUE
"ATCCGAATCATCTGCC-400.2.2","Slingshot_PCA_rooted",30.1101343419443,275,"7","2",TRUE
"ATCGAGTAGATCGGGT-400.2.2","Slingshot_PCA_rooted",17.124037460697,230,"7","2",TRUE
"ATCGAGTGTACATGTC-400.2.2","Slingshot_PCA_rooted",27.9538714543572,300,"12","2",TRUE
"ATCTACTAGAGGTTAT-400.2.2","Slingshot_PCA_rooted",13.8805417071062,260,"8","2",TRUE
"ATCTACTCAATGCCAT-400.2.2","Slingshot_PCA_rooted",51.2598806546199,550,"1","2",TRUE
"ATCTACTGTCCCTACT-400.2.2","Slingshot_PCA_rooted",13.7326617838852,230,"8","2",TRUE
"ATCTGCCCATCACAAC-400.2.2","Slingshot_PCA_rooted",30.5808750245028,390,"5","2",TRUE
"ATCTGCCTCAGCAACT-400.2.2","Slingshot_PCA_rooted",22.9914443539112,275,"12","2",TRUE
"ATGAGGGGTTTGGCGC-400.2.2","Slingshot_PCA_rooted",19.062814833582,260,"3","2",TRUE
"ATGCGATAGTGTACGG-400.2.2","Slingshot_PCA_rooted",6.47999283752671,200,"2","2",TRUE
"ATGCGATTCGCACTCT-400.2.2","Slingshot_PCA_rooted",29.9496397534493,390,"5","2",TRUE
"ATGTGTGCACGCGAAA-400.2.2","Slingshot_PCA_rooted",36.3132671590748,450,"5","2",TRUE
"ATTACTCAGTGACTCT-400.2.2","Slingshot_PCA_rooted",33.2526593537589,415,"5","2",TRUE
"ATTATCCCAATGGACG-400.2.2","Slingshot_PCA_rooted",24.2156038184978,350,"9","2",TRUE
"ATTATCCCAATTGCTG-400.2.2","Slingshot_PCA_rooted",32.1955829124651,270,"3","2",TRUE
"ATTATCCCACTACAGT-400.2.2","Slingshot_PCA_rooted",18.8170937745329,300,"10","2",TRUE
"ATTATCCGTCTAGTGT-400.2.2","Slingshot_PCA_rooted",20.6077651026805,360,"5","2",TRUE
"ATTATCCGTTCTGTTT-400.2.2","Slingshot_PCA_rooted",22.6820944348992,360,"9","2",TRUE
"ATTATCCTCGCGTAGC-400.2.2","Slingshot_PCA_rooted",41.4923150204691,500,"14","2",TRUE
"ATTCTACTCTCAAACG-400.2.2","Slingshot_PCA_rooted",20.2455803083445,350,"1","2",TRUE
"ATTGGACAGACACTAA-400.2.2","Slingshot_PCA_rooted",31.6448175432086,260,"7","2",TRUE
"ATTGGACAGAGACTAT-400.2.2","Slingshot_PCA_rooted",17.938004649002,320,"4","2",TRUE
"ATTGGACCACGGATAG-400.2.2","Slingshot_PCA_rooted",22.0000264950075,350,"10","2",TRUE
"ATTGGACGTACCAGTT-400.2.2","Slingshot_PCA_rooted",31.2038294795479,300,"6","2",TRUE
"ATTGGACGTTATGTGC-400.2.2","Slingshot_PCA_rooted",27.5911346139292,380,"5","2",TRUE
"ATTTCTGAGACAGGCT-400.2.2","Slingshot_PCA_rooted",23.2066980300037,360,"4","2",TRUE
"ATTTCTGCAAAGGAAG-400.2.2","Slingshot_PCA_rooted",33.9243743766315,275,"7","2",TRUE
"ATTTCTGGTCTAGTGT-400.2.2","Slingshot_PCA_rooted",7.75047581412487,190,"2","2",TRUE
"CAACCAAAGGGAACGG-400.2.2","Slingshot_PCA_rooted",25.87889235816,360,"5","2",TRUE
"CAACCAAGTAAGGATT-400.2.2","Slingshot_PCA_rooted",24.7825278235783,270,"8","2",TRUE
"CAACCAATCCGCATAA-400.2.2","Slingshot_PCA_rooted",46.711176031514,585,"10","2",TRUE
"CAACTAGAGATCCGAG-400.2.2","Slingshot_PCA_rooted",11.0711727018047,215,"2","2",TRUE
"CAAGATCTCAGAGGTG-400.2.2","Slingshot_PCA_rooted",25.2111356612743,380,"5","2",TRUE
"CAAGATCTCCACGACG-400.2.2","Slingshot_PCA_rooted",9.4448804798143,190,"2","2",TRUE
"CAAGGCCTCCTGTACC-400.2.2","Slingshot_PCA_rooted",25.1300678868628,380,"9","2",TRUE
"CAAGTTGGTACCGTTA-400.2.2","Slingshot_PCA_rooted",31.4198676926318,415,"5","2",TRUE
"CAAGTTGGTCACTGGC-400.2.2","Slingshot_PCA_rooted",33.1287606699117,350,"11","2",TRUE
"CAAGTTGGTGCAACTT-400.2.2","Slingshot_PCA_rooted",17.4321938115376,300,"4","2",TRUE
"CAAGTTGTCCTGCTTG-400.2.2","Slingshot_PCA_rooted",39.9222101099913,450,"10","2",TRUE
"CACACTCCAGGGTACA-400.2.2","Slingshot_PCA_rooted",25.8059154693624,415,"5","2",TRUE
"CACACTCGTGTGACGA-400.2.2","Slingshot_PCA_rooted",15.4650577745667,450,"8","2",TRUE
"CACAGGCAGTTGAGTA-400.2.2","Slingshot_PCA_rooted",18.8220395136062,320,"4","2",TRUE
"CACAGGCCATAGTAAG-400.2.2","Slingshot_PCA_rooted",39.8853763386701,450,"10","2",TRUE
"CACAGGCTCCGCGTTT-400.2.2","Slingshot_PCA_rooted",31.8434748454152,410,"5","2",TRUE
"CACAGTAGTCCCTACT-400.2.2","Slingshot_PCA_rooted",17.3791472307786,230,"7","2",TRUE
"CACAGTATCTCGTTTA-400.2.2","Slingshot_PCA_rooted",18.2693753610729,260,"12","2",TRUE
"CACATAGAGGCTAGAC-400.2.2","Slingshot_PCA_rooted",40.5275527448153,420,"9","2",TRUE
"CACATAGGTTTAAGCC-400.2.2","Slingshot_PCA_rooted",17.2703032324526,230,"3","2",TRUE
"CACATTTAGCTCAACT-400.2.2","Slingshot_PCA_rooted",22.0430756504328,355,"9","2",TRUE
"CACATTTGTGGTACAG-400.2.2","Slingshot_PCA_rooted",7.74457351367549,170,"2","2",TRUE
"CACATTTTCTCAAGTG-400.2.2","Slingshot_PCA_rooted",22.1739540306382,350,"9","2",TRUE
"CACCACTAGCCCTAAT-400.2.2","Slingshot_PCA_rooted",17.5256661867928,230,"3","2",TRUE
"CACCACTAGCGATGAC-400.2.2","Slingshot_PCA_rooted",25.9530282440293,360,"10","2",TRUE
"CACCACTTCGTAGGTT-400.2.2","Slingshot_PCA_rooted",18.1328197614556,490,"5","2",TRUE
"CACCAGGCAACGATCT-400.2.2","Slingshot_PCA_rooted",15.5033230062986,290,"4","2",TRUE
"CACCAGGTCTGCTTGC-400.2.2","Slingshot_PCA_rooted",40.3180259532574,450,"9","2",TRUE
"CACCTTGCATTGCGGC-400.2.2","Slingshot_PCA_rooted",34.054419235905,310,"12","2",TRUE
"CACTCCACACGCTTTC-400.2.2","Slingshot_PCA_rooted",9.02997253898672,195,"8","2",TRUE
"CAGATCAAGGAGCGTT-400.2.2","Slingshot_PCA_rooted",23.2449849079971,340,"10","2",TRUE
"CAGATCATCGGTGTCG-400.2.2","Slingshot_PCA_rooted",45.5918396805585,550,"10","2",TRUE
"CAGCAGCTCTTTAGTC-400.2.2","Slingshot_PCA_rooted",24.932831063723,270,"8","2",TRUE
"CAGCATAGTCCAACTA-400.2.2","Slingshot_PCA_rooted",42.4907609274448,490,"11","2",TRUE
"CAGCATATCAAACCGT-400.2.2","Slingshot_PCA_rooted",21.4113908144093,270,"6","2",TRUE
"CAGCATATCGTTTGCC-400.2.2","Slingshot_PCA_rooted",22.4898639123078,275,"6","2",TRUE
"CAGCCGACACCATGTA-400.2.2","Slingshot_PCA_rooted",27.4279912671887,300,"8","2",TRUE
"CAGCCGACAGACAGGT-400.2.2","Slingshot_PCA_rooted",9.14681127740208,200,"2","2",TRUE
"CAGCCGACAGCTGTTA-400.2.2","Slingshot_PCA_rooted",16.6179712161494,295,"4","2",TRUE
"CAGCCGACATGAGCGA-400.2.2","Slingshot_PCA_rooted",29.9484225437791,385,"5","2",TRUE
"CAGCCGAGTAGGAGTC-400.2.2","Slingshot_PCA_rooted",23.2024847305775,415,"5","2",TRUE
"CAGCGACAGAAACCTA-400.2.2","Slingshot_PCA_rooted",13.1798429067109,205,"3","2",TRUE
"CAGCGACAGACAATAC-400.2.2","Slingshot_PCA_rooted",16.6821340024531,310,"4","2",TRUE
"CAGCTGGGTGAGGCTA-400.2.2","Slingshot_PCA_rooted",32.4997663783642,395,"5","2",TRUE
"CAGGTGCAGCCACGCT-400.2.2","Slingshot_PCA_rooted",23.0321508446739,345,"5","2",TRUE
"CAGTAACGTTGGTAAA-400.2.2","Slingshot_PCA_rooted",16.3358570965264,245,"8","2",TRUE
"CAGTAACTCGCAAACT-400.2.2","Slingshot_PCA_rooted",36.7199330361455,370,"11","2",TRUE
"CAGTCCTCACGGCGTT-400.2.2","Slingshot_PCA_rooted",29.2555046984683,380,"5","2",TRUE
"CAGTCCTCATACTACG-400.2.2","Slingshot_PCA_rooted",21.2830473481833,300,"5","2",TRUE
"CATATGGTCCTTTCTC-400.2.2","Slingshot_PCA_rooted",15.2972451512064,290,"10","2",TRUE
"CATCAAGAGTTAGCGG-400.2.2","Slingshot_PCA_rooted",21.4249714671654,340,"10","2",TRUE
"CATCAAGGTGCCTGCA-400.2.2","Slingshot_PCA_rooted",25.0867770155495,350,"13","2",TRUE
"CATCAAGGTTATCCGA-400.2.2","Slingshot_PCA_rooted",35.8245065496713,450,"5","2",TRUE
"CATCAAGTCTACTATC-400.2.2","Slingshot_PCA_rooted",42.0972750323771,490,"10","2",TRUE
"CATCAAGTCTGTGCAA-400.2.2","Slingshot_PCA_rooted",30.5815688612596,385,"9","2",TRUE
"CATCAGAAGCAGCCTC-400.2.2","Slingshot_PCA_rooted",22.6276659966768,370,"5","2",TRUE
"CATCAGAAGGATGCGT-400.2.2","Slingshot_PCA_rooted",18.5734525874025,300,"4","2",TRUE
"CATCCACCAGTAAGCG-400.2.2","Slingshot_PCA_rooted",26.513298479971,380,"5","2",TRUE
"CATCGAAAGGACTGGT-400.2.2","Slingshot_PCA_rooted",39.1532534607445,425,"9","2",TRUE
"CATCGGGGTCCGAACC-400.2.2","Slingshot_PCA_rooted",26.3166030655569,365,"5","2",TRUE
"CATCGGGTCAACCAAC-400.2.2","Slingshot_PCA_rooted",11.7571912410078,230,"2","2",TRUE
"CATGCCTAGTAAGTAC-400.2.2","Slingshot_PCA_rooted",23.1983309222735,360,"4","2",TRUE
"CATGCCTCACTTCTGC-400.2.2","Slingshot_PCA_rooted",18.1189878806777,265,"6","2",TRUE
"CATGGCGAGCGTTCCG-400.2.2","Slingshot_PCA_rooted",10.7890566449697,210,"2","2",TRUE
"CATTATCCAATAGCAA-400.2.2","Slingshot_PCA_rooted",31.4435740555014,300,"12","2",TRUE
"CCACCTAGTATATGGA-400.2.2","Slingshot_PCA_rooted",27.7583554497131,380,"5","2",TRUE
"CCACGGATCTGTCAAG-400.2.2","Slingshot_PCA_rooted",11.2859820871169,200,"2","2",TRUE
"CCAGCGACACGACTCG-400.2.2","Slingshot_PCA_rooted",46.6637199208696,550,"15","2",TRUE
"CCAGCGACAGCATGAG-400.2.2","Slingshot_PCA_rooted",31.0324038997183,285,"8","2",TRUE
"CCAGCGACAGCTTAAC-400.2.2","Slingshot_PCA_rooted",31.0324038997183,320,"8","2",TRUE
"CCAGCGACATACCATG-400.2.2","Slingshot_PCA_rooted",22.1492392895989,450,"5","2",TRUE
"CCATGTCGTTGCTCCT-400.2.2","Slingshot_PCA_rooted",29.6795893444988,370,"5","2",TRUE
"CCATGTCTCCGCAAGC-400.2.2","Slingshot_PCA_rooted",30.8080677971437,410,"9","2",TRUE
"CCATTCGAGCACCGTC-400.2.2","Slingshot_PCA_rooted",41.58145596309,450,"10","2",TRUE
"CCATTCGGTTTGGCGC-400.2.2","Slingshot_PCA_rooted",26.6349189590715,245,"7","2",TRUE
"CCCAATCAGACACTAA-400.2.2","Slingshot_PCA_rooted",18.520448606982,275,"10","2",TRUE
"CCCAATCAGGCATTGG-400.2.2","Slingshot_PCA_rooted",23.9380208037616,365,"4","2",TRUE
"CCCAGTTCAGATAATG-400.2.2","Slingshot_PCA_rooted",43.838954286572,490,"15","2",TRUE
"CCCTCCTAGAGACTTA-400.2.2","Slingshot_PCA_rooted",52.6994132881239,640,"13","2",TRUE
"CCCTCCTAGTGACATA-400.2.2","Slingshot_PCA_rooted",7.45364737024858,170,"2","2",TRUE
"CCCTCCTGTGCAACTT-400.2.2","Slingshot_PCA_rooted",12.2621374503381,190,"3","2",TRUE
"CCCTCCTTCAGGTAAA-400.2.2","Slingshot_PCA_rooted",35.1735156635171,420,"13","2",TRUE
"CCGGGATTCCAGATCA-400.2.2","Slingshot_PCA_rooted",32.1153758310697,410,"4","2",TRUE
"CCGGTAGAGCGATGAC-400.2.2","Slingshot_PCA_rooted",35.2900866207305,450,"5","2",TRUE
"CCGGTAGAGCTAGTGG-400.2.2","Slingshot_PCA_rooted",42.6434942563505,510,"1","2",TRUE
"CCGGTAGCAAAGTGCG-400.2.2","Slingshot_PCA_rooted",28.4519095173172,380,"10","2",TRUE
"CCGGTAGTCTGCTTGC-400.2.2","Slingshot_PCA_rooted",27.9436429137432,300,"12","2",TRUE
"CCGTACTTCCAAGCCG-400.2.2","Slingshot_PCA_rooted",45.8418193620007,550,"11","2",TRUE
"CCGTGGAAGGTGTGGT-400.2.2","Slingshot_PCA_rooted",25.3052061587177,280,"8","2",TRUE
"CCGTGGACACATTAGC-400.2.2","Slingshot_PCA_rooted",18.5984716759265,325,"1","2",TRUE
"CCGTGGAGTAGCTGCC-400.2.2","Slingshot_PCA_rooted",15.4570030909481,270,"2","2",TRUE
"CCGTGGAGTCCAGTTA-400.2.2","Slingshot_PCA_rooted",27.2207782446047,265,"3","2",TRUE
"CCGTTCACAGACAAGC-400.2.2","Slingshot_PCA_rooted",7.46433796240535,190,"2","2",TRUE
"CCGTTCAGTGCAGGTA-400.2.2","Slingshot_PCA_rooted",7.37987939018008,175,"2","2",TRUE
"CCGTTCATCGCTAGCG-400.2.2","Slingshot_PCA_rooted",17.4321938115376,320,"4","2",TRUE
"CCTAAAGGTCGAGTTT-400.2.2","Slingshot_PCA_rooted",16.9060003286007,300,"10","2",TRUE
"CCTAAAGTCAACCATG-400.2.2","Slingshot_PCA_rooted",12.5758610092099,200,"3","2",TRUE
"CCTAAAGTCGACCAGC-400.2.2","Slingshot_PCA_rooted",8.59150562164942,180,"2","2",TRUE
"CCTACACAGAAGGTGA-400.2.2","Slingshot_PCA_rooted",30.5381859332215,380,"5","2",TRUE
"CCTACACAGACATAAC-400.2.2","Slingshot_PCA_rooted",43.3365970694295,550,"16","2",TRUE
"CCTACACAGCGTTTAC-400.2.2","Slingshot_PCA_rooted",19.2858445422662,320,"1","2",TRUE
"CCTACACCAAGTCTAC-400.2.2","Slingshot_PCA_rooted",13.3396332886394,260,"8","2",TRUE
"CCTACACCACACAGAG-400.2.2","Slingshot_PCA_rooted",13.1097664510272,260,"6","2",TRUE
"CCTACCATCACTGGGC-400.2.2","Slingshot_PCA_rooted",28.7931392638783,380,"5","2",TRUE
"CCTATTAGTCCGAAGA-400.2.2","Slingshot_PCA_rooted",7.94166985670759,170,"2","2",TRUE
"CCTCAGTCATCATCCC-400.2.2","Slingshot_PCA_rooted",25.8243818909106,370,"4","2",TRUE
"CCTCAGTGTAGCGATG-400.2.2","Slingshot_PCA_rooted",23.4276888817429,330,"9","2",TRUE
"CCTCTGAAGTGGCACA-400.2.2","Slingshot_PCA_rooted",22.7601231654768,260,"6","2",TRUE
"CCTCTGACATTAGGCT-400.2.2","Slingshot_PCA_rooted",42.4907609274448,470,"11","2",TRUE
"CCTCTGACATTATCTC-400.2.2","Slingshot_PCA_rooted",8.48869694036329,195,"2","2",TRUE
"CCTCTGAGTCATCCCT-400.2.2","Slingshot_PCA_rooted",48.1185887185156,620,"10","2",TRUE
"CCTCTGAGTTTAAGCC-400.2.2","Slingshot_PCA_rooted",18.5457933249169,230,"6","2",TRUE
"CCTTACGCACAGACAG-400.2.2","Slingshot_PCA_rooted",36.5368804043057,420,"1","2",TRUE
"CCTTCCCCATACAGCT-400.2.2","Slingshot_PCA_rooted",32.9658472007702,420,"5","2",TRUE
"CCTTCCCGTAGATTAG-400.2.2","Slingshot_PCA_rooted",14.0174344778569,295,"2","2",TRUE
"CCTTCCCTCCTAAGTG-400.2.2","Slingshot_PCA_rooted",18.0089129276461,350,"1","2",TRUE
"CCTTCGATCGCTAGCG-400.2.2","Slingshot_PCA_rooted",28.5683016718372,380,"5","2",TRUE
"CGAACATGTACCATCA-400.2.2","Slingshot_PCA_rooted",18.510898051979,280,"5","2",TRUE
"CGACTTCCAGACAAGC-400.2.2","Slingshot_PCA_rooted",19.5008605496101,280,"8","2",TRUE
"CGACTTCGTGCACGAA-400.2.2","Slingshot_PCA_rooted",35.0934278821228,415,"13","2",TRUE
"CGAGAAGAGAATTGTG-400.2.2","Slingshot_PCA_rooted",18.0193250745333,260,"6","2",TRUE
"CGAGCACAGGCATTGG-400.2.2","Slingshot_PCA_rooted",29.9009862308928,390,"5","2",TRUE
"CGAGCACTCTTGCATT-400.2.2","Slingshot_PCA_rooted",36.3139355833233,450,"13","2",TRUE
"CGAGCCAAGTACGTTC-400.2.2","Slingshot_PCA_rooted",26.9535448962745,360,"5","2",TRUE
"CGAGCCAGTTAGGGTG-400.2.2","Slingshot_PCA_rooted",17.9584380482935,350,"1","2",TRUE
"CGATCGGAGGTAGCTG-400.2.2","Slingshot_PCA_rooted",36.3414262749524,350,"11","2",TRUE
"CGATCGGGTCTCGTTC-400.2.2","Slingshot_PCA_rooted",27.16211298809,260,"3","2",TRUE
"CGATTGAAGATCGGGT-400.2.2","Slingshot_PCA_rooted",35.5540971512237,350,"11","2",TRUE
"CGATTGAGTTGATTGC-400.2.2","Slingshot_PCA_rooted",30.3046049936804,390,"5","2",TRUE
"CGCCAAGCAGCTGCTG-400.2.2","Slingshot_PCA_rooted",30.3913148107786,385,"13","2",TRUE
"CGCGGTATCTACCAGA-400.2.2","Slingshot_PCA_rooted",33.6925458719876,420,"5","2",TRUE
"CGCGTTTTCGTGGTCG-400.2.2","Slingshot_PCA_rooted",19.6398627884005,220,"3","2",TRUE
"CGCTATCAGTCCGGTC-400.2.2","Slingshot_PCA_rooted",18.0935687961644,225,"3","2",TRUE
"CGCTATCTCGCCAGCA-400.2.2","Slingshot_PCA_rooted",18.06723438453,260,"6","2",TRUE
"CGCTTCAGTACAGTTC-400.2.2","Slingshot_PCA_rooted",23.5403419800118,345,"1","2",TRUE
"CGGACACAGCCGGTAA-400.2.2","Slingshot_PCA_rooted",12.4507157373615,230,"3","2",TRUE
"CGGACACCAGTATAAG-400.2.2","Slingshot_PCA_rooted",31.8903115687579,410,"5","2",TRUE
"CGGACACTCACCGTAA-400.2.2","Slingshot_PCA_rooted",22.2687742524756,270,"8","2",TRUE
"CGGACGTGTGTGAATA-400.2.2","Slingshot_PCA_rooted",30.9496564761172,410,"5","2",TRUE
"CGGAGCTAGATATGCA-400.2.2","Slingshot_PCA_rooted",38.4056439615976,435,"13","2",TRUE
"CGGAGCTCAGGAATCG-400.2.2","Slingshot_PCA_rooted",8.33239526944393,170,"2","2",TRUE
"CGGCTAGAGCGCCTCA-400.2.2","Slingshot_PCA_rooted",30.8234494256426,280,"3","2",TRUE
"CGGCTAGTCCCAACGG-400.2.2","Slingshot_PCA_rooted",34.4908261557865,415,"13","2",TRUE
"CGGTTAAGTACGCACC-400.2.2","Slingshot_PCA_rooted",21.5896635462178,325,"9","2",TRUE
"CGGTTAAGTCCAGTAT-400.2.2","Slingshot_PCA_rooted",27.9260728004887,275,"3","2",TRUE
"CGTAGCGCAGATTGCT-400.2.2","Slingshot_PCA_rooted",8.63773088838498,195,"2","2",TRUE
"CGTCACTAGTCAATAG-400.2.2","Slingshot_PCA_rooted",43.3449224458187,490,"11","2",TRUE
"CGTCACTCAAGGCTCC-400.2.2","Slingshot_PCA_rooted",16.9495191250342,550,"5","2",TRUE
"CGTCACTTCACTCCTG-400.2.2","Slingshot_PCA_rooted",32.5695332737192,285,"3","2",TRUE
"CGTCAGGCATTGTGCA-400.2.2","Slingshot_PCA_rooted",23.973527545929,325,"4","2",TRUE
"CGTCAGGTCAAGGTAA-400.2.2","Slingshot_PCA_rooted",33.3889170984191,310,"3","2",TRUE
"CGTCAGGTCCTAGGGC-400.2.2","Slingshot_PCA_rooted",18.0640027610835,260,"3","2",TRUE
"CGTCCATCATTCCTCG-400.2.2","Slingshot_PCA_rooted",6.56649472750434,190,"2","2",TRUE
"CGTCTACAGTCCCACG-400.2.2","Slingshot_PCA_rooted",45.9071930620396,520,"11","2",TRUE
"CGTCTACCACAGCCCA-400.2.2","Slingshot_PCA_rooted",6.05221826503758,170,"2","2",TRUE
"CGTCTACCATGGTAGG-400.2.2","Slingshot_PCA_rooted",31.0630428639408,275,"7","2",TRUE
"CGTCTACGTTAAGATG-400.2.2","Slingshot_PCA_rooted",24.3837507149834,410,"10","2",TRUE
"CGTGAGCAGAATTCCC-400.2.2","Slingshot_PCA_rooted",29.2200112662971,390,"5","2",TRUE
"CGTGAGCCATCATCCC-400.2.2","Slingshot_PCA_rooted",17.89679074243,320,"9","2",TRUE
"CGTGAGCGTCTCTTTA-400.2.2","Slingshot_PCA_rooted",10.2575861581462,215,"8","2",TRUE
"CGTGTAATCTGATACG-400.2.2","Slingshot_PCA_rooted",28.7319605500344,300,"12","2",TRUE
"CGTGTCTCACCCAGTG-400.2.2","Slingshot_PCA_rooted",18.7608335222531,320,"9","2",TRUE
"CGTTAGACATACTCTT-400.2.2","Slingshot_PCA_rooted",36.383353386876,380,"1","2",TRUE
"CGTTCTGGTCCAGTAT-400.2.2","Slingshot_PCA_rooted",45.055601317267,520,"15","2",TRUE
"CGTTGGGCATCTGGTA-400.2.2","Slingshot_PCA_rooted",14.2747601650707,245,"2","2",TRUE
"CGTTGGGTCAACACGT-400.2.2","Slingshot_PCA_rooted",29.5347720153995,385,"5","2",TRUE
"CGTTGGGTCACAATGC-400.2.2","Slingshot_PCA_rooted",35.7154593137808,380,"1","2",TRUE
"CTAACTTGTGTAACGG-400.2.2","Slingshot_PCA_rooted",28.8068026209707,320,"1","2",TRUE
"CTAAGACGTCATGCCG-400.2.2","Slingshot_PCA_rooted",31.83826430788,390,"5","2",TRUE
"CTAATGGAGGACACCA-400.2.2","Slingshot_PCA_rooted",28.2302416981335,375,"5","2",TRUE
"CTAATGGAGGCCCTCA-400.2.2","Slingshot_PCA_rooted",18.3216823963748,300,"9","2",TRUE
"CTACACCAGTTCCACA-400.2.2","Slingshot_PCA_rooted",23.8326572442972,345,"4","2",TRUE
"CTACACCCATCTACGA-400.2.2","Slingshot_PCA_rooted",45.6290129392541,630,"16","2",TRUE
"CTACACCCATTGGCGC-400.2.2","Slingshot_PCA_rooted",18.8740925879065,300,"1","2",TRUE
"CTACATTCAAGTAGTA-400.2.2","Slingshot_PCA_rooted",13.3866445383855,230,"3","2",TRUE
"CTACATTGTGCAGACA-400.2.2","Slingshot_PCA_rooted",28.2042823311922,370,"5","2",TRUE
"CTACATTTCCGCTGTT-400.2.2","Slingshot_PCA_rooted",29.6189806968421,380,"11","2",TRUE
"CTACCCACATCAGTAC-400.2.2","Slingshot_PCA_rooted",32.3185175974302,415,"5","2",TRUE
"CTACGTCCATAAGACA-400.2.2","Slingshot_PCA_rooted",36.8613296150166,350,"11","2",TRUE
"CTAGAGTGTGTAATGA-400.2.2","Slingshot_PCA_rooted",11.7629208887645,245,"2","2",TRUE
"CTAGAGTTCCTCTAGC-400.2.2","Slingshot_PCA_rooted",20.472628633506,350,"1","2",TRUE
"CTAGCCTCAATGGTCT-400.2.2","Slingshot_PCA_rooted",25.197183329103,370,"13","2",TRUE
"CTAGTGAGTTAAAGTG-400.2.2","Slingshot_PCA_rooted",38.0851625977462,440,"14","2",TRUE
"CTAGTGATCACAACGT-400.2.2","Slingshot_PCA_rooted",22.215418248586,420,"5","2",TRUE
"CTCAGAACAGTCAGAG-400.2.2","Slingshot_PCA_rooted",12.5769647735435,270,"4","2",TRUE
"CTCAGAAGTAGGAGTC-400.2.2","Slingshot_PCA_rooted",18.3750833099939,230,"6","2",TRUE
"CTCATTAAGTACGTAA-400.2.2","Slingshot_PCA_rooted",32.5034331008626,395,"5","2",TRUE
"CTCATTACAATCAGAA-400.2.2","Slingshot_PCA_rooted",22.8499150906858,355,"10","2",TRUE
"CTCATTATCCTTTCGG-400.2.2","Slingshot_PCA_rooted",16.8060228920023,300,"10","2",TRUE
"CTCGGGAGTGAACCTT-400.2.2","Slingshot_PCA_rooted",31.0405398144359,270,"3","2",TRUE
"CTCGGGAGTTAGAACA-400.2.2","Slingshot_PCA_rooted",23.5075810777505,355,"4","2",TRUE
"CTCGTACAGTGCGTGA-400.2.2","Slingshot_PCA_rooted",10.8454422562313,215,"8","2",TRUE
"CTCGTACGTACCGTAT-400.2.2","Slingshot_PCA_rooted",46.6634892481892,550,"1","2",TRUE
"CTCGTACGTGAGCGAT-400.2.2","Slingshot_PCA_rooted",41.4181915588567,440,"15","2",TRUE
"CTCGTCAAGTATCTCG-400.2.2","Slingshot_PCA_rooted",20.3844791146987,330,"4","2",TRUE
"CTCGTCACATGCGCAC-400.2.2","Slingshot_PCA_rooted",13.3041701343133,260,"8","2",TRUE
"CTCTAATGTATGAAAC-400.2.2","Slingshot_PCA_rooted",17.2536827675939,225,"7","2",TRUE
"CTCTAATGTCAGAATA-400.2.2","Slingshot_PCA_rooted",25.753631342882,355,"10","2",TRUE
"CTCTAATGTTTGACAC-400.2.2","Slingshot_PCA_rooted",25.3040355467236,350,"5","2",TRUE
"CTCTAATTCATAAAGG-400.2.2","Slingshot_PCA_rooted",30.0666575432983,390,"5","2",TRUE
"CTCTAATTCTCGTTTA-400.2.2","Slingshot_PCA_rooted",6.43695846429709,170,"2","2",TRUE
"CTCTGGTCAGGTCCAC-400.2.2","Slingshot_PCA_rooted",32.2856002225991,300,"12","2",TRUE
"CTCTGGTTCGTGACAT-400.2.2","Slingshot_PCA_rooted",17.1406774531096,295,"4","2",TRUE
"CTGAAACTCTCGCTTG-400.2.2","Slingshot_PCA_rooted",23.9998471147868,350,"1","2",TRUE
"CTGATCCAGGTGCTTT-400.2.2","Slingshot_PCA_rooted",31.7451207138212,390,"5","2",TRUE
"CTGATCCTCTGCTGTC-400.2.2","Slingshot_PCA_rooted",5.24761668362936,175,"2","2",TRUE
"CTGCCTAGTTGGTAAA-400.2.2","Slingshot_PCA_rooted",42.7253628952687,585,"13","2",TRUE
"CTGCCTATCGTTACAG-400.2.2","Slingshot_PCA_rooted",31.4239739907653,285,"7","2",TRUE
"CTGGTCTCACGACGAA-400.2.2","Slingshot_PCA_rooted",22.824220461006,350,"1","2",TRUE
"CTGGTCTCAGACGTAG-400.2.2","Slingshot_PCA_rooted",22.0779110663343,320,"5","2",TRUE
"CTGGTCTCATAGGATA-400.2.2","Slingshot_PCA_rooted",19.656051250206,350,"5","2",TRUE
"CTGGTCTGTTGCGTTA-400.2.2","Slingshot_PCA_rooted",24.3384457548232,330,"4","2",TRUE
"CTTAACTGTTGCCTCT-400.2.2","Slingshot_PCA_rooted",20.8335875261161,390,"5","2",TRUE
"CTTAGGAAGCAGATCG-400.2.2","Slingshot_PCA_rooted",29.6706525597009,415,"9","2",TRUE
"CTTCTCTGTTTCCACC-400.2.2","Slingshot_PCA_rooted",28.7934431711828,230,"3","2",TRUE
"CTTTGCGAGCCAGTAG-400.2.2","Slingshot_PCA_rooted",19.4941079596314,350,"9","2",TRUE
"GAAATGAAGGGCTCTC-400.2.2","Slingshot_PCA_rooted",30.6871756600813,390,"5","2",TRUE
"GAACCTAAGGTGACCA-400.2.2","Slingshot_PCA_rooted",18.0183174174859,260,"6","2",TRUE
"GAACGGACAAGGACTG-400.2.2","Slingshot_PCA_rooted",22.2360683040183,360,"4","2",TRUE
"GAACGGATCTTTACGT-400.2.2","Slingshot_PCA_rooted",29.7671249497357,410,"13","2",TRUE
"GAATAAGAGATGCCTT-400.2.2","Slingshot_PCA_rooted",24.1313157871688,370,"4","2",TRUE
"GAATGAATCATGCTCC-400.2.2","Slingshot_PCA_rooted",44.5110310050504,500,"10","2",TRUE
"GACACGCCAGTCAGAG-400.2.2","Slingshot_PCA_rooted",23.1838068344393,230,"12","2",TRUE
"GACACGCGTCCGTGAC-400.2.2","Slingshot_PCA_rooted",38.8830824009344,440,"10","2",TRUE
"GACAGAGCAAGTCTAC-400.2.2","Slingshot_PCA_rooted",27.0174344234789,400,"10","2",TRUE
"GACAGAGCATCACGAT-400.2.2","Slingshot_PCA_rooted",25.9472138324278,370,"9","2",TRUE
"GACAGAGTCGGAGGTA-400.2.2","Slingshot_PCA_rooted",27.6839567548657,300,"12","2",TRUE
"GACGCGTAGGATCGCA-400.2.2","Slingshot_PCA_rooted",6.06911534192098,170,"2","2",TRUE
"GACGGCTTCCCATTTA-400.2.2","Slingshot_PCA_rooted",13.7244297628161,230,"7","2",TRUE
"GACTACACAGCGTTCG-400.2.2","Slingshot_PCA_rooted",33.3630487875274,405,"13","2",TRUE
"GACTACACAGTATAAG-400.2.2","Slingshot_PCA_rooted",25.8195618399372,365,"4","2",TRUE
"GAGCAGATCAGAGGTG-400.2.2","Slingshot_PCA_rooted",34.6411023539835,415,"9","2",TRUE
"GAGCAGATCTTCATGT-400.2.2","Slingshot_PCA_rooted",40.2063359341343,440,"11","2",TRUE
"GAGGTGAAGGATGGAA-400.2.2","Slingshot_PCA_rooted",13.690295893799,260,"8","2",TRUE
"GAGGTGACATTCTCAT-400.2.2","Slingshot_PCA_rooted",31.2953160717965,405,"13","2",TRUE
"GAGGTGAGTCTAGCCG-400.2.2","Slingshot_PCA_rooted",19.7321609787572,345,"10","2",TRUE
"GAGGTGATCCCTAATT-400.2.2","Slingshot_PCA_rooted",31.0126919741745,390,"5","2",TRUE
"GATCAGTAGGATTCGG-400.2.2","Slingshot_PCA_rooted",31.5583128999665,405,"5","2",TRUE
"GATCAGTAGTGCAAGC-400.2.2","Slingshot_PCA_rooted",18.1139652278144,260,"6","2",TRUE
"GATCAGTTCCAACCAA-400.2.2","Slingshot_PCA_rooted",28.1820790900024,390,"13","2",TRUE
"GATCGATGTGTAATGA-400.2.2","Slingshot_PCA_rooted",19.2978900639586,315,"9","2",TRUE
"GATCGCGAGCTGAAAT-400.2.2","Slingshot_PCA_rooted",9.79614866565114,230,"2","2",TRUE
"GATCGCGAGTGTACCT-400.2.2","Slingshot_PCA_rooted",14.234722938787,300,"12","2",TRUE
"GATCGCGGTTTGACTG-400.2.2","Slingshot_PCA_rooted",25.0366271423331,365,"5","2",TRUE
"GATCGTACACCAGCAC-400.2.2","Slingshot_PCA_rooted",32.1305202661845,340,"11","2",TRUE
"GATCTAGTCTGTCTCG-400.2.2","Slingshot_PCA_rooted",23.8051828551157,340,"5","2",TRUE
"GATGCTACAGGGAGAG-400.2.2","Slingshot_PCA_rooted",38.1896805609083,490,"4","2",TRUE
"GATTCAGGTTGAACTC-400.2.2","Slingshot_PCA_rooted",18.8856750468088,260,"8","2",TRUE
"GCAAACTAGTGGGCTA-400.2.2","Slingshot_PCA_rooted",29.1635902606107,270,"12","2",TRUE
"GCAAACTTCCGATATG-400.2.2","Slingshot_PCA_rooted",6.80502543602863,190,"2","2",TRUE
"GCACTCTAGATTACCC-400.2.2","Slingshot_PCA_rooted",18.1429414739612,310,"4","2",TRUE
"GCACTCTCAGGGTACA-400.2.2","Slingshot_PCA_rooted",12.614883797981,205,"3","2",TRUE
"GCACTCTTCACCCTCA-400.2.2","Slingshot_PCA_rooted",19.5639954212667,270,"8","2",TRUE
"GCAGCCAAGTGCGTGA-400.2.2","Slingshot_PCA_rooted",41.6329199083153,500,"16","2",TRUE
"GCAGTTAAGCGTAGTG-400.2.2","Slingshot_PCA_rooted",22.6370367728788,345,"4","2",TRUE
"GCAGTTATCGGAAATA-400.2.2","Slingshot_PCA_rooted",6.59967080784495,165,"2","2",TRUE
"GCATACACATCTATGG-400.2.2","Slingshot_PCA_rooted",25.7077617278533,225,"3","2",TRUE
"GCATGATAGCGACGTA-400.2.2","Slingshot_PCA_rooted",23.1228131804696,360,"1","2",TRUE
"GCATGATAGTACTTGC-400.2.2","Slingshot_PCA_rooted",21.9694777430582,350,"5","2",TRUE
"GCATGATCAATTGCTG-400.2.2","Slingshot_PCA_rooted",18.5308280409263,300,"4","2",TRUE
"GCATGATGTGTGGTTT-400.2.2","Slingshot_PCA_rooted",15.7275943043874,310,"12","2",TRUE
"GCATGCGCAACACGCC-400.2.2","Slingshot_PCA_rooted",23.0630902924376,365,"13","2",TRUE
"GCATGTAAGTAGTGCG-400.2.2","Slingshot_PCA_rooted",19.9689387596606,350,"1","2",TRUE
"GCATGTATCCGCAGTG-400.2.2","Slingshot_PCA_rooted",28.121460430751,350,"5","2",TRUE
"GCCAAATGTCACCCAG-400.2.2","Slingshot_PCA_rooted",18.7222432596495,310,"4","2",TRUE
"GCGAGAACACCAGGCT-400.2.2","Slingshot_PCA_rooted",25.4642564386312,380,"5","2",TRUE
"GCGAGAAGTTACAGAA-400.2.2","Slingshot_PCA_rooted",26.5211823827837,270,"7","2",TRUE
"GCGCAACAGGATCGCA-400.2.2","Slingshot_PCA_rooted",7.93786047658542,195,"2","2",TRUE
"GCGCAACGTCCTCTTG-400.2.2","Slingshot_PCA_rooted",45.9071930620396,490,"11","2",TRUE
"GCGCAGTTCAACGGCC-400.2.2","Slingshot_PCA_rooted",26.3203806918904,370,"4","2",TRUE
"GCGCCAATCTCATTCA-400.2.2","Slingshot_PCA_rooted",20.8943419338254,425,"5","2",TRUE
"GCGCGATCAAGTTAAG-400.2.2","Slingshot_PCA_rooted",31.6465266823908,390,"5","2",TRUE
"GCTCCTAAGTGTCCCG-400.2.2","Slingshot_PCA_rooted",18.608857211597,260,"6","2",TRUE
"GCTCCTATCAGGTAAA-400.2.2","Slingshot_PCA_rooted",30.3766350101985,300,"6","2",TRUE
"GCTGCGATCCTCAACC-400.2.2","Slingshot_PCA_rooted",45.4002019501637,530,"1","2",TRUE
"GCTGCTTTCAGTACGT-400.2.2","Slingshot_PCA_rooted",16.8696536354377,310,"4","2",TRUE
"GCTTCCATCAGGCCCA-400.2.2","Slingshot_PCA_rooted",32.4658911457163,300,"12","2",TRUE
"GCTTGAACATGTAGTC-400.2.2","Slingshot_PCA_rooted",32.946538424888,320,"12","2",TRUE
"GCTTGAATCCGAAGAG-400.2.2","Slingshot_PCA_rooted",21.2748666586442,350,"10","2",TRUE
"GGAAAGCTCGCTGATA-400.2.2","Slingshot_PCA_rooted",17.8689483788048,270,"6","2",TRUE
"GGAATAAAGATGCCTT-400.2.2","Slingshot_PCA_rooted",31.5923346770419,410,"5","2",TRUE
"GGAATAAGTGCGAAAC-400.2.2","Slingshot_PCA_rooted",12.8127261832569,210,"3","2",TRUE
"GGAATAATCAAACGGG-400.2.2","Slingshot_PCA_rooted",9.61300384849052,195,"2","2",TRUE
"GGAATAATCTCTTATG-400.2.2","Slingshot_PCA_rooted",12.6282268013982,220,"7","2",TRUE
"GGACAAGAGAGAACAG-400.2.2","Slingshot_PCA_rooted",28.2898992558146,380,"5","2",TRUE
"GGACAAGAGCCACTAT-400.2.2","Slingshot_PCA_rooted",18.1492251469373,350,"5","2",TRUE
"GGACAAGTCGAGAGCA-400.2.2","Slingshot_PCA_rooted",18.866704359474,260,"8","2",TRUE
"GGACAGAAGGTAGCCA-400.2.2","Slingshot_PCA_rooted",30.6276137742764,370,"5","2",TRUE
"GGACAGATCACCCGAG-400.2.2","Slingshot_PCA_rooted",32.1651356279735,380,"5","2",TRUE
"GGACATTAGAGCCTAG-400.2.2","Slingshot_PCA_rooted",34.4549589305994,450,"5","2",TRUE
"GGACATTGTATCAGTC-400.2.2","Slingshot_PCA_rooted",18.7339193328151,300,"5","2",TRUE
"GGACATTGTGGTCTCG-400.2.2","Slingshot_PCA_rooted",15.7592124359001,290,"6","2",TRUE
"GGATGTTTCCGCGTTT-400.2.2","Slingshot_PCA_rooted",39.7227221884397,450,"10","2",TRUE
"GGATTACAGAGCAATT-400.2.2","Slingshot_PCA_rooted",29.2985229058428,420,"5","2",TRUE
"GGCAATTCAGCTCGAC-400.2.2","Slingshot_PCA_rooted",6.97197237664975,200,"8","2",TRUE
"GGCAATTTCTGTCCGT-400.2.2","Slingshot_PCA_rooted",35.4250161802867,420,"9","2",TRUE
"GGCCGATAGGCTAGAC-400.2.2","Slingshot_PCA_rooted",24.6470926308377,355,"10","2",TRUE
"GGCCGATCACATGGGA-400.2.2","Slingshot_PCA_rooted",35.6421177668681,410,"10","2",TRUE
"GGCCGATGTAAGAGGA-400.2.2","Slingshot_PCA_rooted",42.0636666864147,450,"11","2",TRUE
"GGCTCGACAATCGAAA-400.2.2","Slingshot_PCA_rooted",28.4380493426715,260,"3","2",TRUE
"GGCTCGACATGTTGAC-400.2.2","Slingshot_PCA_rooted",24.0629993238827,345,"5","2",TRUE
"GGCTGGTGTGCCTGCA-400.2.2","Slingshot_PCA_rooted",7.20620763080562,170,"2","2",TRUE
"GGCTGGTTCTTTAGGG-400.2.2","Slingshot_PCA_rooted",36.7056492768503,415,"10","2",TRUE
"GGGAATGAGACAAGCC-400.2.2","Slingshot_PCA_rooted",47.0338449173246,620,"13","2",TRUE
"GGGAGATGTACAGCAG-400.2.2","Slingshot_PCA_rooted",28.1652514457692,310,"1","2",TRUE
"GGGCACTGTCAAAGAT-400.2.2","Slingshot_PCA_rooted",28.2242393013656,300,"12","2",TRUE
"GGGTCTGAGTTTAGGA-400.2.2","Slingshot_PCA_rooted",38.9458240409502,450,"1","2",TRUE
"GGGTCTGGTATATCCG-400.2.2","Slingshot_PCA_rooted",38.7027970383136,450,"11","2",TRUE
"GGGTCTGGTCATATGC-400.2.2","Slingshot_PCA_rooted",30.8397441723351,390,"5","2",TRUE
"GGGTTGCAGAGCCCAA-400.2.2","Slingshot_PCA_rooted",31.7317153171898,410,"5","2",TRUE
"GGGTTGCCAAGCTGAG-400.2.2","Slingshot_PCA_rooted",28.164331677928,350,"5","2",TRUE
"GGTATTGAGGCGACAT-400.2.2","Slingshot_PCA_rooted",23.7316560229179,360,"10","2",TRUE
"GGTATTGGTATAAACG-400.2.2","Slingshot_PCA_rooted",43.9210665181576,490,"13","2",TRUE
"GGTATTGGTCGTCTTC-400.2.2","Slingshot_PCA_rooted",33.0927141557865,360,"11","2",TRUE
"GGTGAAGGTGCTTCTC-400.2.2","Slingshot_PCA_rooted",12.4640567035376,220,"3","2",TRUE
"GGTGTTACAGCCTTGG-400.2.2","Slingshot_PCA_rooted",40.1374638682969,440,"11","2",TRUE
"GGTGTTATCTGCTTGC-400.2.2","Slingshot_PCA_rooted",13.4214787896081,455,"6","2",TRUE
"GTACTCCTCACCGGGT-400.2.2","Slingshot_PCA_rooted",20.7219763173109,320,"1","2",TRUE
"GTACTTTCATCGTCGG-400.2.2","Slingshot_PCA_rooted",27.568353955722,215,"3","2",TRUE
"GTACTTTGTAGCGTCC-400.2.2","Slingshot_PCA_rooted",12.5389328583049,180,"2","2",TRUE
"GTATCTTAGCCGGTAA-400.2.2","Slingshot_PCA_rooted",38.9966600490681,440,"15","2",TRUE
"GTATCTTGTACTCTCC-400.2.2","Slingshot_PCA_rooted",30.5512145555073,265,"7","2",TRUE
"GTATCTTGTTTAAGCC-400.2.2","Slingshot_PCA_rooted",26.6435746258077,265,"3","2",TRUE
"GTATTCTGTCAGTGGA-400.2.2","Slingshot_PCA_rooted",18.1951906392767,270,"8","2",TRUE
"GTCAAGTCACCAGCAC-400.2.2","Slingshot_PCA_rooted",36.8276069680665,425,"11","2",TRUE
"GTCACAAAGTGTTAGA-400.2.2","Slingshot_PCA_rooted",22.5169444672827,345,"5","2",TRUE
"GTCACAATCAGAGCTT-400.2.2","Slingshot_PCA_rooted",20.1602766111192,345,"5","2",TRUE
"GTCACAATCATCTGTT-400.2.2","Slingshot_PCA_rooted",22.1034542928491,375,"4","2",TRUE
"GTCATTTAGAGGGATA-400.2.2","Slingshot_PCA_rooted",6.27493514373333,190,"8","2",TRUE
"GTCATTTGTATTACCG-400.2.2","Slingshot_PCA_rooted",8.08462768188607,195,"2","2",TRUE
"GTCATTTTCTTAGAGC-400.2.2","Slingshot_PCA_rooted",5.69646718715806,190,"2","2",TRUE
"GTCGGGTTCACCGTAA-400.2.2","Slingshot_PCA_rooted",23.5923989208614,260,"8","2",TRUE
"GTCGGGTTCGGATGGA-400.2.2","Slingshot_PCA_rooted",28.4223497752532,385,"13","2",TRUE
"GTGCAGCCACTTGGAT-400.2.2","Slingshot_PCA_rooted",22.9835795222053,270,"8","2",TRUE
"GTGCAGCTCAAACAAG-400.2.2","Slingshot_PCA_rooted",28.1006681072921,375,"5","2",TRUE
"GTGCAGCTCGCGTAGC-400.2.2","Slingshot_PCA_rooted",13.1369029226073,290,"4","2",TRUE
"GTGCATACACGGTGTC-400.2.2","Slingshot_PCA_rooted",9.04660655498589,160,"2","2",TRUE
"GTGCGGTCAAATCCGT-400.2.2","Slingshot_PCA_rooted",27.7042980514925,350,"5","2",TRUE
"GTGCGGTTCTGGAGCC-400.2.2","Slingshot_PCA_rooted",24.207559017569,360,"9","2",TRUE
"GTGCTTCGTGATGATA-400.2.2","Slingshot_PCA_rooted",17.9340528923512,500,"5","2",TRUE
"GTGCTTCGTTGTGGCC-400.2.2","Slingshot_PCA_rooted",18.3233713610603,260,"6","2",TRUE
"GTGTGCGAGCCAACAG-400.2.2","Slingshot_PCA_rooted",33.0379240032967,300,"12","2",TRUE
"GTGTGCGAGCTGGAAC-400.2.2","Slingshot_PCA_rooted",7.83913922669007,190,"2","2",TRUE
"GTGTGCGTCCGCAAGC-400.2.2","Slingshot_PCA_rooted",31.1245596352925,385,"11","2",TRUE
"GTGTGCGTCGAATCCA-400.2.2","Slingshot_PCA_rooted",40.6015145707006,425,"9","2",TRUE
"GTGTGCGTCTTGACGA-400.2.2","Slingshot_PCA_rooted",18.6943322450092,260,"6","2",TRUE
"GTGTTAGAGACGCTTT-400.2.2","Slingshot_PCA_rooted",16.0781876610694,330,"10","2",TRUE
"GTGTTAGCACCTCGTT-400.2.2","Slingshot_PCA_rooted",13.2229442476063,260,"8","2",TRUE
"GTGTTAGCATGGGACA-400.2.2","Slingshot_PCA_rooted",21.4176650427079,340,"4","2",TRUE
"GTTAAGCAGGAACTGC-400.2.2","Slingshot_PCA_rooted",27.4014694702255,355,"4","2",TRUE
"GTTAAGCCATTGTGCA-400.2.2","Slingshot_PCA_rooted",33.6347868967736,420,"5","2",TRUE
"GTTAAGCGTAGCTAAA-400.2.2","Slingshot_PCA_rooted",17.1534739198152,245,"7","2",TRUE
"GTTAAGCTCATGTCCC-400.2.2","Slingshot_PCA_rooted",40.4575732389514,490,"16","2",TRUE
"GTTACAGGTAGTAGTA-400.2.2","Slingshot_PCA_rooted",14.039425686848,260,"8","2",TRUE
"GTTCATTAGATAGGAG-400.2.2","Slingshot_PCA_rooted",32.184911335906,410,"4","2",TRUE
"GTTCATTTCAGCTCGG-400.2.2","Slingshot_PCA_rooted",25.2492014292048,375,"9","2",TRUE
"GTTCGGGAGAGGTTAT-400.2.2","Slingshot_PCA_rooted",12.5419667216219,205,"3","2",TRUE
"GTTCTCGAGAGCTGCA-400.2.2","Slingshot_PCA_rooted",26.7718094211149,375,"13","2",TRUE
"GTTCTCGAGGCAGTCA-400.2.2","Slingshot_PCA_rooted",17.4300534980308,300,"4","2",TRUE
"GTTCTCGTCCCTGACT-400.2.2","Slingshot_PCA_rooted",21.086864046363,280,"6","2",TRUE
"TAAACCGAGCGCCTCA-400.2.2","Slingshot_PCA_rooted",25.4157114943196,380,"1","2",TRUE
"TAAGCGTCAATGGATA-400.2.2","Slingshot_PCA_rooted",29.2776768318351,380,"5","2",TRUE
"TAAGTGCAGACGCACA-400.2.2","Slingshot_PCA_rooted",8.17960907958833,185,"2","2",TRUE
"TAAGTGCAGATCCCGC-400.2.2","Slingshot_PCA_rooted",12.2563320297161,210,"8","2",TRUE
"TAAGTGCAGGCTAGAC-400.2.2","Slingshot_PCA_rooted",10.2180916313011,215,"8","2",TRUE
"TAAGTGCGTACTCGCG-400.2.2","Slingshot_PCA_rooted",30.5911013515048,385,"5","2",TRUE
"TAAGTGCGTCGGCACT-400.2.2","Slingshot_PCA_rooted",18.5692170830861,320,"9","2",TRUE
"TAAGTGCGTGGTCTCG-400.2.2","Slingshot_PCA_rooted",22.9938953371088,365,"9","2",TRUE
"TAAGTGCTCCATTCTA-400.2.2","Slingshot_PCA_rooted",14.1219650049582,290,"4","2",TRUE
"TACACGAGTGGTCTCG-400.2.2","Slingshot_PCA_rooted",26.3237118112318,360,"10","2",TRUE
"TACAGTGGTAGAAAGG-400.2.2","Slingshot_PCA_rooted",40.094113539644,450,"10","2",TRUE
"TACCTATAGTACGCCC-400.2.2","Slingshot_PCA_rooted",21.534396595965,320,"10","2",TRUE
"TACCTATGTGCGCTTG-400.2.2","Slingshot_PCA_rooted",32.7910227345916,400,"5","2",TRUE
"TACCTATTCGCCAAAT-400.2.2","Slingshot_PCA_rooted",19.3687564198751,260,"6","2",TRUE
"TACCTTACAACACGCC-400.2.2","Slingshot_PCA_rooted",27.6690926713287,310,"12","2",TRUE
"TACGGATCAAAGCAAT-400.2.2","Slingshot_PCA_rooted",43.8504392396368,490,"14","2",TRUE
"TACGGGCCATCAGTCA-400.2.2","Slingshot_PCA_rooted",36.3640151826969,355,"11","2",TRUE
"TACGGTAAGACATAAC-400.2.2","Slingshot_PCA_rooted",30.2002298519573,380,"5","2",TRUE
"TACGGTACAAACAACA-400.2.2","Slingshot_PCA_rooted",34.7341695536939,420,"14","2",TRUE
"TACGGTACAAGCTGGA-400.2.2","Slingshot_PCA_rooted",27.6734067326282,320,"3","2",TRUE
"TACGGTAGTCATATGC-400.2.2","Slingshot_PCA_rooted",29.3886535709269,390,"4","2",TRUE
"TACGGTATCGGCTTGG-400.2.2","Slingshot_PCA_rooted",13.6356505557989,290,"8","2",TRUE
"TACTCATCAGCTGCAC-400.2.2","Slingshot_PCA_rooted",47.5057024860252,550,"1","2",TRUE
"TACTCGCCACGAAAGC-400.2.2","Slingshot_PCA_rooted",18.6249238695358,265,"6","2",TRUE
"TACTCGCTCACTATTC-400.2.2","Slingshot_PCA_rooted",21.1767248154254,320,"10","2",TRUE
"TACTTGTGTCCGAACC-400.2.2","Slingshot_PCA_rooted",26.5835942355951,260,"3","2",TRUE
"TAGACCAGTCCAGTTA-400.2.2","Slingshot_PCA_rooted",21.8805666443529,285,"6","2",TRUE
"TAGACCATCTATGTGG-400.2.2","Slingshot_PCA_rooted",29.7063935544429,290,"12","2",TRUE
"TAGAGCTAGCTGCAAG-400.2.2","Slingshot_PCA_rooted",20.321689433121,215,"12","2",TRUE
"TAGAGCTGTACAGTTC-400.2.2","Slingshot_PCA_rooted",17.3080148616077,450,"5","2",TRUE
"TAGGCATCACCGAAAG-400.2.2","Slingshot_PCA_rooted",15.6331969489317,300,"9","2",TRUE
"TAGTTGGCATGCAATC-400.2.2","Slingshot_PCA_rooted",21.8710857441971,350,"9","2",TRUE
"TAGTTGGGTCATACTG-400.2.2","Slingshot_PCA_rooted",20.1347864266988,280,"6","2",TRUE
"TAGTTGGTCAACACAC-400.2.2","Slingshot_PCA_rooted",29.73631911046,390,"5","2",TRUE
"TATCTCAAGTGACATA-400.2.2","Slingshot_PCA_rooted",36.4936148056188,350,"11","2",TRUE
"TATGCCCCAATGGACG-400.2.2","Slingshot_PCA_rooted",27.4003433872277,380,"10","2",TRUE
"TATGCCCCACAGGTTT-400.2.2","Slingshot_PCA_rooted",12.9431875571029,260,"6","2",TRUE
"TATTACCGTTGGTGGA-400.2.2","Slingshot_PCA_rooted",29.2307507511052,380,"4","2",TRUE
"TCAACGATCACGAAGG-400.2.2","Slingshot_PCA_rooted",15.0322334690611,280,"10","2",TRUE
"TCAATCTCACCGAAAG-400.2.2","Slingshot_PCA_rooted",19.2021674531584,270,"8","2",TRUE
"TCAATCTCACTTAACG-400.2.2","Slingshot_PCA_rooted",17.1207732506361,230,"3","2",TRUE
"TCACAAGTCATCGATG-400.2.2","Slingshot_PCA_rooted",26.2026241976199,360,"10","2",TRUE
"TCAGCAAAGATGCCTT-400.2.2","Slingshot_PCA_rooted",9.49478586995591,180,"2","2",TRUE
"TCAGCAAGTATGGTTC-400.2.2","Slingshot_PCA_rooted",36.7907839159635,410,"11","2",TRUE
"TCAGCTCTCAACACAC-400.2.2","Slingshot_PCA_rooted",34.1518888760865,300,"12","2",TRUE
"TCAGGTATCGAACTGT-400.2.2","Slingshot_PCA_rooted",22.3710841078027,360,"4","2",TRUE
"TCATTTGGTCTCTTAT-400.2.2","Slingshot_PCA_rooted",29.3649303804963,390,"5","2",TRUE
"TCGAGGCGTAGCGATG-400.2.2","Slingshot_PCA_rooted",22.9263732023138,270,"8","2",TRUE
"TCGAGGCGTTTGCATG-400.2.2","Slingshot_PCA_rooted",17.894542108562,225,"3","2",TRUE
"TCGCGAGGTTATCCGA-400.2.2","Slingshot_PCA_rooted",23.5475371933793,380,"9","2",TRUE
"TCGCGAGTCTTGTACT-400.2.2","Slingshot_PCA_rooted",15.5566752182048,295,"4","2",TRUE
"TCGCGTTAGGCTCTTA-400.2.2","Slingshot_PCA_rooted",42.41482741352,490,"13","2",TRUE
"TCGGGACCAGATAATG-400.2.2","Slingshot_PCA_rooted",37.3650966245156,405,"11","2",TRUE
"TCGGGACCAGTATAAG-400.2.2","Slingshot_PCA_rooted",24.7653421150064,280,"8","2",TRUE
"TCGGGACTCCTTTACA-400.2.2","Slingshot_PCA_rooted",22.3964238984363,320,"10","2",TRUE
"TCGGTAAGTAGGACAC-400.2.2","Slingshot_PCA_rooted",10.184651267894,190,"2","2",TRUE
"TCGTAGAAGGCTATCT-400.2.2","Slingshot_PCA_rooted",12.9641834383663,260,"8","2",TRUE
"TCTATTGGTATGGTTC-400.2.2","Slingshot_PCA_rooted",29.6409639401514,320,"6","2",TRUE
"TCTCTAAAGCGTTTAC-400.2.2","Slingshot_PCA_rooted",31.5886161270231,385,"5","2",TRUE
"TCTCTAAAGTCACGCC-400.2.2","Slingshot_PCA_rooted",15.1606572757684,285,"8","2",TRUE
"TCTGAGAAGTGAACAT-400.2.2","Slingshot_PCA_rooted",6.5389928139618,170,"2","2",TRUE
"TCTGAGAGTAAGAGGA-400.2.2","Slingshot_PCA_rooted",19.3261219872856,270,"6","2",TRUE
"TCTGGAAGTGTAATGA-400.2.2","Slingshot_PCA_rooted",15.8617170416446,300,"4","2",TRUE
"TCTTTCCCATGTCCTC-400.2.2","Slingshot_PCA_rooted",18.1966156439377,290,"1","2",TRUE
"TGAAAGAAGCAGGTCA-400.2.2","Slingshot_PCA_rooted",14.1773732811092,260,"6","2",TRUE
"TGAAAGAAGCCTCGTG-400.2.2","Slingshot_PCA_rooted",39.2883402775433,415,"1","2",TRUE
"TGACGGCCACAACGTT-400.2.2","Slingshot_PCA_rooted",12.3644543167506,275,"4","2",TRUE
"TGACGGCCACTCAGGC-400.2.2","Slingshot_PCA_rooted",18.808328925644,230,"3","2",TRUE
"TGACGGCGTCCGAGTC-400.2.2","Slingshot_PCA_rooted",31.622260431291,405,"13","2",TRUE
"TGACTAGGTTTGTGTG-400.2.2","Slingshot_PCA_rooted",20.1092646078233,260,"3","2",TRUE
"TGACTTTAGTACGCCC-400.2.2","Slingshot_PCA_rooted",12.1369670308918,260,"2","2",TRUE
"TGACTTTCAGACAAAT-400.2.2","Slingshot_PCA_rooted",36.4115765156225,380,"11","2",TRUE
"TGACTTTGTTGCGTTA-400.2.2","Slingshot_PCA_rooted",34.2145145768924,435,"5","2",TRUE
"TGAGAGGAGATGCGAC-400.2.2","Slingshot_PCA_rooted",35.9937104699619,450,"5","2",TRUE
"TGAGAGGAGGGAAACA-400.2.2","Slingshot_PCA_rooted",34.6401066933092,450,"5","2",TRUE
"TGAGAGGTCAGATAAG-400.2.2","Slingshot_PCA_rooted",52.5589425146241,550,"1","2",TRUE
"TGAGCATGTTCCGGCA-400.2.2","Slingshot_PCA_rooted",41.1138326117134,450,"9","2",TRUE
"TGAGGGAAGCGTCAAG-400.2.2","Slingshot_PCA_rooted",15.2817717725184,285,"6","2",TRUE
"TGAGGGAGTCTTGATG-400.2.2","Slingshot_PCA_rooted",26.7220442048117,245,"3","2",TRUE
"TGAGGGAGTGGTACAG-400.2.2","Slingshot_PCA_rooted",22.2031406996331,360,"4","2",TRUE
"TGAGGGATCCCTGACT-400.2.2","Slingshot_PCA_rooted",22.3393547652227,355,"10","2",TRUE
"TGATTTCCACATGTGT-400.2.2","Slingshot_PCA_rooted",29.8796614884343,390,"4","2",TRUE
"TGATTTCGTATCTGCA-400.2.2","Slingshot_PCA_rooted",20.7676170116242,245,"7","2",TRUE
"TGCACCTGTAGTAGTA-400.2.2","Slingshot_PCA_rooted",12.1998253843193,195,"2","2",TRUE
"TGCACCTGTCAACTGT-400.2.2","Slingshot_PCA_rooted",30.4915519041332,380,"5","2",TRUE
"TGCACCTGTCCAGTAT-400.2.2","Slingshot_PCA_rooted",25.8605167860101,265,"12","2",TRUE
"TGCCAAAAGGTTCCTA-400.2.2","Slingshot_PCA_rooted",32.2074344907506,380,"5","2",TRUE
"TGCCCATAGGAGTCTG-400.2.2","Slingshot_PCA_rooted",28.241445601564,350,"5","2",TRUE
"TGCCCTAAGCTAGTGG-400.2.2","Slingshot_PCA_rooted",32.4245571790936,395,"5","2",TRUE
"TGCGCAGTCAATAAGG-400.2.2","Slingshot_PCA_rooted",22.0441480718115,230,"3","2",TRUE
"TGCGGGTAGTCAAGCG-400.2.2","Slingshot_PCA_rooted",20.4319589061501,270,"7","2",TRUE
"TGCGTGGGTGGCCCTA-400.2.2","Slingshot_PCA_rooted",32.1041770821637,375,"11","2",TRUE
"TGCGTGGTCCACGTTC-400.2.2","Slingshot_PCA_rooted",25.7126906053562,290,"8","2",TRUE
"TGCTACCAGGAGCGTT-400.2.2","Slingshot_PCA_rooted",8.41951069765525,180,"2","2",TRUE
"TGCTACCTCCTCAACC-400.2.2","Slingshot_PCA_rooted",18.2016855738991,270,"6","2",TRUE
"TGGACGCGTCTTGATG-400.2.2","Slingshot_PCA_rooted",48.7690228719978,550,"1","2",TRUE
"TGGACGCTCTCTAAGG-400.2.2","Slingshot_PCA_rooted",12.1510775004939,220,"2","2",TRUE
"TGGACGCTCTTTACGT-400.2.2","Slingshot_PCA_rooted",24.592178541409,360,"13","2",TRUE
"TGGCCAGGTATAAACG-400.2.2","Slingshot_PCA_rooted",13.9150308675788,290,"3","2",TRUE
"TGGCTGGCACGTCTCT-400.2.2","Slingshot_PCA_rooted",13.4573513788729,230,"6","2",TRUE
"TGGCTGGTCACTTATC-400.2.2","Slingshot_PCA_rooted",30.3401997335836,275,"7","2",TRUE
"TGGGCGTGTCTGATCA-400.2.2","Slingshot_PCA_rooted",18.6967164318286,330,"10","2",TRUE
"TGGTTAGGTGTTCGAT-400.2.2","Slingshot_PCA_rooted",23.2187677810752,360,"4","2",TRUE
"TGGTTCCTCATCGATG-400.2.2","Slingshot_PCA_rooted",30.9264605296792,395,"5","2",TRUE
"TGGTTCCTCTCCGGTT-400.2.2","Slingshot_PCA_rooted",41.8241592348843,415,"15","2",TRUE
"TGTATTCAGTTACCCA-400.2.2","Slingshot_PCA_rooted",15.0812035946117,290,"2","2",TRUE
"TGTATTCGTACACCGC-400.2.2","Slingshot_PCA_rooted",45.274022154759,550,"16","2",TRUE
"TGTGGTAAGCTAACAA-400.2.2","Slingshot_PCA_rooted",42.6283857827533,470,"15","2",TRUE
"TGTGGTAGTCTAGCCG-400.2.2","Slingshot_PCA_rooted",23.7648950967095,380,"9","2",TRUE
"TGTGTTTCACCATCCT-400.2.2","Slingshot_PCA_rooted",24.4032861793072,370,"10","2",TRUE
"TGTGTTTCATTGGTAC-400.2.2","Slingshot_PCA_rooted",17.7177419781755,300,"9","2",TRUE
"TGTGTTTGTGTTGAGG-400.2.2","Slingshot_PCA_rooted",27.101478341263,345,"5","2",TRUE
"TGTTCCGTCACCGTAA-400.2.2","Slingshot_PCA_rooted",24.7375779458546,350,"4","2",TRUE
"TGTTCCGTCATTGCGA-400.2.2","Slingshot_PCA_rooted",15.3576249007644,285,"8","2",TRUE
"TTAACTCAGATCGATA-400.2.2","Slingshot_PCA_rooted",39.7611074111902,450,"15","2",TRUE
"TTAACTCGTCGCATAT-400.2.2","Slingshot_PCA_rooted",17.8668730766343,330,"9","2",TRUE
"TTAACTCTCTCTTATG-400.2.2","Slingshot_PCA_rooted",13.520430517791,225,"8","2",TRUE
"TTAGGCAAGGATATAC-400.2.2","Slingshot_PCA_rooted",27.0431219746282,300,"12","2",TRUE
"TTATGCTAGAGACTTA-400.2.2","Slingshot_PCA_rooted",6.68696783447373,170,"2","2",TRUE
"TTCGAAGAGCTGCCCA-400.2.2","Slingshot_PCA_rooted",17.0320171126448,245,"3","2",TRUE
"TTCGAAGCAAAGCAAT-400.2.2","Slingshot_PCA_rooted",28.3591969395072,385,"9","2",TRUE
"TTCGAAGTCGAATCCA-400.2.2","Slingshot_PCA_rooted",20.1502547621336,335,"9","2",TRUE
"TTCGGTCAGGTAGCCA-400.2.2","Slingshot_PCA_rooted",33.0543028675412,420,"5","2",TRUE
"TTCGGTCGTTGCGCAC-400.2.2","Slingshot_PCA_rooted",37.6328083226251,490,"16","2",TRUE
"TTCTACAAGCCTATGT-400.2.2","Slingshot_PCA_rooted",19.6359833098236,345,"10","2",TRUE
"TTCTACAGTGCAACTT-400.2.2","Slingshot_PCA_rooted",6.87691861049764,190,"2","2",TRUE
"TTCTCAACACGAAGCA-400.2.2","Slingshot_PCA_rooted",26.3856665624816,360,"5","2",TRUE
"TTCTCCTCAAGAGGCT-400.2.2","Slingshot_PCA_rooted",18.8487812897373,260,"6","2",TRUE
"TTCTCCTTCGCAGGCT-400.2.2","Slingshot_PCA_rooted",20.3926959597446,270,"6","2",TRUE
"TTGCGTCGTACGACCC-400.2.2","Slingshot_PCA_rooted",31.1461341098151,385,"5","2",TRUE
"TTGGAACAGTACGACG-400.2.2","Slingshot_PCA_rooted",12.8873106779004,760,"2","2",TRUE
"TTGGAACGTACATGTC-400.2.2","Slingshot_PCA_rooted",14.2435057465996,300,"12","2",TRUE
"TTGTAGGAGCCACTAT-400.2.2","Slingshot_PCA_rooted",41.2426406946316,440,"11","2",TRUE
"TTGTAGGCACATTTCT-400.2.2","Slingshot_PCA_rooted",24.8232396899892,350,"10","2",TRUE
"TTGTAGGGTTGCTCCT-400.2.2","Slingshot_PCA_rooted",32.2350816981725,265,"3","2",TRUE
"TTGTAGGTCCACGAAT-400.2.2","Slingshot_PCA_rooted",31.2658523145163,300,"12","2",TRUE
"TTTACTGAGTAGGTGC-400.2.2","Slingshot_PCA_rooted",22.8272913140832,350,"10","2",TRUE
"TTTATGCAGAAGGGTA-400.2.2","Slingshot_PCA_rooted",41.3709486056882,490,"11","2",TRUE
"TTTATGCGTAAACGCG-400.2.2","Slingshot_PCA_rooted",17.6824926003106,310,"1","2",TRUE
"TTTATGCTCGCGCCAA-400.2.2","Slingshot_PCA_rooted",25.8415955020467,355,"10","2",TRUE
"TTTCCTCCAATAGAGT-400.2.2","Slingshot_PCA_rooted",22.8479863095023,350,"5","2",TRUE
"TTTGCGCAGAGCCCAA-400.2.2","Slingshot_PCA_rooted",41.5327672649714,430,"1","2",TRUE
"TTTGCGCCAGTAGAGC-400.2.2","Slingshot_PCA_rooted",50.4534068360007,585,"1","2",TRUE
"TTTGGTTAGTCCCACG-400.2.2","Slingshot_PCA_rooted",14.0164887945982,300,"4","2",TRUE
"TTTGGTTCACGACGAA-400.2.2","Slingshot_PCA_rooted",18.3862891423823,300,"4","2",TRUE
"TTTGTCATCCAGTAGT-400.2.2","Slingshot_PCA_rooted",36.3546217967038,450,"4","2",TRUE
"AAACCTGAGACAATAC-400.2.3","Slingshot_PCA_rooted",13.6345423670356,270,"2","2",TRUE
"AAACCTGCAGATAATG-400.2.3","Slingshot_PCA_rooted",16.7345141565145,320,"9","2",TRUE
"AAACCTGTCCCGACTT-400.2.3","Slingshot_PCA_rooted",17.3038399213283,300,"10","2",TRUE
"AAACGGGAGCTGAAAT-400.2.3","Slingshot_PCA_rooted",18.5292360447456,220,"3","2",TRUE
"AAACGGGCATGGGACA-400.2.3","Slingshot_PCA_rooted",17.0965956734794,190,"12","2",TRUE
"AAAGATGAGCGATCCC-400.2.3","Slingshot_PCA_rooted",26.8988423262155,300,"6","2",TRUE
"AAAGATGGTAATCACC-400.2.3","Slingshot_PCA_rooted",6.62923688349025,175,"2","2",TRUE
"AAAGCAAAGAGACTAT-400.2.3","Slingshot_PCA_rooted",34.0413465178588,415,"14","2",TRUE
"AAAGCAAGTAGCAAAT-400.2.3","Slingshot_PCA_rooted",33.9242374730207,360,"11","2",TRUE
"AAAGCAATCCGCAAGC-400.2.3","Slingshot_PCA_rooted",31.9135376371919,270,"3","2",TRUE
"AAAGTAGCAGTAAGAT-400.2.3","Slingshot_PCA_rooted",31.1804802119226,385,"5","2",TRUE
"AAAGTAGGTGTCGCTG-400.2.3","Slingshot_PCA_rooted",21.567260703199,360,"10","2",TRUE
"AACACGTAGAGGTACC-400.2.3","Slingshot_PCA_rooted",23.7129287401044,345,"5","2",TRUE
"AACACGTGTTCTCATT-400.2.3","Slingshot_PCA_rooted",52.9586565142649,635,"15","2",TRUE
"AACCGCGTCGGCTACG-400.2.3","Slingshot_PCA_rooted",33.1511725347944,385,"11","2",TRUE
"AACCGCGTCTATCCCG-400.2.3","Slingshot_PCA_rooted",17.2683723790486,245,"7","2",TRUE
"AACGTTGCATCCCATC-400.2.3","Slingshot_PCA_rooted",19.8818456233643,335,"4","2",TRUE
"AACTCAGAGTCTCAAC-400.2.3","Slingshot_PCA_rooted",18.7636030385675,260,"8","2",TRUE
"AACTCAGCACATCCGG-400.2.3","Slingshot_PCA_rooted",16.124831782878,320,"9","2",TRUE
"AACTCAGGTGTTGGGA-400.2.3","Slingshot_PCA_rooted",54.1696489093385,640,"1","2",TRUE
"AACTCAGTCGTCTGCT-400.2.3","Slingshot_PCA_rooted",29.8584375026598,260,"3","2",TRUE
"AACTCCCCATATACCG-400.2.3","Slingshot_PCA_rooted",18.3546054468296,225,"6","2",TRUE
"AACTCTTCAGAGTGTG-400.2.3","Slingshot_PCA_rooted",17.7360657359506,340,"1","2",TRUE
"AACTCTTGTAAATACG-400.2.3","Slingshot_PCA_rooted",28.8651623653732,300,"12","2",TRUE
"AACTTTCCAGATAATG-400.2.3","Slingshot_PCA_rooted",25.6691833958919,280,"8","2",TRUE
"AACTTTCTCTGTCTCG-400.2.3","Slingshot_PCA_rooted",35.2027844602364,375,"1","2",TRUE
"AAGACCTCATGTAAGA-400.2.3","Slingshot_PCA_rooted",20.7094506812782,350,"5","2",TRUE
"AAGCCGCAGCGCCTCA-400.2.3","Slingshot_PCA_rooted",34.3821093925857,450,"5","2",TRUE
"AAGCCGCGTCTCTTAT-400.2.3","Slingshot_PCA_rooted",32.7457490809365,405,"5","2",TRUE
"AAGCCGCGTTCAGCGC-400.2.3","Slingshot_PCA_rooted",18.7810948415444,325,"4","2",TRUE
"AAGGAGCAGCCCGAAA-400.2.3","Slingshot_PCA_rooted",32.7956125833512,395,"5","2",TRUE
"AAGGAGCCATCACCCT-400.2.3","Slingshot_PCA_rooted",31.7279363903502,320,"12","2",TRUE
"AAGGAGCGTTCTGGTA-400.2.3","Slingshot_PCA_rooted",15.1018454163876,300,"10","2",TRUE
"AAGGAGCGTTGCGTTA-400.2.3","Slingshot_PCA_rooted",30.0113935495018,300,"6","2",TRUE
"AAGGAGCGTTTGACAC-400.2.3","Slingshot_PCA_rooted",4.16101777412327,185,"2","2",TRUE
"AAGGCAGGTCCGCTGA-400.2.3","Slingshot_PCA_rooted",30.8309656478858,275,"7","2",TRUE
"AAGGCAGTCAGCATGT-400.2.3","Slingshot_PCA_rooted",27.3478677246644,375,"4","2",TRUE
"AAGGTTCCAGTTTACG-400.2.3","Slingshot_PCA_rooted",24.8361768615458,350,"13","2",TRUE
"AAGGTTCTCAGTTCGA-400.2.3","Slingshot_PCA_rooted",6.6981575524258,170,"2","2",TRUE
"AAGTCTGAGAAGATTC-400.2.3","Slingshot_PCA_rooted",13.1770344580781,230,"7","2",TRUE
"AAGTCTGAGCAATATG-400.2.3","Slingshot_PCA_rooted",26.8546966863718,380,"13","2",TRUE
"AAGTCTGCAGACGCCT-400.2.3","Slingshot_PCA_rooted",33.8748520406841,390,"11","2",TRUE
"AAGTCTGGTGAGTGAC-400.2.3","Slingshot_PCA_rooted",13.3225896570878,260,"6","2",TRUE
"AATCGGTAGTTCGATC-400.2.3","Slingshot_PCA_rooted",17.9453648694611,265,"6","2",TRUE
"AATCGGTCACCAGATT-400.2.3","Slingshot_PCA_rooted",41.1369557405402,450,"11","2",TRUE
"ACACCAATCAAACGGG-400.2.3","Slingshot_PCA_rooted",17.5923106588343,300,"9","2",TRUE
"ACACCCTAGTTGCAGG-400.2.3","Slingshot_PCA_rooted",24.563029607258,375,"9","2",TRUE
"ACACCGGAGCGATCCC-400.2.3","Slingshot_PCA_rooted",37.2399603009396,420,"9","2",TRUE
"ACACTGACACGGTAAG-400.2.3","Slingshot_PCA_rooted",42.2176934830057,450,"13","2",TRUE
"ACACTGATCTGATTCT-400.2.3","Slingshot_PCA_rooted",32.5610362786729,390,"5","2",TRUE
"ACAGCCGCATATGGTC-400.2.3","Slingshot_PCA_rooted",25.8715495166689,245,"7","2",TRUE
"ACAGCCGCATGAAGTA-400.2.3","Slingshot_PCA_rooted",33.2780690064554,450,"5","2",TRUE
"ACAGCTAAGTACGACG-400.2.3","Slingshot_PCA_rooted",29.5847733310371,390,"5","2",TRUE
"ACATACGAGTAACCCT-400.2.3","Slingshot_PCA_rooted",37.756008028045,450,"5","2",TRUE
"ACATACGTCTTTAGTC-400.2.3","Slingshot_PCA_rooted",49.0933176463639,640,"15","2",TRUE
"ACATCAGAGTGCTGCC-400.2.3","Slingshot_PCA_rooted",24.7521904703908,380,"9","2",TRUE
"ACATCAGGTAGCGCAA-400.2.3","Slingshot_PCA_rooted",25.8899741723353,260,"3","2",TRUE
"ACATCAGTCTCGCTTG-400.2.3","Slingshot_PCA_rooted",29.98654696793,380,"5","2",TRUE
"ACATCAGTCTTAACCT-400.2.3","Slingshot_PCA_rooted",34.9431168823122,410,"9","2",TRUE
"ACATGGTCATCACGAT-400.2.3","Slingshot_PCA_rooted",22.3438168420491,340,"10","2",TRUE
"ACATGGTTCAACCATG-400.2.3","Slingshot_PCA_rooted",32.7295877628162,290,"3","2",TRUE
"ACCAGTAAGCTGAAAT-400.2.3","Slingshot_PCA_rooted",21.7778920758729,310,"9","2",TRUE
"ACCAGTAAGTGGAGAA-400.2.3","Slingshot_PCA_rooted",23.2210788443841,350,"1","2",TRUE
"ACCAGTACAATGGACG-400.2.3","Slingshot_PCA_rooted",17.203863587485,320,"1","2",TRUE
"ACCAGTAGTCAGTGGA-400.2.3","Slingshot_PCA_rooted",19.1003759414136,260,"6","2",TRUE
"ACCCACTAGCGTCTAT-400.2.3","Slingshot_PCA_rooted",33.0127424923761,320,"12","2",TRUE
"ACCGTAAGTCACTTCC-400.2.3","Slingshot_PCA_rooted",17.0926692834992,230,"3","2",TRUE
"ACCTTTACAAATCCGT-400.2.3","Slingshot_PCA_rooted",33.64772568043,350,"11","2",TRUE
"ACGAGGAGTATGAATG-400.2.3","Slingshot_PCA_rooted",20.4864062770298,260,"8","2",TRUE
"ACGATACAGACAGAGA-400.2.3","Slingshot_PCA_rooted",22.9190546607238,350,"10","2",TRUE
"ACGATGTCATCACCCT-400.2.3","Slingshot_PCA_rooted",33.1796906797125,420,"14","2",TRUE
"ACGCAGCCACTAAGTC-400.2.3","Slingshot_PCA_rooted",18.1706670663625,310,"1","2",TRUE
"ACGCAGCCAGTTAACC-400.2.3","Slingshot_PCA_rooted",32.8541685022344,420,"5","2",TRUE
"ACGCAGCTCGGCTACG-400.2.3","Slingshot_PCA_rooted",11.4963104313573,170,"2","2",TRUE
"ACGCCAGAGGGTTCCC-400.2.3","Slingshot_PCA_rooted",19.0887941092007,260,"6","2",TRUE
"ACGCCAGTCACCACCT-400.2.3","Slingshot_PCA_rooted",13.1315514242419,205,"2","2",TRUE
"ACGCCGAAGCCACTAT-400.2.3","Slingshot_PCA_rooted",9.48702659452762,200,"2","2",TRUE
"ACGGAGAAGTTATCGC-400.2.3","Slingshot_PCA_rooted",28.8407876663496,295,"12","2",TRUE
"ACGGCCAAGATAGCAT-400.2.3","Slingshot_PCA_rooted",38.9566744360652,435,"10","2",TRUE
"ACGGGCTCATCGATTG-400.2.3","Slingshot_PCA_rooted",32.154822991963,295,"6","2",TRUE
"ACGGGCTGTAGCGATG-400.2.3","Slingshot_PCA_rooted",9.6289110724331,160,"2","2",TRUE
"ACGGGCTTCAACCAAC-400.2.3","Slingshot_PCA_rooted",28.6170592512691,380,"4","2",TRUE
"ACGTCAAAGGTAGCTG-400.2.3","Slingshot_PCA_rooted",40.5031346904272,500,"5","2",TRUE
"ACGTCAAAGTAATCCC-400.2.3","Slingshot_PCA_rooted",33.403593118285,415,"5","2",TRUE
"ACGTCAACAACTGGCC-400.2.3","Slingshot_PCA_rooted",18.5124862656481,260,"6","2",TRUE
"ACTGAACAGCACAGGT-400.2.3","Slingshot_PCA_rooted",30.5902559506481,420,"5","2",TRUE
"ACTGAACAGTGGAGAA-400.2.3","Slingshot_PCA_rooted",18.5656249011179,265,"6","2",TRUE
"ACTGAGTTCGCAGGCT-400.2.3","Slingshot_PCA_rooted",30.2142589428452,390,"5","2",TRUE
"ACTGCTCAGACTGGGT-400.2.3","Slingshot_PCA_rooted",24.0463597032848,350,"9","2",TRUE
"ACTGTCCTCGCCTGAG-400.2.3","Slingshot_PCA_rooted",23.4849663332518,360,"4","2",TRUE
"ACTGTCCTCTTGAGGT-400.2.3","Slingshot_PCA_rooted",29.3538251728667,385,"13","2",TRUE
"ACTTTCAGTCCATGAT-400.2.3","Slingshot_PCA_rooted",9.04341421718761,190,"2","2",TRUE
"ACTTTCATCTCGCTTG-400.2.3","Slingshot_PCA_rooted",14.0181389195975,260,"8","2",TRUE
"AGAATAGAGTTCCACA-400.2.3","Slingshot_PCA_rooted",31.0136786085288,385,"5","2",TRUE
"AGAATAGGTTTGTGTG-400.2.3","Slingshot_PCA_rooted",20.1099745647092,320,"10","2",TRUE
"AGACGTTGTAGCGTCC-400.2.3","Slingshot_PCA_rooted",18.9101750402719,260,"8","2",TRUE
"AGAGCGAAGGAGTACC-400.2.3","Slingshot_PCA_rooted",5.06834744236396,170,"2","2",TRUE
"AGAGCGAGTCTCTCTG-400.2.3","Slingshot_PCA_rooted",18.1905064915197,310,"1","2",TRUE
"AGAGCTTCATGGTAGG-400.2.3","Slingshot_PCA_rooted",33.6320491437422,380,"10","2",TRUE
"AGATCTGCATTATCTC-400.2.3","Slingshot_PCA_rooted",30.427929687983,295,"6","2",TRUE
"AGATTGCAGAAGATTC-400.2.3","Slingshot_PCA_rooted",6.20100521128885,175,"2","2",TRUE
"AGATTGCAGATCACGG-400.2.3","Slingshot_PCA_rooted",31.6966269509511,390,"5","2",TRUE
"AGCATACAGTAGGTGC-400.2.3","Slingshot_PCA_rooted",13.4996550218099,220,"3","2",TRUE
"AGCATACAGTCACGCC-400.2.3","Slingshot_PCA_rooted",29.9242318977702,385,"5","2",TRUE
"AGCATACCAGATCCAT-400.2.3","Slingshot_PCA_rooted",8.96900684078995,200,"8","2",TRUE
"AGCCTAAAGAAGGTTT-400.2.3","Slingshot_PCA_rooted",34.0265856194384,350,"11","2",TRUE
"AGCCTAATCACTTATC-400.2.3","Slingshot_PCA_rooted",24.6400679371788,410,"5","2",TRUE
"AGCCTAATCGTCCGTT-400.2.3","Slingshot_PCA_rooted",24.6217239723752,270,"8","2",TRUE
"AGCGGTCGTGTCTGAT-400.2.3","Slingshot_PCA_rooted",15.2458963061599,325,"10","2",TRUE
"AGCGTATAGTTAGGTA-400.2.3","Slingshot_PCA_rooted",12.7995511024556,260,"8","2",TRUE
"AGCGTATCAAAGCAAT-400.2.3","Slingshot_PCA_rooted",31.0929306347198,380,"5","2",TRUE
"AGCGTATGTCGCGGTT-400.2.3","Slingshot_PCA_rooted",18.9521184040801,260,"8","2",TRUE
"AGCGTATTCTGTCTAT-400.2.3","Slingshot_PCA_rooted",40.657669476742,450,"1","2",TRUE
"AGCGTCGAGATGCCAG-400.2.3","Slingshot_PCA_rooted",8.76452595428509,180,"2","2",TRUE
"AGCTCCTCATACCATG-400.2.3","Slingshot_PCA_rooted",38.2428832303334,435,"10","2",TRUE
"AGCTCCTTCCGAGCCA-400.2.3","Slingshot_PCA_rooted",18.4486631172461,260,"6","2",TRUE
"AGCTCCTTCCGTCAAA-400.2.3","Slingshot_PCA_rooted",24.199413852452,340,"5","2",TRUE
"AGCTCCTTCTTGTACT-400.2.3","Slingshot_PCA_rooted",21.8643003808068,345,"4","2",TRUE
"AGCTCTCCAAGTTGTC-400.2.3","Slingshot_PCA_rooted",11.8878375710629,260,"7","2",TRUE
"AGCTTGACACGACTCG-400.2.3","Slingshot_PCA_rooted",37.7167359354326,415,"9","2",TRUE
"AGGCCGTAGGAGTCTG-400.2.3","Slingshot_PCA_rooted",26.3543261277108,370,"5","2",TRUE
"AGGCCGTGTGAAGGCT-400.2.3","Slingshot_PCA_rooted",34.190320129881,390,"10","2",TRUE
"AGGGAGTTCAAGCCTA-400.2.3","Slingshot_PCA_rooted",35.4279671764017,450,"5","2",TRUE
"AGGGATGGTAGTGAAT-400.2.3","Slingshot_PCA_rooted",34.3700001879912,450,"5","2",TRUE
"AGGGTGACACCAGGCT-400.2.3","Slingshot_PCA_rooted",30.805098713964,380,"11","2",TRUE
"AGGGTGACAGATCTGT-400.2.3","Slingshot_PCA_rooted",12.2577774472854,200,"2","2",TRUE
"AGGGTGACATGAGCGA-400.2.3","Slingshot_PCA_rooted",41.4327343395176,500,"10","2",TRUE
"AGGTCATGTCACCTAA-400.2.3","Slingshot_PCA_rooted",21.9744939839151,270,"12","2",TRUE
"AGGTCCGAGACAAAGG-400.2.3","Slingshot_PCA_rooted",14.9373322518818,260,"6","2",TRUE
"AGGTCCGAGAGCTTCT-400.2.3","Slingshot_PCA_rooted",33.4309514903028,270,"3","2",TRUE
"AGTAGTCGTGGACGAT-400.2.3","Slingshot_PCA_rooted",30.6620183279429,405,"13","2",TRUE
"AGTAGTCTCAACACCA-400.2.3","Slingshot_PCA_rooted",29.0100116163113,360,"10","2",TRUE
"AGTAGTCTCTTCTGGC-400.2.3","Slingshot_PCA_rooted",31.5778184697033,300,"12","2",TRUE
"AGTCTTTAGATGAGAG-400.2.3","Slingshot_PCA_rooted",21.626363230971,350,"5","2",TRUE
"AGTCTTTTCGTAGGAG-400.2.3","Slingshot_PCA_rooted",37.5892618472556,340,"11","2",TRUE
"AGTCTTTTCTGTCTCG-400.2.3","Slingshot_PCA_rooted",8.00609434959092,175,"8","2",TRUE
"AGTGAGGCACTGAAGG-400.2.3","Slingshot_PCA_rooted",20.8710394624587,350,"1","2",TRUE
"AGTGGGAAGCGATCCC-400.2.3","Slingshot_PCA_rooted",33.8867596566201,410,"5","2",TRUE
"AGTGGGAGTTGCTCCT-400.2.3","Slingshot_PCA_rooted",37.4416193219036,400,"10","2",TRUE
"AGTGTCAAGTTGAGTA-400.2.3","Slingshot_PCA_rooted",20.8596788225564,260,"8","2",TRUE
"AGTGTCATCCTGTACC-400.2.3","Slingshot_PCA_rooted",27.2176011122241,360,"5","2",TRUE
"AGTTGGTCAAGGACAC-400.2.3","Slingshot_PCA_rooted",36.2253661218126,435,"10","2",TRUE
"ATAACGCAGAAGAAGC-400.2.3","Slingshot_PCA_rooted",17.8034174047475,220,"12","2",TRUE
"ATAACGCAGATCCGAG-400.2.3","Slingshot_PCA_rooted",33.3203263299639,350,"10","2",TRUE
"ATAGACCAGCTGAACG-400.2.3","Slingshot_PCA_rooted",13.1024669108104,260,"8","2",TRUE
"ATCACGACAAGTAGTA-400.2.3","Slingshot_PCA_rooted",30.0781386557682,290,"12","2",TRUE
"ATCACGAGTTCGCTAA-400.2.3","Slingshot_PCA_rooted",29.8304054141929,300,"8","2",TRUE
"ATCACGATCCGGGTGT-400.2.3","Slingshot_PCA_rooted",32.9822600675982,385,"5","2",TRUE
"ATCATGGAGACTAGAT-400.2.3","Slingshot_PCA_rooted",25.2770818446241,380,"9","2",TRUE
"ATCATGGAGATGTAAC-400.2.3","Slingshot_PCA_rooted",24.9717917428413,270,"8","2",TRUE
"ATCCACCTCTCTGCTG-400.2.3","Slingshot_PCA_rooted",28.8970776365283,270,"7","2",TRUE
"ATCCGAACAAGGTGTG-400.2.3","Slingshot_PCA_rooted",19.7532143910523,520,"5","2",TRUE
"ATCCGAACAATGACCT-400.2.3","Slingshot_PCA_rooted",25.3911685794276,300,"6","2",TRUE
"ATCCGAACATCCGGGT-400.2.3","Slingshot_PCA_rooted",31.9507610207535,300,"12","2",TRUE
"ATCGAGTTCAGTCAGT-400.2.3","Slingshot_PCA_rooted",19.5620648426001,295,"4","2",TRUE
"ATCGAGTTCATCATTC-400.2.3","Slingshot_PCA_rooted",20.2226838150117,260,"3","2",TRUE
"ATCTACTTCTTGTACT-400.2.3","Slingshot_PCA_rooted",50.8272648379159,550,"1","2",TRUE
"ATCTGCCCATAAGACA-400.2.3","Slingshot_PCA_rooted",22.3248416404519,360,"4","2",TRUE
"ATCTGCCCATCAGTAC-400.2.3","Slingshot_PCA_rooted",19.7336585975699,345,"10","2",TRUE
"ATCTGCCGTTCGGCAC-400.2.3","Slingshot_PCA_rooted",8.34906990501782,185,"8","2",TRUE
"ATGAGGGAGAGGTAGA-400.2.3","Slingshot_PCA_rooted",23.5893738739687,375,"9","2",TRUE
"ATGAGGGAGTCACGCC-400.2.3","Slingshot_PCA_rooted",43.5913572153056,550,"14","2",TRUE
"ATGAGGGGTGCCTGCA-400.2.3","Slingshot_PCA_rooted",21.7162845438124,300,"4","2",TRUE
"ATGAGGGTCTGGGCCA-400.2.3","Slingshot_PCA_rooted",30.3443766995207,320,"6","2",TRUE
"ATGCGATCACAGGTTT-400.2.3","Slingshot_PCA_rooted",17.4034911676877,300,"10","2",TRUE
"ATGGGAGCATTGCGGC-400.2.3","Slingshot_PCA_rooted",29.4463739999133,260,"3","2",TRUE
"ATGTGTGCAATCTGCA-400.2.3","Slingshot_PCA_rooted",27.2468612658065,380,"9","2",TRUE
"ATGTGTGGTTATGCGT-400.2.3","Slingshot_PCA_rooted",20.4438565039257,380,"5","2",TRUE
"ATTACTCCAAAGCGGT-400.2.3","Slingshot_PCA_rooted",28.5273163131207,390,"9","2",TRUE
"ATTATCCTCCGAATGT-400.2.3","Slingshot_PCA_rooted",7.08808496206442,190,"2","2",TRUE
"ATTGGACCAGGTCCAC-400.2.3","Slingshot_PCA_rooted",40.4952664712499,470,"10","2",TRUE
"ATTGGACGTCCCGACA-400.2.3","Slingshot_PCA_rooted",13.4141121495022,700,"2","2",TRUE
"ATTGGACGTTGGTTTG-400.2.3","Slingshot_PCA_rooted",19.2771367686505,310,"9","2",TRUE
"ATTGGACTCCCTTGTG-400.2.3","Slingshot_PCA_rooted",30.2789400039602,405,"13","2",TRUE
"ATTTCTGAGGACTGGT-400.2.3","Slingshot_PCA_rooted",12.6778538962723,265,"2","2",TRUE
"ATTTCTGTCCACGTTC-400.2.3","Slingshot_PCA_rooted",21.5828243655468,345,"10","2",TRUE
"ATTTCTGTCCTAGGGC-400.2.3","Slingshot_PCA_rooted",34.050678082737,420,"4","2",TRUE
"CAACCTCCACACATGT-400.2.3","Slingshot_PCA_rooted",18.3209826134841,325,"9","2",TRUE
"CAACCTCTCCTCAACC-400.2.3","Slingshot_PCA_rooted",29.6071381082128,375,"5","2",TRUE
"CAACTAGAGCAGCGTA-400.2.3","Slingshot_PCA_rooted",27.5541179320433,320,"1","2",TRUE
"CAAGAAAAGAGTACAT-400.2.3","Slingshot_PCA_rooted",29.7838527138768,390,"4","2",TRUE
"CAAGAAAGTACCATCA-400.2.3","Slingshot_PCA_rooted",8.70663667046886,195,"2","2",TRUE
"CAAGATCAGACCACGA-400.2.3","Slingshot_PCA_rooted",16.9090369601624,335,"4","2",TRUE
"CAAGATCAGTTCCACA-400.2.3","Slingshot_PCA_rooted",25.0670671545329,220,"3","2",TRUE
"CAAGGCCAGAAGAAGC-400.2.3","Slingshot_PCA_rooted",23.8828711980209,355,"4","2",TRUE
"CAAGTTGGTCTGCGGT-400.2.3","Slingshot_PCA_rooted",40.0486156789833,490,"16","2",TRUE
"CACACCTAGCTACCGC-400.2.3","Slingshot_PCA_rooted",17.320205255135,230,"7","2",TRUE
"CACACCTCATGTAAGA-400.2.3","Slingshot_PCA_rooted",18.4948111384627,245,"3","2",TRUE
"CACACCTCATTAACCG-400.2.3","Slingshot_PCA_rooted",20.3824153415154,330,"10","2",TRUE
"CACACTCCAAGCCGCT-400.2.3","Slingshot_PCA_rooted",30.8769084541673,390,"5","2",TRUE
"CACAGGCAGATCCCAT-400.2.3","Slingshot_PCA_rooted",17.8881943929244,260,"6","2",TRUE
"CACAGTAGTCATATCG-400.2.3","Slingshot_PCA_rooted",8.56819321019683,175,"2","2",TRUE
"CACAGTAGTCGGCATC-400.2.3","Slingshot_PCA_rooted",40.0413031347694,450,"11","2",TRUE
"CACATAGCACACTGCG-400.2.3","Slingshot_PCA_rooted",30.0943560054675,270,"3","2",TRUE
"CACATAGCACATTTCT-400.2.3","Slingshot_PCA_rooted",41.0646490177737,450,"16","2",TRUE
"CACATTTGTAGGCATG-400.2.3","Slingshot_PCA_rooted",19.3235707998278,260,"8","2",TRUE
"CACCACTAGTACGCCC-400.2.3","Slingshot_PCA_rooted",12.1583868030075,200,"2","2",TRUE
"CACCACTTCATCGCTC-400.2.3","Slingshot_PCA_rooted",30.7659056512845,310,"12","2",TRUE
"CACCAGGTCCTCCTAG-400.2.3","Slingshot_PCA_rooted",21.2562625661763,350,"9","2",TRUE
"CACCTTGCACAGATTC-400.2.3","Slingshot_PCA_rooted",41.610492489752,450,"1","2",TRUE
"CACCTTGGTAGAGTGC-400.2.3","Slingshot_PCA_rooted",18.0277601386909,355,"10","2",TRUE
"CACTCCAGTCAAAGCG-400.2.3","Slingshot_PCA_rooted",7.8149729422245,175,"8","2",TRUE
"CAGAATCCACAAGCCC-400.2.3","Slingshot_PCA_rooted",25.137861765547,340,"5","2",TRUE
"CAGAATCCAGCTGCAC-400.2.3","Slingshot_PCA_rooted",19.0441529230189,260,"8","2",TRUE
"CAGAATCGTGGGTATG-400.2.3","Slingshot_PCA_rooted",26.2615027878386,275,"8","2",TRUE
"CAGAGAGGTACGCACC-400.2.3","Slingshot_PCA_rooted",36.4589132986537,420,"13","2",TRUE
"CAGAGAGGTTCTGTTT-400.2.3","Slingshot_PCA_rooted",24.00722863705,390,"11","2",TRUE
"CAGATCAGTAGCTAAA-400.2.3","Slingshot_PCA_rooted",19.4071891685829,230,"3","2",TRUE
"CAGCAGCGTTAGGGTG-400.2.3","Slingshot_PCA_rooted",42.1199836835837,490,"11","2",TRUE
"CAGCATAAGATATGCA-400.2.3","Slingshot_PCA_rooted",22.3690340055447,270,"6","2",TRUE
"CAGCATAGTATTAGCC-400.2.3","Slingshot_PCA_rooted",40.7683178047106,450,"1","2",TRUE
"CAGCATATCCCTAACC-400.2.3","Slingshot_PCA_rooted",12.5555742668062,260,"8","2",TRUE
"CAGCCGACAAGTTGTC-400.2.3","Slingshot_PCA_rooted",10.171871064977,200,"2","2",TRUE
"CAGCCGACAGGCTCAC-400.2.3","Slingshot_PCA_rooted",30.2676260622429,340,"11","2",TRUE
"CAGCGACCAAGCCGCT-400.2.3","Slingshot_PCA_rooted",22.6369489665923,270,"6","2",TRUE
"CAGCGACTCTGATTCT-400.2.3","Slingshot_PCA_rooted",6.27632408586652,175,"2","2",TRUE
"CAGCTAACAGCTGTTA-400.2.3","Slingshot_PCA_rooted",13.764353920239,225,"3","2",TRUE
"CAGCTGGAGCGTGTCC-400.2.3","Slingshot_PCA_rooted",14.9966682760656,290,"4","2",TRUE
"CAGGTGCAGCGATGAC-400.2.3","Slingshot_PCA_rooted",13.3248794695688,230,"3","2",TRUE
"CAGGTGCCACTGTGTA-400.2.3","Slingshot_PCA_rooted",13.2028046066244,260,"8","2",TRUE
"CAGGTGCGTCAATGTC-400.2.3","Slingshot_PCA_rooted",39.0737383244382,450,"11","2",TRUE
"CAGGTGCTCACTGGGC-400.2.3","Slingshot_PCA_rooted",26.8019794578487,290,"8","2",TRUE
"CAGTAACTCCTTCAAT-400.2.3","Slingshot_PCA_rooted",35.1243204980795,440,"4","2",TRUE
"CATATGGGTCGACTGC-400.2.3","Slingshot_PCA_rooted",15.7614806389735,300,"9","2",TRUE
"CATATGGTCACGATGT-400.2.3","Slingshot_PCA_rooted",19.3488477723938,265,"8","2",TRUE
"CATCAAGTCGAATGCT-400.2.3","Slingshot_PCA_rooted",17.0752697373734,325,"3","2",TRUE
"CATCGAACAGCCAGAA-400.2.3","Slingshot_PCA_rooted",25.8005550798817,270,"12","2",TRUE
"CATCGGGCAGCTTAAC-400.2.3","Slingshot_PCA_rooted",30.9726973195632,380,"11","2",TRUE
"CATCGGGTCAAGGCTT-400.2.3","Slingshot_PCA_rooted",12.4633969757959,270,"2","2",TRUE
"CATGACAAGTGCGTGA-400.2.3","Slingshot_PCA_rooted",15.3576249007644,285,"8","2",TRUE
"CATGACACATGCTGGC-400.2.3","Slingshot_PCA_rooted",35.1067127481405,405,"11","2",TRUE
"CATGACAGTGCAACTT-400.2.3","Slingshot_PCA_rooted",7.68990302262319,195,"8","2",TRUE
"CATGGCGCAAATTGCC-400.2.3","Slingshot_PCA_rooted",9.88863378508365,190,"2","2",TRUE
"CATGGCGTCTAACGGT-400.2.3","Slingshot_PCA_rooted",7.22663804563468,175,"2","2",TRUE
"CATTCGCAGCGAAGGG-400.2.3","Slingshot_PCA_rooted",33.4687348628962,410,"5","2",TRUE
"CCAATCCGTAGTGAAT-400.2.3","Slingshot_PCA_rooted",8.77484683715979,190,"2","2",TRUE
"CCAATCCTCTACTTAC-400.2.3","Slingshot_PCA_rooted",19.1263954292255,330,"9","2",TRUE
"CCACCTATCTACCAGA-400.2.3","Slingshot_PCA_rooted",16.223624116814,295,"10","2",TRUE
"CCACGGATCACCCTCA-400.2.3","Slingshot_PCA_rooted",19.6386216290269,310,"9","2",TRUE
"CCACGGATCCTAAGTG-400.2.3","Slingshot_PCA_rooted",13.6626551237796,260,"2","2",TRUE
"CCACTACCACTCGACG-400.2.3","Slingshot_PCA_rooted",11.1965110043383,205,"2","2",TRUE
"CCACTACTCACTGGGC-400.2.3","Slingshot_PCA_rooted",18.2173680740899,260,"6","2",TRUE
"CCAGCGAAGCGTTCCG-400.2.3","Slingshot_PCA_rooted",17.2135345901931,300,"4","2",TRUE
"CCATGTCCACCATCCT-400.2.3","Slingshot_PCA_rooted",16.7014716315056,300,"4","2",TRUE
"CCCAATCCACCGAAAG-400.2.3","Slingshot_PCA_rooted",29.770398504951,295,"6","2",TRUE
"CCCATACTCCCATTAT-400.2.3","Slingshot_PCA_rooted",30.2066756776753,380,"13","2",TRUE
"CCCTCCTCAGTATGCT-400.2.3","Slingshot_PCA_rooted",12.6099209218922,230,"3","2",TRUE
"CCGGTAGCAGCTGTGC-400.2.3","Slingshot_PCA_rooted",45.3096373699214,550,"15","2",TRUE
"CCGGTAGGTTGTACAC-400.2.3","Slingshot_PCA_rooted",14.6951398955967,270,"6","2",TRUE
"CCGTACTAGATGTGTA-400.2.3","Slingshot_PCA_rooted",23.6563738968197,325,"5","2",TRUE
"CCGTTCAGTCGGCTCA-400.2.3","Slingshot_PCA_rooted",20.0617196537733,450,"10","2",TRUE
"CCTAAAGAGTACGCGA-400.2.3","Slingshot_PCA_rooted",33.9286139524646,320,"11","2",TRUE
"CCTAAAGCAATCAGAA-400.2.3","Slingshot_PCA_rooted",43.9559302765176,585,"16","2",TRUE
"CCTAAAGGTAAGTGTA-400.2.3","Slingshot_PCA_rooted",19.1089986841415,280,"6","2",TRUE
"CCTAAAGGTTCCGTCT-400.2.3","Slingshot_PCA_rooted",42.9114995812867,520,"10","2",TRUE
"CCTACACCACATTAGC-400.2.3","Slingshot_PCA_rooted",18.8600618296525,230,"3","2",TRUE
"CCTACACGTTAAAGAC-400.2.3","Slingshot_PCA_rooted",32.6079117083346,400,"5","2",TRUE
"CCTACACGTTCGCTAA-400.2.3","Slingshot_PCA_rooted",22.9623868711202,300,"9","2",TRUE
"CCTACCAAGTCGTTTG-400.2.3","Slingshot_PCA_rooted",25.5865349441312,355,"5","2",TRUE
"CCTACCATCACCCGAG-400.2.3","Slingshot_PCA_rooted",26.2995441533464,260,"3","2",TRUE
"CCTAGCTCACAGGCCT-400.2.3","Slingshot_PCA_rooted",22.3562200465928,370,"10","2",TRUE
"CCTAGCTCATCATCCC-400.2.3","Slingshot_PCA_rooted",12.7244323520812,270,"4","2",TRUE
"CCTATTATCACTTCAT-400.2.3","Slingshot_PCA_rooted",35.0536825408239,440,"5","2",TRUE
"CCTATTATCAGTTCGA-400.2.3","Slingshot_PCA_rooted",19.4735525256273,330,"10","2",TRUE
"CCTTACGAGGGAACGG-400.2.3","Slingshot_PCA_rooted",34.556514476306,415,"11","2",TRUE
"CCTTACGGTCTAGAGG-400.2.3","Slingshot_PCA_rooted",14.4770939462466,300,"2","2",TRUE
"CCTTACGTCTTGGGTA-400.2.3","Slingshot_PCA_rooted",38.4542747236401,450,"11","2",TRUE
"CCTTCCCAGCGCCTTG-400.2.3","Slingshot_PCA_rooted",30.6457670327292,285,"12","2",TRUE
"CCTTCGAAGCGTGAAC-400.2.3","Slingshot_PCA_rooted",37.6466810774776,350,"11","2",TRUE
"CGAATGTAGCCGATTT-400.2.3","Slingshot_PCA_rooted",23.3300881188257,360,"4","2",TRUE
"CGAATGTCACTGAAGG-400.2.3","Slingshot_PCA_rooted",13.3926534819645,260,"6","2",TRUE
"CGACCTTCAGTAGAGC-400.2.3","Slingshot_PCA_rooted",34.0384812988367,340,"11","2",TRUE
"CGACCTTGTAGCTGCC-400.2.3","Slingshot_PCA_rooted",22.7595865063696,390,"5","2",TRUE
"CGACTTCCACGGATAG-400.2.3","Slingshot_PCA_rooted",15.1456275327497,300,"4","2",TRUE
"CGAGAAGAGGTTACCT-400.2.3","Slingshot_PCA_rooted",13.6763022495363,230,"3","2",TRUE
"CGAGAAGGTACGCTGC-400.2.3","Slingshot_PCA_rooted",36.5963402003925,510,"4","2",TRUE
"CGAGCCATCCAACCAA-400.2.3","Slingshot_PCA_rooted",37.0199134000228,390,"1","2",TRUE
"CGATCGGCATCCCACT-400.2.3","Slingshot_PCA_rooted",8.1032606125265,185,"8","2",TRUE
"CGATCGGTCAATCTCT-400.2.3","Slingshot_PCA_rooted",47.5925743025036,550,"10","2",TRUE
"CGATCGGTCACCGTAA-400.2.3","Slingshot_PCA_rooted",35.0693626949765,410,"11","2",TRUE
"CGATCGGTCATGCTCC-400.2.3","Slingshot_PCA_rooted",35.6638885023743,350,"11","2",TRUE
"CGATGGCGTCCAGTAT-400.2.3","Slingshot_PCA_rooted",20.5906654098788,330,"5","2",TRUE
"CGATGTACACATGACT-400.2.3","Slingshot_PCA_rooted",35.8484175285864,415,"5","2",TRUE
"CGATTGAAGAGTACAT-400.2.3","Slingshot_PCA_rooted",40.6446498782493,470,"13","2",TRUE
"CGCCAAGAGGCCCGTT-400.2.3","Slingshot_PCA_rooted",10.8785766003816,200,"8","2",TRUE
"CGCGGTAAGAGAACAG-400.2.3","Slingshot_PCA_rooted",20.5750405327146,230,"7","2",TRUE
"CGCGGTATCTGACCTC-400.2.3","Slingshot_PCA_rooted",13.7091463486686,290,"4","2",TRUE
"CGCGGTATCTTCCTTC-400.2.3","Slingshot_PCA_rooted",27.7050232264203,260,"3","2",TRUE
"CGCGTTTAGGATGCGT-400.2.3","Slingshot_PCA_rooted",37.3935632829777,450,"14","2",TRUE
"CGCGTTTGTCAATGTC-400.2.3","Slingshot_PCA_rooted",10.4067434832836,210,"8","2",TRUE
"CGCTGGATCCTACAGA-400.2.3","Slingshot_PCA_rooted",19.8657172568525,295,"6","2",TRUE
"CGCTTCAAGTTAGGTA-400.2.3","Slingshot_PCA_rooted",23.9774260096996,355,"5","2",TRUE
"CGCTTCATCTAGAGTC-400.2.3","Slingshot_PCA_rooted",45.9581214873546,510,"1","2",TRUE
"CGGACACAGGAATCGC-400.2.3","Slingshot_PCA_rooted",32.172197762029,300,"6","2",TRUE
"CGGACACAGGGAAACA-400.2.3","Slingshot_PCA_rooted",39.7194640611225,490,"10","2",TRUE
"CGGACACTCTGCAAGT-400.2.3","Slingshot_PCA_rooted",24.7161366671978,375,"13","2",TRUE
"CGGACGTGTCTCCCTA-400.2.3","Slingshot_PCA_rooted",15.6335434190319,320,"4","2",TRUE
"CGGAGCTGTAATAGCA-400.2.3","Slingshot_PCA_rooted",40.5966368191281,490,"14","2",TRUE
"CGGAGTCCACAAGTAA-400.2.3","Slingshot_PCA_rooted",35.5596122931895,420,"14","2",TRUE
"CGGAGTCTCATGCATG-400.2.3","Slingshot_PCA_rooted",48.8138483089861,620,"10","2",TRUE
"CGGGTCAAGATAGCAT-400.2.3","Slingshot_PCA_rooted",13.0524908782932,230,"6","2",TRUE
"CGGGTCAAGGTGCTAG-400.2.3","Slingshot_PCA_rooted",18.8457769313346,245,"3","2",TRUE
"CGGGTCAGTCATCCCT-400.2.3","Slingshot_PCA_rooted",31.2360000816196,405,"5","2",TRUE
"CGGGTCAGTCGCTTTC-400.2.3","Slingshot_PCA_rooted",18.1754728173919,230,"3","2",TRUE
"CGGTTAAAGGGCTTGA-400.2.3","Slingshot_PCA_rooted",26.4126315610491,300,"6","2",TRUE
"CGGTTAACACGGCCAT-400.2.3","Slingshot_PCA_rooted",12.9797719991626,280,"4","2",TRUE
"CGGTTAAGTGTTTGGT-400.2.3","Slingshot_PCA_rooted",22.9794186518031,360,"4","2",TRUE
"CGTAGCGAGATGGCGT-400.2.3","Slingshot_PCA_rooted",19.559333557183,260,"8","2",TRUE
"CGTAGCGAGCTTTGGT-400.2.3","Slingshot_PCA_rooted",18.0373510499392,300,"4","2",TRUE
"CGTAGCGGTAGATTAG-400.2.3","Slingshot_PCA_rooted",6.90441808402171,180,"2","2",TRUE
"CGTCACTAGTTTAGGA-400.2.3","Slingshot_PCA_rooted",38.5786477060594,470,"16","2",TRUE
"CGTCTACCATTTCAGG-400.2.3","Slingshot_PCA_rooted",31.6844842307696,385,"11","2",TRUE
"CGTGAGCAGGAGCGTT-400.2.3","Slingshot_PCA_rooted",19.0649570239331,300,"4","2",TRUE
"CGTGAGCGTGTTGGGA-400.2.3","Slingshot_PCA_rooted",41.4178299394511,440,"15","2",TRUE
"CGTGAGCTCACTTCAT-400.2.3","Slingshot_PCA_rooted",27.5823119532474,365,"5","2",TRUE
"CGTGAGCTCTTAACCT-400.2.3","Slingshot_PCA_rooted",21.8742140835568,350,"9","2",TRUE
"CGTGTAAAGGACATTA-400.2.3","Slingshot_PCA_rooted",36.4589132986537,425,"13","2",TRUE
"CGTGTCTAGGTACTCT-400.2.3","Slingshot_PCA_rooted",29.5580416145715,270,"7","2",TRUE
"CGTTAGAAGGCTAGCA-400.2.3","Slingshot_PCA_rooted",24.4319644093207,350,"4","2",TRUE
"CGTTAGACAGCTTCGG-400.2.3","Slingshot_PCA_rooted",18.3688382128401,300,"4","2",TRUE
"CGTTAGAGTCGCATAT-400.2.3","Slingshot_PCA_rooted",25.6937930828284,270,"8","2",TRUE
"CGTTCTGGTAGCTCCG-400.2.3","Slingshot_PCA_rooted",46.6634892481892,550,"1","2",TRUE
"CGTTCTGGTTAAGACA-400.2.3","Slingshot_PCA_rooted",19.2528434031303,205,"3","2",TRUE
"CGTTGGGAGATAGGAG-400.2.3","Slingshot_PCA_rooted",14.9065494482219,285,"8","2",TRUE
"CTAACTTCATCGGTTA-400.2.3","Slingshot_PCA_rooted",12.7193962528225,260,"8","2",TRUE
"CTAACTTTCTGCTGTC-400.2.3","Slingshot_PCA_rooted",14.2070332627891,550,"2","2",TRUE
"CTACACCAGCCCAATT-400.2.3","Slingshot_PCA_rooted",27.3542742207844,375,"13","2",TRUE
"CTACACCCAGTCACTA-400.2.3","Slingshot_PCA_rooted",32.8586630423271,400,"5","2",TRUE
"CTACACCTCAAGGTAA-400.2.3","Slingshot_PCA_rooted",20.8475643736772,345,"5","2",TRUE
"CTACATTTCAGTGCAT-400.2.3","Slingshot_PCA_rooted",23.0269962686829,345,"4","2",TRUE
"CTACCCACACCGGAAA-400.2.3","Slingshot_PCA_rooted",14.2894934165871,285,"4","2",TRUE
"CTACCCATCAGTACGT-400.2.3","Slingshot_PCA_rooted",18.1971626150017,310,"4","2",TRUE
"CTACCCATCCGGGTGT-400.2.3","Slingshot_PCA_rooted",16.0324170599651,290,"6","2",TRUE
"CTACGTCAGGGTTCCC-400.2.3","Slingshot_PCA_rooted",14.6105133000284,260,"6","2",TRUE
"CTACGTCTCGATCCCT-400.2.3","Slingshot_PCA_rooted",16.9030206562931,300,"4","2",TRUE
"CTCAGAAGTCTTCAAG-400.2.3","Slingshot_PCA_rooted",13.7205189710681,225,"3","2",TRUE
"CTCCTAGGTCCGAGTC-400.2.3","Slingshot_PCA_rooted",16.8984598271018,320,"1","2",TRUE
"CTCGAAACATACGCCG-400.2.3","Slingshot_PCA_rooted",29.8412091377758,375,"4","2",TRUE
"CTCGAGGTCGTCCGTT-400.2.3","Slingshot_PCA_rooted",36.1628829678727,350,"11","2",TRUE
"CTCGAGGTCTGAGGGA-400.2.3","Slingshot_PCA_rooted",23.9589632414277,280,"6","2",TRUE
"CTCGGAGAGTGGTAGC-400.2.3","Slingshot_PCA_rooted",40.2364717403564,450,"9","2",TRUE
"CTCGGAGGTCCCGACA-400.2.3","Slingshot_PCA_rooted",9.06420661759414,205,"2","2",TRUE
"CTCGGAGGTCGTTGTA-400.2.3","Slingshot_PCA_rooted",15.7192360827833,260,"8","2",TRUE
"CTCGGAGGTGTCGCTG-400.2.3","Slingshot_PCA_rooted",19.8607289026706,340,"1","2",TRUE
"CTCGTACGTGATGTCT-400.2.3","Slingshot_PCA_rooted",25.8417815436022,350,"5","2",TRUE
"CTCGTACTCCACGCAG-400.2.3","Slingshot_PCA_rooted",25.7313231543821,300,"6","2",TRUE
"CTCGTCACAGCCTTTC-400.2.3","Slingshot_PCA_rooted",30.7737238760544,380,"11","2",TRUE
"CTCGTCAGTTCCACTC-400.2.3","Slingshot_PCA_rooted",38.6583794803136,450,"15","2",TRUE
"CTCGTCATCAGATAAG-400.2.3","Slingshot_PCA_rooted",29.705497606689,370,"11","2",TRUE
"CTCGTCATCCTCTAGC-400.2.3","Slingshot_PCA_rooted",25.2647052648496,230,"3","2",TRUE
"CTCTAATAGCTTATCG-400.2.3","Slingshot_PCA_rooted",36.1594207689872,340,"11","2",TRUE
"CTCTAATCATCGTCGG-400.2.3","Slingshot_PCA_rooted",35.0104300774159,420,"14","2",TRUE
"CTCTAATGTTCTCATT-400.2.3","Slingshot_PCA_rooted",30.4945439805784,280,"6","2",TRUE
"CTCTAATTCTCGAGTA-400.2.3","Slingshot_PCA_rooted",43.9180005723585,450,"11","2",TRUE
"CTCTACGAGAGTAAGG-400.2.3","Slingshot_PCA_rooted",20.6376978047784,280,"6","2",TRUE
"CTCTACGAGCGTTTAC-400.2.3","Slingshot_PCA_rooted",20.2013904166011,325,"6","2",TRUE
"CTCTGGTAGCTAACAA-400.2.3","Slingshot_PCA_rooted",7.55459073787189,200,"2","2",TRUE
"CTCTGGTCATTAACCG-400.2.3","Slingshot_PCA_rooted",13.0694055922335,220,"3","2",TRUE
"CTGATAGAGCGAGAAA-400.2.3","Slingshot_PCA_rooted",22.44650779786,350,"5","2",TRUE
"CTGATAGAGGCCGAAT-400.2.3","Slingshot_PCA_rooted",19.4667774704562,320,"10","2",TRUE
"CTGATAGGTCAAAGCG-400.2.3","Slingshot_PCA_rooted",9.54406134985184,190,"2","2",TRUE
"CTGATCCAGACCACGA-400.2.3","Slingshot_PCA_rooted",36.2785644957328,410,"10","2",TRUE
"CTGATCCTCATCTGCC-400.2.3","Slingshot_PCA_rooted",27.3507628501727,350,"5","2",TRUE
"CTGCCTAGTTTGTGTG-400.2.3","Slingshot_PCA_rooted",28.7426430632603,275,"7","2",TRUE
"CTGCCTATCAGCTTAG-400.2.3","Slingshot_PCA_rooted",28.9570048637046,380,"5","2",TRUE
"CTGCCTATCTTACCTA-400.2.3","Slingshot_PCA_rooted",18.1120330316456,225,"3","2",TRUE
"CTGCTGTAGCACAGGT-400.2.3","Slingshot_PCA_rooted",23.106926772013,345,"5","2",TRUE
"CTGCTGTGTATATGAG-400.2.3","Slingshot_PCA_rooted",14.1112762569636,230,"7","2",TRUE
"CTGTGCTAGTTCGCGC-400.2.3","Slingshot_PCA_rooted",12.8603962861801,220,"3","2",TRUE
"CTGTGCTCATCGGACC-400.2.3","Slingshot_PCA_rooted",11.3881208051546,270,"2","2",TRUE
"CTGTGCTTCCAAACTG-400.2.3","Slingshot_PCA_rooted",18.1395229415689,230,"3","2",TRUE
"CTGTTTAAGATCTGCT-400.2.3","Slingshot_PCA_rooted",18.76471445357,310,"10","2",TRUE
"CTTAACTCAGCCTTGG-400.2.3","Slingshot_PCA_rooted",22.2215914623466,260,"12","2",TRUE
"CTTAACTGTTGTTTGG-400.2.3","Slingshot_PCA_rooted",22.2149053999736,350,"10","2",TRUE
"CTTACCGCAGACAAGC-400.2.3","Slingshot_PCA_rooted",15.0904572830378,310,"4","2",TRUE
"CTTACCGTCGAGAACG-400.2.3","Slingshot_PCA_rooted",15.2028251947701,335,"4","2",TRUE
"CTTAGGAGTTATGCGT-400.2.3","Slingshot_PCA_rooted",33.7917326882197,385,"11","2",TRUE
"CTTAGGATCAGAAATG-400.2.3","Slingshot_PCA_rooted",28.8959368710246,380,"5","2",TRUE
"CTTCTCTCAATCAGAA-400.2.3","Slingshot_PCA_rooted",34.3339775595185,425,"5","2",TRUE
"CTTCTCTGTCATCGGC-400.2.3","Slingshot_PCA_rooted",7.76242437084795,180,"2","2",TRUE
"CTTTGCGAGAGTACCG-400.2.3","Slingshot_PCA_rooted",39.0834972235107,440,"13","2",TRUE
"CTTTGCGTCTGTCAAG-400.2.3","Slingshot_PCA_rooted",31.0324038997183,320,"8","2",TRUE
"GAAACTCAGTGTACTC-400.2.3","Slingshot_PCA_rooted",12.5687589072423,265,"7","2",TRUE
"GAAACTCTCGAGCCCA-400.2.3","Slingshot_PCA_rooted",9.53972723286259,200,"12","2",TRUE
"GAACATCAGATAGGAG-400.2.3","Slingshot_PCA_rooted",9.78743779099099,195,"2","2",TRUE
"GAACATCGTTACGGAG-400.2.3","Slingshot_PCA_rooted",9.09383536425214,200,"8","2",TRUE
"GAACCTATCGTCCAGG-400.2.3","Slingshot_PCA_rooted",32.3230812116391,415,"5","2",TRUE
"GAACGGACACGAAGCA-400.2.3","Slingshot_PCA_rooted",18.6542265727624,260,"6","2",TRUE
"GAACGGAGTTGAGTTC-400.2.3","Slingshot_PCA_rooted",30.7452557889941,295,"7","2",TRUE
"GAATAAGAGGATGGAA-400.2.3","Slingshot_PCA_rooted",35.9093838308908,370,"11","2",TRUE
"GAATGAATCACTTCAT-400.2.3","Slingshot_PCA_rooted",14.3153669606318,310,"9","2",TRUE
"GACACGCAGAACTGTA-400.2.3","Slingshot_PCA_rooted",38.03374612923,390,"1","2",TRUE
"GACACGCCACGAAATA-400.2.3","Slingshot_PCA_rooted",17.0193879437906,230,"3","2",TRUE
"GACACGCGTAGCGCAA-400.2.3","Slingshot_PCA_rooted",13.8994589103339,320,"4","2",TRUE
"GACCAATAGGCTCAGA-400.2.3","Slingshot_PCA_rooted",17.5220302445579,230,"7","2",TRUE
"GACCAATGTTCATGGT-400.2.3","Slingshot_PCA_rooted",39.1634375891237,510,"16","2",TRUE
"GACCAATTCCCTCTTT-400.2.3","Slingshot_PCA_rooted",20.0483311802214,300,"9","2",TRUE
"GACCTGGCACCGTTGG-400.2.3","Slingshot_PCA_rooted",38.4628786458458,400,"10","2",TRUE
"GACGCGTAGCATGGCA-400.2.3","Slingshot_PCA_rooted",25.1353613418812,360,"4","2",TRUE
"GACGCGTCACCTGGTG-400.2.3","Slingshot_PCA_rooted",37.8602491849793,415,"9","2",TRUE
"GACGCGTCAGATCGGA-400.2.3","Slingshot_PCA_rooted",26.8060064533328,300,"12","2",TRUE
"GACGCGTCAGGCGATA-400.2.3","Slingshot_PCA_rooted",15.5539068687498,275,"3","2",TRUE
"GACGCGTGTCAAAGCG-400.2.3","Slingshot_PCA_rooted",24.7368843721339,275,"6","2",TRUE
"GACGGCTGTATCTGCA-400.2.3","Slingshot_PCA_rooted",13.9567296958958,260,"6","2",TRUE
"GACGGCTTCAAGGCTT-400.2.3","Slingshot_PCA_rooted",7.22397124563464,170,"2","2",TRUE
"GACGTGCAGTGTACCT-400.2.3","Slingshot_PCA_rooted",27.9303273556263,380,"9","2",TRUE
"GACGTGCGTTATTCTC-400.2.3","Slingshot_PCA_rooted",16.8887654079441,300,"4","2",TRUE
"GACGTGCGTTGTCGCG-400.2.3","Slingshot_PCA_rooted",31.7253169808913,390,"5","2",TRUE
"GACTAACGTTTGGCGC-400.2.3","Slingshot_PCA_rooted",19.932117958757,350,"5","2",TRUE
"GACTACATCAGAAATG-400.2.3","Slingshot_PCA_rooted",27.2823185695543,390,"10","2",TRUE
"GACTACATCGTCGTTC-400.2.3","Slingshot_PCA_rooted",8.74355030060168,200,"8","2",TRUE
"GACTGCGCACTTCGAA-400.2.3","Slingshot_PCA_rooted",29.2551644080069,380,"5","2",TRUE
"GACTGCGGTCCCTTGT-400.2.3","Slingshot_PCA_rooted",25.333571850255,290,"12","2",TRUE
"GACTGCGGTCTAACGT-400.2.3","Slingshot_PCA_rooted",12.7179349039003,195,"3","2",TRUE
"GAGCAGAGTGGGTCAA-400.2.3","Slingshot_PCA_rooted",9.91099923431335,210,"2","2",TRUE
"GAGCAGATCTGCCCTA-400.2.3","Slingshot_PCA_rooted",24.4377399557203,410,"4","2",TRUE
"GAGTCCGAGTGGACGT-400.2.3","Slingshot_PCA_rooted",9.41092108757447,200,"2","2",TRUE
"GAGTCCGTCCGTAGGC-400.2.3","Slingshot_PCA_rooted",25.7277382960734,280,"3","2",TRUE
"GATCAGTAGCTACCGC-400.2.3","Slingshot_PCA_rooted",11.916652251197,245,"8","2",TRUE
"GATCAGTTCCAGAAGG-400.2.3","Slingshot_PCA_rooted",5.4189905230004,170,"2","2",TRUE
"GATCGATCATATACCG-400.2.3","Slingshot_PCA_rooted",33.3117278179255,400,"10","2",TRUE
"GATCGATGTAGATTAG-400.2.3","Slingshot_PCA_rooted",26.4805397141186,350,"5","2",TRUE
"GATCGCGAGCTGAACG-400.2.3","Slingshot_PCA_rooted",10.2755411828562,585,"2","2",TRUE
"GATCGCGGTGCAGACA-400.2.3","Slingshot_PCA_rooted",44.5374714967411,500,"11","2",TRUE
"GATCGTACAAAGGTGC-400.2.3","Slingshot_PCA_rooted",25.3286120659266,355,"5","2",TRUE
"GATGAAACAGTCCTTC-400.2.3","Slingshot_PCA_rooted",17.7679142420531,320,"9","2",TRUE
"GATGAGGTCAGTTGAC-400.2.3","Slingshot_PCA_rooted",36.6818094268516,430,"5","2",TRUE
"GATGAGGTCTCTTGAT-400.2.3","Slingshot_PCA_rooted",7.31511769330172,170,"2","2",TRUE
"GCAATCATCTTCATGT-400.2.3","Slingshot_PCA_rooted",14.0986982550143,300,"9","2",TRUE
"GCACATACAGTCAGAG-400.2.3","Slingshot_PCA_rooted",39.9280423980175,450,"11","2",TRUE
"GCACATAGTATAGGTA-400.2.3","Slingshot_PCA_rooted",14.9593988687875,265,"6","2",TRUE
"GCAGCCACAGATGGCA-400.2.3","Slingshot_PCA_rooted",18.1290376404142,260,"6","2",TRUE
"GCAGCCAGTACCGTAT-400.2.3","Slingshot_PCA_rooted",13.9480007404332,220,"7","2",TRUE
"GCAGCCATCTTGTTTG-400.2.3","Slingshot_PCA_rooted",17.1684991989523,300,"9","2",TRUE
"GCATACAAGTGAATTG-400.2.3","Slingshot_PCA_rooted",20.2414426506353,320,"10","2",TRUE
"GCATACACAGGACCCT-400.2.3","Slingshot_PCA_rooted",43.212205025067,585,"16","2",TRUE
"GCATACAGTACCTACA-400.2.3","Slingshot_PCA_rooted",29.5208476382687,295,"12","2",TRUE
"GCATGATGTTGTCTTT-400.2.3","Slingshot_PCA_rooted",39.0983444584833,420,"15","2",TRUE
"GCATGCGCACGAAATA-400.2.3","Slingshot_PCA_rooted",15.7307086325656,260,"3","2",TRUE
"GCATGCGGTCCAGTAT-400.2.3","Slingshot_PCA_rooted",18.097886278827,320,"9","2",TRUE
"GCATGCGGTGACTACT-400.2.3","Slingshot_PCA_rooted",24.7531278715453,360,"4","2",TRUE
"GCATGTAAGACTACAA-400.2.3","Slingshot_PCA_rooted",13.6835308615623,285,"4","2",TRUE
"GCATGTAGTCACAAGG-400.2.3","Slingshot_PCA_rooted",32.298792829679,280,"3","2",TRUE
"GCATGTAGTCACACGC-400.2.3","Slingshot_PCA_rooted",31.1693711659368,390,"4","2",TRUE
"GCCTCTAAGAATTCCC-400.2.3","Slingshot_PCA_rooted",11.5299601078131,200,"2","2",TRUE
"GCGAGAATCGGCGCAT-400.2.3","Slingshot_PCA_rooted",36.302115968112,385,"1","2",TRUE
"GCGCAACCAGCTGTAT-400.2.3","Slingshot_PCA_rooted",36.0673428753526,420,"13","2",TRUE
"GCGCAGTTCGGTCCGA-400.2.3","Slingshot_PCA_rooted",22.7704588971955,300,"6","2",TRUE
"GCGCCAACAGCCTATA-400.2.3","Slingshot_PCA_rooted",31.9833018521443,410,"4","2",TRUE
"GCGGGTTTCGGAAACG-400.2.3","Slingshot_PCA_rooted",20.9736698683082,230,"12","2",TRUE
"GCTCCTACAATCCGAT-400.2.3","Slingshot_PCA_rooted",13.339444168169,220,"12","2",TRUE
"GCTCCTATCAAACAAG-400.2.3","Slingshot_PCA_rooted",18.16807206748,320,"10","2",TRUE
"GCTCTGTAGGCTCTTA-400.2.3","Slingshot_PCA_rooted",15.448938352203,285,"6","2",TRUE
"GCTCTGTTCACAAACC-400.2.3","Slingshot_PCA_rooted",29.4799502501461,270,"8","2",TRUE
"GCTCTGTTCATAAAGG-400.2.3","Slingshot_PCA_rooted",28.8450605484678,270,"7","2",TRUE
"GCTGCAGCACTCTGTC-400.2.3","Slingshot_PCA_rooted",41.2094544607278,450,"11","2",TRUE
"GCTGCTTAGATGCCAG-400.2.3","Slingshot_PCA_rooted",13.0090072076354,230,"7","2",TRUE
"GCTGCTTTCGCTTAGA-400.2.3","Slingshot_PCA_rooted",24.8440055603772,230,"3","2",TRUE
"GGAATAAGTCGTTGTA-400.2.3","Slingshot_PCA_rooted",24.3384457548232,370,"4","2",TRUE
"GGAATAAGTTCAGCGC-400.2.3","Slingshot_PCA_rooted",16.7000216249106,300,"4","2",TRUE
"GGACGTCTCGGTGTTA-400.2.3","Slingshot_PCA_rooted",17.147452232,300,"10","2",TRUE
"GGACGTCTCGTAGATC-400.2.3","Slingshot_PCA_rooted",36.2104720771314,415,"10","2",TRUE
"GGAGCAATCCAGTAGT-400.2.3","Slingshot_PCA_rooted",24.7358107408004,350,"5","2",TRUE
"GGATGTTAGACTTGAA-400.2.3","Slingshot_PCA_rooted",32.3581248822948,405,"5","2",TRUE
"GGATTACGTGTTCGAT-400.2.3","Slingshot_PCA_rooted",36.2465285119961,410,"5","2",TRUE
"GGCCGATAGGGCATGT-400.2.3","Slingshot_PCA_rooted",18.4274036088959,230,"6","2",TRUE
"GGCGACTCAATGGAGC-400.2.3","Slingshot_PCA_rooted",34.7242891628504,395,"10","2",TRUE
"GGCGACTTCCACGACG-400.2.3","Slingshot_PCA_rooted",7.23770898194365,170,"2","2",TRUE
"GGCGACTTCGATGAGG-400.2.3","Slingshot_PCA_rooted",29.790209915866,390,"4","2",TRUE
"GGCTCGATCTCAACTT-400.2.3","Slingshot_PCA_rooted",34.8211892237654,350,"11","2",TRUE
"GGCTGGTAGGGAACGG-400.2.3","Slingshot_PCA_rooted",47.6156051371202,620,"11","2",TRUE
"GGCTGGTCAATGAATG-400.2.3","Slingshot_PCA_rooted",25.7358719412872,230,"7","2",TRUE
"GGCTGGTGTACCGAGA-400.2.3","Slingshot_PCA_rooted",5.75876288981898,175,"2","2",TRUE
"GGCTGGTTCATACGGT-400.2.3","Slingshot_PCA_rooted",31.5150012292641,340,"11","2",TRUE
"GGGACCTCACCGTTGG-400.2.3","Slingshot_PCA_rooted",25.678148877554,270,"8","2",TRUE
"GGGACCTGTGCTAGCC-400.2.3","Slingshot_PCA_rooted",29.7265602228572,220,"3","2",TRUE
"GGGACCTTCGACCAGC-400.2.3","Slingshot_PCA_rooted",18.5686179184188,260,"8","2",TRUE
"GGGAGATAGAAACGCC-400.2.3","Slingshot_PCA_rooted",26.9618764622477,360,"5","2",TRUE
"GGGAGATCAGTCGATT-400.2.3","Slingshot_PCA_rooted",13.3766393162575,300,"4","2",TRUE
"GGGATGAGTCGGATCC-400.2.3","Slingshot_PCA_rooted",32.4226029268993,380,"5","2",TRUE
"GGGCACTAGCGCCTTG-400.2.3","Slingshot_PCA_rooted",11.7174276673879,220,"7","2",TRUE
"GGGCATCAGACTACAA-400.2.3","Slingshot_PCA_rooted",29.8434757139902,280,"8","2",TRUE
"GGGCATCGTCAGAATA-400.2.3","Slingshot_PCA_rooted",44.8971017353233,585,"13","2",TRUE
"GGGCATCGTTGAGTTC-400.2.3","Slingshot_PCA_rooted",28.8239794433272,230,"3","2",TRUE
"GGGTTGCGTGCACTTA-400.2.3","Slingshot_PCA_rooted",25.8961103167148,300,"6","2",TRUE
"GGTATTGGTGACGCCT-400.2.3","Slingshot_PCA_rooted",36.7805687183142,450,"5","2",TRUE
"GGTGAAGCAAAGTGCG-400.2.3","Slingshot_PCA_rooted",35.4287644797353,450,"5","2",TRUE
"GGTGCGTTCACCGTAA-400.2.3","Slingshot_PCA_rooted",7.82071749125288,190,"2","2",TRUE
"GGTGTTAAGAGCCCAA-400.2.3","Slingshot_PCA_rooted",17.5281100832469,300,"9","2",TRUE
"GGTGTTACACACCGCA-400.2.3","Slingshot_PCA_rooted",26.8366840223017,350,"5","2",TRUE
"GTAACGTGTACCGAGA-400.2.3","Slingshot_PCA_rooted",28.8706954270696,380,"5","2",TRUE
"GTAACGTGTAGCTGCC-400.2.3","Slingshot_PCA_rooted",36.1707483574201,450,"4","2",TRUE
"GTAACGTTCCCTTGTG-400.2.3","Slingshot_PCA_rooted",13.9035150048695,290,"2","2",TRUE
"GTAACGTTCTAACTGG-400.2.3","Slingshot_PCA_rooted",30.7159616389831,300,"6","2",TRUE
"GTAACTGCATAGACTC-400.2.3","Slingshot_PCA_rooted",24.9989671671629,365,"4","2",TRUE
"GTACGTACACAGTCGC-400.2.3","Slingshot_PCA_rooted",28.2968000342968,300,"12","2",TRUE
"GTACGTATCGCGCCAA-400.2.3","Slingshot_PCA_rooted",15.0409366190804,270,"6","2",TRUE
"GTACGTATCTTTACAC-400.2.3","Slingshot_PCA_rooted",33.6287919016751,420,"5","2",TRUE
"GTACTCCAGTTGTCGT-400.2.3","Slingshot_PCA_rooted",19.8107700239659,325,"10","2",TRUE
"GTACTCCTCGCTTAGA-400.2.3","Slingshot_PCA_rooted",15.1709739990799,260,"6","2",TRUE
"GTACTTTTCATCTGTT-400.2.3","Slingshot_PCA_rooted",12.9665388117144,200,"3","2",TRUE
"GTAGTCAGTAGCGTGA-400.2.3","Slingshot_PCA_rooted",6.15102388423112,185,"2","2",TRUE
"GTATCTTAGATAGTCA-400.2.3","Slingshot_PCA_rooted",26.6161508370223,375,"5","2",TRUE
"GTATCTTAGATGGCGT-400.2.3","Slingshot_PCA_rooted",25.0524780462616,380,"4","2",TRUE
"GTATTCTAGGGTGTGT-400.2.3","Slingshot_PCA_rooted",26.6859470878909,310,"6","2",TRUE
"GTCAAGTCACCACCAG-400.2.3","Slingshot_PCA_rooted",15.1606572757684,290,"8","2",TRUE
"GTCAAGTCAGCTCCGA-400.2.3","Slingshot_PCA_rooted",29.2777331370377,390,"5","2",TRUE
"GTCACAACACGAAAGC-400.2.3","Slingshot_PCA_rooted",20.4226032802656,330,"4","2",TRUE
"GTCACAATCCCTTGCA-400.2.3","Slingshot_PCA_rooted",19.739718621542,280,"8","2",TRUE
"GTCACGGCACACGCTG-400.2.3","Slingshot_PCA_rooted",22.5400208043443,320,"4","2",TRUE
"GTCACGGTCATCGGAT-400.2.3","Slingshot_PCA_rooted",30.240341392741,390,"5","2",TRUE
"GTCATTTGTGAAGGCT-400.2.3","Slingshot_PCA_rooted",21.3034729550525,230,"3","2",TRUE
"GTCCTCATCGCTTAGA-400.2.3","Slingshot_PCA_rooted",6.29039366684772,175,"8","2",TRUE
"GTCGGGTTCTGGTATG-400.2.3","Slingshot_PCA_rooted",6.43910081861486,190,"2","2",TRUE
"GTCTCGTAGTTAAGTG-400.2.3","Slingshot_PCA_rooted",20.9184545191654,245,"8","2",TRUE
"GTCTCGTTCCATGCTC-400.2.3","Slingshot_PCA_rooted",21.4849413601599,320,"10","2",TRUE
"GTGAAGGCATTGGTAC-400.2.3","Slingshot_PCA_rooted",40.2547675538952,415,"1","2",TRUE
"GTGAAGGTCTGCGACG-400.2.3","Slingshot_PCA_rooted",8.84275327807814,175,"2","2",TRUE
"GTGCAGCCAAGTCTAC-400.2.3","Slingshot_PCA_rooted",28.5224635346051,415,"4","2",TRUE
"GTGCAGCTCCTGTAGA-400.2.3","Slingshot_PCA_rooted",14.7401309480757,265,"6","2",TRUE
"GTGCGGTCAGCTGCAC-400.2.3","Slingshot_PCA_rooted",25.5250346312133,370,"4","2",TRUE
"GTGCGGTCATCCCACT-400.2.3","Slingshot_PCA_rooted",15.7070661140705,300,"10","2",TRUE
"GTGCGGTTCATAAAGG-400.2.3","Slingshot_PCA_rooted",44.5110310050504,500,"10","2",TRUE
"GTGCTTCAGCGTCAAG-400.2.3","Slingshot_PCA_rooted",22.3303971335123,270,"7","2",TRUE
"GTGCTTCTCACCGTAA-400.2.3","Slingshot_PCA_rooted",13.935422265496,225,"6","2",TRUE
"GTGTGCGCATCACGTA-400.2.3","Slingshot_PCA_rooted",25.2499393763449,360,"10","2",TRUE
"GTGTGCGGTACAAGTA-400.2.3","Slingshot_PCA_rooted",31.5397339462333,265,"3","2",TRUE
"GTGTGCGTCCTCATTA-400.2.3","Slingshot_PCA_rooted",34.4651524875196,385,"11","2",TRUE
"GTGTTAGTCAGCTGGC-400.2.3","Slingshot_PCA_rooted",19.5088003037342,325,"9","2",TRUE
"GTGTTAGTCGCCAAAT-400.2.3","Slingshot_PCA_rooted",23.9209302086474,350,"5","2",TRUE
"GTTAAGCAGATGTCGG-400.2.3","Slingshot_PCA_rooted",36.6496121583101,470,"16","2",TRUE
"GTTACAGTCTCTGTCG-400.2.3","Slingshot_PCA_rooted",30.947823635177,385,"9","2",TRUE
"GTTCGGGCAATGGAGC-400.2.3","Slingshot_PCA_rooted",24.8429987707471,225,"12","2",TRUE
"GTTCTCGTCGTCCGTT-400.2.3","Slingshot_PCA_rooted",12.5672728660453,225,"3","2",TRUE
"GTTCTCGTCTGTCTCG-400.2.3","Slingshot_PCA_rooted",40.0732842279087,450,"16","2",TRUE
"TAAACCGGTCGGCACT-400.2.3","Slingshot_PCA_rooted",15.9886355659048,300,"9","2",TRUE
"TAAACCGTCAAAGACA-400.2.3","Slingshot_PCA_rooted",17.8662241455443,270,"6","2",TRUE
"TAAGCGTAGCAACGGT-400.2.3","Slingshot_PCA_rooted",31.1654939229612,300,"12","2",TRUE
"TAAGCGTAGGCGCTCT-400.2.3","Slingshot_PCA_rooted",15.1160459734525,260,"8","2",TRUE
"TAAGCGTGTCATATGC-400.2.3","Slingshot_PCA_rooted",38.4269185293461,440,"14","2",TRUE
"TACACGAAGACCGGAT-400.2.3","Slingshot_PCA_rooted",38.6971931647499,450,"11","2",TRUE
"TACAGTGAGACGCAAC-400.2.3","Slingshot_PCA_rooted",39.2809245676227,405,"10","2",TRUE
"TACAGTGTCTGTGCAA-400.2.3","Slingshot_PCA_rooted",18.3817121850293,260,"6","2",TRUE
"TACCTATAGTAGGTGC-400.2.3","Slingshot_PCA_rooted",27.9298562120324,360,"5","2",TRUE
"TACCTATCACAGACTT-400.2.3","Slingshot_PCA_rooted",29.9331187952297,380,"5","2",TRUE
"TACCTATGTGACGGTA-400.2.3","Slingshot_PCA_rooted",17.9154671351683,260,"6","2",TRUE
"TACGGATGTCTCCCTA-400.2.3","Slingshot_PCA_rooted",9.67891825021729,170,"2","2",TRUE
"TACGGGCAGTTAGCGG-400.2.3","Slingshot_PCA_rooted",34.6754055726237,440,"5","2",TRUE
"TACGGGCTCACGGTTA-400.2.3","Slingshot_PCA_rooted",21.2862809391609,310,"9","2",TRUE
"TACGGTAAGTGATCGG-400.2.3","Slingshot_PCA_rooted",31.7748258082224,300,"6","2",TRUE
"TACTCATCACAGAGGT-400.2.3","Slingshot_PCA_rooted",25.9238883670974,310,"6","2",TRUE
"TACTCGCGTAAGTTCC-400.2.3","Slingshot_PCA_rooted",12.9172005817596,230,"8","2",TRUE
"TACTCGCTCATTTGGG-400.2.3","Slingshot_PCA_rooted",23.4358055282833,205,"12","2",TRUE
"TACTTACAGTGTACTC-400.2.3","Slingshot_PCA_rooted",29.8266346354091,270,"3","2",TRUE
"TACTTACGTGCGGTAA-400.2.3","Slingshot_PCA_rooted",24.9415922268042,370,"13","2",TRUE
"TACTTGTAGGTTACCT-400.2.3","Slingshot_PCA_rooted",40.9029947975221,450,"10","2",TRUE
"TACTTGTGTCGACTAT-400.2.3","Slingshot_PCA_rooted",30.4586677856842,390,"5","2",TRUE
"TACTTGTGTTCATGGT-400.2.3","Slingshot_PCA_rooted",8.79539895740437,195,"2","2",TRUE
"TACTTGTTCATTCACT-400.2.3","Slingshot_PCA_rooted",12.5545097961968,260,"8","2",TRUE
"TAGACCAAGAGGTACC-400.2.3","Slingshot_PCA_rooted",24.5128364307301,360,"5","2",TRUE
"TAGACCACAATCGAAA-400.2.3","Slingshot_PCA_rooted",7.38964734532174,195,"2","2",TRUE
"TAGCCGGCACTCAGGC-400.2.3","Slingshot_PCA_rooted",32.5646377700694,375,"11","2",TRUE
"TAGCCGGTCCATGAAC-400.2.3","Slingshot_PCA_rooted",25.6316602680675,245,"7","2",TRUE
"TAGTGGTGTATGAAAC-400.2.3","Slingshot_PCA_rooted",43.8512380521506,490,"11","2",TRUE
"TAGTTGGGTCTAGTCA-400.2.3","Slingshot_PCA_rooted",22.4290498299695,360,"4","2",TRUE
"TAGTTGGTCAGCGACC-400.2.3","Slingshot_PCA_rooted",30.5711567243404,380,"4","2",TRUE
"TATCAGGTCCTGCCAT-400.2.3","Slingshot_PCA_rooted",22.0604323907053,285,"5","2",TRUE
"TATCAGGTCTTCCTTC-400.2.3","Slingshot_PCA_rooted",53.1685437514771,670,"11","2",TRUE
"TATGCCCAGGTTACCT-400.2.3","Slingshot_PCA_rooted",12.9556552189916,200,"2","2",TRUE
"TATGCCCGTTCCGTCT-400.2.3","Slingshot_PCA_rooted",25.065570012058,345,"5","2",TRUE
"TATGCCCTCACCCGAG-400.2.3","Slingshot_PCA_rooted",10.6754198011762,200,"8","2",TRUE
"TATGCCCTCCGGGTGT-400.2.3","Slingshot_PCA_rooted",27.8072096005005,380,"5","2",TRUE
"TCAACGACACAACTGT-400.2.3","Slingshot_PCA_rooted",24.3183986185974,375,"13","2",TRUE
"TCAACGACACTGTTAG-400.2.3","Slingshot_PCA_rooted",19.4211390347301,270,"6","2",TRUE
"TCAATCTAGCGTCTAT-400.2.3","Slingshot_PCA_rooted",17.2217680262596,320,"10","2",TRUE
"TCAATCTCACGTAAGG-400.2.3","Slingshot_PCA_rooted",15.8520349587568,290,"1","2",TRUE
"TCAATCTGTCCGTCAG-400.2.3","Slingshot_PCA_rooted",12.2259386947878,220,"12","2",TRUE
"TCACGAAGTCCGCTGA-400.2.3","Slingshot_PCA_rooted",42.0138082975288,450,"11","2",TRUE
"TCACGAATCGTAGGAG-400.2.3","Slingshot_PCA_rooted",38.6182954269046,420,"1","2",TRUE
"TCAGATGAGAATTGTG-400.2.3","Slingshot_PCA_rooted",37.3996012246414,390,"1","2",TRUE
"TCAGCAAAGCAACGGT-400.2.3","Slingshot_PCA_rooted",24.692443827366,230,"3","2",TRUE
"TCAGCAACACGGTAAG-400.2.3","Slingshot_PCA_rooted",19.5290307741745,325,"9","2",TRUE
"TCAGCAAGTACAGTTC-400.2.3","Slingshot_PCA_rooted",40.1488395283594,450,"10","2",TRUE
"TCAGCTCCAGATCCAT-400.2.3","Slingshot_PCA_rooted",44.9106512124603,530,"10","2",TRUE
"TCAGCTCTCAGCGATT-400.2.3","Slingshot_PCA_rooted",14.7755358071279,300,"8","2",TRUE
"TCAGGATCACACTGCG-400.2.3","Slingshot_PCA_rooted",26.717679151876,300,"12","2",TRUE
"TCAGGATGTGATGATA-400.2.3","Slingshot_PCA_rooted",18.8253981718512,230,"3","2",TRUE
"TCAGGTAGTTCAACCA-400.2.3","Slingshot_PCA_rooted",20.4645893920941,325,"1","2",TRUE
"TCATTTGAGCCGGTAA-400.2.3","Slingshot_PCA_rooted",27.2251027443286,270,"3","2",TRUE
"TCATTTGTCGGGAGTA-400.2.3","Slingshot_PCA_rooted",21.5944755163256,420,"5","2",TRUE
"TCCACACAGCTGCCCA-400.2.3","Slingshot_PCA_rooted",8.8380502436902,190,"2","2",TRUE
"TCCACACAGTACTTGC-400.2.3","Slingshot_PCA_rooted",13.6083254904112,230,"3","2",TRUE
"TCCACACCACATCCGG-400.2.3","Slingshot_PCA_rooted",15.6798324586731,290,"4","2",TRUE
"TCCACACTCCCACTTG-400.2.3","Slingshot_PCA_rooted",24.3183986185974,340,"13","2",TRUE
"TCCACACTCGAGAGCA-400.2.3","Slingshot_PCA_rooted",30.9036558483696,385,"11","2",TRUE
"TCCCGATCAGAAGCAC-400.2.3","Slingshot_PCA_rooted",39.3452710762391,450,"14","2",TRUE
"TCGAGGCGTAAGTGGC-400.2.3","Slingshot_PCA_rooted",13.0525414554636,260,"8","2",TRUE
"TCGCGTTTCCCTAATT-400.2.3","Slingshot_PCA_rooted",53.8384148765667,635,"13","2",TRUE
"TCGGGACAGCAGATCG-400.2.3","Slingshot_PCA_rooted",21.0468096075474,330,"4","2",TRUE
"TCGGGACAGCCCAGCT-400.2.3","Slingshot_PCA_rooted",24.3680334440783,370,"4","2",TRUE
"TCGGGACGTACCGTAT-400.2.3","Slingshot_PCA_rooted",26.4319431671252,410,"9","2",TRUE
"TCGGTAACACATGGGA-400.2.3","Slingshot_PCA_rooted",7.65982934523545,190,"2","2",TRUE
"TCGGTAAGTAACGACG-400.2.3","Slingshot_PCA_rooted",18.6699063304804,330,"9","2",TRUE
"TCGTACCCACCTTGTC-400.2.3","Slingshot_PCA_rooted",15.0891553255155,290,"6","2",TRUE
"TCTATTGGTTGGAGGT-400.2.3","Slingshot_PCA_rooted",34.7886698752436,365,"11","2",TRUE
"TCTATTGTCCGTAGTA-400.2.3","Slingshot_PCA_rooted",23.0639818427574,365,"10","2",TRUE
"TCTCATAAGTATGACA-400.2.3","Slingshot_PCA_rooted",35.4511162121598,390,"10","2",TRUE
"TCTGAGACAATCGGTT-400.2.3","Slingshot_PCA_rooted",7.38042676204547,170,"2","2",TRUE
"TCTGGAATCACGCGGT-400.2.3","Slingshot_PCA_rooted",45.1041189872137,550,"16","2",TRUE
"TCTTCGGCAATTCCTT-400.2.3","Slingshot_PCA_rooted",28.6366744434104,370,"11","2",TRUE
"TCTTCGGCACATCCAA-400.2.3","Slingshot_PCA_rooted",16.1269626720026,310,"4","2",TRUE
"TCTTTCCCATAAAGGT-400.2.3","Slingshot_PCA_rooted",35.0016318091253,415,"11","2",TRUE
"TCTTTCCGTCGGCATC-400.2.3","Slingshot_PCA_rooted",23.0589971619103,370,"9","2",TRUE
"TGAAAGAAGTTTGCGT-400.2.3","Slingshot_PCA_rooted",29.9929573328237,405,"5","2",TRUE
"TGACAACTCCTACAGA-400.2.3","Slingshot_PCA_rooted",19.2786357679521,260,"8","2",TRUE
"TGACGGCCAGAAGCAC-400.2.3","Slingshot_PCA_rooted",36.3007735965431,490,"5","2",TRUE
"TGACGGCGTCCAAGTT-400.2.3","Slingshot_PCA_rooted",35.4107877605542,410,"9","2",TRUE
"TGACTAGCATCCGCGA-400.2.3","Slingshot_PCA_rooted",19.0981970085072,320,"6","2",TRUE
"TGACTAGGTCCCTTGT-400.2.3","Slingshot_PCA_rooted",33.6331794220883,410,"5","2",TRUE
"TGAGCATCATGGTTGT-400.2.3","Slingshot_PCA_rooted",37.5329582921705,420,"9","2",TRUE
"TGAGCATTCACAAACC-400.2.3","Slingshot_PCA_rooted",32.099572406268,410,"5","2",TRUE
"TGAGCATTCCGGGTGT-400.2.3","Slingshot_PCA_rooted",25.6875944519026,370,"4","2",TRUE
"TGAGCCGGTCGGATCC-400.2.3","Slingshot_PCA_rooted",27.1734660059129,350,"5","2",TRUE
"TGAGGGAAGGAGCGTT-400.2.3","Slingshot_PCA_rooted",13.0457211170599,245,"3","2",TRUE
"TGAGGGACAGGCTGAA-400.2.3","Slingshot_PCA_rooted",18.2622936994993,320,"10","2",TRUE
"TGATTTCAGGTTACCT-400.2.3","Slingshot_PCA_rooted",33.4898995309118,410,"13","2",TRUE
"TGATTTCCATCACGTA-400.2.3","Slingshot_PCA_rooted",13.5807976873646,240,"6","2",TRUE
"TGATTTCGTGACGCCT-400.2.3","Slingshot_PCA_rooted",20.9524186472528,320,"9","2",TRUE
"TGCCAAACACCATGTA-400.2.3","Slingshot_PCA_rooted",16.7293642911653,300,"10","2",TRUE
"TGCCCATAGATCGATA-400.2.3","Slingshot_PCA_rooted",32.8829970019623,390,"5","2",TRUE
"TGCCCATAGCCGGTAA-400.2.3","Slingshot_PCA_rooted",14.9230159977716,390,"4","2",TRUE
"TGCCCTATCTGGTTCC-400.2.3","Slingshot_PCA_rooted",12.9024912632048,245,"8","2",TRUE
"TGCGCAGAGCGTGTCC-400.2.3","Slingshot_PCA_rooted",35.1981875453377,405,"10","2",TRUE
"TGCGCAGGTAACGTTC-400.2.3","Slingshot_PCA_rooted",34.0524056134179,420,"5","2",TRUE
"TGCGGGTTCACTGGGC-400.2.3","Slingshot_PCA_rooted",25.3117831004388,350,"4","2",TRUE
"TGCGGGTTCGATGAGG-400.2.3","Slingshot_PCA_rooted",16.5666825238044,300,"9","2",TRUE
"TGCGTGGAGGAGTTGC-400.2.3","Slingshot_PCA_rooted",19.4053734766753,300,"4","2",TRUE
"TGCGTGGCATGTCTCC-400.2.3","Slingshot_PCA_rooted",33.6249083275218,360,"11","2",TRUE
"TGCGTGGTCTCAAGTG-400.2.3","Slingshot_PCA_rooted",26.6460066811937,365,"5","2",TRUE
"TGCTACCTCCGCGCAA-400.2.3","Slingshot_PCA_rooted",20.5636708177289,315,"5","2",TRUE
"TGCTGCTCAGCTGTAT-400.2.3","Slingshot_PCA_rooted",14.7421717861303,310,"4","2",TRUE
"TGCTGCTTCGCTAGCG-400.2.3","Slingshot_PCA_rooted",31.2114761951945,410,"4","2",TRUE
"TGGACGCAGATCGGGT-400.2.3","Slingshot_PCA_rooted",26.7916757886511,260,"3","2",TRUE
"TGGACGCCACGAAACG-400.2.3","Slingshot_PCA_rooted",18.0174210449655,300,"10","2",TRUE
"TGGCCAGAGATGTAAC-400.2.3","Slingshot_PCA_rooted",45.4530734023707,490,"15","2",TRUE
"TGGCCAGCAATAGAGT-400.2.3","Slingshot_PCA_rooted",42.164666539801,490,"1","2",TRUE
"TGGCCAGCATTGCGGC-400.2.3","Slingshot_PCA_rooted",21.1576536397171,350,"5","2",TRUE
"TGGCGCACATGACATC-400.2.3","Slingshot_PCA_rooted",5.41296971016395,170,"2","2",TRUE
"TGGCGCATCTGAGGGA-400.2.3","Slingshot_PCA_rooted",14.9648846028952,280,"10","2",TRUE
"TGGCTGGGTAGCTAAA-400.2.3","Slingshot_PCA_rooted",39.9280423980175,450,"11","2",TRUE
"TGGCTGGGTTCCACAA-400.2.3","Slingshot_PCA_rooted",12.2341191260308,200,"2","2",TRUE
"TGGCTGGTCCCAAGAT-400.2.3","Slingshot_PCA_rooted",41.4654609523122,450,"9","2",TRUE
"TGGGAAGAGTATCGAA-400.2.3","Slingshot_PCA_rooted",26.7740385329181,215,"3","2",TRUE
"TGGGAAGGTAATCACC-400.2.3","Slingshot_PCA_rooted",35.0481918216273,300,"12","2",TRUE
"TGGGCGTGTGTCCTCT-400.2.3","Slingshot_PCA_rooted",8.64262761486366,195,"2","2",TRUE
"TGGGCGTGTTATCACG-400.2.3","Slingshot_PCA_rooted",7.51744926935423,190,"2","2",TRUE
"TGGTTAGAGCTGCCCA-400.2.3","Slingshot_PCA_rooted",13.0400536263817,300,"4","2",TRUE
"TGGTTAGGTCTCCACT-400.2.3","Slingshot_PCA_rooted",12.7271578264205,390,"2","2",TRUE
"TGGTTCCTCTTTACGT-400.2.3","Slingshot_PCA_rooted",24.4583540683951,350,"5","2",TRUE
"TGTATTCCATCGGGTC-400.2.3","Slingshot_PCA_rooted",29.2355194029675,295,"12","2",TRUE
"TGTCCCATCCGAGCCA-400.2.3","Slingshot_PCA_rooted",40.120819630432,440,"11","2",TRUE
"TGTTCCGGTCAGAATA-400.2.3","Slingshot_PCA_rooted",29.8714327102292,275,"3","2",TRUE
"TGTTCCGTCAGCAACT-400.2.3","Slingshot_PCA_rooted",14.5687606320628,260,"8","2",TRUE
"TTAGGACAGATCGATA-400.2.3","Slingshot_PCA_rooted",15.8059465322192,290,"4","2",TRUE
"TTAGGCATCGCTTGTC-400.2.3","Slingshot_PCA_rooted",17.6953771686278,310,"4","2",TRUE
"TTAGGCATCGGAAATA-400.2.3","Slingshot_PCA_rooted",7.97460680447021,170,"2","2",TRUE
"TTAGTTCGTAGCGTCC-400.2.3","Slingshot_PCA_rooted",13.1629686852399,230,"3","2",TRUE
"TTATGCTAGTGGTAAT-400.2.3","Slingshot_PCA_rooted",6.0758060996352,170,"2","2",TRUE
"TTCCCAGGTAGGGACT-400.2.3","Slingshot_PCA_rooted",7.24584039410015,170,"2","2",TRUE
"TTCCCAGTCGTACGGC-400.2.3","Slingshot_PCA_rooted",27.3173764428391,385,"9","2",TRUE
"TTCGAAGAGGATGGAA-400.2.3","Slingshot_PCA_rooted",22.9126449105903,350,"10","2",TRUE
"TTCGAAGGTCTGATCA-400.2.3","Slingshot_PCA_rooted",25.5344373941966,360,"10","2",TRUE
"TTCTACAAGTGTACGG-400.2.3","Slingshot_PCA_rooted",16.1920522752715,300,"10","2",TRUE
"TTCTACATCTCCGGTT-400.2.3","Slingshot_PCA_rooted",20.2455803083445,320,"1","2",TRUE
"TTCTCAACACCGGAAA-400.2.3","Slingshot_PCA_rooted",8.95073511754871,165,"2","2",TRUE
"TTCTCAACATGAACCT-400.2.3","Slingshot_PCA_rooted",12.8939100506048,700,"2","2",TRUE
"TTCTCCTCATAGACTC-400.2.3","Slingshot_PCA_rooted",13.8889546598675,260,"8","2",TRUE
"TTCTTAGAGCACACAG-400.2.3","Slingshot_PCA_rooted",25.0058566359262,350,"10","2",TRUE
"TTCTTAGCAGCATACT-400.2.3","Slingshot_PCA_rooted",35.3372325136408,410,"11","2",TRUE
"TTCTTAGCAGTAACGG-400.2.3","Slingshot_PCA_rooted",34.7718548053049,310,"12","2",TRUE
"TTCTTAGCATTGAGCT-400.2.3","Slingshot_PCA_rooted",12.4899321323129,230,"3","2",TRUE
"TTCTTAGTCCGCGGTA-400.2.3","Slingshot_PCA_rooted",9.58175341177997,200,"8","2",TRUE
"TTGAACGAGGACCACA-400.2.3","Slingshot_PCA_rooted",39.2095535349161,450,"16","2",TRUE
"TTGACTTAGACAGACC-400.2.3","Slingshot_PCA_rooted",6.70956075385469,190,"2","2",TRUE
"TTGACTTCATATGCTG-400.2.3","Slingshot_PCA_rooted",32.894461343122,395,"13","2",TRUE
"TTGGAACGTTACCGAT-400.2.3","Slingshot_PCA_rooted",21.7445761770692,340,"10","2",TRUE
"TTGGAACGTTTAGCTG-400.2.3","Slingshot_PCA_rooted",21.6507854017629,350,"10","2",TRUE
"TTGTAGGTCACATGCA-400.2.3","Slingshot_PCA_rooted",19.0456426753148,320,"10","2",TRUE
"TTGTAGGTCCGTTGCT-400.2.3","Slingshot_PCA_rooted",39.1485529596332,435,"9","2",TRUE
"TTTACTGCATCCAACA-400.2.3","Slingshot_PCA_rooted",26.4826340718651,360,"5","2",TRUE
"TTTACTGGTCGAAAGC-400.2.3","Slingshot_PCA_rooted",5.85163846684451,190,"2","2",TRUE
"TTTATGCCAGTATAAG-400.2.3","Slingshot_PCA_rooted",17.7122142415853,300,"10","2",TRUE
"TTTATGCTCCTCAATT-400.2.3","Slingshot_PCA_rooted",25.2204532659795,280,"6","2",TRUE
"TTTCCTCGTGGAAAGA-400.2.3","Slingshot_PCA_rooted",18.9753319614283,260,"8","2",TRUE
"TTTCCTCTCATGTCTT-400.2.3","Slingshot_PCA_rooted",13.8436919871471,260,"3","2",TRUE
"TTTGCGCAGAAACGCC-400.2.3","Slingshot_PCA_rooted",9.16943750972764,195,"2","2",TRUE
"TTTGCGCAGTTCCACA-400.2.3","Slingshot_PCA_rooted",33.8296492238293,360,"1","2",TRUE
"TTTGGTTGTAAACACA-400.2.3","Slingshot_PCA_rooted",7.06260865294904,190,"2","2",TRUE
"TTTGTCAAGTGTTAGA-400.2.3","Slingshot_PCA_rooted",12.6135545749354,215,"8","2",TRUE
"TTTGTCAGTGCTAGCC-400.2.3","Slingshot_PCA_rooted",34.2891087909851,420,"14","2",TRUE
"AAACGGGCACCAACCG-500.1.1","Slingshot_PCA_rooted",39.6308618972735,490,"16","2",TRUE
"AAACGGGGTGGCCCTA-500.1.1","Slingshot_PCA_rooted",43.3639256756688,490,"1","2",TRUE
"AAAGATGAGCTCCTTC-500.1.1","Slingshot_PCA_rooted",42.0231608023575,550,"16","2",TRUE
"AAAGATGTCCTACAGA-500.1.1","Slingshot_PCA_rooted",29.7592719875015,365,"4","2",TRUE
"AAAGCAATCGATGAGG-500.1.1","Slingshot_PCA_rooted",48.7085713856034,620,"10","2",TRUE
"AAAGTAGCAGTAGAGC-500.1.1","Slingshot_PCA_rooted",33.7892909356264,420,"5","2",TRUE
"AAATGCCAGAGTAAGG-500.1.1","Slingshot_PCA_rooted",40.9872291838624,530,"4","2",TRUE
"AAATGCCGTCTTCAAG-500.1.1","Slingshot_PCA_rooted",29.0862673474235,380,"13","2",TRUE
"AAATGCCGTTATTCTC-500.1.1","Slingshot_PCA_rooted",44.8265644768338,530,"1","2",TRUE
"AACACGTTCGGAAACG-500.1.1","Slingshot_PCA_rooted",47.9376557997913,550,"15","2",TRUE
"AACCATGGTTAAGATG-500.1.1","Slingshot_PCA_rooted",33.0945304602486,390,"5","2",TRUE
"AACCATGTCTGGGCCA-500.1.1","Slingshot_PCA_rooted",35.7489949044052,450,"4","2",TRUE
"AACCGCGAGTGAACAT-500.1.1","Slingshot_PCA_rooted",44.6307135382778,640,"5","2",TRUE
"AACCGCGTCACAGGCC-500.1.1","Slingshot_PCA_rooted",45.6178702743588,500,"11","2",TRUE
"AACTCCCAGAAGGGTA-500.1.1","Slingshot_PCA_rooted",43.7299034095949,470,"10","2",TRUE
"AACTCCCGTCGCGAAA-500.1.1","Slingshot_PCA_rooted",32.1904090591661,365,"5","2",TRUE
"AACTGGTCAAGGACTG-500.1.1","Slingshot_PCA_rooted",30.4523054218807,410,"5","2",TRUE
"AACTTTCTCCCTAATT-500.1.1","Slingshot_PCA_rooted",31.7006689105746,395,"13","2",TRUE
"AAGCCGCGTAGCTTGT-500.1.1","Slingshot_PCA_rooted",27.9744899950232,390,"10","2",TRUE
"AAGCCGCGTCAACATC-500.1.1","Slingshot_PCA_rooted",37.1909133170197,440,"14","2",TRUE
"AAGGAGCCACGCTTTC-500.1.1","Slingshot_PCA_rooted",27.6611942924516,355,"4","2",TRUE
"AAGGAGCTCCGTTGTC-500.1.1","Slingshot_PCA_rooted",40.8897440487487,450,"11","2",TRUE
"AAGTCTGCAACCGCCA-500.1.1","Slingshot_PCA_rooted",41.5944911009573,430,"1","2",TRUE
"AAGTCTGCAGGGTATG-500.1.1","Slingshot_PCA_rooted",33.0273129510417,390,"5","2",TRUE
"AATCCAGAGAGTAATC-500.1.1","Slingshot_PCA_rooted",44.8571234023239,490,"13","2",TRUE
"AATCCAGGTACCGAGA-500.1.1","Slingshot_PCA_rooted",26.422526873746,365,"5","2",TRUE
"AATCCAGTCCTGTAGA-500.1.1","Slingshot_PCA_rooted",27.3772188355363,365,"4","2",TRUE
"AATCGGTAGAGCTGCA-500.1.1","Slingshot_PCA_rooted",47.2924379616805,490,"13","2",TRUE
"AATCGGTCAAAGAATC-500.1.1","Slingshot_PCA_rooted",29.8218665049125,335,"6","2",TRUE
"AATCGGTCACTTAACG-500.1.1","Slingshot_PCA_rooted",46.3372291329838,550,"15","2",TRUE
"AATCGGTGTCAATGTC-500.1.1","Slingshot_PCA_rooted",35.8474186307088,420,"5","2",TRUE
"ACACCAACAATACGCT-500.1.1","Slingshot_PCA_rooted",41.7154045074611,490,"11","2",TRUE
"ACACCAACACAAGTAA-500.1.1","Slingshot_PCA_rooted",27.824362318612,365,"5","2",TRUE
"ACACCAATCAAGGCTT-500.1.1","Slingshot_PCA_rooted",25.905345922342,360,"1","2",TRUE
"ACACCCTCATGACGGA-500.1.1","Slingshot_PCA_rooted",52.278260413286,620,"16","2",TRUE
"ACACCCTGTCACACGC-500.1.1","Slingshot_PCA_rooted",37.3368228798351,440,"14","2",TRUE
"ACACCGGCAAGAAAGG-500.1.1","Slingshot_PCA_rooted",39.594448693304,440,"13","2",TRUE
"ACACCGGGTACTCAAC-500.1.1","Slingshot_PCA_rooted",37.0494596693917,405,"11","2",TRUE
"ACACTGAAGCATCATC-500.1.1","Slingshot_PCA_rooted",49.5573186264634,700,"11","2",TRUE
"ACAGCCGCAAACTGTC-500.1.1","Slingshot_PCA_rooted",33.6784399581856,420,"4","2",TRUE
"ACAGCCGGTGCCTGTG-500.1.1","Slingshot_PCA_rooted",27.5761604897688,365,"4","2",TRUE
"ACAGCTATCACAATGC-500.1.1","Slingshot_PCA_rooted",23.6645330669004,370,"4","2",TRUE
"ACAGCTATCGCAAGCC-500.1.1","Slingshot_PCA_rooted",35.6737906936727,425,"5","2",TRUE
"ACAGCTATCTCGGACG-500.1.1","Slingshot_PCA_rooted",46.1197517073333,420,"5","2",TRUE
"ACATCAGAGGCATTGG-500.1.1","Slingshot_PCA_rooted",27.3055663284685,355,"5","2",TRUE
"ACCAGTACACCCATGG-500.1.1","Slingshot_PCA_rooted",48.7273514654622,550,"16","2",TRUE
"ACCAGTAGTGTCCTCT-500.1.1","Slingshot_PCA_rooted",35.5788027935186,440,"5","2",TRUE
"ACCCACTAGACATAAC-500.1.1","Slingshot_PCA_rooted",38.778130086794,420,"13","2",TRUE
"ACCCACTAGGAATGGA-500.1.1","Slingshot_PCA_rooted",43.5012609910904,450,"9","2",TRUE
"ACCCACTGTCCAACTA-500.1.1","Slingshot_PCA_rooted",24.9837575933068,360,"4","2",TRUE
"ACCCACTGTCCGTGAC-500.1.1","Slingshot_PCA_rooted",24.2083632581506,370,"4","2",TRUE
"ACCCACTGTTGGACCC-500.1.1","Slingshot_PCA_rooted",36.9454049499053,450,"5","2",TRUE
"ACCGTAAAGAGCAATT-500.1.1","Slingshot_PCA_rooted",46.3976291810912,550,"9","2",TRUE
"ACCGTAACATAGAAAC-500.1.1","Slingshot_PCA_rooted",35.0794199169532,425,"5","2",TRUE
"ACCTTTATCTCCAGGG-500.1.1","Slingshot_PCA_rooted",57.7023623699627,670,"16","2",TRUE
"ACGAGCCGTCTCTTTA-500.1.1","Slingshot_PCA_rooted",43.9664077819791,550,"16","2",TRUE
"ACGATACCATTAGGCT-500.1.1","Slingshot_PCA_rooted",42.9400030098242,490,"16","2",TRUE
"ACGATACGTGACTCAT-500.1.1","Slingshot_PCA_rooted",30.7925217221542,385,"5","2",TRUE
"ACGATGTCACATAACC-500.1.1","Slingshot_PCA_rooted",40.9129169341689,450,"9","2",TRUE
"ACGATGTCAGGTGGAT-500.1.1","Slingshot_PCA_rooted",46.680495929947,585,"9","2",TRUE
"ACGATGTTCTTCCTTC-500.1.1","Slingshot_PCA_rooted",27.2087923756733,360,"1","2",TRUE
"ACGCCAGGTCTTGCGG-500.1.1","Slingshot_PCA_rooted",34.4063871615302,420,"5","2",TRUE
"ACGGAGATCTTGCATT-500.1.1","Slingshot_PCA_rooted",37.4488331188673,410,"10","2",TRUE
"ACGGCCATCCGAGCCA-500.1.1","Slingshot_PCA_rooted",43.5519285232733,640,"5","2",TRUE
"ACGGCCATCGCAAGCC-500.1.1","Slingshot_PCA_rooted",37.1110742819669,410,"9","2",TRUE
"ACGGGCTAGTTAACGA-500.1.1","Slingshot_PCA_rooted",44.1624983012651,530,"1","2",TRUE
"ACGGGCTTCACGATGT-500.1.1","Slingshot_PCA_rooted",27.0666369190158,370,"4","2",TRUE
"ACGGGTCGTCGACTGC-500.1.1","Slingshot_PCA_rooted",40.2469333299981,450,"14","2",TRUE
"ACGGGTCTCAACACGT-500.1.1","Slingshot_PCA_rooted",35.4450399741426,380,"11","2",TRUE
"ACGTCAAAGCACAGGT-500.1.1","Slingshot_PCA_rooted",33.8325237750285,420,"13","2",TRUE
"ACTATCTAGAGTAATC-500.1.1","Slingshot_PCA_rooted",27.207363157635,390,"10","2",TRUE
"ACTATCTAGATGTCGG-500.1.1","Slingshot_PCA_rooted",20.8984320539715,345,"9","2",TRUE
"ACTATCTCACGTCTCT-500.1.1","Slingshot_PCA_rooted",31.0713481408456,390,"4","2",TRUE
"ACTGAGTCAGAGCCAA-500.1.1","Slingshot_PCA_rooted",47.7502296330822,640,"9","2",TRUE
"ACTGAGTTCCCTTGTG-500.1.1","Slingshot_PCA_rooted",53.683811503919,635,"9","2",TRUE
"ACTGTCCAGGGTCTCC-500.1.1","Slingshot_PCA_rooted",30.2340739652305,390,"5","2",TRUE
"ACTGTCCCAGCGTTCG-500.1.1","Slingshot_PCA_rooted",34.6191083438296,400,"5","2",TRUE
"ACTGTCCGTCTCAACA-500.1.1","Slingshot_PCA_rooted",43.2969063868245,490,"11","2",TRUE
"ACTGTCCTCACCCGAG-500.1.1","Slingshot_PCA_rooted",27.5099387246189,390,"10","2",TRUE
"ACTGTCCTCCTGCAGG-500.1.1","Slingshot_PCA_rooted",42.412759143118,550,"16","2",TRUE
"ACTTACTCAAGCCGCT-500.1.1","Slingshot_PCA_rooted",42.6478861568252,470,"5","2",TRUE
"ACTTTCAAGATGTGGC-500.1.1","Slingshot_PCA_rooted",32.500300446848,390,"4","2",TRUE
"ACTTTCACACATGGGA-500.1.1","Slingshot_PCA_rooted",46.3375149370098,640,"4","2",TRUE
"ACTTTCAGTAAACGCG-500.1.1","Slingshot_PCA_rooted",43.3449224458187,470,"11","2",TRUE
"AGAATAGTCACTTATC-500.1.1","Slingshot_PCA_rooted",18.4551259595684,325,"10","2",TRUE
"AGACGTTCAGCGTCCA-500.1.1","Slingshot_PCA_rooted",34.8777552427824,420,"13","2",TRUE
"AGACGTTGTATAGTAG-500.1.1","Slingshot_PCA_rooted",40.0019938411848,490,"5","2",TRUE
"AGACGTTTCTGGTGTA-500.1.1","Slingshot_PCA_rooted",26.4676736838533,360,"5","2",TRUE
"AGAGCGAGTTGTACAC-500.1.1","Slingshot_PCA_rooted",57.3845774997333,700,"15","2",TRUE
"AGAGCGATCCTCTAGC-500.1.1","Slingshot_PCA_rooted",46.2912261163734,550,"16","2",TRUE
"AGAGTGGCATGCCCGA-500.1.1","Slingshot_PCA_rooted",28.4376802057942,375,"4","2",TRUE
"AGAGTGGTCCTAGAAC-500.1.1","Slingshot_PCA_rooted",47.509066263068,500,"13","2",TRUE
"AGATCTGAGTACGACG-500.1.1","Slingshot_PCA_rooted",44.5909662852538,510,"1","2",TRUE
"AGATCTGTCCGTCAAA-500.1.1","Slingshot_PCA_rooted",58.7650559257978,725,"11","2",TRUE
"AGATTGCTCCAGTAGT-500.1.1","Slingshot_PCA_rooted",50.2378096153089,585,"15","2",TRUE
"AGCAGCCCAGTATGCT-500.1.1","Slingshot_PCA_rooted",57.9945264686998,700,"9","2",TRUE
"AGCATACAGGGTTCCC-500.1.1","Slingshot_PCA_rooted",35.1431594119648,405,"10","2",TRUE
"AGCGGTCTCGTGACAT-500.1.1","Slingshot_PCA_rooted",43.9312302395225,510,"1","2",TRUE
"AGCTCTCCAAGGGTCA-500.1.1","Slingshot_PCA_rooted",38.4410218102048,450,"13","2",TRUE
"AGCTTGACAGTGACAG-500.1.1","Slingshot_PCA_rooted",46.4995875961894,490,"14","2",TRUE
"AGCTTGACATTACGAC-500.1.1","Slingshot_PCA_rooted",59.4443463125053,725,"9","2",TRUE
"AGCTTGAGTCTTGATG-500.1.1","Slingshot_PCA_rooted",23.0300559420839,360,"4","2",TRUE
"AGGCCGTTCATGCTCC-500.1.1","Slingshot_PCA_rooted",37.3459876418817,450,"14","2",TRUE
"AGGGAGTCAGTAGAGC-500.1.1","Slingshot_PCA_rooted",29.1023035436077,390,"10","2",TRUE
"AGGGATGAGCTGCCCA-500.1.1","Slingshot_PCA_rooted",30.140723561689,380,"5","2",TRUE
"AGGGATGCAAGGACTG-500.1.1","Slingshot_PCA_rooted",22.2248286995981,350,"4","2",TRUE
"AGGGTGAGTAGATTAG-500.1.1","Slingshot_PCA_rooted",54.003788291766,585,"13","2",TRUE
"AGGTCATCAATACGCT-500.1.1","Slingshot_PCA_rooted",43.5785434555135,550,"16","2",TRUE
"AGGTCCGAGGATATAC-500.1.1","Slingshot_PCA_rooted",41.6522330714551,450,"11","2",TRUE
"AGGTCCGCAAGACGTG-500.1.1","Slingshot_PCA_rooted",27.1981743686744,380,"4","2",TRUE
"AGTAGTCGTTATTCTC-500.1.1","Slingshot_PCA_rooted",48.03652962161,620,"16","2",TRUE
"AGTAGTCGTTGTACAC-500.1.1","Slingshot_PCA_rooted",38.9808690244175,450,"5","2",TRUE
"AGTGAGGTCTTGGGTA-500.1.1","Slingshot_PCA_rooted",31.9051419891881,350,"11","2",TRUE
"AGTGGGATCGAGCCCA-500.1.1","Slingshot_PCA_rooted",33.6112982024787,390,"5","2",TRUE
"AGTGTCAGTAATCACC-500.1.1","Slingshot_PCA_rooted",48.3286529832603,350,"5","2",TRUE
"ATAAGAGAGATGCCAG-500.1.1","Slingshot_PCA_rooted",48.0818652789692,550,"10","2",TRUE
"ATAAGAGCAATGTTGC-500.1.1","Slingshot_PCA_rooted",30.1304722890137,390,"5","2",TRUE
"ATAAGAGGTCTAAAGA-500.1.1","Slingshot_PCA_rooted",28.9393524674854,410,"10","2",TRUE
"ATAGACCGTGTAACGG-500.1.1","Slingshot_PCA_rooted",32.7809208568893,390,"5","2",TRUE
"ATCACGAAGAGACTTA-500.1.1","Slingshot_PCA_rooted",38.8771638997423,490,"16","2",TRUE
"ATCACGAGTAAATGTG-500.1.1","Slingshot_PCA_rooted",42.8934397875378,440,"15","2",TRUE
"ATCATGGCAGGACCCT-500.1.1","Slingshot_PCA_rooted",36.7583282193009,390,"1","2",TRUE
"ATCCGAACAATTGCTG-500.1.1","Slingshot_PCA_rooted",28.3807066668886,355,"10","2",TRUE
"ATCCGAAGTGTGCGTC-500.1.1","Slingshot_PCA_rooted",49.428641644562,640,"5","2",TRUE
"ATCGAGTAGAGGTTAT-500.1.1","Slingshot_PCA_rooted",38.2453004901834,410,"10","2",TRUE
"ATCGAGTAGGCTATCT-500.1.1","Slingshot_PCA_rooted",50.4489488968891,640,"15","2",TRUE
"ATCGAGTGTAGAGCTG-500.1.1","Slingshot_PCA_rooted",48.8693099929636,585,"5","2",TRUE
"ATCTACTAGAACTCGG-500.1.1","Slingshot_PCA_rooted",47.3941367279813,510,"14","2",TRUE
"ATCTACTGTAAACGCG-500.1.1","Slingshot_PCA_rooted",30.3482293993463,380,"5","2",TRUE
"ATCTACTTCTCGCTTG-500.1.1","Slingshot_PCA_rooted",53.300726055786,640,"15","2",TRUE
"ATCTGCCAGCAGCCTC-500.1.1","Slingshot_PCA_rooted",39.8172383875072,450,"10","2",TRUE
"ATCTGCCAGGATGGTC-500.1.1","Slingshot_PCA_rooted",41.5152083378805,450,"10","2",TRUE
"ATCTGCCTCCCGACTT-500.1.1","Slingshot_PCA_rooted",29.6788524656972,385,"9","2",TRUE
"ATGCGATCAATCCGAT-500.1.1","Slingshot_PCA_rooted",52.2202463074047,620,"16","2",TRUE
"ATGCGATGTAATCGTC-500.1.1","Slingshot_PCA_rooted",43.1994222899165,490,"14","2",TRUE
"ATGCGATTCAAGAAGT-500.1.1","Slingshot_PCA_rooted",41.0255655650176,450,"13","2",TRUE
"ATGCGATTCTTGACGA-500.1.1","Slingshot_PCA_rooted",38.8771638997423,470,"16","2",TRUE
"ATGGGAGTCATCGCTC-500.1.1","Slingshot_PCA_rooted",31.8999102835849,390,"5","2",TRUE
"ATGGGAGTCCGATATG-500.1.1","Slingshot_PCA_rooted",57.6089094690055,640,"1","2",TRUE
"ATTACTCTCGTGGTCG-500.1.1","Slingshot_PCA_rooted",52.0342233851632,670,"11","2",TRUE
"ATTATCCCATGTAAGA-500.1.1","Slingshot_PCA_rooted",35.25827676833,450,"4","2",TRUE
"ATTATCCTCCACTGGG-500.1.1","Slingshot_PCA_rooted",40.0946697479399,405,"10","2",TRUE
"ATTCTACGTGTAACGG-500.1.1","Slingshot_PCA_rooted",32.2558627170797,390,"5","2",TRUE
"ATTGGACCAGTCAGAG-500.1.1","Slingshot_PCA_rooted",44.7688084591468,490,"14","2",TRUE
"ATTGGTGGTTTCGCTC-500.1.1","Slingshot_PCA_rooted",54.9605100159047,640,"1","2",TRUE
"ATTGGTGTCACCTTAT-500.1.1","Slingshot_PCA_rooted",43.5012609910904,500,"9","2",TRUE
"ATTGGTGTCGGACAAG-500.1.1","Slingshot_PCA_rooted",33.2846466805314,420,"5","2",TRUE
"ATTTCTGAGAACAATC-500.1.1","Slingshot_PCA_rooted",44.1625573924717,550,"4","2",TRUE
"CAACCAAGTAGAAAGG-500.1.1","Slingshot_PCA_rooted",32.7202897983024,295,"3","2",TRUE
"CAACCTCCATGGTCAT-500.1.1","Slingshot_PCA_rooted",34.0862906509302,420,"5","2",TRUE
"CAACCTCGTTAAGATG-500.1.1","Slingshot_PCA_rooted",48.1076946586339,520,"1","2",TRUE
"CAACTAGAGTCGAGTG-500.1.1","Slingshot_PCA_rooted",35.5065986526774,360,"1","2",TRUE
"CAACTAGTCGCCCTTA-500.1.1","Slingshot_PCA_rooted",62.3676957034035,700,"1","2",TRUE
"CAAGAAATCTAACTCT-500.1.1","Slingshot_PCA_rooted",27.7372944683691,365,"5","2",TRUE
"CAAGATCAGTACGTAA-500.1.1","Slingshot_PCA_rooted",43.9718347934895,490,"10","2",TRUE
"CAAGATCCAGCCACCA-500.1.1","Slingshot_PCA_rooted",35.7943667480602,405,"10","2",TRUE
"CAAGATCGTCCATCCT-500.1.1","Slingshot_PCA_rooted",61.9229923631783,700,"1","2",TRUE
"CAAGGCCAGAGTGAGA-500.1.1","Slingshot_PCA_rooted",41.2700172238589,510,"16","2",TRUE
"CAAGGCCAGGTGATAT-500.1.1","Slingshot_PCA_rooted",39.0352466964027,390,"1","2",TRUE
"CAAGGCCCACGAGGTA-500.1.1","Slingshot_PCA_rooted",34.0362364722473,420,"14","2",TRUE
"CACAAACCACTCAGGC-500.1.1","Slingshot_PCA_rooted",35.8583190692503,470,"5","2",TRUE
"CACACCTCAAAGTGCG-500.1.1","Slingshot_PCA_rooted",46.5385190478901,490,"15","2",TRUE
"CACACCTCAGATCTGT-500.1.1","Slingshot_PCA_rooted",28.486422583368,370,"4","2",TRUE
"CACACCTGTACCCAAT-500.1.1","Slingshot_PCA_rooted",34.6020724167465,415,"5","2",TRUE
"CACACTCGTCATATGC-500.1.1","Slingshot_PCA_rooted",41.9096614655024,450,"9","2",TRUE
"CACAGTATCGTAGGTT-500.1.1","Slingshot_PCA_rooted",45.013282515112,630,"4","2",TRUE
"CACATAGAGACTAGGC-500.1.1","Slingshot_PCA_rooted",31.1049874996477,370,"5","2",TRUE
"CACATAGGTCAGTGGA-500.1.1","Slingshot_PCA_rooted",30.1721069903086,385,"5","2",TRUE
"CACATAGGTGGGTCAA-500.1.1","Slingshot_PCA_rooted",47.1179391318758,420,"5","2",TRUE
"CACATTTGTTTACTCT-500.1.1","Slingshot_PCA_rooted",13.4627670655195,620,"2","2",TRUE
"CACCACTGTAACGTTC-500.1.1","Slingshot_PCA_rooted",41.2419583935306,490,"16","2",TRUE
"CACCACTTCTTGCATT-500.1.1","Slingshot_PCA_rooted",45.0530500182907,490,"11","2",TRUE
"CACCAGGAGTGGAGAA-500.1.1","Slingshot_PCA_rooted",39.2738545280061,490,"16","2",TRUE
"CACCTTGGTTCCAACA-500.1.1","Slingshot_PCA_rooted",34.3681837183361,405,"13","2",TRUE
"CACCTTGTCAAGATCC-500.1.1","Slingshot_PCA_rooted",33.8612677799618,435,"5","2",TRUE
"CAGAATCCAGTATCTG-500.1.1","Slingshot_PCA_rooted",43.1908687301159,450,"13","2",TRUE
"CAGAATCTCGCGTAGC-500.1.1","Slingshot_PCA_rooted",22.6376984321117,355,"10","2",TRUE
"CAGATCACAGGACCCT-500.1.1","Slingshot_PCA_rooted",43.4291462848789,490,"15","2",TRUE
"CAGATCAGTCGACTAT-500.1.1","Slingshot_PCA_rooted",25.0598738565872,390,"5","2",TRUE
"CAGCATAAGCGCTCCA-500.1.1","Slingshot_PCA_rooted",41.2094544607278,450,"11","2",TRUE
"CAGCCGATCCACGAAT-500.1.1","Slingshot_PCA_rooted",28.4144235789435,380,"5","2",TRUE
"CAGCGACAGGGCACTA-500.1.1","Slingshot_PCA_rooted",44.7147972509177,490,"15","2",TRUE
"CAGCTAACAAGCCGTC-500.1.1","Slingshot_PCA_rooted",35.027731123849,420,"14","2",TRUE
"CAGCTGGCATTGGCGC-500.1.1","Slingshot_PCA_rooted",34.3206858807535,410,"5","2",TRUE
"CAGGTGCAGACAGAGA-500.1.1","Slingshot_PCA_rooted",36.1070631591656,450,"4","2",TRUE
"CAGTAACGTACAGACG-500.1.1","Slingshot_PCA_rooted",46.2423840275273,510,"1","2",TRUE
"CAGTAACGTTCACCTC-500.1.1","Slingshot_PCA_rooted",18.9817060118835,330,"4","2",TRUE
"CAGTCCTAGGACGAAA-500.1.1","Slingshot_PCA_rooted",33.0186671513755,420,"5","2",TRUE
"CAGTCCTGTCCCTTGT-500.1.1","Slingshot_PCA_rooted",48.5119758102348,700,"16","2",TRUE
"CATATTCAGTAGGTGC-500.1.1","Slingshot_PCA_rooted",27.51653776798,370,"10","2",TRUE
"CATATTCAGTGTCCCG-500.1.1","Slingshot_PCA_rooted",51.1293251563962,550,"16","2",TRUE
"CATATTCTCGGTGTTA-500.1.1","Slingshot_PCA_rooted",43.5513474301404,490,"1","2",TRUE
"CATCAAGAGGGTTCCC-500.1.1","Slingshot_PCA_rooted",40.1942037277143,490,"16","2",TRUE
"CATCAAGAGTCGCCGT-500.1.1","Slingshot_PCA_rooted",53.7719089755458,585,"13","2",TRUE
"CATCAAGAGTGTCCAT-500.1.1","Slingshot_PCA_rooted",44.354047149122,520,"16","2",TRUE
"CATCAAGTCCACGTTC-500.1.1","Slingshot_PCA_rooted",38.2461818637852,410,"9","2",TRUE
"CATCCACGTTGGAGGT-500.1.1","Slingshot_PCA_rooted",38.8161829960263,450,"16","2",TRUE
"CATCCACTCTATCGCC-500.1.1","Slingshot_PCA_rooted",53.3219138205862,700,"9","2",TRUE
"CATCGAAGTAAGTGTA-500.1.1","Slingshot_PCA_rooted",57.5869431523254,725,"11","2",TRUE
"CATCGAATCTTTAGTC-500.1.1","Slingshot_PCA_rooted",38.9252494015703,425,"1","2",TRUE
"CATCGGGAGACCCACC-500.1.1","Slingshot_PCA_rooted",38.2056737921101,490,"14","2",TRUE
"CATCGGGCATCGTCGG-500.1.1","Slingshot_PCA_rooted",53.2080567757164,585,"1","2",TRUE
"CATCGGGTCTTCGAGA-500.1.1","Slingshot_PCA_rooted",37.127047275992,420,"13","2",TRUE
"CATGACACACCCAGTG-500.1.1","Slingshot_PCA_rooted",41.5371679889089,490,"16","2",TRUE
"CATTATCGTAAGGGCT-500.1.1","Slingshot_PCA_rooted",31.4309630408993,380,"5","2",TRUE
"CATTATCTCGTACGGC-500.1.1","Slingshot_PCA_rooted",28.1303683956883,370,"4","2",TRUE
"CATTCGCGTCTTCGTC-500.1.1","Slingshot_PCA_rooted",48.1896044286333,670,"16","2",TRUE
"CCACCTAAGAGGTACC-500.1.1","Slingshot_PCA_rooted",38.8771638997423,450,"16","2",TRUE
"CCACGGAAGATCCTGT-500.1.1","Slingshot_PCA_rooted",42.1708845506465,450,"9","2",TRUE
"CCACGGAAGCGATCCC-500.1.1","Slingshot_PCA_rooted",35.6464259898704,395,"10","2",TRUE
"CCACGGAAGGACAGCT-500.1.1","Slingshot_PCA_rooted",43.0632401600772,490,"9","2",TRUE
"CCACTACAGCTGTCTA-500.1.1","Slingshot_PCA_rooted",45.5163915919935,620,"16","2",TRUE
"CCACTACCAAGGTGTG-500.1.1","Slingshot_PCA_rooted",28.2683665144899,365,"4","2",TRUE
"CCACTACCACGAAGCA-500.1.1","Slingshot_PCA_rooted",34.7891489888373,405,"13","2",TRUE
"CCAGCGAAGGGTCGAT-500.1.1","Slingshot_PCA_rooted",50.9422955059952,620,"5","2",TRUE
"CCAGCGACATCAGTAC-500.1.1","Slingshot_PCA_rooted",24.8049221968209,350,"4","2",TRUE
"CCATTCGCAGCCTTTC-500.1.1","Slingshot_PCA_rooted",42.7054653798331,450,"9","2",TRUE
"CCATTCGGTCGACTAT-500.1.1","Slingshot_PCA_rooted",52.7413821853644,640,"11","2",TRUE
"CCATTCGTCGGGAGTA-500.1.1","Slingshot_PCA_rooted",40.9591397501864,450,"10","2",TRUE
"CCATTCGTCTTATCTG-500.1.1","Slingshot_PCA_rooted",47.5048195313163,640,"16","2",TRUE
"CCCAATCCAGACGCCT-500.1.1","Slingshot_PCA_rooted",35.3201009513046,425,"5","2",TRUE
"CCCAGTTGTCGGCACT-500.1.1","Slingshot_PCA_rooted",28.4809442508372,355,"5","2",TRUE
"CCCATACAGCTGATAA-500.1.1","Slingshot_PCA_rooted",21.6528908333854,320,"9","2",TRUE
"CCCATACTCTTGACGA-500.1.1","Slingshot_PCA_rooted",34.5746970109337,420,"13","2",TRUE
"CCGGTAGAGGTGCACA-500.1.1","Slingshot_PCA_rooted",51.29169967567,620,"13","2",TRUE
"CCGGTAGCATGGGAAC-500.1.1","Slingshot_PCA_rooted",47.2550193405968,640,"4","2",TRUE
"CCGGTAGGTTACGCGC-500.1.1","Slingshot_PCA_rooted",43.1719195536603,510,"4","2",TRUE
"CCGTACTCATACGCTA-500.1.1","Slingshot_PCA_rooted",47.2712325508634,585,"10","2",TRUE
"CCGTTCAAGGATGGTC-500.1.1","Slingshot_PCA_rooted",51.6987942136535,550,"9","2",TRUE
"CCGTTCACATGATCCA-500.1.1","Slingshot_PCA_rooted",35.6315788389298,385,"1","2",TRUE
"CCGTTCAGTCGACTAT-500.1.1","Slingshot_PCA_rooted",43.382556885186,490,"9","2",TRUE
"CCTACACAGTGCGATG-500.1.1","Slingshot_PCA_rooted",51.5062163405748,635,"15","2",TRUE
"CCTACACCAAGCCGTC-500.1.1","Slingshot_PCA_rooted",23.707113512355,360,"10","2",TRUE
"CCTACACCACGGCTAC-500.1.1","Slingshot_PCA_rooted",45.5887694463649,625,"4","2",TRUE
"CCTACCACAGCTGTGC-500.1.1","Slingshot_PCA_rooted",53.541232268447,700,"10","2",TRUE
"CCTACCACATAGTAAG-500.1.1","Slingshot_PCA_rooted",59.2027741245033,670,"1","2",TRUE
"CCTAGCTAGCTAGGCA-500.1.1","Slingshot_PCA_rooted",36.4589132986537,420,"13","2",TRUE
"CCTATTAAGCTAAACA-500.1.1","Slingshot_PCA_rooted",36.8589787830517,420,"13","2",TRUE
"CCTATTAGTTTGTGTG-500.1.1","Slingshot_PCA_rooted",41.7083246074632,450,"10","2",TRUE
"CCTATTATCGCCATAA-500.1.1","Slingshot_PCA_rooted",54.7351264483543,640,"9","2",TRUE
"CCTCAGTGTCTAGAGG-500.1.1","Slingshot_PCA_rooted",32.8011055599634,400,"5","2",TRUE
"CCTTACGGTCGATTGT-500.1.1","Slingshot_PCA_rooted",26.3203806918904,370,"4","2",TRUE
"CCTTCCCGTACTCTCC-500.1.1","Slingshot_PCA_rooted",35.5283225456081,435,"5","2",TRUE
"CCTTCGAAGAGTAAGG-500.1.1","Slingshot_PCA_rooted",53.2306618716125,585,"13","2",TRUE
"CCTTCGATCATCATTC-500.1.1","Slingshot_PCA_rooted",53.3690509978506,700,"9","2",TRUE
"CCTTTCTCATGGATGG-500.1.1","Slingshot_PCA_rooted",53.1414617235114,620,"16","2",TRUE
"CCTTTCTGTGGTCCGT-500.1.1","Slingshot_PCA_rooted",23.2307896452454,350,"10","2",TRUE
"CGAACATAGCTACCTA-500.1.1","Slingshot_PCA_rooted",30.9013059714476,395,"5","2",TRUE
"CGAACATAGTGTGGCA-500.1.1","Slingshot_PCA_rooted",41.306051401326,450,"10","2",TRUE
"CGACCTTAGTGAACAT-500.1.1","Slingshot_PCA_rooted",31.0421216769279,380,"5","2",TRUE
"CGACCTTTCGAATCCA-500.1.1","Slingshot_PCA_rooted",31.326205289194,380,"5","2",TRUE
"CGACTTCGTTCACGGC-500.1.1","Slingshot_PCA_rooted",46.2423840275273,550,"1","2",TRUE
"CGACTTCTCACAGTAC-500.1.1","Slingshot_PCA_rooted",53.4700347777146,670,"15","2",TRUE
"CGACTTCTCCTAGGGC-500.1.1","Slingshot_PCA_rooted",43.5177829791953,490,"15","2",TRUE
"CGAGAAGCACGCGAAA-500.1.1","Slingshot_PCA_rooted",52.9016784218757,625,"13","2",TRUE
"CGAGCACAGAGTGAGA-500.1.1","Slingshot_PCA_rooted",43.711623897651,490,"10","2",TRUE
"CGAGCACGTCGCATCG-500.1.1","Slingshot_PCA_rooted",45.9071930620396,530,"11","2",TRUE
"CGAGCACGTGAAGGCT-500.1.1","Slingshot_PCA_rooted",40.9375703147881,450,"1","2",TRUE
"CGATCGGTCAAGAAGT-500.1.1","Slingshot_PCA_rooted",32.5924945143088,420,"5","2",TRUE
"CGATCGGTCACATAGC-500.1.1","Slingshot_PCA_rooted",41.1118919276344,450,"9","2",TRUE
"CGATGGCCAATCCGAT-500.1.1","Slingshot_PCA_rooted",32.0912572940253,395,"5","2",TRUE
"CGATTGAAGCGTAGTG-500.1.1","Slingshot_PCA_rooted",41.8034300910092,470,"9","2",TRUE
"CGATTGACAATAGAGT-500.1.1","Slingshot_PCA_rooted",24.4210380591297,365,"9","2",TRUE
"CGATTGATCTTCTGGC-500.1.1","Slingshot_PCA_rooted",46.4266572081521,450,"16","2",TRUE
"CGCGGTAGTTTAGGAA-500.1.1","Slingshot_PCA_rooted",32.3119410697841,410,"5","2",TRUE
"CGCGGTATCTCCTATA-500.1.1","Slingshot_PCA_rooted",41.9074700409302,550,"16","2",TRUE
"CGCTATCTCCTATGTT-500.1.1","Slingshot_PCA_rooted",23.4725106006291,350,"5","2",TRUE
"CGCTGGAAGGCATGTG-500.1.1","Slingshot_PCA_rooted",42.3446970953501,430,"1","2",TRUE
"CGCTTCAAGATCGATA-500.1.1","Slingshot_PCA_rooted",31.8870537391596,390,"5","2",TRUE
"CGCTTCAAGTGGGTTG-500.1.1","Slingshot_PCA_rooted",33.7129471836314,420,"5","2",TRUE
"CGCTTCAGTATAGGTA-500.1.1","Slingshot_PCA_rooted",28.0145696462859,345,"5","2",TRUE
"CGGACGTAGTGGAGTC-500.1.1","Slingshot_PCA_rooted",38.7640119951676,450,"14","2",TRUE
"CGGACGTCAATGAAAC-500.1.1","Slingshot_PCA_rooted",21.8555905476174,300,"5","2",TRUE
"CGGCTAGCAATGGATA-500.1.1","Slingshot_PCA_rooted",53.7344577635487,700,"9","2",TRUE
"CGGGTCACACATGACT-500.1.1","Slingshot_PCA_rooted",43.5785434555135,550,"16","2",TRUE
"CGGGTCACATCAGTAC-500.1.1","Slingshot_PCA_rooted",35.515797045989,440,"5","2",TRUE
"CGGTTAATCACGAAGG-500.1.1","Slingshot_PCA_rooted",40.9029947975221,450,"10","2",TRUE
"CGTAGCGAGGCTCAGA-500.1.1","Slingshot_PCA_rooted",45.9850461130415,550,"1","2",TRUE
"CGTAGCGGTAACGTTC-500.1.1","Slingshot_PCA_rooted",25.4769822524229,380,"10","2",TRUE
"CGTCACTGTTCATGGT-500.1.1","Slingshot_PCA_rooted",44.6226224408885,510,"14","2",TRUE
"CGTCAGGAGTCGATAA-500.1.1","Slingshot_PCA_rooted",40.952856031819,490,"16","2",TRUE
"CGTCAGGTCATGCATG-500.1.1","Slingshot_PCA_rooted",50.5628768142128,550,"14","2",TRUE
"CGTCTACGTAGTAGTA-500.1.1","Slingshot_PCA_rooted",48.5194004799516,550,"14","2",TRUE
"CGTCTACTCCACGTTC-500.1.1","Slingshot_PCA_rooted",29.2286081220743,370,"4","2",TRUE
"CGTGTAACATTGAGCT-500.1.1","Slingshot_PCA_rooted",34.28362511895,410,"13","2",TRUE
"CGTGTCTAGGCATGTG-500.1.1","Slingshot_PCA_rooted",28.7744663739626,360,"5","2",TRUE
"CGTTAGAAGCTCAACT-500.1.1","Slingshot_PCA_rooted",36.8021851803643,435,"4","2",TRUE
"CGTTAGAAGGCTACGA-500.1.1","Slingshot_PCA_rooted",35.541446540298,430,"5","2",TRUE
"CGTTAGACAACCGCCA-500.1.1","Slingshot_PCA_rooted",44.5859951458297,550,"16","2",TRUE
"CGTTCTGAGAGCTTCT-500.1.1","Slingshot_PCA_rooted",34.5689591014271,405,"5","2",TRUE
"CGTTCTGCAGGTTTCA-500.1.1","Slingshot_PCA_rooted",35.1119903228386,420,"5","2",TRUE
"CTAACTTTCAGTGTTG-500.1.1","Slingshot_PCA_rooted",46.2865867844158,490,"9","2",TRUE
"CTAAGACCAAGTTCTG-500.1.1","Slingshot_PCA_rooted",38.933569910478,390,"1","2",TRUE
"CTAATGGGTCGGCATC-500.1.1","Slingshot_PCA_rooted",42.9899589394747,585,"5","2",TRUE
"CTACACCCATCGACGC-500.1.1","Slingshot_PCA_rooted",46.398878990693,635,"16","2",TRUE
"CTACATTTCGGCGCAT-500.1.1","Slingshot_PCA_rooted",37.8247562785856,500,"5","2",TRUE
"CTACCCAGTGGTTTCA-500.1.1","Slingshot_PCA_rooted",43.4408567396233,470,"15","2",TRUE
"CTACCCATCAATACCG-500.1.1","Slingshot_PCA_rooted",34.6499566834747,470,"5","2",TRUE
"CTACGTCAGGTCATCT-500.1.1","Slingshot_PCA_rooted",24.5786583953564,380,"10","2",TRUE
"CTACGTCCACAGACTT-500.1.1","Slingshot_PCA_rooted",49.5574436560539,620,"13","2",TRUE
"CTACGTCCAGTAGAGC-500.1.1","Slingshot_PCA_rooted",43.9953807846298,520,"9","2",TRUE
"CTACGTCGTATTAGCC-500.1.1","Slingshot_PCA_rooted",46.3233449182032,550,"11","2",TRUE
"CTAGAGTAGACAGACC-500.1.1","Slingshot_PCA_rooted",37.8760902083515,490,"5","2",TRUE
"CTAGAGTTCCGAGCCA-500.1.1","Slingshot_PCA_rooted",42.1230861565603,450,"9","2",TRUE
"CTAGAGTTCCGTAGGC-500.1.1","Slingshot_PCA_rooted",30.2383357713371,380,"9","2",TRUE
"CTAGTGAAGATAGCAT-500.1.1","Slingshot_PCA_rooted",43.7270968413327,450,"11","2",TRUE
"CTAGTGAAGTAACCCT-500.1.1","Slingshot_PCA_rooted",15.4486965504264,300,"4","2",TRUE
"CTAGTGACAAGTCTAC-500.1.1","Slingshot_PCA_rooted",56.2825523506863,550,"16","2",TRUE
"CTAGTGAGTAAAGGAG-500.1.1","Slingshot_PCA_rooted",21.9654437599428,320,"10","2",TRUE
"CTAGTGAGTAGGCATG-500.1.1","Slingshot_PCA_rooted",40.9403243019062,550,"4","2",TRUE
"CTCACACAGCCGTCGT-500.1.1","Slingshot_PCA_rooted",32.3031523974744,375,"4","2",TRUE
"CTCAGAAAGACGACGT-500.1.1","Slingshot_PCA_rooted",43.5012609910904,490,"9","2",TRUE
"CTCAGAAAGTACTTGC-500.1.1","Slingshot_PCA_rooted",40.1954072103043,435,"11","2",TRUE
"CTCATTAGTACCTACA-500.1.1","Slingshot_PCA_rooted",45.6557430329206,620,"4","2",TRUE
"CTCGAAAGTAAGGGCT-500.1.1","Slingshot_PCA_rooted",29.7420791763958,385,"5","2",TRUE
"CTCGAGGTCTGCAAGT-500.1.1","Slingshot_PCA_rooted",37.0607614619124,420,"5","2",TRUE
"CTCGGAGAGCACCGCT-500.1.1","Slingshot_PCA_rooted",33.7755636905419,410,"5","2",TRUE
"CTCGGAGGTGAGTGAC-500.1.1","Slingshot_PCA_rooted",52.6310320866731,635,"15","2",TRUE
"CTCGGGACATGCAATC-500.1.1","Slingshot_PCA_rooted",44.6645804995044,630,"4","2",TRUE
"CTCGGGAGTCTTGATG-500.1.1","Slingshot_PCA_rooted",42.5758762959761,550,"4","2",TRUE
"CTCGTACAGTGGTAGC-500.1.1","Slingshot_PCA_rooted",45.8023277337262,510,"14","2",TRUE
"CTCGTACGTAGAAAGG-500.1.1","Slingshot_PCA_rooted",42.8991391527445,585,"4","2",TRUE
"CTCGTCACATGTTCCC-500.1.1","Slingshot_PCA_rooted",25.5211718293932,390,"5","2",TRUE
"CTCTAATAGACTAAGT-500.1.1","Slingshot_PCA_rooted",28.5641308805825,380,"5","2",TRUE
"CTCTAATCACTTAAGC-500.1.1","Slingshot_PCA_rooted",47.0845904903964,530,"1","2",TRUE
"CTCTACGAGAGAACAG-500.1.1","Slingshot_PCA_rooted",32.7285805929947,405,"5","2",TRUE
"CTCTACGCACCTCGGA-500.1.1","Slingshot_PCA_rooted",35.7821183343842,390,"10","2",TRUE
"CTCTGGTAGGGAACGG-500.1.1","Slingshot_PCA_rooted",43.8410276577531,450,"9","2",TRUE
"CTCTGGTAGTGTACGG-500.1.1","Slingshot_PCA_rooted",44.114596806819,470,"11","2",TRUE
"CTCTGGTTCCCTAATT-500.1.1","Slingshot_PCA_rooted",63.315332883001,760,"11","2",TRUE
"CTCTGGTTCTGGTTCC-500.1.1","Slingshot_PCA_rooted",41.3388557007081,490,"5","2",TRUE
"CTGAAACAGTTCGCGC-500.1.1","Slingshot_PCA_rooted",35.1135850821413,450,"5","2",TRUE
"CTGAAACCAAACCCAT-500.1.1","Slingshot_PCA_rooted",36.0644399515516,415,"5","2",TRUE
"CTGAAACTCACTTATC-500.1.1","Slingshot_PCA_rooted",42.4784758506975,490,"14","2",TRUE
"CTGAAGTCACGGTGTC-500.1.1","Slingshot_PCA_rooted",47.8408867390737,640,"16","2",TRUE
"CTGAAGTGTAAGGGCT-500.1.1","Slingshot_PCA_rooted",39.2015582189347,405,"10","2",TRUE
"CTGAAGTGTCTCACCT-500.1.1","Slingshot_PCA_rooted",33.3882144371678,400,"5","2",TRUE
"CTGAAGTGTTAAAGTG-500.1.1","Slingshot_PCA_rooted",32.3962095235755,385,"5","2",TRUE
"CTGATAGCAAGTTGTC-500.1.1","Slingshot_PCA_rooted",36.2910372110058,410,"11","2",TRUE
"CTGATCCAGTACTTGC-500.1.1","Slingshot_PCA_rooted",30.2403848205624,370,"4","2",TRUE
"CTGATCCTCTTGCCGT-500.1.1","Slingshot_PCA_rooted",25.0248666537782,360,"5","2",TRUE
"CTGCGGACAGGCTCAC-500.1.1","Slingshot_PCA_rooted",29.6882103788565,365,"5","2",TRUE
"CTGCGGACAGTAACGG-500.1.1","Slingshot_PCA_rooted",50.1784368571243,620,"11","2",TRUE
"CTGGTCTAGCTTTGGT-500.1.1","Slingshot_PCA_rooted",22.7836456293376,350,"5","2",TRUE
"CTGTGCTCATACTACG-500.1.1","Slingshot_PCA_rooted",51.2281705932357,550,"16","2",TRUE
"CTGTGCTTCGGTGTCG-500.1.1","Slingshot_PCA_rooted",46.0651000913005,640,"5","2",TRUE
"CTTAACTCAGATCCAT-500.1.1","Slingshot_PCA_rooted",49.1410948724021,620,"15","2",TRUE
"CTTACCGGTCCGTTAA-500.1.1","Slingshot_PCA_rooted",42.0300757254841,450,"11","2",TRUE
"CTTAGGAGTCGCATCG-500.1.1","Slingshot_PCA_rooted",40.9029947975221,450,"10","2",TRUE
"CTTAGGAGTGTGGCTC-500.1.1","Slingshot_PCA_rooted",30.2459692782785,375,"5","2",TRUE
"CTTCTCTAGTTAAGTG-500.1.1","Slingshot_PCA_rooted",41.3596484455779,430,"14","2",TRUE
"CTTGGCTGTGTCGCTG-500.1.1","Slingshot_PCA_rooted",15.8059465322192,290,"4","2",TRUE
"CTTTGCGGTTACGGAG-500.1.1","Slingshot_PCA_rooted",25.5332859293692,375,"9","2",TRUE
"GAAACTCAGATCCCGC-500.1.1","Slingshot_PCA_rooted",55.9607648809887,635,"13","2",TRUE
"GAAACTCGTTAAGATG-500.1.1","Slingshot_PCA_rooted",40.8282116132906,450,"15","2",TRUE
"GAAATGACACCTCGTT-500.1.1","Slingshot_PCA_rooted",36.6686530428737,450,"5","2",TRUE
"GAAATGAGTCTCTTTA-500.1.1","Slingshot_PCA_rooted",24.5213992261562,390,"11","2",TRUE
"GAACATCCATATGGTC-500.1.1","Slingshot_PCA_rooted",33.1843160651732,415,"5","2",TRUE
"GAACATCGTTACGTCA-500.1.1","Slingshot_PCA_rooted",58.7473611573722,670,"16","2",TRUE
"GAACCTAAGGATGCGT-500.1.1","Slingshot_PCA_rooted",42.5256488177536,510,"16","2",TRUE
"GAACCTAGTCCAAGTT-500.1.1","Slingshot_PCA_rooted",59.9522891918723,640,"16","2",TRUE
"GAACGGAAGGAGCGAG-500.1.1","Slingshot_PCA_rooted",20.9503304837963,340,"4","2",TRUE
"GAACGGACAGTAGAGC-500.1.1","Slingshot_PCA_rooted",42.7051334538706,530,"16","2",TRUE
"GAACGGACAGTGACAG-500.1.1","Slingshot_PCA_rooted",47.5349929129802,585,"9","2",TRUE
"GAACGGATCAACACAC-500.1.1","Slingshot_PCA_rooted",29.4291713812953,360,"4","2",TRUE
"GAAGCAGCAATGGTCT-500.1.1","Slingshot_PCA_rooted",52.4284892042142,585,"1","2",TRUE
"GAATGAAAGAGCTATA-500.1.1","Slingshot_PCA_rooted",22.8414435960014,360,"5","2",TRUE
"GAATGAAAGTGCGATG-500.1.1","Slingshot_PCA_rooted",36.9603084299113,420,"5","2",TRUE
"GACAGAGAGGGTGTGT-500.1.1","Slingshot_PCA_rooted",35.3570080204282,380,"1","2",TRUE
"GACAGAGCATGCAATC-500.1.1","Slingshot_PCA_rooted",29.255741586988,510,"5","2",TRUE
"GACAGAGGTCCAACTA-500.1.1","Slingshot_PCA_rooted",47.1046139964073,635,"16","2",TRUE
"GACCAATGTTTGCATG-500.1.1","Slingshot_PCA_rooted",43.6493882822936,550,"16","2",TRUE
"GACCTGGAGGTGCTTT-500.1.1","Slingshot_PCA_rooted",32.9070818507987,380,"4","2",TRUE
"GACCTGGCACAAGCCC-500.1.1","Slingshot_PCA_rooted",46.3840026144732,520,"13","2",TRUE
"GACGCGTGTTGCCTCT-500.1.1","Slingshot_PCA_rooted",41.4779625878935,585,"5","2",TRUE
"GACGTGCAGTCGTACT-500.1.1","Slingshot_PCA_rooted",30.4716005074178,380,"5","2",TRUE
"GACGTGCCAACACCTA-500.1.1","Slingshot_PCA_rooted",50.5793048158338,620,"13","2",TRUE
"GACGTGCCAGATTGCT-500.1.1","Slingshot_PCA_rooted",50.4391036904586,620,"9","2",TRUE
"GACGTGCTCCCACTTG-500.1.1","Slingshot_PCA_rooted",47.6667470624872,550,"10","2",TRUE
"GACGTGCTCGCTAGCG-500.1.1","Slingshot_PCA_rooted",39.1478714154178,415,"9","2",TRUE
"GACGTTAAGCAGCGTA-500.1.1","Slingshot_PCA_rooted",32.0992663578797,410,"13","2",TRUE
"GACTAACAGGACAGAA-500.1.1","Slingshot_PCA_rooted",45.3835351680424,520,"13","2",TRUE
"GACTACACAGACAAAT-500.1.1","Slingshot_PCA_rooted",47.0660562261902,640,"16","2",TRUE
"GACTGCGTCAATCACG-500.1.1","Slingshot_PCA_rooted",27.9296744837067,375,"4","2",TRUE
"GAGCAGAGTGATGTCT-500.1.1","Slingshot_PCA_rooted",48.8354961484318,620,"10","2",TRUE
"GAGCAGATCCGTAGGC-500.1.1","Slingshot_PCA_rooted",51.6509482732052,640,"11","2",TRUE
"GAGGTGACACGTTGGC-500.1.1","Slingshot_PCA_rooted",41.1763064263577,550,"4","2",TRUE
"GAGTCCGAGCACCGTC-500.1.1","Slingshot_PCA_rooted",37.9424419918381,390,"1","2",TRUE
"GAGTCCGGTGTCTGAT-500.1.1","Slingshot_PCA_rooted",38.8654145504773,410,"9","2",TRUE
"GATCGATAGAGGTTGC-500.1.1","Slingshot_PCA_rooted",35.609147390715,385,"11","2",TRUE
"GATCGATCACAGACAG-500.1.1","Slingshot_PCA_rooted",37.6684731464435,450,"4","2",TRUE
"GATCGATCACTTCTGC-500.1.1","Slingshot_PCA_rooted",53.0195968952932,700,"9","2",TRUE
"GATCGATGTCGCATAT-500.1.1","Slingshot_PCA_rooted",47.4268257433776,550,"5","2",TRUE
"GATCGCGTCTCTAGGA-500.1.1","Slingshot_PCA_rooted",44.3711360969677,500,"9","2",TRUE
"GATCGTAAGCTAACTC-500.1.1","Slingshot_PCA_rooted",49.9972340378279,620,"11","2",TRUE
"GATGAAAAGTCAAGGC-500.1.1","Slingshot_PCA_rooted",50.3385581697358,550,"16","2",TRUE
"GATGAAACAAAGCAAT-500.1.1","Slingshot_PCA_rooted",45.7385092718907,585,"13","2",TRUE
"GATGAAACACAAGTAA-500.1.1","Slingshot_PCA_rooted",36.2924202206477,450,"5","2",TRUE
"GATGAGGAGGATGTAT-500.1.1","Slingshot_PCA_rooted",36.1403894972521,450,"4","2",TRUE
"GATGAGGCAAGTTCTG-500.1.1","Slingshot_PCA_rooted",44.8586576530954,585,"16","2",TRUE
"GATGCTAAGAGTACCG-500.1.1","Slingshot_PCA_rooted",44.2357257406396,550,"16","2",TRUE
"GATGCTAGTCAACATC-500.1.1","Slingshot_PCA_rooted",40.0362569128434,440,"11","2",TRUE
"GATGCTATCCCATTAT-500.1.1","Slingshot_PCA_rooted",42.9114995812867,450,"10","2",TRUE
"GATTCAGAGCACCGTC-500.1.1","Slingshot_PCA_rooted",35.673042614132,415,"5","2",TRUE
"GCAAACTCAATGAAAC-500.1.1","Slingshot_PCA_rooted",38.7265238847237,400,"9","2",TRUE
"GCAAACTCATGGATGG-500.1.1","Slingshot_PCA_rooted",24.8378108026261,360,"5","2",TRUE
"GCAAACTTCACCTCGT-500.1.1","Slingshot_PCA_rooted",44.3138756483554,490,"14","2",TRUE
"GCAATCACAGATTGCT-500.1.1","Slingshot_PCA_rooted",23.9519785234084,350,"5","2",TRUE
"GCACATATCGGCGCAT-500.1.1","Slingshot_PCA_rooted",48.1344502915832,585,"9","2",TRUE
"GCACTCTAGCGTGTCC-500.1.1","Slingshot_PCA_rooted",26.3828154479329,420,"10","2",TRUE
"GCACTCTGTAAGGATT-500.1.1","Slingshot_PCA_rooted",40.5156873443262,450,"1","2",TRUE
"GCACTCTGTATAGGGC-500.1.1","Slingshot_PCA_rooted",31.4793509433393,380,"5","2",TRUE
"GCACTCTGTCCATCCT-500.1.1","Slingshot_PCA_rooted",31.4348200119657,380,"4","2",TRUE
"GCACTCTGTTCGTTGA-500.1.1","Slingshot_PCA_rooted",32.9397063625019,395,"13","2",TRUE
"GCACTCTTCGGAATCT-500.1.1","Slingshot_PCA_rooted",45.5163915919935,550,"16","2",TRUE
"GCACTCTTCGTCCGTT-500.1.1","Slingshot_PCA_rooted",40.3833623733766,490,"5","2",TRUE
"GCAGTTAGTACTCAAC-500.1.1","Slingshot_PCA_rooted",38.5758837672794,450,"16","2",TRUE
"GCATACAAGGTAGCTG-500.1.1","Slingshot_PCA_rooted",47.7571914626326,550,"11","2",TRUE
"GCATACATCCGTCATC-500.1.1","Slingshot_PCA_rooted",38.8438783042674,440,"13","2",TRUE
"GCATGATAGAGGGATA-500.1.1","Slingshot_PCA_rooted",25.9753890355936,350,"10","2",TRUE
"GCATGATAGTAGGCCA-500.1.1","Slingshot_PCA_rooted",47.0365800713039,550,"11","2",TRUE
"GCCTCTACATGCCTAA-500.1.1","Slingshot_PCA_rooted",54.0380717857445,625,"15","2",TRUE
"GCGCAACCAGGCTCAC-500.1.1","Slingshot_PCA_rooted",27.5303233558593,360,"4","2",TRUE
"GCGCAACGTTTGTGTG-500.1.1","Slingshot_PCA_rooted",50.176193526677,550,"14","2",TRUE
"GCGCGATAGGACCACA-500.1.1","Slingshot_PCA_rooted",32.3495353660103,395,"5","2",TRUE
"GCGCGATCAAGTTCTG-500.1.1","Slingshot_PCA_rooted",36.3305135899856,415,"13","2",TRUE
"GCGCGATCAGGTTTCA-500.1.1","Slingshot_PCA_rooted",40.1956439142488,500,"5","2",TRUE
"GCGCGATCATAGGATA-500.1.1","Slingshot_PCA_rooted",50.7837024000558,625,"9","2",TRUE
"GCGCGATTCCTATTCA-500.1.1","Slingshot_PCA_rooted",31.7191140548518,390,"5","2",TRUE
"GCGGGTTGTTAAAGAC-500.1.1","Slingshot_PCA_rooted",33.1234555837582,405,"5","2",TRUE
"GCTCCTAAGGAGTCTG-500.1.1","Slingshot_PCA_rooted",24.8239750204329,370,"4","2",TRUE
"GCTCCTACAAGTAATG-500.1.1","Slingshot_PCA_rooted",40.5177555174779,490,"5","2",TRUE
"GCTCTGTAGGATGGTC-500.1.1","Slingshot_PCA_rooted",41.9337248198075,490,"16","2",TRUE
"GCTCTGTAGTTGTCGT-500.1.1","Slingshot_PCA_rooted",22.6594137542686,350,"5","2",TRUE
"GCTGCGACAGCGAACA-500.1.1","Slingshot_PCA_rooted",23.2849007365029,365,"9","2",TRUE
"GCTGCGATCACGCGGT-500.1.1","Slingshot_PCA_rooted",42.983895686075,490,"14","2",TRUE
"GCTGGGTCAAGACGTG-500.1.1","Slingshot_PCA_rooted",35.034071385222,410,"11","2",TRUE
"GCTGGGTCACACAGAG-500.1.1","Slingshot_PCA_rooted",38.6465730641617,450,"11","2",TRUE
"GCTGGGTTCGCGGATC-500.1.1","Slingshot_PCA_rooted",41.8869339950545,450,"9","2",TRUE
"GCTTGAAAGTGGAGTC-500.1.1","Slingshot_PCA_rooted",47.3083937201065,620,"10","2",TRUE
"GCTTGAAAGTGGTCCC-500.1.1","Slingshot_PCA_rooted",36.3697600163069,415,"5","2",TRUE
"GCTTGAAGTGAGTATA-500.1.1","Slingshot_PCA_rooted",51.7346964895979,630,"13","2",TRUE
"GCTTGAAGTTGCGCAC-500.1.1","Slingshot_PCA_rooted",32.8373348048795,450,"5","2",TRUE
"GCTTGAATCCGTAGTA-500.1.1","Slingshot_PCA_rooted",29.1384599100297,375,"4","2",TRUE
"GGAAAGCAGTCTCGGC-500.1.1","Slingshot_PCA_rooted",41.7083246074632,450,"10","2",TRUE
"GGAAAGCCAATCTGCA-500.1.1","Slingshot_PCA_rooted",54.1579251838745,670,"9","2",TRUE
"GGAAAGCGTGCCTGCA-500.1.1","Slingshot_PCA_rooted",41.2427588651996,620,"4","2",TRUE
"GGAAAGCTCGGTCCGA-500.1.1","Slingshot_PCA_rooted",43.1191691935054,510,"1","2",TRUE
"GGAACTTTCATCTGTT-500.1.1","Slingshot_PCA_rooted",53.1796488329573,620,"13","2",TRUE
"GGACAAGGTTACGACT-500.1.1","Slingshot_PCA_rooted",34.4185636099338,420,"14","2",TRUE
"GGACAAGTCCAAATGC-500.1.1","Slingshot_PCA_rooted",39.5601722704873,400,"10","2",TRUE
"GGACAGATCCGTTGCT-500.1.1","Slingshot_PCA_rooted",45.5163915919935,630,"16","2",TRUE
"GGACATTAGCGATAGC-500.1.1","Slingshot_PCA_rooted",22.2921725346439,350,"1","2",TRUE
"GGACATTTCAGTGCAT-500.1.1","Slingshot_PCA_rooted",46.4484054527677,550,"9","2",TRUE
"GGACATTTCGTTTGCC-500.1.1","Slingshot_PCA_rooted",37.0089343821688,435,"10","2",TRUE
"GGACGTCGTGCTGTAT-500.1.1","Slingshot_PCA_rooted",43.6990924401028,470,"10","2",TRUE
"GGACGTCTCTAGCACA-500.1.1","Slingshot_PCA_rooted",35.6692046678065,420,"13","2",TRUE
"GGATTACTCTTAGCCC-500.1.1","Slingshot_PCA_rooted",37.4514852580416,450,"5","2",TRUE
"GGCGACTAGGTAGCCA-500.1.1","Slingshot_PCA_rooted",32.3396783429071,385,"5","2",TRUE
"GGCGACTTCTTCGGTC-500.1.1","Slingshot_PCA_rooted",45.3737911197757,550,"9","2",TRUE
"GGCTCGATCAATAAGG-500.1.1","Slingshot_PCA_rooted",39.9943692612285,450,"14","2",TRUE
"GGCTGGTAGCCACGTC-500.1.1","Slingshot_PCA_rooted",19.6209452253404,275,"5","2",TRUE
"GGCTGGTAGCGATATA-500.1.1","Slingshot_PCA_rooted",24.5119404439267,365,"4","2",TRUE
"GGGAATGCACCGAATT-500.1.1","Slingshot_PCA_rooted",50.7452028634789,700,"9","2",TRUE
"GGGACCTAGATCCCGC-500.1.1","Slingshot_PCA_rooted",25.4578079342809,375,"5","2",TRUE
"GGGACCTGTGGGTCAA-500.1.1","Slingshot_PCA_rooted",55.4560187463922,620,"16","2",TRUE
"GGGACCTTCTACTATC-500.1.1","Slingshot_PCA_rooted",39.0870316919562,450,"11","2",TRUE
"GGGAGATAGTAGGCCA-500.1.1","Slingshot_PCA_rooted",35.1693180463794,420,"4","2",TRUE
"GGGAGATCATGCCCGA-500.1.1","Slingshot_PCA_rooted",40.4575732389514,490,"16","2",TRUE
"GGGCACTGTTACGCGC-500.1.1","Slingshot_PCA_rooted",29.718234456006,395,"10","2",TRUE
"GGGCATCGTCCGAACC-500.1.1","Slingshot_PCA_rooted",33.7822122491713,415,"13","2",TRUE
"GGGTTGCAGGTAGCCA-500.1.1","Slingshot_PCA_rooted",26.9195686337458,380,"11","2",TRUE
"GGGTTGCCATCAGTAC-500.1.1","Slingshot_PCA_rooted",34.3475700148632,415,"5","2",TRUE
"GGGTTGCGTAGAGTGC-500.1.1","Slingshot_PCA_rooted",33.1441889624353,415,"9","2",TRUE
"GGGTTGCTCCCTCAGT-500.1.1","Slingshot_PCA_rooted",28.1689924378732,380,"4","2",TRUE
"GGGTTGCTCTGCAGTA-500.1.1","Slingshot_PCA_rooted",35.3504041840797,425,"14","2",TRUE
"GGTATTGCATGTTCCC-500.1.1","Slingshot_PCA_rooted",33.8391455695461,405,"13","2",TRUE
"GGTATTGGTGCACTTA-500.1.1","Slingshot_PCA_rooted",56.0571411992147,670,"15","2",TRUE
"GGTATTGTCAGGATCT-500.1.1","Slingshot_PCA_rooted",23.1969452005793,360,"9","2",TRUE
"GGTGAAGCAGTTAACC-500.1.1","Slingshot_PCA_rooted",8.49348833606579,190,"2","2",TRUE
"GGTGCGTCATAGTAAG-500.1.1","Slingshot_PCA_rooted",24.0861294300172,360,"4","2",TRUE
"GGTGTTATCAGGATCT-500.1.1","Slingshot_PCA_rooted",46.8394726009332,550,"11","2",TRUE
"GTAACTGGTTCTGTTT-500.1.1","Slingshot_PCA_rooted",15.9401622585588,275,"8","2",TRUE
"GTACTCCGTCCCTACT-500.1.1","Slingshot_PCA_rooted",38.3774661119234,440,"14","2",TRUE
"GTACTTTGTAGAGCTG-500.1.1","Slingshot_PCA_rooted",53.6294972565208,635,"9","2",TRUE
"GTACTTTGTCAGGACA-500.1.1","Slingshot_PCA_rooted",48.4222628518983,700,"16","2",TRUE
"GTACTTTGTTATCCGA-500.1.1","Slingshot_PCA_rooted",25.747155630012,350,"5","2",TRUE
"GTAGTCACAAGCGAGT-500.1.1","Slingshot_PCA_rooted",44.5447633256777,550,"9","2",TRUE
"GTATTCTTCTGCAGTA-500.1.1","Slingshot_PCA_rooted",46.6739674669564,500,"9","2",TRUE
"GTCAAGTGTACTTGAC-500.1.1","Slingshot_PCA_rooted",31.6536695772263,390,"5","2",TRUE
"GTCATTTTCTCCCTGA-500.1.1","Slingshot_PCA_rooted",38.9908179887259,450,"5","2",TRUE
"GTCCTCAAGGTGCAAC-500.1.1","Slingshot_PCA_rooted",48.3795577193685,450,"5","2",TRUE
"GTCCTCAGTAGCTCCG-500.1.1","Slingshot_PCA_rooted",36.4427810077092,450,"5","2",TRUE
"GTCCTCAGTTGCCTCT-500.1.1","Slingshot_PCA_rooted",27.3830076818988,360,"13","2",TRUE
"GTCGGGTCACGCTTTC-500.1.1","Slingshot_PCA_rooted",51.2056055008498,585,"1","2",TRUE
"GTCGTAACATCCTTGC-500.1.1","Slingshot_PCA_rooted",51.0667232023303,620,"11","2",TRUE
"GTCTCGTTCTTGAGGT-500.1.1","Slingshot_PCA_rooted",48.5707905560127,550,"15","2",TRUE
"GTCTTCGTCGCTGATA-500.1.1","Slingshot_PCA_rooted",29.4811253490126,390,"10","2",TRUE
"GTGAAGGGTTATTCTC-500.1.1","Slingshot_PCA_rooted",35.1706359423577,450,"5","2",TRUE
"GTGCAGCGTGACGCCT-500.1.1","Slingshot_PCA_rooted",55.5607772858878,700,"14","2",TRUE
"GTGCAGCTCGTTACGA-500.1.1","Slingshot_PCA_rooted",42.1099160095183,450,"10","2",TRUE
"GTGCATATCTCGGACG-500.1.1","Slingshot_PCA_rooted",39.4377479895826,440,"16","2",TRUE
"GTGCTTCGTGATAAAC-500.1.1","Slingshot_PCA_rooted",38.3088134753715,410,"5","2",TRUE
"GTGCTTCGTTGCGTTA-500.1.1","Slingshot_PCA_rooted",46.9772831175265,510,"14","2",TRUE
"GTGCTTCTCCGCGTTT-500.1.1","Slingshot_PCA_rooted",34.3796707756995,410,"4","2",TRUE
"GTGGGTCAGGACTGGT-500.1.1","Slingshot_PCA_rooted",35.8650323423929,490,"14","2",TRUE
"GTGGGTCCAACACGCC-500.1.1","Slingshot_PCA_rooted",49.4886605275716,620,"13","2",TRUE
"GTGGGTCTCGTTACAG-500.1.1","Slingshot_PCA_rooted",22.6959781272782,350,"1","2",TRUE
"GTGTGCGAGGGTGTTG-500.1.1","Slingshot_PCA_rooted",42.2272451170909,490,"13","2",TRUE
"GTGTTAGAGGGTCTCC-500.1.1","Slingshot_PCA_rooted",45.0530500182907,520,"11","2",TRUE
"GTGTTAGTCAACTCTT-500.1.1","Slingshot_PCA_rooted",59.1317595854007,635,"16","2",TRUE
"GTGTTAGTCGTTACGA-500.1.1","Slingshot_PCA_rooted",35.636150581387,420,"5","2",TRUE
"GTTAAGCAGTCAAGGC-500.1.1","Slingshot_PCA_rooted",25.5317694218142,360,"4","2",TRUE
"GTTAAGCCAACGCACC-500.1.1","Slingshot_PCA_rooted",36.786193223576,450,"5","2",TRUE
"GTTAAGCTCACAGGCC-500.1.1","Slingshot_PCA_rooted",43.6937273562736,530,"16","2",TRUE
"GTTACAGAGTGTACGG-500.1.1","Slingshot_PCA_rooted",42.4865845962776,620,"5","2",TRUE
"TAAACCGGTCTGCGGT-500.1.1","Slingshot_PCA_rooted",37.2135333270311,470,"9","2",TRUE
"TAAGAGATCCAAGCCG-500.1.1","Slingshot_PCA_rooted",28.0523765083212,350,"4","2",TRUE
"TAAGCGTCAGTAAGAT-500.1.1","Slingshot_PCA_rooted",34.8538761989728,420,"5","2",TRUE
"TAAGCGTGTAATTGGA-500.1.1","Slingshot_PCA_rooted",31.6654053064329,370,"5","2",TRUE
"TACACGATCCACTCCA-500.1.1","Slingshot_PCA_rooted",38.9442094332949,450,"16","2",TRUE
"TACAGTGAGTGTTAGA-500.1.1","Slingshot_PCA_rooted",35.4528697435994,415,"5","2",TRUE
"TACAGTGCAACTGGCC-500.1.1","Slingshot_PCA_rooted",35.687327236991,390,"1","2",TRUE
"TACCTATTCTCGGACG-500.1.1","Slingshot_PCA_rooted",46.6634892481892,550,"1","2",TRUE
"TACCTTAGTAGAGGAA-500.1.1","Slingshot_PCA_rooted",39.5050294807974,420,"1","2",TRUE
"TACCTTAGTGGTACAG-500.1.1","Slingshot_PCA_rooted",41.3879520941255,490,"16","2",TRUE
"TACGGTAAGAGTACAT-500.1.1","Slingshot_PCA_rooted",42.4526667079562,550,"1","2",TRUE
"TACGGTACATCCCATC-500.1.1","Slingshot_PCA_rooted",56.3489426964973,670,"1","2",TRUE
"TACGGTATCTTGTATC-500.1.1","Slingshot_PCA_rooted",34.3753726240809,375,"11","2",TRUE
"TACTCATAGCCACCTG-500.1.1","Slingshot_PCA_rooted",50.5127789247533,640,"15","2",TRUE
"TACTCATCACCAGGTC-500.1.1","Slingshot_PCA_rooted",39.7911194487016,440,"13","2",TRUE
"TACTCATTCTACTTAC-500.1.1","Slingshot_PCA_rooted",34.7859408778463,420,"13","2",TRUE
"TACTCGCTCAAGAAGT-500.1.1","Slingshot_PCA_rooted",51.5566740989747,585,"13","2",TRUE
"TAGACCACATGGGACA-500.1.1","Slingshot_PCA_rooted",34.9208062611501,360,"1","2",TRUE
"TAGACCATCTCGCATC-500.1.1","Slingshot_PCA_rooted",50.2339530613237,585,"13","2",TRUE
"TAGAGCTAGTATGACA-500.1.1","Slingshot_PCA_rooted",31.730836370074,390,"4","2",TRUE
"TAGAGCTGTCGTCTTC-500.1.1","Slingshot_PCA_rooted",40.7613805323694,450,"5","2",TRUE
"TAGCCGGGTGAGTATA-500.1.1","Slingshot_PCA_rooted",26.1452194318675,360,"5","2",TRUE
"TAGGCATGTATTAGCC-500.1.1","Slingshot_PCA_rooted",47.0660562261902,640,"16","2",TRUE
"TAGGCATTCATCTGCC-500.1.1","Slingshot_PCA_rooted",39.4796498531112,450,"11","2",TRUE
"TAGTGGTGTTTGGCGC-500.1.1","Slingshot_PCA_rooted",45.471215750877,490,"14","2",TRUE
"TAGTGGTTCAGTCAGT-500.1.1","Slingshot_PCA_rooted",47.6150432570058,550,"15","2",TRUE
"TAGTTGGAGGAGTAGA-500.1.1","Slingshot_PCA_rooted",46.7342574496406,550,"15","2",TRUE
"TAGTTGGTCGGTTCGG-500.1.1","Slingshot_PCA_rooted",39.8373964349665,435,"15","2",TRUE
"TATCAGGAGTGAACAT-500.1.1","Slingshot_PCA_rooted",33.6192862689085,400,"10","2",TRUE
"TATCAGGCATCAGTAC-500.1.1","Slingshot_PCA_rooted",47.3042734838706,620,"5","2",TRUE
"TATCTCAAGTACGCGA-500.1.1","Slingshot_PCA_rooted",34.545021284304,375,"1","2",TRUE
"TATCTCACACGGATAG-500.1.1","Slingshot_PCA_rooted",28.124125926915,380,"4","2",TRUE
"TATCTCAGTGATGTCT-500.1.1","Slingshot_PCA_rooted",39.9261321567275,450,"1","2",TRUE
"TATTACCGTCTCTTTA-500.1.1","Slingshot_PCA_rooted",30.4947998848571,380,"5","2",TRUE
"TATTACCGTTATCACG-500.1.1","Slingshot_PCA_rooted",45.6272859763838,620,"16","2",TRUE
"TCACGAAAGTGCCAGA-500.1.1","Slingshot_PCA_rooted",26.2106609355628,360,"5","2",TRUE
"TCACGAACAATAAGCA-500.1.1","Slingshot_PCA_rooted",49.8407029741266,620,"13","2",TRUE
"TCACGAAGTAAGTGTA-500.1.1","Slingshot_PCA_rooted",41.9560240376168,450,"13","2",TRUE
"TCACGAATCCAGAAGG-500.1.1","Slingshot_PCA_rooted",38.7407184052538,450,"16","2",TRUE
"TCAGATGAGACTTGAA-500.1.1","Slingshot_PCA_rooted",55.0640634804213,630,"14","2",TRUE
"TCAGCAACACGAAATA-500.1.1","Slingshot_PCA_rooted",25.6893900895147,420,"10","2",TRUE
"TCAGCAATCGCAAGCC-500.1.1","Slingshot_PCA_rooted",53.6656770819549,630,"14","2",TRUE
"TCAGCTCAGAGTGAGA-500.1.1","Slingshot_PCA_rooted",25.1415851374423,360,"10","2",TRUE
"TCAGCTCCACACAGAG-500.1.1","Slingshot_PCA_rooted",46.4111993808575,550,"1","2",TRUE
"TCAGGATTCTTCCTTC-500.1.1","Slingshot_PCA_rooted",43.7147927394627,450,"11","2",TRUE
"TCAGGTACACATCCGG-500.1.1","Slingshot_PCA_rooted",21.7647777313689,360,"4","2",TRUE
"TCAGGTAGTCATCCCT-500.1.1","Slingshot_PCA_rooted",44.0910224755518,530,"16","2",TRUE
"TCCACACCACGGTAGA-500.1.1","Slingshot_PCA_rooted",50.5398821723352,585,"14","2",TRUE
"TCCCGATCACAACGTT-500.1.1","Slingshot_PCA_rooted",35.8797379325799,410,"5","2",TRUE
"TCGCGAGAGAAGGACA-500.1.1","Slingshot_PCA_rooted",43.6264243434899,470,"10","2",TRUE
"TCGCGAGGTCCGTTAA-500.1.1","Slingshot_PCA_rooted",39.6694538779857,490,"16","2",TRUE
"TCGGGACAGACTAGAT-500.1.1","Slingshot_PCA_rooted",29.2993740099987,385,"5","2",TRUE
"TCGGTAAAGGCATTGG-500.1.1","Slingshot_PCA_rooted",44.1208157549775,550,"4","2",TRUE
"TCGGTAAGTCAAGCGA-500.1.1","Slingshot_PCA_rooted",35.8521916690665,420,"11","2",TRUE
"TCGTACCAGCGCCTTG-500.1.1","Slingshot_PCA_rooted",26.2974049959234,390,"10","2",TRUE
"TCGTACCAGGGATGGG-500.1.1","Slingshot_PCA_rooted",38.1676481262716,450,"4","2",TRUE
"TCGTACCCAGAAGCAC-500.1.1","Slingshot_PCA_rooted",42.4905639642266,450,"11","2",TRUE
"TCGTACCCATCCCATC-500.1.1","Slingshot_PCA_rooted",34.0096133488746,420,"5","2",TRUE
"TCTATTGCAAGTACCT-500.1.1","Slingshot_PCA_rooted",52.1641866270129,550,"1","2",TRUE
"TCTCATACATTTGCTT-500.1.1","Slingshot_PCA_rooted",49.6186478155669,550,"11","2",TRUE
"TCTCATAGTGACGCCT-500.1.1","Slingshot_PCA_rooted",28.0551066318698,380,"5","2",TRUE
"TCTCATATCGTTACAG-500.1.1","Slingshot_PCA_rooted",38.4261799824373,420,"9","2",TRUE
"TCTCTAAGTAGCGATG-500.1.1","Slingshot_PCA_rooted",39.0634797014275,410,"9","2",TRUE
"TCTCTAAGTCATATCG-500.1.1","Slingshot_PCA_rooted",46.4470880384649,585,"16","2",TRUE
"TCTGAGAGTCAGTGGA-500.1.1","Slingshot_PCA_rooted",51.8870641029077,640,"11","2",TRUE
"TCTGAGAGTTCAGGCC-500.1.1","Slingshot_PCA_rooted",26.9107187217927,355,"10","2",TRUE
"TGAAAGACATGCATGT-500.1.1","Slingshot_PCA_rooted",22.9203618889486,355,"1","2",TRUE
"TGAAAGATCGAGGTAG-500.1.1","Slingshot_PCA_rooted",31.6254293321283,370,"5","2",TRUE
"TGACAACAGAACAACT-500.1.1","Slingshot_PCA_rooted",18.4152082972177,330,"4","2",TRUE
"TGACAACAGCCCTAAT-500.1.1","Slingshot_PCA_rooted",24.6382836670949,320,"10","2",TRUE
"TGACGGCCAGGATCGA-500.1.1","Slingshot_PCA_rooted",46.1984741113636,510,"14","2",TRUE
"TGACGGCCAGGGTTAG-500.1.1","Slingshot_PCA_rooted",56.728679769425,640,"1","2",TRUE
"TGACGGCTCTCGTTTA-500.1.1","Slingshot_PCA_rooted",56.4469570730148,635,"13","2",TRUE
"TGACTAGCATGTTGAC-500.1.1","Slingshot_PCA_rooted",39.368537510758,450,"11","2",TRUE
"TGACTAGTCTGCGGCA-500.1.1","Slingshot_PCA_rooted",40.6947851450592,500,"5","2",TRUE
"TGACTTTAGGTGTGGT-500.1.1","Slingshot_PCA_rooted",28.6632793188901,380,"5","2",TRUE
"TGACTTTAGTGAACAT-500.1.1","Slingshot_PCA_rooted",34.267489137119,420,"5","2",TRUE
"TGAGCATCATGCCTTC-500.1.1","Slingshot_PCA_rooted",18.5824523146078,335,"4","2",TRUE
"TGAGCCGAGGGCATGT-500.1.1","Slingshot_PCA_rooted",38.8446211399296,450,"16","2",TRUE
"TGATTTCAGGACAGAA-500.1.1","Slingshot_PCA_rooted",40.5979464735289,470,"9","2",TRUE
"TGATTTCGTGGTACAG-500.1.1","Slingshot_PCA_rooted",42.0636666864147,450,"11","2",TRUE
"TGCACCTTCATGCAAC-500.1.1","Slingshot_PCA_rooted",43.3935036974082,520,"16","2",TRUE
"TGCACCTTCTGAGTGT-500.1.1","Slingshot_PCA_rooted",39.6694538779857,450,"16","2",TRUE
"TGCCAAACAAGTAATG-500.1.1","Slingshot_PCA_rooted",45.5603386218975,620,"4","2",TRUE
"TGCCCATCACCGCTAG-500.1.1","Slingshot_PCA_rooted",15.5548868555646,260,"8","2",TRUE
"TGCCCTAGTGTGCGTC-500.1.1","Slingshot_PCA_rooted",19.4297902837214,335,"10","2",TRUE
"TGCCCTATCACTTATC-500.1.1","Slingshot_PCA_rooted",29.2565670483176,375,"5","2",TRUE
"TGCGCAGTCAGCTTAG-500.1.1","Slingshot_PCA_rooted",39.1853861681998,390,"1","2",TRUE
"TGCGGGTGTGGTGTAG-500.1.1","Slingshot_PCA_rooted",47.2297999475993,620,"16","2",TRUE
"TGCGTGGAGTGTTTGC-500.1.1","Slingshot_PCA_rooted",32.0443656697053,440,"5","2",TRUE
"TGCGTGGTCCCAACGG-500.1.1","Slingshot_PCA_rooted",40.6079202275442,450,"11","2",TRUE
"TGCTACCAGTGTGGCA-500.1.1","Slingshot_PCA_rooted",36.2886239202894,425,"5","2",TRUE
"TGCTACCGTGTGCCTG-500.1.1","Slingshot_PCA_rooted",25.9189716443688,435,"10","2",TRUE
"TGCTACCTCTATCCCG-500.1.1","Slingshot_PCA_rooted",31.6625195671088,380,"5","2",TRUE
"TGCTACCTCTGGTATG-500.1.1","Slingshot_PCA_rooted",33.3195879931953,390,"11","2",TRUE
"TGCTGCTGTAGGAGTC-500.1.1","Slingshot_PCA_rooted",41.9148146936414,450,"9","2",TRUE
"TGCTGCTGTCTCCATC-500.1.1","Slingshot_PCA_rooted",44.870905744686,490,"10","2",TRUE
"TGCTGCTTCTGTCCGT-500.1.1","Slingshot_PCA_rooted",28.1812641951864,370,"5","2",TRUE
"TGGACGCCAGTATGCT-500.1.1","Slingshot_PCA_rooted",44.3088361062311,490,"16","2",TRUE
"TGGCGCAAGAAGGTGA-500.1.1","Slingshot_PCA_rooted",36.0544630404544,410,"9","2",TRUE
"TGGGAAGAGACTCGGA-500.1.1","Slingshot_PCA_rooted",48.2617091514535,550,"10","2",TRUE
"TGGGAAGGTCTAGTGT-500.1.1","Slingshot_PCA_rooted",41.7817167502541,550,"16","2",TRUE
"TGGGCGTGTGATAAAC-500.1.1","Slingshot_PCA_rooted",34.599604403357,390,"10","2",TRUE
"TGGGCGTGTGTCAATC-500.1.1","Slingshot_PCA_rooted",43.5785434555135,550,"16","2",TRUE
"TGGTTAGAGAGAACAG-500.1.1","Slingshot_PCA_rooted",36.4600000536843,450,"5","2",TRUE
"TGGTTAGAGGCATGTG-500.1.1","Slingshot_PCA_rooted",36.7365143117029,440,"14","2",TRUE
"TGGTTCCCACATTAGC-500.1.1","Slingshot_PCA_rooted",29.7269512729591,385,"5","2",TRUE
"TGGTTCCCACTAAGTC-500.1.1","Slingshot_PCA_rooted",29.8906539146384,385,"9","2",TRUE
"TGGTTCCGTATCTGCA-500.1.1","Slingshot_PCA_rooted",45.5009841741623,510,"5","2",TRUE
"TGTATTCTCGGATGTT-500.1.1","Slingshot_PCA_rooted",38.5805758247131,490,"5","2",TRUE
"TGTCCCAGTTCGGGCT-500.1.1","Slingshot_PCA_rooted",41.5573913165596,550,"16","2",TRUE
"TGTGGTACACCCATGG-500.1.1","Slingshot_PCA_rooted",54.9949976535464,700,"15","2",TRUE
"TGTGGTACAGTAAGCG-500.1.1","Slingshot_PCA_rooted",43.8772397401208,450,"9","2",TRUE
"TGTGGTAGTTCTCATT-500.1.1","Slingshot_PCA_rooted",42.6283857827533,430,"15","2",TRUE
"TGTGGTATCAGTCAGT-500.1.1","Slingshot_PCA_rooted",40.782340957509,450,"11","2",TRUE
"TGTGTTTGTTGAGGTG-500.1.1","Slingshot_PCA_rooted",17.4415885825677,245,"5","2",TRUE
"TGTTCCGCAATCTACG-500.1.1","Slingshot_PCA_rooted",41.9045251544068,450,"13","2",TRUE
"TTAACTCTCTCTAAGG-500.1.1","Slingshot_PCA_rooted",32.8878869132164,405,"5","2",TRUE
"TTAACTCTCTTAGCCC-500.1.1","Slingshot_PCA_rooted",38.0804194539923,450,"16","2",TRUE
"TTAGGACTCAGAGGTG-500.1.1","Slingshot_PCA_rooted",33.4182392970452,410,"5","2",TRUE
"TTATGCTAGCTACCGC-500.1.1","Slingshot_PCA_rooted",50.7254032339853,625,"15","2",TRUE
"TTATGCTGTCACTGGC-500.1.1","Slingshot_PCA_rooted",51.8893624384143,550,"1","2",TRUE
"TTCGAAGCACACCGAC-500.1.1","Slingshot_PCA_rooted",44.7155307579136,585,"16","2",TRUE
"TTCGAAGCATTGGCGC-500.1.1","Slingshot_PCA_rooted",30.1124054944751,375,"4","2",TRUE
"TTCGAAGGTATTACCG-500.1.1","Slingshot_PCA_rooted",33.3652439066913,410,"5","2",TRUE
"TTCGAAGGTTACCAGT-500.1.1","Slingshot_PCA_rooted",29.2604877361131,390,"10","2",TRUE
"TTCGGTCTCTCTGCTG-500.1.1","Slingshot_PCA_rooted",46.334282040336,550,"11","2",TRUE
"TTCTACACATAAAGGT-500.1.1","Slingshot_PCA_rooted",40.4297251018449,585,"4","2",TRUE
"TTCTCAAAGTCATGCT-500.1.1","Slingshot_PCA_rooted",48.6152325538109,550,"1","2",TRUE
"TTCTCAACATGTTGAC-500.1.1","Slingshot_PCA_rooted",25.4629426557497,380,"4","2",TRUE
"TTCTTAGCACAAGCCC-500.1.1","Slingshot_PCA_rooted",38.0941170318415,450,"14","2",TRUE
"TTCTTAGGTCAAACTC-500.1.1","Slingshot_PCA_rooted",30.4732203862597,375,"4","2",TRUE
"TTCTTAGTCTCACATT-500.1.1","Slingshot_PCA_rooted",50.2784494343362,620,"11","2",TRUE
"TTGAACGCACACGCTG-500.1.1","Slingshot_PCA_rooted",32.4202334810895,420,"5","2",TRUE
"TTGCCGTCATCCAACA-500.1.1","Slingshot_PCA_rooted",41.4680983674728,470,"13","2",TRUE
"TTGCGTCCAAAGTCAA-500.1.1","Slingshot_PCA_rooted",27.4585024266271,345,"5","2",TRUE
"TTGCGTCGTCACACGC-500.1.1","Slingshot_PCA_rooted",35.9545137856117,320,"12","2",TRUE
"TTTGCGCGTACCATCA-500.1.1","Slingshot_PCA_rooted",36.0312381582526,435,"14","2",TRUE
"TTTGCGCTCTCTGCTG-500.1.1","Slingshot_PCA_rooted",45.1289722544556,550,"16","2",TRUE
"TTTGGTTCAATGGATA-500.1.1","Slingshot_PCA_rooted",38.1417661684351,450,"5","2",TRUE
"TTTGTCAAGCCAGGAT-500.1.1","Slingshot_PCA_rooted",35.0983148112856,415,"13","2",TRUE
"TTTGTCAAGGTGGGTT-500.1.1","Slingshot_PCA_rooted",56.1494004454549,700,"11","2",TRUE
"AAACCTGGTACCATCA-500.1.2","Slingshot_PCA_rooted",44.354047149122,585,"16","2",TRUE
"AAACCTGGTAGCCTCG-500.1.2","Slingshot_PCA_rooted",37.9652182217088,415,"13","2",TRUE
"AAACCTGGTTCGTGAT-500.1.2","Slingshot_PCA_rooted",40.6636529833136,450,"9","2",TRUE
"AAAGATGCATACTACG-500.1.2","Slingshot_PCA_rooted",40.7928951171298,490,"16","2",TRUE
"AAAGATGGTATTCTCT-500.1.2","Slingshot_PCA_rooted",44.9662977310535,520,"10","2",TRUE
"AAAGCAATCCCTAACC-500.1.2","Slingshot_PCA_rooted",34.463998972656,420,"5","2",TRUE
"AAAGTAGAGTAATCCC-500.1.2","Slingshot_PCA_rooted",52.2155071925018,620,"14","2",TRUE
"AACGTTGAGATCCCGC-500.1.2","Slingshot_PCA_rooted",53.2845930268781,620,"16","2",TRUE
"AACGTTGTCAGCGATT-500.1.2","Slingshot_PCA_rooted",58.6172219280817,630,"1","2",TRUE
"AACGTTGTCGTCCGTT-500.1.2","Slingshot_PCA_rooted",46.6786414899053,700,"16","2",TRUE
"AACTCAGAGTGTACGG-500.1.2","Slingshot_PCA_rooted",29.4254568413563,385,"4","2",TRUE
"AACTCCCTCATTGCGA-500.1.2","Slingshot_PCA_rooted",28.4901566257706,360,"10","2",TRUE
"AACTGGTGTTTGTTTC-500.1.2","Slingshot_PCA_rooted",54.7390163797313,585,"13","2",TRUE
"AAGCCGCTCCTTTCGG-500.1.2","Slingshot_PCA_rooted",55.4654780684108,670,"11","2",TRUE
"AAGGCAGGTATAATGG-500.1.2","Slingshot_PCA_rooted",32.0941214685684,410,"5","2",TRUE
"ACATCAGCACCATGTA-500.1.2","Slingshot_PCA_rooted",35.4846504075877,420,"14","2",TRUE
"ACATCAGCAGAAGCAC-500.1.2","Slingshot_PCA_rooted",47.2937872756298,550,"16","2",TRUE
"ACATGGTAGAGTGACC-500.1.2","Slingshot_PCA_rooted",56.7216433247542,700,"9","2",TRUE
"ACATGGTTCTCGTTTA-500.1.2","Slingshot_PCA_rooted",45.4480737280348,490,"14","2",TRUE
"ACCAGTAGTCAAACTC-500.1.2","Slingshot_PCA_rooted",51.1356420553474,550,"11","2",TRUE
"ACCAGTATCTGTTTGT-500.1.2","Slingshot_PCA_rooted",30.3583684304755,390,"5","2",TRUE
"ACCCACTAGTCGATAA-500.1.2","Slingshot_PCA_rooted",32.0574680899673,390,"5","2",TRUE
"ACGATACGTGGTAACG-500.1.2","Slingshot_PCA_rooted",43.3931128981604,510,"16","2",TRUE
"ACGCCAGCAACACCTA-500.1.2","Slingshot_PCA_rooted",33.0140747316318,395,"1","2",TRUE
"ACTATCTTCACTGGGC-500.1.2","Slingshot_PCA_rooted",31.8797714897777,410,"4","2",TRUE
"ACTGAACCAAGTTAAG-500.1.2","Slingshot_PCA_rooted",48.5880942768531,630,"9","2",TRUE
"ACTGTCCTCAGAGGTG-500.1.2","Slingshot_PCA_rooted",43.1680333732712,510,"14","2",TRUE
"ACTTACTCACTTCGAA-500.1.2","Slingshot_PCA_rooted",45.1905121053431,620,"16","2",TRUE
"ACTTACTCAGCCAATT-500.1.2","Slingshot_PCA_rooted",26.7629447776025,370,"4","2",TRUE
"ACTTGTTCAAGCCGTC-500.1.2","Slingshot_PCA_rooted",25.5698800944986,375,"4","2",TRUE
"AGAATAGAGCCGATTT-500.1.2","Slingshot_PCA_rooted",26.071066121521,350,"10","2",TRUE
"AGACGTTAGTGAAGTT-500.1.2","Slingshot_PCA_rooted",25.7189934255599,380,"4","2",TRUE
"AGAGCTTCACCGAATT-500.1.2","Slingshot_PCA_rooted",31.1896629161757,390,"5","2",TRUE
"AGAGTGGTCAAGAAGT-500.1.2","Slingshot_PCA_rooted",43.7852343195749,450,"9","2",TRUE
"AGATTGCCACCTATCC-500.1.2","Slingshot_PCA_rooted",54.7346361830393,700,"15","2",TRUE
"AGCATACCACATTAGC-500.1.2","Slingshot_PCA_rooted",54.3106299480081,700,"15","2",TRUE
"AGCGGTCCACCGTTGG-500.1.2","Slingshot_PCA_rooted",50.7182944959753,585,"11","2",TRUE
"AGCGGTCGTCTTGATG-500.1.2","Slingshot_PCA_rooted",41.2388200487596,450,"15","2",TRUE
"AGCGGTCGTCTTGCGG-500.1.2","Slingshot_PCA_rooted",40.0640162386571,490,"16","2",TRUE
"AGCGTCGAGCAGACTG-500.1.2","Slingshot_PCA_rooted",34.7999440629309,440,"4","2",TRUE
"AGCTCTCAGTCCTCCT-500.1.2","Slingshot_PCA_rooted",32.8849422575952,420,"14","2",TRUE
"AGGCCACCACAGATTC-500.1.2","Slingshot_PCA_rooted",31.9937014007777,390,"4","2",TRUE
"AGGGAGTCAAATTGCC-500.1.2","Slingshot_PCA_rooted",51.6315149225173,550,"1","2",TRUE
"AGGGAGTCACCAGTTA-500.1.2","Slingshot_PCA_rooted",32.702947731389,420,"5","2",TRUE
"AGGGATGTCTATGTGG-500.1.2","Slingshot_PCA_rooted",47.470821091588,550,"15","2",TRUE
"AGGTCCGTCCCAACGG-500.1.2","Slingshot_PCA_rooted",46.7756882317465,640,"4","2",TRUE
"AGTTGGTAGATCCGAG-500.1.2","Slingshot_PCA_rooted",20.667559593959,350,"1","2",TRUE
"ATAACGCTCTCGATGA-500.1.2","Slingshot_PCA_rooted",47.5833368257299,550,"10","2",TRUE
"ATAAGAGCATGCAATC-500.1.2","Slingshot_PCA_rooted",47.4924299698398,550,"13","2",TRUE
"ATAAGAGGTTTACTCT-500.1.2","Slingshot_PCA_rooted",48.7150150520403,550,"1","2",TRUE
"ATCGAGTAGAGTCGGT-500.1.2","Slingshot_PCA_rooted",40.1736948446048,430,"16","2",TRUE
"ATCGAGTAGCCCGAAA-500.1.2","Slingshot_PCA_rooted",38.7455059181555,420,"9","2",TRUE
"ATCTACTCAAGTAGTA-500.1.2","Slingshot_PCA_rooted",42.1238084741411,550,"5","2",TRUE
"ATGCGATTCCAGATCA-500.1.2","Slingshot_PCA_rooted",45.6557430329206,550,"4","2",TRUE
"ATTACTCCAGCAGTTT-500.1.2","Slingshot_PCA_rooted",15.3234429735125,230,"3","2",TRUE
"ATTCTACGTCACTGGC-500.1.2","Slingshot_PCA_rooted",32.9257299215734,410,"9","2",TRUE
"ATTGGACCAAGCGCTC-500.1.2","Slingshot_PCA_rooted",38.6671962234525,400,"10","2",TRUE
"ATTGGTGCACAAGTAA-500.1.2","Slingshot_PCA_rooted",17.5324183044895,320,"4","2",TRUE
"ATTTCTGCACTGAAGG-500.1.2","Slingshot_PCA_rooted",41.8797438428982,490,"5","2",TRUE
"ATTTCTGTCGAGAGCA-500.1.2","Slingshot_PCA_rooted",41.3926341182262,510,"14","2",TRUE
"CAACCTCGTTAGAACA-500.1.2","Slingshot_PCA_rooted",23.094972203581,350,"10","2",TRUE
"CAAGTTGCAGCTGGCT-500.1.2","Slingshot_PCA_rooted",44.1767205405767,625,"5","2",TRUE
"CACACAAAGATATGGT-500.1.2","Slingshot_PCA_rooted",46.1046102798157,500,"9","2",TRUE
"CACCACTTCTGATTCT-500.1.2","Slingshot_PCA_rooted",47.3842562206099,550,"15","2",TRUE
"CACCTTGAGGTGTTAA-500.1.2","Slingshot_PCA_rooted",33.4638828469225,450,"4","2",TRUE
"CACTCCAAGGGCTTGA-500.1.2","Slingshot_PCA_rooted",52.3630880454715,640,"9","2",TRUE
"CACTCCATCGCGTTTC-500.1.2","Slingshot_PCA_rooted",40.8640270267142,470,"5","2",TRUE
"CAGAATCCACCTCGGA-500.1.2","Slingshot_PCA_rooted",56.4686741877952,640,"1","2",TRUE
"CAGAGAGAGCGATTCT-500.1.2","Slingshot_PCA_rooted",34.9954116674985,450,"5","2",TRUE
"CAGATCAAGCAGACTG-500.1.2","Slingshot_PCA_rooted",51.7917572186174,585,"13","2",TRUE
"CAGCATACACGTTGGC-500.1.2","Slingshot_PCA_rooted",57.797900643615,640,"16","2",TRUE
"CAGTAACCATCTGGTA-500.1.2","Slingshot_PCA_rooted",30.7260438603268,390,"5","2",TRUE
"CAGTCCTGTCTTCTCG-500.1.2","Slingshot_PCA_rooted",29.9703366099831,385,"5","2",TRUE
"CATATGGCAATCGGTT-500.1.2","Slingshot_PCA_rooted",35.1644497228384,420,"5","2",TRUE
"CATATGGTCGCTAGCG-500.1.2","Slingshot_PCA_rooted",50.1260290281768,620,"11","2",TRUE
"CATCAAGCAAGCCCAC-500.1.2","Slingshot_PCA_rooted",43.5291096735975,550,"16","2",TRUE
"CATTATCTCCTCAACC-500.1.2","Slingshot_PCA_rooted",29.8088309399464,380,"5","2",TRUE
"CATTCGCAGTAGGCCA-500.1.2","Slingshot_PCA_rooted",59.6896174495748,640,"16","2",TRUE
"CATTCGCTCACATAGC-500.1.2","Slingshot_PCA_rooted",45.4157173727379,490,"14","2",TRUE
"CCAATCCCAAGGACTG-500.1.2","Slingshot_PCA_rooted",30.6547829638582,390,"5","2",TRUE
"CCAATCCGTTCGCTAA-500.1.2","Slingshot_PCA_rooted",44.9641100006615,500,"13","2",TRUE
"CCACGGAGTGTTGAGG-500.1.2","Slingshot_PCA_rooted",55.1129496137127,640,"9","2",TRUE
"CCACGGATCCACGACG-500.1.2","Slingshot_PCA_rooted",58.4144648865437,725,"13","2",TRUE
"CCAGCGACAATTGCTG-500.1.2","Slingshot_PCA_rooted",38.1473300433617,420,"9","2",TRUE
"CCATTCGAGATGTGGC-500.1.2","Slingshot_PCA_rooted",33.9930994727217,450,"5","2",TRUE
"CCATTCGTCGAACGGA-500.1.2","Slingshot_PCA_rooted",54.5086360722286,640,"14","2",TRUE
"CCCAGTTGTGCGCTTG-500.1.2","Slingshot_PCA_rooted",51.1539061796394,640,"10","2",TRUE
"CCCAGTTTCAATCACG-500.1.2","Slingshot_PCA_rooted",31.1330968468088,390,"5","2",TRUE
"CCCTCCTGTCCCGACA-500.1.2","Slingshot_PCA_rooted",48.2283042902142,700,"16","2",TRUE
"CCTACACGTGTGGTTT-500.1.2","Slingshot_PCA_rooted",52.925611560175,620,"16","2",TRUE
"CCTAGCTGTGGAAAGA-500.1.2","Slingshot_PCA_rooted",40.1668719504771,450,"16","2",TRUE
"CCTAGCTTCACGGTTA-500.1.2","Slingshot_PCA_rooted",54.0002197082645,620,"16","2",TRUE
"CCTCAGTTCTGGTTCC-500.1.2","Slingshot_PCA_rooted",32.0992663578797,410,"13","2",TRUE
"CCTCTGAGTTGTGGAG-500.1.2","Slingshot_PCA_rooted",39.5074709046473,490,"16","2",TRUE
"CCTTACGAGCGTAGTG-500.1.2","Slingshot_PCA_rooted",45.8594966483208,620,"16","2",TRUE
"CCTTTCTGTGACGGTA-500.1.2","Slingshot_PCA_rooted",34.2591820282131,420,"14","2",TRUE
"CGAACATAGACTAGGC-500.1.2","Slingshot_PCA_rooted",31.7622679989911,385,"5","2",TRUE
"CGAACATCAGAAGCAC-500.1.2","Slingshot_PCA_rooted",18.95021435923,320,"10","2",TRUE
"CGAGAAGCACAGGCCT-500.1.2","Slingshot_PCA_rooted",18.8195668510483,300,"4","2",TRUE
"CGCGGTACAGTCTTCC-500.1.2","Slingshot_PCA_rooted",33.1619900754355,380,"10","2",TRUE
"CGCGTTTAGAGCTTCT-500.1.2","Slingshot_PCA_rooted",43.9664077819791,500,"16","2",TRUE
"CGCGTTTCACGTGAGA-500.1.2","Slingshot_PCA_rooted",53.1095032521208,585,"1","2",TRUE
"CGCTATCCACAGTCGC-500.1.2","Slingshot_PCA_rooted",52.9324825789975,620,"14","2",TRUE
"CGGACACCATAAGACA-500.1.2","Slingshot_PCA_rooted",53.9991828860349,620,"13","2",TRUE
"CGGAGCTGTACCCAAT-500.1.2","Slingshot_PCA_rooted",58.9679041022203,725,"11","2",TRUE
"CGTAGCGTCAAACCGT-500.1.2","Slingshot_PCA_rooted",40.2849640186688,490,"5","2",TRUE
"CGTAGCGTCTTGTCAT-500.1.2","Slingshot_PCA_rooted",41.1523505285784,490,"16","2",TRUE
"CGTCAGGAGGCTAGCA-500.1.2","Slingshot_PCA_rooted",30.962758134883,390,"5","2",TRUE
"CGTCAGGCAACGCACC-500.1.2","Slingshot_PCA_rooted",42.9601263818471,550,"16","2",TRUE
"CGTGTAAGTGCCTTGG-500.1.2","Slingshot_PCA_rooted",50.862368684415,640,"15","2",TRUE
"CGTGTCTGTAAGGGAA-500.1.2","Slingshot_PCA_rooted",36.2909747298294,385,"11","2",TRUE
"CGTTAGACAAGCGTAG-500.1.2","Slingshot_PCA_rooted",34.0959463683379,370,"11","2",TRUE
"CTAATGGAGACTTTCG-500.1.2","Slingshot_PCA_rooted",30.5845518781886,380,"5","2",TRUE
"CTACACCAGGCAGTCA-500.1.2","Slingshot_PCA_rooted",42.3888563373603,550,"4","2",TRUE
"CTACATTCATATGCTG-500.1.2","Slingshot_PCA_rooted",25.412752414864,350,"4","2",TRUE
"CTACCCAGTGGTAACG-500.1.2","Slingshot_PCA_rooted",38.7775682214525,450,"14","2",TRUE
"CTAGAGTCATCGGACC-500.1.2","Slingshot_PCA_rooted",39.1727858510097,455,"5","2",TRUE
"CTCACACAGAAACGAG-500.1.2","Slingshot_PCA_rooted",37.5329582921705,420,"9","2",TRUE
"CTCGAAACACAGACTT-500.1.2","Slingshot_PCA_rooted",33.0398297225012,295,"3","2",TRUE
"CTCGGAGGTTTAGCTG-500.1.2","Slingshot_PCA_rooted",41.2419583935306,490,"16","2",TRUE
"CTCGGAGTCGGAATCT-500.1.2","Slingshot_PCA_rooted",41.0978025428008,450,"10","2",TRUE
"CTCTAATAGGATCGCA-500.1.2","Slingshot_PCA_rooted",48.4698571722841,550,"11","2",TRUE
"CTCTACGGTCGTGGCT-500.1.2","Slingshot_PCA_rooted",46.0648651087092,550,"10","2",TRUE
"CTGAAGTCACGCATCG-500.1.2","Slingshot_PCA_rooted",37.7801122110909,415,"9","2",TRUE
"CTGCTGTTCGGAGCAA-500.1.2","Slingshot_PCA_rooted",44.5277092281225,490,"13","2",TRUE
"CTGGTCTGTTATCCGA-500.1.2","Slingshot_PCA_rooted",45.948637541733,550,"15","2",TRUE
"CTGTTTACAGAAGCAC-500.1.2","Slingshot_PCA_rooted",50.1262421611202,640,"9","2",TRUE
"CTTCTCTGTCTTCTCG-500.1.2","Slingshot_PCA_rooted",46.6592373707092,550,"9","2",TRUE
"GAAATGATCTCTAAGG-500.1.2","Slingshot_PCA_rooted",43.535313129961,490,"10","2",TRUE
"GAACATCCATAGTAAG-500.1.2","Slingshot_PCA_rooted",28.9243913105593,370,"4","2",TRUE
"GAACGGAAGGCTAGAC-500.1.2","Slingshot_PCA_rooted",24.3817287626062,360,"5","2",TRUE
"GACACGCTCCGAATGT-500.1.2","Slingshot_PCA_rooted",53.2479927871995,620,"14","2",TRUE
"GACGCGTCATGGTTGT-500.1.2","Slingshot_PCA_rooted",34.1261418028717,415,"5","2",TRUE
"GACGCGTTCTTGGGTA-500.1.2","Slingshot_PCA_rooted",44.7985796531065,620,"4","2",TRUE
"GACGTGCCATAAAGGT-500.1.2","Slingshot_PCA_rooted",63.4313850619984,750,"1","2",TRUE
"GACTAACTCCAGTAGT-500.1.2","Slingshot_PCA_rooted",43.5785434555135,550,"16","2",TRUE
"GACTACAAGATCGATA-500.1.2","Slingshot_PCA_rooted",40.8502030784324,490,"16","2",TRUE
"GAGGTGAGTCTCCATC-500.1.2","Slingshot_PCA_rooted",39.0518537077778,470,"16","2",TRUE
"GATCAGTCAGCTGCAC-500.1.2","Slingshot_PCA_rooted",41.7787149351158,440,"15","2",TRUE
"GATCGCGCACACGCTG-500.1.2","Slingshot_PCA_rooted",35.9752419167722,415,"10","2",TRUE
"GATTCAGAGGAGTAGA-500.1.2","Slingshot_PCA_rooted",29.1060376786513,380,"5","2",TRUE
"GATTCAGCAAACTGCT-500.1.2","Slingshot_PCA_rooted",31.915338216153,410,"5","2",TRUE
"GCAAACTTCCGCTGTT-500.1.2","Slingshot_PCA_rooted",51.7331593103865,620,"14","2",TRUE
"GCACTCTAGTTTAGGA-500.1.2","Slingshot_PCA_rooted",36.8744363887133,450,"5","2",TRUE
"GCAGTTAGTTATGCGT-500.1.2","Slingshot_PCA_rooted",22.0684889461549,360,"4","2",TRUE
"GCAGTTATCCCACTTG-500.1.2","Slingshot_PCA_rooted",43.2466574821737,530,"16","2",TRUE
"GCATGCGGTTCACGGC-500.1.2","Slingshot_PCA_rooted",45.0639823005024,550,"13","2",TRUE
"GCGAGAATCCATGAGT-500.1.2","Slingshot_PCA_rooted",29.122321336868,390,"10","2",TRUE
"GCGCAACAGACCACGA-500.1.2","Slingshot_PCA_rooted",41.4852678152749,440,"11","2",TRUE
"GCGCAGTCACCAGGCT-500.1.2","Slingshot_PCA_rooted",28.4671168387702,380,"13","2",TRUE
"GCGCCAACAACACCTA-500.1.2","Slingshot_PCA_rooted",46.9155775037862,550,"15","2",TRUE
"GCGGGTTAGTCCATAC-500.1.2","Slingshot_PCA_rooted",26.043432722942,350,"10","2",TRUE
"GCGGGTTCACAGGCCT-500.1.2","Slingshot_PCA_rooted",35.7709857880628,450,"5","2",TRUE
"GCGGGTTGTTCTCATT-500.1.2","Slingshot_PCA_rooted",30.4959925201339,390,"5","2",TRUE
"GCTGCAGTCAAGCCTA-500.1.2","Slingshot_PCA_rooted",38.3784660695643,450,"14","2",TRUE
"GCTTGAACACCGATAT-500.1.2","Slingshot_PCA_rooted",32.5942810235983,395,"5","2",TRUE
"GGAATAAAGAACAACT-500.1.2","Slingshot_PCA_rooted",43.3116964272439,470,"10","2",TRUE
"GGAATAAGTAGCGCTC-500.1.2","Slingshot_PCA_rooted",47.4925498010337,585,"9","2",TRUE
"GGCAATTAGAACTGTA-500.1.2","Slingshot_PCA_rooted",25.0806420839481,380,"4","2",TRUE
"GGCCGATAGGAGTCTG-500.1.2","Slingshot_PCA_rooted",54.4712976537561,620,"16","2",TRUE
"GGCCGATTCTGGCGTG-500.1.2","Slingshot_PCA_rooted",37.0646867378673,450,"5","2",TRUE
"GGCTCGACACAAGACG-500.1.2","Slingshot_PCA_rooted",46.4803311751825,620,"16","2",TRUE
"GGGAATGGTAGGGTAC-500.1.2","Slingshot_PCA_rooted",27.1513287162807,375,"4","2",TRUE
"GGGACCTCACACGCTG-500.1.2","Slingshot_PCA_rooted",38.1388092178983,450,"16","2",TRUE
"GGGCACTGTCTCATCC-500.1.2","Slingshot_PCA_rooted",57.3290585234753,635,"13","2",TRUE
"GGTATTGGTTGTCTTT-500.1.2","Slingshot_PCA_rooted",36.3331558165884,390,"1","2",TRUE
"GGTGAAGGTCATGCCG-500.1.2","Slingshot_PCA_rooted",45.0289970476905,550,"4","2",TRUE
"GGTGTTAAGGCCCGTT-500.1.2","Slingshot_PCA_rooted",38.0519472302592,400,"10","2",TRUE
"GTAACGTAGCCTATGT-500.1.2","Slingshot_PCA_rooted",32.4466090019053,390,"5","2",TRUE
"GTACGTAAGGGATGGG-500.1.2","Slingshot_PCA_rooted",45.923188509829,520,"16","2",TRUE
"GTAGGCCCATGTAAGA-500.1.2","Slingshot_PCA_rooted",34.6548400036239,450,"5","2",TRUE
"GTAGTCAAGTGACATA-500.1.2","Slingshot_PCA_rooted",34.0052177367853,410,"13","2",TRUE
"GTATTCTTCCAGAGGA-500.1.2","Slingshot_PCA_rooted",26.7389960425167,365,"5","2",TRUE
"GTCACAATCGAACGGA-500.1.2","Slingshot_PCA_rooted",40.3019231779632,490,"5","2",TRUE
"GTCCTCAGTCACAAGG-500.1.2","Slingshot_PCA_rooted",48.0427293154287,490,"11","2",TRUE
"GTGCAGCCACTTCTGC-500.1.2","Slingshot_PCA_rooted",37.6386118172014,420,"13","2",TRUE
"GTGTTAGAGAGGTAGA-500.1.2","Slingshot_PCA_rooted",52.9770173100303,640,"15","2",TRUE
"GTTAAGCGTGACGGTA-500.1.2","Slingshot_PCA_rooted",39.2922037845957,450,"14","2",TRUE
"GTTACAGAGCTAGTGG-500.1.2","Slingshot_PCA_rooted",41.6329199083153,550,"16","2",TRUE
"GTTCGGGAGATATACG-500.1.2","Slingshot_PCA_rooted",31.067936341381,385,"5","2",TRUE
"TAAACCGAGATGGGTC-500.1.2","Slingshot_PCA_rooted",37.6397319804552,410,"10","2",TRUE
"TAAGAGAAGATGGCGT-500.1.2","Slingshot_PCA_rooted",29.9811443223444,400,"10","2",TRUE
"TAAGAGATCCTCTAGC-500.1.2","Slingshot_PCA_rooted",46.6637199208696,550,"15","2",TRUE
"TAAGTGCAGTACGATA-500.1.2","Slingshot_PCA_rooted",57.2286757848977,620,"14","2",TRUE
"TAAGTGCGTAGATTAG-500.1.2","Slingshot_PCA_rooted",41.8224481181076,490,"16","2",TRUE
"TACACGATCTTAGCCC-500.1.2","Slingshot_PCA_rooted",35.379263794414,450,"5","2",TRUE
"TACTCATAGTCAAGCG-500.1.2","Slingshot_PCA_rooted",19.4952662909415,350,"5","2",TRUE
"TACTTGTTCGCCGTGA-500.1.2","Slingshot_PCA_rooted",43.7553479863044,470,"13","2",TRUE
"TAGACCAGTCTGGTCG-500.1.2","Slingshot_PCA_rooted",27.0362066709793,380,"4","2",TRUE
"TAGGCATGTAAACGCG-500.1.2","Slingshot_PCA_rooted",36.3549269852678,450,"5","2",TRUE
"TAGTTGGCAGCCAATT-500.1.2","Slingshot_PCA_rooted",36.6739099977843,450,"4","2",TRUE
"TATCTCACAAGAGTCG-500.1.2","Slingshot_PCA_rooted",32.5331594496738,400,"5","2",TRUE
"TATCTCACAAGCTGTT-500.1.2","Slingshot_PCA_rooted",30.757482820783,410,"4","2",TRUE
"TATCTCATCTGCAGTA-500.1.2","Slingshot_PCA_rooted",63.7560226963006,760,"11","2",TRUE
"TATGCCCAGCATGGCA-500.1.2","Slingshot_PCA_rooted",45.1289722544556,620,"16","2",TRUE
"TCAACGAAGCGATATA-500.1.2","Slingshot_PCA_rooted",48.0683279247528,640,"16","2",TRUE
"TCAATCTAGATGTTAG-500.1.2","Slingshot_PCA_rooted",28.151838418909,380,"13","2",TRUE
"TCAGCAAAGACCTTTG-500.1.2","Slingshot_PCA_rooted",45.3031860505922,620,"5","2",TRUE
"TCAGCTCTCGCGGATC-500.1.2","Slingshot_PCA_rooted",59.2328063334516,700,"15","2",TRUE
"TCAGGATAGCCGATTT-500.1.2","Slingshot_PCA_rooted",57.3356609676435,640,"1","2",TRUE
"TCATTTGCATTGTGCA-500.1.2","Slingshot_PCA_rooted",45.0110857803185,490,"14","2",TRUE
"TCCCGATCATCAGTCA-500.1.2","Slingshot_PCA_rooted",45.0495338293079,500,"15","2",TRUE
"TCGAGGCGTTCGTCTC-500.1.2","Slingshot_PCA_rooted",50.8699539714771,585,"13","2",TRUE
"TCGGTAAAGTGCGTGA-500.1.2","Slingshot_PCA_rooted",43.2067893909626,470,"10","2",TRUE
"TCGTAGACATTCCTGC-500.1.2","Slingshot_PCA_rooted",34.8027415313079,420,"5","2",TRUE
"TGAGCATTCCACGTTC-500.1.2","Slingshot_PCA_rooted",34.9129546029741,420,"5","2",TRUE
"TGAGGGAAGAATTCCC-500.1.2","Slingshot_PCA_rooted",41.5189976954414,450,"13","2",TRUE
"TGAGGGAGTGGTACAG-500.1.2","Slingshot_PCA_rooted",42.9159794197238,510,"14","2",TRUE
"TGCCCATCAGCGATCC-500.1.2","Slingshot_PCA_rooted",31.0627068046533,390,"5","2",TRUE
"TGCGCAGCATACTACG-500.1.2","Slingshot_PCA_rooted",28.2211145324079,420,"10","2",TRUE
"TGCGCAGGTCTAGTCA-500.1.2","Slingshot_PCA_rooted",37.0594595944511,405,"9","2",TRUE
"TGCTACCCACAGACAG-500.1.2","Slingshot_PCA_rooted",31.4599653679103,390,"4","2",TRUE
"TGGCCAGAGGCTCAGA-500.1.2","Slingshot_PCA_rooted",46.029053229263,565,"4","2",TRUE
"TGGCCAGTCTTCTGGC-500.1.2","Slingshot_PCA_rooted",31.36848468263,390,"5","2",TRUE
"TGGCTGGAGATCCGAG-500.1.2","Slingshot_PCA_rooted",29.968061385164,420,"10","2",TRUE
"TGGCTGGAGATGCCAG-500.1.2","Slingshot_PCA_rooted",37.2461032324645,395,"13","2",TRUE
"TGTATTCAGTATCGAA-500.1.2","Slingshot_PCA_rooted",40.3637520121198,470,"13","2",TRUE
"TGTCCCAAGCCGATTT-500.1.2","Slingshot_PCA_rooted",34.473602210335,420,"10","2",TRUE
"TTAGGACAGTTGCAGG-500.1.2","Slingshot_PCA_rooted",40.3444467327341,450,"16","2",TRUE
"TTCGAAGAGTGTGAAT-500.1.2","Slingshot_PCA_rooted",44.5110310050504,500,"10","2",TRUE
"TTCGAAGTCTAACTTC-500.1.2","Slingshot_PCA_rooted",52.0739512371902,585,"13","2",TRUE
"TTCTCAAAGGCAAAGA-500.1.2","Slingshot_PCA_rooted",30.1166432564121,390,"9","2",TRUE
"TTCTCAACACAGACAG-500.1.2","Slingshot_PCA_rooted",35.9108946741268,425,"13","2",TRUE
"TTGAACGCAGATCGGA-500.1.2","Slingshot_PCA_rooted",51.0875165396566,550,"1","2",TRUE
"TTGCCGTTCCGAAGAG-500.1.2","Slingshot_PCA_rooted",24.5939654716238,355,"10","2",TRUE
"TTGGAACTCCTTCAAT-500.1.2","Slingshot_PCA_rooted",39.0250400779054,450,"11","2",TRUE
"TTTGGTTAGGTTACCT-500.1.2","Slingshot_PCA_rooted",50.4436406681358,620,"10","2",TRUE
"AAACCTGAGCACAGGT-500.1.3","Slingshot_PCA_rooted",37.6295487167246,450,"11","2",TRUE
"AAAGTAGGTCACTGGC-500.1.3","Slingshot_PCA_rooted",31.6067093818638,380,"11","2",TRUE
"AAATGCCCAATGGAAT-500.1.3","Slingshot_PCA_rooted",41.7826426724678,490,"16","2",TRUE
"AAGACCTTCGAGCCCA-500.1.3","Slingshot_PCA_rooted",35.9684690732507,450,"5","2",TRUE
"AGCGTCGGTCCGTCAG-500.1.3","Slingshot_PCA_rooted",51.1801026502692,550,"14","2",TRUE
"AGCTTGACACAACTGT-500.1.3","Slingshot_PCA_rooted",43.7898357021892,620,"5","2",TRUE
"AGCTTGATCAGGCAAG-500.1.3","Slingshot_PCA_rooted",50.3843055186655,620,"10","2",TRUE
"AGGCCACGTCAAGCGA-500.1.3","Slingshot_PCA_rooted",34.58736039632,415,"14","2",TRUE
"AGGGAGTCAGGTGGAT-500.1.3","Slingshot_PCA_rooted",37.1422959887228,405,"11","2",TRUE
"ATAACGCCACAGGAGT-500.1.3","Slingshot_PCA_rooted",51.544494855737,620,"16","2",TRUE
"ATCCGAAGTGCGATAG-500.1.3","Slingshot_PCA_rooted",51.5750174289356,620,"16","2",TRUE
"ATGAGGGTCGACGGAA-500.1.3","Slingshot_PCA_rooted",55.865391548584,635,"13","2",TRUE
"ATTGGTGTCATGGTCA-500.1.3","Slingshot_PCA_rooted",29.0839036770693,370,"4","2",TRUE
"CAAGATCAGCCACCTG-500.1.3","Slingshot_PCA_rooted",45.723644355218,550,"16","2",TRUE
"CACATTTCACGCCAGT-500.1.3","Slingshot_PCA_rooted",44.74261703921,490,"11","2",TRUE
"CACATTTTCATGCATG-500.1.3","Slingshot_PCA_rooted",49.9696402699197,630,"1","2",TRUE
"CAGAATCAGTTTAGGA-500.1.3","Slingshot_PCA_rooted",30.0701495316548,390,"5","2",TRUE
"CAGAATCCAGACTCGC-500.1.3","Slingshot_PCA_rooted",30.7453554230743,375,"5","2",TRUE
"CCACTACGTCGGCACT-500.1.3","Slingshot_PCA_rooted",53.6382018677714,640,"15","2",TRUE
"CCGGTAGCATGCGCAC-500.1.3","Slingshot_PCA_rooted",32.3623873625392,435,"4","2",TRUE
"CGACTTCGTTGTGGAG-500.1.3","Slingshot_PCA_rooted",33.4286821159763,420,"14","2",TRUE
"CGATGGCTCTGTTGAG-500.1.3","Slingshot_PCA_rooted",29.1051351365443,385,"10","2",TRUE
"CGCCAAGCAATGAATG-500.1.3","Slingshot_PCA_rooted",32.1315643463904,390,"5","2",TRUE
"CGGACACGTGCAGGTA-500.1.3","Slingshot_PCA_rooted",41.880553669672,450,"10","2",TRUE
"CGGACGTTCAGTCAGT-500.1.3","Slingshot_PCA_rooted",52.1441234009681,640,"11","2",TRUE
"CGGAGCTCATCTATGG-500.1.3","Slingshot_PCA_rooted",51.2402779142731,550,"11","2",TRUE
"CGGCTAGCATGCGCAC-500.1.3","Slingshot_PCA_rooted",43.0131940771031,490,"13","2",TRUE
"CGTTGGGAGTGGGCTA-500.1.3","Slingshot_PCA_rooted",37.9308137747569,420,"9","2",TRUE
"CGTTGGGTCGACGGAA-500.1.3","Slingshot_PCA_rooted",50.7797527993882,620,"14","2",TRUE
"CTACATTAGGAGCGAG-500.1.3","Slingshot_PCA_rooted",45.709887678808,550,"10","2",TRUE
"CTAGTGAAGAGGGCTT-500.1.3","Slingshot_PCA_rooted",35.6377784609644,450,"5","2",TRUE
"CTCGAAAAGGTTACCT-500.1.3","Slingshot_PCA_rooted",25.125290193065,360,"10","2",TRUE
"CTCGAGGGTGAAATCA-500.1.3","Slingshot_PCA_rooted",46.3868340684512,550,"9","2",TRUE
"CTGATCCAGCTCCTTC-500.1.3","Slingshot_PCA_rooted",34.0075372442794,390,"5","2",TRUE
"CTTACCGGTACATGTC-500.1.3","Slingshot_PCA_rooted",40.7957100097464,490,"16","2",TRUE
"GAAATGAGTCCAAGTT-500.1.3","Slingshot_PCA_rooted",37.1940006175296,450,"14","2",TRUE
"GAAATGAGTTACCGAT-500.1.3","Slingshot_PCA_rooted",37.6132334657263,415,"9","2",TRUE
"GACAGAGAGGCATGGT-500.1.3","Slingshot_PCA_rooted",33.0387847808273,410,"13","2",TRUE
"GACGTTACACGGCCAT-500.1.3","Slingshot_PCA_rooted",37.1733995391135,415,"13","2",TRUE
"GATCGTATCGCTAGCG-500.1.3","Slingshot_PCA_rooted",42.6694290976014,550,"4","2",TRUE
"GCACATAGTTAAAGTG-500.1.3","Slingshot_PCA_rooted",56.1366397031017,700,"13","2",TRUE
"GCAGCCAGTTGGTTTG-500.1.3","Slingshot_PCA_rooted",34.5585551605691,420,"5","2",TRUE
"GCATACATCTGTTGAG-500.1.3","Slingshot_PCA_rooted",26.7303221997643,370,"4","2",TRUE
"GCTCCTAGTTTGACAC-500.1.3","Slingshot_PCA_rooted",23.5582597939808,350,"5","2",TRUE
"GCTTCCAGTGTGCCTG-500.1.3","Slingshot_PCA_rooted",34.2782119663275,400,"5","2",TRUE
"GGCAATTAGTTGTAGA-500.1.3","Slingshot_PCA_rooted",33.2134744462861,410,"13","2",TRUE
"GGCGACTGTTGCTCCT-500.1.3","Slingshot_PCA_rooted",27.310690983806,390,"5","2",TRUE
"GGGAATGTCTGATTCT-500.1.3","Slingshot_PCA_rooted",48.1893280509345,640,"16","2",TRUE
"GTAACTGAGACCTAGG-500.1.3","Slingshot_PCA_rooted",38.1108515792823,450,"16","2",TRUE
"GTACTTTTCGAGGTAG-500.1.3","Slingshot_PCA_rooted",10.8023774005734,185,"2","2",TRUE
"GTAGGCCAGCACCGTC-500.1.3","Slingshot_PCA_rooted",40.1187103466288,435,"15","2",TRUE
"GTAGTCATCGAATGCT-500.1.3","Slingshot_PCA_rooted",36.5393349214368,385,"11","2",TRUE
"GTCATTTCATGCCTTC-500.1.3","Slingshot_PCA_rooted",41.3974243864716,470,"10","2",TRUE
"GTTAAGCCAACTTGAC-500.1.3","Slingshot_PCA_rooted",42.9712194520272,470,"10","2",TRUE
"TAAACCGGTACCATCA-500.1.3","Slingshot_PCA_rooted",44.5256804262101,530,"9","2",TRUE
"TAAGCGTTCCTTTCTC-500.1.3","Slingshot_PCA_rooted",46.3835976612054,620,"16","2",TRUE
"TACAGTGTCGAATGCT-500.1.3","Slingshot_PCA_rooted",41.166134854058,530,"4","2",TRUE
"TACTCGCGTATTCTCT-500.1.3","Slingshot_PCA_rooted",44.1113713410469,490,"10","2",TRUE
"TACTTGTAGCGGATCA-500.1.3","Slingshot_PCA_rooted",29.9313944092247,375,"4","2",TRUE
"TAGACCAAGAAACGCC-500.1.3","Slingshot_PCA_rooted",35.3635630699467,420,"5","2",TRUE
"TAGGCATCAACGCACC-500.1.3","Slingshot_PCA_rooted",14.4443112118622,270,"4","2",TRUE
"TAGGCATCATGATCCA-500.1.3","Slingshot_PCA_rooted",48.5004613462469,585,"1","2",TRUE
"TAGTTGGAGACTTGAA-500.1.3","Slingshot_PCA_rooted",43.1371155896776,510,"14","2",TRUE
"TAGTTGGCACCGAATT-500.1.3","Slingshot_PCA_rooted",42.3013161327237,620,"5","2",TRUE
"TCAGGATTCACTCTTA-500.1.3","Slingshot_PCA_rooted",54.7323224974694,700,"11","2",TRUE
"TCCACACGTGTGACGA-500.1.3","Slingshot_PCA_rooted",45.6954548075761,620,"16","2",TRUE
"TCTGGAAGTCGAAAGC-500.1.3","Slingshot_PCA_rooted",32.2245062344853,390,"5","2",TRUE
"TCTTTCCTCAGTTTGG-500.1.3","Slingshot_PCA_rooted",41.2269562144851,490,"16","2",TRUE
"TGCGGGTAGGATGGTC-500.1.3","Slingshot_PCA_rooted",42.7054653798331,450,"9","2",TRUE
"TGCGTGGTCGCCAAAT-500.1.3","Slingshot_PCA_rooted",46.8463660615816,530,"9","2",TRUE
"TGCTACCAGCGGATCA-500.1.3","Slingshot_PCA_rooted",28.4924508789235,385,"5","2",TRUE
"TGGCCAGCAAGTACCT-500.1.3","Slingshot_PCA_rooted",41.9228715026135,550,"4","2",TRUE
"TGTATTCGTAAAGGAG-500.1.3","Slingshot_PCA_rooted",45.9071930620396,520,"11","2",TRUE
"TTAGGCAAGTCGAGTG-500.1.3","Slingshot_PCA_rooted",19.0649570239331,325,"4","2",TRUE
"TTCCCAGGTCGGCACT-500.1.3","Slingshot_PCA_rooted",46.1224246116436,550,"15","2",TRUE
"TTCTACACATGGAATA-500.1.3","Slingshot_PCA_rooted",26.5872758428607,355,"5","2",TRUE
"TTTATGCTCACTATTC-500.1.3","Slingshot_PCA_rooted",41.9228715026135,520,"4","2",TRUE
"TTTGTCAAGGGTTCCC-500.1.3","Slingshot_PCA_rooted",42.5187280407942,585,"4","2",TRUE
"AAACGGGTCGAATGGG-500.2.1","Slingshot_PCA_rooted",45.4801220581935,490,"11","2",TRUE
"AAAGCAAGTTCAGTAC-500.2.1","Slingshot_PCA_rooted",27.0620496299537,390,"5","2",TRUE
"AAAGTAGTCAGGCAAG-500.2.1","Slingshot_PCA_rooted",42.7552684066463,450,"10","2",TRUE
"AAATGCCTCACAACGT-500.2.1","Slingshot_PCA_rooted",56.5249765311748,700,"11","2",TRUE
"AACACGTGTGCGGTAA-500.2.1","Slingshot_PCA_rooted",44.5358468712317,640,"4","2",TRUE
"AACCGCGTCTATCGCC-500.2.1","Slingshot_PCA_rooted",46.6526819704901,530,"15","2",TRUE
"AACTCAGAGATCACGG-500.2.1","Slingshot_PCA_rooted",48.3826783537002,530,"11","2",TRUE
"AACTCTTCAGCCTTTC-500.2.1","Slingshot_PCA_rooted",56.839900207372,700,"9","2",TRUE
"AACTCTTGTTGGACCC-500.2.1","Slingshot_PCA_rooted",52.5468482577406,620,"11","2",TRUE
"AAGCCGCCAACTGCTA-500.2.1","Slingshot_PCA_rooted",43.1903682708358,450,"16","2",TRUE
"AAGCCGCCATGTTGAC-500.2.1","Slingshot_PCA_rooted",55.8959740964413,750,"15","2",TRUE
"AATCGGTCAAACGTGG-500.2.1","Slingshot_PCA_rooted",63.1073164542678,755,"11","2",TRUE
"ACACCAAAGTCTTGCA-500.2.1","Slingshot_PCA_rooted",50.5802144086846,550,"16","2",TRUE
"ACACCAAGTAGCGATG-500.2.1","Slingshot_PCA_rooted",54.6342136702514,700,"13","2",TRUE
"ACACTGAAGGAATGGA-500.2.1","Slingshot_PCA_rooted",62.1583673845703,700,"1","2",TRUE
"ACAGCCGGTATTCGTG-500.2.1","Slingshot_PCA_rooted",49.6872707560885,620,"14","2",TRUE
"ACAGCTAAGTTAGCGG-500.2.1","Slingshot_PCA_rooted",57.0459430219447,700,"10","2",TRUE
"ACAGCTACACAGAGGT-500.2.1","Slingshot_PCA_rooted",35.9858938408031,440,"4","2",TRUE
"ACAGCTACACCACCAG-500.2.1","Slingshot_PCA_rooted",54.5058239087606,640,"16","2",TRUE
"ACATACGTCAACACGT-500.2.1","Slingshot_PCA_rooted",48.086961495443,550,"10","2",TRUE
"ACATCAGAGAAGGTTT-500.2.1","Slingshot_PCA_rooted",59.0324491807214,700,"9","2",TRUE
"ACATCAGTCCTTAATC-500.2.1","Slingshot_PCA_rooted",55.7074225133261,750,"9","2",TRUE
"ACATGGTCAAAGCGGT-500.2.1","Slingshot_PCA_rooted",42.6245663263987,500,"5","2",TRUE
"ACCAGTACAGTTAACC-500.2.1","Slingshot_PCA_rooted",31.2939644411114,410,"5","2",TRUE
"ACCGTAATCTGGTATG-500.2.1","Slingshot_PCA_rooted",57.5733897006938,700,"13","2",TRUE
"ACGATGTAGCTATGCT-500.2.1","Slingshot_PCA_rooted",52.6353947581074,630,"15","2",TRUE
"ACGCAGCTCATTTGGG-500.2.1","Slingshot_PCA_rooted",56.0630924425654,700,"9","2",TRUE
"ACGCAGCTCCTGCCAT-500.2.1","Slingshot_PCA_rooted",58.3216487927435,670,"9","2",TRUE
"ACGGCCAGTATTAGCC-500.2.1","Slingshot_PCA_rooted",49.6442517336917,700,"16","2",TRUE
"ACGGGCTCAATCAGAA-500.2.1","Slingshot_PCA_rooted",55.9310817219186,700,"10","2",TRUE
"ACGGGCTGTCTAGTCA-500.2.1","Slingshot_PCA_rooted",56.7357016292743,700,"9","2",TRUE
"ACGGGCTTCAGCTCGG-500.2.1","Slingshot_PCA_rooted",50.9499724456193,550,"10","2",TRUE
"ACGGGTCCAGAGCCAA-500.2.1","Slingshot_PCA_rooted",48.6904946215777,640,"16","2",TRUE
"ACTATCTAGCTCCTCT-500.2.1","Slingshot_PCA_rooted",53.1816227262459,700,"15","2",TRUE
"ACTATCTCACAGCCCA-500.2.1","Slingshot_PCA_rooted",43.8257045318301,490,"9","2",TRUE
"ACTGAACGTCCGTGAC-500.2.1","Slingshot_PCA_rooted",59.7561624285717,700,"15","2",TRUE
"ACTGATGGTCTCACCT-500.2.1","Slingshot_PCA_rooted",46.5996452622621,490,"10","2",TRUE
"ACTGTCCGTGCAGGTA-500.2.1","Slingshot_PCA_rooted",62.8790502783488,750,"11","2",TRUE
"ACTTACTAGGGTCTCC-500.2.1","Slingshot_PCA_rooted",63.7566516307983,725,"1","2",TRUE
"ACTTACTGTTCACCTC-500.2.1","Slingshot_PCA_rooted",40.2956387971388,400,"10","2",TRUE
"ACTTACTTCTGCCAGG-500.2.1","Slingshot_PCA_rooted",44.0657181875702,490,"16","2",TRUE
"ACTTGTTTCTTGTCAT-500.2.1","Slingshot_PCA_rooted",19.5405665045356,350,"5","2",TRUE
"AGACGTTTCGCCCTTA-500.2.1","Slingshot_PCA_rooted",62.1297429524347,725,"1","2",TRUE
"AGAGCGATCAGGCAAG-500.2.1","Slingshot_PCA_rooted",45.250772557962,550,"4","2",TRUE
"AGAGCTTTCACAGTAC-500.2.1","Slingshot_PCA_rooted",24.6232977713137,365,"9","2",TRUE
"AGAGTGGAGGTGCAAC-500.2.1","Slingshot_PCA_rooted",34.5997133763338,390,"10","2",TRUE
"AGAGTGGGTCCTAGCG-500.2.1","Slingshot_PCA_rooted",53.4173180585655,630,"1","2",TRUE
"AGATCTGAGTCTTGCA-500.2.1","Slingshot_PCA_rooted",28.9252581071302,375,"5","2",TRUE
"AGATCTGCACTCTGTC-500.2.1","Slingshot_PCA_rooted",55.1097109810042,635,"13","2",TRUE
"AGATTGCCATCCGGGT-500.2.1","Slingshot_PCA_rooted",59.0246675039474,670,"11","2",TRUE
"AGCATACGTAAACGCG-500.2.1","Slingshot_PCA_rooted",53.4784549803516,670,"10","2",TRUE
"AGCGGTCGTAAACCTC-500.2.1","Slingshot_PCA_rooted",47.8408867390737,700,"16","2",TRUE
"AGCTCCTAGAGGTAGA-500.2.1","Slingshot_PCA_rooted",57.5884688589505,670,"10","2",TRUE
"AGCTCCTCAGGGTATG-500.2.1","Slingshot_PCA_rooted",37.2410854484795,490,"9","2",TRUE
"AGCTTGACAGCTATTG-500.2.1","Slingshot_PCA_rooted",61.6807074460648,700,"11","2",TRUE
"AGGCCGTAGTTACCCA-500.2.1","Slingshot_PCA_rooted",48.0792048883426,620,"14","2",TRUE
"AGGGAGTGTTCCGTCT-500.2.1","Slingshot_PCA_rooted",47.0660562261902,640,"16","2",TRUE
"AGGTCATGTCTCCACT-500.2.1","Slingshot_PCA_rooted",45.3882432394862,490,"10","2",TRUE
"AGTGAGGGTTACCGAT-500.2.1","Slingshot_PCA_rooted",45.7377940774529,550,"16","2",TRUE
"AGTGGGAAGATATGCA-500.2.1","Slingshot_PCA_rooted",53.8288489939669,640,"11","2",TRUE
"AGTGGGAGTAAACACA-500.2.1","Slingshot_PCA_rooted",38.7770344931964,420,"5","2",TRUE
"AGTTGGTAGCTCAACT-500.2.1","Slingshot_PCA_rooted",43.3722734379979,450,"16","2",TRUE
"AGTTGGTCAAACAACA-500.2.1","Slingshot_PCA_rooted",55.0421210417378,620,"15","2",TRUE
"ATAACGCAGCTATGCT-500.2.1","Slingshot_PCA_rooted",61.8756731606916,750,"11","2",TRUE
"ATAGACCCACATGTGT-500.2.1","Slingshot_PCA_rooted",49.424374281936,550,"15","2",TRUE
"ATCACGATCTTAGCCC-500.2.1","Slingshot_PCA_rooted",28.6398351534069,355,"6","2",TRUE
"ATGGGAGAGCCTTGAT-500.2.1","Slingshot_PCA_rooted",52.2293673586403,550,"16","2",TRUE
"ATGGGAGCACAGAGGT-500.2.1","Slingshot_PCA_rooted",39.1211886339897,415,"10","2",TRUE
"ATGGGAGTCAACACTG-500.2.1","Slingshot_PCA_rooted",58.1382109183122,700,"9","2",TRUE
"ATGTGTGAGCGACGTA-500.2.1","Slingshot_PCA_rooted",46.9501497285348,500,"14","2",TRUE
"ATTACTCCACTCGACG-500.2.1","Slingshot_PCA_rooted",51.8870641029077,585,"11","2",TRUE
"ATTACTCGTTCTGTTT-500.2.1","Slingshot_PCA_rooted",53.5963786079305,620,"1","2",TRUE
"ATTACTCTCTCGAGTA-500.2.1","Slingshot_PCA_rooted",22.4539307876479,640,"5","2",TRUE
"ATTGGTGGTGTGTGCC-500.2.1","Slingshot_PCA_rooted",45.8992986063157,490,"11","2",TRUE
"ATTGGTGTCCTGCCAT-500.2.1","Slingshot_PCA_rooted",57.4111555845242,635,"16","2",TRUE
"ATTGGTGTCTTTACAC-500.2.1","Slingshot_PCA_rooted",5.41230880536467,195,"2","2",TRUE
"CAACCAATCGAACTGT-500.2.1","Slingshot_PCA_rooted",46.7156879031921,620,"4","2",TRUE
"CAACCTCAGACCACGA-500.2.1","Slingshot_PCA_rooted",12.9867523487403,585,"2","2",TRUE
"CAACCTCTCGTCCGTT-500.2.1","Slingshot_PCA_rooted",51.3341255172127,620,"10","2",TRUE
"CAAGATCCATTCTTAC-500.2.1","Slingshot_PCA_rooted",25.154265959096,390,"5","2",TRUE
"CAAGTTGTCAGTTTGG-500.2.1","Slingshot_PCA_rooted",47.7175800006267,700,"16","2",TRUE
"CACAAACTCACATACG-500.2.1","Slingshot_PCA_rooted",59.3816874175639,700,"10","2",TRUE
"CACACAAGTAGGAGTC-500.2.1","Slingshot_PCA_rooted",53.6452818638686,700,"13","2",TRUE
"CACACCTCAATCGAAA-500.2.1","Slingshot_PCA_rooted",58.1760749268325,725,"13","2",TRUE
"CACAGGCGTCGAGATG-500.2.1","Slingshot_PCA_rooted",45.7977009249801,490,"15","2",TRUE
"CACATAGCATCAGTCA-500.2.1","Slingshot_PCA_rooted",54.8837975377729,585,"11","2",TRUE
"CACATTTAGTCACGCC-500.2.1","Slingshot_PCA_rooted",55.8948685726404,640,"11","2",TRUE
"CACATTTCAGCCAGAA-500.2.1","Slingshot_PCA_rooted",39.7919998830228,435,"5","2",TRUE
"CACCACTCAAACGTGG-500.2.1","Slingshot_PCA_rooted",24.6613651990427,410,"10","2",TRUE
"CACCTTGCAAGCCATT-500.2.1","Slingshot_PCA_rooted",60.7942779784063,695,"1","2",TRUE
"CAGAATCAGAAACCAT-500.2.1","Slingshot_PCA_rooted",48.7074185407523,640,"16","2",TRUE
"CAGAATCAGATCCCAT-500.2.1","Slingshot_PCA_rooted",51.6174609753339,640,"14","2",TRUE
"CAGAATCAGATCCTGT-500.2.1","Slingshot_PCA_rooted",60.1229551312325,700,"15","2",TRUE
"CAGATCACATCGATGT-500.2.1","Slingshot_PCA_rooted",47.454903239335,490,"13","2",TRUE
"CAGCAGCAGCACCGTC-500.2.1","Slingshot_PCA_rooted",38.170216845893,435,"9","2",TRUE
"CAGCAGCCATTCCTGC-500.2.1","Slingshot_PCA_rooted",40.9378386753062,565,"4","2",TRUE
"CAGCATAAGTGAAGAG-500.2.1","Slingshot_PCA_rooted",54.212667569339,700,"16","2",TRUE
"CAGCATAGTAGCGTGA-500.2.1","Slingshot_PCA_rooted",62.1433322844766,670,"1","2",TRUE
"CAGCCGAAGTTAACGA-500.2.1","Slingshot_PCA_rooted",54.3501859244705,670,"14","2",TRUE
"CAGCTGGAGATGCCAG-500.2.1","Slingshot_PCA_rooted",52.9301513389005,640,"10","2",TRUE
"CAGGTGCAGGTAGCTG-500.2.1","Slingshot_PCA_rooted",54.718382785532,640,"15","2",TRUE
"CAGGTGCCACCGCTAG-500.2.1","Slingshot_PCA_rooted",50.3873733723361,550,"14","2",TRUE
"CAGTCCTAGGCCCTCA-500.2.1","Slingshot_PCA_rooted",57.3143764874447,660,"1","2",TRUE
"CAGTCCTCAACTGGCC-500.2.1","Slingshot_PCA_rooted",47.8956504862758,640,"4","2",TRUE
"CAGTCCTTCGCGGATC-500.2.1","Slingshot_PCA_rooted",62.126313254792,750,"1","2",TRUE
"CATATGGGTCTTCGTC-500.2.1","Slingshot_PCA_rooted",35.8694698195472,420,"4","2",TRUE
"CATATGGTCTAACTTC-500.2.1","Slingshot_PCA_rooted",39.7538356523779,410,"10","2",TRUE
"CATCAAGTCATGTAGC-500.2.1","Slingshot_PCA_rooted",57.5213544756767,700,"11","2",TRUE
"CATCAGAGTGCCTTGG-500.2.1","Slingshot_PCA_rooted",34.521427416408,425,"5","2",TRUE
"CATCAGATCATTGCGA-500.2.1","Slingshot_PCA_rooted",53.4589638607488,630,"11","2",TRUE
"CATCGGGAGAAACCTA-500.2.1","Slingshot_PCA_rooted",41.0026414512252,410,"10","2",TRUE
"CATGCCTGTTGCTCCT-500.2.1","Slingshot_PCA_rooted",38.8131308096581,450,"4","2",TRUE
"CATGGCGTCTCAAGTG-500.2.1","Slingshot_PCA_rooted",57.6323033581704,700,"10","2",TRUE
"CATTATCGTGTTCGAT-500.2.1","Slingshot_PCA_rooted",61.86401121733,725,"11","2",TRUE
"CCACGGAAGATCCGAG-500.2.1","Slingshot_PCA_rooted",39.4002883557884,410,"10","2",TRUE
"CCACGGAAGTGTGAAT-500.2.1","Slingshot_PCA_rooted",52.0246872210757,620,"14","2",TRUE
"CCACGGAGTACAAGTA-500.2.1","Slingshot_PCA_rooted",46.5132742226143,520,"11","2",TRUE
"CCACGGAGTGTTTGGT-500.2.1","Slingshot_PCA_rooted",35.2300063613288,405,"5","2",TRUE
"CCAGCGAAGTGAAGTT-500.2.1","Slingshot_PCA_rooted",57.0062633916322,700,"13","2",TRUE
"CCATGTCAGCCCTAAT-500.2.1","Slingshot_PCA_rooted",50.7792844085276,620,"10","2",TRUE
"CCATGTCTCTTTCCTC-500.2.1","Slingshot_PCA_rooted",24.3737015708258,375,"4","2",TRUE
"CCATTCGTCTAACCGA-500.2.1","Slingshot_PCA_rooted",34.5583162608031,400,"5","2",TRUE
"CCCAATCAGGAATCGC-500.2.1","Slingshot_PCA_rooted",40.5108686951779,450,"4","2",TRUE
"CCGGGATCAGCTGGCT-500.2.1","Slingshot_PCA_rooted",38.6897352375831,450,"11","2",TRUE
"CCGTGGAAGACGCTTT-500.2.1","Slingshot_PCA_rooted",23.6193297725674,350,"4","2",TRUE
"CCGTTCACATACTCTT-500.2.1","Slingshot_PCA_rooted",59.0396473288184,750,"10","2",TRUE
"CCGTTCATCAGTTGAC-500.2.1","Slingshot_PCA_rooted",47.2735318441182,640,"4","2",TRUE
"CCTCTGAAGTGGTCCC-500.2.1","Slingshot_PCA_rooted",35.9389436928143,450,"5","2",TRUE
"CCTTACGAGAGGACGG-500.2.1","Slingshot_PCA_rooted",41.9789196299959,450,"11","2",TRUE
"CCTTCCCGTTGGACCC-500.2.1","Slingshot_PCA_rooted",47.35657215292,550,"10","2",TRUE
"CCTTCGACAATCACAC-500.2.1","Slingshot_PCA_rooted",54.4153546917451,550,"15","2",TRUE
"CCTTTCTAGTTTCCTT-500.2.1","Slingshot_PCA_rooted",45.5026705025047,470,"11","2",TRUE
"CGACCTTTCCTCTAGC-500.2.1","Slingshot_PCA_rooted",47.9530380819172,620,"14","2",TRUE
"CGAGAAGTCACCACCT-500.2.1","Slingshot_PCA_rooted",46.0700052585987,470,"11","2",TRUE
"CGAGCCAAGAAGGCCT-500.2.1","Slingshot_PCA_rooted",54.0049670831604,550,"1","2",TRUE
"CGAGCCATCGACAGCC-500.2.1","Slingshot_PCA_rooted",60.9682946635181,750,"11","2",TRUE
"CGATCGGAGAGGTACC-500.2.1","Slingshot_PCA_rooted",49.5353741100634,700,"16","2",TRUE
"CGATGTAAGAGACTTA-500.2.1","Slingshot_PCA_rooted",60.6356041137873,725,"10","2",TRUE
"CGATGTAGTATTCGTG-500.2.1","Slingshot_PCA_rooted",35.2589328232286,390,"10","2",TRUE
"CGATTGATCAGCATGT-500.2.1","Slingshot_PCA_rooted",42.6321759371246,450,"9","2",TRUE
"CGCCAAGCACAGGAGT-500.2.1","Slingshot_PCA_rooted",56.0391389628352,700,"10","2",TRUE
"CGCGTTTCAAGGTTTC-500.2.1","Slingshot_PCA_rooted",57.7155896816898,635,"16","2",TRUE
"CGCTATCCAATAAGCA-500.2.1","Slingshot_PCA_rooted",39.5008947039224,450,"11","2",TRUE
"CGCTGGAAGGCAGTCA-500.2.1","Slingshot_PCA_rooted",55.1327397142774,700,"11","2",TRUE
"CGCTGGAGTAGAAGGA-500.2.1","Slingshot_PCA_rooted",41.9896706142548,450,"13","2",TRUE
"CGGACGTAGTCGTACT-500.2.1","Slingshot_PCA_rooted",23.9143879163258,370,"4","2",TRUE
"CGGAGCTTCGAATGGG-500.2.1","Slingshot_PCA_rooted",43.6061460652286,450,"14","2",TRUE
"CGGCTAGTCTTTACGT-500.2.1","Slingshot_PCA_rooted",59.8895792500754,725,"9","2",TRUE
"CGTAGGCTCATATCGG-500.2.1","Slingshot_PCA_rooted",47.3915140273173,500,"11","2",TRUE
"CGTAGGCTCTATCCTA-500.2.1","Slingshot_PCA_rooted",61.6110956526868,750,"11","2",TRUE
"CGTCACTTCTCGAGTA-500.2.1","Slingshot_PCA_rooted",60.4157073016596,700,"15","2",TRUE
"CGTGTCTAGCAACGGT-500.2.1","Slingshot_PCA_rooted",51.8992830971121,640,"16","2",TRUE
"CGTTAGAAGAACAACT-500.2.1","Slingshot_PCA_rooted",51.7544574984927,620,"11","2",TRUE
"CGTTAGACAATAAGCA-500.2.1","Slingshot_PCA_rooted",45.0873764062815,500,"5","2",TRUE
"CTAAGACGTGTGAAAT-500.2.1","Slingshot_PCA_rooted",52.8090329672837,640,"14","2",TRUE
"CTACACCAGCGATCCC-500.2.1","Slingshot_PCA_rooted",59.3511763858056,700,"1","2",TRUE
"CTACCCACATTACCTT-500.2.1","Slingshot_PCA_rooted",41.7219998612019,450,"14","2",TRUE
"CTAGTGATCGTCCAGG-500.2.1","Slingshot_PCA_rooted",57.3519957724124,670,"10","2",TRUE
"CTAGTGATCTACGAGT-500.2.1","Slingshot_PCA_rooted",39.7450986246535,400,"10","2",TRUE
"CTCACACTCAATCTCT-500.2.1","Slingshot_PCA_rooted",49.2605474864389,620,"11","2",TRUE
"CTCAGAATCCAATGGT-500.2.1","Slingshot_PCA_rooted",47.5186841416959,635,"16","2",TRUE
"CTCAGAATCTGTGCAA-500.2.1","Slingshot_PCA_rooted",59.2533799977965,700,"11","2",TRUE
"CTCGAAAAGTGAACGC-500.2.1","Slingshot_PCA_rooted",57.3393192416523,725,"1","2",TRUE
"CTCGGAGCACCGGAAA-500.2.1","Slingshot_PCA_rooted",46.8738818671966,490,"11","2",TRUE
"CTCTAATAGATCTGCT-500.2.1","Slingshot_PCA_rooted",51.5109094913688,550,"14","2",TRUE
"CTCTAATAGCGTGAAC-500.2.1","Slingshot_PCA_rooted",51.9511142446146,550,"14","2",TRUE
"CTCTACGAGAAGGCCT-500.2.1","Slingshot_PCA_rooted",38.7813267256088,415,"11","2",TRUE
"CTCTACGAGTACTTGC-500.2.1","Slingshot_PCA_rooted",57.9936883547251,700,"9","2",TRUE
"CTCTACGTCTAACCGA-500.2.1","Slingshot_PCA_rooted",47.9196947466743,550,"15","2",TRUE
"CTGAAGTAGGTAGCCA-500.2.1","Slingshot_PCA_rooted",60.6366962754775,750,"10","2",TRUE
"CTGATAGGTATGCTTG-500.2.1","Slingshot_PCA_rooted",43.8273753784201,450,"9","2",TRUE
"CTGATCCCAGCTGCAC-500.2.1","Slingshot_PCA_rooted",64.0393137725993,755,"11","2",TRUE
"CTGCGGACAACGATGG-500.2.1","Slingshot_PCA_rooted",52.1721340852306,640,"9","2",TRUE
"CTGGTCTGTCTAAAGA-500.2.1","Slingshot_PCA_rooted",52.5165136108206,490,"11","2",TRUE
"CTGTTTAGTTAAAGTG-500.2.1","Slingshot_PCA_rooted",29.5907184426061,410,"4","2",TRUE
"CTTACCGCATGACATC-500.2.1","Slingshot_PCA_rooted",34.6277652274142,450,"5","2",TRUE
"CTTAGGAAGCACAGGT-500.2.1","Slingshot_PCA_rooted",51.5378988793654,640,"14","2",TRUE
"CTTAGGAAGGAATGGA-500.2.1","Slingshot_PCA_rooted",46.751861035669,490,"13","2",TRUE
"CTTCTCTAGGCAATTA-500.2.1","Slingshot_PCA_rooted",57.8708020810664,700,"9","2",TRUE
"CTTTGCGAGCGTGAGT-500.2.1","Slingshot_PCA_rooted",59.0889046124161,700,"15","2",TRUE
"CTTTGCGAGCTAGTCT-500.2.1","Slingshot_PCA_rooted",58.8017407093909,700,"15","2",TRUE
"GAACATCCATCACGTA-500.2.1","Slingshot_PCA_rooted",54.6432107328302,640,"14","2",TRUE
"GACAGAGAGCCGGTAA-500.2.1","Slingshot_PCA_rooted",41.520270758196,450,"13","2",TRUE
"GACCTGGAGATACACA-500.2.1","Slingshot_PCA_rooted",53.0412567977772,640,"9","2",TRUE
"GACGCGTCAAATTGCC-500.2.1","Slingshot_PCA_rooted",58.7032263229748,700,"11","2",TRUE
"GACGTGCAGCGATATA-500.2.1","Slingshot_PCA_rooted",47.8458373067135,550,"11","2",TRUE
"GACGTGCGTACCGAGA-500.2.1","Slingshot_PCA_rooted",57.9334831601261,700,"9","2",TRUE
"GACGTGCTCATCGCTC-500.2.1","Slingshot_PCA_rooted",44.5358468712317,620,"4","2",TRUE
"GACGTTATCGTATCAG-500.2.1","Slingshot_PCA_rooted",40.9382369580962,530,"4","2",TRUE
"GACTAACAGTGTCCAT-500.2.1","Slingshot_PCA_rooted",48.6668576773379,550,"14","2",TRUE
"GACTACATCTGCGTAA-500.2.1","Slingshot_PCA_rooted",56.0527994281302,700,"11","2",TRUE
"GAGGTGAGTTCAGCGC-500.2.1","Slingshot_PCA_rooted",41.7924620176062,500,"4","2",TRUE
"GAGTCCGAGTCCTCCT-500.2.1","Slingshot_PCA_rooted",48.9552608954963,550,"14","2",TRUE
"GAGTCCGGTGACCAAG-500.2.1","Slingshot_PCA_rooted",45.1767591898417,490,"14","2",TRUE
"GATCAGTCAACACCTA-500.2.1","Slingshot_PCA_rooted",30.874849742261,410,"5","2",TRUE
"GATCGCGTCAGCAACT-500.2.1","Slingshot_PCA_rooted",54.9981371774198,640,"16","2",TRUE
"GATGAGGGTCCAGTGC-500.2.1","Slingshot_PCA_rooted",64.2532954461224,750,"11","2",TRUE
"GATGCTAGTAGCAAAT-500.2.1","Slingshot_PCA_rooted",43.1064541006155,440,"1","2",TRUE
"GATTCAGCAGCGATCC-500.2.1","Slingshot_PCA_rooted",41.3179508963113,420,"5","2",TRUE
"GATTCAGCAGTCGTGC-500.2.1","Slingshot_PCA_rooted",57.0406360674945,700,"13","2",TRUE
"GCAAACTGTGTATGGG-500.2.1","Slingshot_PCA_rooted",39.8035358954101,410,"10","2",TRUE
"GCAATCAGTAAACGCG-500.2.1","Slingshot_PCA_rooted",48.8969993853055,550,"11","2",TRUE
"GCAGCCATCAGGTAAA-500.2.1","Slingshot_PCA_rooted",62.610684590983,725,"1","2",TRUE
"GCATACAGTCATTAGC-500.2.1","Slingshot_PCA_rooted",39.469724835299,415,"9","2",TRUE
"GCATGATTCTCGCTTG-500.2.1","Slingshot_PCA_rooted",43.5012609910904,490,"9","2",TRUE
"GCATGTATCGTTGCCT-500.2.1","Slingshot_PCA_rooted",55.0007885029331,670,"9","2",TRUE
"GCCTCTATCAGTCAGT-500.2.1","Slingshot_PCA_rooted",24.8964917241033,375,"4","2",TRUE
"GCGACCACAAGAGGCT-500.2.1","Slingshot_PCA_rooted",50.782964725125,620,"13","2",TRUE
"GCGACCACACAGTCGC-500.2.1","Slingshot_PCA_rooted",56.7354824368154,700,"9","2",TRUE
"GCGACCAGTGTTTGGT-500.2.1","Slingshot_PCA_rooted",56.5310617722668,700,"15","2",TRUE
"GCGCAGTTCTGATACG-500.2.1","Slingshot_PCA_rooted",59.602642889403,725,"9","2",TRUE
"GCGCGATGTTGCGTTA-500.2.1","Slingshot_PCA_rooted",42.2074458830057,500,"16","2",TRUE
"GCTGGGTTCATCTGCC-500.2.1","Slingshot_PCA_rooted",23.9989926916456,370,"4","2",TRUE
"GGAACTTAGCGCCTTG-500.2.1","Slingshot_PCA_rooted",55.7658473166741,620,"11","2",TRUE
"GGAACTTGTTCCGTCT-500.2.1","Slingshot_PCA_rooted",49.4954707430037,485,"16","2",TRUE
"GGACATTGTATGAAAC-500.2.1","Slingshot_PCA_rooted",37.7287553158927,435,"4","2",TRUE
"GGATTACCATTGGCGC-500.2.1","Slingshot_PCA_rooted",55.7187311367023,640,"1","2",TRUE
"GGATTACTCAGCTCTC-500.2.1","Slingshot_PCA_rooted",29.5044625695258,420,"5","2",TRUE
"GGCGTGTTCTGCTTGC-500.2.1","Slingshot_PCA_rooted",47.7143832348055,470,"13","2",TRUE
"GGGCATCGTGGTACAG-500.2.1","Slingshot_PCA_rooted",54.8966739480191,640,"11","2",TRUE
"GGGTTGCGTTTAGCTG-500.2.1","Slingshot_PCA_rooted",47.907366620736,550,"16","2",TRUE
"GGTGAAGAGGCATTGG-500.2.1","Slingshot_PCA_rooted",58.520635526258,620,"16","2",TRUE
"GGTGCGTCACTTCTGC-500.2.1","Slingshot_PCA_rooted",58.2117879873096,700,"11","2",TRUE
"GGTGTTAGTGCACGAA-500.2.1","Slingshot_PCA_rooted",35.1332421673997,410,"5","2",TRUE
"GTAACGTCAGCCTTTC-500.2.1","Slingshot_PCA_rooted",41.8155999225056,450,"13","2",TRUE
"GTAACTGCAGCTCGAC-500.2.1","Slingshot_PCA_rooted",60.9006774119315,725,"10","2",TRUE
"GTACGTAGTCATGCCG-500.2.1","Slingshot_PCA_rooted",45.1805089989265,450,"11","2",TRUE
"GTACTTTTCACGAAGG-500.2.1","Slingshot_PCA_rooted",54.7817112674835,640,"13","2",TRUE
"GTATCTTTCGTTTATC-500.2.1","Slingshot_PCA_rooted",54.7452905247952,640,"9","2",TRUE
"GTCAAGTCAATAAGCA-500.2.1","Slingshot_PCA_rooted",56.8190061511196,700,"9","2",TRUE
"GTCAAGTCAATCGAAA-500.2.1","Slingshot_PCA_rooted",48.5410265606366,550,"15","2",TRUE
"GTCAAGTGTGACTACT-500.2.1","Slingshot_PCA_rooted",60.9300349339423,725,"9","2",TRUE
"GTCATTTTCTTAGCCC-500.2.1","Slingshot_PCA_rooted",56.9848983584352,700,"13","2",TRUE
"GTCGTAATCTTCGGTC-500.2.1","Slingshot_PCA_rooted",53.4251141481815,630,"1","2",TRUE
"GTCTCGTCACATGACT-500.2.1","Slingshot_PCA_rooted",46.6119720917518,640,"4","2",TRUE
"GTCTCGTCATCCGTGG-500.2.1","Slingshot_PCA_rooted",50.7652882291436,550,"16","2",TRUE
"GTCTTCGTCGGCGGTT-500.2.1","Slingshot_PCA_rooted",62.158592118548,750,"11","2",TRUE
"GTGCTTCAGTGCGATG-500.2.1","Slingshot_PCA_rooted",39.0483597666947,405,"9","2",TRUE
"GTGCTTCGTCTCCATC-500.2.1","Slingshot_PCA_rooted",46.9204723273839,640,"4","2",TRUE
"GTGTTAGGTTAGTGGG-500.2.1","Slingshot_PCA_rooted",60.561969191929,750,"11","2",TRUE
"GTTAAGCAGCCACGCT-500.2.1","Slingshot_PCA_rooted",60.2097763377683,700,"15","2",TRUE
"GTTACAGGTCCGAACC-500.2.1","Slingshot_PCA_rooted",48.9840220686869,550,"1","2",TRUE
"GTTCGGGGTCCAGTTA-500.2.1","Slingshot_PCA_rooted",55.7696115702679,700,"13","2",TRUE
"TAAACCGCACCGTTGG-500.2.1","Slingshot_PCA_rooted",57.5908056330296,725,"15","2",TRUE
"TAAACCGGTCAACATC-500.2.1","Slingshot_PCA_rooted",52.5163317651966,620,"13","2",TRUE
"TAAACCGTCGTTGCCT-500.2.1","Slingshot_PCA_rooted",43.1088093609452,550,"16","2",TRUE
"TAAGTGCGTACCATCA-500.2.1","Slingshot_PCA_rooted",43.7892716879846,550,"4","2",TRUE
"TACAGTGAGATGGGTC-500.2.1","Slingshot_PCA_rooted",59.0385761595221,725,"15","2",TRUE
"TACCTTAAGAAGGTGA-500.2.1","Slingshot_PCA_rooted",58.7461042752378,700,"9","2",TRUE
"TACCTTATCCTAGAAC-500.2.1","Slingshot_PCA_rooted",48.7086656155417,670,"16","2",TRUE
"TACGGATGTGAAATCA-500.2.1","Slingshot_PCA_rooted",50.4344078801011,585,"9","2",TRUE
"TACGGGCCACGAAGCA-500.2.1","Slingshot_PCA_rooted",34.8241548352998,420,"4","2",TRUE
"TACGGTAAGATAGTCA-500.2.1","Slingshot_PCA_rooted",53.5879077597732,640,"13","2",TRUE
"TACTCGCAGGAATCGC-500.2.1","Slingshot_PCA_rooted",46.3116888959621,450,"13","2",TRUE
"TACTTACCAAGTCTAC-500.2.1","Slingshot_PCA_rooted",48.4647727803783,440,"1","2",TRUE
"TAGACCAAGAAAGTGG-500.2.1","Slingshot_PCA_rooted",49.3905747329832,700,"16","2",TRUE
"TAGAGCTAGAGAACAG-500.2.1","Slingshot_PCA_rooted",36.4455612718077,420,"14","2",TRUE
"TAGTGGTGTCATTAGC-500.2.1","Slingshot_PCA_rooted",46.3732624211053,620,"16","2",TRUE
"TATCAGGAGAAGCCCA-500.2.1","Slingshot_PCA_rooted",55.4964083744163,465,"16","2",TRUE
"TATCAGGTCCGAAGAG-500.2.1","Slingshot_PCA_rooted",61.6051017441171,725,"10","2",TRUE
"TATCTCAAGTACGCCC-500.2.1","Slingshot_PCA_rooted",43.9397392898995,490,"11","2",TRUE
"TATCTCACAGTCACTA-500.2.1","Slingshot_PCA_rooted",53.4041583991041,640,"9","2",TRUE
"TATGCCCGTTGGTTTG-500.2.1","Slingshot_PCA_rooted",43.1233131280584,470,"9","2",TRUE
"TATTACCTCATTCACT-500.2.1","Slingshot_PCA_rooted",55.5823132119233,640,"15","2",TRUE
"TCAACGATCTAGAGTC-500.2.1","Slingshot_PCA_rooted",57.5190370903482,700,"9","2",TRUE
"TCACGAACACCACGTG-500.2.1","Slingshot_PCA_rooted",22.0254880134066,490,"5","2",TRUE
"TCAGATGCAAACTGTC-500.2.1","Slingshot_PCA_rooted",49.6650143018511,585,"14","2",TRUE
"TCAGCAAAGGAATGGA-500.2.1","Slingshot_PCA_rooted",50.7013208126131,640,"13","2",TRUE
"TCAGGATGTGCTCTTC-500.2.1","Slingshot_PCA_rooted",58.2394476826708,640,"10","2",TRUE
"TCAGGTACACCAGGTC-500.2.1","Slingshot_PCA_rooted",54.5227020346941,670,"10","2",TRUE
"TCATTACTCACGCATA-500.2.1","Slingshot_PCA_rooted",23.2536807836164,420,"5","2",TRUE
"TCATTTGCATACCATG-500.2.1","Slingshot_PCA_rooted",57.3420793544834,700,"1","2",TRUE
"TCGAGGCGTGCGCTTG-500.2.1","Slingshot_PCA_rooted",58.0678723678974,700,"9","2",TRUE
"TCGCGAGCACTGCCAG-500.2.1","Slingshot_PCA_rooted",46.1548139240779,620,"16","2",TRUE
"TCGCGTTTCATAACCG-500.2.1","Slingshot_PCA_rooted",60.7642489049858,700,"9","2",TRUE
"TCGCGTTTCGTTACAG-500.2.1","Slingshot_PCA_rooted",23.4257284354111,390,"5","2",TRUE
"TCGGTAACATAAAGGT-500.2.1","Slingshot_PCA_rooted",58.4296058145383,670,"1","2",TRUE
"TCGTACCTCAATAAGG-500.2.1","Slingshot_PCA_rooted",57.5698303108101,640,"16","2",TRUE
"TCGTAGATCGCCATAA-500.2.1","Slingshot_PCA_rooted",40.0412891371498,450,"11","2",TRUE
"TCTATTGAGCCAGTAG-500.2.1","Slingshot_PCA_rooted",48.7248371007284,640,"14","2",TRUE
"TCTTTCCCAGTAACGG-500.2.1","Slingshot_PCA_rooted",21.6246659966282,365,"4","2",TRUE
"TCTTTCCGTTATCCGA-500.2.1","Slingshot_PCA_rooted",39.267439072067,450,"10","2",TRUE
"TCTTTCCTCAACTCTT-500.2.1","Slingshot_PCA_rooted",50.9011028702378,620,"14","2",TRUE
"TGACAACGTTCGCGAC-500.2.1","Slingshot_PCA_rooted",46.4538473594352,490,"11","2",TRUE
"TGACGGCAGGTTCCTA-500.2.1","Slingshot_PCA_rooted",43.8720849211837,450,"13","2",TRUE
"TGACGGCTCCATTCTA-500.2.1","Slingshot_PCA_rooted",54.430655070787,670,"11","2",TRUE
"TGACTAGAGTATCGAA-500.2.1","Slingshot_PCA_rooted",47.24275272046,630,"5","2",TRUE
"TGACTAGTCTACTATC-500.2.1","Slingshot_PCA_rooted",57.1668340242122,700,"10","2",TRUE
"TGAGAGGTCCACGACG-500.2.1","Slingshot_PCA_rooted",53.7010951522446,635,"15","2",TRUE
"TGAGCATCACTATCTT-500.2.1","Slingshot_PCA_rooted",34.3805121442305,405,"5","2",TRUE
"TGAGCCGCAAACGTGG-500.2.1","Slingshot_PCA_rooted",62.1701706857821,640,"1","2",TRUE
"TGAGCCGCATTAGCCA-500.2.1","Slingshot_PCA_rooted",55.4615642160284,635,"9","2",TRUE
"TGAGGGACAACGATCT-500.2.1","Slingshot_PCA_rooted",42.0962862908171,440,"11","2",TRUE
"TGATTTCGTGACTACT-500.2.1","Slingshot_PCA_rooted",58.1918249479886,640,"16","2",TRUE
"TGCCCTATCGTAGGAG-500.2.1","Slingshot_PCA_rooted",53.1022175428653,620,"13","2",TRUE
"TGCGTGGGTGGCTCCA-500.2.1","Slingshot_PCA_rooted",55.624921502759,640,"15","2",TRUE
"TGGACGCCATTGCGGC-500.2.1","Slingshot_PCA_rooted",43.6269793948271,440,"15","2",TRUE
"TGTATTCAGCCCGAAA-500.2.1","Slingshot_PCA_rooted",61.6088357035895,755,"11","2",TRUE
"TGTGGTAGTAAATACG-500.2.1","Slingshot_PCA_rooted",50.2965020874239,490,"9","2",TRUE
"TGTGGTAGTAAGTAGT-500.2.1","Slingshot_PCA_rooted",57.4520528286438,700,"11","2",TRUE
"TTAACTCAGGACGAAA-500.2.1","Slingshot_PCA_rooted",48.5040445665067,585,"10","2",TRUE
"TTAGGACAGAAGAAGC-500.2.1","Slingshot_PCA_rooted",17.6011388112329,340,"4","2",TRUE
"TTAGGACGTGCAGTAG-500.2.1","Slingshot_PCA_rooted",52.9895283502301,640,"14","2",TRUE
"TTAGGACGTTTACTCT-500.2.1","Slingshot_PCA_rooted",38.5179743869642,415,"9","2",TRUE
"TTCGAAGCACCAGGCT-500.2.1","Slingshot_PCA_rooted",56.8955517496308,725,"13","2",TRUE
"TTCTACACAGACGTAG-500.2.1","Slingshot_PCA_rooted",60.9283300388005,730,"11","2",TRUE
"TTCTTAGCATCCCATC-500.2.1","Slingshot_PCA_rooted",41.0890789880794,490,"5","2",TRUE
"TTGAACGGTCACCCAG-500.2.1","Slingshot_PCA_rooted",41.7343024635039,405,"13","2",TRUE
"TTGAACGGTGCCTGGT-500.2.1","Slingshot_PCA_rooted",43.6556819272038,490,"9","2",TRUE
"TTGACTTCAACGATCT-500.2.1","Slingshot_PCA_rooted",54.2085695678004,640,"9","2",TRUE
"TTGCCGTAGAACAACT-500.2.1","Slingshot_PCA_rooted",49.1882881935477,700,"16","2",TRUE
"TTGGCAACAGGAATCG-500.2.1","Slingshot_PCA_rooted",43.310022036237,490,"10","2",TRUE
"TTGGCAAGTGCTGTAT-500.2.1","Slingshot_PCA_rooted",47.4152809061745,550,"11","2",TRUE
"TTTATGCGTGCAGTAG-500.2.1","Slingshot_PCA_rooted",54.5796177978199,630,"16","2",TRUE
"TTTCCTCAGTCTCAAC-500.2.1","Slingshot_PCA_rooted",48.3597053475102,550,"10","2",TRUE
"TTTGCGCGTCGCCATG-500.2.1","Slingshot_PCA_rooted",41.011240252093,450,"9","2",TRUE
"AAACCTGTCGGTGTTA-500.2.2","Slingshot_PCA_rooted",37.8383604417649,410,"11","2",TRUE
"AAAGATGCAGTAACGG-500.2.2","Slingshot_PCA_rooted",56.3674211045234,670,"9","2",TRUE
"AAAGATGCAGTCGTGC-500.2.2","Slingshot_PCA_rooted",44.6179550820283,700,"16","2",TRUE
"AACGTTGTCGTTGACA-500.2.2","Slingshot_PCA_rooted",46.2998735100045,620,"4","2",TRUE
"AACTCAGGTGCAGGTA-500.2.2","Slingshot_PCA_rooted",34.6143889324341,490,"5","2",TRUE
"AACTCAGTCACATACG-500.2.2","Slingshot_PCA_rooted",61.7700913679584,780,"1","2",TRUE
"AACTCCCGTCAAGCGA-500.2.2","Slingshot_PCA_rooted",54.2968449010733,640,"11","2",TRUE
"AACTCTTGTAAGAGAG-500.2.2","Slingshot_PCA_rooted",52.1099510892527,585,"11","2",TRUE
"AACTCTTGTAGGAGTC-500.2.2","Slingshot_PCA_rooted",58.6171213621805,640,"11","2",TRUE
"AACTTTCAGATGCGAC-500.2.2","Slingshot_PCA_rooted",48.29122048072,585,"13","2",TRUE
"AACTTTCGTCAAGCGA-500.2.2","Slingshot_PCA_rooted",57.9713986638095,725,"15","2",TRUE
"AAGACCTTCCAGTATG-500.2.2","Slingshot_PCA_rooted",40.3754990195583,510,"16","2",TRUE
"AAGCCGCCACACCGAC-500.2.2","Slingshot_PCA_rooted",60.3262590393485,700,"11","2",TRUE
"AAGGAGCCAAGCCGCT-500.2.2","Slingshot_PCA_rooted",58.823913501242,700,"11","2",TRUE
"AAGGTTCAGCGATATA-500.2.2","Slingshot_PCA_rooted",48.2638485956969,550,"16","2",TRUE
"AAGGTTCAGCTAGTCT-500.2.2","Slingshot_PCA_rooted",56.4471787359847,670,"11","2",TRUE
"AAGGTTCGTTAAGTAG-500.2.2","Slingshot_PCA_rooted",47.5280008273064,640,"4","2",TRUE
"AATCCAGGTAGGCTGA-500.2.2","Slingshot_PCA_rooted",55.9436027944107,700,"13","2",TRUE
"ACACCAATCCACGACG-500.2.2","Slingshot_PCA_rooted",33.511472052117,415,"5","2",TRUE
"ACACTGATCTGTCCGT-500.2.2","Slingshot_PCA_rooted",46.2691219508909,500,"14","2",TRUE
"ACAGCCGGTTGAGTTC-500.2.2","Slingshot_PCA_rooted",57.3253841829526,700,"9","2",TRUE
"ACAGCTATCCACTGGG-500.2.2","Slingshot_PCA_rooted",43.0753606663599,450,"10","2",TRUE
"ACATACGGTGCAGTAG-500.2.2","Slingshot_PCA_rooted",49.3463029830395,635,"16","2",TRUE
"ACATCAGAGAAGCCCA-500.2.2","Slingshot_PCA_rooted",59.6348394135035,700,"9","2",TRUE
"ACATGGTCAGTAACGG-500.2.2","Slingshot_PCA_rooted",60.2457926885174,725,"9","2",TRUE
"ACATGGTGTAGTAGTA-500.2.2","Slingshot_PCA_rooted",51.3540947259708,550,"11","2",TRUE
"ACATGGTTCCGATATG-500.2.2","Slingshot_PCA_rooted",51.0101403101951,620,"11","2",TRUE
"ACCCACTAGTTGCAGG-500.2.2","Slingshot_PCA_rooted",22.5452182562346,360,"4","2",TRUE
"ACCCACTGTACCTACA-500.2.2","Slingshot_PCA_rooted",55.8083037526137,665,"9","2",TRUE
"ACCGTAACAACGATGG-500.2.2","Slingshot_PCA_rooted",45.3519341718666,620,"4","2",TRUE
"ACCTTTAGTAGTACCT-500.2.2","Slingshot_PCA_rooted",51.8357563700422,585,"13","2",TRUE
"ACGAGCCCACCTGGTG-500.2.2","Slingshot_PCA_rooted",23.8230652157413,370,"4","2",TRUE
"ACGAGGAAGTGTGAAT-500.2.2","Slingshot_PCA_rooted",44.9599362104888,510,"1","2",TRUE
"ACGATGTTCAAGAAGT-500.2.2","Slingshot_PCA_rooted",51.6288461798289,620,"14","2",TRUE
"ACGCCGAAGGAATGGA-500.2.2","Slingshot_PCA_rooted",56.9639615305633,700,"9","2",TRUE
"ACGGGCTTCTCGTATT-500.2.2","Slingshot_PCA_rooted",49.3905747329832,725,"16","2",TRUE
"ACGTCAAAGCTAAGAT-500.2.2","Slingshot_PCA_rooted",53.7199903247599,640,"16","2",TRUE
"ACTATCTAGAGCTGCA-500.2.2","Slingshot_PCA_rooted",48.0663172228984,620,"1","2",TRUE
"ACTGAGTCAACTGCTA-500.2.2","Slingshot_PCA_rooted",60.6456694569186,700,"11","2",TRUE
"ACTGAGTTCTGCCAGG-500.2.2","Slingshot_PCA_rooted",48.4698571722841,490,"11","2",TRUE
"ACTGATGAGGGAACGG-500.2.2","Slingshot_PCA_rooted",65.2569484435091,780,"11","2",TRUE
"ACTGATGTCGCATGGC-500.2.2","Slingshot_PCA_rooted",14.2461460999794,420,"2","2",TRUE
"ACTTACTTCCTGTACC-500.2.2","Slingshot_PCA_rooted",61.9723031908721,700,"1","2",TRUE
"ACTTGTTAGAAACGCC-500.2.2","Slingshot_PCA_rooted",47.7897754807985,640,"4","2",TRUE
"ACTTGTTAGTACATGA-500.2.2","Slingshot_PCA_rooted",48.6268922981081,670,"16","2",TRUE
"ACTTTCAAGCACAGGT-500.2.2","Slingshot_PCA_rooted",50.9053740765852,550,"11","2",TRUE
"ACTTTCACATGTCGAT-500.2.2","Slingshot_PCA_rooted",60.7487600791186,760,"10","2",TRUE
"ACTTTCAGTAAACACA-500.2.2","Slingshot_PCA_rooted",48.8969993853055,520,"11","2",TRUE
"ACTTTCATCGGCATCG-500.2.2","Slingshot_PCA_rooted",62.8374227651175,750,"11","2",TRUE
"AGAATAGCAGTCACTA-500.2.2","Slingshot_PCA_rooted",55.9245688563505,700,"13","2",TRUE
"AGACGTTCAGGATTGG-500.2.2","Slingshot_PCA_rooted",36.9177591947842,450,"4","2",TRUE
"AGACGTTTCACGCATA-500.2.2","Slingshot_PCA_rooted",57.0519190802462,700,"13","2",TRUE
"AGAGCGAAGTCCTCCT-500.2.2","Slingshot_PCA_rooted",45.9071930620396,490,"11","2",TRUE
"AGAGCTTAGCTACCGC-500.2.2","Slingshot_PCA_rooted",50.003198168512,620,"10","2",TRUE
"AGAGCTTCATCCGTGG-500.2.2","Slingshot_PCA_rooted",50.8488582811443,550,"16","2",TRUE
"AGAGCTTGTGGACGAT-500.2.2","Slingshot_PCA_rooted",63.5420385560429,760,"11","2",TRUE
"AGAGTGGCACATAACC-500.2.2","Slingshot_PCA_rooted",62.3627754416419,750,"11","2",TRUE
"AGAGTGGCACGTTGGC-500.2.2","Slingshot_PCA_rooted",39.6831216092547,470,"4","2",TRUE
"AGATCTGAGCTGAACG-500.2.2","Slingshot_PCA_rooted",45.2743052672147,550,"9","2",TRUE
"AGCAGCCGTCCTCCAT-500.2.2","Slingshot_PCA_rooted",49.6658405680149,550,"14","2",TRUE
"AGCCTAATCGTTTAGG-500.2.2","Slingshot_PCA_rooted",46.0973811249772,490,"16","2",TRUE
"AGCGGTCTCTATGTGG-500.2.2","Slingshot_PCA_rooted",38.4208609123499,450,"10","2",TRUE
"AGCGGTCTCTGGTATG-500.2.2","Slingshot_PCA_rooted",47.7678221689057,510,"1","2",TRUE
"AGCTCCTCATTCCTCG-500.2.2","Slingshot_PCA_rooted",40.1117027507988,450,"9","2",TRUE
"AGCTCCTTCCCTAATT-500.2.2","Slingshot_PCA_rooted",47.1884632814093,490,"11","2",TRUE
"AGCTTGAAGCTAACTC-500.2.2","Slingshot_PCA_rooted",51.4299312928536,620,"13","2",TRUE
"AGGCCACCACATTAGC-500.2.2","Slingshot_PCA_rooted",47.2785126034373,630,"4","2",TRUE
"AGGCCGTGTCTCACCT-500.2.2","Slingshot_PCA_rooted",54.2568846563421,640,"14","2",TRUE
"AGGGAGTAGTCAATAG-500.2.2","Slingshot_PCA_rooted",22.5095107632114,350,"4","2",TRUE
"AGGGATGTCCCTTGCA-500.2.2","Slingshot_PCA_rooted",42.0172068682219,490,"14","2",TRUE
"AGGTCATTCAAACGGG-500.2.2","Slingshot_PCA_rooted",35.2406000525178,410,"10","2",TRUE
"AGGTCCGGTAAGGGAA-500.2.2","Slingshot_PCA_rooted",55.0470953612893,700,"11","2",TRUE
"AGTAGTCTCTGGCGAC-500.2.2","Slingshot_PCA_rooted",24.4001643089608,410,"5","2",TRUE
"AGTCTTTGTAAATACG-500.2.2","Slingshot_PCA_rooted",44.5166973269912,470,"16","2",TRUE
"AGTGAGGAGAGGACGG-500.2.2","Slingshot_PCA_rooted",36.5445849908996,450,"5","2",TRUE
"AGTGTCAAGGTGTTAA-500.2.2","Slingshot_PCA_rooted",40.6656732585311,510,"5","2",TRUE
"ATAACGCGTAAGAGAG-500.2.2","Slingshot_PCA_rooted",41.1198196498956,480,"4","2",TRUE
"ATCACGACAAGCTGGA-500.2.2","Slingshot_PCA_rooted",60.5188710183417,700,"11","2",TRUE
"ATCCACCGTGTGCCTG-500.2.2","Slingshot_PCA_rooted",62.158694531954,700,"1","2",TRUE
"ATCCACCGTTAGATGA-500.2.2","Slingshot_PCA_rooted",40.4196844326054,440,"9","2",TRUE
"ATCTACTTCGGCGCTA-500.2.2","Slingshot_PCA_rooted",48.1851235071399,550,"1","2",TRUE
"ATCTGCCCACTGAAGG-500.2.2","Slingshot_PCA_rooted",40.3391042228859,440,"14","2",TRUE
"ATCTGCCCATCACCCT-500.2.2","Slingshot_PCA_rooted",44.5580488048008,550,"1","2",TRUE
"ATTACTCAGCTAGTGG-500.2.2","Slingshot_PCA_rooted",59.5829267874923,700,"1","2",TRUE
"ATTGGACCATATGGTC-500.2.2","Slingshot_PCA_rooted",64.1619233195085,775,"11","2",TRUE
"ATTGGTGGTCATACTG-500.2.2","Slingshot_PCA_rooted",56.5164399658864,585,"16","2",TRUE
"ATTGGTGTCGTAGGAG-500.2.2","Slingshot_PCA_rooted",46.1751816971817,490,"14","2",TRUE
"ATTGGTGTCTGCTTGC-500.2.2","Slingshot_PCA_rooted",48.8189215832658,550,"10","2",TRUE
"ATTTCTGTCTGGGCCA-500.2.2","Slingshot_PCA_rooted",26.7296320374619,360,"10","2",TRUE
"CAACCTCGTGGTTTCA-500.2.2","Slingshot_PCA_rooted",41.1638141469592,430,"14","2",TRUE
"CAAGAAATCTGATTCT-500.2.2","Slingshot_PCA_rooted",55.6186869739341,640,"13","2",TRUE
"CAAGTTGGTCCAGTTA-500.2.2","Slingshot_PCA_rooted",41.1731221274497,450,"5","2",TRUE
"CACAGGCCAATCAGAA-500.2.2","Slingshot_PCA_rooted",46.0322789652859,530,"9","2",TRUE
"CACAGTACAATCGGTT-500.2.2","Slingshot_PCA_rooted",41.0999852767778,490,"16","2",TRUE
"CACAGTATCGCAAGCC-500.2.2","Slingshot_PCA_rooted",56.0805181102744,640,"15","2",TRUE
"CACATAGCAGTAGAGC-500.2.2","Slingshot_PCA_rooted",35.8076520349601,410,"11","2",TRUE
"CACATAGTCTGTACGA-500.2.2","Slingshot_PCA_rooted",56.2748720178596,640,"9","2",TRUE
"CACATAGTCTTTAGTC-500.2.2","Slingshot_PCA_rooted",58.700855618145,725,"13","2",TRUE
"CACATTTGTTAGTGGG-500.2.2","Slingshot_PCA_rooted",54.1694846094459,640,"11","2",TRUE
"CACCACTCATCAGTCA-500.2.2","Slingshot_PCA_rooted",48.978244161233,550,"14","2",TRUE
"CACCAGGCATAGAAAC-500.2.2","Slingshot_PCA_rooted",48.9196521244073,510,"16","2",TRUE
"CACCAGGGTGAGGCTA-500.2.2","Slingshot_PCA_rooted",45.5239869599128,490,"11","2",TRUE
"CACTCCAAGATGTAAC-500.2.2","Slingshot_PCA_rooted",49.9175403749668,490,"11","2",TRUE
"CACTCCAAGCCAGTAG-500.2.2","Slingshot_PCA_rooted",49.3436549039845,700,"16","2",TRUE
"CACTCCACACACCGCA-500.2.2","Slingshot_PCA_rooted",54.0381484906181,695,"13","2",TRUE
"CAGAGAGTCTTGTTTG-500.2.2","Slingshot_PCA_rooted",59.8608681265574,640,"16","2",TRUE
"CAGCAGCAGTGATCGG-500.2.2","Slingshot_PCA_rooted",34.1164467493713,390,"5","2",TRUE
"CAGCAGCCACGCTTTC-500.2.2","Slingshot_PCA_rooted",47.8730438782901,490,"15","2",TRUE
"CAGCAGCCATGGGACA-500.2.2","Slingshot_PCA_rooted",47.5057024860252,550,"1","2",TRUE
"CAGCGACGTCTAGTGT-500.2.2","Slingshot_PCA_rooted",39.1982143790117,565,"4","2",TRUE
"CAGCTGGAGTCCAGGA-500.2.2","Slingshot_PCA_rooted",55.3045469586259,670,"1","2",TRUE
"CAGCTGGGTACAGTGG-500.2.2","Slingshot_PCA_rooted",38.3194274128344,450,"4","2",TRUE
"CAGCTGGTCACTGGGC-500.2.2","Slingshot_PCA_rooted",48.3015136225632,490,"11","2",TRUE
"CAGCTGGTCGCATGGC-500.2.2","Slingshot_PCA_rooted",56.7873726933945,700,"9","2",TRUE
"CAGGTGCCAAGTACCT-500.2.2","Slingshot_PCA_rooted",62.9026400371734,700,"1","2",TRUE
"CAGTCCTCAGCTCCGA-500.2.2","Slingshot_PCA_rooted",61.4063743033539,700,"15","2",TRUE
"CATATGGTCCGTTGCT-500.2.2","Slingshot_PCA_rooted",55.4908039766579,620,"1","2",TRUE
"CATCAAGCACATTTCT-500.2.2","Slingshot_PCA_rooted",56.3404906934799,640,"11","2",TRUE
"CATCCACTCGTCACGG-500.2.2","Slingshot_PCA_rooted",58.7640542992632,700,"15","2",TRUE
"CATCGAACAAGACACG-500.2.2","Slingshot_PCA_rooted",54.0915506176524,640,"10","2",TRUE
"CATCGGGTCAGCCTAA-500.2.2","Slingshot_PCA_rooted",52.2685391941236,550,"1","2",TRUE
"CATGCCTAGAATAGGG-500.2.2","Slingshot_PCA_rooted",44.3660575312469,500,"14","2",TRUE
"CATTATCAGCCACGTC-500.2.2","Slingshot_PCA_rooted",41.7831790600243,510,"16","2",TRUE
"CATTATCCACACGCTG-500.2.2","Slingshot_PCA_rooted",62.4606563217842,750,"11","2",TRUE
"CATTATCGTTCGTGAT-500.2.2","Slingshot_PCA_rooted",46.5606023430494,565,"4","2",TRUE
"CCAGCGAGTCAGATAA-500.2.2","Slingshot_PCA_rooted",58.6267025443552,700,"9","2",TRUE
"CCATGTCCAAGCGTAG-500.2.2","Slingshot_PCA_rooted",43.0167411837143,470,"10","2",TRUE
"CCATGTCGTCATCCCT-500.2.2","Slingshot_PCA_rooted",52.2187405106329,640,"15","2",TRUE
"CCCAATCGTCTAGGTT-500.2.2","Slingshot_PCA_rooted",53.5470020397897,550,"1","2",TRUE
"CCCAATCTCGATCCCT-500.2.2","Slingshot_PCA_rooted",49.8064011620823,670,"16","2",TRUE
"CCCATACAGAATTCCC-500.2.2","Slingshot_PCA_rooted",46.2907592230798,550,"14","2",TRUE
"CCCTCCTGTGAGCGAT-500.2.2","Slingshot_PCA_rooted",60.5411357509052,700,"15","2",TRUE
"CCGGTAGAGCGGATCA-500.2.2","Slingshot_PCA_rooted",35.5668959795622,420,"14","2",TRUE
"CCGTACTCACAGGTTT-500.2.2","Slingshot_PCA_rooted",57.698006612704,640,"16","2",TRUE
"CCGTACTGTCTAGCGC-500.2.2","Slingshot_PCA_rooted",47.72685768394,700,"16","2",TRUE
"CCGTACTTCACGCATA-500.2.2","Slingshot_PCA_rooted",52.461439617246,550,"9","2",TRUE
"CCGTACTTCAGGCGAA-500.2.2","Slingshot_PCA_rooted",59.5133045859312,700,"9","2",TRUE
"CCGTGGAAGCGGATCA-500.2.2","Slingshot_PCA_rooted",58.5444744797162,670,"10","2",TRUE
"CCGTGGAGTCAGAGGT-500.2.2","Slingshot_PCA_rooted",50.5471748446322,585,"11","2",TRUE
"CCGTGGATCCTCCTAG-500.2.2","Slingshot_PCA_rooted",48.2987565329245,620,"16","2",TRUE
"CCTAAAGTCTAACTGG-500.2.2","Slingshot_PCA_rooted",59.8748534797856,760,"10","2",TRUE
"CCTAGCTGTGCACGAA-500.2.2","Slingshot_PCA_rooted",49.6344526761079,620,"16","2",TRUE
"CCTATTACACAGTCGC-500.2.2","Slingshot_PCA_rooted",50.5014553373788,620,"11","2",TRUE
"CCTATTACACTGAAGG-500.2.2","Slingshot_PCA_rooted",63.6191815363003,750,"11","2",TRUE
"CCTCAGTTCGCCTGTT-500.2.2","Slingshot_PCA_rooted",47.3408368654218,550,"16","2",TRUE
"CCTTCCCGTGTGGTTT-500.2.2","Slingshot_PCA_rooted",45.5733581498976,550,"10","2",TRUE
"CGAACATAGATATACG-500.2.2","Slingshot_PCA_rooted",36.7038554177309,450,"5","2",TRUE
"CGAACATGTGTGGTTT-500.2.2","Slingshot_PCA_rooted",52.5477046867226,635,"13","2",TRUE
"CGAATGTCAGACAGGT-500.2.2","Slingshot_PCA_rooted",23.717670827715,465,"5","2",TRUE
"CGAATGTTCATGTGGT-500.2.2","Slingshot_PCA_rooted",49.1570994485925,490,"13","2",TRUE
"CGACCTTTCGGAATCT-500.2.2","Slingshot_PCA_rooted",48.4259484756031,550,"13","2",TRUE
"CGACTTCAGAAGAAGC-500.2.2","Slingshot_PCA_rooted",46.3202100585991,500,"15","2",TRUE
"CGACTTCAGCGTGAGT-500.2.2","Slingshot_PCA_rooted",47.4771138529817,630,"4","2",TRUE
"CGACTTCAGTGACATA-500.2.2","Slingshot_PCA_rooted",56.2883110638637,670,"13","2",TRUE
"CGAGCACGTAGGGTAC-500.2.2","Slingshot_PCA_rooted",41.5174782259151,450,"16","2",TRUE
"CGATGGCGTTGGTGGA-500.2.2","Slingshot_PCA_rooted",50.2667165228701,700,"14","2",TRUE
"CGCGGTAAGTACGCGA-500.2.2","Slingshot_PCA_rooted",28.9564742461297,390,"10","2",TRUE
"CGCTATCGTAGGAGTC-500.2.2","Slingshot_PCA_rooted",56.3338269519582,700,"9","2",TRUE
"CGCTGGAAGAACTGTA-500.2.2","Slingshot_PCA_rooted",55.368749399549,670,"15","2",TRUE
"CGCTGGACAGATCGGA-500.2.2","Slingshot_PCA_rooted",53.6212409120463,620,"16","2",TRUE
"CGCTTCACAACTGCTA-500.2.2","Slingshot_PCA_rooted",42.1606705900984,450,"15","2",TRUE
"CGGACACAGCCTCGTG-500.2.2","Slingshot_PCA_rooted",44.7876323783807,450,"11","2",TRUE
"CGGACACAGTGATCGG-500.2.2","Slingshot_PCA_rooted",44.6660085369855,550,"4","2",TRUE
"CGGACGTGTCAATACC-500.2.2","Slingshot_PCA_rooted",40.2798494098388,450,"11","2",TRUE
"CGGACGTTCTTTACAC-500.2.2","Slingshot_PCA_rooted",61.0100281792444,700,"9","2",TRUE
"CGGACTGAGGTTCCTA-500.2.2","Slingshot_PCA_rooted",33.0540296093915,420,"13","2",TRUE
"CGGACTGCATGCTGGC-500.2.2","Slingshot_PCA_rooted",56.6166733317577,725,"15","2",TRUE
"CGGAGCTCAAGACGTG-500.2.2","Slingshot_PCA_rooted",43.9945023411975,500,"14","2",TRUE
"CGGAGTCTCCAACCAA-500.2.2","Slingshot_PCA_rooted",35.7527841805634,450,"4","2",TRUE
"CGGCTAGAGTCCTCCT-500.2.2","Slingshot_PCA_rooted",54.503471836043,620,"1","2",TRUE
"CGGGTCATCTCTTGAT-500.2.2","Slingshot_PCA_rooted",51.2181676308052,585,"11","2",TRUE
"CGTCAGGGTAAACCTC-500.2.2","Slingshot_PCA_rooted",61.9986432840429,700,"15","2",TRUE
"CGTTAGAAGCAGCCTC-500.2.2","Slingshot_PCA_rooted",54.9497415122226,670,"13","2",TRUE
"CGTTCTGGTATGCTTG-500.2.2","Slingshot_PCA_rooted",47.4653034092447,620,"4","2",TRUE
"CTAATGGTCATTCACT-500.2.2","Slingshot_PCA_rooted",58.8690569510056,700,"15","2",TRUE
"CTACATTGTCATACTG-500.2.2","Slingshot_PCA_rooted",50.9732626792127,620,"11","2",TRUE
"CTCACACAGTGGTCCC-500.2.2","Slingshot_PCA_rooted",24.0550044043504,375,"5","2",TRUE
"CTCAGAATCTTAACCT-500.2.2","Slingshot_PCA_rooted",64.7712813534484,725,"1","2",TRUE
"CTCCTAGTCCTGTAGA-500.2.2","Slingshot_PCA_rooted",42.5089575620965,415,"5","2",TRUE
"CTCGGAGGTGAGGGTT-500.2.2","Slingshot_PCA_rooted",37.7489669388632,390,"1","2",TRUE
"CTCGGGACAATGAATG-500.2.2","Slingshot_PCA_rooted",26.2927215225349,420,"5","2",TRUE
"CTCGGGACATTAACCG-500.2.2","Slingshot_PCA_rooted",51.2422230844577,625,"9","2",TRUE
"CTCGGGAGTCTAAACC-500.2.2","Slingshot_PCA_rooted",45.9848989098385,530,"16","2",TRUE
"CTGAAACAGGCAGTCA-500.2.2","Slingshot_PCA_rooted",59.9604002902496,725,"10","2",TRUE
"CTGATCCGTAAGTTCC-500.2.2","Slingshot_PCA_rooted",54.6061483834081,640,"9","2",TRUE
"CTTAACTCATCGGAAG-500.2.2","Slingshot_PCA_rooted",49.2015167983162,550,"1","2",TRUE
"CTTAACTGTGTCGCTG-500.2.2","Slingshot_PCA_rooted",23.6909753107536,380,"5","2",TRUE
"CTTACCGTCTGCGGCA-500.2.2","Slingshot_PCA_rooted",47.8559087270317,585,"5","2",TRUE
"CTTCTCTCAGCTTCGG-500.2.2","Slingshot_PCA_rooted",52.3663169466638,620,"11","2",TRUE
"CTTCTCTGTCTTGCGG-500.2.2","Slingshot_PCA_rooted",46.7485481086922,550,"11","2",TRUE
"CTTCTCTGTGCCTGTG-500.2.2","Slingshot_PCA_rooted",63.5628942367138,755,"11","2",TRUE
"CTTTGCGTCCGTAGGC-500.2.2","Slingshot_PCA_rooted",39.9756000858038,395,"13","2",TRUE
"GAAATGAAGGTGCTAG-500.2.2","Slingshot_PCA_rooted",24.6053643447854,425,"5","2",TRUE
"GAACATCAGTACGTTC-500.2.2","Slingshot_PCA_rooted",43.3590819101764,490,"11","2",TRUE
"GAACATCGTTCAGTAC-500.2.2","Slingshot_PCA_rooted",22.5560130171764,380,"4","2",TRUE
"GAACATCTCATGCATG-500.2.2","Slingshot_PCA_rooted",40.6778786563272,490,"14","2",TRUE
"GAACCTATCCTTTCGG-500.2.2","Slingshot_PCA_rooted",50.708110416902,550,"11","2",TRUE
"GAACGGACAATGAATG-500.2.2","Slingshot_PCA_rooted",24.4946077113632,380,"4","2",TRUE
"GACCAATCAGACGTAG-500.2.2","Slingshot_PCA_rooted",48.8879496784041,640,"16","2",TRUE
"GACCAATGTGTTTGGT-500.2.2","Slingshot_PCA_rooted",46.0829827837609,620,"4","2",TRUE
"GACCTGGCACGGTTTA-500.2.2","Slingshot_PCA_rooted",24.0730271564127,365,"5","2",TRUE
"GACGCGTTCATTGCGA-500.2.2","Slingshot_PCA_rooted",59.5942977688691,700,"11","2",TRUE
"GACGGCTTCGCAAACT-500.2.2","Slingshot_PCA_rooted",26.4276019090983,375,"4","2",TRUE
"GACTACATCAACGGGA-500.2.2","Slingshot_PCA_rooted",46.402368579716,625,"4","2",TRUE
"GACTGCGCATCCGCGA-500.2.2","Slingshot_PCA_rooted",41.9228715026135,620,"4","2",TRUE
"GAGGTGACAGCGTTCG-500.2.2","Slingshot_PCA_rooted",49.3905747329832,670,"16","2",TRUE
"GAGGTGATCCTGCCAT-500.2.2","Slingshot_PCA_rooted",37.470011515952,440,"14","2",TRUE
"GATCAGTAGATTACCC-500.2.2","Slingshot_PCA_rooted",46.029053229263,565,"4","2",TRUE
"GATCAGTTCTCTGCTG-500.2.2","Slingshot_PCA_rooted",46.4237308531055,450,"9","2",TRUE
"GATGAAATCGCGATCG-500.2.2","Slingshot_PCA_rooted",40.2807393118346,385,"13","2",TRUE
"GATTCAGCAATCACAC-500.2.2","Slingshot_PCA_rooted",55.1872776223775,640,"14","2",TRUE
"GCAAACTTCCGAATGT-500.2.2","Slingshot_PCA_rooted",47.397833810675,510,"13","2",TRUE
"GCACTCTGTCCTCTTG-500.2.2","Slingshot_PCA_rooted",49.9476057408097,670,"16","2",TRUE
"GCATGCGGTCTTCTCG-500.2.2","Slingshot_PCA_rooted",44.3972472380398,550,"4","2",TRUE
"GCATGTAGTTGTCTTT-500.2.2","Slingshot_PCA_rooted",45.8135001270245,620,"4","2",TRUE
"GCCTCTACACGAAGCA-500.2.2","Slingshot_PCA_rooted",58.62149559782,630,"16","2",TRUE
"GCCTCTACAGTGACAG-500.2.2","Slingshot_PCA_rooted",46.7756882317465,640,"4","2",TRUE
"GCCTCTATCTCGAGTA-500.2.2","Slingshot_PCA_rooted",49.5327475232865,550,"16","2",TRUE
"GCCTCTATCTCGGACG-500.2.2","Slingshot_PCA_rooted",46.7710235383404,585,"5","2",TRUE
"GCGACCACAGATCTGT-500.2.2","Slingshot_PCA_rooted",47.4082813436064,550,"13","2",TRUE
"GCGAGAATCCTGCTTG-500.2.2","Slingshot_PCA_rooted",43.7679201501166,490,"16","2",TRUE
"GCGCAACCACAGCGTC-500.2.2","Slingshot_PCA_rooted",24.1242060574142,370,"5","2",TRUE
"GCGCAGTGTACAGTTC-500.2.2","Slingshot_PCA_rooted",52.6798928897797,550,"1","2",TRUE
"GCGCGATAGGAGCGAG-500.2.2","Slingshot_PCA_rooted",52.8641151802494,640,"16","2",TRUE
"GCTGCAGAGTGCTGCC-500.2.2","Slingshot_PCA_rooted",39.5798117516221,490,"4","2",TRUE
"GCTGCAGTCAACCAAC-500.2.2","Slingshot_PCA_rooted",54.5161978134628,640,"9","2",TRUE
"GCTGCGAAGGAGTTTA-500.2.2","Slingshot_PCA_rooted",39.6805781560665,450,"5","2",TRUE
"GCTTCCAGTACCGAGA-500.2.2","Slingshot_PCA_rooted",46.5393880914307,520,"15","2",TRUE
"GCTTGAAAGTGCCAGA-500.2.2","Slingshot_PCA_rooted",53.8552629315186,640,"10","2",TRUE
"GCTTGAAGTTACGGAG-500.2.2","Slingshot_PCA_rooted",45.6269952860578,620,"4","2",TRUE
"GGAAAGCGTGAGGGAG-500.2.2","Slingshot_PCA_rooted",57.674714692189,640,"1","2",TRUE
"GGAACTTAGTATCTCG-500.2.2","Slingshot_PCA_rooted",53.1288204968272,670,"11","2",TRUE
"GGACAAGTCATCGATG-500.2.2","Slingshot_PCA_rooted",51.5240336506672,550,"16","2",TRUE
"GGACAAGTCGTCTGAA-500.2.2","Slingshot_PCA_rooted",52.24317280003,620,"14","2",TRUE
"GGACAGAAGAGGGATA-500.2.2","Slingshot_PCA_rooted",59.4441786250996,760,"10","2",TRUE
"GGACATTCAGCGATCC-500.2.2","Slingshot_PCA_rooted",49.5770806693228,550,"11","2",TRUE
"GGACATTCATCCTAGA-500.2.2","Slingshot_PCA_rooted",48.615724443805,700,"16","2",TRUE
"GGAGCAAAGATGTGGC-500.2.2","Slingshot_PCA_rooted",42.2882395447185,450,"13","2",TRUE
"GGAGCAAGTCTCTCTG-500.2.2","Slingshot_PCA_rooted",48.2283042902142,670,"16","2",TRUE
"GGATTACCACCTCGTT-500.2.2","Slingshot_PCA_rooted",58.9626562204108,700,"15","2",TRUE
"GGCAATTAGCCACGCT-500.2.2","Slingshot_PCA_rooted",37.3559923974784,400,"10","2",TRUE
"GGCAATTAGTGTTAGA-500.2.2","Slingshot_PCA_rooted",33.9033888957999,420,"9","2",TRUE
"GGCAATTTCTCACATT-500.2.2","Slingshot_PCA_rooted",47.0660562261902,640,"16","2",TRUE
"GGCCGATCACGAGGTA-500.2.2","Slingshot_PCA_rooted",52.3291859482186,640,"10","2",TRUE
"GGCGACTGTAGGCATG-500.2.2","Slingshot_PCA_rooted",50.9422091386476,500,"13","2",TRUE
"GGCTCGAGTTTAGGAA-500.2.2","Slingshot_PCA_rooted",39.0417978919635,450,"4","2",TRUE
"GGCTCGATCGCGTTTC-500.2.2","Slingshot_PCA_rooted",26.7812973456115,450,"4","2",TRUE
"GGCTGGTCACTTCGAA-500.2.2","Slingshot_PCA_rooted",41.2887836070188,450,"9","2",TRUE
"GGGAATGTCTCCGGTT-500.2.2","Slingshot_PCA_rooted",44.7214891662693,500,"14","2",TRUE
"GGGACCTCAAGTAGTA-500.2.2","Slingshot_PCA_rooted",28.4063115858807,385,"5","2",TRUE
"GGGAGATAGTGGAGTC-500.2.2","Slingshot_PCA_rooted",44.7481526114846,520,"9","2",TRUE
"GGGAGATCAATCCGAT-500.2.2","Slingshot_PCA_rooted",47.5276952709051,640,"16","2",TRUE
"GGGAGATTCATTCACT-500.2.2","Slingshot_PCA_rooted",47.0992764389331,630,"4","2",TRUE
"GGGTTGCAGCAGCCTC-500.2.2","Slingshot_PCA_rooted",49.1102713540346,620,"5","2",TRUE
"GGGTTGCAGTACTTGC-500.2.2","Slingshot_PCA_rooted",43.0536927857751,490,"11","2",TRUE
"GGGTTGCGTCACTTCC-500.2.2","Slingshot_PCA_rooted",40.5176713564834,440,"14","2",TRUE
"GTAACGTGTCATCCCT-500.2.2","Slingshot_PCA_rooted",56.3787680765009,620,"16","2",TRUE
"GTACTCCAGATCGATA-500.2.2","Slingshot_PCA_rooted",24.031551589511,360,"1","2",TRUE
"GTACTCCGTCTAGTGT-500.2.2","Slingshot_PCA_rooted",43.3423823300233,550,"4","2",TRUE
"GTACTCCTCTGGCGAC-500.2.2","Slingshot_PCA_rooted",55.7195596076792,700,"13","2",TRUE
"GTACTTTAGATCCCGC-500.2.2","Slingshot_PCA_rooted",55.0488830325005,700,"13","2",TRUE
"GTAGGCCGTACGCACC-500.2.2","Slingshot_PCA_rooted",51.2035013350463,530,"16","2",TRUE
"GTAGTCAAGTCCTCCT-500.2.2","Slingshot_PCA_rooted",56.5347681534332,670,"16","2",TRUE
"GTAGTCACACCCATTC-500.2.2","Slingshot_PCA_rooted",40.1966064834003,435,"10","2",TRUE
"GTATTCTGTTGCGTTA-500.2.2","Slingshot_PCA_rooted",54.8915264371072,635,"15","2",TRUE
"GTCAAGTAGACCGGAT-500.2.2","Slingshot_PCA_rooted",44.1448252719053,490,"16","2",TRUE
"GTCACAAGTGAGTGAC-500.2.2","Slingshot_PCA_rooted",48.6132492041261,585,"13","2",TRUE
"GTCATTTCAGCTTCGG-500.2.2","Slingshot_PCA_rooted",58.8692149294302,750,"10","2",TRUE
"GTCCTCATCATGCATG-500.2.2","Slingshot_PCA_rooted",47.2070571802,670,"4","2",TRUE
"GTCGGGTTCGTCGTTC-500.2.2","Slingshot_PCA_rooted",43.3449224458187,450,"11","2",TRUE
"GTCGTAAAGACAAGCC-500.2.2","Slingshot_PCA_rooted",57.5589841061519,635,"9","2",TRUE
"GTCGTAAAGTAGCCGA-500.2.2","Slingshot_PCA_rooted",46.7109537971259,490,"15","2",TRUE
"GTGCATAAGATCCCGC-500.2.2","Slingshot_PCA_rooted",53.1886624077018,700,"13","2",TRUE
"GTGCTTCTCTCCTATA-500.2.2","Slingshot_PCA_rooted",57.0350369519772,700,"15","2",TRUE
"GTGTTAGAGAAGGCCT-500.2.2","Slingshot_PCA_rooted",50.6991209378874,550,"15","2",TRUE
"GTGTTAGTCAGTCAGT-500.2.2","Slingshot_PCA_rooted",42.6694290976014,550,"4","2",TRUE
"GTGTTAGTCCGAATGT-500.2.2","Slingshot_PCA_rooted",48.6694434415447,550,"14","2",TRUE
"GTTAAGCCACTGTCGG-500.2.2","Slingshot_PCA_rooted",47.9439408985798,640,"4","2",TRUE
"GTTCATTGTCTCTTTA-500.2.2","Slingshot_PCA_rooted",31.6858092180664,395,"5","2",TRUE
"GTTCATTTCGTAGATC-500.2.2","Slingshot_PCA_rooted",48.2283042902142,700,"16","2",TRUE
"GTTCGGGTCCAGTAGT-500.2.2","Slingshot_PCA_rooted",50.2244687511046,700,"16","2",TRUE
"TAAACCGGTCGGCACT-500.2.2","Slingshot_PCA_rooted",51.198140196566,630,"14","2",TRUE
"TAAACCGGTCTGATCA-500.2.2","Slingshot_PCA_rooted",57.7233320733507,700,"9","2",TRUE
"TAAGAGAGTCTTCAAG-500.2.2","Slingshot_PCA_rooted",49.9254224496639,550,"10","2",TRUE
"TAAGCGTTCGTTTATC-500.2.2","Slingshot_PCA_rooted",50.2955807958038,585,"15","2",TRUE
"TAAGTGCCAGCTCGAC-500.2.2","Slingshot_PCA_rooted",47.1490102744523,640,"4","2",TRUE
"TACAGTGCATTACGAC-500.2.2","Slingshot_PCA_rooted",38.5868627176233,435,"10","2",TRUE
"TACGGGCTCACTCTTA-500.2.2","Slingshot_PCA_rooted",21.7995417003651,380,"5","2",TRUE
"TACGGTAGTACCGAGA-500.2.2","Slingshot_PCA_rooted",54.511631163667,640,"14","2",TRUE
"TACTCGCTCCAGGGCT-500.2.2","Slingshot_PCA_rooted",28.4934434558739,300,"6","2",TRUE
"TACTTGTAGGGTCTCC-500.2.2","Slingshot_PCA_rooted",48.9879407219467,585,"13","2",TRUE
"TACTTGTTCATACGGT-500.2.2","Slingshot_PCA_rooted",49.0031477883054,550,"16","2",TRUE
"TAGAGCTCAGCGATCC-500.2.2","Slingshot_PCA_rooted",40.3551893202719,450,"11","2",TRUE
"TAGGCATCAAAGGAAG-500.2.2","Slingshot_PCA_rooted",56.2764152797824,620,"16","2",TRUE
"TAGGCATTCGACCAGC-500.2.2","Slingshot_PCA_rooted",62.1124840828198,700,"11","2",TRUE
"TAGTGGTGTAAACCTC-500.2.2","Slingshot_PCA_rooted",47.4095193108947,670,"1","2",TRUE
"TAGTGGTTCGTGACAT-500.2.2","Slingshot_PCA_rooted",42.9515166091649,430,"15","2",TRUE
"TAGTTGGCACACGCTG-500.2.2","Slingshot_PCA_rooted",43.0850350572152,470,"10","2",TRUE
"TATCAGGAGTCTCCTC-500.2.2","Slingshot_PCA_rooted",42.6177127344176,470,"10","2",TRUE
"TATCTCAGTGCAACGA-500.2.2","Slingshot_PCA_rooted",39.5426284713483,490,"14","2",TRUE
"TATGCCCAGTGTCCCG-500.2.2","Slingshot_PCA_rooted",40.560311489774,450,"9","2",TRUE
"TATTACCAGGAGCGTT-500.2.2","Slingshot_PCA_rooted",41.4345307691096,470,"9","2",TRUE
"TCAACGACACCGAATT-500.2.2","Slingshot_PCA_rooted",48.8815238942109,550,"11","2",TRUE
"TCAACGAGTTGCGCAC-500.2.2","Slingshot_PCA_rooted",54.2843293099309,640,"11","2",TRUE
"TCACAAGTCGTTGACA-500.2.2","Slingshot_PCA_rooted",41.642560098013,470,"5","2",TRUE
"TCAGATGAGCTCCTTC-500.2.2","Slingshot_PCA_rooted",39.456840611288,415,"13","2",TRUE
"TCAGATGGTCTCTTTA-500.2.2","Slingshot_PCA_rooted",55.1383827593853,700,"13","2",TRUE
"TCAGCAACAGCATGAG-500.2.2","Slingshot_PCA_rooted",57.3231141360029,700,"9","2",TRUE
"TCAGGTAGTGTTCGAT-500.2.2","Slingshot_PCA_rooted",23.4012713081969,385,"4","2",TRUE
"TCATTACCATCGGTTA-500.2.2","Slingshot_PCA_rooted",33.2499602922561,405,"5","2",TRUE
"TCATTTGTCTGATACG-500.2.2","Slingshot_PCA_rooted",18.5165672783794,320,"10","2",TRUE
"TCCACACTCTTGGGTA-500.2.2","Slingshot_PCA_rooted",53.7718979738051,775,"1","2",TRUE
"TCGAGGCAGACTACAA-500.2.2","Slingshot_PCA_rooted",38.3635696449916,420,"13","2",TRUE
"TCGAGGCCACAGTCGC-500.2.2","Slingshot_PCA_rooted",63.581724925823,760,"11","2",TRUE
"TCGCGTTCACAAGCCC-500.2.2","Slingshot_PCA_rooted",62.5859882849845,750,"11","2",TRUE
"TCGGTAAGTCTCTCTG-500.2.2","Slingshot_PCA_rooted",64.2698302159383,760,"11","2",TRUE
"TCGTACCCAAGTAATG-500.2.2","Slingshot_PCA_rooted",38.2036980228561,450,"4","2",TRUE
"TCTCATACAAGAGGCT-500.2.2","Slingshot_PCA_rooted",47.5542417235419,490,"11","2",TRUE
"TCTCTAAGTCACACGC-500.2.2","Slingshot_PCA_rooted",21.1708928905713,340,"5","2",TRUE
"TCTGGAACAATGAAAC-500.2.2","Slingshot_PCA_rooted",60.4649819196994,750,"11","2",TRUE
"TCTTCGGCAAGCCGTC-500.2.2","Slingshot_PCA_rooted",40.9672347735372,440,"11","2",TRUE
"TCTTCGGGTGCGGTAA-500.2.2","Slingshot_PCA_rooted",44.8060302872445,450,"9","2",TRUE
"TCTTCGGTCCTTGACC-500.2.2","Slingshot_PCA_rooted",34.0083881201392,400,"10","2",TRUE
"TGACAACGTACGCACC-500.2.2","Slingshot_PCA_rooted",40.6118043483947,440,"14","2",TRUE
"TGACAACGTTGCTCCT-500.2.2","Slingshot_PCA_rooted",43.0046025723087,585,"4","2",TRUE
"TGACAACGTTTGACAC-500.2.2","Slingshot_PCA_rooted",43.3449224458187,450,"11","2",TRUE
"TGAGCCGGTCTCGTTC-500.2.2","Slingshot_PCA_rooted",54.4459371707141,635,"15","2",TRUE
"TGCCAAACAGACAAAT-500.2.2","Slingshot_PCA_rooted",65.4721265775396,750,"11","2",TRUE
"TGCCCTATCATGCAAC-500.2.2","Slingshot_PCA_rooted",58.4008695371705,700,"11","2",TRUE
"TGCGGGTTCTCATTCA-500.2.2","Slingshot_PCA_rooted",36.2242840581965,400,"9","2",TRUE
"TGCTACCAGTGTCCCG-500.2.2","Slingshot_PCA_rooted",58.889704203391,640,"9","2",TRUE
"TGCTACCCAACAACCT-500.2.2","Slingshot_PCA_rooted",43.2322272471099,500,"10","2",TRUE
"TGGACGCCACGAGGTA-500.2.2","Slingshot_PCA_rooted",42.2152515530541,550,"5","2",TRUE
"TGGTTAGAGGAATTAC-500.2.2","Slingshot_PCA_rooted",52.3452279701287,620,"15","2",TRUE
"TGTATTCCATGCTAGT-500.2.2","Slingshot_PCA_rooted",38.0927274355538,440,"4","2",TRUE
"TGTCCCACAAAGCGGT-500.2.2","Slingshot_PCA_rooted",32.4405892146583,585,"5","2",TRUE
"TGTTCCGTCTACTTAC-500.2.2","Slingshot_PCA_rooted",29.551209642504,380,"5","2",TRUE
"TTAACTCGTAATCACC-500.2.2","Slingshot_PCA_rooted",45.5016654629834,550,"4","2",TRUE
"TTAACTCTCGGAGCAA-500.2.2","Slingshot_PCA_rooted",54.8017138500304,640,"9","2",TRUE
"TTAGGACGTATCTGCA-500.2.2","Slingshot_PCA_rooted",59.1797049233703,640,"1","2",TRUE
"TTCGAAGTCATTATCC-500.2.2","Slingshot_PCA_rooted",42.0231608023575,485,"16","2",TRUE
"TTCGGTCAGCAATCTC-500.2.2","Slingshot_PCA_rooted",50.2561992043631,550,"10","2",TRUE
"TTCTACAAGAGACTTA-500.2.2","Slingshot_PCA_rooted",21.0158861373945,300,"6","2",TRUE
"TTCTACACAGGTCGTC-500.2.2","Slingshot_PCA_rooted",44.0460509948098,470,"11","2",TRUE
"TTCTACAGTACCGTTA-500.2.2","Slingshot_PCA_rooted",27.3592569162971,380,"4","2",TRUE
"TTCTACAGTTTGTTTC-500.2.2","Slingshot_PCA_rooted",62.7228471113627,670,"1","2",TRUE
"TTCTCAATCTTTCCTC-500.2.2","Slingshot_PCA_rooted",55.9090985735513,700,"9","2",TRUE
"TTCTCCTAGTACGACG-500.2.2","Slingshot_PCA_rooted",56.2806002465064,755,"9","2",TRUE
"TTCTCCTAGTGTTAGA-500.2.2","Slingshot_PCA_rooted",47.5463963318519,530,"11","2",TRUE
"TTCTCCTGTAAGGATT-500.2.2","Slingshot_PCA_rooted",42.7759367090014,640,"4","2",TRUE
"TTCTTAGCAGGTTTCA-500.2.2","Slingshot_PCA_rooted",45.2117301403714,520,"10","2",TRUE
"TTGAACGCAAAGCGGT-500.2.2","Slingshot_PCA_rooted",22.2832173991332,375,"5","2",TRUE
"TTGCGTCAGATCCCGC-500.2.2","Slingshot_PCA_rooted",56.2638775151155,700,"9","2",TRUE
"TTGGAACAGCCAGTAG-500.2.2","Slingshot_PCA_rooted",42.9063368542158,550,"4","2",TRUE
"TTGTAGGCACACGCTG-500.2.2","Slingshot_PCA_rooted",61.0223754740853,725,"10","2",TRUE
"TTTACTGGTCTTGTCC-500.2.2","Slingshot_PCA_rooted",60.3132297054425,700,"9","2",TRUE
"TTTATGCGTACCATCA-500.2.2","Slingshot_PCA_rooted",50.907214278874,550,"14","2",TRUE
"TTTCCTCTCTCTTGAT-500.2.2","Slingshot_PCA_rooted",47.8832653575553,550,"16","2",TRUE
"TTTGGTTAGTGCGTGA-500.2.2","Slingshot_PCA_rooted",47.6648649389988,450,"9","2",TRUE
"TTTGGTTTCAGGTTCA-500.2.2","Slingshot_PCA_rooted",40.7912210666228,450,"9","2",TRUE
"AAACCTGAGATCCGAG-r17","Slingshot_PCA_rooted",5.52964155886161,190,"2","2",TRUE
"AAACGGGCATTATCTC-r17","Slingshot_PCA_rooted",44.1369623867441,510,"1","2",TRUE
"AAAGCAACAAGTCTAC-r17","Slingshot_PCA_rooted",26.1525546941292,380,"5","2",TRUE
"AAAGTAGCAGGGTACA-r17","Slingshot_PCA_rooted",15.4695240949117,265,"2","2",TRUE
"AAAGTAGCATGATCCA-r17","Slingshot_PCA_rooted",3.44221977783859,175,"2","2",TRUE
"AAATGCCCATCAGTCA-r17","Slingshot_PCA_rooted",30.9972621861249,390,"5","2",TRUE
"AAATGCCGTAGCGTCC-r17","Slingshot_PCA_rooted",3.28574729446754,170,"2","2",TRUE
"AAATGCCGTGCAGACA-r17","Slingshot_PCA_rooted",11.7057059716861,245,"2","2",TRUE
"AAATGCCTCCTTTCTC-r17","Slingshot_PCA_rooted",23.9661330244407,350,"5","2",TRUE
"AAATGCCTCTCTGAGA-r17","Slingshot_PCA_rooted",9.74290539889428,215,"2","2",TRUE
"AACACGTGTCTTGATG-r17","Slingshot_PCA_rooted",28.2745090475903,410,"13","2",TRUE
"AACCATGCAATGAATG-r17","Slingshot_PCA_rooted",21.168530327686,325,"10","2",TRUE
"AACCATGTCATTGCCC-r17","Slingshot_PCA_rooted",22.748245531404,365,"5","2",TRUE
"AACCGCGAGCTGTTCA-r17","Slingshot_PCA_rooted",33.1593502362835,410,"5","2",TRUE
"AACCGCGGTGGTGTAG-r17","Slingshot_PCA_rooted",3.5200745776286,170,"2","2",TRUE
"AACCGCGTCCAAAGTC-r17","Slingshot_PCA_rooted",4.85939692030558,230,"2","2",TRUE
"AACTCAGAGTCGTACT-r17","Slingshot_PCA_rooted",0,160,"2","2",TRUE
"AACTCAGAGTGTACCT-r17","Slingshot_PCA_rooted",11.7777317946114,225,"2","2",TRUE
"AACTCAGGTTGGTAAA-r17","Slingshot_PCA_rooted",10.7198728609709,260,"2","2",TRUE
"AACTCTTAGCCCAATT-r17","Slingshot_PCA_rooted",6.06365283389604,205,"2","2",TRUE
"AACTTTCCAAGCTGGA-r17","Slingshot_PCA_rooted",42.3144592570294,470,"10","2",TRUE
"AACTTTCTCAAACCAC-r17","Slingshot_PCA_rooted",5.1474096436217,160,"2","2",TRUE
"AACTTTCTCAGCAACT-r17","Slingshot_PCA_rooted",2.55298356622931,170,"2","2",TRUE
"AACTTTCTCCTATGTT-r17","Slingshot_PCA_rooted",40.9031604399121,450,"1","2",TRUE
"AAGACCTCATGGAATA-r17","Slingshot_PCA_rooted",34.4298022002091,405,"11","2",TRUE
"AAGCCGCAGGTGCAAC-r17","Slingshot_PCA_rooted",2.50820327408813,180,"2","2",TRUE
"AAGCCGCGTCCCTTGT-r17","Slingshot_PCA_rooted",6.19815526624053,180,"2","2",TRUE
"AAGTCTGCAGATAATG-r17","Slingshot_PCA_rooted",12.9552509992611,260,"7","2",TRUE
"AATCCAGCAACACGCC-r17","Slingshot_PCA_rooted",6.28764087002166,200,"2","2",TRUE
"AATCGGTAGATGTAAC-r17","Slingshot_PCA_rooted",10.4946851072892,235,"2","2",TRUE
"AATCGGTCACAAGTAA-r17","Slingshot_PCA_rooted",26.8423248840644,380,"5","2",TRUE
"ACACCCTGTCCAGTGC-r17","Slingshot_PCA_rooted",5.7458286676425,240,"2","2",TRUE
"ACACCCTTCTAACTGG-r17","Slingshot_PCA_rooted",26.8721570986634,405,"9","2",TRUE
"ACACTGAGTTCGGGCT-r17","Slingshot_PCA_rooted",12.2746960333815,620,"2","2",TRUE
"ACAGCCGAGAGTGAGA-r17","Slingshot_PCA_rooted",45.2414875989279,490,"15","2",TRUE
"ACAGCTAAGCGATTCT-r17","Slingshot_PCA_rooted",44.8443488771033,500,"1","2",TRUE
"ACAGCTAGTCTCCACT-r17","Slingshot_PCA_rooted",4.01593756661114,170,"2","2",TRUE
"ACAGCTATCATCGATG-r17","Slingshot_PCA_rooted",14.8118773319235,300,"8","2",TRUE
"ACATACGGTAAAGTCA-r17","Slingshot_PCA_rooted",49.5957316253878,585,"16","2",TRUE
"ACCAGTAGTAGCCTAT-r17","Slingshot_PCA_rooted",16.6697252326745,320,"1","2",TRUE
"ACCCACTGTGAAAGAG-r17","Slingshot_PCA_rooted",22.0555536291651,350,"10","2",TRUE
"ACGAGCCGTCAAACTC-r17","Slingshot_PCA_rooted",1.37840157357211,170,"2","2",TRUE
"ACGATACAGACTACAA-r17","Slingshot_PCA_rooted",23.308828948732,360,"4","2",TRUE
"ACGATACTCCAAAGTC-r17","Slingshot_PCA_rooted",15.3576249007644,260,"8","2",TRUE
"ACGATGTGTTCCCGAG-r17","Slingshot_PCA_rooted",39.3061836190161,450,"10","2",TRUE
"ACGCAGCAGTTAAGTG-r17","Slingshot_PCA_rooted",28.2712774530973,390,"5","2",TRUE
"ACGCCAGAGTTGAGAT-r17","Slingshot_PCA_rooted",4.18603429962403,160,"2","2",TRUE
"ACGCCGACATACAGCT-r17","Slingshot_PCA_rooted",11.8197107192534,260,"2","2",TRUE
"ACGGAGAAGTGTGAAT-r17","Slingshot_PCA_rooted",12.7552764756214,230,"3","2",TRUE
"ACGGGCTTCTTGAGGT-r17","Slingshot_PCA_rooted",29.425913696873,550,"5","2",TRUE
"ACTATCTGTCTTGTCC-r17","Slingshot_PCA_rooted",7.57825067612834,190,"2","2",TRUE
"ACTGAACTCGTCACGG-r17","Slingshot_PCA_rooted",4.39402085006285,170,"2","2",TRUE
"ACTGAGTCAAACAACA-r17","Slingshot_PCA_rooted",51.0009404120859,640,"11","2",TRUE
"ACTGAGTTCTTACCGC-r17","Slingshot_PCA_rooted",9.589752214102,260,"2","2",TRUE
"ACTGATGAGGCTAGAC-r17","Slingshot_PCA_rooted",16.5272649697614,230,"3","2",TRUE
"ACTGTCCAGTATCGAA-r17","Slingshot_PCA_rooted",10.8773591931476,670,"2","2",TRUE
"ACTGTCCCAGCTGGCT-r17","Slingshot_PCA_rooted",5.52760593916884,700,"2","2",TRUE
"ACTGTCCTCAAGGCTT-r17","Slingshot_PCA_rooted",11.3826542435119,265,"2","2",TRUE
"ACTTTCAAGGACGAAA-r17","Slingshot_PCA_rooted",8.24800465363755,170,"2","2",TRUE
"AGAATAGAGTGGGTTG-r17","Slingshot_PCA_rooted",9.73273220722591,220,"2","2",TRUE
"AGATCTGAGGGTGTGT-r17","Slingshot_PCA_rooted",56.8949185327914,700,"15","2",TRUE
"AGATCTGAGTGTTAGA-r17","Slingshot_PCA_rooted",5.7723859718621,170,"2","2",TRUE
"AGATCTGGTCAACTGT-r17","Slingshot_PCA_rooted",4.99792042695103,160,"2","2",TRUE
"AGATCTGGTCGCGTGT-r17","Slingshot_PCA_rooted",11.9023760251133,260,"3","2",TRUE
"AGATTGCTCCATGAAC-r17","Slingshot_PCA_rooted",6.41647480528525,165,"2","2",TRUE
"AGCAGCCGTAAACACA-r17","Slingshot_PCA_rooted",15.5227036056044,260,"6","2",TRUE
"AGCATACGTAGGGACT-r17","Slingshot_PCA_rooted",13.7388120458791,360,"2","2",TRUE
"AGCATACGTATCTGCA-r17","Slingshot_PCA_rooted",6.06912551316991,200,"2","2",TRUE
"AGCCTAAAGCGATGAC-r17","Slingshot_PCA_rooted",17.832121177782,300,"9","2",TRUE
"AGCGGTCGTGTCGCTG-r17","Slingshot_PCA_rooted",14.3704904378453,630,"2","2",TRUE
"AGCGTATCAATTGCTG-r17","Slingshot_PCA_rooted",14.9176578207585,300,"10","2",TRUE
"AGCTTGAAGTCCTCCT-r17","Slingshot_PCA_rooted",40.3461680315709,450,"10","2",TRUE
"AGCTTGAGTCCATGAT-r17","Slingshot_PCA_rooted",2.75132348923393,160,"2","2",TRUE
"AGGCCACCACAGCGTC-r17","Slingshot_PCA_rooted",14.038871024034,230,"2","2",TRUE
"AGGCCACGTACCAGTT-r17","Slingshot_PCA_rooted",19.1367449067586,360,"4","2",TRUE
"AGGCCACTCGGAAATA-r17","Slingshot_PCA_rooted",15.2599886445703,260,"7","2",TRUE
"AGGGAGTGTACATGTC-r17","Slingshot_PCA_rooted",16.382778961718,220,"3","2",TRUE
"AGGTCATAGATGTAAC-r17","Slingshot_PCA_rooted",23.9899838275301,290,"3","2",TRUE
"AGTAGTCGTAAACCTC-r17","Slingshot_PCA_rooted",6.36973424781994,185,"2","2",TRUE
"AGTCTTTAGTACATGA-r17","Slingshot_PCA_rooted",26.7185543033362,350,"11","2",TRUE
"AGTGGGAAGCCAGAAC-r17","Slingshot_PCA_rooted",15.1376467262461,260,"8","2",TRUE
"AGTGTCATCTTACCTA-r17","Slingshot_PCA_rooted",12.3102513483586,230,"2","2",TRUE
"ATAACGCGTTCCACTC-r17","Slingshot_PCA_rooted",5.04297959418663,170,"2","2",TRUE
"ATAACGCGTTGTGGCC-r17","Slingshot_PCA_rooted",12.5379977915768,270,"2","2",TRUE
"ATAAGAGAGTGAATTG-r17","Slingshot_PCA_rooted",6.59266659153751,200,"2","2",TRUE
"ATAAGAGCACATGACT-r17","Slingshot_PCA_rooted",5.81630542685218,175,"2","2",TRUE
"ATAGACCGTTGTCGCG-r17","Slingshot_PCA_rooted",13.0988497595877,225,"2","2",TRUE
"ATAGACCTCGTCACGG-r17","Slingshot_PCA_rooted",15.7874646670766,260,"3","2",TRUE
"ATCACGAGTGAGTGAC-r17","Slingshot_PCA_rooted",3.81244352778661,165,"2","2",TRUE
"ATCACGATCAACACTG-r17","Slingshot_PCA_rooted",11.7789017705688,230,"3","2",TRUE
"ATCATCTGTTACAGAA-r17","Slingshot_PCA_rooted",26.3957062999527,390,"9","2",TRUE
"ATCCACCTCACGCATA-r17","Slingshot_PCA_rooted",13.4946934370401,260,"2","2",TRUE
"ATCCGAAAGCTAAACA-r17","Slingshot_PCA_rooted",10.0536629185823,220,"2","2",TRUE
"ATCTACTCAACTGCTA-r17","Slingshot_PCA_rooted",36.6477497480734,410,"10","2",TRUE
"ATCTACTCAGTCACTA-r17","Slingshot_PCA_rooted",5.23188325234814,170,"2","2",TRUE
"ATCTGCCAGCGCCTTG-r17","Slingshot_PCA_rooted",44.9369425634454,700,"16","2",TRUE
"ATCTGCCAGTAAGTAC-r17","Slingshot_PCA_rooted",12.8315415817367,260,"7","2",TRUE
"ATCTGCCGTATCACCA-r17","Slingshot_PCA_rooted",13.3396011491787,310,"6","2",TRUE
"ATGAGGGCAGGACCCT-r17","Slingshot_PCA_rooted",1.94675374021932,160,"2","2",TRUE
"ATGGGAGAGATAGTCA-r17","Slingshot_PCA_rooted",58.2618728912228,640,"1","2",TRUE
"ATGGGAGCAATCTGCA-r17","Slingshot_PCA_rooted",36.3051439341546,450,"5","2",TRUE
"ATGGGAGCAGATGAGC-r17","Slingshot_PCA_rooted",4.28519988070293,165,"2","2",TRUE
"ATTACTCAGGGCATGT-r17","Slingshot_PCA_rooted",9.786993859317,260,"2","2",TRUE
"ATTCTACAGTCATGCT-r17","Slingshot_PCA_rooted",13.8901439086645,265,"3","2",TRUE
"ATTCTACGTCATATCG-r17","Slingshot_PCA_rooted",2.51106394117355,170,"2","2",TRUE
"ATTCTACGTGATGTGG-r17","Slingshot_PCA_rooted",13.2891339276695,280,"7","2",TRUE
"ATTCTACGTTCCGTCT-r17","Slingshot_PCA_rooted",4.33035528419948,170,"2","2",TRUE
"ATTGGACTCTCTAGGA-r17","Slingshot_PCA_rooted",4.49320443479505,170,"2","2",TRUE
"ATTGGTGCACTGTGTA-r17","Slingshot_PCA_rooted",5.05741969621834,185,"2","2",TRUE
"ATTTCTGCAAGTTGTC-r17","Slingshot_PCA_rooted",31.5438164292287,425,"5","2",TRUE
"ATTTCTGGTAGGGTAC-r17","Slingshot_PCA_rooted",33.5944230838036,420,"5","2",TRUE
"CAACTAGAGCTGGAAC-r17","Slingshot_PCA_rooted",22.8717644270502,380,"5","2",TRUE
"CAACTAGTCAAACGGG-r17","Slingshot_PCA_rooted",32.8748910784771,425,"5","2",TRUE
"CAACTAGTCAGTCAGT-r17","Slingshot_PCA_rooted",5.35811004395304,170,"2","2",TRUE
"CAAGAAATCCAGTAGT-r17","Slingshot_PCA_rooted",14.2787356543458,225,"3","2",TRUE
"CAAGATCTCTTTAGGG-r17","Slingshot_PCA_rooted",21.4541290366039,270,"6","2",TRUE
"CAAGGCCGTCAATACC-r17","Slingshot_PCA_rooted",17.510638525283,490,"5","2",TRUE
"CAAGGCCGTCCGACGT-r17","Slingshot_PCA_rooted",11.9350392579473,290,"2","2",TRUE
"CAAGTTGCATTGCGGC-r17","Slingshot_PCA_rooted",10.2854936439679,215,"2","2",TRUE
"CACAAACGTGATGTGG-r17","Slingshot_PCA_rooted",12.0534595391226,210,"2","2",TRUE
"CACAAACTCGACAGCC-r17","Slingshot_PCA_rooted",14.7684530210672,300,"8","2",TRUE
"CACACAAAGAGGACGG-r17","Slingshot_PCA_rooted",43.7892716879846,630,"4","2",TRUE
"CACACAACAGCGTCCA-r17","Slingshot_PCA_rooted",6.52664234918036,170,"2","2",TRUE
"CACCTTGAGGAGTTGC-r17","Slingshot_PCA_rooted",47.8215240383675,550,"1","2",TRUE
"CACTCCAGTCTCATCC-r17","Slingshot_PCA_rooted",23.1599553031492,390,"5","2",TRUE
"CACTCCATCCTGCTTG-r17","Slingshot_PCA_rooted",23.6652321448506,380,"9","2",TRUE
"CAGAATCGTCGAGATG-r17","Slingshot_PCA_rooted",4.75325179549832,170,"2","2",TRUE
"CAGCAGCAGGGCTTGA-r17","Slingshot_PCA_rooted",43.6508373287438,550,"16","2",TRUE
"CAGCAGCTCATGTCTT-r17","Slingshot_PCA_rooted",2.15275915122977,170,"2","2",TRUE
"CAGCAGCTCCAAGCCG-r17","Slingshot_PCA_rooted",43.25771242999,500,"1","2",TRUE
"CAGCAGCTCTGGTATG-r17","Slingshot_PCA_rooted",34.3694887060769,435,"14","2",TRUE
"CAGCATAAGCCTATGT-r17","Slingshot_PCA_rooted",34.9156566336954,415,"10","2",TRUE
"CAGCATAGTAGCTCCG-r17","Slingshot_PCA_rooted",5.70486847079891,230,"2","2",TRUE
"CAGCATATCTGTCCGT-r17","Slingshot_PCA_rooted",7.46322597699407,170,"2","2",TRUE
"CAGCGACGTGGTAACG-r17","Slingshot_PCA_rooted",3.75044037854991,170,"2","2",TRUE
"CAGCTAACATTCACTT-r17","Slingshot_PCA_rooted",6.9106966867314,170,"2","2",TRUE
"CAGCTAAGTGCACTTA-r17","Slingshot_PCA_rooted",10.1601990732677,220,"2","2",TRUE
"CAGTAACCACGAGGTA-r17","Slingshot_PCA_rooted",39.8389213795554,490,"10","2",TRUE
"CAGTAACGTCCCTTGT-r17","Slingshot_PCA_rooted",4.22418721387981,160,"2","2",TRUE
"CAGTCCTCAAACGCGA-r17","Slingshot_PCA_rooted",10.6326208935511,210,"2","2",TRUE
"CAGTCCTCATTCCTGC-r17","Slingshot_PCA_rooted",30.6665331552327,390,"5","2",TRUE
"CATATGGCAGACAAAT-r17","Slingshot_PCA_rooted",15.2904465194188,325,"4","2",TRUE
"CATATGGGTATTCGTG-r17","Slingshot_PCA_rooted",0.996874179177203,170,"2","2",TRUE
"CATATGGGTGCGCTTG-r17","Slingshot_PCA_rooted",52.5987173074234,670,"15","2",TRUE
"CATATTCAGCTAGGCA-r17","Slingshot_PCA_rooted",3.28305780808709,170,"2","2",TRUE
"CATATTCGTTGGGACA-r17","Slingshot_PCA_rooted",23.88265865856,360,"4","2",TRUE
"CATATTCTCATGTGGT-r17","Slingshot_PCA_rooted",27.1112369992015,390,"5","2",TRUE
"CATCAAGAGAACAACT-r17","Slingshot_PCA_rooted",14.5390239357768,670,"2","2",TRUE
"CATCAAGCAGTGGGAT-r17","Slingshot_PCA_rooted",10.1446375743511,230,"2","2",TRUE
"CATCAAGTCTACTCAT-r17","Slingshot_PCA_rooted",33.2241052864017,450,"5","2",TRUE
"CATCAGAAGATGTAAC-r17","Slingshot_PCA_rooted",10.4318192748538,240,"2","2",TRUE
"CATCAGAGTTCGGGCT-r17","Slingshot_PCA_rooted",41.6913148353719,490,"15","2",TRUE
"CATCCACCATCCGTGG-r17","Slingshot_PCA_rooted",30.3236265459277,290,"7","2",TRUE
"CATCGAAAGAATAGGG-r17","Slingshot_PCA_rooted",9.14424919431389,200,"2","2",TRUE
"CATGACATCTTCAACT-r17","Slingshot_PCA_rooted",12.1236825620728,290,"2","2",TRUE
"CATGCCTAGAAGCCCA-r17","Slingshot_PCA_rooted",14.7450544677342,245,"3","2",TRUE
"CATGGCGAGTCGATAA-r17","Slingshot_PCA_rooted",26.8663685401412,220,"3","2",TRUE
"CATTATCAGAAGCCCA-r17","Slingshot_PCA_rooted",11.3461110771675,245,"2","2",TRUE
"CATTCGCCAAGCGTAG-r17","Slingshot_PCA_rooted",11.9601528501673,260,"2","2",TRUE
"CATTCGCCACATCCGG-r17","Slingshot_PCA_rooted",2.9842622551127,160,"2","2",TRUE
"CATTCGCTCGCCGTGA-r17","Slingshot_PCA_rooted",11.2252987209142,245,"2","2",TRUE
"CCAATCCAGGTGGGTT-r17","Slingshot_PCA_rooted",4.26180261349821,160,"2","2",TRUE
"CCACCTACATCACAAC-r17","Slingshot_PCA_rooted",5.37295496365912,160,"2","2",TRUE
"CCACCTATCGCGCCAA-r17","Slingshot_PCA_rooted",23.7764304145495,390,"5","2",TRUE
"CCACGGAAGGACGAAA-r17","Slingshot_PCA_rooted",36.0029107318181,425,"14","2",TRUE
"CCACGGAGTGATAAAC-r17","Slingshot_PCA_rooted",10.4455590527694,160,"2","2",TRUE
"CCATGTCAGCTAGTTC-r17","Slingshot_PCA_rooted",45.3100775615146,620,"16","2",TRUE
"CCATGTCTCGATGAGG-r17","Slingshot_PCA_rooted",9.96676527303034,265,"2","2",TRUE
"CCATTCGCATTGGCGC-r17","Slingshot_PCA_rooted",10.110716998162,205,"8","2",TRUE
"CCATTCGTCTTGCCGT-r17","Slingshot_PCA_rooted",29.7537194253248,265,"3","2",TRUE
"CCCAATCTCCTGCTTG-r17","Slingshot_PCA_rooted",7.15850372763453,630,"2","2",TRUE
"CCCTCCTAGTATCGAA-r17","Slingshot_PCA_rooted",12.0112351803988,230,"2","2",TRUE
"CCCTCCTTCTACTCAT-r17","Slingshot_PCA_rooted",4.12429594747215,160,"2","2",TRUE
"CCGGGATCAAGCGATG-r17","Slingshot_PCA_rooted",8.61276183274566,200,"2","2",TRUE
"CCGTACTGTGACTACT-r17","Slingshot_PCA_rooted",16.7349847829771,245,"3","2",TRUE
"CCGTTCATCACGAAGG-r17","Slingshot_PCA_rooted",1.31998225906562,170,"2","2",TRUE
"CCTAGCTTCTTAGCCC-r17","Slingshot_PCA_rooted",47.3435241466409,620,"13","2",TRUE
"CCTATTACACCAACCG-r17","Slingshot_PCA_rooted",39.3901888861401,500,"16","2",TRUE
"CCTCAGTTCTGATACG-r17","Slingshot_PCA_rooted",12.2723857163916,230,"3","2",TRUE
"CCTCTGAGTACAGCAG-r17","Slingshot_PCA_rooted",33.9036429067795,420,"5","2",TRUE
"CCTCTGAGTCTCACCT-r17","Slingshot_PCA_rooted",35.9530270005961,420,"5","2",TRUE
"CCTTACGCAGACAGGT-r17","Slingshot_PCA_rooted",38.3450284514623,405,"1","2",TRUE
"CCTTCCCGTACAGTTC-r17","Slingshot_PCA_rooted",3.9317361427223,160,"2","2",TRUE
"CCTTCGACATTGCGGC-r17","Slingshot_PCA_rooted",3.93210734194759,210,"2","2",TRUE
"CCTTTCTAGACGCTTT-r17","Slingshot_PCA_rooted",38.6163141430177,440,"13","2",TRUE
"CGAACATGTCCCGACA-r17","Slingshot_PCA_rooted",13.3579597108523,260,"3","2",TRUE
"CGAATGTCAAACGTGG-r17","Slingshot_PCA_rooted",16.5567425660975,300,"10","2",TRUE
"CGAATGTGTTCTGTTT-r17","Slingshot_PCA_rooted",13.7384816706838,290,"4","2",TRUE
"CGAATGTTCTTGCAAG-r17","Slingshot_PCA_rooted",5.06771535607872,165,"2","2",TRUE
"CGACCTTAGGCTCAGA-r17","Slingshot_PCA_rooted",3.53160836047403,170,"2","2",TRUE
"CGACCTTAGTGACATA-r17","Slingshot_PCA_rooted",43.4039482014436,500,"1","2",TRUE
"CGACCTTTCAACGCTA-r17","Slingshot_PCA_rooted",30.5744101245941,395,"5","2",TRUE
"CGACTTCTCGTGGTCG-r17","Slingshot_PCA_rooted",2.85359869433635,165,"2","2",TRUE
"CGAGAAGTCGGATGTT-r17","Slingshot_PCA_rooted",50.1153658841559,640,"13","2",TRUE
"CGAGCACAGAGTACAT-r17","Slingshot_PCA_rooted",31.0942709408546,390,"5","2",TRUE
"CGAGCCAAGCACACAG-r17","Slingshot_PCA_rooted",47.7080230362492,620,"10","2",TRUE
"CGAGCCATCGGTCCGA-r17","Slingshot_PCA_rooted",25.2723998849321,370,"4","2",TRUE
"CGAGCCATCTACTTAC-r17","Slingshot_PCA_rooted",59.1079292266989,700,"1","2",TRUE
"CGATCGGGTAGCTCCG-r17","Slingshot_PCA_rooted",5.71858269561136,170,"2","2",TRUE
"CGATTGATCAGGTTCA-r17","Slingshot_PCA_rooted",17.2733751854269,310,"5","2",TRUE
"CGATTGATCGATGAGG-r17","Slingshot_PCA_rooted",13.5155413281008,330,"2","2",TRUE
"CGCCAAGAGTTCGCAT-r17","Slingshot_PCA_rooted",29.9172547874751,410,"5","2",TRUE
"CGCCAAGCAAATACAG-r17","Slingshot_PCA_rooted",8.04318019071505,170,"2","2",TRUE
"CGCCAAGGTAGAGGAA-r17","Slingshot_PCA_rooted",41.6287403008025,435,"13","2",TRUE
"CGCGTTTTCAGTTGAC-r17","Slingshot_PCA_rooted",9.20850835392042,215,"2","2",TRUE
"CGCGTTTTCTAGCACA-r17","Slingshot_PCA_rooted",16.0125299030215,300,"9","2",TRUE
"CGCTATCCACACTGCG-r17","Slingshot_PCA_rooted",34.2516904630433,425,"5","2",TRUE
"CGCTATCGTCTAACGT-r17","Slingshot_PCA_rooted",23.1589827697637,360,"4","2",TRUE
"CGCTATCGTTCAGACT-r17","Slingshot_PCA_rooted",38.1242237565812,450,"10","2",TRUE
"CGCTGGATCGGCTACG-r17","Slingshot_PCA_rooted",9.80061620114067,260,"2","2",TRUE
"CGCTTCACACCATGTA-r17","Slingshot_PCA_rooted",41.7021068052982,440,"15","2",TRUE
"CGCTTCATCTGTCAAG-r17","Slingshot_PCA_rooted",13.7729777481458,550,"4","2",TRUE
"CGGACACAGAGCTGGT-r17","Slingshot_PCA_rooted",43.2465683769376,490,"10","2",TRUE
"CGGACACCACAGTCGC-r17","Slingshot_PCA_rooted",23.3239070510233,360,"10","2",TRUE
"CGGACGTAGGCCATAG-r17","Slingshot_PCA_rooted",11.1961070272777,260,"2","2",TRUE
"CGGACTGCATTGAGCT-r17","Slingshot_PCA_rooted",34.3064574914583,450,"4","2",TRUE
"CGGACTGGTAAGTGGC-r17","Slingshot_PCA_rooted",35.8900711869476,415,"10","2",TRUE
"CGGACTGGTGGACGAT-r17","Slingshot_PCA_rooted",11.2663253662044,200,"8","2",TRUE
"CGGAGCTAGGGTATCG-r17","Slingshot_PCA_rooted",5.05699995881197,165,"2","2",TRUE
"CGGAGCTTCGGTCCGA-r17","Slingshot_PCA_rooted",5.77423914813632,160,"2","2",TRUE
"CGGCTAGCATCAGTAC-r17","Slingshot_PCA_rooted",11.8285396336254,260,"8","2",TRUE
"CGGTTAAAGTCAAGGC-r17","Slingshot_PCA_rooted",13.0143413235188,265,"7","2",TRUE
"CGGTTAATCACTCCTG-r17","Slingshot_PCA_rooted",12.3700606850784,225,"2","2",TRUE
"CGTAGGCAGGTGATTA-r17","Slingshot_PCA_rooted",23.0155218796297,375,"10","2",TRUE
"CGTAGGCGTGTTGAGG-r17","Slingshot_PCA_rooted",4.7457750949895,170,"2","2",TRUE
"CGTCACTAGTGCGATG-r17","Slingshot_PCA_rooted",10.6235063369762,245,"2","2",TRUE
"CGTCACTAGTGTCTCA-r17","Slingshot_PCA_rooted",13.0557764448625,225,"3","2",TRUE
"CGTCAGGTCGCTAGCG-r17","Slingshot_PCA_rooted",6.92763559022936,300,"2","2",TRUE
"CGTCTACCACCAACCG-r17","Slingshot_PCA_rooted",14.5322606364064,390,"2","2",TRUE
"CGTGAGCAGTCTCGGC-r17","Slingshot_PCA_rooted",7.91720730515406,190,"2","2",TRUE
"CGTGAGCCAAACGTGG-r17","Slingshot_PCA_rooted",11.395597197041,225,"2","2",TRUE
"CGTTCTGAGCTAAGAT-r17","Slingshot_PCA_rooted",7.25000083297169,175,"2","2",TRUE
"CGTTCTGCATGTCTCC-r17","Slingshot_PCA_rooted",3.61409450566969,190,"2","2",TRUE
"CGTTGGGAGTTGCAGG-r17","Slingshot_PCA_rooted",2.98267570706454,170,"2","2",TRUE
"CGTTGGGCACCGATAT-r17","Slingshot_PCA_rooted",14.963383876218,310,"2","2",TRUE
"CTAAGACGTCACAAGG-r17","Slingshot_PCA_rooted",2.9642066150687,160,"2","2",TRUE
"CTAATGGAGCCAACAG-r17","Slingshot_PCA_rooted",6.52882517675444,500,"2","2",TRUE
"CTAATGGCACGTAAGG-r17","Slingshot_PCA_rooted",17.0318749950885,260,"3","2",TRUE
"CTACACCAGCATGGCA-r17","Slingshot_PCA_rooted",14.7684530210672,300,"8","2",TRUE
"CTACGTCGTGGGTCAA-r17","Slingshot_PCA_rooted",37.9905902114638,420,"1","2",TRUE
"CTCACACGTACTCTCC-r17","Slingshot_PCA_rooted",11.5794177033565,280,"2","2",TRUE
"CTCAGAAAGCTACCGC-r17","Slingshot_PCA_rooted",19.2768799848827,435,"5","2",TRUE
"CTCGAAAGTCACCTAA-r17","Slingshot_PCA_rooted",4.63677886684624,165,"2","2",TRUE
"CTCGAAATCACTCCTG-r17","Slingshot_PCA_rooted",2.7989886361331,165,"2","2",TRUE
"CTCGGAGAGCCAACAG-r17","Slingshot_PCA_rooted",11.385327532132,300,"2","2",TRUE
"CTCGGGAAGCCGATTT-r17","Slingshot_PCA_rooted",23.1279254638456,380,"9","2",TRUE
"CTCGTACGTTGACGTT-r17","Slingshot_PCA_rooted",20.6160707064273,350,"5","2",TRUE
"CTCGTACTCTCGTATT-r17","Slingshot_PCA_rooted",13.3566208181844,260,"8","2",TRUE
"CTCGTCAAGCGATAGC-r17","Slingshot_PCA_rooted",12.5569989048193,260,"2","2",TRUE
"CTCTAATAGTCCGTAT-r17","Slingshot_PCA_rooted",23.0890091192542,360,"4","2",TRUE
"CTCTACGTCCTGCTTG-r17","Slingshot_PCA_rooted",4.59947657622902,165,"2","2",TRUE
"CTCTGGTCATGCCACG-r17","Slingshot_PCA_rooted",4.17972775205198,170,"2","2",TRUE
"CTCTGGTGTAGGCATG-r17","Slingshot_PCA_rooted",1.91490642511834,175,"2","2",TRUE
"CTCTGGTTCCAGGGCT-r17","Slingshot_PCA_rooted",15.9034128416097,265,"2","2",TRUE
"CTGAAACCACATGTGT-r17","Slingshot_PCA_rooted",9.04129457983518,550,"2","2",TRUE
"CTGAAACCATATGCTG-r17","Slingshot_PCA_rooted",21.7996152388286,390,"5","2",TRUE
"CTGAAGTTCGTACCGG-r17","Slingshot_PCA_rooted",24.4798070769625,380,"9","2",TRUE
"CTGATAGAGCGTAATA-r17","Slingshot_PCA_rooted",4.14326534373618,160,"2","2",TRUE
"CTGATAGCACGCGAAA-r17","Slingshot_PCA_rooted",11.8455539035991,220,"2","2",TRUE
"CTGATAGCAGGCTGAA-r17","Slingshot_PCA_rooted",26.001803457247,245,"3","2",TRUE
"CTGCGGAAGTAAGTAC-r17","Slingshot_PCA_rooted",5.85540839433639,205,"2","2",TRUE
"CTGGTCTGTAATCGTC-r17","Slingshot_PCA_rooted",40.8725737577347,440,"11","2",TRUE
"CTGTGCTCATCACGAT-r17","Slingshot_PCA_rooted",8.15829943779752,260,"2","2",TRUE
"CTGTTTATCACTCCTG-r17","Slingshot_PCA_rooted",11.7877322689289,245,"2","2",TRUE
"CTTAACTCAAGCCGCT-r17","Slingshot_PCA_rooted",2.07415880079063,160,"2","2",TRUE
"CTTAACTTCCTAGGGC-r17","Slingshot_PCA_rooted",3.12901089557313,185,"2","2",TRUE
"CTTACCGAGGGTATCG-r17","Slingshot_PCA_rooted",10.7347157421726,200,"2","2",TRUE
"CTTAGGAAGGAGCGTT-r17","Slingshot_PCA_rooted",29.7608782238921,380,"5","2",TRUE
"CTTAGGATCCTTGCCA-r17","Slingshot_PCA_rooted",14.9070990608416,530,"2","2",TRUE
"CTTAGGATCGCGGATC-r17","Slingshot_PCA_rooted",20.772958929826,370,"5","2",TRUE
"CTTGGCTTCAACTCTT-r17","Slingshot_PCA_rooted",19.6327494986041,455,"5","2",TRUE
"CTTTGCGTCAGTTAGC-r17","Slingshot_PCA_rooted",4.1425284033147,190,"2","2",TRUE
"GAAACTCAGGTGGGTT-r17","Slingshot_PCA_rooted",26.7650175970731,380,"5","2",TRUE
"GAAATGAAGGGTTTCT-r17","Slingshot_PCA_rooted",39.9716240722126,450,"11","2",TRUE
"GAAATGACATAGACTC-r17","Slingshot_PCA_rooted",25.5547502816903,260,"3","2",TRUE
"GAAGCAGCACGTGAGA-r17","Slingshot_PCA_rooted",18.3940277406606,450,"5","2",TRUE
"GACACGCGTAGAAGGA-r17","Slingshot_PCA_rooted",21.1621292460261,345,"1","2",TRUE
"GACAGAGGTGCGCTTG-r17","Slingshot_PCA_rooted",55.1565607805847,700,"11","2",TRUE
"GACCAATTCACTGGGC-r17","Slingshot_PCA_rooted",24.4296308652676,365,"5","2",TRUE
"GACGCGTCATTAGCCA-r17","Slingshot_PCA_rooted",26.6196442192925,365,"4","2",TRUE
"GACGTGCCACATTTCT-r17","Slingshot_PCA_rooted",3.3445175178289,170,"2","2",TRUE
"GACGTTACATTCGACA-r17","Slingshot_PCA_rooted",5.28045340092461,210,"2","2",TRUE
"GACGTTAGTCTGATTG-r17","Slingshot_PCA_rooted",16.6050776131753,370,"5","2",TRUE
"GACTAACCAAGCTGGA-r17","Slingshot_PCA_rooted",6.85832458375933,190,"2","2",TRUE
"GACTAACGTTCGGGCT-r17","Slingshot_PCA_rooted",13.8806785169533,640,"2","2",TRUE
"GACTACAAGCCACCTG-r17","Slingshot_PCA_rooted",52.7033357072216,620,"15","2",TRUE
"GACTACATCAATAAGG-r17","Slingshot_PCA_rooted",15.4611703417669,420,"2","2",TRUE
"GAGGTGAGTCATATCG-r17","Slingshot_PCA_rooted",34.7963541751938,380,"11","2",TRUE
"GAGTCCGAGACAGAGA-r17","Slingshot_PCA_rooted",3.94599297576282,160,"2","2",TRUE
"GATCAGTTCAACGGCC-r17","Slingshot_PCA_rooted",18.8145063518502,450,"5","2",TRUE
"GATCGCGAGTGCTGCC-r17","Slingshot_PCA_rooted",5.61028487368683,170,"2","2",TRUE
"GATCGCGTCAGCCTAA-r17","Slingshot_PCA_rooted",48.3579481790834,620,"9","2",TRUE
"GATCGTAAGCGTAGTG-r17","Slingshot_PCA_rooted",11.4079745706223,270,"2","2",TRUE
"GATCGTAAGGACACCA-r17","Slingshot_PCA_rooted",7.52080474921443,200,"2","2",TRUE
"GATGAAAGTAAATGTG-r17","Slingshot_PCA_rooted",13.6753623736147,520,"2","2",TRUE
"GATGAAAGTCACTTCC-r17","Slingshot_PCA_rooted",5.49441060795549,170,"2","2",TRUE
"GATGAAAGTGCGATAG-r17","Slingshot_PCA_rooted",7.97600336989654,170,"2","2",TRUE
"GATGAGGTCGGTGTCG-r17","Slingshot_PCA_rooted",13.6641408580121,245,"2","2",TRUE
"GATTCAGTCATGTAGC-r17","Slingshot_PCA_rooted",12.5875354162895,210,"2","2",TRUE
"GCACATACATCCCATC-r17","Slingshot_PCA_rooted",4.70737555940817,175,"2","2",TRUE
"GCACTCTCACCTCGTT-r17","Slingshot_PCA_rooted",3.550526279461,175,"2","2",TRUE
"GCAGCCAAGAATTGTG-r17","Slingshot_PCA_rooted",45.0873925596625,550,"11","2",TRUE
"GCAGCCAAGGGAGTAA-r17","Slingshot_PCA_rooted",29.7829393911179,620,"5","2",TRUE
"GCAGCCAGTACATGTC-r17","Slingshot_PCA_rooted",45.764044137915,490,"11","2",TRUE
"GCATGATGTGCTGTAT-r17","Slingshot_PCA_rooted",11.15846877067,260,"2","2",TRUE
"GCATGTAAGTGGGCTA-r17","Slingshot_PCA_rooted",11.2132566526341,235,"2","2",TRUE
"GCCTCTATCGCGCCAA-r17","Slingshot_PCA_rooted",40.1863294136099,490,"10","2",TRUE
"GCGCAACAGAATGTGT-r17","Slingshot_PCA_rooted",20.9598795753674,360,"4","2",TRUE
"GCGCGATGTAACGCGA-r17","Slingshot_PCA_rooted",12.6261098168642,265,"2","2",TRUE
"GCGCGATGTGTGGTTT-r17","Slingshot_PCA_rooted",18.4451466595423,345,"5","2",TRUE
"GCGGGTTAGCGACGTA-r17","Slingshot_PCA_rooted",6.95211655427515,170,"2","2",TRUE
"GCGGGTTCATGTAAGA-r17","Slingshot_PCA_rooted",10.9847637108164,260,"2","2",TRUE
"GCGGGTTTCAACGGCC-r17","Slingshot_PCA_rooted",33.6385821731427,415,"13","2",TRUE
"GCTCCTAAGTTAACGA-r17","Slingshot_PCA_rooted",5.9110833386977,190,"2","2",TRUE
"GCTCCTAGTAAATGAC-r17","Slingshot_PCA_rooted",4.70419327053998,160,"2","2",TRUE
"GCTCTGTAGAAGGTTT-r17","Slingshot_PCA_rooted",6.82573642430669,180,"2","2",TRUE
"GCTGCGATCGGAATCT-r17","Slingshot_PCA_rooted",4.906971607417,200,"2","2",TRUE
"GCTTGAATCTCTAAGG-r17","Slingshot_PCA_rooted",13.8744855827253,290,"4","2",TRUE
"GGAACTTGTTAAAGTG-r17","Slingshot_PCA_rooted",41.3876397791879,490,"5","2",TRUE
"GGAACTTGTTGCGTTA-r17","Slingshot_PCA_rooted",43.8526349677848,520,"11","2",TRUE
"GGAATAAAGTATTGGA-r17","Slingshot_PCA_rooted",14.730757225273,275,"6","2",TRUE
"GGACAAGAGGCCCTTG-r17","Slingshot_PCA_rooted",3.0011019251444,170,"2","2",TRUE
"GGACAAGCACTGTCGG-r17","Slingshot_PCA_rooted",13.7191909006485,225,"3","2",TRUE
"GGACAGAAGCTAGTCT-r17","Slingshot_PCA_rooted",4.15954711243463,160,"2","2",TRUE
"GGACATTCAAAGGCGT-r17","Slingshot_PCA_rooted",13.0791794883064,275,"2","2",TRUE
"GGACATTCACCAACCG-r17","Slingshot_PCA_rooted",42.296150545672,585,"4","2",TRUE
"GGACGTCCACTGTCGG-r17","Slingshot_PCA_rooted",48.031166013105,630,"10","2",TRUE
"GGCAATTTCACGACTA-r17","Slingshot_PCA_rooted",6.01383005294834,180,"2","2",TRUE
"GGCGACTAGCCAGTTT-r17","Slingshot_PCA_rooted",41.9644081997813,585,"4","2",TRUE
"GGCGACTGTTCAGACT-r17","Slingshot_PCA_rooted",10.4205348084788,350,"2","2",TRUE
"GGCTGGTAGGATGGTC-r17","Slingshot_PCA_rooted",3.53021478943082,165,"2","2",TRUE
"GGGAATGAGCCGGTAA-r17","Slingshot_PCA_rooted",20.9126461640732,700,"5","2",TRUE
"GGGACCTTCCTGCTTG-r17","Slingshot_PCA_rooted",12.404560204392,230,"3","2",TRUE
"GGGATGATCTTCATGT-r17","Slingshot_PCA_rooted",22.4250884305745,300,"5","2",TRUE
"GGGCACTAGCTATGCT-r17","Slingshot_PCA_rooted",24.2907893343507,280,"4","2",TRUE
"GGGCACTTCGGTCTAA-r17","Slingshot_PCA_rooted",6.56534597795769,170,"2","2",TRUE
"GGGTCTGGTTGAGTTC-r17","Slingshot_PCA_rooted",2.33062781674581,165,"2","2",TRUE
"GGGTTGCAGCGTAGTG-r17","Slingshot_PCA_rooted",13.3724715319869,550,"2","2",TRUE
"GGTATTGTCCTCCTAG-r17","Slingshot_PCA_rooted",10.2800054582328,230,"2","2",TRUE
"GGTATTGTCTCGCTTG-r17","Slingshot_PCA_rooted",36.0159224657331,435,"4","2",TRUE
"GGTGAAGAGCTAGTCT-r17","Slingshot_PCA_rooted",42.3062472122901,550,"16","2",TRUE
"GGTGCGTCAATCTGCA-r17","Slingshot_PCA_rooted",21.9699272674557,360,"1","2",TRUE
"GTAACGTAGCAAATCA-r17","Slingshot_PCA_rooted",3.9678690612029,160,"2","2",TRUE
"GTACGTATCGAGGTAG-r17","Slingshot_PCA_rooted",11.6140219842196,260,"8","2",TRUE
"GTACGTATCGCATGGC-r17","Slingshot_PCA_rooted",12.1513159669681,265,"2","2",TRUE
"GTACTCCGTTCCAACA-r17","Slingshot_PCA_rooted",24.8968413791256,390,"13","2",TRUE
"GTACTCCTCGAATGCT-r17","Slingshot_PCA_rooted",26.4100465303609,415,"5","2",TRUE
"GTACTTTCACATCCAA-r17","Slingshot_PCA_rooted",10.5505363857421,240,"2","2",TRUE
"GTACTTTGTAAGGGCT-r17","Slingshot_PCA_rooted",25.4738244591147,390,"5","2",TRUE
"GTAGGCCCACCGATAT-r17","Slingshot_PCA_rooted",23.2326340374491,385,"10","2",TRUE
"GTAGTCACAGGAATCG-r17","Slingshot_PCA_rooted",5.77385298656391,170,"2","2",TRUE
"GTATCTTAGCAAATCA-r17","Slingshot_PCA_rooted",10.3351511750233,205,"2","2",TRUE
"GTATTCTCAATAGCGG-r17","Slingshot_PCA_rooted",13.446179586559,285,"2","2",TRUE
"GTATTCTCACTCAGGC-r17","Slingshot_PCA_rooted",34.1336214250455,390,"10","2",TRUE
"GTCACAACACCTATCC-r17","Slingshot_PCA_rooted",10.2844140264527,265,"2","2",TRUE
"GTCATTTAGGCAATTA-r17","Slingshot_PCA_rooted",21.2436636024407,355,"5","2",TRUE
"GTCATTTCATTCGACA-r17","Slingshot_PCA_rooted",3.00357729258148,170,"2","2",TRUE
"GTCATTTTCCTCAATT-r17","Slingshot_PCA_rooted",38.3426862586275,490,"1","2",TRUE
"GTCTCGTCAAGCTGAG-r17","Slingshot_PCA_rooted",34.5051871338252,405,"11","2",TRUE
"GTCTTCGCACTTCGAA-r17","Slingshot_PCA_rooted",5.47437035137987,160,"2","2",TRUE
"GTGAAGGAGCTAAGAT-r17","Slingshot_PCA_rooted",4.6733268181252,170,"2","2",TRUE
"GTGAAGGAGGGCTTCC-r17","Slingshot_PCA_rooted",1.79201464878752,170,"2","2",TRUE
"GTGAAGGCAGCTGCTG-r17","Slingshot_PCA_rooted",11.0591330319555,285,"2","2",TRUE
"GTGCAGCCATCTCGCT-r17","Slingshot_PCA_rooted",39.4855905665119,450,"10","2",TRUE
"GTGCAGCGTGCAACTT-r17","Slingshot_PCA_rooted",14.6218268732975,300,"9","2",TRUE
"GTGCATAAGGAACTGC-r17","Slingshot_PCA_rooted",40.1587956741744,520,"16","2",TRUE
"GTGCGGTCATGACATC-r17","Slingshot_PCA_rooted",5.25506491800452,185,"2","2",TRUE
"GTGCTTCCAGCTGCTG-r17","Slingshot_PCA_rooted",12.6488126162636,230,"3","2",TRUE
"GTGCTTCCAGGTCGTC-r17","Slingshot_PCA_rooted",13.0138230962689,280,"2","2",TRUE
"GTGCTTCGTTCCACGG-r17","Slingshot_PCA_rooted",10.8315228746303,260,"2","2",TRUE
"GTGGGTCAGATGCCAG-r17","Slingshot_PCA_rooted",10.6374924965645,235,"2","2",TRUE
"GTGGGTCTCGTGACAT-r17","Slingshot_PCA_rooted",40.9029947975221,490,"10","2",TRUE
"GTGTTAGAGAACTCGG-r17","Slingshot_PCA_rooted",50.8615514288282,620,"14","2",TRUE
"GTTAAGCAGAAACGCC-r17","Slingshot_PCA_rooted",38.9342805891544,440,"14","2",TRUE
"GTTAAGCAGAGTTGGC-r17","Slingshot_PCA_rooted",33.5198702821458,420,"4","2",TRUE
"GTTACAGAGGGTGTGT-r17","Slingshot_PCA_rooted",16.3845229629185,330,"4","2",TRUE
"GTTACAGAGTCGTACT-r17","Slingshot_PCA_rooted",21.9693752941201,355,"5","2",TRUE
"GTTACAGGTTGGAGGT-r17","Slingshot_PCA_rooted",2.87139601498288,190,"2","2",TRUE
"GTTCATTAGCACCGTC-r17","Slingshot_PCA_rooted",18.3260471451375,260,"3","2",TRUE
"GTTCGGGTCACTGGGC-r17","Slingshot_PCA_rooted",24.6275048368867,350,"4","2",TRUE
"GTTCTCGAGAGAACAG-r17","Slingshot_PCA_rooted",42.4475703114103,585,"5","2",TRUE
"TAAACCGAGAACAATC-r17","Slingshot_PCA_rooted",39.9075757788057,450,"1","2",TRUE
"TAAGAGAAGACTGTAA-r17","Slingshot_PCA_rooted",12.547505399484,260,"8","2",TRUE
"TAAGAGAAGGCCGAAT-r17","Slingshot_PCA_rooted",12.2387715649242,275,"2","2",TRUE
"TACAGTGTCAAACCAC-r17","Slingshot_PCA_rooted",11.7481881637656,260,"2","2",TRUE
"TACGGATCACGACTCG-r17","Slingshot_PCA_rooted",13.1325297617741,260,"2","2",TRUE
"TACGGATCAGGAATCG-r17","Slingshot_PCA_rooted",33.3534402041416,420,"11","2",TRUE
"TACGGATTCACGCATA-r17","Slingshot_PCA_rooted",5.43322739853868,170,"2","2",TRUE
"TACGGATTCCTGTAGA-r17","Slingshot_PCA_rooted",5.32369403435249,175,"2","2",TRUE
"TACGGTAGTGCCTGCA-r17","Slingshot_PCA_rooted",32.3408605949883,395,"13","2",TRUE
"TACGGTAGTTTGTGTG-r17","Slingshot_PCA_rooted",3.04355585286585,175,"2","2",TRUE
"TACGGTATCCCACTTG-r17","Slingshot_PCA_rooted",40.7665307143638,530,"16","2",TRUE
"TACTCATGTACTTGAC-r17","Slingshot_PCA_rooted",14.788543530248,310,"8","2",TRUE
"TACTCATTCACATACG-r17","Slingshot_PCA_rooted",13.9374616249865,275,"6","2",TRUE
"TACTCGCTCCTAGGGC-r17","Slingshot_PCA_rooted",34.65341237337,415,"13","2",TRUE
"TACTTACCACTATCTT-r17","Slingshot_PCA_rooted",40.5225134411106,440,"13","2",TRUE
"TAGACCAGTACGACCC-r17","Slingshot_PCA_rooted",13.4092108420422,290,"4","2",TRUE
"TAGACCATCCGGCACA-r17","Slingshot_PCA_rooted",42.3514422102115,510,"14","2",TRUE
"TAGAGCTAGACTCGGA-r17","Slingshot_PCA_rooted",8.86024644957306,170,"2","2",TRUE
"TAGAGCTTCTCCAGGG-r17","Slingshot_PCA_rooted",42.412759143118,550,"16","2",TRUE
"TAGCCGGGTGAGGGTT-r17","Slingshot_PCA_rooted",21.1301788681886,435,"5","2",TRUE
"TAGGCATCAATACGCT-r17","Slingshot_PCA_rooted",8.06086670071779,220,"2","2",TRUE
"TAGTGGTAGATGCCAG-r17","Slingshot_PCA_rooted",13.9744478857442,265,"3","2",TRUE
"TAGTTGGAGTGTTTGC-r17","Slingshot_PCA_rooted",6.26142663406432,205,"2","2",TRUE
"TATCAGGCAAGAAAGG-r17","Slingshot_PCA_rooted",5.15504588807382,170,"2","2",TRUE
"TATCAGGCAATAAGCA-r17","Slingshot_PCA_rooted",18.8221504918694,370,"4","2",TRUE
"TATCTCAAGATGTGGC-r17","Slingshot_PCA_rooted",27.314193816797,395,"5","2",TRUE
"TATGCCCCATCACGAT-r17","Slingshot_PCA_rooted",11.5092323148993,700,"2","2",TRUE
"TATTACCAGTTGAGTA-r17","Slingshot_PCA_rooted",13.8443806810245,270,"6","2",TRUE
"TCAACGAGTCGACTGC-r17","Slingshot_PCA_rooted",35.2985133749008,410,"10","2",TRUE
"TCAATCTGTTACAGAA-r17","Slingshot_PCA_rooted",36.9593343703394,410,"10","2",TRUE
"TCACAAGGTCGCATAT-r17","Slingshot_PCA_rooted",36.0057077333014,410,"11","2",TRUE
"TCACGAAAGTGGCACA-r17","Slingshot_PCA_rooted",3.16258158428714,170,"2","2",TRUE
"TCAGATGAGTTAGGTA-r17","Slingshot_PCA_rooted",5.38806181794999,195,"2","2",TRUE
"TCAGATGTCGATAGAA-r17","Slingshot_PCA_rooted",29.9578835376658,260,"3","2",TRUE
"TCAGCTCCAATTGCTG-r17","Slingshot_PCA_rooted",15.7522552883165,260,"8","2",TRUE
"TCAGGATTCGTACCGG-r17","Slingshot_PCA_rooted",36.8359014402514,490,"5","2",TRUE
"TCAGGTATCCTAAGTG-r17","Slingshot_PCA_rooted",35.5945610340002,435,"14","2",TRUE
"TCCACACTCTTGAGAC-r17","Slingshot_PCA_rooted",4.86609749879218,190,"2","2",TRUE
"TCCCGATAGCTAGTCT-r17","Slingshot_PCA_rooted",31.3038510401943,410,"13","2",TRUE
"TCCCGATTCTTTACAC-r17","Slingshot_PCA_rooted",3.30095322848577,170,"2","2",TRUE
"TCGGTAAAGGAGCGTT-r17","Slingshot_PCA_rooted",5.75206005538034,170,"2","2",TRUE
"TCGGTAACAGGAATCG-r17","Slingshot_PCA_rooted",11.7185807352583,260,"2","2",TRUE
"TCGGTAATCCATGAGT-r17","Slingshot_PCA_rooted",1.36547863172366,175,"2","2",TRUE
"TCGTACCCAGACTCGC-r17","Slingshot_PCA_rooted",4.15278458506867,165,"2","2",TRUE
"TCGTAGAAGAAGGCCT-r17","Slingshot_PCA_rooted",12.9941169205995,775,"2","2",TRUE
"TCGTAGAAGGGTATCG-r17","Slingshot_PCA_rooted",6.08140794238458,180,"2","2",TRUE
"TCTATTGCATAGACTC-r17","Slingshot_PCA_rooted",3.44134119696603,175,"2","2",TRUE
"TCTATTGTCATCGATG-r17","Slingshot_PCA_rooted",4.19127114424778,180,"2","2",TRUE
"TCTATTGTCATTCACT-r17","Slingshot_PCA_rooted",10.5301704100429,245,"8","2",TRUE
"TCTCTAACAGAGTGTG-r17","Slingshot_PCA_rooted",6.33501613069043,205,"2","2",TRUE
"TCTCTAAGTCTTTCAT-r17","Slingshot_PCA_rooted",43.412642581165,530,"4","2",TRUE
"TCTGAGAGTGCCTGTG-r17","Slingshot_PCA_rooted",30.8826247210908,275,"3","2",TRUE
"TCTTCGGGTCGCATCG-r17","Slingshot_PCA_rooted",52.0160651291357,640,"14","2",TRUE
"TGAAAGATCCTCATTA-r17","Slingshot_PCA_rooted",7.68472259943898,190,"2","2",TRUE
"TGACAACTCTGCGACG-r17","Slingshot_PCA_rooted",24.5195934594865,385,"9","2",TRUE
"TGACGGCCAATCACAC-r17","Slingshot_PCA_rooted",20.8394512928474,335,"9","2",TRUE
"TGACTTTTCCAGTAGT-r17","Slingshot_PCA_rooted",25.241242482608,390,"5","2",TRUE
"TGACTTTTCGTGACAT-r17","Slingshot_PCA_rooted",29.6918546505687,380,"5","2",TRUE
"TGAGAGGTCAAGGTAA-r17","Slingshot_PCA_rooted",42.2246779652756,550,"10","2",TRUE
"TGAGCATTCATCACCC-r17","Slingshot_PCA_rooted",14.5130375214321,260,"2","2",TRUE
"TGAGCCGAGTGAAGAG-r17","Slingshot_PCA_rooted",21.3531353097389,390,"5","2",TRUE
"TGAGCCGCACGAGAGT-r17","Slingshot_PCA_rooted",12.839814852505,290,"2","2",TRUE
"TGAGGGATCCTCATTA-r17","Slingshot_PCA_rooted",16.3412470735821,415,"2","2",TRUE
"TGATTTCTCACCAGGC-r17","Slingshot_PCA_rooted",34.1692209613599,435,"4","2",TRUE
"TGATTTCTCAGGATCT-r17","Slingshot_PCA_rooted",13.862936116155,260,"2","2",TRUE
"TGATTTCTCCGTACAA-r17","Slingshot_PCA_rooted",11.7327058078667,310,"8","2",TRUE
"TGCACCTAGCTGCAAG-r17","Slingshot_PCA_rooted",14.1304451360752,440,"2","2",TRUE
"TGCACCTGTCGTTGTA-r17","Slingshot_PCA_rooted",4.830612653526,170,"2","2",TRUE
"TGCCAAAAGGAGTAGA-r17","Slingshot_PCA_rooted",23.0053520372131,360,"5","2",TRUE
"TGCCAAAGTTATCACG-r17","Slingshot_PCA_rooted",11.6852099776899,260,"8","2",TRUE
"TGCCCATCAGACTCGC-r17","Slingshot_PCA_rooted",12.9047392414907,290,"2","2",TRUE
"TGCCCTACACCACCAG-r17","Slingshot_PCA_rooted",7.23381028279447,200,"2","2",TRUE
"TGCGCAGCACTGAAGG-r17","Slingshot_PCA_rooted",12.5793232066636,330,"2","2",TRUE
"TGCGCAGGTAAGTGTA-r17","Slingshot_PCA_rooted",22.4919494567095,360,"9","2",TRUE
"TGCGCAGGTCTCGTTC-r17","Slingshot_PCA_rooted",13.7825526832992,270,"3","2",TRUE
"TGCGTGGAGGCTCAGA-r17","Slingshot_PCA_rooted",23.5396835931156,380,"5","2",TRUE
"TGCGTGGAGGGATCTG-r17","Slingshot_PCA_rooted",13.0881289053686,280,"7","2",TRUE
"TGCGTGGTCCTCTAGC-r17","Slingshot_PCA_rooted",13.6628282535605,270,"6","2",TRUE
"TGCGTGGTCGCCATAA-r17","Slingshot_PCA_rooted",30.8996470106737,395,"13","2",TRUE
"TGCTGCTTCCAAACTG-r17","Slingshot_PCA_rooted",25.1330716439294,360,"10","2",TRUE
"TGCTGCTTCTGTACGA-r17","Slingshot_PCA_rooted",2.99196850335244,170,"2","2",TRUE
"TGGCGCAAGAGGTTGC-r17","Slingshot_PCA_rooted",48.9586595942374,700,"1","2",TRUE
"TGGCGCAAGGTAAACT-r17","Slingshot_PCA_rooted",13.6070699603648,310,"6","2",TRUE
"TGGCGCATCTTACCTA-r17","Slingshot_PCA_rooted",23.0295700022304,365,"9","2",TRUE
"TGGGCGTAGTCATGCT-r17","Slingshot_PCA_rooted",4.69470118668301,170,"2","2",TRUE
"TGGGCGTTCTGCTGCT-r17","Slingshot_PCA_rooted",13.947705601739,280,"3","2",TRUE
"TGGTTAGAGACAGAGA-r17","Slingshot_PCA_rooted",16.5811799366953,320,"10","2",TRUE
"TGGTTAGAGGATGGTC-r17","Slingshot_PCA_rooted",46.1684718445269,550,"1","2",TRUE
"TGGTTAGGTGACAAAT-r17","Slingshot_PCA_rooted",9.403015137353,470,"2","2",TRUE
"TGGTTCCAGCCGCCTA-r17","Slingshot_PCA_rooted",25.073671621898,365,"5","2",TRUE
"TGGTTCCCACTGTGTA-r17","Slingshot_PCA_rooted",25.831525478135,375,"4","2",TRUE
"TGTCCCAGTGAGCGAT-r17","Slingshot_PCA_rooted",1.66668069172664,170,"2","2",TRUE
"TGTCCCATCAAGAAGT-r17","Slingshot_PCA_rooted",1.84480290961059,170,"2","2",TRUE
"TGTCCCATCGTTTGCC-r17","Slingshot_PCA_rooted",7.30915705270152,200,"2","2",TRUE
"TGTGGTACACCAGGTC-r17","Slingshot_PCA_rooted",4.81774751914631,170,"2","2",TRUE
"TGTGTTTCAGCTGTTA-r17","Slingshot_PCA_rooted",7.42562069111292,170,"2","2",TRUE
"TTATGCTCACCCATGG-r17","Slingshot_PCA_rooted",2.92731224098369,230,"2","2",TRUE
"TTATGCTTCTAACTCT-r17","Slingshot_PCA_rooted",21.5644803609044,490,"5","2",TRUE
"TTCGAAGAGGGAAACA-r17","Slingshot_PCA_rooted",11.8457874360062,290,"8","2",TRUE
"TTCGAAGAGTGAAGAG-r17","Slingshot_PCA_rooted",37.1806197129577,430,"14","2",TRUE
"TTCGGTCTCAGTGTTG-r17","Slingshot_PCA_rooted",35.1117029256318,435,"4","2",TRUE
"TTCTACACAAAGGTGC-r17","Slingshot_PCA_rooted",42.5660310352608,550,"4","2",TRUE
"TTCTACACATCCAACA-r17","Slingshot_PCA_rooted",6.02529758582079,170,"2","2",TRUE
"TTCTCAATCCATGAAC-r17","Slingshot_PCA_rooted",11.227591321662,285,"2","2",TRUE
"TTCTCAATCTGTCAAG-r17","Slingshot_PCA_rooted",12.6982637310732,260,"2","2",TRUE
"TTCTCCTTCTTAGAGC-r17","Slingshot_PCA_rooted",28.57094132642,405,"5","2",TRUE
"TTGACTTTCGAGCCCA-r17","Slingshot_PCA_rooted",43.4840583711526,620,"13","2",TRUE
"TTGCCGTAGAGGTAGA-r17","Slingshot_PCA_rooted",15.0983284378641,285,"2","2",TRUE
"TTGGAACGTTCGAATC-r17","Slingshot_PCA_rooted",4.79157140449555,170,"2","2",TRUE
"TTGGCAAAGTTAGCGG-r17","Slingshot_PCA_rooted",11.2146546715695,245,"2","2",TRUE
"TTGGCAACAAGAAGAG-r17","Slingshot_PCA_rooted",8.77313826951137,200,"2","2",TRUE
"TTGTAGGGTCTTCAAG-r17","Slingshot_PCA_rooted",9.35121049421886,260,"2","2",TRUE
"TTGTAGGGTCTTCTCG-r17","Slingshot_PCA_rooted",11.7942656561714,390,"2","2",TRUE
"TTGTAGGTCCGCTGTT-r17","Slingshot_PCA_rooted",4.51107061652779,215,"2","2",TRUE
"TTGTAGGTCCTTGGTC-r17","Slingshot_PCA_rooted",13.8522346884584,370,"4","2",TRUE
"TTTACTGAGTGGGCTA-r17","Slingshot_PCA_rooted",11.5862753759687,275,"2","2",TRUE
"TTTACTGTCTCTGCTG-r17","Slingshot_PCA_rooted",3.41532313027464,170,"2","2",TRUE
"TTTCCTCCATTCTCAT-r17","Slingshot_PCA_rooted",9.96785180253787,490,"2","2",TRUE
"TTTCCTCGTCATTAGC-r17","Slingshot_PCA_rooted",14.2465235462813,265,"6","2",TRUE
"TTTCCTCGTCTCAACA-r17","Slingshot_PCA_rooted",13.4125742855384,260,"2","2",TRUE
"TTTGGTTCATGGTAGG-r17","Slingshot_PCA_rooted",30.6355374023522,375,"5","2",TRUE
"TTTGTCAAGCACCGCT-r17","Slingshot_PCA_rooted",46.82294581457,550,"1","2",TRUE
"AAACGGGGTAGCACGA-b01","Slingshot_PCA_rooted",26.8755399484058,380,"10","2",TRUE
"AAACGGGTCGGTCCGA-b01","Slingshot_PCA_rooted",54.669739683677,635,"16","2",TRUE
"AAAGCAACAGATGGGT-b01","Slingshot_PCA_rooted",3.49585669112372,180,"2","2",TRUE
"AAATGCCCACAACGCC-b01","Slingshot_PCA_rooted",47.800864631325,640,"4","2",TRUE
"AAATGCCCATGCGCAC-b01","Slingshot_PCA_rooted",26.9883791911487,395,"5","2",TRUE
"AAATGCCGTCGCTTCT-b01","Slingshot_PCA_rooted",53.5044777498372,700,"10","2",TRUE
"AACACGTCATGGTTGT-b01","Slingshot_PCA_rooted",53.7295036463384,700,"13","2",TRUE
"AACACGTGTTGTTTGG-b01","Slingshot_PCA_rooted",29.7690427645743,620,"5","2",TRUE
"AACCATGCATTAGCCA-b01","Slingshot_PCA_rooted",50.2793119370078,550,"1","2",TRUE
"AACTCAGAGATAGGAG-b01","Slingshot_PCA_rooted",47.312871016698,520,"10","2",TRUE
"AACTCAGTCCGTCAAA-b01","Slingshot_PCA_rooted",18.6666722866013,260,"5","2",TRUE
"AACTGGTAGATGTGGC-b01","Slingshot_PCA_rooted",52.8569505862026,630,"11","2",TRUE
"AACTGGTCAAACCTAC-b01","Slingshot_PCA_rooted",30.5077003422429,380,"5","2",TRUE
"AACTTTCAGTGAATTG-b01","Slingshot_PCA_rooted",4.05796037827833,180,"2","2",TRUE
"AACTTTCGTTCCACGG-b01","Slingshot_PCA_rooted",42.4702120272748,725,"16","2",TRUE
"AACTTTCTCGCTTAGA-b01","Slingshot_PCA_rooted",28.6822790785359,380,"11","2",TRUE
"AAGACCTAGCGTTCCG-b01","Slingshot_PCA_rooted",18.43881240053,450,"5","2",TRUE
"AAGACCTAGTCTCCTC-b01","Slingshot_PCA_rooted",28.2695093540793,280,"3","2",TRUE
"AAGACCTGTGTTGAGG-b01","Slingshot_PCA_rooted",23.97533212632,340,"5","2",TRUE
"AAGGAGCGTATGCTTG-b01","Slingshot_PCA_rooted",23.4573135245264,400,"5","2",TRUE
"AAGGAGCTCAGCACAT-b01","Slingshot_PCA_rooted",20.4365373266845,350,"9","2",TRUE
"AAGGTTCCAATAGAGT-b01","Slingshot_PCA_rooted",18.2454935374023,330,"10","2",TRUE
"AATCCAGAGCTGCGAA-b01","Slingshot_PCA_rooted",5.37902795907793,190,"2","2",TRUE
"AATCCAGAGGGAGTAA-b01","Slingshot_PCA_rooted",7.66843096867788,190,"2","2",TRUE
"AATCCAGCAGCGATCC-b01","Slingshot_PCA_rooted",23.1787974232624,365,"5","2",TRUE
"AATCGGTAGCGGATCA-b01","Slingshot_PCA_rooted",6.38584839510925,190,"2","2",TRUE
"ACACCGGGTGTAAGTA-b01","Slingshot_PCA_rooted",49.0031477883054,670,"16","2",TRUE
"ACACCGGGTTATCGGT-b01","Slingshot_PCA_rooted",17.938108445165,320,"10","2",TRUE
"ACACTGACAAGACACG-b01","Slingshot_PCA_rooted",46.2226932198865,520,"11","2",TRUE
"ACACTGATCCCTAATT-b01","Slingshot_PCA_rooted",42.5930874119862,450,"15","2",TRUE
"ACACTGATCTACCTGC-b01","Slingshot_PCA_rooted",39.8543815803366,550,"14","2",TRUE
"ACAGCCGCAAGTTGTC-b01","Slingshot_PCA_rooted",16.6843478130972,320,"9","2",TRUE
"ACAGCCGTCAGCACAT-b01","Slingshot_PCA_rooted",61.4666161681944,700,"11","2",TRUE
"ACAGCCGTCAGGATCT-b01","Slingshot_PCA_rooted",47.7474084643663,620,"13","2",TRUE
"ACAGCTAGTTATCACG-b01","Slingshot_PCA_rooted",19.0875716411753,365,"4","2",TRUE
"ACAGCTATCTACTATC-b01","Slingshot_PCA_rooted",12.2027472060449,550,"2","2",TRUE
"ACATACGAGAGTAATC-b01","Slingshot_PCA_rooted",14.902595541583,385,"6","2",TRUE
"ACATACGCAGGACCCT-b01","Slingshot_PCA_rooted",21.6106224645603,370,"4","2",TRUE
"ACATACGTCAGTTCGA-b01","Slingshot_PCA_rooted",11.7522293375906,260,"3","2",TRUE
"ACATCAGAGACAGACC-b01","Slingshot_PCA_rooted",12.0792011449399,700,"2","2",TRUE
"ACATGGTTCAGTTTGG-b01","Slingshot_PCA_rooted",12.3817824178326,230,"3","2",TRUE
"ACCAGTATCTATCGCC-b01","Slingshot_PCA_rooted",27.0364751021081,380,"5","2",TRUE
"ACCGTAAAGACACGAC-b01","Slingshot_PCA_rooted",10.1824093394155,190,"2","2",TRUE
"ACCGTAAGTATAGGGC-b01","Slingshot_PCA_rooted",35.0871640810727,385,"11","2",TRUE
"ACCTTTAAGGCCGAAT-b01","Slingshot_PCA_rooted",27.3519873227971,380,"5","2",TRUE
"ACCTTTATCCAGTATG-b01","Slingshot_PCA_rooted",20.6912137644007,345,"9","2",TRUE
"ACCTTTATCCATGAAC-b01","Slingshot_PCA_rooted",7.9142373086306,185,"2","2",TRUE
"ACGAGGACATCACGAT-b01","Slingshot_PCA_rooted",18.8262255303783,420,"4","2",TRUE
"ACGAGGACATTGGGCC-b01","Slingshot_PCA_rooted",55.5650434783007,725,"9","2",TRUE
"ACGAGGAGTGCTAGCC-b01","Slingshot_PCA_rooted",23.9663346127979,360,"4","2",TRUE
"ACGATACCAGTGAGTG-b01","Slingshot_PCA_rooted",15.1689824100947,320,"9","2",TRUE
"ACGCCAGTCTCGCATC-b01","Slingshot_PCA_rooted",57.638353964102,700,"11","2",TRUE
"ACGCCGAGTCTCCCTA-b01","Slingshot_PCA_rooted",36.4920768561884,425,"4","2",TRUE
"ACGCCGAGTTCGTGAT-b01","Slingshot_PCA_rooted",4.19534729802963,170,"2","2",TRUE
"ACGCCGATCAGCAACT-b01","Slingshot_PCA_rooted",4.97999077737349,165,"2","2",TRUE
"ACGCCGATCCGTTGTC-b01","Slingshot_PCA_rooted",46.5091378012648,550,"10","2",TRUE
"ACGGAGACATGTTCCC-b01","Slingshot_PCA_rooted",9.83443969538707,640,"2","2",TRUE
"ACGGAGATCTCGCATC-b01","Slingshot_PCA_rooted",56.8636273527739,700,"10","2",TRUE
"ACGGGCTTCAACACCA-b01","Slingshot_PCA_rooted",50.439582962377,585,"11","2",TRUE
"ACGGGCTTCAGTTTGG-b01","Slingshot_PCA_rooted",40.6468139225371,520,"4","2",TRUE
"ACGGGTCGTACCGAGA-b01","Slingshot_PCA_rooted",11.7072515747637,170,"8","2",TRUE
"ACGGGTCGTCGAGATG-b01","Slingshot_PCA_rooted",8.73130308900089,190,"2","2",TRUE
"ACGGGTCGTGTTTGGT-b01","Slingshot_PCA_rooted",17.3962727174951,320,"9","2",TRUE
"ACTGAGTCAACTGCGC-b01","Slingshot_PCA_rooted",41.3693061324913,470,"4","2",TRUE
"ACTGAGTGTACTTAGC-b01","Slingshot_PCA_rooted",11.9877898372345,585,"2","2",TRUE
"ACTGAGTGTCTCGTTC-b01","Slingshot_PCA_rooted",23.9011175981726,450,"10","2",TRUE
"ACTGAGTGTCTGATTG-b01","Slingshot_PCA_rooted",14.9472903960958,270,"6","2",TRUE
"ACTGAGTGTTGATTGC-b01","Slingshot_PCA_rooted",15.0739418733408,260,"2","2",TRUE
"ACTGATGGTTCGCGAC-b01","Slingshot_PCA_rooted",60.6170529552638,760,"11","2",TRUE
"ACTGATGTCACTCCTG-b01","Slingshot_PCA_rooted",5.72390153037573,175,"2","2",TRUE
"ACTGCTCAGCTCCCAG-b01","Slingshot_PCA_rooted",49.2825485761817,585,"11","2",TRUE
"ACTGCTCAGGTTCCTA-b01","Slingshot_PCA_rooted",5.376317949311,175,"2","2",TRUE
"ACTGCTCAGTGTACGG-b01","Slingshot_PCA_rooted",11.6734932977444,230,"2","2",TRUE
"ACTGCTCGTGTCAATC-b01","Slingshot_PCA_rooted",7.58873760980377,170,"2","2",TRUE
"ACTGCTCTCTAGCACA-b01","Slingshot_PCA_rooted",12.7110158560095,260,"8","2",TRUE
"ACTGTCCAGGGTTCCC-b01","Slingshot_PCA_rooted",37.5705503305552,405,"1","2",TRUE
"ACTGTCCAGTGATCGG-b01","Slingshot_PCA_rooted",13.1761252344665,470,"2","2",TRUE
"ACTTTCACAACTGCGC-b01","Slingshot_PCA_rooted",6.1762211671438,175,"2","2",TRUE
"ACTTTCACATTTCACT-b01","Slingshot_PCA_rooted",12.8279462861804,300,"8","2",TRUE
"ACTTTCAGTACATCCA-b01","Slingshot_PCA_rooted",12.1704471330354,455,"2","2",TRUE
"ACTTTCATCTTGTTTG-b01","Slingshot_PCA_rooted",45.3591229575291,620,"10","2",TRUE
"AGAATAGAGTTTAGGA-b01","Slingshot_PCA_rooted",60.331215543559,730,"11","2",TRUE
"AGAATAGGTTCCAACA-b01","Slingshot_PCA_rooted",14.3051628643732,285,"6","2",TRUE
"AGAATAGTCCAAGTAC-b01","Slingshot_PCA_rooted",29.8933926037822,230,"3","2",TRUE
"AGAATAGTCTATCCTA-b01","Slingshot_PCA_rooted",27.3289773753755,420,"5","2",TRUE
"AGACGTTCACCGCTAG-b01","Slingshot_PCA_rooted",58.1854595203536,700,"11","2",TRUE
"AGACGTTTCTTAACCT-b01","Slingshot_PCA_rooted",6.62310655042874,160,"2","2",TRUE
"AGAGCTTGTTCAGACT-b01","Slingshot_PCA_rooted",28.2770803491658,245,"3","2",TRUE
"AGAGCTTTCCAACCAA-b01","Slingshot_PCA_rooted",48.1352633347766,640,"10","2",TRUE
"AGAGCTTTCCAGGGCT-b01","Slingshot_PCA_rooted",18.4636253353677,380,"4","2",TRUE
"AGATCTGGTGCCTGCA-b01","Slingshot_PCA_rooted",50.589212811696,620,"11","2",TRUE
"AGATCTGTCAAACAAG-b01","Slingshot_PCA_rooted",13.3294418759331,260,"12","2",TRUE
"AGATCTGTCTGTCTCG-b01","Slingshot_PCA_rooted",10.8370405756257,550,"2","2",TRUE
"AGATTGCCATGTAGTC-b01","Slingshot_PCA_rooted",60.3302269170871,750,"11","2",TRUE
"AGCAGCCAGCAGACTG-b01","Slingshot_PCA_rooted",4.28538887388726,165,"2","2",TRUE
"AGCATACCACTTGGAT-b01","Slingshot_PCA_rooted",26.7182834153926,410,"9","2",TRUE
"AGCATACGTAGCGATG-b01","Slingshot_PCA_rooted",20.2039973157977,270,"6","2",TRUE
"AGCCTAAAGGTTACCT-b01","Slingshot_PCA_rooted",14.6099746574645,260,"6","2",TRUE
"AGCGGTCCATGGTAGG-b01","Slingshot_PCA_rooted",6.08055849191135,170,"2","2",TRUE
"AGCGGTCGTGCAACTT-b01","Slingshot_PCA_rooted",53.3355462741491,640,"11","2",TRUE
"AGCGTATGTAGCGTCC-b01","Slingshot_PCA_rooted",43.0888847365071,550,"4","2",TRUE
"AGCGTCGTCTGGTTCC-b01","Slingshot_PCA_rooted",19.3173000727043,390,"5","2",TRUE
"AGCTCCTCACATGACT-b01","Slingshot_PCA_rooted",7.281657631157,220,"2","2",TRUE
"AGCTCCTGTGTTCGAT-b01","Slingshot_PCA_rooted",28.3704023590467,410,"13","2",TRUE
"AGCTCTCCAGCGATCC-b01","Slingshot_PCA_rooted",22.8671348121061,370,"4","2",TRUE
"AGCTTGAGTTGCGTTA-b01","Slingshot_PCA_rooted",27.1340975125151,380,"5","2",TRUE
"AGGCCACAGCTTTGGT-b01","Slingshot_PCA_rooted",26.022436147901,410,"9","2",TRUE
"AGGCCACAGTTAAGTG-b01","Slingshot_PCA_rooted",22.8661327993838,375,"4","2",TRUE
"AGGCCACCATTGGCGC-b01","Slingshot_PCA_rooted",44.5169215307834,640,"4","2",TRUE
"AGGCCGTAGAGCTGGT-b01","Slingshot_PCA_rooted",26.4230312559602,390,"5","2",TRUE
"AGGCCGTAGAGCTTCT-b01","Slingshot_PCA_rooted",39.7393377195031,465,"10","2",TRUE
"AGGCCGTCAAAGTCAA-b01","Slingshot_PCA_rooted",10.0966185601766,750,"2","2",TRUE
"AGGCCGTTCGGCGCAT-b01","Slingshot_PCA_rooted",44.7325244829181,635,"5","2",TRUE
"AGGGAGTTCCGATATG-b01","Slingshot_PCA_rooted",31.328604622776,450,"5","2",TRUE
"AGGGAGTTCCTCGCAT-b01","Slingshot_PCA_rooted",52.4136894673141,550,"1","2",TRUE
"AGGGATGCATGCCACG-b01","Slingshot_PCA_rooted",23.1229062164945,360,"10","2",TRUE
"AGGTCATCACTGTCGG-b01","Slingshot_PCA_rooted",18.0284438285617,630,"4","2",TRUE
"AGGTCCGAGAGTACCG-b01","Slingshot_PCA_rooted",16.3906054051931,245,"3","2",TRUE
"AGGTCCGTCATTGCCC-b01","Slingshot_PCA_rooted",13.0262377574288,330,"9","2",TRUE
"AGTCTTTAGAACAATC-b01","Slingshot_PCA_rooted",7.39672710226842,185,"2","2",TRUE
"AGTCTTTAGATCCCAT-b01","Slingshot_PCA_rooted",21.6892396853641,410,"5","2",TRUE
"AGTGGGAGTACCGTAT-b01","Slingshot_PCA_rooted",13.7861031427046,325,"9","2",TRUE
"AGTGGGAGTGTCGCTG-b01","Slingshot_PCA_rooted",42.1665605091534,500,"10","2",TRUE
"AGTGGGAGTTCGAATC-b01","Slingshot_PCA_rooted",46.0450281977339,530,"1","2",TRUE
"AGTGTCAGTTCTGGTA-b01","Slingshot_PCA_rooted",14.5430479539054,470,"2","2",TRUE
"AGTTGGTTCAACACGT-b01","Slingshot_PCA_rooted",19.9805351019237,450,"5","2",TRUE
"AGTTGGTTCTGCTGCT-b01","Slingshot_PCA_rooted",16.5007509268906,300,"10","2",TRUE
"ATAACGCCAATGTTGC-b01","Slingshot_PCA_rooted",16.7792212944162,325,"10","2",TRUE
"ATAAGAGAGCTACCTA-b01","Slingshot_PCA_rooted",13.4885935782865,450,"2","2",TRUE
"ATAAGAGGTAAGTTCC-b01","Slingshot_PCA_rooted",14.540011157463,640,"2","2",TRUE
"ATAGACCAGAAGATTC-b01","Slingshot_PCA_rooted",61.7054244056366,700,"11","2",TRUE
"ATAGACCCAGCTCGAC-b01","Slingshot_PCA_rooted",29.5172086797906,390,"5","2",TRUE
"ATCACGAGTACAGTTC-b01","Slingshot_PCA_rooted",7.98402494117962,170,"2","2",TRUE
"ATCACGAGTAGCCTCG-b01","Slingshot_PCA_rooted",11.2716332331764,230,"8","2",TRUE
"ATCACGATCCGAATGT-b01","Slingshot_PCA_rooted",10.88293457273,215,"8","2",TRUE
"ATCATCTCAAGAAGAG-b01","Slingshot_PCA_rooted",22.7983645710933,385,"5","2",TRUE
"ATCTGCCCAATAGAGT-b01","Slingshot_PCA_rooted",19.3837691087122,350,"10","2",TRUE
"ATGAGGGAGGCAGTCA-b01","Slingshot_PCA_rooted",4.19619668463414,170,"2","2",TRUE
"ATGAGGGGTATCACCA-b01","Slingshot_PCA_rooted",3.78153600708392,170,"2","2",TRUE
"ATGAGGGTCGGCGGTT-b01","Slingshot_PCA_rooted",57.2410450694673,700,"11","2",TRUE
"ATGAGGGTCTGCTTGC-b01","Slingshot_PCA_rooted",5.55528649370682,185,"2","2",TRUE
"ATGCGATAGTTCGATC-b01","Slingshot_PCA_rooted",24.8176153266926,405,"1","2",TRUE
"ATGCGATCACCAGGCT-b01","Slingshot_PCA_rooted",11.5652601503027,245,"2","2",TRUE
"ATGGGAGGTCTGATCA-b01","Slingshot_PCA_rooted",53.3466446855955,700,"14","2",TRUE
"ATTACTCGTGACCAAG-b01","Slingshot_PCA_rooted",13.531685703203,640,"2","2",TRUE
"ATTACTCGTTGGAGGT-b01","Slingshot_PCA_rooted",42.8269348379849,470,"10","2",TRUE
"ATTATCCGTAGCGTCC-b01","Slingshot_PCA_rooted",12.9205742640491,370,"2","2",TRUE
"ATTATCCTCAGGCAAG-b01","Slingshot_PCA_rooted",12.962265849166,750,"2","2",TRUE
"ATTGGTGTCCGAGCCA-b01","Slingshot_PCA_rooted",20.6405528533003,360,"1","2",TRUE
"ATTTCTGAGAATTCCC-b01","Slingshot_PCA_rooted",4.2123081266133,170,"2","2",TRUE
"CAACCAAAGGACGAAA-b01","Slingshot_PCA_rooted",12.9230065194731,260,"3","2",TRUE
"CAACCTCAGCCCAGCT-b01","Slingshot_PCA_rooted",16.9351376558175,320,"4","2",TRUE
"CAACCTCAGGAGTCTG-b01","Slingshot_PCA_rooted",30.8444069662818,390,"4","2",TRUE
"CAACCTCGTGCTAGCC-b01","Slingshot_PCA_rooted",12.1339899439844,290,"4","2",TRUE
"CAACCTCTCACGATGT-b01","Slingshot_PCA_rooted",44.9228549707358,585,"5","2",TRUE
"CAACTAGCACGAAGCA-b01","Slingshot_PCA_rooted",8.39693661575753,200,"2","2",TRUE
"CAACTAGGTACCATCA-b01","Slingshot_PCA_rooted",7.61339772873378,180,"8","2",TRUE
"CAAGAAACATGCCTAA-b01","Slingshot_PCA_rooted",31.0952942031531,395,"5","2",TRUE
"CAAGAAAGTATGGTTC-b01","Slingshot_PCA_rooted",10.5235652919857,260,"2","2",TRUE
"CAAGAAATCACGATGT-b01","Slingshot_PCA_rooted",11.9969723327584,225,"2","2",TRUE
"CAAGATCAGAGGTACC-b01","Slingshot_PCA_rooted",8.9497968180892,200,"8","2",TRUE
"CAAGGCCGTCTGATCA-b01","Slingshot_PCA_rooted",16.1532173210441,450,"2","2",TRUE
"CAAGGCCGTTCTGAAC-b01","Slingshot_PCA_rooted",32.3771327154104,385,"10","2",TRUE
"CAAGTTGCATTTCAGG-b01","Slingshot_PCA_rooted",36.0562899850506,490,"5","2",TRUE
"CACACAATCCAATGGT-b01","Slingshot_PCA_rooted",18.1190885367522,340,"4","2",TRUE
"CACACAATCGTTGCCT-b01","Slingshot_PCA_rooted",46.2536503596259,620,"13","2",TRUE
"CACACCTCAGAGCCAA-b01","Slingshot_PCA_rooted",56.863503172463,700,"15","2",TRUE
"CACACTCCACGGTGTC-b01","Slingshot_PCA_rooted",60.7923612252562,670,"1","2",TRUE
"CACAGGCGTGAGGGTT-b01","Slingshot_PCA_rooted",50.9305200466549,630,"1","2",TRUE
"CACAGGCTCATGTCCC-b01","Slingshot_PCA_rooted",61.2224926956134,750,"11","2",TRUE
"CACAGTAAGAAGGTGA-b01","Slingshot_PCA_rooted",41.6904212261258,470,"16","2",TRUE
"CACAGTAGTTTAAGCC-b01","Slingshot_PCA_rooted",13.189948403916,275,"2","2",TRUE
"CACATAGAGGATCGCA-b01","Slingshot_PCA_rooted",56.587517052594,670,"1","2",TRUE
"CACATAGCACTGTCGG-b01","Slingshot_PCA_rooted",42.2891255812231,490,"11","2",TRUE
"CACATAGTCTTGTACT-b01","Slingshot_PCA_rooted",11.2441369892072,450,"2","2",TRUE
"CACATTTAGACGACGT-b01","Slingshot_PCA_rooted",15.9501213010691,245,"3","2",TRUE
"CACCACTCACAGTCGC-b01","Slingshot_PCA_rooted",6.41070852035454,190,"2","2",TRUE
"CACCACTCAGCTTAAC-b01","Slingshot_PCA_rooted",18.5376835446404,490,"5","2",TRUE
"CACCACTTCTTGAGGT-b01","Slingshot_PCA_rooted",35.7792173599343,420,"4","2",TRUE
"CACCAGGGTAAACCTC-b01","Slingshot_PCA_rooted",49.8311923625378,640,"15","2",TRUE
"CACCAGGGTCAAAGAT-b01","Slingshot_PCA_rooted",27.5494978987723,415,"5","2",TRUE
"CACTCCACAGATCTGT-b01","Slingshot_PCA_rooted",49.4809110823895,550,"15","2",TRUE
"CAGAATCAGCGATAGC-b01","Slingshot_PCA_rooted",17.665164017028,335,"9","2",TRUE
"CAGAGAGTCCTTCAAT-b01","Slingshot_PCA_rooted",29.3738107099635,395,"5","2",TRUE
"CAGATCAGTGGAAAGA-b01","Slingshot_PCA_rooted",8.04850418076384,175,"2","2",TRUE
"CAGCAGCAGAGGGATA-b01","Slingshot_PCA_rooted",11.6470188931737,215,"2","2",TRUE
"CAGCAGCTCCATGAGT-b01","Slingshot_PCA_rooted",14.3244695798465,260,"6","2",TRUE
"CAGCATAGTCTCTTTA-b01","Slingshot_PCA_rooted",17.5480011102459,345,"10","2",TRUE
"CAGCGACAGACACTAA-b01","Slingshot_PCA_rooted",6.04606994574765,180,"2","2",TRUE
"CAGCGACGTCGTCTTC-b01","Slingshot_PCA_rooted",38.1523083755226,410,"10","2",TRUE
"CAGCGACTCATTCACT-b01","Slingshot_PCA_rooted",37.6971468175354,435,"9","2",TRUE
"CAGCTAAGTTGGTGGA-b01","Slingshot_PCA_rooted",12.6655543457769,300,"2","2",TRUE
"CAGCTGGCACCTCGTT-b01","Slingshot_PCA_rooted",6.11379058240605,175,"2","2",TRUE
"CAGTAACCAGTATGCT-b01","Slingshot_PCA_rooted",13.0132718594067,225,"3","2",TRUE
"CAGTAACTCACCCTCA-b01","Slingshot_PCA_rooted",28.6314500835452,405,"5","2",TRUE
"CATATGGAGGTAAACT-b01","Slingshot_PCA_rooted",18.9939160561746,330,"9","2",TRUE
"CATATGGAGTAACCCT-b01","Slingshot_PCA_rooted",4.27492190875609,165,"2","2",TRUE
"CATATTCGTATCACCA-b01","Slingshot_PCA_rooted",8.89871911633509,550,"2","2",TRUE
"CATATTCGTCCAAGTT-b01","Slingshot_PCA_rooted",32.8390376157952,370,"11","2",TRUE
"CATCAAGGTAGCTAAA-b01","Slingshot_PCA_rooted",54.3665871073085,620,"16","2",TRUE
"CATCCACCAGCCACCA-b01","Slingshot_PCA_rooted",48.0669771265808,550,"11","2",TRUE
"CATCCACGTCTAGGTT-b01","Slingshot_PCA_rooted",43.6082140050557,550,"16","2",TRUE
"CATCGAAAGGGTTCCC-b01","Slingshot_PCA_rooted",57.2385759849569,700,"9","2",TRUE
"CATCGAAGTCCAAGTT-b01","Slingshot_PCA_rooted",55.3500092343215,700,"15","2",TRUE
"CATCGAATCATGTCCC-b01","Slingshot_PCA_rooted",12.1260154629528,325,"2","2",TRUE
"CATCGGGGTATGAATG-b01","Slingshot_PCA_rooted",12.1353418148668,490,"2","2",TRUE
"CATGACAAGTTAACGA-b01","Slingshot_PCA_rooted",8.3489144856268,550,"2","2",TRUE
"CATGACAGTAAGTGTA-b01","Slingshot_PCA_rooted",5.13113611929494,170,"2","2",TRUE
"CATGCCTCACAGTCGC-b01","Slingshot_PCA_rooted",49.4069293395586,620,"10","2",TRUE
"CATGGCGAGAATTGTG-b01","Slingshot_PCA_rooted",12.8946628814574,260,"8","2",TRUE
"CATTATCCACGTCTCT-b01","Slingshot_PCA_rooted",10.8956511905256,700,"2","2",TRUE
"CATTATCTCCGCGGTA-b01","Slingshot_PCA_rooted",59.061387371868,700,"15","2",TRUE
"CCAATCCTCCAGAAGG-b01","Slingshot_PCA_rooted",5.76361887689518,170,"2","2",TRUE
"CCACCTAAGCTCTCGG-b01","Slingshot_PCA_rooted",46.5235839113647,510,"16","2",TRUE
"CCACCTAAGTGAAGAG-b01","Slingshot_PCA_rooted",16.52716377822,300,"4","2",TRUE
"CCACCTACAGGTGCCT-b01","Slingshot_PCA_rooted",5.4924649518499,160,"2","2",TRUE
"CCACCTATCAGCTGGC-b01","Slingshot_PCA_rooted",6.39125155767674,170,"2","2",TRUE
"CCACCTATCCTGTACC-b01","Slingshot_PCA_rooted",12.359554889692,595,"2","2",TRUE
"CCAGCGAAGGAATGGA-b01","Slingshot_PCA_rooted",55.0412580991204,700,"10","2",TRUE
"CCAGCGACATGTCGAT-b01","Slingshot_PCA_rooted",45.1756297578721,620,"16","2",TRUE
"CCATGTCAGCAAATCA-b01","Slingshot_PCA_rooted",19.0291509939571,360,"4","2",TRUE
"CCATGTCTCACTTATC-b01","Slingshot_PCA_rooted",4.63463190316057,165,"2","2",TRUE
"CCCAATCAGCGTGTCC-b01","Slingshot_PCA_rooted",16.5011272229348,215,"3","2",TRUE
"CCCAGTTCACCCATGG-b01","Slingshot_PCA_rooted",33.7514540215103,420,"5","2",TRUE
"CCCATACCACCAGCAC-b01","Slingshot_PCA_rooted",17.8645338159369,335,"9","2",TRUE
"CCCATACCACGGCCAT-b01","Slingshot_PCA_rooted",38.3256218917518,415,"11","2",TRUE
"CCCATACGTTACGTCA-b01","Slingshot_PCA_rooted",16.8060228920023,340,"10","2",TRUE
"CCCTCCTCAATCAGAA-b01","Slingshot_PCA_rooted",3.42030183931955,165,"2","2",TRUE
"CCGGGATGTAGCACGA-b01","Slingshot_PCA_rooted",13.2148734675725,240,"3","2",TRUE
"CCGTTCATCATCTGCC-b01","Slingshot_PCA_rooted",22.6878974169792,380,"11","2",TRUE
"CCGTTCATCTACTTAC-b01","Slingshot_PCA_rooted",11.2931796659659,640,"2","2",TRUE
"CCTAAAGAGGACGAAA-b01","Slingshot_PCA_rooted",2.69057400743722,170,"2","2",TRUE
"CCTACACCACGGATAG-b01","Slingshot_PCA_rooted",19.7994249880579,345,"10","2",TRUE
"CCTACCAAGTGCGATG-b01","Slingshot_PCA_rooted",18.8995214168466,320,"9","2",TRUE
"CCTACCATCCAAACTG-b01","Slingshot_PCA_rooted",53.6982897670939,640,"11","2",TRUE
"CCTAGCTTCGGCATCG-b01","Slingshot_PCA_rooted",57.027195715067,750,"10","2",TRUE
"CCTATTAGTTGGTAAA-b01","Slingshot_PCA_rooted",50.795694983384,640,"10","2",TRUE
"CCTCTGAAGCGATATA-b01","Slingshot_PCA_rooted",12.7710642485428,700,"2","2",TRUE
"CCTTCCCAGTGCGATG-b01","Slingshot_PCA_rooted",20.1272075943109,620,"5","2",TRUE
"CCTTCCCTCATCGCTC-b01","Slingshot_PCA_rooted",6.34159665575549,170,"2","2",TRUE
"CCTTCGAGTCGCGGTT-b01","Slingshot_PCA_rooted",17.9448355900979,350,"4","2",TRUE
"CCTTTCTGTGACGGTA-b01","Slingshot_PCA_rooted",40.6421008409388,450,"11","2",TRUE
"CGAACATCAGACAAAT-b01","Slingshot_PCA_rooted",7.85610339268172,200,"8","2",TRUE
"CGAACATTCGCACTCT-b01","Slingshot_PCA_rooted",15.4455722012777,300,"10","2",TRUE
"CGACCTTTCATGTCTT-b01","Slingshot_PCA_rooted",5.40308202123365,160,"2","2",TRUE
"CGACTTCCAGCTCGAC-b01","Slingshot_PCA_rooted",35.4864401556948,395,"10","2",TRUE
"CGACTTCCAGGACCCT-b01","Slingshot_PCA_rooted",14.1066081070625,450,"2","2",TRUE
"CGAGAAGCAAATTGCC-b01","Slingshot_PCA_rooted",6.40363239957479,175,"2","2",TRUE
"CGAGCACCATTAGCCA-b01","Slingshot_PCA_rooted",6.18867758613094,185,"2","2",TRUE
"CGAGCACGTTCTGAAC-b01","Slingshot_PCA_rooted",62.5781494664805,760,"11","2",TRUE
"CGATCGGGTCAGAAGC-b01","Slingshot_PCA_rooted",27.1309748216524,385,"11","2",TRUE
"CGATGGCGTTCGCGAC-b01","Slingshot_PCA_rooted",11.0669932839048,230,"8","2",TRUE
"CGATGTAGTATATCCG-b01","Slingshot_PCA_rooted",55.8764997560452,755,"10","2",TRUE
"CGATGTATCCGTCATC-b01","Slingshot_PCA_rooted",49.8244477989873,700,"9","2",TRUE
"CGATTGAGTGGAAAGA-b01","Slingshot_PCA_rooted",8.8709889280194,350,"2","2",TRUE
"CGATTGATCCTGTACC-b01","Slingshot_PCA_rooted",13.7118719918612,325,"10","2",TRUE
"CGCGGTACACCTATCC-b01","Slingshot_PCA_rooted",61.5069614799349,755,"11","2",TRUE
"CGCGGTACAGGATTGG-b01","Slingshot_PCA_rooted",20.9898324278914,310,"10","2",TRUE
"CGCGTTTAGGAACTGC-b01","Slingshot_PCA_rooted",33.3730026697046,380,"11","2",TRUE
"CGCGTTTCATGGGACA-b01","Slingshot_PCA_rooted",33.4258486346824,380,"11","2",TRUE
"CGCGTTTTCGTGGACC-b01","Slingshot_PCA_rooted",59.8487869934978,700,"11","2",TRUE
"CGCTATCAGAGGTACC-b01","Slingshot_PCA_rooted",8.59969721870656,185,"2","2",TRUE
"CGCTATCCAATTCCTT-b01","Slingshot_PCA_rooted",4.78387037373229,160,"2","2",TRUE
"CGCTATCTCATGTAGC-b01","Slingshot_PCA_rooted",20.5847636394576,360,"4","2",TRUE
"CGCTGGAAGTGTTTGC-b01","Slingshot_PCA_rooted",19.9560768885347,450,"5","2",TRUE
"CGCTGGACAATGGAGC-b01","Slingshot_PCA_rooted",8.95717493589133,640,"2","2",TRUE
"CGGACACAGTATCTCG-b01","Slingshot_PCA_rooted",14.2637485055515,640,"2","2",TRUE
"CGGACACCACATTCGA-b01","Slingshot_PCA_rooted",52.716876630829,550,"15","2",TRUE
"CGGACTGGTGGTACAG-b01","Slingshot_PCA_rooted",16.378852153541,350,"10","2",TRUE
"CGGAGCTGTCCATGAT-b01","Slingshot_PCA_rooted",5.20819057418181,170,"2","2",TRUE
"CGGAGTCCACGGATAG-b01","Slingshot_PCA_rooted",4.39394882606228,160,"2","2",TRUE
"CGGAGTCCATGGTCAT-b01","Slingshot_PCA_rooted",47.9336021137404,550,"10","2",TRUE
"CGGAGTCCATGGTCTA-b01","Slingshot_PCA_rooted",20.7977896549203,345,"9","2",TRUE
"CGGAGTCGTTCCATGA-b01","Slingshot_PCA_rooted",13.5548144072915,375,"2","2",TRUE
"CGGCTAGAGGGCTTGA-b01","Slingshot_PCA_rooted",9.72203084740253,245,"2","2",TRUE
"CGGGTCACAAGCTGGA-b01","Slingshot_PCA_rooted",15.1056824119262,250,"7","2",TRUE
"CGGGTCAGTTGGTGGA-b01","Slingshot_PCA_rooted",21.2475914766814,360,"5","2",TRUE
"CGGTTAATCGCCGTGA-b01","Slingshot_PCA_rooted",32.5954452463011,370,"5","2",TRUE
"CGTAGCGCACGGACAA-b01","Slingshot_PCA_rooted",18.6715594116367,290,"4","2",TRUE
"CGTAGCGGTCGAACAG-b01","Slingshot_PCA_rooted",14.3760331759446,300,"10","2",TRUE
"CGTCACTCAAACCCAT-b01","Slingshot_PCA_rooted",12.7547655806228,465,"3","2",TRUE
"CGTCACTCAGGTCCAC-b01","Slingshot_PCA_rooted",44.2621723666379,550,"5","2",TRUE
"CGTCACTTCTTACCGC-b01","Slingshot_PCA_rooted",33.3634906537428,410,"11","2",TRUE
"CGTCAGGCACGGACAA-b01","Slingshot_PCA_rooted",34.2064670854191,405,"11","2",TRUE
"CGTCAGGTCCCAACGG-b01","Slingshot_PCA_rooted",17.764541882253,490,"5","2",TRUE
"CGTCTACTCTAACCGA-b01","Slingshot_PCA_rooted",7.96712022400331,700,"2","2",TRUE
"CGTGAGCCAAAGGCGT-b01","Slingshot_PCA_rooted",9.35067366420942,390,"2","2",TRUE
"CGTGAGCCAATCACAC-b01","Slingshot_PCA_rooted",50.6055952460021,585,"11","2",TRUE
"CGTGAGCTCGAGAACG-b01","Slingshot_PCA_rooted",57.0099492888152,700,"10","2",TRUE
"CGTGAGCTCTTGTCAT-b01","Slingshot_PCA_rooted",4.43518937714435,170,"2","2",TRUE
"CGTGTAATCAACGGGA-b01","Slingshot_PCA_rooted",9.19964051985765,620,"2","2",TRUE
"CGTGTCTAGGTCGGAT-b01","Slingshot_PCA_rooted",12.8687930983577,260,"2","2",TRUE
"CGTTAGAAGTACGATA-b01","Slingshot_PCA_rooted",40.6034657597371,450,"11","2",TRUE
"CGTTAGACATCATCCC-b01","Slingshot_PCA_rooted",12.4847849722425,295,"2","2",TRUE
"CGTTCTGCATAACCTG-b01","Slingshot_PCA_rooted",53.0907393213321,670,"13","2",TRUE
"CGTTGGGGTCAATGTC-b01","Slingshot_PCA_rooted",33.0243797928187,415,"5","2",TRUE
"CTAACTTAGTGAAGAG-b01","Slingshot_PCA_rooted",56.3354694173377,640,"15","2",TRUE
"CTAAGACTCCGCGTTT-b01","Slingshot_PCA_rooted",24.1427062680905,350,"11","2",TRUE
"CTAATGGCAGATCTGT-b01","Slingshot_PCA_rooted",2.88887492048484,170,"2","2",TRUE
"CTACACCAGCGATATA-b01","Slingshot_PCA_rooted",4.06172128371166,160,"2","2",TRUE
"CTACACCGTACATGTC-b01","Slingshot_PCA_rooted",15.7133903465582,300,"9","2",TRUE
"CTACATTCAAGCTGTT-b01","Slingshot_PCA_rooted",14.6089904741897,280,"7","2",TRUE
"CTACATTGTGTGCCTG-b01","Slingshot_PCA_rooted",22.9088591147302,635,"5","2",TRUE
"CTACCCACATGTTGAC-b01","Slingshot_PCA_rooted",36.223952527843,450,"10","2",TRUE
"CTACCCATCTTATCTG-b01","Slingshot_PCA_rooted",26.6447109915966,425,"5","2",TRUE
"CTACGTCTCAAGGTAA-b01","Slingshot_PCA_rooted",38.9851122656283,430,"1","2",TRUE
"CTACGTCTCCCGGATG-b01","Slingshot_PCA_rooted",36.3595101356285,405,"11","2",TRUE
"CTAGCCTAGGTCATCT-b01","Slingshot_PCA_rooted",41.9228715026135,625,"4","2",TRUE
"CTAGCCTCATAACCTG-b01","Slingshot_PCA_rooted",4.46340381602132,170,"2","2",TRUE
"CTAGCCTGTAGGGACT-b01","Slingshot_PCA_rooted",13.9350845563633,490,"2","2",TRUE
"CTAGTGAGTCCGCTGA-b01","Slingshot_PCA_rooted",10.6122541924638,260,"2","2",TRUE
"CTCAGAACATTCACTT-b01","Slingshot_PCA_rooted",4.75507000469465,165,"2","2",TRUE
"CTCAGAAGTGAACCTT-b01","Slingshot_PCA_rooted",45.0698888309318,550,"16","2",TRUE
"CTCATTAAGGTGTGGT-b01","Slingshot_PCA_rooted",3.06226854100263,160,"2","2",TRUE
"CTCATTACAAGCGTAG-b01","Slingshot_PCA_rooted",11.1389374054491,160,"2","2",TRUE
"CTCATTAGTGAGCGAT-b01","Slingshot_PCA_rooted",50.4807898247166,640,"13","2",TRUE
"CTCGAGGCAAGCGTAG-b01","Slingshot_PCA_rooted",36.7195991292732,415,"10","2",TRUE
"CTCGAGGTCACCTCGT-b01","Slingshot_PCA_rooted",51.7156477970524,640,"14","2",TRUE
"CTCGGAGAGCTCAACT-b01","Slingshot_PCA_rooted",28.4150468760244,400,"5","2",TRUE
"CTCGGAGTCACTCCTG-b01","Slingshot_PCA_rooted",23.0786169700534,380,"5","2",TRUE
"CTCGGGACACGTCAGC-b01","Slingshot_PCA_rooted",57.615717315526,700,"1","2",TRUE
"CTCGGGATCCCAAGTA-b01","Slingshot_PCA_rooted",5.43658725711449,170,"2","2",TRUE
"CTCGTACCATGCCACG-b01","Slingshot_PCA_rooted",17.4436050711218,320,"9","2",TRUE
"CTCGTCACAGCGATCC-b01","Slingshot_PCA_rooted",11.7925997750881,470,"2","2",TRUE
"CTCGTCACAGCTTCGG-b01","Slingshot_PCA_rooted",54.0591019055809,700,"13","2",TRUE
"CTCTACGCAAGAAAGG-b01","Slingshot_PCA_rooted",13.1390300354339,260,"7","2",TRUE
"CTCTGGTAGTTCGCAT-b01","Slingshot_PCA_rooted",3.95536888835118,170,"2","2",TRUE
"CTCTGGTTCTCAACTT-b01","Slingshot_PCA_rooted",6.86771411163132,190,"2","2",TRUE
"CTGAAGTTCGGTTAAC-b01","Slingshot_PCA_rooted",14.2071207406595,320,"9","2",TRUE
"CTGATAGCAAAGGCGT-b01","Slingshot_PCA_rooted",54.059860859819,670,"13","2",TRUE
"CTGCCTACACTGTTAG-b01","Slingshot_PCA_rooted",24.4421549789136,350,"4","2",TRUE
"CTGCCTAGTCCGCTGA-b01","Slingshot_PCA_rooted",14.8093571854394,295,"10","2",TRUE
"CTGCTGTCAGGCTCAC-b01","Slingshot_PCA_rooted",32.7942138949277,415,"5","2",TRUE
"CTGCTGTGTAAACGCG-b01","Slingshot_PCA_rooted",16.1920910677185,310,"9","2",TRUE
"CTGCTGTTCTGATTCT-b01","Slingshot_PCA_rooted",39.5652695505467,450,"11","2",TRUE
"CTGTGCTAGACTTTCG-b01","Slingshot_PCA_rooted",6.12520797787051,170,"2","2",TRUE
"CTGTGCTAGCGGCTTC-b01","Slingshot_PCA_rooted",52.1624359641087,585,"1","2",TRUE
"CTGTGCTCACGAAATA-b01","Slingshot_PCA_rooted",7.75542005521581,175,"2","2",TRUE
"CTGTTTAGTAATAGCA-b01","Slingshot_PCA_rooted",15.4009257691089,300,"4","2",TRUE
"CTTAACTAGTACACCT-b01","Slingshot_PCA_rooted",13.0406569555225,185,"2","2",TRUE
"CTTAACTAGTGCGATG-b01","Slingshot_PCA_rooted",6.40629906176075,175,"2","2",TRUE
"CTTACCGCAGATGGGT-b01","Slingshot_PCA_rooted",7.80826965001399,170,"2","2",TRUE
"CTTACCGGTTCGAATC-b01","Slingshot_PCA_rooted",39.9646295634952,470,"10","2",TRUE
"CTTAGGACACGCCAGT-b01","Slingshot_PCA_rooted",43.031909091922,490,"15","2",TRUE
"CTTAGGACATGTAGTC-b01","Slingshot_PCA_rooted",62.4077952159642,760,"11","2",TRUE
"CTTAGGATCTGGCGAC-b01","Slingshot_PCA_rooted",6.52872644008912,180,"2","2",TRUE
"CTTCTCTCATCCGCGA-b01","Slingshot_PCA_rooted",21.7365399040234,350,"10","2",TRUE
"CTTCTCTGTAGAGCTG-b01","Slingshot_PCA_rooted",56.6608182858098,640,"16","2",TRUE
"CTTCTCTTCCGTCAAA-b01","Slingshot_PCA_rooted",47.1437007834343,620,"1","2",TRUE
"CTTGGCTTCATTCACT-b01","Slingshot_PCA_rooted",34.4966078037247,420,"9","2",TRUE
"CTTTGCGAGAAGGGTA-b01","Slingshot_PCA_rooted",5.32219025769514,185,"2","2",TRUE
"CTTTGCGTCACGACTA-b01","Slingshot_PCA_rooted",56.0811166525861,700,"11","2",TRUE
"CTTTGCGTCATAACCG-b01","Slingshot_PCA_rooted",8.04404151271609,490,"2","2",TRUE
"GAAACTCAGACCTAGG-b01","Slingshot_PCA_rooted",43.8690293545628,520,"11","2",TRUE
"GAAATGAAGGCCCTCA-b01","Slingshot_PCA_rooted",13.1477934442473,270,"4","2",TRUE
"GAACATCAGAGCTTCT-b01","Slingshot_PCA_rooted",36.108735092449,390,"10","2",TRUE
"GAACATCGTCTAACGT-b01","Slingshot_PCA_rooted",50.5882755647266,585,"11","2",TRUE
"GAACCTATCCCTGACT-b01","Slingshot_PCA_rooted",6.44352761489866,160,"2","2",TRUE
"GAACCTATCGCATGAT-b01","Slingshot_PCA_rooted",15.1018454163876,300,"10","2",TRUE
"GAACCTATCGGATGGA-b01","Slingshot_PCA_rooted",65.0306514035382,755,"11","2",TRUE
"GAAGCAGCAGATTGCT-b01","Slingshot_PCA_rooted",8.70773389256622,700,"2","2",TRUE
"GAAGCAGGTTTGGGCC-b01","Slingshot_PCA_rooted",27.2637155139874,400,"11","2",TRUE
"GAATAAGAGAGGTAGA-b01","Slingshot_PCA_rooted",12.8860657079701,260,"7","2",TRUE
"GAATGAACAAATTGCC-b01","Slingshot_PCA_rooted",49.5511179319201,700,"1","2",TRUE
"GACACGCTCATACGGT-b01","Slingshot_PCA_rooted",48.3381503555843,630,"10","2",TRUE
"GACAGAGCAAGCGTAG-b01","Slingshot_PCA_rooted",56.5379853650139,700,"10","2",TRUE
"GACAGAGCACGAAACG-b01","Slingshot_PCA_rooted",18.7608335222531,345,"9","2",TRUE
"GACAGAGGTTCGAATC-b01","Slingshot_PCA_rooted",31.297506395384,490,"5","2",TRUE
"GACAGAGTCGTCTGCT-b01","Slingshot_PCA_rooted",6.08672537815751,180,"2","2",TRUE
"GACCAATAGAGTACCG-b01","Slingshot_PCA_rooted",52.4690142689857,620,"11","2",TRUE
"GACCAATTCACTGGGC-b01","Slingshot_PCA_rooted",33.3707611694576,635,"5","2",TRUE
"GACGTGCGTCCAGTTA-b01","Slingshot_PCA_rooted",46.7613678866426,550,"11","2",TRUE
"GACGTTACAAATCCGT-b01","Slingshot_PCA_rooted",11.9979662657316,220,"2","2",TRUE
"GACGTTACAGACAAGC-b01","Slingshot_PCA_rooted",22.9429014724755,370,"10","2",TRUE
"GACTACAGTGGTCTCG-b01","Slingshot_PCA_rooted",7.47988137560279,170,"2","2",TRUE
"GACTACATCACGCGGT-b01","Slingshot_PCA_rooted",18.2440445716248,335,"4","2",TRUE
"GACTACATCAGCGATT-b01","Slingshot_PCA_rooted",20.3146014070566,335,"9","2",TRUE
"GACTACATCTCCTATA-b01","Slingshot_PCA_rooted",38.6235492995195,410,"11","2",TRUE
"GACTGCGAGATCCCAT-b01","Slingshot_PCA_rooted",13.563123899319,260,"3","2",TRUE
"GACTGCGAGGGCTTCC-b01","Slingshot_PCA_rooted",42.6694290976014,550,"4","2",TRUE
"GACTGCGAGTTAGGTA-b01","Slingshot_PCA_rooted",21.6839950323597,350,"5","2",TRUE
"GACTGCGGTCGCTTCT-b01","Slingshot_PCA_rooted",42.2306753629444,490,"10","2",TRUE
"GAGCAGAAGCTACCTA-b01","Slingshot_PCA_rooted",11.7244228082862,290,"8","2",TRUE
"GAGCAGAAGGAGCGTT-b01","Slingshot_PCA_rooted",25.7546381483455,380,"4","2",TRUE
"GAGGTGAAGATGTTAG-b01","Slingshot_PCA_rooted",31.1320263718475,380,"5","2",TRUE
"GAGGTGATCGTAGGTT-b01","Slingshot_PCA_rooted",46.8489868044905,500,"14","2",TRUE
"GATCAGTAGATCCCGC-b01","Slingshot_PCA_rooted",26.1331694699178,370,"5","2",TRUE
"GATCAGTGTGACTCAT-b01","Slingshot_PCA_rooted",42.8884701674801,490,"14","2",TRUE
"GATCGATCAATCAGAA-b01","Slingshot_PCA_rooted",17.03359213234,630,"5","2",TRUE
"GATCGTACAACTTGAC-b01","Slingshot_PCA_rooted",13.7484497793935,490,"2","2",TRUE
"GATCTAGCACCGAATT-b01","Slingshot_PCA_rooted",14.270808020885,380,"2","2",TRUE
"GATGAGGAGACAGACC-b01","Slingshot_PCA_rooted",20.9524186472528,320,"9","2",TRUE
"GATGAGGTCTACCAGA-b01","Slingshot_PCA_rooted",9.38856938884246,170,"2","2",TRUE
"GATGCTAGTCGGCATC-b01","Slingshot_PCA_rooted",5.5875850819931,175,"2","2",TRUE
"GATTCAGCACGAGGTA-b01","Slingshot_PCA_rooted",6.07491863267039,170,"2","2",TRUE
"GCAAACTAGTAGCCGA-b01","Slingshot_PCA_rooted",40.3067600063283,500,"14","2",TRUE
"GCAAACTGTGGAAAGA-b01","Slingshot_PCA_rooted",21.2399135333599,450,"5","2",TRUE
"GCAAACTGTTGTACAC-b01","Slingshot_PCA_rooted",57.7951844663772,750,"10","2",TRUE
"GCAATCATCCCTCAGT-b01","Slingshot_PCA_rooted",16.9800735571221,450,"5","2",TRUE
"GCACATAAGCCCAATT-b01","Slingshot_PCA_rooted",36.2635294696127,420,"10","2",TRUE
"GCACATACACCAGTTA-b01","Slingshot_PCA_rooted",54.9243401276982,700,"2","2",TRUE
"GCACTCTTCCCGGATG-b01","Slingshot_PCA_rooted",15.9650447435206,325,"4","2",TRUE
"GCAGCCAAGAAGGACA-b01","Slingshot_PCA_rooted",51.6259436407552,670,"14","2",TRUE
"GCAGCCAGTTCCGTCT-b01","Slingshot_PCA_rooted",48.6047393857639,620,"13","2",TRUE
"GCAGCCATCAGCGATT-b01","Slingshot_PCA_rooted",15.6961739412068,585,"2","2",TRUE
"GCAGTTACAAGAGGCT-b01","Slingshot_PCA_rooted",34.0771832835406,360,"11","2",TRUE
"GCAGTTACATGAGCGA-b01","Slingshot_PCA_rooted",18.8971348724941,310,"9","2",TRUE
"GCATACAAGGTAAACT-b01","Slingshot_PCA_rooted",12.5057115190952,640,"2","2",TRUE
"GCATGATAGTTGTAGA-b01","Slingshot_PCA_rooted",21.6012742710036,360,"4","2",TRUE
"GCATGATGTTTGACTG-b01","Slingshot_PCA_rooted",10.6858889645173,245,"2","2",TRUE
"GCATGTACACCCATGG-b01","Slingshot_PCA_rooted",39.2260352870936,450,"9","2",TRUE
"GCCAAATCATGGATGG-b01","Slingshot_PCA_rooted",11.8089759433405,310,"2","2",TRUE
"GCCTCTAAGCGTAATA-b01","Slingshot_PCA_rooted",49.5586961748014,550,"11","2",TRUE
"GCCTCTACATGGTAGG-b01","Slingshot_PCA_rooted",38.3026479545551,450,"11","2",TRUE
"GCGACCAGTAGCTTGT-b01","Slingshot_PCA_rooted",5.07087626108304,165,"2","2",TRUE
"GCGAGAACAAGCCGCT-b01","Slingshot_PCA_rooted",31.1191448440297,620,"5","2",TRUE
"GCGAGAACACCAGATT-b01","Slingshot_PCA_rooted",28.9586518485597,410,"11","2",TRUE
"GCGAGAATCTGTTTGT-b01","Slingshot_PCA_rooted",7.58008971678191,190,"2","2",TRUE
"GCGCAGTTCCGCTGTT-b01","Slingshot_PCA_rooted",46.5957650426962,550,"14","2",TRUE
"GCTCCTAAGCCGGTAA-b01","Slingshot_PCA_rooted",8.0508415973641,180,"2","2",TRUE
"GCTCCTATCTCCTATA-b01","Slingshot_PCA_rooted",46.477508231122,620,"4","2",TRUE
"GCTCTGTTCCAACCAA-b01","Slingshot_PCA_rooted",43.2083908534736,450,"13","2",TRUE
"GCTGCAGCAGCGATCC-b01","Slingshot_PCA_rooted",6.68050048481689,190,"2","2",TRUE
"GCTGCGACACGGCCAT-b01","Slingshot_PCA_rooted",14.1299889350785,620,"2","2",TRUE
"GCTGCTTTCACTATTC-b01","Slingshot_PCA_rooted",61.6849282714071,750,"11","2",TRUE
"GCTGGGTAGGTGACCA-b01","Slingshot_PCA_rooted",33.333217809319,430,"13","2",TRUE
"GCTTCCAAGGGATACC-b01","Slingshot_PCA_rooted",37.7757942115974,450,"11","2",TRUE
"GCTTGAAAGTCTCCTC-b01","Slingshot_PCA_rooted",24.9198972236411,380,"5","2",TRUE
"GCTTGAACACGGACAA-b01","Slingshot_PCA_rooted",14.0812207931748,260,"3","2",TRUE
"GCTTGAACACTTAAGC-b01","Slingshot_PCA_rooted",17.6802428762938,325,"9","2",TRUE
"GCTTGAAGTAATCACC-b01","Slingshot_PCA_rooted",47.002739893981,530,"4","2",TRUE
"GCTTGAAGTTCGGGCT-b01","Slingshot_PCA_rooted",26.3704105763637,420,"13","2",TRUE
"GGAAAGCGTCATGCCG-b01","Slingshot_PCA_rooted",9.56001997191745,750,"2","2",TRUE
"GGAAAGCTCATAAAGG-b01","Slingshot_PCA_rooted",18.0789847551643,240,"3","2",TRUE
"GGAACTTAGAAGCCCA-b01","Slingshot_PCA_rooted",14.4235743276549,420,"2","2",TRUE
"GGAACTTAGATGGGTC-b01","Slingshot_PCA_rooted",9.10752073629084,200,"2","2",TRUE
"GGAACTTAGGTAGCTG-b01","Slingshot_PCA_rooted",11.4865578336203,390,"2","2",TRUE
"GGAATAACATGAGCGA-b01","Slingshot_PCA_rooted",20.6279783139287,350,"5","2",TRUE
"GGAATAATCTTAGCCC-b01","Slingshot_PCA_rooted",48.6311016130145,550,"11","2",TRUE
"GGACAAGTCCCTCTTT-b01","Slingshot_PCA_rooted",25.5531698314919,350,"4","2",TRUE
"GGACATTAGCGGATCA-b01","Slingshot_PCA_rooted",52.6913137248005,620,"11","2",TRUE
"GGACATTTCGATGAGG-b01","Slingshot_PCA_rooted",19.3347913023588,345,"9","2",TRUE
"GGACGTCAGTCCTCCT-b01","Slingshot_PCA_rooted",51.9309875460996,640,"11","2",TRUE
"GGACGTCTCATGTCTT-b01","Slingshot_PCA_rooted",29.0410985981693,390,"5","2",TRUE
"GGACGTCTCCACGTTC-b01","Slingshot_PCA_rooted",6.95048479380813,170,"2","2",TRUE
"GGAGCAAGTACCGAGA-b01","Slingshot_PCA_rooted",39.4546374407913,440,"11","2",TRUE
"GGCAATTCAATAGAGT-b01","Slingshot_PCA_rooted",11.3530533885776,220,"2","2",TRUE
"GGCCGATCAGGGCATA-b01","Slingshot_PCA_rooted",17.8158423180837,320,"9","2",TRUE
"GGCGACTTCCCTCTTT-b01","Slingshot_PCA_rooted",28.5054266115285,410,"5","2",TRUE
"GGCGACTTCTATCCTA-b01","Slingshot_PCA_rooted",47.6284587112337,550,"11","2",TRUE
"GGCGACTTCTTGCCGT-b01","Slingshot_PCA_rooted",44.3241705435242,500,"14","2",TRUE
"GGCGTGTGTCAGATAA-b01","Slingshot_PCA_rooted",52.6272055444089,620,"16","2",TRUE
"GGCGTGTTCAAAGTAG-b01","Slingshot_PCA_rooted",26.7598883017171,420,"5","2",TRUE
"GGCTCGATCATCATTC-b01","Slingshot_PCA_rooted",50.1419685329261,530,"1","2",TRUE
"GGCTCGATCGAACGGA-b01","Slingshot_PCA_rooted",37.8093360878297,425,"15","2",TRUE
"GGCTCGATCTTCGAGA-b01","Slingshot_PCA_rooted",64.0202245928765,750,"11","2",TRUE
"GGGAATGAGCTGCGAA-b01","Slingshot_PCA_rooted",12.3814300853115,470,"2","2",TRUE
"GGGACCTGTACAAGTA-b01","Slingshot_PCA_rooted",11.9525149224884,230,"2","2",TRUE
"GGGACCTTCATGTAGC-b01","Slingshot_PCA_rooted",14.7423240802743,320,"10","2",TRUE
"GGGAGATGTTATCCGA-b01","Slingshot_PCA_rooted",4.67656096195539,165,"2","2",TRUE
"GGGATGAGTTCGAATC-b01","Slingshot_PCA_rooted",11.9927431354556,290,"2","2",TRUE
"GGGATGATCTACTTAC-b01","Slingshot_PCA_rooted",56.0580860737618,725,"9","2",TRUE
"GGGCACTTCAGCTTAG-b01","Slingshot_PCA_rooted",19.4253272262184,500,"16","2",TRUE
"GGGCATCGTTGTCTTT-b01","Slingshot_PCA_rooted",5.86093862708473,185,"2","2",TRUE
"GGGCATCTCTGTGCAA-b01","Slingshot_PCA_rooted",50.3950037533193,640,"14","2",TRUE
"GGTGAAGCACCCATGG-b01","Slingshot_PCA_rooted",25.8385227353057,260,"3","2",TRUE
"GGTGCGTTCCATGCTC-b01","Slingshot_PCA_rooted",4.99623811728544,160,"2","2",TRUE
"GGTGTTACATAGGATA-b01","Slingshot_PCA_rooted",26.2311148340987,435,"9","2",TRUE
"GTAACGTAGCAGCCTC-b01","Slingshot_PCA_rooted",5.12342428926016,165,"2","2",TRUE
"GTAACGTGTATCTGCA-b01","Slingshot_PCA_rooted",26.7837663388127,375,"5","2",TRUE
"GTAACTGGTCCAGTGC-b01","Slingshot_PCA_rooted",5.04871269128614,165,"2","2",TRUE
"GTACGTACAAGTACCT-b01","Slingshot_PCA_rooted",4.48979881129542,185,"2","2",TRUE
"GTACTTTAGGCTATCT-b01","Slingshot_PCA_rooted",40.6715642510278,510,"14","2",TRUE
"GTAGGCCGTCTAGCCG-b01","Slingshot_PCA_rooted",49.664676686749,550,"11","2",TRUE
"GTAGTCAAGAATGTGT-b01","Slingshot_PCA_rooted",44.354047149122,550,"16","2",TRUE
"GTAGTCACATTTCAGG-b01","Slingshot_PCA_rooted",6.21880884366786,170,"2","2",TRUE
"GTAGTCATCTGAGGGA-b01","Slingshot_PCA_rooted",43.3449224458187,470,"11","2",TRUE
"GTATCTTAGGGAAACA-b01","Slingshot_PCA_rooted",27.8963291301431,380,"11","2",TRUE
"GTATCTTGTGAAAGAG-b01","Slingshot_PCA_rooted",23.529930825264,400,"10","2",TRUE
"GTATTCTTCCAGGGCT-b01","Slingshot_PCA_rooted",49.7673417215482,620,"13","2",TRUE
"GTATTCTTCGGCGCTA-b01","Slingshot_PCA_rooted",53.813143472675,640,"11","2",TRUE
"GTCAAGTTCTTGAGAC-b01","Slingshot_PCA_rooted",54.243229181824,620,"16","2",TRUE
"GTCACAAAGCACACAG-b01","Slingshot_PCA_rooted",6.06678892870881,170,"2","2",TRUE
"GTCACAATCGCGTTTC-b01","Slingshot_PCA_rooted",7.03857690822455,190,"2","2",TRUE
"GTCACGGGTAGCGATG-b01","Slingshot_PCA_rooted",46.19487027613,520,"11","2",TRUE
"GTCATTTGTACCGTTA-b01","Slingshot_PCA_rooted",5.66908750725405,160,"2","2",TRUE
"GTCCTCACACAAGCCC-b01","Slingshot_PCA_rooted",7.22802051990597,185,"2","2",TRUE
"GTCCTCAGTAAGGGCT-b01","Slingshot_PCA_rooted",53.9115051599118,670,"1","2",TRUE
"GTCGTAAGTCTAAACC-b01","Slingshot_PCA_rooted",53.6487229774452,700,"15","2",TRUE
"GTCTCGTCAGACGCCT-b01","Slingshot_PCA_rooted",14.9823691281676,405,"2","2",TRUE
"GTCTCGTTCGAGAACG-b01","Slingshot_PCA_rooted",8.54442611818145,470,"2","2",TRUE
"GTCTTCGCAAGGCTCC-b01","Slingshot_PCA_rooted",46.5707553677676,490,"15","2",TRUE
"GTCTTCGTCTATCGCC-b01","Slingshot_PCA_rooted",38.2318888130365,420,"1","2",TRUE
"GTGAAGGAGCTAAGAT-b01","Slingshot_PCA_rooted",12.0094295231357,440,"2","2",TRUE
"GTGAAGGTCAGTTGAC-b01","Slingshot_PCA_rooted",19.8223849232789,350,"9","2",TRUE
"GTGAAGGTCCTACAGA-b01","Slingshot_PCA_rooted",18.9192854866599,375,"4","2",TRUE
"GTGCAGCAGAATTCCC-b01","Slingshot_PCA_rooted",22.7399470512298,380,"1","2",TRUE
"GTGCATACAAGTCATC-b01","Slingshot_PCA_rooted",17.1132445376291,340,"4","2",TRUE
"GTGCATATCTTGTATC-b01","Slingshot_PCA_rooted",12.9375131451712,285,"6","2",TRUE
"GTGCGGTAGCGTAATA-b01","Slingshot_PCA_rooted",47.0961475592125,670,"16","2",TRUE
"GTGCGGTTCTGTACGA-b01","Slingshot_PCA_rooted",49.9132264334551,625,"16","2",TRUE
"GTGCTTCAGCGCTTAT-b01","Slingshot_PCA_rooted",21.8231191351738,260,"5","2",TRUE
"GTGGGTCTCGGCGGTT-b01","Slingshot_PCA_rooted",12.8567934786531,230,"2","2",TRUE
"GTGTGCGAGTGTTAGA-b01","Slingshot_PCA_rooted",5.72618902725697,185,"2","2",TRUE
"GTGTTAGCACCTATCC-b01","Slingshot_PCA_rooted",44.5825040378479,470,"15","2",TRUE
"GTGTTAGCACGCCAGT-b01","Slingshot_PCA_rooted",52.0235780223977,700,"13","2",TRUE
"GTGTTAGCATACCATG-b01","Slingshot_PCA_rooted",8.68350045595601,180,"2","2",TRUE
"GTTAAGCCAAGCCATT-b01","Slingshot_PCA_rooted",19.6066642946965,350,"4","2",TRUE
"GTTCATTGTCTCCACT-b01","Slingshot_PCA_rooted",50.7679186054383,630,"15","2",TRUE
"GTTCTCGGTCCAGTGC-b01","Slingshot_PCA_rooted",47.5487922121656,585,"14","2",TRUE
"GTTCTCGTCTCGATGA-b01","Slingshot_PCA_rooted",20.7835556554858,520,"5","2",TRUE
"TAAGAGAGTCCTCTTG-b01","Slingshot_PCA_rooted",10.3173134975417,230,"2","2",TRUE
"TAAGAGATCGATCCCT-b01","Slingshot_PCA_rooted",12.6541691856964,620,"2","2",TRUE
"TAAGCGTAGCGAAGGG-b01","Slingshot_PCA_rooted",10.1687338911184,170,"2","2",TRUE
"TAAGCGTTCAGAGACG-b01","Slingshot_PCA_rooted",37.2601230435153,410,"10","2",TRUE
"TAAGTGCCATACGCCG-b01","Slingshot_PCA_rooted",40.0017725543558,440,"11","2",TRUE
"TAAGTGCGTAACGACG-b01","Slingshot_PCA_rooted",13.6219828756033,245,"3","2",TRUE
"TAAGTGCTCATTTGGG-b01","Slingshot_PCA_rooted",7.8866299389628,170,"2","2",TRUE
"TAAGTGCTCGTAGGAG-b01","Slingshot_PCA_rooted",23.0668923630645,380,"4","2",TRUE
"TACACGACAGACGCAA-b01","Slingshot_PCA_rooted",15.6919262214263,320,"9","2",TRUE
"TACAGTGTCGAGCCCA-b01","Slingshot_PCA_rooted",58.6540805454278,760,"10","2",TRUE
"TACCTATCAATCAGAA-b01","Slingshot_PCA_rooted",22.5303746797797,440,"4","2",TRUE
"TACCTATGTAGAAGGA-b01","Slingshot_PCA_rooted",44.7069989775357,670,"10","2",TRUE
"TACCTATGTTATGTGC-b01","Slingshot_PCA_rooted",15.0709012929855,275,"6","2",TRUE
"TACCTATTCACCTTAT-b01","Slingshot_PCA_rooted",37.8202999121098,420,"9","2",TRUE
"TACGGGCGTACAGCAG-b01","Slingshot_PCA_rooted",46.5323733216,550,"16","2",TRUE
"TACGGTAGTAAGCACG-b01","Slingshot_PCA_rooted",21.0218351711348,410,"4","2",TRUE
"TACGGTATCCTAAGTG-b01","Slingshot_PCA_rooted",10.7604797301946,750,"2","2",TRUE
"TACTCATGTTGCGCAC-b01","Slingshot_PCA_rooted",46.5397943731051,550,"15","2",TRUE
"TACTCGCGTAAGGGAA-b01","Slingshot_PCA_rooted",26.1998843964008,380,"1","2",TRUE
"TACTCGCGTCCAAGTT-b01","Slingshot_PCA_rooted",49.1422858791377,620,"13","2",TRUE
"TACTCGCTCTACCAGA-b01","Slingshot_PCA_rooted",24.5619867976435,325,"3","2",TRUE
"TACTTACTCATCGGAT-b01","Slingshot_PCA_rooted",13.5075012504136,260,"3","2",TRUE
"TACTTGTGTGATAAGT-b01","Slingshot_PCA_rooted",62.0297083165595,640,"11","2",TRUE
"TAGACCAGTCTGATCA-b01","Slingshot_PCA_rooted",57.2012076974928,700,"11","2",TRUE
"TAGACCATCCACGTTC-b01","Slingshot_PCA_rooted",15.7833714815974,330,"9","2",TRUE
"TAGAGCTAGTGAAGAG-b01","Slingshot_PCA_rooted",11.4632908984095,400,"2","2",TRUE
"TAGAGCTGTCGGCTCA-b01","Slingshot_PCA_rooted",54.3178949934811,700,"11","2",TRUE
"TAGAGCTTCCAACCAA-b01","Slingshot_PCA_rooted",33.3087171603176,395,"5","2",TRUE
"TAGCCGGTCAAACCGT-b01","Slingshot_PCA_rooted",18.8321898819095,490,"10","2",TRUE
"TAGGCATAGGCACATG-b01","Slingshot_PCA_rooted",5.06296816817473,170,"2","2",TRUE
"TAGGCATGTAGCGTGA-b01","Slingshot_PCA_rooted",24.3215855874493,380,"10","2",TRUE
"TAGGCATGTCCAAGTT-b01","Slingshot_PCA_rooted",16.3552880493781,320,"4","2",TRUE
"TAGTGGTGTTACTGAC-b01","Slingshot_PCA_rooted",16.266138917644,320,"10","2",TRUE
"TAGTTGGGTCACTTCC-b01","Slingshot_PCA_rooted",5.1403178291916,160,"2","2",TRUE
"TAGTTGGTCCTAGTGA-b01","Slingshot_PCA_rooted",10.5433729378901,260,"2","2",TRUE
"TATCAGGAGTACGTTC-b01","Slingshot_PCA_rooted",51.7453682431029,640,"13","2",TRUE
"TATCAGGTCACTGGGC-b01","Slingshot_PCA_rooted",50.1378067766098,620,"11","2",TRUE
"TATCTCAGTAAGTTCC-b01","Slingshot_PCA_rooted",17.927159132556,335,"4","2",TRUE
"TATCTCATCGGCGCTA-b01","Slingshot_PCA_rooted",16.387690157749,340,"4","2",TRUE
"TATTACCGTGACTCAT-b01","Slingshot_PCA_rooted",6.39617996341347,190,"2","2",TRUE
"TCAACGAAGCAACGGT-b01","Slingshot_PCA_rooted",20.2045059218643,345,"10","2",TRUE
"TCAACGATCGTATCAG-b01","Slingshot_PCA_rooted",44.4624833708409,520,"4","2",TRUE
"TCAATCTCAGCCAGAA-b01","Slingshot_PCA_rooted",47.3910663964559,620,"13","2",TRUE
"TCACAAGAGGGCTCTC-b01","Slingshot_PCA_rooted",12.3894844848108,175,"2","2",TRUE
"TCACAAGCACGTGAGA-b01","Slingshot_PCA_rooted",23.4457037956155,405,"9","2",TRUE
"TCACAAGTCACTGGGC-b01","Slingshot_PCA_rooted",42.158858329206,440,"1","2",TRUE
"TCACAAGTCGCAGGCT-b01","Slingshot_PCA_rooted",6.093844214831,175,"2","2",TRUE
"TCACGAAAGGGCATGT-b01","Slingshot_PCA_rooted",27.7903058625091,400,"5","2",TRUE
"TCACGAATCGTCTGAA-b01","Slingshot_PCA_rooted",13.1463567839428,260,"7","2",TRUE
"TCAGCAACAGGTGCCT-b01","Slingshot_PCA_rooted",25.1219777831326,370,"4","2",TRUE
"TCAGCAACATCCAACA-b01","Slingshot_PCA_rooted",13.7057753743781,245,"3","2",TRUE
"TCAGCAAGTCCATCCT-b01","Slingshot_PCA_rooted",42.6694290976014,620,"4","2",TRUE
"TCAGCTCCAAGAGGCT-b01","Slingshot_PCA_rooted",14.8589504114589,385,"2","2",TRUE
"TCAGCTCCAATGTTGC-b01","Slingshot_PCA_rooted",51.3485680793329,640,"14","2",TRUE
"TCAGCTCGTTGGACCC-b01","Slingshot_PCA_rooted",26.1243946477417,265,"3","2",TRUE
"TCAGGATGTTATTCTC-b01","Slingshot_PCA_rooted",4.90441945116318,170,"2","2",TRUE
"TCAGGATTCAAAGACA-b01","Slingshot_PCA_rooted",40.1989592306424,440,"9","2",TRUE
"TCAGGATTCAATAAGG-b01","Slingshot_PCA_rooted",29.793162217648,235,"3","2",TRUE
"TCAGGTAGTACCGGCT-b01","Slingshot_PCA_rooted",26.9891487859869,700,"5","2",TRUE
"TCATTACGTAGGGTAC-b01","Slingshot_PCA_rooted",4.79954101609341,195,"2","2",TRUE
"TCATTACGTCGTCTTC-b01","Slingshot_PCA_rooted",61.616554902153,780,"11","2",TRUE
"TCATTACTCCCACTTG-b01","Slingshot_PCA_rooted",11.5396911865146,190,"2","2",TRUE
"TCGCGAGAGAGATGAG-b01","Slingshot_PCA_rooted",17.6437992563982,420,"4","2",TRUE
"TCGCGAGCAACTGGCC-b01","Slingshot_PCA_rooted",10.8097107472972,260,"2","2",TRUE
"TCGGGACAGGCGACAT-b01","Slingshot_PCA_rooted",19.1076428897017,350,"4","2",TRUE
"TCGGGACTCCCTAATT-b01","Slingshot_PCA_rooted",5.07306874567402,195,"2","2",TRUE
"TCGGTAACAGCTGGCT-b01","Slingshot_PCA_rooted",15.4009257691089,325,"4","2",TRUE
"TCGGTAACATAAAGGT-b01","Slingshot_PCA_rooted",12.3881678450396,700,"2","2",TRUE
"TCGGTAATCCAATGGT-b01","Slingshot_PCA_rooted",28.3848165531586,380,"5","2",TRUE
"TCGTACCAGCAAATCA-b01","Slingshot_PCA_rooted",29.6349492419369,265,"3","2",TRUE
"TCGTACCCATTGAGCT-b01","Slingshot_PCA_rooted",17.6622091482237,310,"10","2",TRUE
"TCGTAGACACAAGACG-b01","Slingshot_PCA_rooted",13.5888876004137,390,"2","2",TRUE
"TCGTAGAGTGACGCCT-b01","Slingshot_PCA_rooted",9.95081699644959,170,"8","2",TRUE
"TCTCATACAAGAAAGG-b01","Slingshot_PCA_rooted",48.0175074823631,700,"16","2",TRUE
"TCTCATATCTGCGGCA-b01","Slingshot_PCA_rooted",3.95972077349105,165,"2","2",TRUE
"TCTGGAACATTCGACA-b01","Slingshot_PCA_rooted",8.15357190995064,195,"2","2",TRUE
"TCTGGAAGTAAGTAGT-b01","Slingshot_PCA_rooted",10.8748127108824,700,"2","2",TRUE
"TCTTCGGCAGGGAGAG-b01","Slingshot_PCA_rooted",45.5163915919935,620,"16","2",TRUE
"TCTTTCCAGCGTGAAC-b01","Slingshot_PCA_rooted",51.3927801550591,630,"1","2",TRUE
"TCTTTCCAGTGTACGG-b01","Slingshot_PCA_rooted",12.072741587625,440,"8","2",TRUE
"TCTTTCCGTCCGTGAC-b01","Slingshot_PCA_rooted",11.3558070800085,550,"2","2",TRUE
"TGAAAGAAGTACGACG-b01","Slingshot_PCA_rooted",26.8317541304449,390,"5","2",TRUE
"TGAAAGACATATGAGA-b01","Slingshot_PCA_rooted",52.3090673305818,640,"14","2",TRUE
"TGAAAGACATCGATGT-b01","Slingshot_PCA_rooted",26.4561850790963,395,"10","2",TRUE
"TGAAAGATCCCTCAGT-b01","Slingshot_PCA_rooted",21.2797664340128,355,"4","2",TRUE
"TGACAACAGTGGAGTC-b01","Slingshot_PCA_rooted",13.7523815701627,260,"7","2",TRUE
"TGACAACCACATCCAA-b01","Slingshot_PCA_rooted",20.7912615324337,420,"5","2",TRUE
"TGACAACTCTATCCCG-b01","Slingshot_PCA_rooted",14.3023795817537,385,"6","2",TRUE
"TGACTAGGTCCCGACA-b01","Slingshot_PCA_rooted",7.00771259865687,190,"2","2",TRUE
"TGACTAGTCGGCATCG-b01","Slingshot_PCA_rooted",20.264156768485,370,"4","2",TRUE
"TGACTTTCATGTCTCC-b01","Slingshot_PCA_rooted",34.6867079249677,430,"5","2",TRUE
"TGACTTTGTCGCGTGT-b01","Slingshot_PCA_rooted",12.1471173384982,280,"2","2",TRUE
"TGACTTTTCCACGCAG-b01","Slingshot_PCA_rooted",46.938858836407,510,"16","2",TRUE
"TGAGCATAGGCATGGT-b01","Slingshot_PCA_rooted",21.4955131057422,375,"4","2",TRUE
"TGAGCATGTATGAAAC-b01","Slingshot_PCA_rooted",29.4785572584864,385,"5","2",TRUE
"TGAGCCGTCAACGAAA-b01","Slingshot_PCA_rooted",10.9855779861383,440,"2","2",TRUE
"TGAGGGAAGTATCGAA-b01","Slingshot_PCA_rooted",44.2995529027909,550,"15","2",TRUE
"TGATTTCGTCGCATCG-b01","Slingshot_PCA_rooted",13.7633662973664,285,"8","2",TRUE
"TGATTTCTCCAGAAGG-b01","Slingshot_PCA_rooted",22.1325003615028,400,"5","2",TRUE
"TGCACCTAGGTAGCCA-b01","Slingshot_PCA_rooted",23.178041652001,405,"5","2",TRUE
"TGCCCATAGCTAAACA-b01","Slingshot_PCA_rooted",47.4696581391153,550,"14","2",TRUE
"TGCCCATAGGAATCGC-b01","Slingshot_PCA_rooted",59.9380990260832,750,"11","2",TRUE
"TGCCCATGTGATGTGG-b01","Slingshot_PCA_rooted",43.4768757833965,620,"4","2",TRUE
"TGCCCATTCTTGTACT-b01","Slingshot_PCA_rooted",55.9735810784203,640,"1","2",TRUE
"TGCCCTAAGTTGAGTA-b01","Slingshot_PCA_rooted",54.003200684045,725,"13","2",TRUE
"TGCCCTATCGCTTAGA-b01","Slingshot_PCA_rooted",19.8207683926004,345,"10","2",TRUE
"TGCCCTATCTACTCAT-b01","Slingshot_PCA_rooted",26.7643867827083,275,"3","2",TRUE
"TGCGGGTAGAGACTAT-b01","Slingshot_PCA_rooted",13.4223772894898,260,"2","2",TRUE
"TGCGGGTAGTAACCCT-b01","Slingshot_PCA_rooted",7.09156473515116,185,"2","2",TRUE
"TGCGGGTTCCGCTGTT-b01","Slingshot_PCA_rooted",59.7788074547444,700,"10","2",TRUE
"TGCGGGTTCGGACAAG-b01","Slingshot_PCA_rooted",21.0162271305858,450,"5","2",TRUE
"TGCGTGGAGAGCCCAA-b01","Slingshot_PCA_rooted",13.0090618074913,220,"3","2",TRUE
"TGCGTGGTCGACAGCC-b01","Slingshot_PCA_rooted",54.9816434378434,640,"15","2",TRUE
"TGCTACCGTCAATACC-b01","Slingshot_PCA_rooted",25.8930443956789,365,"5","2",TRUE
"TGCTACCGTTAAGACA-b01","Slingshot_PCA_rooted",3.95283761679568,170,"2","2",TRUE
"TGGACGCGTCGAGTTT-b01","Slingshot_PCA_rooted",30.5759303875683,390,"5","2",TRUE
"TGGACGCGTGGTAACG-b01","Slingshot_PCA_rooted",53.0354802326194,700,"1","2",TRUE
"TGGCGCAGTGCCTTGG-b01","Slingshot_PCA_rooted",45.3405296565595,520,"16","2",TRUE
"TGGGAAGCATGCCCGA-b01","Slingshot_PCA_rooted",58.3606023783219,725,"11","2",TRUE
"TGGGAAGGTGCCTGCA-b01","Slingshot_PCA_rooted",17.890514681034,245,"3","2",TRUE
"TGGGAAGTCGGACAAG-b01","Slingshot_PCA_rooted",4.84286184601054,165,"2","2",TRUE
"TGGGCGTCAGTCGATT-b01","Slingshot_PCA_rooted",14.9599024241069,700,"2","2",TRUE
"TGGTTAGAGGAGTTGC-b01","Slingshot_PCA_rooted",11.3670731953113,380,"2","2",TRUE
"TGGTTAGAGTCAAGCG-b01","Slingshot_PCA_rooted",10.8538454382366,490,"2","2",TRUE
"TGGTTAGCAAGCCATT-b01","Slingshot_PCA_rooted",50.4940781957704,620,"11","2",TRUE
"TGGTTAGCACGCGAAA-b01","Slingshot_PCA_rooted",44.9634776860246,550,"11","2",TRUE
"TGGTTAGCAGACAGGT-b01","Slingshot_PCA_rooted",21.4896392500128,420,"5","2",TRUE
"TGGTTAGTCGCATGGC-b01","Slingshot_PCA_rooted",40.3509733701627,425,"10","2",TRUE
"TGTCCCAAGAATAGGG-b01","Slingshot_PCA_rooted",34.8839828316146,435,"10","2",TRUE
"TGTCCCAGTTCATGGT-b01","Slingshot_PCA_rooted",17.8825625757486,325,"9","2",TRUE
"TGTGGTAAGGGTTCCC-b01","Slingshot_PCA_rooted",10.5751826149818,170,"2","2",TRUE
"TGTGTTTCAAGCTGTT-b01","Slingshot_PCA_rooted",37.9129758985836,550,"4","2",TRUE
"TGTGTTTTCGGATGTT-b01","Slingshot_PCA_rooted",5.12310888860301,160,"2","2",TRUE
"TGTTCCGGTCAGCTAT-b01","Slingshot_PCA_rooted",3.19842904801733,160,"2","2",TRUE
"TTAACTCAGTTTGCGT-b01","Slingshot_PCA_rooted",17.8399770348748,370,"4","2",TRUE
"TTAACTCGTGCGAAAC-b01","Slingshot_PCA_rooted",11.9143084785573,260,"3","2",TRUE
"TTAGGACAGTACATGA-b01","Slingshot_PCA_rooted",10.3808790679119,415,"2","2",TRUE
"TTAGGCACACATGGGA-b01","Slingshot_PCA_rooted",57.1809282491738,700,"10","2",TRUE
"TTCCCAGTCAGCGACC-b01","Slingshot_PCA_rooted",26.0267228216356,370,"5","2",TRUE
"TTCGAAGAGCTACCGC-b01","Slingshot_PCA_rooted",10.7437817182332,700,"2","2",TRUE
"TTCGAAGCACTGAAGG-b01","Slingshot_PCA_rooted",19.6085611463416,390,"5","2",TRUE
"TTCGAAGCATTCCTGC-b01","Slingshot_PCA_rooted",21.8891829508276,375,"5","2",TRUE
"TTCGGTCCAGGGTATG-b01","Slingshot_PCA_rooted",26.3526288118135,450,"5","2",TRUE
"TTCGGTCGTCTTGTCC-b01","Slingshot_PCA_rooted",28.2538788474471,390,"5","2",TRUE
"TTCGGTCGTTGGTGGA-b01","Slingshot_PCA_rooted",31.5603786514024,410,"9","2",TRUE
"TTCTACACAGTCGATT-b01","Slingshot_PCA_rooted",52.4972670320092,700,"14","2",TRUE
"TTGAACGAGTACATGA-b01","Slingshot_PCA_rooted",55.6915642194253,700,"11","2",TRUE
"TTGAACGCACCAGGTC-b01","Slingshot_PCA_rooted",9.11928850046459,490,"2","2",TRUE
"TTGAACGGTCTAACGT-b01","Slingshot_PCA_rooted",14.0324171805262,220,"6","2",TRUE
"TTGACTTAGCTAGTTC-b01","Slingshot_PCA_rooted",13.3031544417431,585,"2","2",TRUE
"TTGACTTCAATCTACG-b01","Slingshot_PCA_rooted",18.1926959340642,390,"5","2",TRUE
"TTGACTTGTCTGGTCG-b01","Slingshot_PCA_rooted",44.9677109928315,585,"10","2",TRUE
"TTGCCGTAGATATGCA-b01","Slingshot_PCA_rooted",17.2889550438658,245,"3","2",TRUE
"TTTATGCAGACACTAA-b01","Slingshot_PCA_rooted",43.689739216622,640,"4","2",TRUE
"TTTATGCCAGTTAACC-b01","Slingshot_PCA_rooted",41.4176335163045,500,"14","2",TRUE
"AAAGTAGCAACACCTA-b02","Slingshot_PCA_rooted",14.1856174025503,270,"2","2",TRUE
"AAAGTAGGTTCAGACT-b02","Slingshot_PCA_rooted",28.6530784616884,430,"5","2",TRUE
"AACTCCCAGGTCGGAT-b02","Slingshot_PCA_rooted",15.1432508366421,290,"8","2",TRUE
"AACTTTCGTACACCGC-b02","Slingshot_PCA_rooted",48.2675450596529,620,"11","2",TRUE
"AAGACCTAGGCTCAGA-b02","Slingshot_PCA_rooted",6.29251465010685,185,"2","2",TRUE
"ACACCCTGTCTTGCGG-b02","Slingshot_PCA_rooted",50.0550143299865,670,"14","2",TRUE
"ACAGCCGAGCGATATA-b02","Slingshot_PCA_rooted",6.65974798289468,190,"2","2",TRUE
"ACCAGTAGTCATCGGC-b02","Slingshot_PCA_rooted",57.8486227152918,725,"15","2",TRUE
"ACGATGTGTAATAGCA-b02","Slingshot_PCA_rooted",23.5381897919614,410,"5","2",TRUE
"ACGGGTCTCAGTCAGT-b02","Slingshot_PCA_rooted",45.8320402937746,490,"11","2",TRUE
"ACTGAGTTCTTGTATC-b02","Slingshot_PCA_rooted",54.3793182510171,700,"1","2",TRUE
"ACTGATGCAAGCGATG-b02","Slingshot_PCA_rooted",57.6663636521936,700,"10","2",TRUE
"ACTTACTAGGGTGTTG-b02","Slingshot_PCA_rooted",40.0441962606287,435,"11","2",TRUE
"ACTTGTTGTGGCCCTA-b02","Slingshot_PCA_rooted",49.9962484397233,550,"16","2",TRUE
"AGCTCCTGTTATTCTC-b02","Slingshot_PCA_rooted",18.5797768886186,350,"4","2",TRUE
"AGCTCCTTCAGCTCTC-b02","Slingshot_PCA_rooted",19.5902749760002,320,"10","2",TRUE
"AGCTTGATCTTGCAAG-b02","Slingshot_PCA_rooted",17.1771474754696,325,"9","2",TRUE
"AGGTCATCACACCGCA-b02","Slingshot_PCA_rooted",17.12619847159,330,"4","2",TRUE
"AGTAGTCGTCGAATCT-b02","Slingshot_PCA_rooted",53.029779590395,620,"16","2",TRUE
"ATAACGCGTATGGTTC-b02","Slingshot_PCA_rooted",14.2318657387568,245,"6","2",TRUE
"ATCATGGGTCTAGTGT-b02","Slingshot_PCA_rooted",51.952704874854,550,"15","2",TRUE
"ATCATGGTCATGTCCC-b02","Slingshot_PCA_rooted",17.5771877090618,450,"5","2",TRUE
"ATCCGAAGTGGCTCCA-b02","Slingshot_PCA_rooted",16.8192217438755,630,"10","2",TRUE
"ATCGAGTGTCATCGGC-b02","Slingshot_PCA_rooted",12.0454053187617,270,"2","2",TRUE
"ATCTGCCCATCCCACT-b02","Slingshot_PCA_rooted",24.2674917424477,390,"5","2",TRUE
"ATTGGACCATTCACTT-b02","Slingshot_PCA_rooted",20.3985508416367,360,"4","2",TRUE
"ATTGGACGTTCCACGG-b02","Slingshot_PCA_rooted",13.4928270591769,265,"2","2",TRUE
"ATTTCTGCAACGATCT-b02","Slingshot_PCA_rooted",14.8089501519639,300,"10","2",TRUE
"ATTTCTGGTATTAGCC-b02","Slingshot_PCA_rooted",62.8947547736242,750,"11","2",TRUE
"CAACCTCTCACCCTCA-b02","Slingshot_PCA_rooted",19.7069355435053,410,"5","2",TRUE
"CAAGATCAGCCACCTG-b02","Slingshot_PCA_rooted",5.86689729776579,160,"2","2",TRUE
"CAAGGCCAGCGATAGC-b02","Slingshot_PCA_rooted",20.0720186879642,395,"5","2",TRUE
"CAAGGCCTCAGCCTAA-b02","Slingshot_PCA_rooted",12.9545424208412,260,"3","2",TRUE
"CACACTCCAAAGCAAT-b02","Slingshot_PCA_rooted",50.80350424867,625,"13","2",TRUE
"CAGATCACATCGGGTC-b02","Slingshot_PCA_rooted",21.7406366109274,380,"10","2",TRUE
"CAGCAGCGTAGAGCTG-b02","Slingshot_PCA_rooted",26.9582307268558,390,"5","2",TRUE
"CAGCGACCACCAGGCT-b02","Slingshot_PCA_rooted",12.5210803096912,295,"2","2",TRUE
"CAGCGACTCCCAACGG-b02","Slingshot_PCA_rooted",18.4166767171286,280,"2","2",TRUE
"CAGCTAAGTCTTCGTC-b02","Slingshot_PCA_rooted",57.6903540093057,775,"1","2",TRUE
"CAGGTGCAGAGCTGCA-b02","Slingshot_PCA_rooted",12.1742057557112,550,"2","2",TRUE
"CATATTCAGAGCTGGT-b02","Slingshot_PCA_rooted",9.46678579638343,200,"8","2",TRUE
"CATCGGGAGCACCGCT-b02","Slingshot_PCA_rooted",26.3334689350161,405,"5","2",TRUE
"CATCGGGGTACCAGTT-b02","Slingshot_PCA_rooted",18.6298392754734,330,"10","2",TRUE
"CATGACAGTCAAGCGA-b02","Slingshot_PCA_rooted",11.0926310642767,635,"2","2",TRUE
"CATGGCGAGAACTGTA-b02","Slingshot_PCA_rooted",17.6632759469362,420,"5","2",TRUE
"CCACTACCAGTCTTCC-b02","Slingshot_PCA_rooted",21.1354040413646,360,"4","2",TRUE
"CCATTCGTCAAAGACA-b02","Slingshot_PCA_rooted",13.4350763555961,500,"2","2",TRUE
"CCCATACCAGTGGAGT-b02","Slingshot_PCA_rooted",28.9072480210373,265,"3","2",TRUE
"CCGGGATGTTCTGTTT-b02","Slingshot_PCA_rooted",6.69253891640527,170,"2","2",TRUE
"CCGTACTCAGGTTTCA-b02","Slingshot_PCA_rooted",14.9844624468447,385,"2","2",TRUE
"CCGTACTTCCAATGGT-b02","Slingshot_PCA_rooted",14.2516661067311,350,"9","2",TRUE
"CCTATTAGTATCGCAT-b02","Slingshot_PCA_rooted",11.8749756371163,260,"2","2",TRUE
"CGACCTTAGATGGCGT-b02","Slingshot_PCA_rooted",59.5042088807325,725,"15","2",TRUE
"CGACCTTAGTACGTTC-b02","Slingshot_PCA_rooted",22.9779306352831,490,"5","2",TRUE
"CGACCTTGTAGCTGCC-b02","Slingshot_PCA_rooted",30.0910243874635,450,"10","2",TRUE
"CGACTTCGTGTGCGTC-b02","Slingshot_PCA_rooted",59.7880137241854,700,"15","2",TRUE
"CGCCAAGCAGCCTGTG-b02","Slingshot_PCA_rooted",55.7399349173081,700,"15","2",TRUE
"CGCGTTTGTTTGGGCC-b02","Slingshot_PCA_rooted",24.6889845390643,380,"5","2",TRUE
"CGCTATCTCCCTCTTT-b02","Slingshot_PCA_rooted",47.6156051371202,490,"11","2",TRUE
"CGCTGGAAGACGCTTT-b02","Slingshot_PCA_rooted",21.4537490536183,390,"9","2",TRUE
"CGCTTCAAGGACCACA-b02","Slingshot_PCA_rooted",52.0121049245916,550,"11","2",TRUE
"CGTAGCGGTTACGACT-b02","Slingshot_PCA_rooted",36.6097552667051,410,"10","2",TRUE
"CGTCACTCAACGATCT-b02","Slingshot_PCA_rooted",6.50299218540442,180,"2","2",TRUE
"CGTGTCTTCGAATGCT-b02","Slingshot_PCA_rooted",16.1520707962557,325,"9","2",TRUE
"CTAACTTAGATCCCGC-b02","Slingshot_PCA_rooted",5.25371893743388,185,"2","2",TRUE
"CTAAGACGTCCCGACA-b02","Slingshot_PCA_rooted",25.8398957308107,375,"9","2",TRUE
"CTACATTAGAGGTTGC-b02","Slingshot_PCA_rooted",12.4380021055675,700,"2","2",TRUE
"CTAGAGTAGTGAATTG-b02","Slingshot_PCA_rooted",19.2412517064786,620,"5","2",TRUE
"CTAGAGTGTCGCGAAA-b02","Slingshot_PCA_rooted",7.49985163089584,165,"2","2",TRUE
"CTAGCCTTCAACACAC-b02","Slingshot_PCA_rooted",23.2251456758688,450,"5","2",TRUE
"CTAGCCTTCGCTAGCG-b02","Slingshot_PCA_rooted",13.5609541437786,300,"8","2",TRUE
"CTCGAAAGTTTGGCGC-b02","Slingshot_PCA_rooted",43.4816512000143,640,"4","2",TRUE
"CTCGGAGTCCACGCAG-b02","Slingshot_PCA_rooted",16.9610758889861,640,"7","2",TRUE
"CTCGTCAAGCTGAAAT-b02","Slingshot_PCA_rooted",8.98154491596249,550,"2","2",TRUE
"CTCGTCAGTGACGCCT-b02","Slingshot_PCA_rooted",44.7949408002421,500,"4","2",TRUE
"CTCGTCATCATTTGGG-b02","Slingshot_PCA_rooted",11.2631755874897,700,"2","2",TRUE
"CTGATAGGTAGCGCTC-b02","Slingshot_PCA_rooted",6.20675472971924,170,"2","2",TRUE
"CTGCCTATCAGCTTAG-b02","Slingshot_PCA_rooted",54.5851243814924,640,"10","2",TRUE
"CTGTTTAGTAAAGTCA-b02","Slingshot_PCA_rooted",60.8989935500109,755,"11","2",TRUE
"CTTCTCTAGTACGTAA-b02","Slingshot_PCA_rooted",7.05328125104247,170,"2","2",TRUE
"CTTCTCTCACTCGACG-b02","Slingshot_PCA_rooted",60.1153519567138,750,"11","2",TRUE
"GAAACTCAGGAACTGC-b02","Slingshot_PCA_rooted",5.67441225670758,165,"2","2",TRUE
"GAAATGACACAGACTT-b02","Slingshot_PCA_rooted",56.0650918204901,700,"15","2",TRUE
"GAACATCGTCGACTAT-b02","Slingshot_PCA_rooted",4.8627608763784,165,"2","2",TRUE
"GAACATCTCAAGATCC-b02","Slingshot_PCA_rooted",58.2217406218274,700,"11","2",TRUE
"GAACCTAGTCACTGGC-b02","Slingshot_PCA_rooted",11.4331229187157,200,"2","2",TRUE
"GACGCGTCAATCCAAC-b02","Slingshot_PCA_rooted",44.9284485873375,640,"4","2",TRUE
"GACTGCGTCATCTGCC-b02","Slingshot_PCA_rooted",13.4081529637342,260,"3","2",TRUE
"GAGTCCGTCAGCCTAA-b02","Slingshot_PCA_rooted",6.83820029097953,175,"2","2",TRUE
"GATCGATTCTCCTATA-b02","Slingshot_PCA_rooted",11.6814521715595,245,"2","2",TRUE
"GCACATACATGATCCA-b02","Slingshot_PCA_rooted",25.0375018073766,390,"5","2",TRUE
"GCACTCTGTTTGTGTG-b02","Slingshot_PCA_rooted",52.0777341630199,620,"16","2",TRUE
"GCATACATCCTCGCAT-b02","Slingshot_PCA_rooted",11.7286264907958,275,"2","2",TRUE
"GCATGCGGTCGACTGC-b02","Slingshot_PCA_rooted",15.5266780432626,300,"10","2",TRUE
"GCCAAATTCCAACCAA-b02","Slingshot_PCA_rooted",55.3846674905993,700,"11","2",TRUE
"GCCTCTACAGCTTAAC-b02","Slingshot_PCA_rooted",53.1911857357125,700,"13","2",TRUE
"GCGCGATGTTAAGGGC-b02","Slingshot_PCA_rooted",24.919914600883,425,"5","2",TRUE
"GCGCGATGTTTCGCTC-b02","Slingshot_PCA_rooted",39.61065289151,440,"14","2",TRUE
"GCTGCAGAGGGTTTCT-b02","Slingshot_PCA_rooted",47.6073344691995,620,"14","2",TRUE
"GGACAAGGTAAGAGAG-b02","Slingshot_PCA_rooted",20.9799641010464,450,"5","2",TRUE
"GGACAGACATGCTAGT-b02","Slingshot_PCA_rooted",8.50115537388304,450,"2","2",TRUE
"GGGAGATGTACCATCA-b02","Slingshot_PCA_rooted",13.9174007909217,245,"3","2",TRUE
"GGGTCTGTCCTCTAGC-b02","Slingshot_PCA_rooted",7.26544426301187,170,"2","2",TRUE
"GGTGCGTCATTGGCGC-b02","Slingshot_PCA_rooted",58.6571140703391,700,"11","2",TRUE
"GTAACTGAGCAGACTG-b02","Slingshot_PCA_rooted",10.4875839718119,390,"2","2",TRUE
"GTACTCCAGATGGGTC-b02","Slingshot_PCA_rooted",37.9199729983385,640,"5","2",TRUE
"GTACTCCTCATAGCAC-b02","Slingshot_PCA_rooted",22.1417252869882,420,"5","2",TRUE
"GTATTCTTCTCGCATC-b02","Slingshot_PCA_rooted",38.026633119704,630,"5","2",TRUE
"GTCGGGTTCTTGTACT-b02","Slingshot_PCA_rooted",14.8418179100412,360,"2","2",TRUE
"GTCTTCGGTCAAAGCG-b02","Slingshot_PCA_rooted",50.1645712399346,550,"11","2",TRUE
"GTGAAGGCACCAGATT-b02","Slingshot_PCA_rooted",52.2782169407286,750,"10","2",TRUE
"GTGCAGCCATGCCTTC-b02","Slingshot_PCA_rooted",12.2325688521235,270,"2","2",TRUE
"GTGGGTCCAGTGGGAT-b02","Slingshot_PCA_rooted",12.568973207938,285,"2","2",TRUE
"GTTAAGCGTAAACGCG-b02","Slingshot_PCA_rooted",10.9940233098601,450,"2","2",TRUE
"GTTCATTAGGGATGGG-b02","Slingshot_PCA_rooted",55.0633617282485,630,"16","2",TRUE
"GTTCATTTCTTAGCCC-b02","Slingshot_PCA_rooted",22.587340750071,390,"10","2",TRUE
"GTTCTCGGTGGACGAT-b02","Slingshot_PCA_rooted",14.0190788223827,260,"7","2",TRUE
"TACACGAAGGCATGGT-b02","Slingshot_PCA_rooted",10.3856659067814,205,"2","2",TRUE
"TACCTATGTGTTGGGA-b02","Slingshot_PCA_rooted",13.6519454591704,290,"2","2",TRUE
"TACGGTACAATCTACG-b02","Slingshot_PCA_rooted",15.9729450125039,300,"10","2",TRUE
"TAGACCACAAGCGATG-b02","Slingshot_PCA_rooted",45.9664076615511,490,"16","2",TRUE
"TAGGCATAGTACCGGA-b02","Slingshot_PCA_rooted",57.749835345337,725,"10","2",TRUE
"TATCAGGGTAAATGTG-b02","Slingshot_PCA_rooted",13.5458645586648,265,"7","2",TRUE
"TATTACCCACCGATAT-b02","Slingshot_PCA_rooted",22.3688697509108,430,"5","2",TRUE
"TCAATCTCAACACCTA-b02","Slingshot_PCA_rooted",17.7454211892597,340,"4","2",TRUE
"TCAGATGGTTGCGTTA-b02","Slingshot_PCA_rooted",10.5866708825892,260,"2","2",TRUE
"TCAGGTACACGGATAG-b02","Slingshot_PCA_rooted",12.1021222894728,260,"8","2",TRUE
"TCCCGATTCAACGCTA-b02","Slingshot_PCA_rooted",10.4423509756408,390,"2","2",TRUE
"TCTATTGGTACGCTGC-b02","Slingshot_PCA_rooted",10.8929956820449,210,"2","2",TRUE
"TCTCATATCTTCATGT-b02","Slingshot_PCA_rooted",15.2586654512268,265,"3","2",TRUE
"TCTGGAAGTGGAAAGA-b02","Slingshot_PCA_rooted",57.0289333446839,640,"16","2",TRUE
"TGAAAGAAGCGTAATA-b02","Slingshot_PCA_rooted",12.087292176347,550,"2","2",TRUE
"TGACGGCTCCTACAGA-b02","Slingshot_PCA_rooted",10.7237720915004,190,"2","2",TRUE
"TGAGAGGAGACTACAA-b02","Slingshot_PCA_rooted",19.4349079150244,490,"5","2",TRUE
"TGAGAGGCAGCTGCAC-b02","Slingshot_PCA_rooted",17.7724501318881,330,"10","2",TRUE
"TGAGGGATCGTACCGG-b02","Slingshot_PCA_rooted",17.1379389478462,620,"5","2",TRUE
"TGCCCATGTACACCGC-b02","Slingshot_PCA_rooted",7.43079140667052,190,"2","2",TRUE
"TGCCCATGTCCGTCAG-b02","Slingshot_PCA_rooted",19.2316482461284,365,"4","2",TRUE
"TGCTGCTGTAATCACC-b02","Slingshot_PCA_rooted",56.706305832686,700,"15","2",TRUE
"TGGCCAGGTAAGTTCC-b02","Slingshot_PCA_rooted",4.98298181010306,165,"2","2",TRUE
"TGGCGCATCAGCTGGC-b02","Slingshot_PCA_rooted",14.681839352808,585,"2","2",TRUE
"TGGTTCCAGGTACTCT-b02","Slingshot_PCA_rooted",60.7417605876394,750,"11","2",TRUE
"TGTCCCAAGAGGTAGA-b02","Slingshot_PCA_rooted",14.1480666512679,275,"3","2",TRUE
"TGTGTTTGTGCAGTAG-b02","Slingshot_PCA_rooted",52.3142234930799,640,"11","2",TRUE
"TTAGGCAGTATATCCG-b02","Slingshot_PCA_rooted",12.4232243620317,270,"2","2",TRUE
"TTGACTTTCTTATCTG-b02","Slingshot_PCA_rooted",6.71934010562573,180,"2","2",TRUE
"TTGCCGTTCCTTTACA-b02","Slingshot_PCA_rooted",25.6513602896356,390,"5","2",TRUE
"TTGTAGGAGGGATACC-b02","Slingshot_PCA_rooted",13.7947072037643,270,"3","2",TRUE
"TTTATGCAGTGACTCT-b02","Slingshot_PCA_rooted",50.7133074643682,640,"13","2",TRUE
"AGAGTGGCAGCTGCTG-500.1.1","Slingshot_PCA_rooted",25.77690007801,365,"4","2",TRUE
"CAACCAAGTCTCCCTA-500.1.1","Slingshot_PCA_rooted",31.7583718957037,380,"5","2",TRUE
"TTTCCTCTCTCACATT-500.1.1","Slingshot_PCA_rooted",47.8751918682708,585,"15","2",TRUE
"ACATCAGCAGTGGAGT-500.1.2","Slingshot_PCA_rooted",52.8098126661943,550,"1","2",TRUE
"ACTGATGAGACAAGCC-500.1.2","Slingshot_PCA_rooted",28.4101981467743,380,"4","2",TRUE
"AGTGAGGGTCGCCATG-500.1.2","Slingshot_PCA_rooted",46.9443365389973,625,"5","2",TRUE
"CCTCTGATCGTACGGC-500.1.2","Slingshot_PCA_rooted",27.3701639400616,390,"10","2",TRUE
"CGGAGCTTCTGTTTGT-500.1.2","Slingshot_PCA_rooted",39.8375523678503,490,"5","2",TRUE
"TACTTGTCATACGCCG-500.1.2","Slingshot_PCA_rooted",41.8771021877567,620,"5","2",TRUE
"TTGCCGTTCCTGTAGA-500.1.2","Slingshot_PCA_rooted",25.2290260939869,350,"5","2",TRUE
"CTGTTTAAGAGCAATT-500.1.3","Slingshot_PCA_rooted",46.0226875866165,530,"13","2",TRUE
"TCATTACTCGTGTAGT-500.1.3","Slingshot_PCA_rooted",42.1674132652647,530,"4","2",TRUE
"AAAGTAGAGGACGAAA-500.2.1","Slingshot_PCA_rooted",57.763038451633,640,"16","2",TRUE
"AAAGTAGGTAAAGTCA-500.2.1","Slingshot_PCA_rooted",51.4914473245593,620,"14","2",TRUE
"AAAGTAGGTCCTGCTT-500.2.1","Slingshot_PCA_rooted",29.3960736869369,400,"5","2",TRUE
"AAATGCCGTATAAACG-500.2.1","Slingshot_PCA_rooted",57.0938859286862,700,"15","2",TRUE
"AACCATGCATGCCCGA-500.2.1","Slingshot_PCA_rooted",57.6484723017953,635,"16","2",TRUE
"AACCGCGAGGTGACCA-500.2.1","Slingshot_PCA_rooted",53.7719043103137,620,"11","2",TRUE
"AACTGGTTCGAATGGG-500.2.1","Slingshot_PCA_rooted",53.1780209565993,585,"1","2",TRUE
"AAGTCTGGTAGCACGA-500.2.1","Slingshot_PCA_rooted",54.026318490588,640,"14","2",TRUE
"AATCCAGTCGCCATAA-500.2.1","Slingshot_PCA_rooted",46.402368579716,630,"4","2",TRUE
"ACATCAGAGAATTGTG-500.2.1","Slingshot_PCA_rooted",61.5632984121649,725,"1","2",TRUE
"ACCAGTAAGTCGAGTG-500.2.1","Slingshot_PCA_rooted",53.602737226111,635,"15","2",TRUE
"ACGCCGACACAGAGGT-500.2.1","Slingshot_PCA_rooted",60.6513690633333,700,"11","2",TRUE
"ACGCCGAGTGTTGGGA-500.2.1","Slingshot_PCA_rooted",46.6783895619239,625,"5","2",TRUE
"ACGGGCTCACGGTGTC-500.2.1","Slingshot_PCA_rooted",49.2708198297596,520,"13","2",TRUE
"ACGGGTCGTCACAAGG-500.2.1","Slingshot_PCA_rooted",54.0832091824099,630,"11","2",TRUE
"ACTGAACTCGCCATAA-500.2.1","Slingshot_PCA_rooted",57.7932867818206,700,"10","2",TRUE
"ACTTACTCAATTGCTG-500.2.1","Slingshot_PCA_rooted",37.4417350251879,450,"14","2",TRUE
"ACTTTCATCAAAGTAG-500.2.1","Slingshot_PCA_rooted",53.7708263676252,700,"13","2",TRUE
"ACTTTCATCTAGCACA-500.2.1","Slingshot_PCA_rooted",55.9934666965426,700,"13","2",TRUE
"AGAATAGAGCACAGGT-500.2.1","Slingshot_PCA_rooted",26.9544357175159,390,"10","2",TRUE
"AGACGTTCAATAAGCA-500.2.1","Slingshot_PCA_rooted",43.5045949465804,425,"15","2",TRUE
"AGACGTTTCAATCACG-500.2.1","Slingshot_PCA_rooted",49.7269759844485,620,"10","2",TRUE
"AGAGTGGGTCGAAAGC-500.2.1","Slingshot_PCA_rooted",44.9953088371703,435,"15","2",TRUE
"AGATTGCGTTACGGAG-500.2.1","Slingshot_PCA_rooted",60.2949232851101,630,"1","2",TRUE
"AGCGGTCAGGTGTTAA-500.2.1","Slingshot_PCA_rooted",25.8316562378308,375,"5","2",TRUE
"AGCTCCTAGCTAAACA-500.2.1","Slingshot_PCA_rooted",53.4681256440282,550,"1","2",TRUE
"AGCTCCTCAAGTAGTA-500.2.1","Slingshot_PCA_rooted",25.6666219411978,360,"5","2",TRUE
"AGCTCCTCACCAGTTA-500.2.1","Slingshot_PCA_rooted",60.0705669086023,725,"11","2",TRUE
"AGGCCGTGTGAGTGAC-500.2.1","Slingshot_PCA_rooted",41.3610402556792,450,"5","2",TRUE
"AGGTCCGAGCATCATC-500.2.1","Slingshot_PCA_rooted",48.4497281973842,700,"16","2",TRUE
"AGTTGGTCAGATCCAT-500.2.1","Slingshot_PCA_rooted",55.3941383450893,725,"13","2",TRUE
"ATCACGAAGAGCAATT-500.2.1","Slingshot_PCA_rooted",55.3168031803766,700,"13","2",TRUE
"ATCGAGTGTTGTACAC-500.2.1","Slingshot_PCA_rooted",61.6933337868852,700,"1","2",TRUE
"ATCTACTAGAAACCAT-500.2.1","Slingshot_PCA_rooted",47.8070983028352,550,"16","2",TRUE
"ATCTGCCAGATGCGAC-500.2.1","Slingshot_PCA_rooted",37.9276073159176,450,"5","2",TRUE
"ATGCGATGTTCGCGAC-500.2.1","Slingshot_PCA_rooted",49.4747567803798,490,"16","2",TRUE
"ATGTGTGAGCACGCCT-500.2.1","Slingshot_PCA_rooted",62.3866466347853,750,"1","2",TRUE
"ATTATCCAGGCCCGTT-500.2.1","Slingshot_PCA_rooted",45.5163915919935,550,"16","2",TRUE
"CACACTCAGTCGTACT-500.2.1","Slingshot_PCA_rooted",31.2710960126352,395,"5","2",TRUE
"CACAGTAAGCTCAACT-500.2.1","Slingshot_PCA_rooted",48.2299512643666,700,"16","2",TRUE
"CACATAGAGGAACTGC-500.2.1","Slingshot_PCA_rooted",60.0168781735802,730,"11","2",TRUE
"CAGAATCCAACTTGAC-500.2.1","Slingshot_PCA_rooted",49.0031477883054,640,"16","2",TRUE
"CAGATCACACCAGATT-500.2.1","Slingshot_PCA_rooted",53.2094878244255,620,"16","2",TRUE
"CAGCAGCAGTTACGGG-500.2.1","Slingshot_PCA_rooted",57.7474631111233,640,"11","2",TRUE
"CAGCCGAGTCTCGTTC-500.2.1","Slingshot_PCA_rooted",51.8261890920008,640,"14","2",TRUE
"CATATTCGTTCAGCGC-500.2.1","Slingshot_PCA_rooted",40.9133104308624,450,"5","2",TRUE
"CATCAGATCGGCGGTT-500.2.1","Slingshot_PCA_rooted",49.2460022495528,550,"14","2",TRUE
"CCACCTATCATGCTCC-500.2.1","Slingshot_PCA_rooted",40.0104988868362,530,"4","2",TRUE
"CCCTCCTCAAGCTGGA-500.2.1","Slingshot_PCA_rooted",56.109053314015,700,"15","2",TRUE
"CCCTCCTGTTATGTGC-500.2.1","Slingshot_PCA_rooted",48.1004506276133,670,"16","2",TRUE
"CCTAAAGGTTCAACCA-500.2.1","Slingshot_PCA_rooted",54.9264678530126,635,"16","2",TRUE
"CCTACCAGTCTAAAGA-500.2.1","Slingshot_PCA_rooted",48.615724443805,640,"16","2",TRUE
"CCTTACGCAAGACGTG-500.2.1","Slingshot_PCA_rooted",63.6574167202489,760,"11","2",TRUE
"CGATGTATCGCACTCT-500.2.1","Slingshot_PCA_rooted",21.5082299547864,370,"10","2",TRUE
"CGCTATCCACGGCTAC-500.2.1","Slingshot_PCA_rooted",36.3945417742252,415,"5","2",TRUE
"CGGACGTTCCAACCAA-500.2.1","Slingshot_PCA_rooted",44.1111464520269,470,"14","2",TRUE
"CGGCTAGCAGCGAACA-500.2.1","Slingshot_PCA_rooted",47.2614538628593,585,"16","2",TRUE
"CGTAGCGAGATCCCAT-500.2.1","Slingshot_PCA_rooted",54.7196249490202,700,"13","2",TRUE
"CGTGAGCAGCGTCAAG-500.2.1","Slingshot_PCA_rooted",38.9112711624985,435,"5","2",TRUE
"CGTTAGACACCAGCAC-500.2.1","Slingshot_PCA_rooted",50.3639034863569,550,"14","2",TRUE
"CGTTAGAGTCTGATTG-500.2.1","Slingshot_PCA_rooted",43.5643481482936,425,"16","2",TRUE
"CTAAGACGTTCGGGCT-500.2.1","Slingshot_PCA_rooted",55.3581441390266,620,"16","2",TRUE
"CTACACCCATCCGTGG-500.2.1","Slingshot_PCA_rooted",54.8524643670892,725,"13","2",TRUE
"CTACATTCACTTCTGC-500.2.1","Slingshot_PCA_rooted",56.2015993587619,700,"13","2",TRUE
"CTAGCCTTCGCGATCG-500.2.1","Slingshot_PCA_rooted",41.4320973784202,490,"16","2",TRUE
"CTCATTAGTCTAAACC-500.2.1","Slingshot_PCA_rooted",51.5511861459075,550,"10","2",TRUE
"CTCATTATCCAATGGT-500.2.1","Slingshot_PCA_rooted",47.5793545419533,700,"16","2",TRUE
"CTCGTCAGTGACGGTA-500.2.1","Slingshot_PCA_rooted",55.6612685366613,700,"10","2",TRUE
"CTGCCTAGTCAACATC-500.2.1","Slingshot_PCA_rooted",48.5594286212598,700,"16","2",TRUE
"CTGCTGTTCGTCTGCT-500.2.1","Slingshot_PCA_rooted",57.7935383760372,700,"10","2",TRUE
"CTGGTCTAGACTACAA-500.2.1","Slingshot_PCA_rooted",46.8365563156426,625,"5","2",TRUE
"CTGGTCTGTGCAGTAG-500.2.1","Slingshot_PCA_rooted",52.6238217214855,670,"14","2",TRUE
"CTTGGCTAGGGTTCCC-500.2.1","Slingshot_PCA_rooted",58.446637224499,640,"16","2",TRUE
"CTTTGCGTCAGTTCGA-500.2.1","Slingshot_PCA_rooted",39.1191692291713,450,"14","2",TRUE
"GACCAATTCAAGGTAA-500.2.1","Slingshot_PCA_rooted",53.004704367536,700,"10","2",TRUE
"GATCAGTAGTACGTTC-500.2.1","Slingshot_PCA_rooted",47.1137062106031,700,"16","2",TRUE
"GATCAGTTCCTTTCGG-500.2.1","Slingshot_PCA_rooted",58.0011887649476,640,"11","2",TRUE
"GATCGCGGTTAAGGGC-500.2.1","Slingshot_PCA_rooted",52.063283353058,585,"10","2",TRUE
"GATGAAACATTAGGCT-500.2.1","Slingshot_PCA_rooted",36.676953760582,420,"5","2",TRUE
"GCATGCGGTTCGGGCT-500.2.1","Slingshot_PCA_rooted",46.2912261163734,550,"16","2",TRUE
"GCATGTATCATGTAGC-500.2.1","Slingshot_PCA_rooted",57.1618782715265,700,"15","2",TRUE
"GCGCCAATCGGTTCGG-500.2.1","Slingshot_PCA_rooted",47.1748138064103,470,"15","2",TRUE
"GCTCTGTGTAATTGGA-500.2.1","Slingshot_PCA_rooted",60.017989873233,700,"1","2",TRUE
"GGAAAGCCATCTGGTA-500.2.1","Slingshot_PCA_rooted",23.2580030677178,360,"10","2",TRUE
"GGAACTTCACGGTAAG-500.2.1","Slingshot_PCA_rooted",45.1719128906345,490,"14","2",TRUE
"GGAGCAATCTAGCACA-500.2.1","Slingshot_PCA_rooted",45.7173892941671,630,"4","2",TRUE
"GGATGTTAGCGATAGC-500.2.1","Slingshot_PCA_rooted",47.5414802338642,550,"14","2",TRUE
"GGGACCTAGCGCCTTG-500.2.1","Slingshot_PCA_rooted",48.41522520152,510,"14","2",TRUE
"GGGATGACACGGACAA-500.2.1","Slingshot_PCA_rooted",52.3688398442219,640,"11","2",TRUE
"GGTGCGTCAAGCTGAG-500.2.1","Slingshot_PCA_rooted",52.417975829142,640,"10","2",TRUE
"GTAGGCCTCAACCAAC-500.2.1","Slingshot_PCA_rooted",40.2757336220408,450,"5","2",TRUE
"GTCATTTGTTTGCATG-500.2.1","Slingshot_PCA_rooted",25.7867827763898,410,"5","2",TRUE
"GTGAAGGCATGTAAGA-500.2.1","Slingshot_PCA_rooted",47.2015071408321,640,"4","2",TRUE
"GTGCTTCTCCGAGCCA-500.2.1","Slingshot_PCA_rooted",51.7167135239329,550,"1","2",TRUE
"TAAGAGACAAGAAAGG-500.2.1","Slingshot_PCA_rooted",44.1625573924717,550,"4","2",TRUE
"TACACGAAGGCGCTCT-500.2.1","Slingshot_PCA_rooted",54.8024190459879,700,"13","2",TRUE
"TACGGATGTTGCTCCT-500.2.1","Slingshot_PCA_rooted",50.6700699785884,550,"15","2",TRUE
"TACGGGCCACAACGCC-500.2.1","Slingshot_PCA_rooted",22.3824682905707,350,"4","2",TRUE
"TACTTACCATGGAATA-500.2.1","Slingshot_PCA_rooted",45.6261616590031,465,"5","2",TRUE
"TAGACCAGTATCGCAT-500.2.1","Slingshot_PCA_rooted",44.4451970548779,490,"4","2",TRUE
"TAGACCATCGCTGATA-500.2.1","Slingshot_PCA_rooted",47.6924403934563,620,"16","2",TRUE
"TAGTTGGGTTATCCGA-500.2.1","Slingshot_PCA_rooted",39.5385490660446,490,"4","2",TRUE
"TATGCCCCATTGGTAC-500.2.1","Slingshot_PCA_rooted",56.0177477953083,700,"13","2",TRUE
"TCAACGAAGTTGCAGG-500.2.1","Slingshot_PCA_rooted",55.0007330020202,635,"13","2",TRUE
"TCACGAAAGGCATTGG-500.2.1","Slingshot_PCA_rooted",47.4909475099759,630,"5","2",TRUE
"TCAGATGTCCGAACGC-500.2.1","Slingshot_PCA_rooted",48.4406791177514,510,"16","2",TRUE
"TCAGCTCGTTCGTTGA-500.2.1","Slingshot_PCA_rooted",48.6484126023959,670,"16","2",TRUE
"TCAGGATTCAGGTTCA-500.2.1","Slingshot_PCA_rooted",41.8937993560284,450,"14","2",TRUE
"TCATTACTCACAGTAC-500.2.1","Slingshot_PCA_rooted",40.7006983461966,450,"4","2",TRUE
"TCGAGGCAGGGATCTG-500.2.1","Slingshot_PCA_rooted",48.615724443805,620,"16","2",TRUE
"TCGCGTTCATCGGAAG-500.2.1","Slingshot_PCA_rooted",47.0660562261902,625,"16","2",TRUE
"TCGCGTTGTGGGTATG-500.2.1","Slingshot_PCA_rooted",30.5834563705515,450,"5","2",TRUE
"TCGTAGAAGGTTCCTA-500.2.1","Slingshot_PCA_rooted",57.0389519332492,640,"11","2",TRUE
"TCTCTAAAGAGCAATT-500.2.1","Slingshot_PCA_rooted",47.4268028644693,700,"16","2",TRUE
"TGAGCCGGTAGCTCCG-500.2.1","Slingshot_PCA_rooted",47.8956504862758,565,"4","2",TRUE
"TGCCAAAAGCTAGTGG-500.2.1","Slingshot_PCA_rooted",51.1094661709419,585,"1","2",TRUE
"TGCCCTAAGGCTACGA-500.2.1","Slingshot_PCA_rooted",47.2906069178576,500,"14","2",TRUE
"TGCCCTAGTATGAATG-500.2.1","Slingshot_PCA_rooted",53.6724769360835,640,"10","2",TRUE
"TGCGGGTGTGATGTGG-500.2.1","Slingshot_PCA_rooted",51.1080533590724,620,"13","2",TRUE
"TGCTACCTCTACCAGA-500.2.1","Slingshot_PCA_rooted",44.1437440858554,470,"13","2",TRUE
"TGGGAAGAGAAGAAGC-500.2.1","Slingshot_PCA_rooted",51.973435159758,550,"15","2",TRUE
"TTAGTTCGTCTGCGGT-500.2.1","Slingshot_PCA_rooted",44.0793295066905,440,"15","2",TRUE
"TTCTACAAGTGACATA-500.2.1","Slingshot_PCA_rooted",46.8555168693015,620,"16","2",TRUE
"TTCTACATCGCCATAA-500.2.1","Slingshot_PCA_rooted",56.4066923698949,640,"15","2",TRUE
"TTCTCCTAGCTGATAA-500.2.1","Slingshot_PCA_rooted",44.8840735951238,450,"14","2",TRUE
"TTGAACGTCTGATTCT-500.2.1","Slingshot_PCA_rooted",21.7680503790275,465,"5","2",TRUE
"TTGCCGTTCGGCGCTA-500.2.1","Slingshot_PCA_rooted",56.041267122064,620,"16","2",TRUE
"TTGGCAATCACGCATA-500.2.1","Slingshot_PCA_rooted",46.4602218389127,550,"16","2",TRUE
"TTTCCTCTCACAGGCC-500.2.1","Slingshot_PCA_rooted",54.8573084465538,550,"16","2",TRUE
"TTTGTCACAAAGGTGC-500.2.1","Slingshot_PCA_rooted",57.8383137548144,700,"1","2",TRUE
"AACCATGTCTGCGTAA-500.2.2","Slingshot_PCA_rooted",22.6374434734798,630,"5","2",TRUE
"AACCGCGCATCATCCC-500.2.2","Slingshot_PCA_rooted",58.0115663853522,630,"1","2",TRUE
"ACACCAAAGCTAAGAT-500.2.2","Slingshot_PCA_rooted",60.3229603416168,640,"16","2",TRUE
"ACACTGAAGTCATCCA-500.2.2","Slingshot_PCA_rooted",59.3055687823514,630,"1","2",TRUE
"ACGAGGAGTGGTACAG-500.2.2","Slingshot_PCA_rooted",28.9397691881642,390,"5","2",TRUE
"ACGCCAGAGGGTCTCC-500.2.2","Slingshot_PCA_rooted",29.2038515589225,390,"5","2",TRUE
"ACGCCGACACTGTGTA-500.2.2","Slingshot_PCA_rooted",50.9806613998663,620,"13","2",TRUE
"ACGGCCACATCGGGTC-500.2.2","Slingshot_PCA_rooted",64.9242465941319,755,"11","2",TRUE
"ACGGCCATCCAGGGCT-500.2.2","Slingshot_PCA_rooted",49.1050422487971,550,"15","2",TRUE
"ACGGGCTAGCTAGTCT-500.2.2","Slingshot_PCA_rooted",56.2169823543247,700,"15","2",TRUE
"ACTATCTGTAAGGATT-500.2.2","Slingshot_PCA_rooted",47.4651400493895,620,"5","2",TRUE
"ACTTTCAAGTACGACG-500.2.2","Slingshot_PCA_rooted",50.3564876977472,550,"16","2",TRUE
"AGAGTGGCAAACGTGG-500.2.2","Slingshot_PCA_rooted",47.6489036926213,640,"4","2",TRUE
"AGAGTGGGTCAGTGGA-500.2.2","Slingshot_PCA_rooted",28.3941067876749,385,"5","2",TRUE
"AGATTGCCATGCCTAA-500.2.2","Slingshot_PCA_rooted",48.7406743194742,640,"5","2",TRUE
"AGATTGCTCCACGACG-500.2.2","Slingshot_PCA_rooted",40.7670726752186,725,"5","2",TRUE
"AGCAGCCGTAAGTGTA-500.2.2","Slingshot_PCA_rooted",45.2824384065856,640,"4","2",TRUE
"AGCTTGATCTCGATGA-500.2.2","Slingshot_PCA_rooted",53.339110399095,620,"13","2",TRUE
"AGGGATGTCATTTGGG-500.2.2","Slingshot_PCA_rooted",39.8635244859835,450,"5","2",TRUE
"AGGTCCGTCTAACCGA-500.2.2","Slingshot_PCA_rooted",50.6904563886308,640,"13","2",TRUE
"AGTTGGTAGGCGATAC-500.2.2","Slingshot_PCA_rooted",46.7756882317465,625,"4","2",TRUE
"ATCATCTAGTGCGATG-500.2.2","Slingshot_PCA_rooted",49.9666333668725,640,"16","2",TRUE
"ATCTACTAGAAACGAG-500.2.2","Slingshot_PCA_rooted",57.1163466663641,640,"15","2",TRUE
"CAAGGCCCATAAAGGT-500.2.2","Slingshot_PCA_rooted",42.8176021151929,640,"4","2",TRUE
"CACACAACAAGCGATG-500.2.2","Slingshot_PCA_rooted",48.7798213856507,550,"13","2",TRUE
"CACACTCCAAGAAGAG-500.2.2","Slingshot_PCA_rooted",59.102333241799,725,"15","2",TRUE
"CACATAGAGCCAGAAC-500.2.2","Slingshot_PCA_rooted",60.9109123839935,700,"11","2",TRUE
"CACATAGGTCATGCCG-500.2.2","Slingshot_PCA_rooted",49.1234954878714,700,"16","2",TRUE
"CACCACTCATAAGACA-500.2.2","Slingshot_PCA_rooted",61.8726937725432,700,"1","2",TRUE
"CAGCATAAGACACGAC-500.2.2","Slingshot_PCA_rooted",39.4100750739562,450,"5","2",TRUE
"CAGCTGGAGAAACGAG-500.2.2","Slingshot_PCA_rooted",43.1242495959075,440,"16","2",TRUE
"CATCCACCATGGAATA-500.2.2","Slingshot_PCA_rooted",26.2967888618203,400,"5","2",TRUE
"CATGACAAGCAAATCA-500.2.2","Slingshot_PCA_rooted",43.6681528316978,500,"5","2",TRUE
"CATGGCGCATGCCTTC-500.2.2","Slingshot_PCA_rooted",58.758153034787,640,"11","2",TRUE
"CATTCGCCATATGCTG-500.2.2","Slingshot_PCA_rooted",24.2863447183863,385,"4","2",TRUE
"CCCTCCTTCACGCATA-500.2.2","Slingshot_PCA_rooted",53.60217204794,630,"15","2",TRUE
"CCTATTAAGTGTCCAT-500.2.2","Slingshot_PCA_rooted",61.9239943590452,700,"1","2",TRUE
"CGATCGGCACATAACC-500.2.2","Slingshot_PCA_rooted",50.0693773011377,550,"14","2",TRUE
"CGCCAAGGTGAGGCTA-500.2.2","Slingshot_PCA_rooted",53.185300600135,640,"14","2",TRUE
"CGCGGTATCTTTAGTC-500.2.2","Slingshot_PCA_rooted",43.2674662585218,490,"15","2",TRUE
"CGGACTGTCGTCCGTT-500.2.2","Slingshot_PCA_rooted",43.0427145789141,620,"4","2",TRUE
"CGGAGCTTCCTCAATT-500.2.2","Slingshot_PCA_rooted",53.788404080246,670,"14","2",TRUE
"CGGGTCATCGGCTTGG-500.2.2","Slingshot_PCA_rooted",59.664911411496,640,"16","2",TRUE
"CGGTTAACACGAAGCA-500.2.2","Slingshot_PCA_rooted",53.4077209242043,620,"13","2",TRUE
"CGGTTAACATGAGCGA-500.2.2","Slingshot_PCA_rooted",28.0820072911166,415,"4","2",TRUE
"CGTCAGGCACGGCTAC-500.2.2","Slingshot_PCA_rooted",37.3242588257953,450,"5","2",TRUE
"CGTCCATCAAAGCGGT-500.2.2","Slingshot_PCA_rooted",48.6538850654717,700,"16","2",TRUE
"CGTGTCTTCTACTATC-500.2.2","Slingshot_PCA_rooted",56.0681013760905,700,"15","2",TRUE
"CTAAGACCACACCGCA-500.2.2","Slingshot_PCA_rooted",52.9327486014923,670,"14","2",TRUE
"CTCGAGGCAGTTAACC-500.2.2","Slingshot_PCA_rooted",60.1060889708952,700,"15","2",TRUE
"CTTAGGACACAAGACG-500.2.2","Slingshot_PCA_rooted",47.5377814128054,450,"16","2",TRUE
"CTTGGCTCAGGTGCCT-500.2.2","Slingshot_PCA_rooted",58.9503615536827,640,"16","2",TRUE
"CTTTGCGTCTGATTCT-500.2.2","Slingshot_PCA_rooted",55.1536165310972,620,"16","2",TRUE
"GAACCTATCGTACCGG-500.2.2","Slingshot_PCA_rooted",65.0286437308666,760,"11","2",TRUE
"GAATAAGCAAAGGTGC-500.2.2","Slingshot_PCA_rooted",55.5062782974293,640,"15","2",TRUE
"GACACGCTCTGACCTC-500.2.2","Slingshot_PCA_rooted",54.5314350034323,630,"1","2",TRUE
"GACCTGGCATCACAAC-500.2.2","Slingshot_PCA_rooted",59.4782638729562,635,"16","2",TRUE
"GACGGCTCAGCTCGCA-500.2.2","Slingshot_PCA_rooted",50.7416222185782,585,"13","2",TRUE
"GATCGCGTCCAGAGGA-500.2.2","Slingshot_PCA_rooted",36.934085950845,420,"5","2",TRUE
"GCAGCCAAGGGTCTCC-500.2.2","Slingshot_PCA_rooted",49.8854640125814,585,"16","2",TRUE
"GCATGATTCGCCGTGA-500.2.2","Slingshot_PCA_rooted",46.317501671796,550,"5","2",TRUE
"GCCAAATTCGACGGAA-500.2.2","Slingshot_PCA_rooted",44.7799108145164,550,"16","2",TRUE
"GCGCAGTCACAGGCCT-500.2.2","Slingshot_PCA_rooted",52.5520814234518,620,"13","2",TRUE
"GCGCAGTGTCATCCCT-500.2.2","Slingshot_PCA_rooted",61.9194235209523,750,"11","2",TRUE
"GCGCGATTCTGAGTGT-500.2.2","Slingshot_PCA_rooted",48.7431907018871,630,"14","2",TRUE
"GGAATAAAGGCCCGTT-500.2.2","Slingshot_PCA_rooted",58.2141861098148,700,"15","2",TRUE
"GGATTACAGTACACCT-500.2.2","Slingshot_PCA_rooted",41.7978217129663,510,"5","2",TRUE
"GGATTACGTCGACTGC-500.2.2","Slingshot_PCA_rooted",61.0074208924158,670,"1","2",TRUE
"GGCGTGTGTCTTCGTC-500.2.2","Slingshot_PCA_rooted",24.5612155070486,420,"5","2",TRUE
"GGTATTGCACATCCAA-500.2.2","Slingshot_PCA_rooted",56.7404188224393,585,"1","2",TRUE
"GGTGAAGGTAAAGTCA-500.2.2","Slingshot_PCA_rooted",34.851729886687,435,"5","2",TRUE
"GTAGTCAAGACAGGCT-500.2.2","Slingshot_PCA_rooted",47.8599660594899,700,"16","2",TRUE
"GTAGTCACAGTACACT-500.2.2","Slingshot_PCA_rooted",49.2405803183971,700,"16","2",TRUE
"GTCACAAAGAGGGCTT-500.2.2","Slingshot_PCA_rooted",49.7780051603073,670,"16","2",TRUE
"GTCCTCATCCCTGACT-500.2.2","Slingshot_PCA_rooted",41.1068085777135,440,"16","2",TRUE
"GTCGTAACAGCTGTAT-500.2.2","Slingshot_PCA_rooted",51.3116844818792,585,"14","2",TRUE
"GTCGTAACATACGCCG-500.2.2","Slingshot_PCA_rooted",45.1959982425163,500,"10","2",TRUE
"GTCTCGTCAACGCACC-500.2.2","Slingshot_PCA_rooted",48.615724443805,670,"16","2",TRUE
"GTCTCGTGTTGATTGC-500.2.2","Slingshot_PCA_rooted",32.3156758358175,390,"5","2",TRUE
"GTGCATATCCTCATTA-500.2.2","Slingshot_PCA_rooted",58.6246024630783,640,"16","2",TRUE
"GTGTTAGTCATGCTCC-500.2.2","Slingshot_PCA_rooted",41.4361920339658,450,"5","2",TRUE
"GTTAAGCGTAGAGCTG-500.2.2","Slingshot_PCA_rooted",46.8141506200174,550,"5","2",TRUE
"GTTCGGGAGCTACCGC-500.2.2","Slingshot_PCA_rooted",55.105472172116,620,"16","2",TRUE
"TACACGACACCGAAAG-500.2.2","Slingshot_PCA_rooted",47.3709204874029,550,"16","2",TRUE
"TACAGTGCAAGCGTAG-500.2.2","Slingshot_PCA_rooted",27.9519985344002,375,"5","2",TRUE
"TACCTATTCCAGAGGA-500.2.2","Slingshot_PCA_rooted",46.83347531646,490,"16","2",TRUE
"TACTTACGTCAAGCGA-500.2.2","Slingshot_PCA_rooted",51.4741524162337,640,"13","2",TRUE
"TAGTGGTTCTCTGCTG-500.2.2","Slingshot_PCA_rooted",46.2408062698588,550,"16","2",TRUE
"TCAACGATCACGATGT-500.2.2","Slingshot_PCA_rooted",50.3064505433894,620,"13","2",TRUE
"TCAATCTAGGATGGAA-500.2.2","Slingshot_PCA_rooted",48.1302109654285,700,"16","2",TRUE
"TCAGCTCTCGTGGGAA-500.2.2","Slingshot_PCA_rooted",41.0119175046764,450,"14","2",TRUE
"TCGTACCAGCATGGCA-500.2.2","Slingshot_PCA_rooted",66.0354173439642,760,"11","2",TRUE
"TCTGGAAAGCGATGAC-500.2.2","Slingshot_PCA_rooted",46.4916402093079,620,"16","2",TRUE
"TGAAAGATCCGGCACA-500.2.2","Slingshot_PCA_rooted",56.3873673720713,620,"16","2",TRUE
"TGACTTTAGGCTCTTA-500.2.2","Slingshot_PCA_rooted",22.810108132104,350,"5","2",TRUE
"TGACTTTGTACATCCA-500.2.2","Slingshot_PCA_rooted",60.450998112324,700,"15","2",TRUE
"TGAGAGGAGTTCGCGC-500.2.2","Slingshot_PCA_rooted",49.5682725131694,640,"13","2",TRUE
"TGATTTCAGTGCCAGA-500.2.2","Slingshot_PCA_rooted",50.4622236741556,520,"13","2",TRUE
"TGTGTTTCAGTGAGTG-500.2.2","Slingshot_PCA_rooted",61.9588432416458,585,"11","2",TRUE
"TGTTCCGCACGGTGTC-500.2.2","Slingshot_PCA_rooted",40.4067559172704,450,"4","2",TRUE
"TTAGGCAAGACATAAC-500.2.2","Slingshot_PCA_rooted",51.1259707455934,635,"13","2",TRUE
"TTTACTGTCAGGTTCA-500.2.2","Slingshot_PCA_rooted",24.4899325103661,390,"5","2",TRUE
"TTTGGTTCACAGCGTC-500.2.2","Slingshot_PCA_rooted",45.8068843053023,550,"16","2",TRUE
"AACCATGCAGTCTTCC-r17","Slingshot_PCA_rooted",15.2472360833312,355,"2","2",TRUE
"AACCGCGTCGGACAAG-r17","Slingshot_PCA_rooted",15.0015875053382,270,"2","2",TRUE
"CGAGAAGAGTGGGATC-r17","Slingshot_PCA_rooted",21.7553907638247,360,"5","2",TRUE
"CTTGGCTAGGTGTGGT-r17","Slingshot_PCA_rooted",33.5645365198726,450,"5","2",TRUE
"GCAAACTTCCCGACTT-r17","Slingshot_PCA_rooted",20.0087383873014,390,"5","2",TRUE
"GGGAATGAGTGGTAAT-r17","Slingshot_PCA_rooted",17.7424224366849,700,"5","2",TRUE
"GTTACAGAGAAGCCCA-r17","Slingshot_PCA_rooted",49.3449577305052,630,"1","2",TRUE
"TTAGGCAGTCACCTAA-r17","Slingshot_PCA_rooted",11.9502817582083,640,"2","2",TRUE
"AAAGTAGCATTGAGCT-b01","Slingshot_PCA_rooted",47.586832628673,510,"14","2",TRUE
"AAATGCCAGGACAGAA-b01","Slingshot_PCA_rooted",31.9589139741025,410,"5","2",TRUE
"AACCATGAGTGTACCT-b01","Slingshot_PCA_rooted",41.623380289042,470,"5","2",TRUE
"AACGTTGCAGTTCATG-b01","Slingshot_PCA_rooted",56.1232807428618,700,"11","2",TRUE
"AACTCTTGTCTGCCAG-b01","Slingshot_PCA_rooted",44.9840360561812,550,"14","2",TRUE
"AACTTTCCACGCATCG-b01","Slingshot_PCA_rooted",29.4604774867584,425,"5","2",TRUE
"AAGTCTGGTCGGCATC-b01","Slingshot_PCA_rooted",23.5203844279083,380,"5","2",TRUE
"AATCGGTCATACTACG-b01","Slingshot_PCA_rooted",54.5307164107653,620,"1","2",TRUE
"AATCGGTTCTGTCAAG-b01","Slingshot_PCA_rooted",51.7208878083329,620,"14","2",TRUE
"ACAGCTACACCAACCG-b01","Slingshot_PCA_rooted",48.8330894905812,550,"14","2",TRUE
"ACCGTAACATGCCACG-b01","Slingshot_PCA_rooted",18.4536535627419,335,"4","2",TRUE
"ACCGTAAGTGAGGGAG-b01","Slingshot_PCA_rooted",34.853003532867,450,"4","2",TRUE
"ACGAGGACATGGTCAT-b01","Slingshot_PCA_rooted",61.7959633853262,750,"11","2",TRUE
"ACGATGTAGGCGCTCT-b01","Slingshot_PCA_rooted",51.8856520215811,640,"13","2",TRUE
"ACTGAACGTTGAGTTC-b01","Slingshot_PCA_rooted",49.0304192622086,550,"15","2",TRUE
"ACTGAGTAGTGGAGTC-b01","Slingshot_PCA_rooted",57.0247522275529,640,"10","2",TRUE
"ACTGCTCCACGTTGGC-b01","Slingshot_PCA_rooted",45.1291376068331,550,"16","2",TRUE
"ACTTACTCACATGACT-b01","Slingshot_PCA_rooted",28.4857723568368,430,"5","2",TRUE
"ACTTGTTAGTCGATAA-b01","Slingshot_PCA_rooted",27.6488913254507,385,"5","2",TRUE
"ACTTGTTTCTTGAGAC-b01","Slingshot_PCA_rooted",51.4384864147865,640,"14","2",TRUE
"AGAGCTTAGGTGGGTT-b01","Slingshot_PCA_rooted",28.719554585573,410,"5","2",TRUE
"AGAGCTTGTTAGGGTG-b01","Slingshot_PCA_rooted",22.1979215982308,400,"10","2",TRUE
"AGATTGCTCCGAGCCA-b01","Slingshot_PCA_rooted",40.9976864289239,490,"4","2",TRUE
"AGCATACTCGACGGAA-b01","Slingshot_PCA_rooted",43.0909508026026,585,"4","2",TRUE
"AGCATACTCGAGGTAG-b01","Slingshot_PCA_rooted",20.0619235353658,500,"5","2",TRUE
"AGCGTATCATATGAGA-b01","Slingshot_PCA_rooted",25.0607105101083,390,"5","2",TRUE
"AGCGTATGTGCCTGTG-b01","Slingshot_PCA_rooted",25.7124151552089,405,"5","2",TRUE
"AGCGTCGTCGGCGGTT-b01","Slingshot_PCA_rooted",52.5194476710821,700,"10","2",TRUE
"AGCTCTCGTCTCCCTA-b01","Slingshot_PCA_rooted",23.4103817051389,490,"4","2",TRUE
"AGGCCACCAGGACGTA-b01","Slingshot_PCA_rooted",36.0665964409658,400,"5","2",TRUE
"AGGCCACTCCTGCAGG-b01","Slingshot_PCA_rooted",51.9564939957254,585,"1","2",TRUE
"AGGGATGGTCTTCAAG-b01","Slingshot_PCA_rooted",52.0599907360987,550,"1","2",TRUE
"AGTCTTTCAAGCCATT-b01","Slingshot_PCA_rooted",55.0397971600628,550,"1","2",TRUE
"AGTCTTTTCCCTAACC-b01","Slingshot_PCA_rooted",58.3431263719638,725,"10","2",TRUE
"AGTGAGGAGGATGCGT-b01","Slingshot_PCA_rooted",47.0228168500167,550,"14","2",TRUE
"ATCACGACAGATCCAT-b01","Slingshot_PCA_rooted",22.8763691279404,365,"4","2",TRUE
"ATCACGATCCTCAACC-b01","Slingshot_PCA_rooted",34.5099692460878,435,"4","2",TRUE
"ATCTACTGTAAAGTCA-b01","Slingshot_PCA_rooted",47.6535063597868,550,"14","2",TRUE
"ATTATCCGTACCATCA-b01","Slingshot_PCA_rooted",39.6831216092547,490,"4","2",TRUE
"ATTATCCGTGTGGCTC-b01","Slingshot_PCA_rooted",39.880541479933,450,"13","2",TRUE
"ATTGGACGTTAGAACA-b01","Slingshot_PCA_rooted",30.7157163839929,410,"4","2",TRUE
"ATTTCTGTCCCGACTT-b01","Slingshot_PCA_rooted",28.1107188854103,410,"4","2",TRUE
"CAACTAGTCAAGAAGT-b01","Slingshot_PCA_rooted",22.9248687148663,370,"4","2",TRUE
"CAAGAAAAGCCAGAAC-b01","Slingshot_PCA_rooted",51.1231910248682,620,"13","2",TRUE
"CACAGGCAGTATGACA-b01","Slingshot_PCA_rooted",54.3342808096799,640,"15","2",TRUE
"CACATAGGTGTGACGA-b01","Slingshot_PCA_rooted",61.9140422333755,700,"11","2",TRUE
"CACCACTAGGGAGTAA-b01","Slingshot_PCA_rooted",55.0770177348946,700,"13","2",TRUE
"CACCACTCAAAGAATC-b01","Slingshot_PCA_rooted",55.5920954875063,700,"15","2",TRUE
"CACCACTTCGTAGGAG-b01","Slingshot_PCA_rooted",49.0227723066137,620,"13","2",TRUE
"CAGAATCAGCGACGTA-b01","Slingshot_PCA_rooted",51.9815136080845,620,"14","2",TRUE
"CAGATCAAGATGTCGG-b01","Slingshot_PCA_rooted",28.3382170395101,385,"5","2",TRUE
"CAGCCGATCGTCACGG-b01","Slingshot_PCA_rooted",21.9069419746674,425,"10","2",TRUE
"CAGGTGCCATGCAACT-b01","Slingshot_PCA_rooted",45.377210426543,550,"10","2",TRUE
"CAGTCCTCAGCCTTGG-b01","Slingshot_PCA_rooted",41.2412667984859,420,"5","2",TRUE
"CATCAGATCCGTAGTA-b01","Slingshot_PCA_rooted",46.4295064681371,640,"4","2",TRUE
"CATCGAACATGGTCTA-b01","Slingshot_PCA_rooted",23.1882242820593,390,"10","2",TRUE
"CATCGAAGTCAACTGT-b01","Slingshot_PCA_rooted",21.5603865257046,350,"5","2",TRUE
"CATTCGCGTTGAGGTG-b01","Slingshot_PCA_rooted",44.5358468712317,620,"4","2",TRUE
"CCGGTAGAGTAGGCCA-b01","Slingshot_PCA_rooted",57.7909951779163,700,"10","2",TRUE
"CCGTTCAAGAGTCTGG-b01","Slingshot_PCA_rooted",50.0520049048013,620,"10","2",TRUE
"CCTACACAGCCACGCT-b01","Slingshot_PCA_rooted",49.295400383765,550,"5","2",TRUE
"CCTCTGAAGCAACGGT-b01","Slingshot_PCA_rooted",41.9771002286308,490,"5","2",TRUE
"CCTTCCCCACCTGGTG-b01","Slingshot_PCA_rooted",49.912138384321,550,"16","2",TRUE
"CCTTCGACATGTAGTC-b01","Slingshot_PCA_rooted",43.9012155568937,550,"16","2",TRUE
"CGAACATAGCCGTCGT-b01","Slingshot_PCA_rooted",55.6738041867013,640,"1","2",TRUE
"CGAACATTCTATCCCG-b01","Slingshot_PCA_rooted",26.5322246476876,450,"4","2",TRUE
"CGACCTTTCCAATGGT-b01","Slingshot_PCA_rooted",43.72562985454,500,"14","2",TRUE
"CGAGAAGCACTGAAGG-b01","Slingshot_PCA_rooted",59.2525685853235,640,"16","2",TRUE
"CGAGCCATCCCTTGCA-b01","Slingshot_PCA_rooted",46.6065873170058,530,"10","2",TRUE
"CGATTGATCACATACG-b01","Slingshot_PCA_rooted",24.9274542951731,400,"5","2",TRUE
"CGCTTCAAGTATGACA-b01","Slingshot_PCA_rooted",48.141050000513,620,"13","2",TRUE
"CGCTTCACAGATTGCT-b01","Slingshot_PCA_rooted",13.7499427089383,640,"2","2",TRUE
"CGCTTCAGTGTAATGA-b01","Slingshot_PCA_rooted",31.7180831425236,750,"5","2",TRUE
"CGGAGTCAGGGAACGG-b01","Slingshot_PCA_rooted",23.4753436685379,370,"4","2",TRUE
"CGGAGTCTCGAACGGA-b01","Slingshot_PCA_rooted",48.9673843060511,550,"16","2",TRUE
"CGTAGCGGTGGTACAG-b01","Slingshot_PCA_rooted",26.4021327325284,450,"4","2",TRUE
"CGTGAGCAGACGCACA-b01","Slingshot_PCA_rooted",43.4183673516533,550,"13","2",TRUE
"CGTGAGCTCCCTAATT-b01","Slingshot_PCA_rooted",49.7624066719222,620,"13","2",TRUE
"CGTGTAACACCCATTC-b01","Slingshot_PCA_rooted",16.2116548292341,355,"4","2",TRUE
"CGTGTCTAGGTGCTTT-b01","Slingshot_PCA_rooted",52.2179051050474,640,"13","2",TRUE
"CGTGTCTTCTTCTGGC-b01","Slingshot_PCA_rooted",47.9739954528399,630,"15","2",TRUE
"CTACGTCCAGTCTTCC-b01","Slingshot_PCA_rooted",26.9153003677147,390,"5","2",TRUE
"CTCAGAATCCATGAAC-b01","Slingshot_PCA_rooted",18.5610594214195,420,"5","2",TRUE
"CTCCTAGCATGTAAGA-b01","Slingshot_PCA_rooted",52.1901002949064,700,"13","2",TRUE
"CTCGAGGGTATGAATG-b01","Slingshot_PCA_rooted",47.2946774772377,670,"4","2",TRUE
"CTCGGGAAGTTCCACA-b01","Slingshot_PCA_rooted",44.0698021135013,550,"16","2",TRUE
"CTCGGGATCGTCTGAA-b01","Slingshot_PCA_rooted",12.1021498769412,640,"2","2",TRUE
"CTCTAATAGGGTATCG-b01","Slingshot_PCA_rooted",59.1303072598325,700,"15","2",TRUE
"CTCTACGGTCCAAGTT-b01","Slingshot_PCA_rooted",38.9270590174942,450,"14","2",TRUE
"CTGATAGGTTAAGGGC-b01","Slingshot_PCA_rooted",44.6798723560484,550,"16","2",TRUE
"CTGATCCAGATCTGAA-b01","Slingshot_PCA_rooted",57.9890146949458,700,"10","2",TRUE
"CTGATCCGTATATGGA-b01","Slingshot_PCA_rooted",45.1305710280572,550,"16","2",TRUE
"CTGCTGTAGGGAACGG-b01","Slingshot_PCA_rooted",38.7471239643009,450,"4","2",TRUE
"CTGGTCTTCCTAGTGA-b01","Slingshot_PCA_rooted",42.1596810328265,490,"5","2",TRUE
"CTTAACTGTTCAGGCC-b01","Slingshot_PCA_rooted",24.1959218538182,420,"5","2",TRUE
"CTTACCGAGCCAGGAT-b01","Slingshot_PCA_rooted",50.8883182543224,550,"1","2",TRUE
"CTTACCGCATTCCTCG-b01","Slingshot_PCA_rooted",61.7025326450843,725,"11","2",TRUE
"CTTTGCGCACAAGACG-b01","Slingshot_PCA_rooted",49.0926502248863,550,"13","2",TRUE
"GAAACTCCACGCCAGT-b01","Slingshot_PCA_rooted",19.922950403727,490,"5","2",TRUE
"GAACATCTCGTAGGTT-b01","Slingshot_PCA_rooted",47.6270921694583,640,"4","2",TRUE
"GACACGCCAACGATCT-b01","Slingshot_PCA_rooted",28.2823609605932,450,"4","2",TRUE
"GACCTGGGTCCGAACC-b01","Slingshot_PCA_rooted",58.13006896458,640,"16","2",TRUE
"GACGCGTCACCGAATT-b01","Slingshot_PCA_rooted",35.3442589877654,440,"5","2",TRUE
"GACGTGCGTGTTGAGG-b01","Slingshot_PCA_rooted",53.7159905478103,620,"16","2",TRUE
"GACTAACGTCTAGAGG-b01","Slingshot_PCA_rooted",25.15791130956,405,"5","2",TRUE
"GACTAACGTGCCTGTG-b01","Slingshot_PCA_rooted",47.0660562261902,700,"16","2",TRUE
"GACTACATCACTGGGC-b01","Slingshot_PCA_rooted",53.5333122591458,620,"16","2",TRUE
"GAGCAGACAATCTGCA-b01","Slingshot_PCA_rooted",11.5281714231185,700,"2","2",TRUE
"GAGCAGACAGGCTGAA-b01","Slingshot_PCA_rooted",18.9711818633874,360,"4","2",TRUE
"GAGGTGAGTAGAGCTG-b01","Slingshot_PCA_rooted",36.6951993954011,435,"4","2",TRUE
"GAGTCCGGTAATCGTC-b01","Slingshot_PCA_rooted",18.6024525150828,450,"5","2",TRUE
"GATCGCGTCTGCTGCT-b01","Slingshot_PCA_rooted",45.4120836509925,550,"16","2",TRUE
"GATCTAGGTATGGTTC-b01","Slingshot_PCA_rooted",21.2424349157103,355,"4","2",TRUE
"GATCTAGTCCACGTGG-b01","Slingshot_PCA_rooted",25.438408385516,385,"5","2",TRUE
"GATGAAATCCGAAGAG-b01","Slingshot_PCA_rooted",43.3436706154084,500,"14","2",TRUE
"GATGAGGAGGTTCCTA-b01","Slingshot_PCA_rooted",41.34374736105,490,"14","2",TRUE
"GATGAGGCATTGGTAC-b01","Slingshot_PCA_rooted",25.1287670966537,390,"5","2",TRUE
"GCACTCTGTGGGTCAA-b01","Slingshot_PCA_rooted",46.9434675484221,490,"16","2",TRUE
"GCAGTTAGTCGAACAG-b01","Slingshot_PCA_rooted",56.6488716685204,620,"16","2",TRUE
"GCATGATTCGCTTGTC-b01","Slingshot_PCA_rooted",24.8029895823188,385,"4","2",TRUE
"GCCAAATGTACCAGTT-b01","Slingshot_PCA_rooted",47.4534710202723,640,"16","2",TRUE
"GCGAGAAGTCGGCATC-b01","Slingshot_PCA_rooted",36.6036731793984,450,"4","2",TRUE
"GCGAGAAGTGAGGCTA-b01","Slingshot_PCA_rooted",42.0231608023575,550,"16","2",TRUE
"GCGAGAAGTTAAGGGC-b01","Slingshot_PCA_rooted",26.0690592564975,385,"4","2",TRUE
"GCGCAACAGTTGTAGA-b01","Slingshot_PCA_rooted",62.6887068464642,750,"11","2",TRUE
"GCGCAGTCAGTATGCT-b01","Slingshot_PCA_rooted",14.6817963099568,490,"2","2",TRUE
"GCGCGATAGGACATTA-b01","Slingshot_PCA_rooted",27.1629931068119,375,"5","2",TRUE
"GCTGCAGAGAGGACGG-b01","Slingshot_PCA_rooted",27.4581242052574,450,"5","2",TRUE
"GCTGCAGAGATGTGGC-b01","Slingshot_PCA_rooted",55.5251767436592,625,"16","2",TRUE
"GCTGCTTAGGCATTGG-b01","Slingshot_PCA_rooted",54.9487759714582,630,"15","2",TRUE
"GCTGCTTCAAATCCGT-b01","Slingshot_PCA_rooted",18.5374371521072,370,"4","2",TRUE
"GGAACTTGTAATCGTC-b01","Slingshot_PCA_rooted",49.9042470947329,550,"16","2",TRUE
"GGACAGAAGATAGTCA-b01","Slingshot_PCA_rooted",58.4169042707898,700,"1","2",TRUE
"GGACGTCTCGCGATCG-b01","Slingshot_PCA_rooted",26.3673223321124,410,"5","2",TRUE
"GGATTACTCCCGACTT-b01","Slingshot_PCA_rooted",25.8931090547473,385,"5","2",TRUE
"GGCTGGTTCCGGCACA-b01","Slingshot_PCA_rooted",36.9218262457221,550,"5","2",TRUE
"GGGCACTCAATCCGAT-b01","Slingshot_PCA_rooted",48.5386650681721,550,"16","2",TRUE
"GGGCACTCAGGACCCT-b01","Slingshot_PCA_rooted",25.9930991242665,390,"5","2",TRUE
"GGGCATCGTGCACGAA-b01","Slingshot_PCA_rooted",32.5534404241863,450,"5","2",TRUE
"GGGTCTGAGGTGCTTT-b01","Slingshot_PCA_rooted",36.0442037133644,450,"5","2",TRUE
"GGGTTGCGTAGAGTGC-b01","Slingshot_PCA_rooted",23.5240013393782,385,"5","2",TRUE
"GTACTTTGTCATTAGC-b01","Slingshot_PCA_rooted",57.9324621376054,630,"16","2",TRUE
"GTCACAACATTGGCGC-b01","Slingshot_PCA_rooted",48.3849959163861,620,"16","2",TRUE
"GTCACGGCATGGTCTA-b01","Slingshot_PCA_rooted",55.7634226936124,670,"15","2",TRUE
"GTCCTCACAGTCCTTC-b01","Slingshot_PCA_rooted",40.7419708373604,585,"4","2",TRUE
"GTCTTCGCAACTGCGC-b01","Slingshot_PCA_rooted",46.902019547774,640,"4","2",TRUE
"GTGCATAAGGTGCACA-b01","Slingshot_PCA_rooted",23.3818818861637,335,"5","2",TRUE
"GTGCTTCGTGTGACGA-b01","Slingshot_PCA_rooted",27.1695868609666,400,"5","2",TRUE
"GTGCTTCTCCTTAATC-b01","Slingshot_PCA_rooted",20.7523733487884,355,"10","2",TRUE
"GTGGGTCCACAGGCCT-b01","Slingshot_PCA_rooted",46.7756882317465,640,"4","2",TRUE
"GTTAAGCGTTAAGGGC-b01","Slingshot_PCA_rooted",40.2731560557417,450,"13","2",TRUE
"GTTCGGGAGATCCGAG-b01","Slingshot_PCA_rooted",24.5009421322714,440,"5","2",TRUE
"GTTCTCGAGAGGTAGA-b01","Slingshot_PCA_rooted",46.4259215040807,500,"10","2",TRUE
"GTTCTCGAGTGGGTTG-b01","Slingshot_PCA_rooted",54.5589072445842,700,"13","2",TRUE
"TAAACCGAGAAACGAG-b01","Slingshot_PCA_rooted",45.039454386832,635,"5","2",TRUE
"TACACGAGTACAAGTA-b01","Slingshot_PCA_rooted",52.7489101504365,670,"13","2",TRUE
"TACGGTATCTTCCTTC-b01","Slingshot_PCA_rooted",17.769940395147,630,"5","2",TRUE
"TACTCATAGATACACA-b01","Slingshot_PCA_rooted",24.3768653884049,425,"5","2",TRUE
"TACTCGCCACGTAAGG-b01","Slingshot_PCA_rooted",44.3893827845652,440,"15","2",TRUE
"TAGTGGTGTGTTAAGA-b01","Slingshot_PCA_rooted",24.7510423676761,360,"5","2",TRUE
"TATGCCCCAGGTCGTC-b01","Slingshot_PCA_rooted",56.782022366474,700,"10","2",TRUE
"TCAACGATCCTATGTT-b01","Slingshot_PCA_rooted",39.566089146461,550,"4","2",TRUE
"TCAACGATCTAACCGA-b01","Slingshot_PCA_rooted",19.7782387975814,400,"5","2",TRUE
"TCAATCTCAGGGTTAG-b01","Slingshot_PCA_rooted",34.4758280683657,450,"5","2",TRUE
"TCAGCAAAGCTAACTC-b01","Slingshot_PCA_rooted",30.5443849179114,450,"5","2",TRUE
"TCAGCTCCAGACAAAT-b01","Slingshot_PCA_rooted",48.2644327032733,700,"16","2",TRUE
"TCAGGATGTGGACGAT-b01","Slingshot_PCA_rooted",38.8620074573881,395,"5","2",TRUE
"TCATTACGTCCAGTAT-b01","Slingshot_PCA_rooted",25.3944666110352,385,"5","2",TRUE
"TCCACACCACACAGAG-b01","Slingshot_PCA_rooted",39.6507921423932,385,"13","2",TRUE
"TCCACACGTGCAACGA-b01","Slingshot_PCA_rooted",39.5493422597624,450,"5","2",TRUE
"TCGGTAAGTCATCGGC-b01","Slingshot_PCA_rooted",31.1754350015278,410,"5","2",TRUE
"TCGTAGATCATCGGAT-b01","Slingshot_PCA_rooted",25.5474058011569,385,"5","2",TRUE
"TCTTCGGGTTCCTCCA-b01","Slingshot_PCA_rooted",48.0169987104656,700,"16","2",TRUE
"TCTTTCCGTAGCCTCG-b01","Slingshot_PCA_rooted",39.2333441427921,500,"4","2",TRUE
"TCTTTCCGTATAGTAG-b01","Slingshot_PCA_rooted",36.5165045736973,435,"4","2",TRUE
"TGAGCCGTCTTCGAGA-b01","Slingshot_PCA_rooted",33.2836974479623,510,"5","2",TRUE
"TGAGGGATCATGGTCA-b01","Slingshot_PCA_rooted",22.6344648458601,450,"5","2",TRUE
"TGATTTCAGACTAAGT-b01","Slingshot_PCA_rooted",53.9713764032146,640,"1","2",TRUE
"TGCACCTTCGTGGTCG-b01","Slingshot_PCA_rooted",38.104178758253,440,"14","2",TRUE
"TGCGCAGAGGCCATAG-b01","Slingshot_PCA_rooted",48.2689685300079,640,"4","2",TRUE
"TGCGCAGTCAAGGCTT-b01","Slingshot_PCA_rooted",18.5411207859861,440,"5","2",TRUE
"TGCGGGTCATGTTCCC-b01","Slingshot_PCA_rooted",30.4384205139289,390,"5","2",TRUE
"TGGCGCACATCCTAGA-b01","Slingshot_PCA_rooted",25.4578633962335,415,"5","2",TRUE
"TGGCTGGGTGAGGCTA-b01","Slingshot_PCA_rooted",29.6950199815484,395,"5","2",TRUE
"TGGCTGGTCTGCTGTC-b01","Slingshot_PCA_rooted",41.7777803340072,440,"15","2",TRUE
"TGGGCGTGTCAAAGAT-b01","Slingshot_PCA_rooted",40.0611975240703,470,"4","2",TRUE
"TGTCCCAGTTAAGAAC-b01","Slingshot_PCA_rooted",27.5068771054339,390,"5","2",TRUE
"TTCGAAGCATTGGGCC-b01","Slingshot_PCA_rooted",44.0244422877999,550,"16","2",TRUE
"TTCTCAAGTCAGCTAT-b01","Slingshot_PCA_rooted",21.143124313636,380,"5","2",TRUE
"TTGGAACAGTATCTCG-b01","Slingshot_PCA_rooted",46.5289874854017,640,"4","2",TRUE
"TTGTAGGCAAGCTGAG-b01","Slingshot_PCA_rooted",36.4323936828767,450,"14","2",TRUE
"TTGTAGGGTTACTGAC-b01","Slingshot_PCA_rooted",29.0198316354615,385,"10","2",TRUE
"AACACGTGTACAAGTA-b02","Slingshot_PCA_rooted",47.4893831922191,620,"13","2",TRUE
"AAGGCAGGTTCACGGC-b02","Slingshot_PCA_rooted",56.2801959764392,640,"16","2",TRUE
"ACACCCTGTATTCTCT-b02","Slingshot_PCA_rooted",59.0563489954685,750,"10","2",TRUE
"ACATACGCATGGGAAC-b02","Slingshot_PCA_rooted",50.191343132547,620,"14","2",TRUE
"ACATCAGGTAAGTTCC-b02","Slingshot_PCA_rooted",54.5624443285627,620,"16","2",TRUE
"ACATGGTCAAGTTAAG-b02","Slingshot_PCA_rooted",49.0976941456851,585,"13","2",TRUE
"ACATGGTGTTATGCGT-b02","Slingshot_PCA_rooted",44.3913124247586,550,"4","2",TRUE
"ACGCCGAAGAGTCTGG-b02","Slingshot_PCA_rooted",47.6961814344675,550,"10","2",TRUE
"ACGTCAACAATCTGCA-b02","Slingshot_PCA_rooted",51.9718920064207,640,"10","2",TRUE
"ACTGAGTGTTCCACGG-b02","Slingshot_PCA_rooted",43.1367989903547,470,"16","2",TRUE
"AGCGGTCCATCCTTGC-b02","Slingshot_PCA_rooted",51.3790493664785,670,"14","2",TRUE
"AGGCCACGTCCAGTAT-b02","Slingshot_PCA_rooted",46.3466465312507,530,"10","2",TRUE
"ATCATGGCAGTTAACC-b02","Slingshot_PCA_rooted",17.3088459209316,640,"5","2",TRUE
"ATCCGAACACAGGAGT-b02","Slingshot_PCA_rooted",36.9851408171413,450,"4","2",TRUE
"ATCGAGTTCAGCTTAG-b02","Slingshot_PCA_rooted",23.8437312385203,390,"5","2",TRUE
"ATCGAGTTCTGTGCAA-b02","Slingshot_PCA_rooted",45.0332717239832,670,"4","2",TRUE
"ATGGGAGCATCGTCGG-b02","Slingshot_PCA_rooted",52.3564125987658,700,"13","2",TRUE
"ATTATCCGTTGGGACA-b02","Slingshot_PCA_rooted",30.3410222676499,410,"4","2",TRUE
"ATTCTACGTATCAGTC-b02","Slingshot_PCA_rooted",55.565367547725,640,"16","2",TRUE
"CAACTAGCATCCCACT-b02","Slingshot_PCA_rooted",47.8459014365922,620,"13","2",TRUE
"CACAGGCGTCTCTCGT-b02","Slingshot_PCA_rooted",46.5510909489051,510,"16","2",TRUE
"CACCACTAGTGACTCT-b02","Slingshot_PCA_rooted",59.2819552018038,725,"11","2",TRUE
"CACTCCAAGCCTTGAT-b02","Slingshot_PCA_rooted",44.936422529505,490,"15","2",TRUE
"CAGTCCTCACAGACTT-b02","Slingshot_PCA_rooted",41.5833694908322,585,"4","2",TRUE
"CATATGGAGATCACGG-b02","Slingshot_PCA_rooted",48.9509019356346,585,"13","2",TRUE
"CATCCACTCCCTAACC-b02","Slingshot_PCA_rooted",42.0287287336361,635,"4","2",TRUE
"CATCGAACACGTCAGC-b02","Slingshot_PCA_rooted",23.8520837303866,400,"5","2",TRUE
"CATTATCTCCTTAATC-b02","Slingshot_PCA_rooted",19.9276013551625,490,"5","2",TRUE
"CCACGGAAGAAACCAT-b02","Slingshot_PCA_rooted",44.4449488710498,500,"16","2",TRUE
"CCAGCGATCGAATGCT-b02","Slingshot_PCA_rooted",52.0092259097775,620,"16","2",TRUE
"CCATTCGGTGTGAAAT-b02","Slingshot_PCA_rooted",45.6107548738069,490,"13","2",TRUE
"CCTACACGTCATGCCG-b02","Slingshot_PCA_rooted",13.2830318440822,700,"2","2",TRUE
"CGAATGTCACTGAAGG-b02","Slingshot_PCA_rooted",49.1107682820559,520,"16","2",TRUE
"CGAGAAGCATTGTGCA-b02","Slingshot_PCA_rooted",23.6820501598029,390,"5","2",TRUE
"CGAGCACTCCCTAATT-b02","Slingshot_PCA_rooted",18.2192723004163,700,"16","2",TRUE
"CGGACACCAAGGACTG-b02","Slingshot_PCA_rooted",47.4868231728987,620,"16","2",TRUE
"CGTAGCGCACCCTATC-b02","Slingshot_PCA_rooted",22.8899919715381,390,"5","2",TRUE
"CGTAGCGGTCATCGGC-b02","Slingshot_PCA_rooted",56.4201714302392,640,"16","2",TRUE
"CGTCAGGGTCGAGTTT-b02","Slingshot_PCA_rooted",20.4889729460223,320,"5","2",TRUE
"CTCACACCAACACCTA-b02","Slingshot_PCA_rooted",59.0843895069205,730,"11","2",TRUE
"CTCACACCACCAGGTC-b02","Slingshot_PCA_rooted",42.4528598789432,450,"14","2",TRUE
"CTCATTACACATGTGT-b02","Slingshot_PCA_rooted",45.678893960545,640,"4","2",TRUE
"CTCGAGGTCAGATAAG-b02","Slingshot_PCA_rooted",55.2816696977869,725,"13","2",TRUE
"CTGGTCTGTATCGCAT-b02","Slingshot_PCA_rooted",61.5121593882605,750,"11","2",TRUE
"CTTCTCTCATCCTTGC-b02","Slingshot_PCA_rooted",53.8994228560385,640,"16","2",TRUE
"GACACGCCAGCTTCGG-b02","Slingshot_PCA_rooted",30.515131383563,420,"5","2",TRUE
"GATTCAGGTTCACCTC-b02","Slingshot_PCA_rooted",46.6143050448091,620,"16","2",TRUE
"GCATGATTCAGTCCCT-b02","Slingshot_PCA_rooted",47.8287430971322,630,"13","2",TRUE
"GCATGATTCAGTGTTG-b02","Slingshot_PCA_rooted",52.063488138213,620,"10","2",TRUE
"GCATGTATCGTTTATC-b02","Slingshot_PCA_rooted",21.7778061406209,370,"5","2",TRUE
"GCGCAACAGTTATCGC-b02","Slingshot_PCA_rooted",26.7858021691595,410,"5","2",TRUE
"GCGCAGTTCGCCAGCA-b02","Slingshot_PCA_rooted",42.4144311981194,490,"5","2",TRUE
"GCTGCGATCTTCTGGC-b02","Slingshot_PCA_rooted",56.4399967271993,700,"1","2",TRUE
"GCTGGGTAGCAATCTC-b02","Slingshot_PCA_rooted",49.7677657593465,620,"13","2",TRUE
"GCTGGGTCATACGCCG-b02","Slingshot_PCA_rooted",51.7632226818724,640,"14","2",TRUE
"GGACAAGGTGTTGGGA-b02","Slingshot_PCA_rooted",24.0450255032575,390,"5","2",TRUE
"GGACAGAAGAAGGTTT-b02","Slingshot_PCA_rooted",31.3860580988779,430,"13","2",TRUE
"GGCAATTGTGTAATGA-b02","Slingshot_PCA_rooted",12.9255439565067,700,"2","2",TRUE
"GGCGTGTCATCGGGTC-b02","Slingshot_PCA_rooted",16.9224314803503,345,"4","2",TRUE
"GGGAATGCACAAGTAA-b02","Slingshot_PCA_rooted",49.2725793012402,640,"14","2",TRUE
"GGGCACTAGCCTTGAT-b02","Slingshot_PCA_rooted",60.0105888037522,725,"1","2",TRUE
"GTACTTTGTTACTGAC-b02","Slingshot_PCA_rooted",22.0703856120909,450,"5","2",TRUE
"GTAGGCCCAGATCGGA-b02","Slingshot_PCA_rooted",26.3479909491234,450,"5","2",TRUE
"GTAGTCACACTCAGGC-b02","Slingshot_PCA_rooted",24.2755276780083,415,"5","2",TRUE
"GTCACGGAGAGGTAGA-b02","Slingshot_PCA_rooted",55.2799176086567,670,"10","2",TRUE
"GTGCATACAACTGCGC-b02","Slingshot_PCA_rooted",39.3232502438006,470,"5","2",TRUE
"TACCTATAGTTAGGTA-b02","Slingshot_PCA_rooted",19.0189646164316,550,"5","2",TRUE
"TAGACCAAGATCTGAA-b02","Slingshot_PCA_rooted",49.936976144678,640,"14","2",TRUE
"TAGAGCTAGTACGCGA-b02","Slingshot_PCA_rooted",20.5818257379783,400,"5","2",TRUE
"TATTACCGTCCAGTTA-b02","Slingshot_PCA_rooted",18.8771176340782,350,"5","2",TRUE
"TCAGATGAGATGGGTC-b02","Slingshot_PCA_rooted",36.3327674448668,420,"14","2",TRUE
"TCAGATGGTAGAGCTG-b02","Slingshot_PCA_rooted",46.1809870272564,550,"14","2",TRUE
"TCCCGATTCGCCGTGA-b02","Slingshot_PCA_rooted",22.9432404490802,620,"5","2",TRUE
"TCGTACCTCAACGCTA-b02","Slingshot_PCA_rooted",17.1449323186072,725,"16","2",TRUE
"TGATTTCCAGTCTTCC-b02","Slingshot_PCA_rooted",43.1765953347042,640,"4","2",TRUE
"TGCGCAGCAGGATTGG-b02","Slingshot_PCA_rooted",58.893448244129,700,"10","2",TRUE
"TGCGCAGTCCCTGACT-b02","Slingshot_PCA_rooted",58.830091947476,700,"15","2",TRUE
"TGCGGGTAGTACTTGC-b02","Slingshot_PCA_rooted",23.3223182527989,450,"5","2",TRUE
"TTTGTCAAGTACACCT-b02","Slingshot_PCA_rooted",52.1678129381376,700,"13","2",TRUE
