"obs_name","Lineage1","Lineage2","Lineage3","Lineage4","Lineage5","Lineage6","Lineage7","Lineage8","Lineage9","Lineage10","Lineage11","Lineage12","Lineage13"
"AAACCTGCAAGACGTG-300.1.1",NA,22.619261907954,NA,NA,NA,NA,NA,NA,NA,NA,NA,NA,NA
"AAACCTGGTGTGAATA-300.1.1",6.53638031803698,6.52668895571314,6.52733272208117,6.52992680910604,6.50428191503851,6.51392656140721,6.5111328122029,6.57246747133206,6.68801445294557,6.70449974855633,6.73421703247653,6.73930141034161,6.64405581658886
"AAACCTGTCGGCCGAT-300.1.1",NA,NA,NA,NA,NA,NA,NA,NA,24.2224022262241,14.7631338717751,18.1641426803934,12.8797103035489,14.2357680019664
"AAAGATGGTTCGTTGA-300.1.1",NA,NA,NA,NA,NA,NA,NA,NA,20.6142537548395,16.1225556015648,19.6286392180117,NA,16.3646854628125
"AACCATGAGAAACCTA-300.1.1",19.23585056748,NA,NA,NA,NA,NA,NA,NA,NA,NA,NA,NA,NA
"AACCATGAGTTGAGAT-300.1.1",20.20094629435,19.9562162273565,20.1632503772451,20.0111254036917,19.9668402584166,20.1005122781208,20.0894199206369,20.0861381179568,NA,NA,NA,NA,NA
"AACGTTGAGTAAGTAC-300.1.1",NA,NA,NA,NA,NA,NA,NA,NA,25.1890611754372,14.5714380720668,15.2156791645528,NA,NA
"AACTCAGTCTTATCTG-300.1.1",7.52795586283344,7.53164716952795,7.5579923613188,7.56694134928029,7.44374107896322,7.53316588545427,7.49991941498214,7.47271430080762,7.60144739989107,7.69556948129178,7.66434953480665,7.75773628195446,7.61304899821819
"AACTCCCAGTGTACTC-300.1.1",NA,NA,NA,NA,NA,NA,NA,NA,16.0950374633857,19.3080075477078,17.2150443132264,19.4584447489623,17.6211965188319
"AACTGGTAGGCAATTA-300.1.1",NA,NA,NA,NA,NA,NA,NA,NA,NA,NA,31.3459205085472,NA,NA
"AACTTTCGTCTTCAAG-300.1.1",11.0175419972185,10.8345121247107,10.9686062073754,10.9309406535143,10.967843368382,10.9733625227329,10.9914160048127,10.9756022961921,16.0785122510682,19.0758606415884,17.570692200747,19.0967108003648,17.0950267834943
"AAGCCGCTCAGAGACG-300.1.1",NA,NA,NA,NA,NA,NA,NA,NA,NA,NA,NA,15.6397865272574,NA
"AAGGCAGGTGGGTATG-300.1.1",11.0175419972185,10.9382105642419,10.9686062073754,10.9875809930966,11.0046011102656,11.0303111949168,11.0742221983022,10.9756022961921,22.500687637961,12.8402585564302,11.9183854298537,12.5039733369102,11.9817847851783
"AAGTCTGTCCAAATGC-300.1.1",12.7685149934363,12.4454939690066,12.4978604407013,12.5227410931663,12.399996506009,12.4757084793111,12.4385709137573,12.4728613727227,11.8453767762848,11.6101625365072,11.9297917461,13.5436435842808,11.5481181368391
"AAGTCTGTCTAACTCT-300.1.1",NA,NA,19.525805121782,NA,NA,NA,NA,NA,NA,NA,NA,NA,NA
"AATCGGTAGCGAGAAA-300.1.1",NA,NA,NA,16.6105928035367,NA,NA,NA,NA,NA,NA,NA,NA,NA
"ACACCAAAGTTCCACA-300.1.1",NA,NA,NA,NA,NA,NA,NA,NA,24.6539235347101,15.545324057517,16.7197114740645,NA,NA
"ACACCCTCAAACGTGG-300.1.1",11.4098395169644,11.2788786693485,11.3902956142384,11.3270262007734,11.3391465212664,11.3464512047399,11.370332647342,11.377423980148,16.2368764264235,18.612108009292,17.3394519640381,19.3019121382444,17.6998003125637
"ACATGGTCAGTAGAGC-300.1.1",12.9159429210361,12.8216709479168,12.8782696352052,12.8469852132771,12.8367974473239,12.8005658363805,12.7952689345087,12.8638534028761,16.4508395785872,16.1521653080641,23.481659901679,14.6696264797869,20.3570782041172
"ACCAGTATCGTAGGTT-300.1.1",NA,NA,NA,NA,NA,NA,NA,NA,NA,NA,32.997920805112,NA,NA
"ACCTTTAAGATATGCA-300.1.1",5.25154761186297,5.26287584142833,5.25492002033122,5.25416772102113,5.25108110584939,5.27831127200551,5.26390268296945,5.27150024705454,5.26110392372937,5.27419195768879,5.27614289567487,5.26815264413691,5.25710649657724
"ACGAGCCGTGAACCTT-300.1.1",8.4605019067081,8.47429266169016,8.4640934335591,8.44826882429977,8.38917602373762,8.4477315411174,8.49865149245358,8.48627844320995,8.48777900278795,8.39037092008881,8.46511915364847,8.56324371873909,8.27431005214487
"ACGAGGACATCCTAGA-300.1.1",7.36673748528283,7.33376424428696,7.34780730549473,7.35269652505277,7.36784651202402,7.32932540101009,7.31997182937021,7.39809053889695,7.36761729464727,7.38720038734755,7.38654039880788,7.19350414534877,7.30395158511969
"ACGATACTCGCGTAGC-300.1.1",NA,NA,NA,NA,NA,NA,NA,NA,NA,NA,27.2125671118555,NA,NA
"ACGCAGCAGTGCGATG-300.1.1",NA,NA,NA,NA,NA,NA,NA,NA,NA,29.0786095319589,NA,22.498377895725,NA
"ACGCAGCGTTCGCTAA-300.1.1",NA,NA,NA,NA,NA,NA,NA,NA,NA,27.0798253090631,NA,21.6082981621388,NA
"ACGCCAGGTTAAGGGC-300.1.1",12.3906693538462,12.2827507279595,12.4165509724169,12.4614266553878,12.2170217461145,12.3121698962842,12.2889967645604,12.3189457165897,12.0747361557751,11.1199028392005,11.9297917461,15.1606572757684,11.3332791720335
"ACGGAGAAGACACTAA-300.1.1",17.0611942058425,16.8765232768308,17.1214929630743,16.9005413936974,16.8119408830911,16.9526612908444,16.9053689139362,16.9314540097837,NA,25.1330030101046,NA,29.5131334467494,NA
"ACGGAGACAATAGCAA-300.1.1",NA,NA,NA,NA,NA,NA,NA,NA,16.2108959723201,19.0758606415884,17.570692200747,20.0895030095199,18.2035836712439
"ACGGAGACACACTGCG-300.1.1",12.1979976514534,12.1927440217689,12.2382606359813,12.2080873367994,12.3085689895578,12.378661323,12.3664562538092,12.1981607248575,22.8285820023471,15.2223583519244,16.1010133137416,13.6638294770446,14.8633930151988
"ACGGGCTAGGAGTAGA-300.1.1",11.4968573575816,11.4432207861656,11.4576424477244,11.5168233215476,11.4687383462542,11.585692584804,11.5136619286706,11.4927799200831,15.9573869410255,16.9463590550361,16.1935245875093,18.0852259833823,16.5375193744292
"ACTATCTAGTGCAAGC-300.1.1",11.0868451403362,10.9729044302739,11.1408243340311,11.2666463233841,11.0046011102656,11.146673762519,11.089391140778,11.0457227958248,12.9248695917701,12.2147149250698,12.8448816198906,15.2000623686556,12.5688628998194
"ACTATCTCAAACGTGG-300.1.1",NA,NA,NA,NA,33.3841252042163,NA,NA,NA,NA,NA,NA,NA,NA
"ACTGCTCTCTTACCTA-300.1.1",NA,16.1337994709218,NA,NA,NA,NA,NA,NA,NA,NA,33.0161593316587,NA,NA
"ACTTACTGTGTAACGG-300.1.1",11.2874436291917,11.2314939193508,11.2463165169686,11.3176249858265,11.1191718010315,11.190811296948,11.1563404377878,11.2620428413227,16.4085716681409,18.612108009292,17.6719253131145,19.2480460962031,17.0950267834943
"ACTTGTTTCAGGTAAA-300.1.1",7.91197899011423,7.79349301602212,7.84179623406724,7.83167601258971,7.81560659580595,7.82889324622681,7.78346221528812,7.79255933383606,7.81953571730835,7.7021113887719,7.74694599289564,7.75773628195446,7.7092843577793
"ACTTTCACAAGTTGTC-300.1.1",NA,NA,NA,NA,NA,NA,NA,NA,NA,NA,NA,NA,25.2358588526346
"AGACGTTAGGCCCGTT-300.1.1",11.1386843105292,11.0746054453016,11.1762784731019,11.2415439091798,11.0046011102656,11.178604286877,11.089391140778,11.1093610396636,13.0102872497337,11.6244328732897,12.9670337921907,15.5548868555646,12.5042708534047
"AGAGCTTAGCGTGAAC-300.1.1",NA,NA,NA,NA,NA,NA,NA,NA,NA,30.3779756112655,NA,NA,NA
"AGAGCTTCATGGAATA-300.1.1",9.45751580379599,9.47390079925998,9.33953460929363,9.37014029085563,9.38059592308033,9.40140896369717,9.40341538820163,9.37762911849148,19.5305997865116,14.5142080122474,9.63678756455563,10.0203109826179,9.89304196647535
"AGAGTGGGTGGCAAAC-300.1.1",9.35964724495589,9.37089420433518,9.30657476889871,9.32380816820656,9.32070598016386,9.31380183128358,9.37207073517068,9.37562426565492,9.37107986610091,9.18173939650214,9.25087719584813,8.88170841725653,9.17014821337983
"AGCAGCCTCATAACCG-300.1.1",NA,NA,NA,NA,NA,NA,NA,NA,NA,31.2072653308781,NA,NA,NA
"AGCGTATAGTCGTTTG-300.1.1",10.0637269055624,9.96612384272388,10.1290664954724,10.0882858073858,10.0832073984752,10.0111739932968,10.064710027734,10.1003434599132,17.1241747434329,16.5650698640436,22.1117942711479,14.1394785749337,16.5756480178495
"AGCGTATTCGTCTGAA-300.1.1",9.26743952716095,9.21048352390027,9.29410170299014,9.26658054353903,9.17002298069377,9.22804685758473,9.28329036410514,9.29142502440507,9.27940588064992,14.0957341847723,9.51000715561652,9.94085596362036,9.71398928825471
"AGCTCTCGTACTTCTT-300.1.1",NA,NA,NA,18.520448606982,NA,NA,NA,NA,NA,NA,NA,NA,NA
"AGGCCACCAGGTGGAT-300.1.1",9.21624285955848,9.223165733906,9.23885858388622,9.26126425593521,9.1869861807381,9.22804685758473,9.23749972352796,9.23865647021216,9.14418844886462,9.12869741090874,9.16376394491156,9.25540641555134,9.21098481791451
"AGGCCGTCACTAGTAC-300.1.1",NA,NA,NA,NA,NA,NA,NA,NA,NA,NA,NA,NA,26.0189818833512
"AGGGAGTCACCTATCC-300.1.1",NA,NA,NA,NA,NA,NA,NA,NA,NA,NA,NA,NA,25.3850576243678
"AGGGAGTTCTGATTCT-300.1.1",NA,NA,NA,NA,NA,NA,NA,NA,26.857285917753,NA,NA,NA,NA
"AGGGATGAGCCGCCTA-300.1.1",NA,NA,NA,NA,NA,NA,NA,NA,15.8032744635471,20.4731919614436,16.8774473803437,19.7959807171869,17.0950267834943
"AGGGATGGTCCGTCAG-300.1.1",10.0026583915744,9.92262594039854,9.96365436360467,9.96428490567509,9.94498676847406,9.96888199459161,9.92657693121458,9.93376954528884,9.74746677166471,9.52102773302066,9.6786357938135,9.56082397887633,9.53005829424775
"AGGGTGAAGCGTGAGT-300.1.1",NA,NA,NA,NA,NA,NA,NA,NA,24.0843121335752,15.2317487855542,18.461064624998,NA,15.2285453815824
"AGGTCCGAGACGACGT-300.1.1",NA,NA,NA,NA,NA,NA,NA,NA,17.1430546094967,16.0105447670227,24.5339678740923,NA,NA
"AGGTCCGAGGCTCTTA-300.1.1",6.63873521905255,6.60629725857796,6.61402835504067,6.61509904103574,6.53805894614411,6.56691589170727,6.56727791700152,6.61131076356365,6.68801445294557,6.61355207144535,6.71645602830831,6.73930141034161,6.53592177140496
"AGGTCCGGTCGCCATG-300.1.1",29.3715001314496,30.267815095807,30.3240203625944,30.8887180015834,30.6348202556995,30.0955974494824,31.4904805457788,30.1195709515974,NA,NA,NA,NA,NA
"AGGTCCGTCAACGGGA-300.1.1",NA,NA,NA,NA,NA,NA,NA,NA,16.7090935168273,NA,25.4934360889752,NA,NA
"AGTTGGTAGCCAGTAG-300.1.1",NA,NA,NA,NA,NA,NA,NA,NA,23.8167565514511,15.0746034172763,16.957277785809,13.0654313964554,14.8702794954541
"ATAACGCCATGTAGTC-300.1.1",11.8032844577894,11.7346869367468,11.779632708575,11.7419796015935,11.6814966427413,11.7420043890988,11.7417772962778,11.7803722955726,16.0043331608909,19.3080075477078,17.2450979220087,19.4620335248102,17.6211965188319
"ATCACGAGTCGAGTTT-300.1.1",NA,NA,NA,NA,NA,NA,NA,NA,16.2145337824378,19.5244465544609,17.1107860549172,19.6687962577484,17.7233207134659
"ATCACGATCGCCAGCA-300.1.1",NA,NA,NA,NA,NA,NA,NA,NA,24.467006179436,14.2999303809414,14.112612577508,12.8793926665496,13.6123223977351
"ATCACGATCGGCATCG-300.1.1",NA,NA,NA,NA,NA,NA,NA,NA,16.2277483033351,19.5413122642589,17.2205480115862,19.87913568115,17.4252291108119
"ATCCGAAAGCTACCGC-300.1.1",31.8063296131995,32.3455248800165,33.1403832725073,32.7763050958619,32.5854220996095,32.894461343122,33.6599582981824,33.1687260485323,NA,NA,NA,NA,NA
"ATCCGAAAGCTATGCT-300.1.1",19.5776957257503,19.1563819296497,19.3826531117897,19.667826913579,19.2852638320757,19.390301153326,19.258005252308,19.3324455688518,NA,NA,NA,NA,NA
"ATGAGGGAGGCTAGAC-300.1.1",NA,NA,NA,NA,NA,NA,NA,NA,NA,26.6360548290643,NA,21.4900873616524,19.7375325166771
"ATGAGGGTCCTATGTT-300.1.1",NA,NA,NA,NA,NA,NA,NA,NA,24.2043254296015,14.9933998818849,17.9260870614558,NA,NA
"ATGTGTGCAGTCAGAG-300.1.1",NA,NA,NA,18.5535330227796,NA,NA,NA,NA,NA,NA,NA,NA,NA
"ATTATCCCACCACCAG-300.1.1",10.7761762426151,10.8250394052135,10.8344327708594,10.8719931612097,10.734064145427,10.7968441811069,10.7577289814126,10.8228233188151,22.234148486853,12.9156632736438,11.8594117030202,12.2045139539121,12.0530260658844
"ATTATCCGTGACCAAG-300.1.1",NA,NA,NA,NA,NA,NA,NA,NA,20.5280198639597,16.1225556015648,19.3666473440314,13.8100685771477,16.3326212452939
"ATTGGACCAGTAACGG-300.1.1",18.6713296701366,18.3696234330775,18.5482465935566,18.6795196492924,18.3554353662457,18.474589233012,18.4818640815537,18.4443374627659,NA,NA,NA,NA,NA
"CAACCTCGTCCAGTGC-300.1.1",8.9700182447955,8.97449049505691,8.90480009989527,8.90406399521797,8.95137062753647,8.92744459012764,8.98453279243801,8.9801461169614,8.89121554514695,8.61942209721572,8.74884344847614,8.73224674701891,8.68195354884217
"CAAGGCCGTCACACGC-300.1.1",9.79688484706399,9.66325977054952,9.710971884832,9.6770249375408,9.6254504142008,9.61926208977014,9.734492053608,9.75443972344295,14.7452500054267,15.8641922630406,9.47044717490794,9.41049489331076,18.7865456956862
"CAAGGCCGTCCTCTTG-300.1.1",NA,NA,NA,NA,NA,NA,NA,NA,29.6749537268351,NA,NA,NA,NA
"CAAGTTGTCTCCGGTT-300.1.1",NA,NA,NA,NA,NA,NA,NA,NA,16.4508395785872,19.5402735213561,17.3394519640381,19.6687962577484,17.7786894412688
"CACACCTCACATGTGT-300.1.1",17.9174774294821,17.4649591053703,17.6678337134847,17.7493504913114,17.4952220859456,17.6208697430792,17.549114086074,17.5667077606286,NA,12.2854347434371,NA,15.2964516188243,NA
"CACACTCGTACCATCA-300.1.1",8.5453981548872,8.56275930571953,8.48401494119013,8.5059813438892,8.51513767683569,8.50132358308595,8.56679520716839,8.57142940863583,8.49528515285762,8.61942209721572,8.59569098285638,8.70442830161781,8.64182271447825
"CACAGGCTCACCCTCA-300.1.1",NA,NA,NA,NA,21.7138267655552,NA,NA,NA,NA,NA,NA,NA,36.5799654259598
"CACATAGTCAAGGTAA-300.1.1",NA,NA,19.4838588566457,NA,NA,NA,NA,NA,NA,NA,NA,NA,NA
"CAGCATATCCACGACG-300.1.1",21.5126530765025,NA,NA,NA,NA,NA,NA,NA,NA,NA,NA,NA,NA
"CAGCCGAGTGACTACT-300.1.1",9.45751580379599,9.47383546984133,9.41727911966336,9.44197097406021,9.42190550460724,9.42840079757675,9.40341538820163,9.37762911849148,9.68635691470806,9.20881916240897,9.31985370866134,15.8530452318772,9.28104937994293
"CAGCGACTCTGAGTGT-300.1.1",NA,NA,NA,NA,NA,NA,NA,NA,24.6997013109633,15.4498491802771,NA,NA,NA
"CAGCTAATCCGTTGCT-300.1.1",12.4118149487859,12.20615977558,12.3234170241268,12.3809818111675,12.405521623677,12.378661323,12.3664562538092,12.3689353401651,16.0427738218016,19.0917151735206,16.8848565053318,19.1389678778442,17.2077263724025
"CAGCTAATCTTCATGT-300.1.1",NA,NA,NA,NA,NA,NA,NA,NA,15.5558549852213,21.6045136413965,16.3330370791017,19.4584447489623,16.567910919235
"CATATGGCAGACAAGC-300.1.1",NA,NA,NA,NA,NA,NA,NA,NA,21.8628993945214,16.1225556015648,18.7482488029944,NA,16.0376028817598
"CATATGGCATTTGCCC-300.1.1",23.9369952345902,NA,NA,NA,NA,NA,NA,NA,NA,NA,NA,NA,NA
"CATGACACATTAACCG-300.1.1",NA,NA,NA,NA,26.2399885578376,NA,NA,NA,NA,NA,NA,NA,NA
"CATGACATCGATCCCT-300.1.1",9.8462946308141,9.81679999363534,9.76098239992119,9.80074127323083,9.70935961683604,9.78353714263074,9.82340852089193,9.77593269418133,14.4173182065713,17.3019418183477,14.9350815799657,16.428791802214,15.5747119424507
"CATGCCTCATATGGTC-300.1.1",11.8540367601347,11.7883081313022,11.8134603162401,11.8262257708839,11.899346861376,11.9488170723378,11.9374953494716,11.820817813369,17.747182916468,15.6756820180083,19.9943006374776,14.520377793494,15.7296705677363
"CATGCCTGTTAAGGGC-300.1.1",18.7676831450986,NA,NA,NA,NA,NA,NA,NA,NA,NA,NA,NA,NA
"CATGGCGTCGGCGCAT-300.1.1",NA,NA,NA,NA,NA,NA,NA,NA,15.5558549852213,21.8198853814372,16.6615567103385,25.0637015203394,17.7140154758983
"CATTATCGTTGGGACA-300.1.1",8.55218396191059,8.56709098710696,8.4640934335591,8.46515364095672,8.51878465092489,8.47548415584429,8.56679520716839,8.57944372145574,8.40094395197573,8.28377260382956,8.34415874478022,8.36257779179338,8.24425324940148
"CCAATCCAGATGCCTT-300.1.1",17.3487928276402,17.8556985226641,17.4920712922397,17.4631835339086,17.4345806877488,17.565113785495,17.5547814596759,17.5005579877168,NA,NA,34.5307105895669,NA,NA
"CCAATCCCACCTCGTT-300.1.1",NA,NA,NA,NA,NA,NA,NA,NA,30.0997428051719,NA,NA,NA,NA
"CCACGGATCTTGTTTG-300.1.1",NA,NA,NA,NA,NA,NA,NA,NA,NA,30.7448923824073,NA,NA,NA
"CCAGCGAGTTAGTGGG-300.1.1",NA,NA,NA,NA,NA,NA,NA,NA,NA,NA,NA,NA,29.9314525007003
"CCCAATCAGATCCCGC-300.1.1",NA,NA,NA,NA,27.7842807548735,NA,NA,NA,NA,NA,NA,NA,39.9241227112141
"CCCAGTTTCCTTTCGG-300.1.1",15.4009257691089,14.9115397427917,15.0055880877658,15.1018454163876,14.8017983217782,15.005316471688,14.9646218117694,15.0154035752252,NA,11.7908736274256,NA,15.3576249007644,NA
"CCCATACAGCGCCTTG-300.1.1",NA,NA,NA,NA,NA,NA,NA,NA,NA,NA,NA,NA,24.9943340607491
"CCCTCCTAGAGAGCTC-300.1.1",9.55598353848407,9.50020228104091,9.6348979672604,9.65121367677,9.6254504142008,9.61926208977014,9.56352497270979,9.57847138499124,15.137160006947,18.2518323412174,16.7725906798269,17.5690566011618,16.2715776026045
"CCCTCCTCACCCATGG-300.1.1",NA,NA,NA,NA,NA,NA,NA,NA,NA,NA,NA,NA,27.9915160759605
"CCGTACTGTCGCGGTT-300.1.1",NA,NA,NA,NA,NA,NA,NA,NA,19.9024208538395,16.1457434655835,19.4551220825029,NA,16.3031709442664
"CCGTGGACACCTCGTT-300.1.1",10.6837989275706,10.6376545824274,10.6574196996571,10.6839450248713,10.5617555541293,10.7219846501773,10.6663079605684,10.632033881115,14.2712335044883,15.8124343829367,14.7159043895139,16.9679347335433,15.1633869357668
"CCGTTCAAGACGCACA-300.1.1",11.8032844577894,11.7346869367468,11.8134603162401,11.7419796015935,11.6858121463936,11.7356406392608,11.7371079215833,11.7803722955726,24.5399947163956,14.6336317162944,14.9834521288512,13.0654313964554,14.0758290743196
"CCTATTATCTACTTAC-300.1.1",NA,NA,NA,NA,NA,NA,NA,NA,17.1241747434329,NA,25.0293417254742,NA,NA
"CCTCAGTAGTGTGAAT-300.1.1",11.2494344678472,11.2702779779611,11.2584882455483,11.2922661851084,11.107340400905,11.190811296948,11.1256762913182,11.2327901286892,18.8730687673991,15.7419591425548,20.8010658329987,13.8592132076459,15.9695781818063
"CCTCAGTGTTGTCGCG-300.1.1",NA,NA,NA,17.2338313376273,NA,NA,NA,NA,NA,NA,NA,NA,NA
"CCTCTGAAGCTCAACT-300.1.1",NA,NA,NA,NA,27.1181025223874,NA,NA,NA,NA,NA,NA,NA,39.9241227112141
"CCTCTGATCCTCGCAT-300.1.1",NA,NA,NA,NA,NA,NA,NA,NA,15.8817926487584,20.3490123151867,17.3394519640381,22.611632951832,18.4445594449735
"CCTTCCCCATCGGAAG-300.1.1",NA,NA,NA,NA,NA,NA,NA,NA,NA,17.1230886781945,NA,NA,23.8840578618973
"CCTTTCTCAATTCCTT-300.1.1",28.5166357461332,29.1820905703724,29.0616572942734,28.4736968556267,28.8475345087861,29.8276625480145,28.8133552610042,28.6675751661877,NA,NA,NA,NA,NA
"CGAGCCAGTAAGTGTA-300.1.1",15.0584383231525,14.7165661958692,14.8204922963316,14.8291989184884,14.6718428046913,14.7864680873541,14.7371267844945,14.7266577204694,12.539484756944,12.2382205449965,12.8266207751551,14.0513956174883,12.5218304646204
"CGAGCCATCGGCGCAT-300.1.1",NA,NA,NA,NA,NA,NA,NA,NA,15.7802839630478,22.4812062827306,17.1107860549172,21.2447201849606,19.0810114355908
"CGCCAAGCAGATAATG-300.1.1",7.09355386136634,7.01702177998832,7.04267886115165,7.05191185816684,6.92575911840488,6.9963217877271,6.97100564677648,7.00433373894353,7.14131427243726,7.15201924581164,7.20938350151686,7.2767888225531,7.08672448409672
"CGCGGTAAGCGTAGTG-300.1.1",NA,NA,NA,NA,NA,NA,NA,NA,16.2277483033351,19.7814117805921,17.7411639785749,22.1440471068038,17.6211965188319
"CGCGTTTCAGGAACGT-300.1.1",12.2101564162846,12.1895227311746,12.2382606359813,12.3351914556609,12.0972990736784,12.2201613373032,12.1906300623881,12.1845896468424,13.4688083466499,12.2022888131576,13.4203829246771,15.9496135307691,13.0692818174158
"CGCTATCCAGTAAGAT-300.1.1",NA,NA,NA,NA,NA,NA,NA,NA,NA,NA,NA,NA,30.4751541625462
"CGCTATCTCTGCTGCT-300.1.1",9.27850532039634,9.24926714038551,9.29410170299014,9.26658054353903,9.17627940428751,9.22804685758473,9.30260302723654,9.30588012179098,16.2277483033351,18.612108009292,17.8040987950694,19.87913568115,18.6436238127796
"CGCTGGACACTAAGTC-300.1.1",NA,NA,NA,NA,NA,NA,NA,NA,16.0043331608909,19.8247679013358,17.1107860549172,19.6687962577484,17.3580716561406
"CGCTGGACAGACGCAA-300.1.1",19.8148033499087,19.5433318649503,19.7883829961821,19.6654706395499,19.5496859071264,19.6677142190603,19.631612922198,19.648252861387,NA,NA,NA,31.0324038997183,NA
"CGCTGGAGTCGGCTCA-300.1.1",10.996528521691,10.8250394052135,10.9686062073754,10.9131798289024,10.8957002986757,10.856975545469,10.908167911831,10.9756022961921,16.2209164858247,17.1366933673848,16.8596419552612,17.8376027047976,16.2611998075951
"CGCTGGAGTTAAGACA-300.1.1",NA,NA,NA,22.7722162434727,NA,NA,NA,NA,NA,NA,NA,NA,NA
"CGCTTCAGTTATCCGA-300.1.1",NA,NA,NA,NA,NA,NA,NA,NA,NA,23.1540658118484,NA,27.8351826228519,NA
"CGGACGTAGTACGTAA-300.1.1",14.8650172873041,14.5207685624973,14.835629887167,14.8730468530272,14.5717734053191,14.7101688607129,14.6108724296128,14.6395233341364,13.2465385961337,12.6886478210324,13.5027731961063,15.4178610037158,13.1129091255832
"CGGACGTAGTGGTCCC-300.1.1",14.9369899755305,14.8076481937049,14.8204922963316,14.8353897339713,14.7237779285644,14.7864680873541,14.8111506374951,14.7762672630713,12.7744610460546,12.0142537982721,12.8266207751551,15.3576249007644,12.4143512029386
"CGGAGCTCAATGGAAT-300.1.1",NA,NA,19.6154269816319,NA,NA,NA,NA,NA,NA,NA,NA,NA,NA
"CGGAGTCAGTCGCCGT-300.1.1",NA,NA,NA,NA,NA,NA,NA,NA,16.2059200490066,21.3021351140275,17.249927162828,21.0495811872254,19.5688623389882
"CGGAGTCTCTGTACGA-300.1.1",NA,NA,NA,NA,NA,NA,NA,NA,17.1241747434329,16.1225556015648,23.3753287170332,14.6622851182019,15.7934179177109
"CGGCTAGCAACTTGAC-300.1.1",NA,NA,NA,NA,NA,NA,NA,NA,15.3306224852068,21.0795952168536,15.9932266869119,19.2382762468275,16.509441849628
"CGTCACTCATGTTCCC-300.1.1",7.1448836989891,7.19781256934662,7.20967704677542,7.22080996301338,7.13708759767307,7.18744789834267,7.17029214997312,7.1326828276684,7.31960793284119,7.27318836730196,7.35486787498175,7.41445348823657,7.21636254461562
"CGTCAGGGTAAGGATT-300.1.1",NA,NA,36.988119295547,NA,NA,NA,NA,NA,NA,NA,NA,NA,NA
"CGTCTACTCCAGTAGT-300.1.1",NA,NA,NA,NA,25.0709213564438,NA,NA,NA,NA,NA,NA,NA,39.9241227112141
"CGTGTAATCGTTACGA-300.1.1",NA,NA,NA,NA,NA,NA,NA,NA,16.6739463332296,15.6756820180083,24.4252624174078,14.3807210525034,15.1076873171914
"CGTTAGAAGGCGTACA-300.1.1",NA,NA,NA,NA,NA,NA,NA,NA,NA,17.1043130375063,NA,NA,25.8240477030015
"CTAAGACAGCACCGCT-300.1.1",NA,NA,NA,NA,NA,NA,NA,NA,15.5558549852213,19.7485747146793,16.8848565053318,20.0895030095199,18.4800109587461
"CTAAGACCAGCTTCGG-300.1.1",NA,NA,NA,NA,NA,NA,NA,NA,26.4723321371742,NA,NA,NA,NA
"CTAAGACTCTCTAGGA-300.1.1",13.5315407728381,13.3770888720526,13.5225911143992,13.4129575586997,13.3836927686418,13.5034682867362,13.4387269239297,13.4077597610269,19.407836846896,16.3439421457373,17.4165458684937,18.1030947259916,16.7571938408512
"CTAATGGAGGGCTTCC-300.1.1",6.18436878663022,6.18433335848527,6.1788796428336,6.17950824577787,6.15855582810689,6.15431189107939,6.16087842438064,6.21900148841952,6.23394286175004,6.2368111621316,6.26070443452631,6.28227647065295,6.14550347821734
"CTAATGGAGTACCGGA-300.1.1",25.1353613418812,25.3766554485023,25.3676376090505,25.3359969162577,25.2790040711261,25.4769533133014,25.4659867493538,25.2669860465364,NA,NA,NA,NA,NA
"CTACCCACAATGGACG-300.1.1",26.1951949273059,26.5087034744047,26.5513698233695,26.4011710293561,26.5700614390986,26.4433805694992,26.6075781092975,26.4544543492289,NA,NA,NA,NA,NA
"CTACCCAGTCTGGAGA-300.1.1",NA,NA,NA,NA,NA,NA,NA,NA,NA,28.8066014620346,NA,22.2659189585525,NA
"CTACCCATCTGGGCCA-300.1.1",9.06965804839365,9.02688430599125,9.02406367841058,9.05732955719265,9.04744987475463,9.03970678300633,8.98453279243801,8.9801461169614,9.20424101631351,8.9913148211812,9.02167534604243,8.56595283464363,9.04962400363294
"CTAGTGATCCGCGCAA-300.1.1",NA,NA,NA,NA,NA,NA,NA,NA,NA,NA,NA,NA,29.1830845721034
"CTCATTACAGTATGCT-300.1.1",7.1448836989891,7.16772793198478,7.1852116524848,7.19305202681996,7.11644603285124,7.15597808952739,7.14257241017072,7.10822920810769,7.14131427243726,7.20980704373411,7.20938350151686,7.11590516328459,7.16182973296964
"CTCCTAGTCACCTTAT-300.1.1",NA,NA,NA,NA,NA,NA,NA,NA,NA,30.2753834015446,NA,NA,NA
"CTCGAGGAGGAGTTGC-300.1.1",NA,NA,NA,NA,NA,NA,NA,NA,17.5834892105941,15.4498491802771,23.6371485793854,13.4673290995156,15.0869000603606
"CTCGAGGAGTGATCGG-300.1.1",NA,NA,NA,NA,NA,NA,NA,NA,NA,NA,NA,NA,23.657969851888
"CTCGAGGGTCTTCGTC-300.1.1",9.53027200408251,9.47390079925998,9.57053834602005,9.59469315899898,9.600564267042,9.61810608099277,9.53096948583226,9.541237024974,9.73405512237761,15.5013431138982,9.59455256279729,9.56777527757324,15.0856367730828
"CTCGTCAAGTCTCCTC-300.1.1",NA,NA,NA,NA,NA,NA,NA,NA,16.6723645449553,20.2114559040655,17.8040987950694,20.9308206250584,19.1992258400254
"CTGAAACCAGCCAATT-300.1.1",NA,NA,NA,NA,26.0447289484697,NA,NA,NA,NA,NA,NA,NA,39.9241227112141
"CTGAAGTCACCAGGCT-300.1.1",NA,NA,NA,NA,49.7512816597221,NA,NA,NA,NA,NA,NA,NA,NA
"CTGATAGAGAGCTGGT-300.1.1",33.2692662668333,33.1893146976639,35.0893144221627,33.8854070555706,33.6257103751781,34.2847582762339,35.3521014378611,34.8506704911154,NA,NA,NA,NA,NA
"CTGCCTAAGGGTCGAT-300.1.1",NA,NA,NA,NA,NA,NA,NA,NA,NA,23.2747169505909,NA,20.2998578698022,NA
"CTGCTGTAGCAGGCTA-300.1.1",NA,NA,NA,NA,NA,NA,NA,NA,19.5699181679426,15.8999417219031,19.4551220825029,13.43649588453,16.0556724528017
"CTGCTGTAGTTGTAGA-300.1.1",NA,NA,NA,NA,NA,NA,NA,NA,NA,16.3439421457373,NA,NA,23.7324081156023
"CTGCTGTCAGAGTGTG-300.1.1",NA,NA,NA,NA,31.1827344740592,NA,NA,NA,NA,NA,NA,NA,NA
"CTGCTGTTCAAGCCTA-300.1.1",6.87669268561024,6.81769081258313,6.83412407513457,6.84391455967421,6.92215963045577,6.89489043992053,6.90648859791401,6.95952180762963,7.04192287267939,7.01210290949818,7.01105830764085,7.07919820068982,6.90987425485987
"CTGGTCTGTTCCACAA-300.1.1",NA,NA,NA,NA,NA,NA,NA,NA,30.4422504508486,NA,NA,NA,NA
"CTGGTCTTCGGCGGTT-300.1.1",NA,NA,NA,NA,NA,NA,NA,NA,16.0046961348423,19.7726634383258,17.1107860549172,19.5859248612696,17.0950267834943
"CTGTGCTAGCTTTGGT-300.1.1",9.8462946308141,9.88007885864891,9.82337267237776,9.82371948252249,9.81202005602998,9.88164772525033,9.82340852089193,9.80777813094398,16.0043331608909,18.612108009292,17.3394519640381,19.7728842852059,18.6740584526698
"CTGTGCTGTTGGGACA-300.1.1",NA,NA,NA,NA,NA,NA,NA,NA,21.5330223674498,15.5594428648535,19.9229810210145,NA,NA
"CTTACCGCATGCCTTC-300.1.1",NA,NA,NA,NA,NA,NA,NA,NA,15.7802839630478,21.4093628889379,16.6615567103385,20.0895030095199,17.2190089942274
"CTTACCGTCCGTCATC-300.1.1",NA,NA,NA,NA,36.0836975922915,NA,NA,NA,NA,NA,NA,NA,NA
"CTTACCGTCGTACGGC-300.1.1",NA,NA,NA,23.2326925374059,NA,NA,NA,NA,NA,NA,NA,NA,NA
"CTTAGGACATCATCCC-300.1.1",12.5536397123263,12.4901371721893,12.5182625287352,12.5561745101612,12.405521623677,12.4502099803342,12.4498482681541,12.5145337098695,11.8453767762848,12.6528924239718,12.3773508506248,12.6163542243498,12.2592949951709
"CTTAGGAGTAGCTTGT-300.1.1",9.91879457262782,9.92262594039854,9.95296822640741,9.9904456907241,9.90507173847703,9.98909831160264,9.89085431263925,9.91821503367911,10.3596999918373,10.360609118604,10.262624093985,14.188971031597,10.515176297444
"CTTAGGAGTAGGAGTC-300.1.1",18.2109910768011,NA,NA,NA,NA,NA,NA,NA,NA,NA,NA,NA,NA
"CTTAGGAGTTAGTGGG-300.1.1",7.00217883337489,6.94943956571393,6.96773957176376,6.9724863484037,6.92215963045577,6.93312359991379,6.91744165304985,7.00433373894353,6.98674771077042,7.01210290949818,6.98141731150343,7.07600035851392,6.90987425485987
"CTTCTCTGTTACTGAC-300.1.1",7.63732832805433,7.69601889343836,7.63902550555617,7.6331177050909,7.66885621070924,7.67012373624534,7.70345646518126,7.68238464149537,7.77015471025059,7.7021113887719,7.70387296003257,7.75773628195446,7.56903228901713
"CTTTGCGCAACGCACC-300.1.1",8.93218126449619,8.97502154983764,8.91987517319516,8.94185452075164,8.95521281990735,8.93147985300603,8.96087670057138,8.96085102481263,8.99331099508093,8.86835033538182,8.86892596134555,8.49015012016714,8.84145706954198
"GACAGAGCATGCTAGT-300.1.1",NA,NA,NA,NA,NA,NA,NA,NA,NA,NA,NA,NA,25.3666465120064
"GACGCGTAGAAGGCCT-300.1.1",NA,NA,NA,NA,NA,NA,NA,NA,20.6142537548395,NA,NA,NA,NA
"GACGCGTTCTTCTGGC-300.1.1",7.0415525375846,7.01655992964158,7.02209009655569,7.02884915213027,6.97867798821864,7.00602538834639,6.99657228413808,7.00433373894353,7.06813567291,7.0700442924448,7.09288509559933,7.14990930946664,7.1050787418489
"GACGGCTGTAGTGAAT-300.1.1",29.5277268209384,30.3701258889887,30.7995710076516,30.9423054759629,30.9345862902393,30.498861123626,32.005304599732,30.3387087984737,NA,NA,NA,NA,NA
"GACGTGCTCGTGGACC-300.1.1",NA,NA,NA,NA,NA,NA,NA,NA,29.3387914004102,NA,NA,NA,NA
"GACGTTACAAACAACA-300.1.1",NA,NA,28.4559173368451,NA,NA,NA,NA,NA,NA,NA,NA,NA,NA
"GAGCAGAAGGCTCTTA-300.1.1",NA,NA,NA,NA,NA,NA,NA,NA,25.384391807976,NA,NA,NA,NA
"GAGTCCGCAGCTTCGG-300.1.1",NA,NA,21.2860371755498,NA,NA,NA,NA,NA,NA,NA,NA,NA,NA
"GATCGTACAACTGCGC-300.1.1",12.7132567582658,12.5689749228432,12.514407947389,12.6588820091605,12.5928420672824,12.6159101818853,12.6098933544875,12.6392674385079,11.1700287074877,11.3177878781162,11.2601559139988,11.2042049319481,11.0477714493045
"GATGCTACAACACCCG-300.1.1",NA,NA,NA,NA,NA,NA,NA,NA,31.6882742369489,NA,NA,NA,NA
"GCAAACTAGAGTACCG-300.1.1",15.8059465322192,15.4676779058948,15.7222072620729,15.695380871528,15.4513064224335,15.598871144604,15.5154420781508,15.5321498319168,14.1616012696524,24.0702291076548,14.5739873577287,17.384072661323,14.9381428029175
"GCACATACATTTCACT-300.1.1",NA,NA,NA,NA,NA,NA,NA,NA,16.2277483033351,19.457344679169,17.3394519640381,19.9392769035907,17.8845206543862
"GCACATAGTTTGGCGC-300.1.1",NA,NA,NA,NA,NA,NA,NA,NA,27.4573581029335,NA,NA,NA,NA
"GCACTCTAGGCGTACA-300.1.1",NA,NA,NA,NA,NA,NA,NA,NA,NA,30.450547181367,NA,NA,NA
"GCAGCCAAGAAGGTGA-300.1.1",10.0887646743699,10.0096380804129,10.1128216418535,10.0842252015524,10.0832073984752,10.0174509437846,10.0584291516194,10.0757190669184,15.7320939887243,20.0051464314194,17.1107860549172,20.3674723004282,18.7896919742085
"GCAGTTAAGCGAGAAA-300.1.1",14.0803016732746,13.6814767671975,13.7930484515414,13.8334877954778,13.6523412318367,13.7629879877254,13.6983558857569,13.7756567577088,12.3060948017477,12.0131845583625,12.5718973549299,13.9609739541327,12.0134285572833
"GCATACAAGGCCGAAT-300.1.1",NA,NA,NA,NA,NA,NA,NA,NA,NA,26.1322815200226,NA,21.9826802097036,20.0131277213005
"GCATGTAGTACATCCA-300.1.1",7.19831063479157,7.2558823141938,7.22835477049584,7.22658728234915,7.29508406169574,7.28217994243708,7.31997182937021,7.27549380441735,7.30314588145195,7.26701904306059,7.3101741553201,7.17636832692527,7.17601739538005
"GCATGTATCAAACCGT-300.1.1",18.8802910934368,18.7373507765813,18.8645110658618,18.8022657942256,18.7202080931308,18.8516016540819,18.8682882397592,18.8150473352339,NA,30.3311210366453,NA,NA,NA
"GCGACCAAGAGCCTAG-300.1.1",NA,NA,NA,NA,NA,NA,NA,NA,28.0010257074349,NA,NA,NA,NA
"GCGAGAAAGCCGTCGT-300.1.1",NA,NA,NA,NA,NA,NA,NA,NA,13.2465385961337,11.4887460190737,13.2124863151933,16.0094585361191,12.688601471499
"GCTCCTACAGCCAATT-300.1.1",8.83437353848609,8.82742102342829,8.8491965190257,8.84196900822576,8.8073486892553,8.83752586927771,8.83961138392091,8.83496326763373,8.57198213899,8.43846907003466,8.57006161259923,8.7065710674762,8.47960240937532
"GCTGCGAAGTCAAGGC-300.1.1",10.2923788034589,10.2951316176956,10.2758345162107,10.293138289737,10.2599326276029,10.3189295679675,10.2558595329327,10.2731646929192,12.6868917752866,10.1406403513989,10.3385227709474,9.99487153819945,10.4846085603593
"GCTGCGATCTATCCCG-300.1.1",NA,NA,NA,NA,NA,NA,NA,NA,16.2277483033351,19.5980968927503,17.1792464842632,19.7005698395771,17.8845206543862
"GCTGGGTAGGACACCA-300.1.1",NA,NA,NA,NA,NA,NA,NA,NA,NA,18.9801603004766,NA,19.87913568115,18.4926309492961
"GCTTGAACAAGCCATT-300.1.1",NA,NA,NA,NA,NA,NA,NA,NA,29.7497551078917,NA,NA,NA,NA
"GCTTGAACAGATGGGT-300.1.1",12.271366984315,12.2571444586763,12.2382606359813,12.2720314186299,12.405521623677,12.378661323,12.3664562538092,12.3253769339162,17.693241652924,16.8761866984645,17.0654951503474,18.8711432523613,16.324994655508
"GGACAGAAGGCATGTG-300.1.1",NA,NA,NA,NA,NA,NA,NA,NA,17.2862478064423,16.5650698640436,NA,NA,22.9923306179856
"GGAGCAATCGTTTAGG-300.1.1",NA,NA,NA,NA,NA,NA,NA,NA,NA,NA,NA,NA,29.4914009765979
"GGATGTTCACTTCTGC-300.1.1",NA,NA,21.8252229371679,NA,NA,NA,NA,NA,NA,NA,NA,NA,NA
"GGATTACAGCCAGTAG-300.1.1",NA,NA,NA,NA,NA,NA,NA,NA,NA,29.5170409597275,NA,22.6483896545202,NA
"GGCGACTAGACGACGT-300.1.1",NA,NA,NA,NA,NA,NA,NA,NA,NA,22.7094916416924,NA,NA,26.1930803641738
"GGCTCGACACACAGAG-300.1.1",10.7464659850354,10.762112321287,10.7209576628091,10.7790727045591,10.648559190193,10.7968441811069,10.6663079605684,10.7327875702773,16.3006050614018,17.0656559216703,16.8848565053318,17.9044651010837,17.1171852329572
"GGCTCGATCATCATTC-300.1.1",NA,NA,NA,NA,NA,NA,NA,NA,19.2640293738993,16.1225556015648,20.3887254800854,13.6227774047223,16.1291178208607
"GGGACCTCACCGAAAG-300.1.1",13.1799682054051,13.0211604279063,13.0929479562849,13.0518448546488,13.0351792979606,13.1253112623857,13.0741449763796,13.0591798618078,14.9748434937293,16.8984370071467,15.3171087252823,16.7033622181199,17.2391813218826
"GGGACCTGTCTACCTC-300.1.1",NA,NA,NA,NA,NA,NA,NA,NA,NA,26.3084708598768,NA,21.3515238901062,19.7238716326378
"GGGATGACAGCTCGCA-300.1.1",7.68191283635302,7.69601889343836,7.63902550555617,7.6331177050909,7.71574266408472,7.67012373624534,7.73456081584199,7.73324573237705,7.72460895754883,7.7021113887719,7.67497872939773,7.55500956952311,7.65062212537496
"GGGCATCCATACTACG-300.1.1",10.1113584790065,10.14898224052,10.1235269840377,10.0882858073858,10.0832073984752,10.1000061082026,10.1238513780789,10.1293105074251,10.5573231004905,10.3276948806152,27.4724217097571,10.250996143799,10.351307748005
"GGGTTGCAGCCCAACC-300.1.1",6.01097226215739,6.01179949319241,6.00441341645394,6.01180676612431,6.03695230254649,6.09425591807665,6.08308752968697,6.06099644208499,6.15759278916288,6.13290887814394,6.17864901230843,6.1919838032633,6.11303848385597
"GGGTTGCTCCTTTACA-300.1.1",NA,NA,NA,NA,NA,NA,NA,NA,NA,NA,30.9347518999089,NA,NA
"GGTATTGAGAGTTGGC-300.1.1",NA,NA,NA,NA,NA,NA,NA,NA,NA,22.3585057385482,NA,26.4792494180443,NA
"GGTATTGAGTCATCCA-300.1.1",NA,NA,NA,NA,NA,NA,NA,NA,16.540970297577,19.3080075477078,18.0391387211631,20.6215944495155,19.1992258400254
"GGTGAAGAGAAACCGC-300.1.1",NA,NA,NA,NA,NA,NA,NA,NA,NA,NA,30.0899920261382,NA,NA
"GGTGAAGGTCCATGAT-300.1.1",NA,NA,NA,18.9759293217808,NA,NA,NA,NA,NA,NA,NA,NA,NA
"GGTGAAGTCATAAAGG-300.1.1",28.2970063227954,29.3098569729463,29.5081061151543,29.7273802599834,29.7682222665027,29.0992245788133,29.9626658268866,29.087503240661,NA,NA,NA,NA,NA
"GGTGAAGTCGCAGGCT-300.1.1",7.52795586283344,7.55333056240821,7.57611014707778,7.57318912177984,7.4758910867254,7.54934160044824,7.52448262792374,7.4951874334367,7.49046719581558,7.47230439143109,7.45736293985422,7.55500956952311,7.44247645500986
"GTAGGCCAGCTAGCCC-300.1.1",6.76280388315124,6.78672831328514,6.7918585173141,6.79607397444182,6.75341971767353,6.76876207280506,6.76755586736954,6.7214664398324,6.85597932286164,6.81777914667002,6.86159212432952,6.8859693988252,6.77910459843563
"GTAGGCCTCCTTTCTC-300.1.1",NA,NA,NA,NA,NA,NA,NA,NA,26.5835942355951,NA,NA,NA,NA
"GTAGTCATCTGCAAGT-300.1.1",20.4382703328625,NA,NA,NA,NA,NA,NA,NA,NA,NA,NA,NA,NA
"GTATTCTGTAAGGGCT-300.1.1",8.55444398130426,8.5815865864312,8.48811821954164,8.47978471786554,8.53636159577592,8.49783783411693,8.56679520716839,8.57062010270359,8.29922725806888,8.31976693511346,8.34415874478022,8.5151588426445,8.24425324940148
"GTCTCGTTCTTCTGGC-300.1.1",6.84782113841996,6.81769081258313,6.81901800338074,6.82086073113843,6.92215963045577,6.89489043992053,6.90648859791401,6.9325718796937,7.11833961376088,7.01210290949818,7.09301196870313,7.14815173215926,6.90987425485987
"GTGCAGCGTGATGATA-300.1.1",8.71128542828657,8.7280506049771,8.8285657461102,8.83412946452083,8.71664368378311,8.83752586927771,8.76020668389255,8.75796343416404,8.69929532157117,8.61942209721572,21.8284108198633,8.66574238049852,8.58349784501165
"GTGCAGCTCAGCTCTC-300.1.1",9.06965804839365,9.02688430599125,9.13897852984519,9.14584355091362,9.16363876075084,9.16483049279226,9.08372877500122,9.08810303344157,16.4508395785872,16.5650698640436,21.5489530609346,9.01168079424399,16.0115338175355
"GTGCATATCGTCCGTT-300.1.1",8.30703675280174,8.3397033292009,8.40977124238631,8.41190111003871,8.27093003806664,8.41124774593998,8.35527776481432,8.34397705341553,8.27034079141638,8.17385855932294,8.29573868148679,8.26461243415915,8.20167575197069
"GTGCGGTGTAAATGTG-300.1.1",NA,NA,NA,NA,NA,NA,NA,NA,16.0043331608909,19.7726634383258,17.8040987950694,22.5010777419982,17.649155472602
"GTGTTAGAGAGCCCAA-300.1.1",20.8067903313747,NA,NA,NA,NA,NA,NA,NA,NA,NA,NA,NA,NA
"GTTACAGAGCTAAGAT-300.1.1",NA,NA,NA,NA,NA,NA,NA,NA,25.2052795524782,15.2707352896328,16.6014984480906,NA,NA
"GTTCTCGGTCGCCATG-300.1.1",NA,NA,NA,NA,NA,NA,NA,NA,NA,25.0598542505295,16.8848565053318,21.2842277206401,19.4816306257758
"TACACGAAGTCCTCCT-300.1.1",NA,NA,NA,NA,NA,NA,NA,NA,16.0043331608909,17.3544763368394,16.4987337765948,18.9059136473787,22.9751013528213
"TACCTATAGTGAAGAG-300.1.1",NA,NA,NA,NA,NA,NA,NA,NA,NA,28.6099542800453,NA,22.4659259079795,NA
"TACCTATAGTGTGAAT-300.1.1",29.8097964157112,31.0734946514216,31.1160531917394,31.425504026135,31.3583703601209,30.9006747047333,32.6289426658398,30.9597563703418,NA,NA,NA,NA,NA
"TACTTGTTCGCTAGCG-300.1.1",10.2358697899666,10.1565484243765,10.134071576339,10.1334254736178,10.1045570535581,10.1856569468007,10.2322810024195,10.1749968028346,15.7802839630478,19.5402735213561,17.1107860549172,19.87913568115,18.4111029883412
"TAGCCGGAGCCCAATT-300.1.1",NA,NA,NA,NA,NA,NA,NA,NA,24.5173078482172,NA,NA,NA,NA
"TATCTCAGTTTAAGCC-300.1.1",NA,NA,NA,NA,NA,NA,NA,NA,NA,28.2464836998453,NA,22.4114038042271,NA
"TATGCCCCAATAGCGG-300.1.1",NA,NA,NA,NA,NA,32.1596011588608,NA,NA,NA,NA,NA,NA,NA
"TATTACCCAGGCTGAA-300.1.1",29.8097964157112,30.7259330819924,31.1160531917394,30.9423054759629,30.8852431424968,30.498861123626,31.0499897145416,30.6440368301085,NA,NA,NA,NA,NA
"TATTACCTCCATGCTC-300.1.1",NA,25.55947127853,NA,NA,NA,NA,NA,NA,NA,NA,NA,NA,NA
"TCAATCTAGAGCTATA-300.1.1",30.9374548682736,31.5458678494599,32.552717137426,32.317343862412,32.2336545442975,32.0992663578797,33.7081941046418,32.119800454197,NA,NA,NA,NA,NA
"TCAATCTAGGTGCACA-300.1.1",9.50667405479072,9.4836110482196,9.5952331473012,9.63260140376668,9.6254504142008,9.61926208977014,9.55357420840684,9.56960304614992,9.75707513072525,12.5542873456174,10.1429830135308,11.011452803866,10.4941034964695
"TCACGAATCGATGAGG-300.1.1",NA,NA,NA,27.4150699052034,NA,NA,NA,NA,NA,NA,NA,NA,NA
"TCAGGTAAGTACGTAA-300.1.1",9.15223747673542,9.12502538990941,9.2410122203974,9.22539360488797,9.17002298069377,9.22804685758473,9.18907964758536,9.18825530215085,15.9649338496027,18.1496681570449,17.570692200747,19.5125537843604,18.0397782711976
"TCATTACAGCAACGGT-300.1.1",NA,NA,NA,NA,NA,NA,NA,NA,26.7484588263196,NA,NA,NA,NA
"TCCACACGTGTAACGG-300.1.1",NA,NA,NA,NA,NA,NA,NA,NA,16.4508395785872,18.612108009292,17.3394519640381,19.4200972072429,17.6004002949589
"TCCCGATCACCAACCG-300.1.1",NA,NA,NA,NA,NA,NA,NA,NA,15.5558549852213,21.0961056513549,16.4395657282886,19.8627501798921,17.0950267834943
"TCGAGGCAGGAGTACC-300.1.1",NA,NA,NA,NA,NA,NA,NA,NA,NA,NA,24.1012342497709,NA,NA
"TCGGGACAGTGGAGAA-300.1.1",12.6145112449231,12.48469386678,12.6636218872515,12.6191703137389,12.4250568765991,12.5855734116815,12.5412899518388,12.5901925055188,14.4173182065713,19.8309613205945,14.9141924716663,17.1556931669783,15.8759890279481
"TCGTAGAGTAGCGCTC-300.1.1",8.04087511259701,8.10092880449976,8.05093413116841,8.04034173581254,8.03694244304284,8.05861915729628,8.09928360532345,8.08082787258533,7.99001889793567,7.91133403791699,7.93907287993438,8.10981832548409,21.7750082282913
"TCTCATAAGCGATCCC-300.1.1",NA,NA,36.1789027166332,NA,NA,NA,NA,NA,NA,NA,NA,NA,NA
"TCTCATACAAGGTGTG-300.1.1",11.4098395169644,11.2788786693485,11.3902956142384,11.3455391983075,11.336529916763,11.3913790393252,11.3953994417298,11.377423980148,15.5484922337552,19.3159055220076,16.6615567103385,18.4436301554732,16.8072782787587
"TCTGGAATCTTCGAGA-300.1.1",NA,NA,NA,NA,NA,NA,NA,NA,27.0427914537733,NA,NA,NA,NA
"TCTTCGGAGACAAGCC-300.1.1",5.58479694653204,5.51434556298235,5.59633978256662,5.59907836147884,5.5894261758084,5.54591087870217,5.57177477450956,5.50108585524531,5.7461677780056,5.76950187846475,5.77501543753271,5.73265956056595,5.68397059393662
"TCTTCGGAGCCCTAAT-300.1.1",16.2116548292341,NA,NA,NA,NA,NA,NA,NA,NA,NA,NA,NA,NA
"TGAAAGAAGGTGCACA-300.1.1",15.0607574223937,14.9933170392623,14.9334553695104,14.9240046144364,14.930712635524,14.9922884443077,14.9646218117694,14.9920943956145,13.2465385961337,13.7001541861422,13.8831197402477,13.6227774047223,13.6123223977351
"TGACAACCAATGAATG-300.1.1",21.6073611480415,NA,NA,NA,NA,NA,NA,NA,NA,NA,NA,NA,NA
"TGAGCCGGTCTCTTTA-300.1.1",NA,NA,NA,NA,NA,NA,NA,NA,16.4284744544249,18.7992017850145,18.2752377151732,19.5145303279919,17.6211965188319
"TGCACCTAGAGGTAGA-300.1.1",NA,NA,NA,NA,NA,NA,NA,NA,16.4508395785872,19.0758606415884,17.88769798611,19.2288410987415,16.9331229329537
"TGCCCATAGGGCTTGA-300.1.1",8.56740039922595,8.57743234044607,8.50389422094552,8.50926720882484,8.55048293467879,8.51880260061466,8.56679520716839,8.58352188545444,8.52006737152612,8.40803146606232,8.47415678950404,8.39547465216984,8.43867742750245
"TGCCCATGTCAATGTC-300.1.1",NA,NA,NA,NA,38.6465730641617,NA,NA,NA,NA,NA,NA,NA,NA
"TGCCCTATCAGGTTCA-300.1.1",NA,NA,NA,NA,NA,NA,NA,NA,16.0396511093844,20.2121357864322,17.5537382831507,20.7204748503852,18.9367492288294
"TGCGGGTTCATTGCGA-300.1.1",NA,NA,NA,NA,NA,NA,NA,NA,NA,NA,NA,NA,31.4532330244344
"TGCGTGGAGCAGCGTA-300.1.1",21.5126530765025,21.1915556926195,21.2969849945421,21.1770500316809,21.1114027123494,21.2816530356876,21.1889454543115,21.181639040472,NA,NA,NA,NA,NA
"TGCTACCAGGCGATAC-300.1.1",8.36747461473418,8.36538087105163,8.42802421355262,8.42640263347103,8.31801819038123,8.42267856131575,8.37893707849043,8.3720692802651,8.27034079141638,8.17690971119571,8.31521127455968,8.32335371745399,8.15362650675921
"TGGCTGGAGTCCATAC-300.1.1",9.64808432397874,9.59689231957762,9.710971884832,9.6770249375408,9.6254504142008,9.61926208977014,9.68180650577567,9.69709379388206,16.6739463332296,18.2084524961723,18.5117653777468,19.8316803916854,18.5682797058083
"TGGTTAGTCTGCCAGG-300.1.1",20.5976744327085,NA,NA,NA,NA,NA,NA,NA,NA,NA,NA,NA,NA
"TGGTTCCTCGTTACGA-300.1.1",9.70481086629971,9.64051180877268,9.710971884832,9.6770249375408,9.6254504142008,9.63945626542751,9.70867936532344,9.71385450386995,15.7802839630478,18.184609990237,17.1107860549172,19.3377447734091,18.0345998657553
"TGTGGTATCTGCTTGC-300.1.1",NA,NA,NA,NA,NA,NA,NA,NA,NA,NA,NA,NA,26.3057104785463
"TTAACTCAGTACACCT-300.1.1",NA,NA,NA,NA,NA,NA,NA,NA,NA,30.3053609003971,NA,NA,NA
"TTAACTCCATCGGTTA-300.1.1",NA,NA,NA,NA,NA,NA,NA,NA,21.3034729550525,15.8999417219031,19.2201331923434,NA,16.0376028817598
"TTAGGACGTCATCGGC-300.1.1",NA,NA,NA,NA,NA,NA,NA,NA,16.2277483033351,19.5402735213561,17.2278670586797,19.6687962577484,17.6211965188319
"TTATGCTAGCCGGTAA-300.1.1",NA,NA,NA,NA,NA,NA,NA,NA,15.7802839630478,21.3250047094103,16.6615567103385,20.1057104725094,17.0699172324566
"TTATGCTCATGCCCGA-300.1.1",16.5767495601145,NA,NA,NA,NA,NA,NA,NA,NA,NA,NA,NA,NA
"TTATGCTTCAACGGCC-300.1.1",18.0373285150458,17.7351575627524,18.0149497983259,17.8614661804399,18.0276991701977,18.1212320428042,17.9577970517315,18.0739422134559,NA,NA,NA,NA,30.067460027447
"TTCGGTCTCGGCTTGG-300.1.1",10.501570879933,10.3729923867908,10.5482367194224,10.5002998813486,10.4788330383877,10.4044002792001,10.4801007887564,10.5441926808493,16.9888967637459,17.0366794443153,21.8639647755239,17.4522544843614,16.6307956562973
"TTCTACAAGTCGAGTG-300.1.1",NA,NA,NA,NA,NA,NA,NA,NA,16.0043331608909,20.8643709707894,17.0078572040723,20.4196543221437,17.3580716561406
"TTCTCAATCGCACTCT-300.1.1",NA,NA,NA,NA,NA,NA,NA,NA,NA,23.2611681222537,NA,21.2601633103816,NA
"TTCTTAGCAAACAACA-300.1.1",17.8399770348748,NA,NA,NA,NA,NA,NA,NA,NA,NA,NA,NA,NA
"TTCTTAGTCACGCGGT-300.1.1",NA,NA,NA,NA,NA,NA,NA,NA,16.2277483033351,20.7821488774153,17.570692200747,20.9308206250584,19.4319615212559
"TTCTTAGTCCAAGTAC-300.1.1",NA,NA,NA,NA,NA,NA,NA,NA,NA,23.3780319498358,NA,28.0119890002841,NA
"TTGAACGAGAAACCTA-300.1.1",NA,NA,NA,NA,NA,NA,NA,NA,NA,NA,NA,NA,24.7072661974781
"TTGCCGTGTAAGCACG-300.1.1",NA,NA,NA,NA,NA,NA,NA,NA,NA,16.894462189001,NA,NA,24.0429914484931
"TTGGAACCAGATCGGA-300.1.1",13.4433167859473,13.3449928086071,13.5119618705712,13.6157761639307,13.3551648778256,13.4452158428282,13.3944536195911,13.4054870636014,13.4825603723187,12.0882465147117,13.5027731961063,16.1474473901699,13.1669138740111
"AAACCTGGTTCCAACA-300.1.2",12.5878550039438,12.6066978046972,12.610195057245,12.5654891063663,12.4746497621164,12.5635759703837,12.5547467401818,12.585455379075,12.3060948017477,12.6247088869978,12.8242389594981,12.7866087991323,12.5549668626876
"AAAGATGTCGATAGAA-300.1.2",9.8462946308141,9.92262594039854,9.84227366020728,9.88679590512906,9.82206903395785,9.95382163051268,9.82340852089193,9.82211183708145,19.0057318798597,15.8999417219031,19.9229810210145,13.0654313964554,15.8322729300277
"AACACGTAGATCCCAT-300.1.2",6.04146742983045,6.03507533456385,6.02811696344935,6.03514835772328,6.03695230254649,6.12245119995934,6.08308752968697,6.13010981583701,6.31895157484203,6.32042525902991,6.3342694972361,6.39833520430989,6.26092102772805
"AACGTTGGTATTAGCC-300.1.2",NA,20.8059574124447,NA,NA,NA,NA,NA,NA,NA,NA,NA,NA,NA
"AACTCTTAGGCCCTCA-300.1.2",NA,NA,NA,NA,NA,NA,NA,NA,20.8441910410115,16.0654702669898,19.4551220825029,NA,16.0376028817598
"AACTCTTGTACAGCAG-300.1.2",9.45751580379599,9.47390079925998,9.35556234801337,9.38442578894416,9.42413882245879,9.42251178542715,9.40341538820163,9.37762911849148,9.39155797298915,9.71956774855293,9.49443695357617,10.0060817016364,9.66443553927956
"AACTCTTGTGGCGAAT-300.1.2",7.99394268435352,8.03676529289021,8.05093413116841,8.04034173581254,7.99411145845158,8.05861915729628,8.03959413894107,8.02662367827795,7.96106880482447,7.91766353963923,7.9532787436498,7.99976006051788,7.73091858583706
"AACTGGTAGTCTTGCA-300.1.2",8.29692070295573,8.26029461229888,8.3195054441834,8.31534735711513,8.26519630793304,8.308606155939,8.26921235882614,8.26437490582885,8.17481132678804,8.12677939065479,8.11792847647684,8.16145428142608,7.9765434104099
"AACTTTCCAAGGCTCC-300.1.2",7.62491265299735,7.66814890669025,7.63902550555617,7.6331177050909,7.63916229006317,7.66252620546981,7.65423409134416,7.64376499829526,7.46910748971245,7.49501567842409,7.54926923878016,7.61512050699109,7.51020097521832
"AAGACCTTCGCGCCAA-300.1.2",NA,NA,NA,NA,NA,NA,NA,NA,28.8852034910871,NA,NA,NA,NA
"AAGCCGCCAGGTCTCG-300.1.2",20.3459030876947,20.5867962509001,20.6592753791805,20.6236268150972,20.6910904473023,20.702016748773,20.7099926241087,20.6039228169749,NA,NA,NA,NA,NA
"AAGGAGCTCTTATCTG-300.1.2",NA,NA,NA,NA,NA,NA,NA,NA,16.2277483033351,19.1915815132231,17.2962376214547,19.4584447489623,17.5570479985857
"AAGGCAGTCGCCTGTT-300.1.2",9.45751580379599,9.47390079925998,9.47660393101759,9.49076657974351,9.50798174669558,9.52608020674517,9.40341538820163,9.4140488743535,17.4210108334488,15.618104898872,21.8495735112766,13.7400939576291,15.1624719072569
"AAGGTTCGTCAAAGAT-300.1.2",10.8798020013628,10.8250394052135,10.9119886399349,10.9131798289024,10.7996082350594,10.8321631414301,10.8351040488185,10.8631379397718,12.2048883734479,10.7724160106322,11.4182016086705,15.1606572757684,11.2355818839557
"AAGTCTGAGGCTAGAC-300.1.2",NA,NA,NA,NA,NA,NA,NA,NA,NA,22.5634565254743,NA,26.4732448825892,NA
"AAGTCTGGTAAGTTCC-300.1.2",12.6918335875998,12.5206390899515,12.6648359926168,12.6860835984302,12.5115921079979,12.6510052237111,12.6047888574928,12.5901925055188,14.5724342694256,21.0986710401575,15.2158456710109,17.9864714088979,16.4527367802268
"ACACCCTAGTGTCTCA-300.1.2",24.7652591809048,24.844566433023,24.8662787219787,24.8810204971528,24.6766768898651,24.9001976963426,24.8556065274497,24.8244773692334,NA,NA,NA,NA,NA
"ACACTGAAGGACACCA-300.1.2",10.3037146136334,10.2519766487198,10.2983452001865,10.3460316654569,10.2238518489505,10.2521770894388,10.2443677442756,10.2450568104955,9.93494863553296,9.93366129670151,9.80936246778823,9.65118085584429,9.86542503928796
"ACATCAGAGCGATATA-300.1.2",10.1972507731643,10.0820214394247,10.1290664954724,10.1247597672433,10.0832073984752,10.098063531411,10.1568973083887,10.1749968028346,13.1730820767053,9.99008771260397,10.3335280027282,15.7280398852664,10.3205251965215
"ACATGGTAGGGTGTTG-300.1.2",9.14421783364406,9.186685902991,9.17552708047053,9.18415102285467,9.18799923683288,9.17656202994046,9.17255576885228,9.17024824517998,9.23546691856242,8.92394232887422,8.9707216160765,8.56324371873909,8.97287329178048
"ACATGGTTCACCGGGT-300.1.2",NA,NA,NA,NA,NA,NA,NA,NA,16.0862620716876,19.5402735213561,17.570692200747,20.2998578698022,18.6740584526698
"ACCCACTAGACTTGAA-300.1.2",NA,NA,NA,NA,NA,NA,NA,NA,20.7264568494342,16.1225556015648,19.6893558721607,NA,16.0546981268541
"ACCCACTCAGCCTGTG-300.1.2",NA,NA,NA,NA,37.0652618698677,NA,NA,NA,NA,NA,NA,NA,NA
"ACCTTTAAGGGTCGAT-300.1.2",NA,NA,NA,NA,NA,NA,NA,NA,NA,20.432430795167,17.3394519640381,20.8563371078491,18.937602232263
"ACGCAGCCATGCATGT-300.1.2",NA,NA,NA,NA,NA,NA,NA,NA,NA,30.0968777329762,NA,NA,NA
"ACGCAGCTCAGAGGTG-300.1.2",17.4678789508823,NA,NA,NA,NA,NA,NA,NA,NA,NA,NA,NA,NA
"ACGGAGAGTAACGACG-300.1.2",NA,NA,18.2781176873472,NA,NA,NA,NA,NA,NA,NA,NA,NA,NA
"ACGGGTCTCAGTGTTG-300.1.2",9.24890620104822,9.2346612252253,9.29410170299014,9.26658054353903,9.17920177042177,9.22804685758473,9.28461831657328,9.28369348624408,9.29686278013553,9.0274154393195,9.05172831111328,9.06152611368481,9.10491748324996
"ACGTCAAGTGTGAATA-300.1.2",NA,NA,NA,NA,NA,NA,NA,NA,12.4802197542053,12.6278704108133,29.4385066922724,NA,NA
"ACTATCTGTAGCCTCG-300.1.2",NA,NA,NA,NA,NA,NA,NA,NA,15.7802839630478,20.6139071598148,17.0894390747662,20.7204748503852,18.9367492288294
"ACTGATGGTGACGGTA-300.1.2",NA,NA,NA,25.744880252799,NA,NA,NA,NA,NA,NA,NA,NA,NA
"ACTGATGGTTTGGCGC-300.1.2",NA,NA,NA,NA,NA,NA,NA,NA,NA,NA,NA,NA,29.4801920541198
"ACTTGTTAGGCTCAGA-300.1.2",17.8399770348748,NA,NA,NA,NA,NA,NA,NA,NA,NA,NA,NA,NA
"AGAGCTTAGTTTCCTT-300.1.2",NA,NA,NA,NA,NA,NA,NA,NA,NA,26.3263651515786,NA,22.570360488137,20.8293285929596
"AGAGTGGTCCCTCAGT-300.1.2",11.9600986744971,11.8449738385973,11.8932638329483,11.8635315119909,11.804888899474,11.8469221911789,11.8608806236186,11.8703575410319,10.7254692518937,10.6694600370982,10.9073059835536,10.5680044881546,10.5665918971252
"AGATTGCAGTCTCCTC-300.1.2",5.61685106888688,5.51434556298235,5.59872005198829,5.60831121527118,5.59723128539343,5.58136286559312,5.60440600876315,5.54058882441876,5.77913869694769,5.79666104944803,5.82271208727858,5.8179912114519,5.74832715975743
"AGCGTATCACTTGGAT-300.1.2",7.1448836989891,7.2558823141938,7.22835477049584,7.22658728234915,7.17377153754577,7.25586462878693,7.22690634035545,7.15275946865606,7.31544911977512,7.24230658314686,7.31962300253983,7.35182156408348,7.17601739538005
"AGCGTATTCCTTTCTC-300.1.2",NA,NA,NA,NA,NA,NA,NA,NA,NA,NA,NA,NA,24.7072661974781
"AGCGTCGCATATGCTG-300.1.2",25.9267795871544,26.3424302366358,26.3890419549255,26.2695165240481,26.3077757891353,26.403002079724,26.5033655723562,26.1822116098399,NA,NA,NA,NA,NA
"AGCTCCTTCGGGAGTA-300.1.2",10.8444443721975,10.8250394052135,10.7989751883279,10.8231201458483,10.7176269878564,10.7968441811069,10.716360535041,10.8016623622582,19.7710151458641,15.3744145389426,16.7794746950649,13.0883922280545,15.1453438181277
"AGCTCTCCAATAAGCA-300.1.2",NA,NA,NA,NA,NA,NA,NA,NA,29.7233454547013,NA,NA,NA,NA
"AGCTCTCTCCAAGTAC-300.1.2",NA,NA,NA,NA,NA,NA,NA,NA,NA,NA,NA,NA,27.8856236357845
"AGGCCACAGGCCCGTT-300.1.2",7.91197899011423,7.89203509412864,7.95548968373493,7.93768036621368,7.81867107045501,7.93382902499875,7.88793971590945,7.86588285043341,7.81953571730835,7.7021113887719,7.87362359776014,7.9598522164368,21.8740943676433
"AGGTCATGTCGCCATG-300.1.2",9.06965804839365,9.02688430599125,8.99595443288603,9.00182520912245,9.03637394969358,9.01107179821642,8.98453279243801,8.9801461169614,8.94417348274702,8.84831086668157,8.91695159108197,8.9632320536303,8.78083752303093
"AGGTCATTCAACCATG-300.1.2",10.3488702624003,10.3649065131446,10.3424250245551,10.31592812429,10.3237229251073,10.3534243413495,10.3098816539824,10.3313450198248,18.4641826253947,14.8367890513447,10.1152496859755,10.8392836902497,21.6681154008724
"AGTAGTCCAACACGCC-300.1.2",NA,NA,NA,NA,NA,NA,NA,NA,30.5779333680472,NA,NA,NA,NA
"ATAACGCCACGAAATA-300.1.2",NA,NA,NA,NA,NA,NA,NA,NA,NA,NA,NA,NA,31.2403887791791
"ATAAGAGCACTGTCGG-300.1.2",NA,NA,NA,NA,NA,NA,NA,NA,17.3527217867481,15.8999417219031,23.6371485793854,13.9987427462278,15.5038946173065
"ATAGACCGTGACTACT-300.1.2",NA,NA,NA,33.4655948702301,NA,NA,NA,NA,NA,NA,NA,NA,NA
"ATCATGGTCCCAAGTA-300.1.2",NA,NA,NA,NA,NA,NA,NA,NA,28.1190381872416,NA,NA,NA,NA
"ATCCACCAGTCCATAC-300.1.2",NA,NA,NA,NA,NA,NA,NA,NA,16.1536938423562,19.4581943543202,17.2090675839953,19.7208849062149,17.3580716561406
"ATCCACCAGTGGGATC-300.1.2",NA,NA,NA,22.3964238984363,NA,NA,NA,NA,NA,NA,NA,NA,NA
"ATCGAGTCAGGGAGAG-300.1.2",NA,NA,NA,NA,NA,NA,NA,NA,26.2291507662408,NA,NA,NA,NA
"ATCGAGTGTGATAAGT-300.1.2",NA,NA,NA,NA,NA,NA,NA,NA,NA,NA,NA,NA,27.0860444440088
"ATGCGATCATGACGGA-300.1.2",12.1979976514534,12.0730364668846,12.2379408568174,12.2062198637917,11.9892482776395,12.1086500510436,12.0835826761577,12.1540133239756,13.269331756488,11.7923129667871,13.2771539098032,15.9496135307691,12.8183423009837
"ATGCGATTCTTGTATC-300.1.2",NA,NA,NA,NA,NA,NA,NA,NA,NA,NA,30.0303429498757,NA,NA
"ATGGGAGGTTTGTGTG-300.1.2",10.6437282548328,10.6049368358323,10.6142296072957,10.6363313172096,10.5592083268439,10.6614779377662,10.6663079605684,10.6049788140221,14.1278084317505,15.5657071547567,14.442106795296,16.6246534235319,14.8262838547342
"ATTACTCTCTGTCAAG-300.1.2",NA,19.1474995473025,NA,NA,NA,NA,NA,NA,NA,NA,NA,NA,NA
"ATTATCCCACAGCCCA-300.1.2",6.33341527218728,6.33104205408292,6.32803228098873,6.33049349202716,6.30878826970034,6.30547302729396,6.30963016413248,6.27603468445229,6.40385512764054,6.38134762789071,6.40804020872804,6.40188372009105,6.34316140762512
"ATTGGACCACGCTTTC-300.1.2",6.76280388315124,6.76471615745935,6.76953492927317,6.77096945407567,6.735911900918,6.74762034840486,6.74631624611031,6.70625257751546,6.82063875629677,6.78170688494714,6.81229887015945,6.90287775028898,6.68034551358567
"CAACCAATCGTTGACA-300.1.2",9.45751580379599,9.47390079925998,9.38944939614135,9.37837411072833,9.40979639966174,9.41152177655317,9.40341538820163,9.37762911849148,9.30136624213229,15.8420037966675,9.22339622306021,9.16269362795777,19.3344602114009
"CAACCTCCACGAGGTA-300.1.2",NA,NA,NA,NA,NA,NA,NA,NA,NA,NA,NA,NA,25.7590224429027
"CAAGAAACATTCTCAT-300.1.2",NA,NA,NA,NA,NA,NA,NA,NA,31.2023061948496,NA,NA,NA,NA
"CAAGATCCACGCCAGT-300.1.2",20.5404075042477,20.0170189375556,20.4872360905248,20.2414426506353,19.9943856259306,20.1407033747453,20.0860321785196,20.1174250223506,NA,NA,NA,NA,NA
"CAAGTTGGTCACCCAG-300.1.2",24.3384457548232,24.4966421066461,24.7232506145775,24.7125097617679,24.5877958243081,24.624573225269,24.6365163399647,24.4699790385207,NA,NA,NA,NA,NA
"CACAAACTCATCACCC-300.1.2",23.9380208037616,24.1078751996976,24.3003164628022,24.2964498942744,24.1273809498573,24.3026171499331,24.3105999572371,24.1408671119232,NA,NA,NA,NA,NA
"CACACCTTCTTAGCCC-300.1.2",6.2613433868526,6.26033554380686,6.25308693403527,6.26064185376361,6.23592199449988,6.23185853271477,6.23559201014544,6.21900148841952,6.43125882657277,6.44405075470555,6.44193925693029,6.38287073027401,6.37844110507606
"CACAGTAAGATCCTGT-300.1.2",NA,NA,NA,NA,NA,NA,NA,NA,16.0043331608909,24.1208638901731,17.3394519640381,21.2597937385019,19.6149794424732
"CACAGTAGTAGCGATG-300.1.2",28.5001379826037,29.3576095186253,29.475541320559,29.7474518282793,29.6189806968421,29.2842024582829,30.3861070806172,29.2824639055917,NA,NA,NA,NA,NA
"CACAGTAGTCAGAAGC-300.1.2",8.68280539809905,8.64163860210275,8.69698679054725,8.70273955387063,8.71664368378311,8.71555098365889,8.66596707380619,8.66503110607973,8.71990804720002,8.66756162311531,8.72850104038022,8.86851727703238,8.65887058749265
"CACAGTAGTTCTCATT-300.1.2",23.8008151043399,23.1950171749524,23.3364226576684,23.472137442213,23.1216396390281,23.2122783061321,23.2194493469606,23.223465275328,NA,NA,NA,NA,NA
"CACATAGCACAACGTT-300.1.2",NA,NA,NA,NA,NA,NA,NA,NA,NA,22.547447342838,NA,27.3872755587938,NA
"CACATTTTCAGTTAGC-300.1.2",NA,NA,NA,NA,NA,NA,NA,NA,15.7802839630478,24.4592850786646,16.8848565053318,21.748914706352,19.4615659631675
"CACATTTTCATGTCCC-300.1.2",NA,NA,NA,NA,NA,NA,NA,NA,NA,NA,NA,NA,29.7643851900234
"CACCACTCAGAGCCAA-300.1.2",10.2358697899666,10.1184360578779,10.13927004281,10.1376377309387,10.0832073984752,10.1360798198389,10.1854458182364,10.1749968028346,10.2358548142972,9.9577806155056,10.0708019655406,9.85507942126074,9.95394108669008
"CACCAGGTCATCTGCC-300.1.2",NA,NA,NA,NA,NA,NA,NA,NA,17.389710918072,NA,25.1809882540397,NA,NA
"CAGAGAGCACTTCTGC-300.1.2",NA,NA,NA,NA,NA,NA,NA,NA,15.3306224852068,22.08874426312,16.2170470540897,19.7394921244373,17.0928573516465
"CAGCATAAGTGGGTTG-300.1.2",NA,NA,NA,NA,NA,NA,NA,NA,NA,NA,28.1311253125579,NA,NA
"CAGCATAGTGCAGTAG-300.1.2",32.0011701671721,27.2442615621254,27.6869023385749,27.8308836200875,NA,NA,27.1523181207942,NA,NA,NA,NA,NA,NA
"CAGCGACCATCACCCT-300.1.2",NA,NA,NA,NA,NA,NA,NA,NA,NA,23.6318468055356,NA,NA,NA
"CAGCTAAAGGAATGGA-300.1.2",NA,NA,NA,NA,NA,NA,NA,NA,NA,16.5819939177219,NA,NA,24.6329082764802
"CAGCTAACAATAGAGT-300.1.2",NA,NA,NA,NA,NA,NA,NA,NA,NA,NA,NA,NA,26.8060064533328
"CAGTAACGTCGCTTCT-300.1.2",NA,16.8940500698218,NA,NA,NA,NA,NA,NA,NA,NA,33.5379399643303,NA,NA
"CAGTCCTCATACGCCG-300.1.2",12.2876020955172,12.1927440217689,12.2382606359813,12.2111170063709,12.2480301357835,12.3606345810845,12.3438702957822,12.2132150251377,16.0043331608909,19.2301861672767,16.8848565053318,19.5393194385383,17.0950267834943
"CATATGGCACAGCCCA-300.1.2",9.84989637882224,9.92262594039854,9.85692523570391,9.86650982460021,9.85801411391015,9.92206157038183,9.82712714631392,9.84450440594109,15.8283472873071,17.5487113437722,17.3394519640381,18.5572069782037,16.9646248981422
"CATATGGCAGGCTCAC-300.1.2",NA,NA,NA,NA,NA,NA,NA,NA,16.6739463332296,17.9536120776249,17.8266537683164,18.8270726599097,17.5742963248837
"CATCAAGGTCGCTTCT-300.1.2",NA,NA,NA,NA,NA,NA,NA,NA,NA,NA,24.5962865822838,NA,NA
"CATCGGGTCACTCTTA-300.1.2",NA,NA,NA,NA,NA,NA,NA,NA,NA,NA,23.4386310034258,NA,NA
"CATGACATCATCGGAT-300.1.2",NA,NA,NA,NA,NA,NA,NA,NA,15.5558549852213,25.4983958914959,16.6615567103385,21.6082437291807,19.5751582710198
"CATGCCTGTTGTCTTT-300.1.2",NA,NA,NA,NA,NA,NA,NA,NA,NA,28.7151538274096,NA,NA,NA
"CATGGCGCAAAGAATC-300.1.2",NA,NA,NA,NA,NA,NA,NA,NA,NA,NA,NA,NA,25.3572899742654
"CATTCGCGTGATAAAC-300.1.2",NA,NA,NA,NA,NA,NA,NA,NA,NA,NA,NA,NA,25.7566378890683
"CCAATCCTCATCGGAT-300.1.2",34.884887055192,NA,NA,NA,NA,NA,NA,NA,NA,NA,NA,NA,NA
"CCACCTAAGCTTTGGT-300.1.2",22.7549907214498,NA,NA,NA,NA,NA,NA,NA,NA,NA,NA,NA,NA
"CCACGGAAGACCGGAT-300.1.2",NA,NA,NA,NA,NA,NA,NA,NA,25.0465138066195,14.9266969291954,16.2664927282332,NA,NA
"CCATGTCGTACAGTTC-300.1.2",13.6671409254864,13.4534665040551,13.6700737123469,13.8078142592759,13.3551648778256,13.5768591792618,13.5209145749138,13.5145271612266,12.7744610460546,12.0142537982721,12.9460896213088,15.4884785685538,12.4900166881321
"CCCAATCGTAGCGCTC-300.1.2",NA,NA,NA,NA,NA,NA,NA,NA,23.1798109320255,15.8001699722488,18.3554757260286,13.8306497600783,15.4090092326077
"CCCAATCTCCACGTTC-300.1.2",NA,NA,NA,NA,NA,NA,NA,NA,NA,30.2947322665306,NA,NA,NA
"CCCAGTTAGGCCCTTG-300.1.2",NA,NA,NA,NA,NA,NA,NA,NA,NA,NA,NA,NA,29.1669881989368
"CCCTCCTTCGCCAGCA-300.1.2",8.29094685535456,8.13794590963725,8.16767496751119,8.1769647301952,8.26519630793304,8.17947312573919,8.15014749522541,8.187674179287,8.20026736249422,8.16114518339356,8.12558635825456,8.33672833003481,8.03186647628783
"CCGGGATGTCACACGC-300.1.2",10.9987463918057,10.9081144551129,10.9688041775751,11.0260329467015,10.939816481562,10.9620260975147,10.9688430867164,10.9756022961921,12.8920391316152,10.7355702106474,12.4498244303298,15.733883954371,11.816376579398
"CCGTGGAAGGGCTCTC-300.1.2",NA,NA,NA,NA,NA,NA,NA,NA,NA,21.3483223852229,NA,24.7184466076673,18.1478789273418
"CCGTTCACACATGGGA-300.1.2",NA,NA,NA,NA,NA,NA,NA,NA,NA,28.3986334644593,NA,22.8997759037835,NA
"CCGTTCATCCAGAGGA-300.1.2",15.998374630633,15.5760893586135,16.0946941656363,15.9969904351109,15.5839477740606,15.7371887430864,15.7408121980381,15.7673673915158,NA,NA,NA,15.5548868555646,NA
"CCTAAAGTCGGAATCT-300.1.2",NA,NA,NA,NA,NA,NA,NA,NA,NA,31.259792582208,NA,NA,NA
"CCTAGCTAGTCCGTAT-300.1.2",NA,NA,NA,NA,NA,NA,NA,NA,NA,30.9914264389274,NA,NA,NA
"CCTATTACATTGTGCA-300.1.2",20.9449522631937,21.0420416778681,21.0488351756305,20.9572336005387,21.0507634146734,21.1326184956407,21.100194044264,21.0122508230242,NA,NA,NA,NA,NA
"CCTTCCCTCCTAGAAC-300.1.2",10.5157093222989,10.5041562975692,10.5482367194224,10.5002998813486,10.5428444944296,10.5129184647493,10.5719629556171,10.5748502608535,11.0996099307083,12.7709275930697,11.4251504253332,12.0220206393313,12.082266466276
"CCTTTCTTCGCCATAA-300.1.2",14.4297883545529,14.357320157784,14.4660976391781,14.3612839319317,14.3167467629065,14.3820128704804,14.4028838875085,14.3705321919992,14.705747118965,22.5074517080699,15.3202229280226,25.0493890488734,15.9983185012104
"CGAACATAGAGTTGGC-300.1.2",NA,NA,NA,NA,NA,NA,NA,NA,NA,22.800760462587,NA,26.3119921788225,NA
"CGAACATAGTAGGTGC-300.1.2",NA,NA,NA,NA,NA,NA,NA,NA,15.7802839630478,24.792022505616,16.7686185861504,21.5618764893954,19.614396276587
"CGAACATCAGTCGATT-300.1.2",NA,45.4002019501637,NA,NA,NA,NA,NA,NA,NA,NA,NA,NA,NA
"CGACCTTAGGAATGGA-300.1.2",NA,NA,NA,NA,NA,NA,NA,NA,26.3366807994255,NA,NA,NA,NA
"CGACTTCAGTGCCAGA-300.1.2",NA,NA,NA,NA,NA,NA,NA,NA,29.2619874621831,NA,NA,NA,NA
"CGATGGCTCCTCATTA-300.1.2",NA,NA,17.2751412958116,NA,NA,NA,NA,NA,NA,NA,NA,NA,NA
"CGATTGAGTAACGACG-300.1.2",NA,NA,NA,NA,NA,NA,NA,NA,30.8151422264814,NA,NA,NA,NA
"CGCTTCAAGGCATGGT-300.1.2",NA,NA,NA,NA,NA,NA,11.9392965359266,NA,16.2277483033351,18.8480380104672,17.2932998705471,19.0375906442453,17.0950267834943
"CGGACACCATTGGTAC-300.1.2",33.6530873691202,NA,NA,NA,NA,NA,NA,NA,NA,NA,NA,NA,NA
"CGGAGCTTCAATAAGG-300.1.2",NA,NA,NA,NA,NA,NA,NA,NA,NA,NA,NA,NA,26.8060064533328
"CGGAGTCAGAGAACAG-300.1.2",NA,NA,NA,22.6888987292773,NA,NA,NA,NA,NA,NA,NA,NA,NA
"CGGAGTCCAAATTGCC-300.1.2",7.64903432746156,7.69601889343836,7.63902550555617,7.6331177050909,7.67630457040798,7.67012373624534,7.72394941366245,7.69955472130794,7.77868059551441,7.7021113887719,7.77452978222578,7.6342374177711,7.7092843577793
"CGGAGTCCAACACGCC-300.1.2",NA,NA,NA,NA,NA,NA,NA,NA,NA,NA,NA,16.1474473901699,NA
"CGGCTAGGTCCGCTGA-300.1.2",22.6606955631229,22.7977029137045,22.8939207296178,22.8648106180164,22.9270102986756,22.9062962567973,22.9080875208689,22.7798516394157,NA,NA,NA,NA,NA
"CGGTTAAAGATCTGCT-300.1.2",NA,NA,NA,NA,NA,NA,NA,NA,NA,16.7446736691274,NA,NA,25.6825529652249
"CGGTTAACAAGTAGTA-300.1.2",19.4734401268993,NA,NA,NA,NA,NA,NA,NA,NA,NA,NA,NA,NA
"CGTAGCGAGGCTATCT-300.1.2",NA,NA,NA,NA,NA,NA,NA,NA,NA,22.497623445553,NA,20.8529065186731,17.6211965188319
"CGTAGGCAGCGCCTTG-300.1.2",8.02632043972603,8.0589516692173,8.05093413116841,8.04034173581254,8.05690608385815,8.05251098241431,8.04803824150002,8.04245489466137,7.81953571730835,7.76617354324366,7.78467186042277,7.88260741051624,7.73802642570292
"CGTAGGCGTTCCCTTG-300.1.2",NA,NA,NA,NA,NA,NA,NA,NA,NA,NA,NA,NA,28.276911267012
"CGTCACTAGGCTCATT-300.1.2",15.1157289086354,15.6097413078819,15.2508640249844,15.2134200425722,15.284899112839,15.3331065503389,15.354668429625,15.3100994802915,NA,NA,33.0179694182883,NA,NA
"CGTCACTAGTACATGA-300.1.2",7.70464116743008,7.69601889343836,7.66128406577725,7.64556756926734,7.72559961592142,7.67012373624534,7.73456081584199,7.73864263440529,7.59369057366661,7.53710218716174,7.66434953480665,7.75556647148137,22.8710441574837
"CGTCACTAGTAGTGCG-300.1.2",11.4098395169644,11.2788786693485,11.3902956142384,11.3270262007734,11.3298983139836,11.3278950558599,11.3557795728955,11.377423980148,16.6752610614572,17.7084537942526,17.3507908232762,18.4099247126356,16.816882914241
"CGTCAGGAGATCGGGT-300.1.2",NA,NA,NA,NA,33.1863653678708,NA,NA,NA,NA,NA,NA,NA,NA
"CGTCAGGCACCGATAT-300.1.2",NA,NA,NA,NA,NA,NA,NA,NA,NA,21.8388855252405,NA,24.9289111414528,18.5020684439717
"CGTCAGGGTTACAGAA-300.1.2",NA,NA,NA,NA,NA,NA,NA,NA,30.9089266304135,NA,NA,NA,NA
"CGTGTAAAGAGTACCG-300.1.2",15.9077494629388,NA,NA,NA,NA,NA,NA,NA,NA,NA,NA,NA,NA
"CGTTAGATCGGCGCAT-300.1.2",NA,NA,NA,NA,NA,NA,NA,NA,NA,30.160389147111,NA,NA,NA
"CGTTGGGAGAGTGAGA-300.1.2",NA,NA,NA,NA,NA,NA,NA,NA,28.6968823917828,NA,NA,NA,NA
"CGTTGGGTCACCCGAG-300.1.2",NA,NA,NA,NA,NA,NA,NA,NA,15.7802839630478,25.5661629451567,16.8848565053318,20.9308206250584,18.6826122899413
"CTAATGGAGAACAACT-300.1.2",14.6489465837219,14.4717645014697,14.7786382857134,14.7326219559227,14.3167467629065,14.501245070942,14.52733953312,14.5406815589361,12.7744610460546,NA,13.0490816255157,15.3576249007644,NA
"CTACATTGTTGGAGGT-300.1.2",11.2679651747526,11.2788786693485,11.3235160446493,11.3270262007734,11.1705566715775,11.190811296948,11.1798599735365,11.2936966238627,19.099745036237,15.6756820180083,21.8790065435,13.6227774047223,16.257066070405
"CTACGTCAGACTAGGC-300.1.2",NA,NA,NA,NA,NA,NA,NA,NA,17.1241747434329,16.7866984008292,22.9410836324789,16.0504169839035,16.3965604184447
"CTAGCCTGTACATCCA-300.1.2",NA,NA,NA,NA,NA,NA,NA,NA,15.7862379884964,20.935466948533,17.1107860549172,23.8191326918949,18.045090545394
"CTAGCCTGTTCGAATC-300.1.2",NA,NA,NA,NA,NA,NA,NA,NA,NA,NA,NA,NA,26.813746948888
"CTAGTGAAGGCATTGG-300.1.2",9.06965804839365,9.02688430599125,8.97995866241233,8.98162495000221,9.01450860892957,8.99197799466129,8.98453279243801,8.9801461169614,8.93139725891323,8.84831086668157,8.84904145148944,8.91839363606353,8.78083752303093
"CTAGTGACATAACCTG-300.1.2",12.7353263363522,12.6533126030738,12.7049521446557,12.83492839875,12.6135699627076,12.7768749518343,12.7740506556417,12.6675360908923,14.4173182065713,19.4928569357076,14.8607504728623,16.9137001285207,14.9066512348136
"CTCCTAGCAATAAGCA-300.1.2",NA,NA,NA,NA,NA,NA,NA,NA,20.8441910410115,NA,20.1560180632626,NA,NA
"CTCGAAACAGCATACT-300.1.2",NA,NA,NA,NA,NA,NA,NA,NA,16.2277483033351,18.843878781632,17.570692200747,19.87913568115,18.1478789273418
"CTCGAGGTCGTTGCCT-300.1.2",9.08709700258726,9.12469707501047,9.12841033961144,9.10734502931014,9.16593265958843,9.13919805638162,9.12676838198157,9.11937164810774,15.3306224852068,19.1187489971583,17.1107860549172,19.6687962577484,16.9548653145108
"CTCGGGACAATAGCAA-300.1.2",8.40047315473575,8.38354425869389,8.42750540150549,8.41346162238513,8.36038590190623,8.41096256665041,8.38920460322433,8.3877024187782,8.17333872454393,8.07585843770097,8.17424984010338,8.22915909671506,22.8710441574837
"CTCGTCAAGTTACCCA-300.1.2",NA,NA,NA,NA,NA,NA,NA,NA,31.4613142106125,NA,NA,NA,NA
"CTCTAATAGAGGTACC-300.1.2",NA,NA,NA,NA,NA,NA,NA,NA,NA,22.5634565254743,NA,25.8145858772243,18.4085782468286
"CTCTAATCATGGTCTA-300.1.2",NA,15.6730154473734,NA,NA,NA,NA,NA,NA,NA,NA,33.5567660432082,NA,NA
"CTCTACGAGTCACGCC-300.1.2",21.6571644011603,21.8620232852587,21.9725884971874,21.7862828439333,21.878345783642,21.9580284435466,21.966610291421,21.850745057215,NA,NA,NA,NA,NA
"CTGAAGTGTACAGTTC-300.1.2",NA,NA,NA,NA,NA,NA,NA,NA,15.1525953117401,17.3352947075107,NA,NA,23.8329782975106
"CTGATCCCACATTCGA-300.1.2",NA,NA,NA,NA,NA,NA,NA,NA,NA,16.9853681538301,NA,NA,23.657969851888
"CTGCCTAGTTGCGTTA-300.1.2",8.50351048825671,8.53835705356714,8.4640934335591,8.44826882429977,8.44439414025809,8.4477315411174,8.56617418324787,8.54999226307588,8.49228274848079,8.39037092008881,8.34415874478022,8.44795603277446,8.24425324940148
"CTGCGGAAGCTATGCT-300.1.2",NA,NA,NA,NA,NA,NA,NA,NA,29.7716894765438,NA,NA,NA,NA
"CTGCTGTGTAGCCTCG-300.1.2",13.9943476014505,13.7474427261913,13.963859718873,14.0946580817949,13.7047576493317,13.8575295124363,13.7936265685579,13.8153078340837,12.3060948017477,11.7908736274256,12.5542291168059,15.0443576929582,11.9915254176525
"CTGGTCTAGCGTTGCC-300.1.2",NA,NA,NA,NA,NA,NA,NA,NA,NA,NA,NA,NA,27.0468559056587
"CTGTGCTCACGACGAA-300.1.2",11.3105742914755,11.2290537884228,11.3299071741895,11.3270262007734,11.1524745688937,11.2224534705996,11.2106321609316,11.2798202113864,15.5558549852213,19.7726634383258,16.7317768287153,19.1628577379929,16.939532369431
"CTGTTTACAGCTGTGC-300.1.2",9.43423408117472,9.41603063341872,9.29410170299014,9.28150853224855,9.29050190993214,9.30877057440493,9.40341538820163,9.37762911849148,19.6896503364353,14.6704900157721,20.1417892308723,10.0070047778767,9.6471229726242
"CTGTTTACATTGCGGC-300.1.2",16.5344134384065,16.3253849440826,16.5336950144125,16.8060228920023,16.2704025315237,16.4155830373904,16.3522095108528,16.3861266636732,NA,NA,NA,14.7684530210672,NA
"GAAATGATCTCGAGTA-300.1.2",6.85848410179776,6.83248066975564,6.83915656626883,6.84351216332956,6.920874805876,6.89489043992053,6.90648859791401,6.89650607927402,6.91476652348665,6.95103425348119,6.96300749092178,6.9439816733304,6.90987425485987
"GAACATCCAGTACACT-300.1.2",11.0365905148127,11.0291394913984,11.0206277390234,11.1060534697111,11.0046011102656,11.190811296948,11.089391140778,11.0316760284872,21.2014635112971,15.6756820180083,18.5117653777468,13.3895730535465,15.6385129719438
"GAATGAAAGATATACG-300.1.2",8.1441631363629,8.13794590963725,8.07236058252305,8.06272194960099,8.15830049037227,8.07428592488182,8.15014749522541,8.187674179287,8.04508688353867,7.99171112854904,8.11792847647684,8.22760845768556,7.9765434104099
"GAATGAAGTCATACTG-300.1.2",12.5940583842387,12.6103437448927,12.6648359926168,12.5752908883187,12.4841023199287,12.6645561368497,12.6219953237831,12.5901925055188,16.2166561432113,19.8210362616274,17.1107860549172,19.6687962577484,17.3093457933352
"GACACGCAGGGAAACA-300.1.2",14.4587347016112,14.0503200208618,14.0978352158015,14.1803287695133,13.918417217786,14.0768442145836,14.0893270571181,14.0861931957117,12.420095028817,11.9977400313179,12.6196753572514,14.9152781228996,12.2001219118616
"GACGCGTAGTTGCAGG-300.1.2",NA,NA,19.1998560643854,NA,NA,NA,NA,NA,NA,NA,NA,NA,NA
"GACGGCTGTATATGAG-300.1.2",23.0063897556198,23.280409927002,23.4468624376556,23.3298610899868,23.4211990615383,23.3639782853289,23.4028101359164,23.2815944549192,NA,NA,NA,NA,NA
"GACGGCTGTGCACTTA-300.1.2",NA,NA,NA,NA,NA,NA,NA,NA,15.5231065581445,15.8075866322557,25.607248086517,15.0412841101861,23.0445745711943
"GACTAACGTCTTGATG-300.1.2",9.73558506809045,9.72716845784785,9.710971884832,9.7000505692301,9.65773388606532,9.69534356155113,9.75569016042576,9.76192780865873,9.67288363472969,9.82249910776364,9.75825531417025,9.91581263345499,9.79536054607659
"GACTGCGCAATGGATA-300.1.2",NA,NA,NA,NA,NA,NA,NA,NA,31.4536794901744,NA,NA,NA,NA
"GAGGTGAAGGGATCTG-300.1.2",21.7355106051267,21.6071549773131,21.8758240661279,21.6385510309604,21.570452811152,21.7447958817153,21.8288250280536,21.7854576900481,NA,NA,NA,NA,NA
"GATCAGTAGCCAGGAT-300.1.2",NA,35.7322883973199,NA,NA,NA,NA,NA,NA,NA,NA,NA,NA,NA
"GATCAGTTCAAGCCTA-300.1.2",NA,NA,NA,NA,NA,NA,NA,NA,15.7802839630478,23.804508275041,16.9866512581439,21.6993354573903,19.7238716326378
"GATCGATTCTTGAGGT-300.1.2",NA,NA,NA,NA,NA,NA,NA,NA,NA,31.0957314290786,NA,NA,NA
"GATCGCGTCAACGGCC-300.1.2",NA,NA,NA,NA,NA,NA,NA,NA,NA,NA,30.8125247845803,NA,NA
"GATGAGGCACCATCCT-300.1.2",10.2358697899666,10.2941822080808,10.1926411409651,10.2523491243027,10.1406380746765,10.3158715500879,10.2443677442756,10.1867999471218,20.6142537548395,15.4498491802771,18.5117653777468,13.0654313964554,15.433642339235
"GATGCTAAGAGGTACC-300.1.2",NA,NA,NA,15.1513355265426,NA,NA,NA,NA,NA,NA,NA,15.3576249007644,NA
"GATTCAGAGATATACG-300.1.2",NA,NA,NA,NA,NA,NA,NA,NA,26.2150588652048,NA,NA,NA,NA
"GATTCAGAGCGCTCCA-300.1.2",NA,NA,NA,NA,NA,NA,NA,NA,16.0380284802231,19.3874039939189,17.1107860549172,19.6687962577484,17.6211965188319
"GATTCAGGTACCCAAT-300.1.2",NA,NA,NA,NA,NA,NA,NA,NA,21.3034729550525,15.4498491802771,19.6893558721607,NA,NA
"GCAATCAGTAGCAAAT-300.1.2",NA,17.3204620714625,NA,NA,NA,NA,NA,NA,NA,NA,33.9377199837805,NA,NA
"GCAATCAGTCCAGTAT-300.1.2",NA,NA,NA,NA,NA,NA,NA,NA,17.2892425959064,17.009938816826,21.5489530609346,17.7025377608347,17.0950267834943
"GCACTCTAGTCTTGCA-300.1.2",NA,18.8132629598532,NA,NA,NA,NA,NA,NA,NA,NA,NA,NA,NA
"GCAGCCATCAGGCGAA-300.1.2",NA,NA,NA,NA,NA,NA,NA,NA,16.2277483033351,19.1719476209465,17.570692200747,20.1329539059679,18.4111029883412
"GCAGTTATCAGGCAAG-300.1.2",NA,NA,NA,NA,NA,NA,NA,NA,NA,22.0349342386151,NA,25.5157267866835,18.1136540161453
"GCATACAAGCCGATTT-300.1.2",NA,NA,NA,NA,NA,NA,NA,NA,NA,28.4895927034646,NA,23.2172068258636,NA
"GCATGATAGATGAGAG-300.1.2",7.52795586283344,7.50947827370015,7.5481072029362,7.55408960442228,7.42380673853258,7.51690759801597,7.47984218475092,7.45136366897145,7.59369057366661,7.61399023138716,7.66434953480665,7.75773628195446,7.51818047131591
"GCGACCACACCACCAG-300.1.2",29.6062376835395,30.2189609620425,30.7263345468311,30.9423054759629,30.9345862902393,30.498861123626,32.0626902643433,30.5073424805538,NA,NA,NA,NA,NA
"GCGACCATCGTTGCCT-300.1.2",NA,NA,NA,NA,NA,NA,NA,NA,NA,NA,NA,NA,32.0073528569475
"GCGAGAACAACTTGAC-300.1.2",9.8462946308141,9.92262594039854,9.78334548189733,9.82792518906311,9.76147657713956,9.87314511605535,9.82340852089193,9.77593269418133,18.1911413853975,15.6426963505909,20.3752972436956,13.2120747408163,15.3051211533169
"GCGAGAACACTTGGAT-300.1.2",NA,NA,NA,NA,NA,NA,NA,NA,NA,NA,NA,NA,31.6380009399101
"GCGCAACAGCTAGGCA-300.1.2",NA,38.4443066086195,NA,NA,NA,NA,NA,NA,NA,NA,NA,NA,NA
"GCGCAACCACCCAGTG-300.1.2",NA,NA,NA,NA,NA,NA,NA,NA,NA,25.8669914742391,NA,NA,NA
"GCGCGATTCTGCAGTA-300.1.2",6.38173550350853,6.38142281968978,6.39999995655723,6.39910164619623,6.37394293545514,6.36738590856497,6.37604699236388,6.32513259420107,6.35517041274656,6.32893151594821,6.37103596949201,6.39919821333067,6.31643054127605
"GCGGGTTTCCGCGTTT-300.1.2",NA,NA,NA,NA,NA,NA,NA,NA,17.5050376493986,16.166232015541,23.1064839196696,NA,16.161277376977
"GCTGCGACACGGCGTT-300.1.2",NA,NA,NA,NA,NA,NA,NA,NA,NA,NA,30.1347336487975,NA,NA
"GCTGGGTAGATAGTCA-300.1.2",18.6421733033832,18.038397004531,18.4109167214528,18.5378739590847,18.1295685580091,18.2476359542467,18.1336983900563,18.2289863734273,NA,NA,NA,16.1785040782767,NA
"GCTTGAAGTAAGAGAG-300.1.2",12.5006301262252,12.3449913840037,12.3762904784574,12.5232021764872,12.405521623677,12.378661323,12.3664562538092,12.4356054998971,23.8588136350289,13.8357126387695,13.9546451706519,13.2377033002385,13.4174019572003
"GGAAAGCAGTCCGGTC-300.1.2",NA,NA,NA,NA,NA,NA,NA,NA,NA,NA,NA,NA,28.4928749558763
"GGAAAGCCAGGCTGAA-300.1.2",NA,NA,NA,NA,NA,NA,NA,NA,16.8550884312227,16.0538752389456,24.8410275244332,NA,NA
"GGAAAGCGTAGCCTCG-300.1.2",NA,NA,NA,NA,NA,NA,NA,NA,NA,32.4141478930606,NA,NA,NA
"GGAACTTTCTTATCTG-300.1.2",8.66336333793455,8.5815865864312,8.55385977058655,8.56180545485073,8.62482426524041,8.56756606403324,8.56679520716839,8.58352188545444,8.49528515285762,8.39037092008881,8.39193626520049,8.4627250983854,8.39198242111647
"GGAATAATCACGGTTA-300.1.2",14.9737154825961,14.7015194547938,15.0353866841159,15.0600049780951,14.6743787810345,14.7864680873541,14.7796798661841,14.7917810586735,NA,NA,NA,15.310626333355,11.9915254176525
"GGACAAGGTCGCTTCT-300.1.2",NA,NA,NA,NA,NA,NA,NA,NA,16.2277483033351,19.1958692793503,17.570692200747,20.2165844320847,18.9367492288294
"GGACAGAGTAGCGTAG-300.1.2",19.0538686907694,18.4615637220505,18.9763048199205,18.8459799339248,18.5127641472536,18.6641676930282,18.558305829544,18.6461529252795,NA,NA,NA,NA,NA
"GGACATTCATGTAAGA-300.1.2",NA,NA,NA,NA,NA,NA,NA,NA,NA,NA,NA,NA,26.0189818833512
"GGCGACTGTTGTACAC-300.1.2",NA,NA,NA,NA,NA,NA,NA,NA,29.1836799179465,NA,NA,NA,NA
"GGCTCGATCCACTCCA-300.1.2",NA,NA,NA,23.4504210617004,NA,NA,NA,NA,NA,NA,NA,NA,NA
"GGCTGGTTCAGCTTAG-300.1.2",NA,NA,NA,NA,NA,NA,NA,NA,15.8196148335288,20.2598263360451,16.8848565053318,19.6687055468323,17.3580716561406
"GGGAGATTCCGAACGC-300.1.2",NA,NA,NA,NA,NA,NA,NA,NA,NA,NA,NA,NA,30.4787624849769
"GGGCACTTCGGAAATA-300.1.2",NA,NA,NA,NA,NA,NA,NA,NA,15.5558549852213,20.5557122208768,16.3362490594386,19.5418175203468,17.0950267834943
"GGGTTGCGTCAATACC-300.1.2",NA,NA,NA,NA,NA,NA,NA,NA,NA,29.8102921445608,NA,NA,NA
"GGTATTGAGAGTCGGT-300.1.2",NA,NA,NA,NA,NA,NA,NA,NA,15.7802839630478,20.6191132471423,16.8848565053318,19.87913568115,17.3389629648615
"GGTATTGAGAGTGAGA-300.1.2",NA,NA,NA,NA,NA,NA,NA,NA,NA,NA,NA,NA,23.8692913407658
"GGTATTGCACGCGAAA-300.1.2",NA,NA,NA,NA,NA,NA,NA,NA,NA,16.7820335558672,NA,NA,24.9696292446622
"GGTGAAGGTGGGTATG-300.1.2",11.4098395169644,11.2788786693485,11.3902956142384,11.3270262007734,11.2698208338522,11.328102699696,11.3229470363035,11.377423980148,16.0363658009718,19.6358267711579,17.570692200747,21.614530618833,17.2622257361193
"GGTGCGTGTAGCCTAT-300.1.2",10.3182127253618,10.3729923867908,10.3709846305044,10.3887538285437,10.2665518503682,10.4036689449938,10.2795533472922,10.3263265698675,15.30507866869,17.6451527245514,16.1680251457734,17.1184784615886,15.8849806399787
"GGTGTTACAACCGCCA-300.1.2",NA,NA,NA,NA,NA,NA,NA,NA,NA,23.6093807733178,NA,28.7250025684449,NA
"GGTGTTACATTAACCG-300.1.2",NA,NA,NA,NA,NA,NA,NA,NA,NA,22.796024688225,16.4395657282886,20.5904873491016,17.3580716561406
"GTAACTGTCACTATTC-300.1.2",NA,NA,NA,NA,NA,NA,NA,NA,NA,NA,NA,NA,30.5714748792232
"GTACTTTCATGGTCTA-300.1.2",NA,NA,NA,NA,NA,34.4812653692389,NA,NA,NA,NA,NA,NA,NA
"GTAGTCACAGAAGCAC-300.1.2",10.1207453306502,10.0260254966165,10.1290664954724,10.0882858073858,10.0832073984752,10.0184648047607,10.1235295047,10.1645441706222,17.5834892105941,16.1738796673987,21.7810307403651,14.5333576433492,15.8757636039826
"GTATTCTTCGCGGATC-300.1.2",13.3899634971824,13.2175787549183,13.5093645436133,13.5115356007156,13.2652762793436,13.3514545662259,13.2962188856419,13.3906891448616,13.4825603723187,12.2824901744919,13.7286170777923,16.1474473901699,13.3406566347493
"GTCAAGTGTCAAGCGA-300.1.2",NA,NA,NA,NA,NA,NA,NA,NA,NA,NA,29.7512743090943,NA,NA
"GTCACAACAGGGCATA-300.1.2",NA,NA,NA,NA,NA,33.2914059012173,NA,NA,NA,NA,NA,NA,NA
"GTCACGGCACACCGCA-300.1.2",NA,NA,NA,NA,NA,NA,NA,NA,28.0658515716303,NA,NA,NA,NA
"GTCACGGGTCATCCCT-300.1.2",NA,NA,NA,NA,NA,NA,NA,NA,27.2723954098456,NA,NA,NA,NA
"GTCCTCACAGTTCCCT-300.1.2",24.1158064210345,24.356043275498,24.4363492193595,24.3772394888591,24.3395020373959,24.4165678100983,24.4555181408774,24.3700424726538,NA,NA,NA,NA,NA
"GTCTTCGAGGTGCTAG-300.1.2",NA,18.8132629598532,NA,NA,NA,NA,NA,NA,NA,NA,NA,NA,NA
"GTGAAGGTCCCACTTG-300.1.2",NA,NA,NA,NA,NA,NA,NA,NA,NA,NA,28.5401481167762,NA,NA
"GTGCAGCCAGGATCGA-300.1.2",10.7752565252102,10.8022617760297,10.7815506451258,10.8413026620098,10.6905100147809,10.7968441811069,10.6960965419171,10.7742463375264,21.7745379227248,14.0422244016869,12.5407859169657,12.5758195463423,12.7875977930913
"GTGCGGTAGTAGGCCA-300.1.2",16.6179712161494,16.420562013546,16.7294107017613,16.6883536149473,16.2742515706618,16.4280217805605,16.4035400214565,16.4418998254604,NA,NA,NA,15.3338724268592,NA
"GTGCTTCAGAGGACGG-300.1.2",NA,NA,NA,NA,NA,NA,NA,NA,NA,NA,26.7155781004198,NA,NA
"GTGCTTCTCAACGGCC-300.1.2",NA,NA,NA,NA,NA,NA,NA,NA,15.3306224852068,20.9596498330989,16.2170470540897,19.6687962577484,17.0950267834943
"GTGGGTCAGCAACGGT-300.1.2",14.2043359127296,13.938482593226,13.9226523007661,14.0115823172894,13.8344831805688,13.9787757824045,13.9651775713533,13.9435682147677,11.8453767762848,11.4872030486292,12.1533877954027,11.787892189045,11.6219404429539
"GTGGGTCGTTCCATGA-300.1.2",NA,NA,NA,NA,NA,NA,NA,NA,15.2113718553055,22.4011762501038,15.9932266869119,26.9479731680054,17.0853318103705
"GTGTTAGCAATAGCAA-300.1.2",NA,NA,NA,NA,NA,NA,NA,NA,27.731589568946,NA,NA,NA,NA
"GTTAAGCAGAAGGTGA-300.1.2",NA,NA,NA,NA,NA,NA,NA,NA,25.1621183982098,NA,NA,NA,NA
"GTTAAGCTCGTAGGAG-300.1.2",14.6043235848554,14.2292054107994,14.3864545483131,14.3155035965076,14.2722237707252,14.3820128704804,14.3138334043066,14.2888014029952,13.1949276816979,12.4628928075118,13.3307214871346,15.5976360920883,13.0692818174158
"TAAGTGCAGCTAAACA-300.1.2",NA,NA,NA,NA,NA,NA,NA,NA,NA,16.3439421457373,NA,NA,25.2319882999634
"TACAGTGAGGCTAGCA-300.1.2",NA,NA,NA,NA,NA,NA,NA,NA,NA,NA,27.8215394996493,NA,NA
"TACCTATCATCTGGTA-300.1.2",17.0248360546815,NA,NA,NA,NA,NA,NA,NA,NA,NA,NA,NA,NA
"TACCTATTCAGCGATT-300.1.2",NA,NA,NA,22.8272913140832,NA,NA,NA,NA,NA,NA,NA,NA,NA
"TACGGATTCCAAACTG-300.1.2",NA,NA,NA,NA,NA,NA,NA,NA,NA,23.2611681222537,NA,20.6991300397462,NA
"TACTTACAGTATCTCG-300.1.2",9.83956069793204,9.73769585014383,9.710971884832,9.68507379564389,9.63225993366538,9.72922980638929,9.82340852089193,9.77593269418133,10.0090558505531,14.5943241002252,10.2892248744388,10.4510330006263,13.536597325692
"TACTTACTCTTCGAGA-300.1.2",NA,NA,NA,NA,NA,NA,NA,NA,NA,NA,NA,NA,26.5436556609303
"TACTTGTCACACCGAC-300.1.2",8.62848690331287,8.5815865864312,8.51513051676677,8.51585391458371,8.58421838523769,8.5243207587,8.56679520716839,8.58352188545444,8.49528515285762,8.39037092008881,8.51343323218707,8.56324371873909,8.31135776705664
"TAGAGCTTCTTGACGA-300.1.2",NA,NA,17.0049409646798,NA,NA,NA,NA,NA,NA,NA,NA,NA,NA
"TAGTGGTAGGATTCGG-300.1.2",NA,NA,NA,NA,NA,NA,NA,NA,16.4508395785872,18.7330398595208,17.570692200747,19.4584447489623,18.0637482345014
"TATCAGGAGCGATCCC-300.1.2",9.01869176938825,9.02688430599125,8.96286339942172,8.9524734028905,9.00910571185296,8.97905757869236,8.98453279243801,8.9801461169614,16.2277483033351,18.612108009292,18.193517773977,19.2055569107991,17.6027262701915
"TATCAGGAGGGCACTA-300.1.2",32.3048746410982,32.7677169360001,33.5425388274238,33.0455705935573,32.547222874648,33.2914059012173,33.8873218531276,33.6266979590395,NA,NA,NA,NA,NA
"TCAGATGCAGTTCCCT-300.1.2",7.1448836989891,7.17545930264184,7.18715096738581,7.1968988886101,7.12760704363546,7.1614281881688,7.14789330851129,7.11578140959075,7.17708558394332,7.24230658314686,7.20938350151686,7.14815173215926,7.17601739538005
"TCAGCAACACAGATTC-300.1.2",8.75938250544755,8.7262873928153,8.77888581733448,8.77304784746979,8.71664368378311,8.77881203849124,8.74416728589818,8.74325172018765,8.62535389733596,8.50154292338842,8.57006161259923,8.56324371873909,8.42853790783027
"TCAGCTCTCCAAAGTC-300.1.2",NA,NA,NA,NA,NA,NA,NA,NA,NA,NA,NA,NA,29.9054000347127
"TCATTACGTTGAGGTG-300.1.2",NA,NA,NA,NA,NA,NA,NA,NA,28.1085138752003,NA,NA,NA,NA
"TCATTTGTCTCTAAGG-300.1.2",11.5733959809932,11.5744184503322,11.6156249515064,11.632173349068,11.4687383462542,11.585692584804,11.5136619286706,11.589707754884,23.6955956148355,13.8213720012588,13.0517641944753,12.6923229374005,12.9250417774176
"TCATTTGTCTGCCCTA-300.1.2",NA,NA,NA,NA,NA,NA,NA,NA,25.652325415306,NA,NA,NA,NA
"TCCACACAGGACAGCT-300.1.2",8.37893265327576,8.39104783875754,8.44258293930104,8.43650360687426,8.34559915896534,8.43688043371293,8.40165612220449,8.39482347596734,8.23851090579047,8.11551624230176,8.17150943452772,8.1652323088277,21.8427458655501
"TCCCGATCAGACGTAG-300.1.2",NA,NA,NA,NA,NA,NA,NA,NA,16.0349526545018,19.0874702804467,16.8848647883036,19.4584447489623,17.3580716561406
"TCCCGATTCGGAAACG-300.1.2",NA,NA,NA,NA,NA,NA,NA,NA,NA,NA,NA,NA,28.7837864194423
"TCGCGAGGTATCGCAT-300.1.2",NA,NA,NA,NA,NA,NA,NA,NA,NA,20.8806883966773,NA,22.6892467663645,NA
"TCGCGTTGTCGTCTTC-300.1.2",NA,NA,NA,NA,27.1392216325043,NA,NA,NA,NA,NA,NA,NA,39.9241227112141
"TCGTAGACAATCAGAA-300.1.2",NA,NA,NA,NA,NA,NA,NA,NA,20.8441910410115,15.0603435843738,19.4551220825029,12.9305894770954,14.6969288135898
"TGACTAGCATGTTCCC-300.1.2",NA,NA,NA,NA,NA,NA,NA,NA,NA,NA,NA,NA,25.2319882999634
"TGACTTTAGTTCCACA-300.1.2",NA,NA,NA,NA,NA,NA,NA,NA,NA,NA,26.3034183352343,NA,NA
"TGAGAGGGTAAACACA-300.1.2",NA,NA,38.7692635421835,NA,NA,NA,NA,NA,NA,NA,NA,NA,NA
"TGAGCCGAGTTCGCAT-300.1.2",NA,NA,NA,NA,NA,NA,NA,NA,29.5871212749029,NA,NA,NA,NA
"TGAGCCGCAGCGAACA-300.1.2",10.2422335269764,10.1296815660761,10.1417836954911,10.1658623257758,10.13071274454,10.1470753344857,10.1595096378377,10.1615996401364,9.8719648333797,9.6189520304466,9.81927461107172,9.55833720341336,9.58746734649687
"TGAGCCGGTGAGTGAC-300.1.2",NA,NA,NA,NA,32.9100783102105,NA,NA,NA,NA,NA,NA,NA,NA
"TGAGGGAGTCTAGTCA-300.1.2",NA,NA,NA,22.7703756548111,NA,NA,NA,NA,NA,NA,NA,NA,NA
"TGATTTCAGCGTAATA-300.1.2",12.5940583842387,12.4336745318246,12.6648359926168,12.6194569867112,12.405521623677,12.502906194942,12.4528084308685,12.5901925055188,14.1855138025498,13.7955859604411,14.4073058349985,16.080082800027,14.2453852811667
"TGCACCTAGCGATATA-300.1.2",NA,NA,NA,NA,NA,NA,NA,NA,15.1194371082718,22.5113032516069,15.9932266869119,26.9309595280253,16.9801571387695
"TGCACCTAGTTGTCGT-300.1.2",NA,NA,NA,NA,25.9972439344999,NA,NA,NA,NA,NA,NA,NA,39.9241227112141
"TGCACCTAGTTTGCGT-300.1.2",NA,NA,NA,NA,NA,NA,NA,NA,29.684894631704,NA,NA,NA,NA
"TGCTACCGTGGACGAT-300.1.2",14.8561022610348,NA,NA,NA,NA,NA,NA,NA,NA,NA,NA,NA,NA
"TGCTACCTCAACACCA-300.1.2",NA,NA,NA,NA,NA,NA,NA,NA,NA,NA,NA,NA,26.8060064533328
"TGGGCGTTCAGATAAG-300.1.2",NA,NA,NA,NA,NA,NA,NA,NA,15.5558549852213,24.1188498840778,16.535548002066,21.7722685351216,19.7488843605807
"TGGTTAGCATATACCG-300.1.2",9.8075837888712,9.7565457701792,9.71320473249174,9.73983996611028,9.65999312365272,9.72942418764291,9.8012492184636,9.77593269418133,12.6293426655617,9.76170162529475,9.82324991275336,15.1606572757684,9.95286611380339
"TGGTTAGGTTATGTGC-300.1.2",7.4016573054799,7.27567393092495,7.31633001733002,7.32826207814656,7.36784651202402,7.28217994243708,7.31997182937021,7.39809053889695,7.56006658361292,7.47230439143109,7.57596125949715,7.66569458260483,7.44247645500986
"TGTCCCATCTCCAGGG-300.1.2",23.1335723538009,23.2445064547022,23.2912767733782,23.1104828939933,23.2121307120635,23.2874317602278,23.4095187416645,23.1927013782435,NA,33.3594756040021,NA,NA,NA
"TGTGTTTGTAATTGGA-300.1.2",10.2976690954937,10.3729923867908,10.3518467944927,10.3905297483055,10.2846778662028,10.4036689449938,10.271044025307,10.3264076102987,22.2665018178559,13.5427760808445,11.2702031709197,12.122490278404,11.7617807926936
"TGTGTTTGTCGCGTGT-300.1.2",NA,NA,NA,NA,NA,NA,NA,NA,34.4427544289449,NA,NA,NA,NA
"TGTTCCGTCATCTGTT-300.1.2",NA,NA,NA,NA,NA,NA,NA,NA,21.3991316553295,16.1225556015648,19.1369679009678,13.6227774047223,16.0376028817598
"TTATGCTAGGACAGCT-300.1.2",NA,NA,NA,NA,NA,NA,NA,NA,19.6896503364353,16.0334837773578,19.9229810210145,13.8100685771477,15.9995306121484
"TTCCCAGAGCTATGCT-300.1.2",9.45751580379599,9.47390079925998,9.49038555674715,9.49912685542775,9.53612865127383,9.54723622419945,9.40341538820163,9.4231926502529,17.6929202805518,16.7866984008292,20.3887254800854,16.6691297896396,17.5824502494461
"TTCGAAGGTTGCCTCT-300.1.2",NA,NA,NA,NA,NA,NA,NA,NA,NA,17.009938816826,NA,NA,23.9203023421377
"TTCTCAATCCGTACAA-300.1.2",11.4576276397664,11.3345322279164,11.4800030388152,11.5499659016214,11.3958520669901,11.4608688325562,11.4569098943913,11.3918124139204,13.1182936978683,11.4677157315067,12.9603420771075,15.7522552883165,12.4718359493189
"TTCTCCTAGTACGATA-300.1.2",30.3201039934522,31.6880104847574,31.8004135263132,31.3637173741172,31.5590296509629,31.3012160969182,32.1395449877093,31.7368335029252,NA,NA,NA,NA,NA
"TTCTTAGCACGCATCG-300.1.2",NA,NA,NA,NA,NA,NA,NA,NA,NA,NA,29.4820803759212,NA,NA
"TTGAACGCAGGGTACA-300.1.2",6.76280388315124,6.81204896897946,6.81522111923904,6.82086073113843,6.76160637692439,6.78389491926541,6.78243082429453,6.71664713344341,6.89222735934629,6.82691739311867,6.90407284851042,6.9439816733304,6.79785349810016
"TTGACTTAGCGTGTCC-300.1.2",NA,NA,NA,NA,NA,NA,NA,NA,15.2338712392061,14.0826536336014,26.3696096426603,NA,NA
"TTGACTTCACGAGAGT-300.1.2",8.68280539809905,8.63437868424004,8.66177444543235,8.68922362677139,8.70034947465574,8.67944270983158,8.64109797736979,8.64081532531517,8.61930366551722,8.71434195554282,8.67572755309961,8.76344252303036,8.7315885654745
"TTGCCGTCAAACGTGG-300.1.2",9.65228101991058,9.59995301229829,9.710971884832,9.6770249375408,9.6254504142008,9.61926208977014,9.66563200664408,9.67513236856082,16.0043331608909,18.4367463528728,17.3394519640381,19.4584447489623,18.4111029883412
"TTGCGTCGTAGCGCTC-300.1.2",NA,NA,NA,NA,NA,NA,NA,NA,16.2277483033351,20.935466948533,17.3394519640381,24.2944156038747,17.6211965188319
"TTTATGCCATATACGC-300.1.2",9.34374993224349,9.31427417598547,9.29410170299014,9.26658054353903,9.26205504251291,9.24620323301431,9.32874459461139,9.33721409958947,8.9496647216262,8.84831086668157,8.96992625268776,8.9632320536303,22.7942940882526
"TTTCCTCTCTCTTATG-300.1.2",NA,NA,NA,NA,NA,NA,NA,NA,27.0376217866636,NA,NA,NA,NA
"TTTGGTTGTTGATTGC-300.1.2",NA,NA,NA,NA,21.742869621095,NA,NA,NA,NA,NA,NA,NA,36.9213865268422
"AAAGATGTCGATCCCT-300.1.3",7.49776242794246,7.40018075259862,7.44014224017879,7.4414957521995,7.36784651202402,7.40191845401279,7.36453730551966,7.39809053889695,7.49849218533489,7.47230439143109,7.46976258994052,7.55500956952311,7.35895395829131
"AAAGCAAGTAGGAGTC-300.1.3",13.2921088602808,13.4404407709104,13.4500975793185,13.3825983808858,13.3551648778256,13.4105502964246,13.4448243100966,13.4054870636014,12.2321178047821,12.4466741499624,12.6619872379559,12.122490278404,12.5283093262648
"AAATGCCAGAAGGTGA-300.1.3",11.5159167927165,11.4983167742577,11.5523932732722,11.5755004946351,11.4687383462542,11.585692584804,11.5136619286706,11.5078716226747,11.3935363312819,12.5404378245625,12.0698448305136,12.3140914767809,11.9915254176525
"AACCATGGTGCAGTAG-300.1.3",NA,NA,NA,NA,NA,NA,NA,NA,NA,NA,29.0017383837933,NA,NA
"AACGTTGGTTGAGGTG-300.1.3",NA,NA,NA,NA,26.1947188965889,NA,NA,NA,NA,NA,NA,NA,39.9241227112141
"AACTCCCAGAAACCAT-300.1.3",NA,NA,NA,NA,NA,NA,NA,NA,NA,22.098290912677,NA,25.3537709177804,18.2042970463811
"AACTCCCCACTAAGTC-300.1.3",21.6209740685244,21.7859469883411,21.926052424067,21.8447331782574,21.8833959707635,21.9280296968334,21.9273523189039,21.8317104859516,NA,NA,NA,NA,NA
"AACTGGTAGGACACCA-300.1.3",12.3034582532358,12.1927440217689,12.3417765829437,12.4364793651259,12.228777025181,12.3453948123391,12.3200237662561,12.2698158437743,13.4825603723187,12.3343572960059,13.5027731961063,15.9496135307691,13.1954793846224
"AACTGGTGTAGCCTCG-300.1.3",9.8462946308141,9.78711278773267,9.710971884832,9.68640470725301,9.6254504142008,9.73406514333738,9.82340852089193,9.77593269418133,21.5330223674498,14.2999303809414,21.2985281886084,12.205633714907,12.6463934811764
"AACTGGTGTCTTCTCG-300.1.3",NA,NA,NA,NA,NA,NA,NA,NA,NA,28.1461998373892,NA,23.2568611007122,NA
"AAGCCGCGTTACGACT-300.1.3",NA,NA,NA,NA,NA,NA,NA,NA,NA,17.0758754914959,NA,NA,25.8535424661548
"AAGGAGCTCAGTTTGG-300.1.3",NA,NA,NA,33.3975137207744,NA,NA,NA,NA,NA,NA,NA,NA,NA
"AAGTCTGTCGTAGGTT-300.1.3",23.1646130265778,23.0731928793395,23.2452137780116,23.1768889968613,23.1199595005977,23.1680339705321,23.1544466518022,23.1205821417626,NA,NA,NA,NA,NA
"AATCCAGGTCCAGTAT-300.1.3",NA,NA,16.334231208721,NA,NA,NA,NA,NA,NA,NA,NA,NA,NA
"AATCGGTAGAAGCCCA-300.1.3",7.50203905365843,7.43259740298307,7.45572905662174,7.46412568566978,7.36784651202402,7.43657801430816,7.40722178646617,7.39809053889695,7.59369057366661,7.57547242903582,7.66391096625331,7.75773628195446,7.49025080685439
"ACACTGAGTTCAGTAC-300.1.3",NA,NA,NA,NA,NA,NA,NA,NA,NA,16.6168023652849,NA,NA,25.5564569917393
"ACATACGTCTTGTCAT-300.1.3",NA,NA,NA,NA,NA,NA,NA,NA,33.7962878077552,NA,NA,NA,NA
"ACGAGGACAACTTGAC-300.1.3",13.3790165947316,13.5821567256583,13.3429160157082,13.328288353438,13.3551648778256,13.4021026323531,13.3913288602733,13.4054870636014,12.3681290473164,12.3881203076772,30.8047502408442,12.5039733369102,12.3539063837135
"ACGAGGACATCCAACA-300.1.3",NA,NA,38.4933536610028,NA,NA,NA,NA,NA,NA,NA,NA,NA,NA
"ACGAGGAGTCATATCG-300.1.3",24.2396627195195,24.4359707252501,24.4833332768267,24.3711172265425,24.1581724088791,24.4930275273297,24.4898707869957,24.40928420812,NA,NA,NA,NA,NA
"ACGGAGAAGAAAGTGG-300.1.3",NA,NA,NA,NA,NA,NA,NA,NA,NA,NA,28.2253152049008,NA,NA
"ACGGAGACATCCAACA-300.1.3",8.50831584957108,8.54572856118846,8.47667524040549,8.46516236038475,8.51843490721095,8.4790563880625,8.54747655768151,8.54107221565273,8.43841994555711,8.39037092008881,8.39759912129811,8.50006623261586,8.34521314445618
"ACGGCCACAGGACGTA-300.1.3",10.6262554201513,10.609588147628,10.5531020703416,10.6317150148041,10.5428444944296,10.7075819400003,10.6663079605684,10.5748502608535,18.9974020132212,15.6756820180083,20.3887254800854,13.2848011350552,15.3393918268564
"ACGGGCTCAGCTTAAC-300.1.3",NA,NA,NA,NA,NA,NA,NA,NA,NA,NA,27.5819465093876,NA,NA
"ACGGGCTTCTACTATC-300.1.3",NA,NA,NA,NA,NA,NA,NA,NA,15.7802839630478,20.2377281387314,17.2907659452066,22.0352870912327,17.5375724128286
"ACGTCAAAGCCCAATT-300.1.3",9.65403437765579,9.62640000527957,9.66313307161781,9.62022254626634,9.6318927887088,9.61926208977014,9.61855398892717,9.62799906697618,16.1387287970209,16.5650698640436,16.4101868898044,9.05358878497949,23.6214033184816
"ACGTCAACAGGGTTAG-300.1.3",16.7075590494899,16.1999033762366,16.2484127855673,16.2763211362945,16.2582433053893,16.2961532431431,16.2150911754071,16.2713542936729,NA,26.9313280307743,NA,15.748286894601,31.4225126430734
"ACTGAGTCATAGTAAG-300.1.3",NA,NA,NA,NA,NA,NA,NA,NA,NA,NA,NA,NA,25.6353678314006
"ACTGCTCCAGGGTACA-300.1.3",10.8583123789812,10.8250394052135,10.8427413342068,10.8838249030849,10.7777828396634,10.7968441811069,10.7837200797793,10.8369510319407,14.6193805594369,16.2868150866959,15.1613321106355,16.9673905475876,15.321103523415
"ACTGTCCAGTACGATA-300.1.3",10.2358697899666,10.1892252897423,10.1290664954724,10.1254630954948,10.0832073984752,10.184149433756,10.2443677442756,10.1749968028346,20.9599828189805,13.8860023181706,22.321430899704,12.3140914767809,12.6783889725058
"ACTTGTTCAATGGTCT-300.1.3",NA,NA,NA,NA,NA,NA,NA,NA,NA,22.8847006604838,NA,26.8285015575083,NA
"AGACGTTGTCCTGCTT-300.1.3",NA,NA,NA,NA,NA,NA,NA,NA,NA,17.009938816826,NA,NA,23.975393908518
"AGAGCGAAGGGTCGAT-300.1.3",8.54035421050358,8.55010456701276,8.47551201553093,8.47269879068068,8.51927704784838,8.48748699102195,8.56679520716839,8.56048474298263,8.27720858178909,8.16114518339356,8.26628078011151,8.32945705244478,8.22786080098767
"AGAGCTTAGTAGCGGT-300.1.3",NA,NA,NA,21.9654437599428,NA,NA,NA,NA,NA,NA,NA,NA,NA
"AGAGCTTCAATGGAAT-300.1.3",6.55204549258019,6.53295963512687,6.5368285168705,6.54320802838985,6.49969832670848,6.51420075058867,6.51267466909751,6.59615892703641,6.64679554726847,6.65274478555661,6.67710389747198,6.58654075536798,6.60080816312621
"AGATTGCAGTGCCAGA-300.1.3",14.5933017306455,NA,NA,NA,NA,NA,NA,NA,NA,NA,NA,NA,NA
"AGATTGCGTTATGCGT-300.1.3",7.2604473568985,7.2558823141938,7.22835477049584,7.22658728234915,7.33293507639914,7.28217994243708,7.31997182937021,7.3188885682786,7.3101686795605,7.28543354912731,7.32789729862632,7.17767677009743,7.18471809091314
"AGCGGTCTCCTTTACA-300.1.3",11.5904456220778,11.5363440671447,11.5319308480619,11.5937618303038,11.4765426751618,11.585692584804,11.5234377983125,11.5878653348759,15.3539265678513,18.1659734742876,16.0285648516881,18.4062705507036,16.275885841521
"AGCGTCGCATATGCTG-300.1.3",23.6344464096471,23.667531385482,23.8759167747135,23.9159577103459,23.8326781525714,23.7069151290277,23.7951479817418,23.7591737950174,NA,NA,NA,NA,NA
"AGCTCTCAGACACGAC-300.1.3",NA,16.2846622044525,NA,NA,NA,NA,NA,NA,NA,NA,33.3400361299384,NA,NA
"AGCTTGAGTGGCAAAC-300.1.3",NA,NA,NA,NA,NA,NA,NA,NA,NA,NA,NA,NA,28.4264339270238
"AGGCCACGTCTTGATG-300.1.3",33.6530873691202,NA,NA,NA,NA,NA,NA,NA,NA,NA,NA,NA,NA
"AGGCCGTGTGGAAAGA-300.1.3",NA,NA,NA,NA,NA,NA,NA,NA,NA,NA,26.1016943152253,NA,NA
"AGGCCGTTCAGTACGT-300.1.3",11.1763247239637,11.1254388340346,11.1417151577242,11.1963162417696,11.0289069501065,11.190811296948,11.089391140778,11.1494729363932,16.4070615588449,18.4633620747656,17.3994763434382,19.2705758101591,17.6211965188319
"AGTCTTTAGTGTACGG-300.1.3",NA,NA,NA,NA,NA,NA,NA,NA,30.0477336172253,NA,NA,NA,NA
"AGTGTCACACAGCCCA-300.1.3",NA,NA,NA,NA,NA,47.6463601230314,NA,NA,NA,NA,NA,NA,NA
"ATAAGAGTCCCACTTG-300.1.3",NA,NA,NA,NA,NA,NA,NA,NA,NA,28.1973107286973,NA,23.4556951923109,NA
"ATAGACCTCTAACGGT-300.1.3",6.76280388315124,6.81769081258313,6.81901800338074,6.82086073113843,6.86269018170221,6.87972802033774,6.87787798362956,6.82218453991348,6.91476652348665,6.96833469151356,6.98141731150343,6.9439816733304,6.90987425485987
"ATCATCTCATCACGTA-300.1.3",9.25477785621854,9.25445889004687,9.29291105493476,9.26658054353903,9.21057278032017,9.22804685758473,9.28118158038986,9.28493735485477,9.32700137122716,9.57142071615115,9.47044717490794,9.81192157304192,9.497616009868
"ATCATGGTCTGAAAGA-300.1.3",NA,NA,NA,NA,NA,NA,NA,NA,NA,22.796024688225,NA,27.1407919392992,NA
"ATCATGGTCTGAGTGT-300.1.3",NA,NA,NA,NA,NA,NA,NA,NA,NA,16.3439421457373,NA,NA,24.1826341839631
"ATCCGAAAGCGTCTAT-300.1.3",NA,NA,NA,NA,NA,NA,NA,NA,NA,16.4591383144194,NA,NA,24.5982067785436
"ATCCGAACATTGGGCC-300.1.3",9.81626815128342,9.77863448895133,9.76969928597795,9.74085777352127,9.74269754957506,9.7674015092794,9.79530355400047,9.77593269418133,9.4966804249734,15.1654335838055,9.5414924834077,9.64973467378773,23.1625680149956
"ATCTACTTCAACCATG-300.1.3",NA,NA,NA,NA,NA,NA,NA,NA,28.6393730035476,NA,NA,NA,NA
"ATCTGCCAGCCAGAAC-300.1.3",NA,NA,NA,NA,NA,NA,NA,NA,NA,22.6220557115727,NA,26.4628016488501,NA
"ATCTGCCCAATGGTCT-300.1.3",8.68280539809905,8.5815865864312,8.57928627395378,8.59157631539797,8.64652615936274,8.60396982276999,8.56679520716839,8.58352188545444,8.57583510799979,8.61942209721572,8.60187827318463,8.75279526004155,8.51237427969023
"ATCTGCCGTCGTGGCT-300.1.3",NA,NA,NA,NA,NA,NA,NA,NA,NA,26.267540188323,NA,21.5618764893954,19.1530629195852
"ATGAGGGAGCTGCCCA-300.1.3",NA,NA,NA,NA,NA,NA,NA,NA,16.0043331608909,21.6331164978401,17.3394519640381,24.5999401246705,17.9108837508179
"ATGTGTGGTTACGTCA-300.1.3",NA,NA,NA,16.0034132334716,NA,NA,NA,NA,NA,NA,NA,NA,NA
"ATTACTCGTGCTGTAT-300.1.3",NA,NA,NA,NA,NA,NA,NA,NA,17.6371719164464,16.7866984008292,21.3170183674356,17.0478706070006,16.5345973046311
"ATTACTCTCTGCTTGC-300.1.3",NA,NA,NA,NA,NA,NA,NA,NA,NA,22.796024688225,NA,27.5569017349634,NA
"CAACCTCGTCTGGTCG-300.1.3",21.5406386562104,21.9500183221728,22.0722436070696,21.9654437599428,22.0630348845367,22.0927575635264,22.064461159183,21.9381402025193,NA,NA,NA,NA,NA
"CAAGGCCCAACTGCGC-300.1.3",14.0910504691458,NA,14.1390689844556,14.253280892414,NA,NA,NA,NA,NA,NA,NA,15.5548868555646,NA
"CACACAATCGTACGGC-300.1.3",NA,NA,NA,NA,NA,NA,NA,NA,25.8947911065426,NA,NA,NA,NA
"CACACCTGTTCCACGG-300.1.3",8.29692070295573,8.26336664600465,8.32974559968656,8.34236717665469,8.26519630793304,8.34497365114566,8.28001738247747,8.26983221516707,8.27034079141638,8.30504261178827,8.34415874478022,8.4301293829225,8.24425324940148
"CACACTCTCCTTGACC-300.1.3",NA,NA,NA,NA,NA,NA,NA,NA,NA,20.935466948533,17.5299299333595,24.1151797009652,18.0916191404844
"CACAGTAGTAGCTGCC-300.1.3",28.0634227897226,27.7958401093794,28.3913366224983,27.9744899950232,27.4401995087952,28.0664547533378,27.6584773797075,27.6417394355937,NA,NA,NA,NA,NA
"CACAGTAGTCATCCCT-300.1.3",NA,NA,NA,NA,NA,NA,NA,NA,21.3034729550525,15.4498491802771,19.6893558721607,NA,15.2357349331113
"CACATAGGTGGCGAAT-300.1.3",10.0992967802828,10.0413319434945,10.1070760842209,10.0882858073858,10.0832073984752,10.0651584404448,10.0913791288309,10.1013510526647,15.6931386113577,19.1157542838371,16.8948852892457,19.87913568115,18.6740584526698
"CACCAGGCACATGTGT-300.1.3",13.7449821565422,13.4066825066724,13.4536376903444,13.4416301146346,13.3551648778256,13.476072681491,13.432880101934,13.412945519717,12.3060948017477,12.0142537982721,12.6017930816629,13.8823613269302,12.1661552248207
"CACCTTGGTTCTGTTT-300.1.3",NA,NA,NA,NA,NA,NA,NA,NA,28.5383224366192,NA,NA,NA,NA
"CACTCCATCTCGAGTA-300.1.3",NA,NA,NA,NA,NA,NA,NA,NA,NA,25.5164636442471,NA,21.5828343420915,19.7238716326378
"CAGCAGCCATGGTCTA-300.1.3",NA,NA,NA,NA,NA,NA,NA,NA,NA,16.1679485139386,NA,NA,24.1826341839631
"CAGGTGCTCTCGTATT-300.1.3",NA,NA,17.8022488813731,NA,NA,NA,NA,NA,NA,NA,NA,NA,NA
"CAGTAACCATCGGTTA-300.1.3",NA,NA,NA,NA,NA,NA,NA,NA,17.0650661483672,16.6109395336431,23.6371485793854,NA,NA
"CAGTAACGTACTCTCC-300.1.3",NA,NA,NA,NA,NA,NA,NA,NA,20.7793156470475,15.8999417219031,19.1968300272663,13.43649588453,16.0376028817598
"CATATGGGTTGGTGGA-300.1.3",NA,NA,NA,NA,NA,NA,NA,NA,NA,24.2640992201202,NA,20.4343379453539,NA
"CATCAAGGTACAGTGG-300.1.3",NA,NA,NA,NA,NA,NA,NA,NA,NA,NA,25.8600007751545,NA,NA
"CATCAGAAGTATCGAA-300.1.3",10.3376407526731,10.3729923867908,10.3453760548371,10.3776665242237,10.3133726972388,10.4022116517886,10.3004088021758,10.3324793805491,11.2997037204061,13.4645498521872,10.7062687099989,10.6984062997298,12.4142033685045
"CATCGGGGTCCGAAGA-300.1.3",NA,NA,NA,NA,NA,NA,NA,NA,20.9412704308295,15.7382436152361,19.2201331923434,NA,15.9010593833457
"CATTCGCCAGTACACT-300.1.3",NA,NA,NA,29.4832164232116,NA,NA,NA,NA,NA,NA,NA,NA,NA
"CCACGGACAGGTCCAC-300.1.3",10.6327524995574,10.6183013965213,10.6736492864987,10.7195669556256,10.5428444944296,10.6701935954973,10.6663079605684,10.6158374069187,13.7782946791894,10.4953102670684,13.7952387633633,16.2550625453997,13.7852537292165
"CCACTACGTAAATGTG-300.1.3",10.2115061461857,10.098026436575,10.1290664954724,10.0882858073858,10.0832073984752,10.1137047005592,10.1980109850167,10.1749968028346,16.0043331608909,19.0758606415884,17.570692200747,20.0475381198095,18.8465668795725
"CCATGTCTCAACGGGA-300.1.3",NA,NA,NA,NA,NA,NA,NA,NA,28.1508657260631,NA,NA,NA,NA
"CCATTCGCAGACACTT-300.1.3",NA,NA,18.4726185604573,NA,NA,NA,NA,NA,NA,NA,NA,NA,NA
"CCATTCGCATGGTCAT-300.1.3",NA,NA,NA,NA,NA,NA,NA,NA,16.0043331608909,21.2799936992572,17.4013686553086,24.5139692451345,18.0549457257545
"CCCAATCGTAATCACC-300.1.3",22.9051413955424,23.0063155650535,23.0884108782125,22.8517206693266,22.9458037520477,23.1079385374874,23.0031701378396,22.9693661117597,NA,NA,NA,NA,NA
"CCCAGTTCAGTATCTG-300.1.3",NA,NA,NA,NA,NA,NA,NA,NA,NA,NA,NA,NA,29.2772447143458
"CCCATACCATACGCTA-300.1.3",NA,NA,NA,NA,NA,NA,NA,NA,13.2465385961337,NA,NA,15.7522552883165,NA
"CCGGTAGCATCATCCC-300.1.3",17.399574598587,NA,NA,NA,NA,NA,NA,NA,NA,NA,NA,NA,NA
"CCTAGCTGTAAATGTG-300.1.3",NA,NA,NA,NA,NA,NA,NA,NA,14.9463967090537,16.6560720391379,NA,17.6652405192519,23.7520312357204
"CCTTACGAGTACACCT-300.1.3",NA,NA,NA,NA,NA,NA,NA,NA,NA,16.4699416145119,NA,NA,24.3182346739827
"CCTTACGTCCCAACGG-300.1.3",NA,NA,NA,NA,22.4832324101252,NA,NA,NA,NA,NA,NA,NA,NA
"CCTTACGTCTCCAACC-300.1.3",NA,NA,NA,NA,NA,NA,NA,NA,30.2811972636339,NA,NA,NA,NA
"CCTTCGAGTGCAACGA-300.1.3",5.58374126223713,5.51434556298235,5.59203497129995,5.5962136300926,5.58732598353029,5.55521625305516,5.57389537791883,5.52129470424923,5.76398021759658,5.79769957077555,5.78615882824668,5.7281826589386,5.73951650673204
"CGAATGTGTTATCGGT-300.1.3",NA,NA,NA,NA,25.8163849279949,NA,NA,NA,NA,NA,NA,NA,39.9241227112141
"CGACTTCCACGCCAGT-300.1.3",19.0987212742511,18.7209132722143,19.076832976944,18.9264644311306,18.737414178126,18.88902338395,18.7695939630711,18.8381855217937,NA,NA,NA,NA,NA
"CGAGCACTCGGCTTGG-300.1.3",21.5126530765025,NA,NA,NA,NA,NA,NA,NA,NA,NA,NA,NA,NA
"CGAGCCAGTCAAAGCG-300.1.3",NA,NA,NA,NA,NA,NA,NA,NA,15.7802839630478,19.3080075477078,17.570692200747,19.7622910132586,17.6211965188319
"CGATGGCAGTCATCCA-300.1.3",NA,NA,NA,NA,NA,NA,NA,NA,13.6883183715733,NA,NA,16.1474473901699,NA
"CGATGTAAGTAGGTGC-300.1.3",NA,NA,22.6946575800436,NA,NA,NA,NA,NA,NA,NA,NA,NA,NA
"CGATGTAAGTGGAGAA-300.1.3",NA,NA,NA,NA,NA,NA,NA,NA,18.7099228288068,16.1225556015648,20.3887254800854,13.8693686185324,16.0376028817598
"CGATGTAGTCACTGGC-300.1.3",NA,NA,NA,NA,NA,NA,NA,NA,NA,23.2869526248671,NA,19.7264992375963,NA
"CGATGTAGTGAGGCTA-300.1.3",NA,NA,NA,NA,NA,NA,NA,NA,NA,NA,29.3855138805994,NA,NA
"CGATTGAGTTATGTGC-300.1.3",8.57521441781166,8.55896450388771,8.57160632754366,8.57091134211388,8.5653095132476,8.57736900642896,8.58595867554577,8.55970491131146,8.38649419831653,8.25263732991592,8.36399706658208,8.37620303194236,8.30778057595767
"CGCCAAGCAAGCTGTT-300.1.3",13.6622230049701,13.3071654801109,13.5070799688397,13.6124534597733,13.3834439087365,13.5049533510702,13.4537033684808,13.4475371978112,12.6852801118861,13.2325512112819,13.3157675957175,13.4065705256377,24.7945727823633
"CGCGGTATCAAGGTAA-300.1.3",NA,NA,NA,NA,NA,NA,NA,NA,15.5558549852213,21.9355711771723,16.4328323665247,20.3275248612607,17.2259450833616
"CGCGTTTAGTGGAGTC-300.1.3",11.4098395169644,11.2788786693485,11.3902956142384,11.3270262007734,11.3596596280365,11.3646623204456,11.3934684683788,11.377423980148,22.5779423665013,13.1579528409283,12.3241118944305,12.5039733369102,12.445529887215
"CGCGTTTCAGCTGTAT-300.1.3",NA,25.4791449698543,NA,NA,NA,NA,NA,NA,NA,NA,NA,NA,NA
"CGGACACGTCACTGGC-300.1.3",7.72285778036991,7.69601889343836,7.63902550555617,7.6331177050909,7.76479612530911,7.67012373624534,7.73456081584199,7.79084232758197,7.81953571730835,7.7021113887719,7.8327467384858,7.9598522164368,7.7092843577793
"CGGACACGTTTGCATG-300.1.3",NA,NA,NA,NA,NA,NA,NA,NA,NA,23.1972039201674,NA,NA,25.6430007966075
"CGGACGTTCTGATTCT-300.1.3",22.8603436409432,23.0124615467827,23.1279254638456,22.9148179621415,23.2836696626267,23.0630902924376,23.097458252794,23.0158067310596,NA,NA,NA,NA,38.142782121367
"CGGAGCTTCTCAAACG-300.1.3",NA,NA,35.3464355998176,NA,NA,NA,NA,NA,NA,NA,NA,NA,NA
"CGGAGTCCACACCGCA-300.1.3",27.4930140927816,28.3592778744195,28.3878997703724,28.4004112185253,28.2819632959425,28.0565701235906,28.6817586878514,28.0987507986113,NA,NA,NA,NA,NA
"CGGTTAAGTATAGGTA-300.1.3",22.7297105559806,NA,NA,NA,NA,NA,NA,NA,NA,NA,NA,NA,NA
"CGTCAGGCAATGGAGC-300.1.3",7.24767322819389,7.2558823141938,7.22835477049584,7.22658728234915,7.31352188705848,7.28217994243708,7.31997182937021,7.30047162247026,7.37442809267879,7.39520814562793,7.42738851358106,7.45331818014093,7.32575686572635
"CGTCAGGGTCAGAATA-300.1.3",NA,NA,NA,NA,NA,NA,NA,NA,21.3424300995875,16.252414372833,18.9844171772881,NA,NA
"CGTCCATCACAGGTTT-300.1.3",NA,NA,NA,NA,NA,NA,NA,NA,27.2164406941473,NA,NA,NA,NA
"CGTCCATCAGTAACGG-300.1.3",NA,NA,NA,NA,NA,NA,NA,NA,21.5330223674498,15.5069651209249,19.6391724309913,NA,NA
"CGTCTACGTGACCAAG-300.1.3",NA,NA,NA,NA,NA,NA,NA,NA,14.7395466488981,21.8657042428798,15.3145194135103,17.8239370433775,NA
"CGTCTACTCAGCATGT-300.1.3",9.14966624803397,9.13353992094957,9.26668120467514,9.26658054353903,9.17002298069377,9.22804685758473,9.20814110359794,9.21787693046377,20.4199881161251,14.107496217573,9.5096780909901,10.4108313337418,9.83915880866157
"CGTGAGCCACGCGAAA-300.1.3",7.95982260662494,7.97957513134486,7.96629879990222,7.9673288840664,7.99487346773334,7.9720190678069,7.96960299971015,7.97357983710205,8.04508688353867,8.0537363758831,8.07473397923595,8.08047702423224,7.9765434104099
"CGTGAGCTCCTTAATC-300.1.3",NA,NA,NA,NA,NA,NA,NA,NA,13.2465385961337,12.0142537982721,NA,16.1130162461341,NA
"CGTGTCTCAAAGCGGT-300.1.3",NA,NA,NA,NA,NA,NA,NA,NA,NA,20.658744745589,NA,23.8452566734605,18.1478789273418
"CGTTCTGAGTGCCATT-300.1.3",10.6262554201513,10.6309082490859,10.6018247622665,10.6307591292983,10.5428444944296,10.6807381268071,10.6663079605684,10.5847587515769,21.8277816590107,14.0125328300853,12.6885230300145,12.6923229374005,12.8791095031678
"CGTTGGGAGCTGCCCA-300.1.3",NA,NA,NA,NA,NA,NA,NA,NA,NA,NA,NA,NA,25.7566378890683
"CTAACTTAGCTTTGGT-300.1.3",7.29882244458199,7.2558823141938,7.24279452244055,7.25542938514483,7.36784651202402,7.28217994243708,7.31997182937021,7.37845097922119,7.36761729464727,7.436909316322,7.43702999385394,7.35182156408348,7.29582347810683
"CTAACTTAGGCGTACA-300.1.3",NA,NA,NA,NA,42.3773847792825,NA,NA,NA,NA,NA,NA,NA,NA
"CTAAGACAGCTGAACG-300.1.3",NA,NA,NA,NA,NA,NA,NA,NA,NA,27.9631050059677,NA,23.1936484063943,NA
"CTAAGACCAAGGACAC-300.1.3",18.7641369060621,18.815884027088,18.7608335222531,18.7287483541645,18.7407425883742,18.9387760967916,18.8505685333172,18.8343926338818,NA,NA,NA,NA,NA
"CTAGCCTCATGCCTAA-300.1.3",8.54647713503212,8.57986928612463,8.4640934335591,8.44826882429977,8.5057220725828,8.44896665686699,8.56679520716839,8.58352188545444,8.41195004450492,8.29875545421491,8.34415874478022,8.37245909107273,8.24425324940148
"CTAGCCTGTGGTCTCG-300.1.3",15.5131517600273,NA,NA,NA,NA,NA,NA,NA,NA,NA,NA,NA,NA
"CTAGCCTTCACCGGGT-300.1.3",NA,NA,NA,NA,26.9699166367623,NA,NA,NA,NA,NA,NA,NA,NA
"CTAGCCTTCTATGTGG-300.1.3",NA,36.3893375241084,NA,NA,NA,NA,NA,NA,NA,NA,NA,NA,NA
"CTCAGAATCGGATGTT-300.1.3",15.4008626411388,14.9933170392623,15.0808366390233,15.1018454163876,14.8836131011375,15.0851916210075,15.0033737132299,15.0538504210499,12.3060948017477,11.7908736274256,12.6017930816629,14.8477209348829,11.9915254176525
"CTCATTAAGCAGCGTA-300.1.3",NA,NA,NA,NA,NA,NA,NA,NA,15.6693941744688,21.8268749554044,16.6615567103385,24.8710449812191,17.7770264060142
"CTCGTACTCATGTCTT-300.1.3",NA,NA,NA,NA,NA,NA,NA,NA,NA,NA,24.8117110195391,NA,NA
"CTCGTCATCTTGAGAC-300.1.3",9.31952589184293,9.26376534916665,9.29410170299014,9.26658054353903,9.18069331084342,9.22804685758473,9.30111885534162,9.30990022066563,9.16804868555336,9.0769967988528,9.12692280554545,9.12896532628439,9.02862669534913
"CTCTGGTTCTACGAGT-300.1.3",21.3832757148325,NA,NA,NA,NA,NA,NA,NA,NA,NA,NA,NA,NA
"CTGAAACGTCGCGGTT-300.1.3",NA,NA,NA,NA,NA,NA,NA,NA,NA,NA,NA,NA,31.2314758418185
"CTGATAGGTGAGGGAG-300.1.3",8.29692070295573,8.26088019862269,8.28890395677857,8.29798794673561,8.26519630793304,8.30086517648658,8.27203296491759,8.2682397616769,8.37049615914599,8.39037092008881,8.38328370934362,8.52973086426048,8.29003842211935
"CTGCCTAAGCTGCCCA-300.1.3",11.2536979927501,11.1729012021563,11.2105952384801,11.2688293963544,11.0279621016992,11.190811296948,11.089391140778,11.1691635502714,19.1284892992426,15.4498491802771,19.3058474195614,13.5291962491318,15.3398010135821
"CTGCCTATCATTGCGA-300.1.3",NA,NA,NA,17.943996835075,NA,NA,NA,NA,NA,NA,NA,NA,NA
"CTGTGCTCACAGATTC-300.1.3",7.96573184339127,8.03163314538318,8.05093413116841,8.04034173581254,7.96572106071866,8.05861915729628,8.03543993069131,8.01369899604536,7.95214467977159,7.91459773168166,7.89131624467131,7.99178959768022,7.80338772197053
"CTGTTTATCATGCAAC-300.1.3",20.2900727383797,NA,NA,NA,NA,NA,NA,NA,NA,NA,NA,NA,NA
"CTGTTTATCTAACCGA-300.1.3",NA,NA,NA,NA,NA,NA,NA,NA,NA,NA,NA,NA,31.1762410004799
"CTTAACTCATGGGAAC-300.1.3",8.64459821883106,8.5815865864312,8.52796595743065,8.54030538430202,8.59322691006646,8.54446664425912,8.56679520716839,8.58352188545444,8.51439400017291,8.56204791244997,8.57006161259923,8.72441983836447,8.50942966105386
"CTTACCGGTCATCCCT-300.1.3",NA,NA,NA,NA,NA,NA,NA,NA,NA,NA,NA,NA,31.2169366265061
"CTTCTCTGTCCAACTA-300.1.3",11.4098395169644,11.2788786693485,11.3902956142384,11.3270262007734,11.3965206739906,11.4011422200132,11.432121813863,11.377423980148,23.6166917377601,14.5318672115272,14.9379007845963,12.8346107664102,13.8839763768205
"CTTGGCTAGCCCAATT-300.1.3",23.6838954459201,23.9474151493551,23.9911681677812,23.692754262852,23.7374342503608,23.9206587173317,23.9877336519422,23.8901856465095,NA,NA,NA,NA,NA
"GAACATCTCAGAGCTT-300.1.3",NA,NA,NA,NA,NA,NA,NA,NA,NA,NA,NA,NA,25.9971799545616
"GAACCTACAAGGGTCA-300.1.3",NA,20.276693076929,NA,NA,NA,NA,NA,NA,NA,NA,NA,NA,NA
"GAACGGATCACCTTAT-300.1.3",NA,21.9727548834485,NA,NA,NA,NA,NA,NA,NA,NA,NA,NA,NA
"GACCAATCATTGGTAC-300.1.3",7.05206983319815,6.99552113183219,7.01107975654409,7.01794241764897,6.92244779147501,6.97426673758283,6.95247920936912,7.00433373894353,7.14131427243726,7.1592496940332,7.20938350151686,7.29308021047476,7.10119514560352
"GACCTGGAGTATGACA-300.1.3",10.2358697899666,10.3235819495958,10.2604883392557,10.309332095959,10.1634037158174,10.3384883620957,10.2443677442756,10.2344839107876,22.4512723016356,13.2369570966625,11.3821907048751,12.122490278404,11.8049802048562
"GACCTGGGTTATCGGT-300.1.3",NA,NA,38.7265238847237,NA,NA,NA,NA,NA,NA,NA,NA,NA,NA
"GACGTTAAGATGAGAG-300.1.3",17.5930869611964,NA,NA,NA,NA,NA,NA,NA,NA,NA,NA,NA,NA
"GACTAACAGCGCTCCA-300.1.3",6.22888343608093,6.22651032220106,6.22034899730778,6.22652431089656,6.19156499868168,6.1879252325269,6.19466102808332,6.21900148841952,6.41991296796994,6.3696264330279,6.41812336863834,6.47232304536163,6.36599872955867
"GACTAACTCTACTCAT-300.1.3",7.52795586283344,7.57072197176236,7.6030450731722,7.60435411287173,7.49626414712347,7.57429146506465,7.54543798771979,7.51989479221916,7.59369057366661,7.50034926626233,7.60813500243621,7.65570380982017,7.44247645500986
"GAGCAGACATCACAAC-300.1.3",NA,NA,NA,NA,NA,NA,NA,NA,13.2465385961337,11.1569110121158,NA,15.9591132075178,NA
"GAGGTGAGTGTGAAAT-300.1.3",25.5317694218142,NA,NA,NA,NA,NA,NA,NA,NA,NA,NA,NA,NA
"GATCAGTCACGACGAA-300.1.3",NA,NA,NA,NA,NA,NA,NA,NA,24.7468873005118,14.7631338717751,15.8707061839026,13.250888370275,14.4264511588
"GATCGCGAGGGAACGG-300.1.3",8.21855077944678,8.13794590963725,8.12961278260692,8.13390787221977,8.20050515018958,8.13321617153719,8.15014749522541,8.187674179287,8.1972476325249,8.16114518339356,8.17167953902218,8.24695319936713,8.01144230296187
"GCATGATAGCGTAATA-300.1.3",7.1448836989891,7.20958390998425,7.21931105433289,7.22195868957109,7.16151022268468,7.1928119698773,7.18350045630566,7.1505392195757,7.12782469496938,7.10703212305025,7.10419028036311,7.06869514342396,7.09040916273142
"GCATGCGGTCTCCCTA-300.1.3",NA,NA,NA,NA,NA,NA,NA,NA,NA,26.4986972820242,NA,21.9826802097036,19.9862244867297
"GCATGCGTCTTGCATT-300.1.3",NA,NA,NA,NA,NA,NA,NA,NA,16.0043331608909,19.3080075477078,17.8824384972848,20.8171260309033,17.3580716561406
"GCCTCTAAGGACAGCT-300.1.3",20.7810354526331,20.4270270653642,20.6656334063711,20.450423353226,20.5478543526553,20.6678786033809,20.6310244759836,20.6714015851189,NA,NA,NA,NA,NA
"GCGACCACATCTCCCA-300.1.3",10.7827919250139,10.8250394052135,10.800047296485,10.83869604232,10.7146036206122,10.7968441811069,10.723423627827,10.7897001477907,10.8879322574984,12.6886478210324,11.4983850626188,12.1822224557754,11.7174077479761
"GCGACCATCGTGGGAA-300.1.3",NA,NA,NA,NA,NA,NA,NA,NA,NA,27.4651518977511,NA,22.1537022880623,20.2674854161569
"GCGCGATGTGATGCCC-300.1.3",NA,NA,NA,NA,NA,NA,NA,NA,NA,NA,NA,16.1272847114214,NA
"GCTGGGTCATCCGTGG-300.1.3",12.6784121004484,12.6533126030738,12.6648359926168,12.819707238687,12.5329496615378,12.7162091613313,12.6721769503586,12.5932246206919,13.4825603723187,13.1439350397041,13.7286170777923,15.5548868555646,13.474550572344
"GCTTCCAAGCTCCCAG-300.1.3",NA,NA,NA,18.1899598466053,NA,NA,NA,NA,NA,NA,NA,NA,NA
"GGAAAGCAGGCTCAGA-300.1.3",NA,NA,18.4150977830015,NA,NA,NA,NA,NA,NA,NA,NA,NA,NA
"GGAAAGCTCTTCGGTC-300.1.3",NA,NA,NA,14.0634803069238,NA,NA,NA,NA,NA,NA,NA,15.3576249007644,NA
"GGAACTTTCGTCTGAA-300.1.3",12.0740363113308,12.0661466008007,12.0912936296972,12.0939938137031,11.9355811875669,11.9816101999979,11.9714113691964,12.0910469740383,24.5173078482172,14.0677579787562,13.9509291347974,12.8793926665496,13.4164844889196
"GGAATAATCCAAATGC-300.1.3",11.7117908001786,11.6863586735509,11.722313345141,11.7419796015935,11.5321004010859,11.585692584804,11.5910697884299,11.6876323355384,22.7821919166465,13.3743625456549,12.6743694397273,12.8793926665496,12.7582102717679
"GGAGCAAGTTTAGCTG-300.1.3",9.7034354922198,9.66256190522564,9.710971884832,9.6770249375408,9.6254504142008,9.64179582725121,9.69231121746691,9.70214167844654,15.6799002137293,16.5037958951865,16.0980262857149,9.42777528888114,22.5705599314849
"GGCAATTAGGCCCTCA-300.1.3",NA,NA,NA,NA,31.654930674643,NA,NA,NA,NA,NA,NA,NA,NA
"GGCAATTGTAATCGTC-300.1.3",9.31400693670688,9.23597827108199,9.29410170299014,9.26658054353903,9.18312413646244,9.22804685758473,9.25824827024968,9.26513711340254,9.08832420231337,9.01620641096692,9.05859162933572,9.02485174834682,8.9330865898382
"GGCGACTTCTCGCATC-300.1.3",NA,NA,NA,NA,NA,NA,NA,NA,15.5804100598939,20.4038046867796,16.8848565053318,22.8098974435155,16.8317810199817
"GGCTCGATCGCAAGCC-300.1.3",NA,NA,NA,NA,NA,NA,NA,NA,NA,23.5654645371771,NA,19.3158015330713,NA
"GGGAATGAGTGTACCT-300.1.3",7.78579332490255,7.74625597954945,7.76082519809507,7.75365124235958,7.81560659580595,7.75648762433647,7.73960622151233,7.79255933383606,7.77712818506672,7.7021113887719,7.70047360283092,7.75773628195446,7.67096535478174
"GGGAGATAGGCCATAG-300.1.3",NA,NA,NA,NA,NA,NA,NA,NA,15.2231026113098,22.3259151159344,15.9932266869119,19.145637488173,16.3408833848217
"GGGAGATAGTGAAGAG-300.1.3",9.45751580379599,9.47390079925998,9.483275915774,9.51010857228123,9.47140146616665,9.48163809974792,9.41551189866078,9.42862717677531,13.1129100766803,9.20838569608583,9.30743618752619,15.9496135307691,9.29122821293906
"GGGCACTGTTGTCGCG-300.1.3",NA,NA,NA,NA,30.8620868447554,NA,NA,NA,NA,NA,NA,NA,NA
"GGGTCTGAGCCGATTT-300.1.3",5.83844461825309,5.86318882952462,5.8425575754802,5.84040554340636,5.81927109210484,5.78914925625127,5.81110187972582,5.82735003468363,5.89577841031553,5.85850514348899,5.90878497028777,5.94420190696891,5.84781058011602
"GGGTTGCTCAGGTAAA-300.1.3",6.94295592493346,6.875642735006,6.89393159779866,6.89805431606901,6.92215963045577,6.89489043992053,6.90648859791401,7.00433373894353,6.97123576388534,7.01210290949818,6.98141731150343,7.1170373702792,6.90987425485987
"GGGTTGCTCATGTAGC-300.1.3",8.96900603702792,8.97769404535307,8.87845891523432,8.85699173747095,8.91173984824946,8.88138738412082,8.98453279243801,8.9801461169614,15.5558549852213,17.2657948248283,17.1793547131049,8.72047297408498,17.0467924380892
"GTAACTGCAATGGACG-300.1.3",NA,NA,NA,NA,NA,NA,NA,NA,NA,22.796024688225,NA,27.0946821454017,NA
"GTACTTTCAAGTAGTA-300.1.3",8.39277290953143,8.37532359604479,8.43130196635869,8.43590834570219,8.33435425638753,8.42827175169427,8.39187681182034,8.38773097534984,8.41983234404897,8.36900220533271,8.37904014946038,8.36257779179338,8.24425324940148
"GTCACGGCAATGAAAC-300.1.3",NA,NA,NA,NA,NA,NA,NA,NA,16.0043331608909,21.168009829255,17.1107860549172,24.2391778395713,17.2572407152944
"GTCATTTGTACAAGTA-300.1.3",13.6242886559252,13.5821567256583,13.5225911143992,13.5738156376387,13.5554054111269,13.5768591792618,13.6578063165702,13.6036918042114,15.3306224852068,20.3999246615848,16.0139829645929,18.890693323428,16.3031709442664
"GTGCAGCCAGGAACGT-300.1.3",32.500300446848,32.7677169360001,34.268473410698,33.4655948702301,33.1002805555144,33.2914059012173,34.1263889253474,33.6266979590395,NA,NA,NA,NA,NA
"GTGCAGCTCTATCCCG-300.1.3",NA,NA,NA,NA,NA,NA,NA,NA,NA,NA,30.4848216965856,NA,NA
"GTGCGGTTCTTAGCCC-300.1.3",NA,NA,NA,NA,NA,NA,NA,NA,NA,31.5813039658886,NA,NA,NA
"GTGGGTCTCATGCAAC-300.1.3",NA,NA,19.4672811690781,NA,NA,NA,NA,NA,NA,NA,NA,NA,NA
"GTTAAGCAGGTGCACA-300.1.3",NA,NA,NA,NA,NA,NA,NA,NA,29.4791069072271,NA,NA,NA,NA
"GTTACAGTCTGATTCT-300.1.3",NA,NA,NA,NA,NA,NA,NA,NA,16.2277483033351,19.7053990982837,17.3394519640381,20.0845266765531,17.5991946935706
"GTTCGGGTCATGGTCA-300.1.3",NA,NA,NA,NA,21.0715375753244,NA,NA,NA,NA,NA,NA,NA,36.8607249237058
"GTTCTCGCAACAACCT-300.1.3",NA,NA,NA,NA,NA,NA,NA,NA,NA,NA,NA,NA,31.5817267843063
"GTTCTCGCAATCCGAT-300.1.3",7.23893120794126,7.2558823141938,7.22835477049584,7.22658728234915,7.33291051669634,7.28217994243708,7.31997182937021,7.31516517794081,7.35950995887313,7.24941871986937,7.33851743403881,7.3736389306411,7.17601739538005
"GTTTCTACAACAACCT-300.1.3",11.2943994936194,11.2582125036292,11.2485530018425,11.2461908061238,11.232389664313,11.244210651788,11.2325575793272,11.2727050469289,17.1033889043437,17.5423341335392,18.2752377151732,18.1434145613703,16.567910919235
"TAAGAGACATGTTCCC-300.1.3",NA,NA,NA,NA,NA,NA,NA,NA,28.245997794979,NA,NA,NA,NA
"TACAGTGCAATTCCTT-300.1.3",24.8681098737606,25.1068289843465,25.2770818446241,24.9785053139317,25.0602286623038,25.1626469031424,25.2411211708148,25.150068427218,NA,NA,NA,NA,NA
"TACAGTGTCTGAAAGA-300.1.3",NA,NA,NA,NA,NA,NA,NA,NA,26.5835942355951,NA,NA,NA,NA
"TACCTATTCCATGAGT-300.1.3",NA,NA,NA,NA,NA,NA,NA,NA,30.4064146623962,NA,NA,NA,NA
"TACCTTAAGACTTGAA-300.1.3",NA,NA,NA,18.2777921483691,NA,NA,NA,NA,NA,NA,NA,NA,NA
"TACCTTAAGGCTAGAC-300.1.3",9.75489205765218,9.70783372437048,9.75362025353929,9.76767676373436,9.67941473577989,9.7199132088337,9.71752579320928,9.72423417344723,13.0102872497337,9.3409676635684,9.58978356236033,15.9496135307691,9.50249324883315
"TACCTTAGTCTGCGGT-300.1.3",NA,NA,NA,NA,NA,NA,NA,NA,NA,NA,NA,NA,34.5787941080604
"TACCTTAGTTCGAATC-300.1.3",8.67316791620465,8.5815865864312,8.60461764208798,8.60490042106408,8.64289404074242,8.61168837930026,8.57738261258975,8.58352188545444,8.66289711569362,8.61942209721572,8.61422573967994,8.7267196684172,8.51237427969023
"TACGGATAGCCAGTTT-300.1.3",9.4680171975937,9.47390079925998,9.5027800545951,9.49611451405072,9.53289426113374,9.52326519043279,9.41641222514031,9.43280796923104,9.35975904430733,9.22078825328019,9.24578175011784,9.24589309670303,9.1570884402311
"TACGGATCATGGATGG-300.1.3",NA,NA,NA,NA,NA,NA,NA,NA,NA,NA,28.6689051665982,NA,NA
"TACGGTAGTTCAACCA-300.1.3",NA,NA,18.9982363587842,NA,NA,NA,NA,NA,NA,NA,NA,NA,NA
"TACTCGCCATCGGGTC-300.1.3",NA,NA,NA,NA,NA,NA,NA,NA,NA,27.7564263828838,NA,21.822027472636,NA
"TACTCGCTCGCCAGCA-300.1.3",9.06965804839365,9.02688430599125,8.93546690940448,8.94926109720898,8.97285054198229,8.97238082016871,8.98453279243801,8.9801461169614,17.1917425669889,15.8999417219031,22.7179575918871,9.11633207252543,15.7496041014139
"TACTTGTAGGGTCTCC-300.1.3",10.6262554201513,10.4763692060592,10.5482367194224,10.5168608721661,10.5428444944296,10.5725590011464,10.6483642928628,10.5748502608535,19.2233333028493,15.5558740445511,18.4412959484663,13.5356686696654,15.2357349331113
"TACTTGTGTTGTACAC-300.1.3",NA,NA,NA,NA,NA,NA,NA,NA,NA,16.3439421457373,NA,NA,24.9696292446622
"TAGACCAGTCCCTACT-300.1.3",NA,NA,NA,NA,NA,NA,NA,NA,24.9964303390967,14.6551070498644,15.4267883558113,13.0654313964554,14.1463988699917
"TAGCCGGGTGCTCTTC-300.1.3",NA,NA,NA,NA,NA,NA,NA,NA,NA,NA,NA,NA,25.8087286694757
"TAGTGGTCATCGATTG-300.1.3",NA,NA,NA,NA,NA,NA,NA,NA,NA,32.1033253009903,NA,NA,NA
"TAGTGGTCATCGGTTA-300.1.3",NA,NA,NA,NA,NA,NA,NA,NA,NA,NA,NA,NA,28.2806588808716
"TAGTGGTTCCCAGGTG-300.1.3",NA,NA,NA,NA,NA,NA,NA,NA,NA,24.8750848272473,NA,NA,NA
"TAGTTGGCATCAGTCA-300.1.3",NA,NA,NA,NA,25.5926461896598,NA,NA,NA,NA,NA,NA,NA,39.9241227112141
"TATCAGGTCCCACTTG-300.1.3",NA,NA,28.3452491295596,27.825708263092,NA,NA,NA,NA,NA,NA,NA,NA,NA
"TATCTCACAGTCCTTC-300.1.3",14.9966682760656,NA,NA,NA,NA,NA,NA,NA,NA,NA,NA,14.940338373207,12.7043600626559
"TATTACCAGTGCTGCC-300.1.3",NA,NA,NA,NA,NA,NA,NA,NA,16.6131078074478,15.4498491802771,25.8875747331477,14.188971031597,14.9695764037738
"TATTACCCACGGTGTC-300.1.3",NA,NA,NA,NA,NA,NA,NA,NA,28.2011032486236,NA,NA,NA,NA
"TCAACGAGTCGAACAG-300.1.3",19.0649570239331,19.273035571825,19.2799651436815,19.3020868326396,19.2355622149955,19.3042049292448,19.2956471682973,19.2638287203298,NA,NA,NA,NA,NA
"TCAACGATCCTTTCTC-300.1.3",8.00222806118008,8.0605220519391,8.05093413116841,8.04034173581254,7.98453371701311,8.05861915729628,8.06243373164594,8.04375958508628,8.04508688353867,8.10528144139252,8.11792847647684,8.2248933585595,7.9765434104099
"TCAATCTTCCTGTAGA-300.1.3",NA,NA,NA,NA,NA,NA,NA,NA,20.3839443983163,15.8999417219031,19.4551220825029,NA,NA
"TCAGCAAAGTATCTCG-300.1.3",NA,NA,NA,NA,NA,NA,NA,NA,NA,NA,NA,NA,30.8394844583574
"TCAGCTCAGCCCTAAT-300.1.3",NA,NA,NA,NA,NA,NA,NA,NA,NA,17.3450445445081,NA,NA,24.9490233451665
"TCAGCTCCACCGAAAG-300.1.3",11.8032844577894,11.7346869367468,11.8134603162401,11.7419796015935,11.7108153137488,11.7675711327015,11.7755054575398,11.7803722955726,16.2277483033351,18.8390886580642,17.3394519640381,19.4584447489623,17.3152441324817
"TCGTACCAGAGGTAGA-300.1.3",6.55696059611386,6.549828824627,6.55068030353667,6.55539763374403,6.53094022183048,6.5372587844556,6.53626257826581,6.59139446675576,6.64374559187462,6.67699372488867,6.64743245206707,6.55523521247794,6.64405581658886
"TCGTAGAAGTGAAGTT-300.1.3",11.2983173260058,11.2315299844831,11.2511961315343,11.3270262007734,11.113798271846,11.190811296948,11.1565816658103,11.2585222468147,16.2564967547507,17.9370754826541,17.1107860549172,18.8270726599097,16.9588679059963
"TCGTAGACACTGTTAG-300.1.3",NA,NA,40.1890985675824,NA,NA,NA,NA,NA,NA,NA,NA,NA,NA
"TCTATTGTCGGAAACG-300.1.3",NA,22.6065547936413,NA,NA,NA,NA,NA,NA,NA,NA,NA,NA,NA
"TCTCATATCTGTCAAG-300.1.3",NA,NA,NA,NA,NA,NA,NA,NA,31.0914940921599,NA,NA,NA,NA
"TCTTTCCGTCGGATCC-300.1.3",7.91197899011423,7.83793607844402,7.90640163769822,7.89467875520276,7.81560659580595,7.88817412900866,7.84609373782707,7.82204039670994,7.81953571730835,7.7027175359267,7.82000124386956,7.76710852948844,7.7092843577793
"TGAAAGACACGAAATA-300.1.3",NA,NA,NA,NA,NA,NA,NA,NA,21.4498293484454,16.1225556015648,19.1164267527948,NA,NA
"TGACAACGTATAATGG-300.1.3",26.3203806918904,26.5668836528793,26.5513698233695,26.4488995836788,26.4593540559081,26.4732954235951,26.5947868524409,26.5152857661027,NA,NA,NA,NA,NA
"TGACAACTCATGTCTT-300.1.3",15.1797053678389,14.703187224679,14.8204922963316,14.890067690827,14.7332442249131,14.7864680873541,14.7925700883479,14.7772265411138,NA,12.403933931317,NA,14.6560089349936,12.770453507239
"TGACGGCTCTACTTAC-300.1.3",6.5318375205368,6.51077873477043,6.51349638510953,6.52561074522174,6.47855639960395,6.50833374006239,6.49421762960034,6.59223036833679,6.68801445294557,6.78170688494714,6.75310503718583,6.70196298272197,6.64405581658886
"TGACTAGGTCATATCG-300.1.3",NA,NA,NA,NA,NA,NA,NA,NA,29.4318297804561,NA,NA,NA,NA
"TGAGAGGAGTTACCCA-300.1.3",NA,NA,NA,NA,NA,NA,NA,NA,16.0043331608909,24.1005823448365,17.1107860549172,21.1411862693049,19.5269916098643
"TGAGGGAAGTGTTAGA-300.1.3",NA,NA,NA,NA,NA,NA,NA,NA,NA,NA,31.0610136983418,NA,NA
"TGAGGGACACATGTGT-300.1.3",6.6834120261788,6.66159586816895,6.66428987851872,6.67212456746749,6.62755355185819,6.64372081842427,6.64100982920939,6.61131076356365,6.84134340585426,6.78170688494714,6.84496576334006,6.94317899191388,6.74481639773491
"TGCACCTGTACAAGTA-300.1.3",6.36848743986522,6.36939675038409,6.36206176221134,6.36866299543628,6.34584332772468,6.34193776256122,6.3448841964414,6.30861839523018,6.51324243104997,6.55114684647686,6.52453242571867,6.5659968683793,6.49843277248714
"TGCCCATTCTCGATGA-300.1.3",11.8032844577894,11.7346869367468,11.8070218358574,11.8592851992432,11.6909907844616,11.7575819425001,11.7403965026961,11.7743595543158,12.9002200964998,11.1285523789097,12.6655275937412,15.6903300282861,12.06421310205
"TGCGCAGGTCCGAAGA-300.1.3",10.9553624430293,10.8484261990926,10.9686062073754,10.9131798289024,10.9366133560759,10.8957853937904,10.9407854917264,10.9756022961921,17.5424943013669,14.5318672115272,24.7409270106982,13.6227774047223,13.9211051742922
"TGCGTGGGTTGTGGAG-300.1.3",NA,NA,NA,19.8107700239659,NA,NA,NA,NA,NA,NA,NA,NA,NA
"TGGCCAGCACTGTTAG-300.1.3",NA,NA,NA,NA,NA,NA,NA,NA,NA,NA,NA,NA,30.1287244554362
"TGGCGCACATTTGCTT-300.1.3",20.1753346224577,NA,NA,20.1007543080688,NA,NA,NA,NA,NA,NA,NA,NA,NA
"TGGCGCAGTTTACTCT-300.1.3",7.07275429993002,7.01685605769449,7.03370462521402,7.03729904984693,6.94953988701091,6.99680434571131,6.97785321008393,7.00433373894353,7.14131427243726,7.04653633128525,7.14737374313692,7.22797490018371,6.98706270810633
"TGGCTGGTCGTTGACA-300.1.3",NA,NA,NA,NA,NA,NA,NA,NA,NA,21.8861171379813,NA,25.5567028801963,NA
"TGGGCGTTCACAGTAC-300.1.3",NA,NA,NA,NA,NA,NA,NA,NA,NA,24.7736778892918,NA,21.9826802097036,19.7238716326378
"TGGTTAGAGACCCACC-300.1.3",NA,NA,NA,NA,NA,NA,NA,NA,NA,NA,NA,NA,28.4797690467973
"TGTCCCAAGAAAGTGG-300.1.3",NA,NA,NA,NA,NA,NA,NA,NA,17.3527217867481,16.3439421457373,23.1731050055811,14.5739140291883,16.3745490857956
"TGTCCCACAAGCCATT-300.1.3",11.683299771691,11.6091327427121,11.6118386948602,11.6561910535293,11.5619753142139,11.6130021764618,11.6222547729873,11.634711677598,12.1561561844251,11.1637111433568,11.8996453869503,11.0882010265179,11.6208592138166
"TGTGGTAAGGTTCCTA-300.1.3",NA,NA,NA,NA,NA,NA,NA,NA,NA,NA,NA,NA,26.9527981479298
"TGTGGTACAATCACAC-300.1.3",12.2432004174892,12.1927440217689,12.2382606359813,12.1900214735893,12.2145665284011,12.335492226048,12.3225030161232,12.1845896468424,16.2277483033351,18.9840039536746,17.3394519640381,19.391362466799,17.3786845166579
"TTAGGCAGTATTCTCT-300.1.3",8.7570675135341,8.74545914100881,8.80507373777183,8.80586744144389,8.71664368378311,8.80981744648388,8.76859459626321,8.76665781506204,8.60376962524227,8.58970239389869,8.57006161259923,8.75887658870929,8.6334603068966
"TTAGTTCGTTGTCGCG-300.1.3",NA,NA,NA,NA,NA,NA,NA,NA,16.0043331608909,23.797338095649,17.3394519640381,21.0611319367271,19.1992258400254
"TTCCCAGGTTCAGCGC-300.1.3",NA,NA,NA,NA,NA,NA,NA,NA,16.0043331608909,20.2377281387314,16.8864525451802,19.4799634293914,17.0950267834943
"TTCGGTCCAAGCGATG-300.1.3",NA,NA,NA,NA,NA,NA,NA,NA,NA,NA,NA,NA,30.7411327121633
"TTCGGTCCACGGCTAC-300.1.3",8.6645958050392,8.5815865864312,8.5657137782627,8.56888309406438,8.65898588769171,8.59134751315133,8.56679520716839,8.58352188545444,8.49528515285762,8.39037092008881,8.3879840456757,8.43146937859943,8.26377053407213
"TTCTCAACATGAAGTA-300.1.3",NA,NA,NA,NA,NA,NA,NA,NA,NA,23.0411333602203,NA,27.7439936410702,NA
"TTCTTAGTCAATCTCT-300.1.3",NA,NA,NA,NA,NA,NA,NA,NA,NA,32.3711296644342,NA,NA,NA
"TTGAACGCATAAGACA-300.1.3",NA,NA,NA,NA,NA,NA,NA,NA,15.8799504766129,25.0691610512637,16.8848565053318,21.3965440168449,19.1992258400254
"TTGTAGGTCTCCGGTT-300.1.3",9.8462946308141,9.85723449980495,9.8149663348166,9.83875814487907,9.81163458246167,9.84023308032858,9.82340852089193,9.8021737260287,12.8940274413884,9.50905340093606,9.69756926430725,16.2587836100069,9.62732317070051
"TTTATGCTCTCTGTCG-300.1.3",8.02522356592879,8.10233233588136,8.05093413116841,8.04034173581254,8.02167888118026,8.05861915729628,8.1042768226993,8.07854208576791,7.95874118270207,7.93172508424983,7.89131624467131,7.96388978962729,7.80912385707203
"TTTCCTCTCAGAGACG-300.1.3",NA,NA,NA,NA,NA,NA,NA,NA,16.1551303803755,22.4388530311715,17.570692200747,21.2563924637094,19.4615659631675
"TTTGGTTAGATCCCGC-300.1.3",NA,NA,NA,NA,NA,NA,NA,NA,NA,NA,NA,31.0324038997183,NA
"AAACGGGGTGCCTGGT-400.2.1",7.98440495275798,8.065414788553,8.05093413116841,8.04034173581254,7.99092299189739,8.05861915729628,8.06608382723774,8.04407602231264,8.04508688353867,7.93172508424983,8.03535962367811,7.99086302512295,7.94232854658512
"AAAGATGGTGGCTCCA-400.2.1",11.8032844577894,11.7346869367468,11.8134603162401,11.7419796015935,11.6902820306637,11.7447229219395,11.7530380554979,11.7803722955726,16.2440615968681,18.6478928454031,17.3394519640381,19.2480460962031,17.3575773684657
"AAAGCAATCGGTGTTA-400.2.1",9.18857994513255,9.14374123329787,9.22656201497738,9.24394047708396,9.17002298069377,9.22804685758473,9.18404494794886,9.189623502124,9.44482316527298,9.14202077958308,9.25377484449841,8.78320540405826,9.2158533858363
"AAAGTAGCAGACACTT-400.2.1",21.6706482723133,NA,NA,NA,NA,NA,NA,NA,NA,NA,NA,NA,NA
"AAAGTAGGTTGGTAAA-400.2.1",22.5269308918973,22.5091925000551,22.7870032206647,22.7286916162302,22.8015426021562,22.6136384424364,22.6301314218438,22.6267945455211,NA,NA,NA,NA,NA
"AAATGCCCAGGACGTA-400.2.1",8.55958759864184,8.5810808553288,8.48275530387926,8.51271535520736,8.52576354203599,8.49280663071251,8.56679520716839,8.58352188545444,8.56276032430081,8.41971199275051,8.51436247777452,8.16145428142608,8.41489383849132
"AAATGCCGTTATCGGT-400.2.1",30.1938667546649,31.0230157966825,31.5230575660403,31.9964149292852,31.802218272439,30.9006747047333,32.7414078437702,31.1245343906582,NA,NA,NA,NA,NA
"AACACGTCATGCAACT-400.2.1",25.9267795871544,26.2826176705989,26.5501652691371,26.2985691153805,26.2196152180383,26.403002079724,26.5137308394456,26.2294967271791,NA,NA,NA,NA,NA
"AACACGTTCGGAAACG-400.2.1",NA,56.2441653283291,NA,NA,NA,NA,NA,NA,NA,NA,NA,NA,NA
"AACCATGAGGGTATCG-400.2.1",NA,NA,NA,NA,NA,NA,NA,NA,21.4598542105322,15.8999417219031,19.2201331923434,NA,15.7711759401218
"AACCGCGTCGTAGGAG-400.2.1",NA,NA,NA,NA,NA,NA,NA,NA,NA,30.808096422509,NA,NA,NA
"AACTCAGTCCCATTTA-400.2.1",27.4930140927816,28.4686725423676,28.2038562135473,27.9854810223496,28.3972182962451,28.0565701235906,28.2568765208455,27.9859905524356,NA,NA,NA,NA,NA
"AACTGGTTCCGCAAGC-400.2.1",NA,NA,NA,NA,NA,38.5378067466422,NA,NA,NA,NA,NA,NA,NA
"AACTGGTTCTAACTGG-400.2.1",10.6262554201513,10.5707762052219,10.6108208843961,10.5824425737485,10.5442254946828,10.6170192314837,10.6272037685661,10.5822494462565,17.4905642708997,15.2223583519244,14.5834314141599,12.9406046417523,23.6956114242069
"AAGACCTTCTTAGAGC-400.2.1",NA,NA,NA,NA,NA,NA,NA,NA,NA,NA,NA,NA,31.6665246125422
"AAGCCGCTCGTAGATC-400.2.1",29.6381177394375,25.5554179056816,25.9963580128075,25.9933304267535,24.6969221099012,26.2213717925029,25.4045263386933,25.859614100727,NA,NA,NA,NA,NA
"AAGGAGCCACATGACT-400.2.1",NA,NA,NA,NA,NA,NA,NA,NA,NA,NA,NA,NA,34.3600229592001
"AAGGCAGCAGCCTTTC-400.2.1",NA,18.1123200303799,NA,NA,NA,NA,NA,NA,NA,NA,NA,NA,NA
"AAGGCAGCAGTGAGTG-400.2.1",24.6784547094863,24.293190489782,24.4210380591297,24.4773814459416,24.2786543932182,24.3767685059986,24.3125660114861,24.2996920282814,NA,NA,NA,NA,NA
"AAGTCTGTCTCGTATT-400.2.1",9.01371457614321,9.00144964256294,8.88620992424361,8.90570353456839,8.94195523778081,8.91935221159308,8.98453279243801,8.9801461169614,8.94417348274702,8.83987655883372,8.86391214740831,8.81576670437726,8.78083752303093
"AATCCAGCACTGAAGG-400.2.1",NA,NA,21.8084783545187,NA,NA,NA,NA,NA,NA,NA,NA,NA,NA
"AATCCAGGTTACGACT-400.2.1",18.3619727064069,18.3345670575288,18.3981066016535,18.2835468898794,18.2182659334844,18.3892977493305,18.3427239691792,18.330454502228,NA,NA,NA,30.1838065396276,NA
"AATCCAGTCTGCAGTA-400.2.1",NA,NA,NA,NA,46.004338023878,NA,NA,NA,NA,NA,NA,NA,NA
"ACACCCTAGTAGATGT-400.2.1",NA,NA,NA,NA,NA,NA,NA,NA,26.9829533424194,NA,NA,NA,NA
"ACACCGGTCGTAGATC-400.2.1",24.0861092515865,NA,NA,NA,NA,NA,NA,NA,NA,NA,NA,NA,NA
"ACACTGATCACGCGGT-400.2.1",20.6867396995203,20.7634265267977,20.8788752632102,20.8756163761605,20.899898649409,20.9711466905647,20.8244538357632,20.853561116041,NA,NA,NA,NA,NA
"ACACTGATCAGTTCGA-400.2.1",NA,NA,NA,NA,31.9947974585158,NA,NA,NA,NA,NA,NA,NA,NA
"ACAGCCGAGCCTATGT-400.2.1",NA,16.967348953532,NA,NA,NA,NA,NA,NA,33.8091963966503,NA,NA,NA,NA
"ACAGCCGGTGCTGTAT-400.2.1",11.8032844577894,11.7346869367468,11.8134603162401,11.7419796015935,11.7310851672635,11.7767557945808,11.7821962860829,11.7803722955726,22.7826448569083,15.1049798173932,16.5310215021209,13.0654313964554,15.0153549596792
"ACATACGAGGGCTTCC-400.2.1",NA,NA,NA,NA,NA,NA,NA,NA,NA,23.2995363806816,NA,20.3082638034271,NA
"ACATACGGTGGGTATG-400.2.1",9.86530321541526,9.92262594039854,9.91636048680462,9.91791563905993,9.88911434144883,9.94568510447465,9.86410263343986,9.884530241858,15.1665859933848,18.1832925560415,16.4816011179396,17.2366044967348,15.9400359540359
"ACATACGTCTGTCCGT-400.2.1",15.1500205022194,14.7907705867202,15.2557114357153,15.1018454163876,14.7872408228319,14.8496868638679,14.8758262805798,14.892176013852,NA,NA,NA,15.1606572757684,NA
"ACATCAGAGATATGGT-400.2.1",NA,NA,NA,NA,NA,NA,NA,NA,NA,19.9313721587458,NA,20.4876445823833,19.1803699155034
"ACATCAGGTTTGGCGC-400.2.1",24.0517847267736,24.1283516201601,24.342941965274,24.2134346819838,24.2390901676915,24.2231866997498,24.2769788176118,24.1703148738931,NA,NA,NA,NA,NA
"ACATGGTCATTAGGCT-400.2.1",19.6115815576266,NA,NA,NA,NA,NA,NA,NA,NA,NA,NA,NA,NA
"ACCCACTTCCTAGAAC-400.2.1",NA,NA,NA,NA,NA,NA,40.4374131326621,NA,NA,NA,NA,NA,NA
"ACCTTTAGTACGACCC-400.2.1",36.6914617429467,NA,NA,NA,NA,NA,NA,NA,NA,NA,NA,NA,NA
"ACGAGGACACGTCTCT-400.2.1",NA,NA,NA,NA,NA,NA,NA,NA,NA,NA,NA,NA,28.5688499212821
"ACGCAGCAGCGGATCA-400.2.1",NA,NA,NA,NA,NA,NA,NA,NA,27.7131338844985,NA,NA,NA,NA
"ACGCAGCCAAGTAATG-400.2.1",14.5933017306455,NA,NA,NA,NA,NA,NA,NA,NA,NA,NA,NA,NA
"ACGCAGCTCTTTAGGG-400.2.1",33.4064865672693,33.6826714114928,34.7444500544815,34.602459075709,34.7699805397237,34.9782099493284,36.3419862731818,36.1020312109226,NA,NA,NA,NA,NA
"ACGCCAGGTCCGTTAA-400.2.1",33.4150844711138,33.6080557500736,35.065867750168,33.8854070555706,33.9482576868341,36.7192642635385,35.7591412162405,35.1619525913025,NA,NA,NA,NA,NA
"ACGCCGAAGAAGGGTA-400.2.1",21.3345335661321,NA,NA,NA,NA,NA,NA,NA,NA,NA,NA,NA,NA
"ACGGAGACAAAGTCAA-400.2.1",NA,NA,NA,NA,NA,NA,NA,NA,NA,22.5634565254743,NA,26.1374608022814,17.9567262319053
"ACGGAGAGTATAATGG-400.2.1",29.0406216260316,30.0370841584511,30.0367053033889,30.5201812271223,30.8203370476959,29.6906166397772,30.9489331004564,29.8515772701475,NA,NA,NA,NA,NA
"ACGGCCAGTTCCACAA-400.2.1",NA,NA,NA,NA,NA,NA,NA,NA,15.7802839630478,21.0258212496132,16.4088197474929,19.2480460962031,16.4022771390687
"ACGGGTCGTGAAATCA-400.2.1",NA,NA,NA,35.0587348441604,NA,NA,NA,NA,NA,NA,NA,NA,NA
"ACGGGTCGTGACGGTA-400.2.1",9.45751580379599,9.40947992412041,9.30883236880007,9.31337631005772,9.32019266887384,9.3325227227295,9.40341538820163,9.37762911849148,9.25175976856057,9.19789299774167,9.24578175011784,9.36188054110654,9.12163862149708
"ACGGGTCTCATCGGAT-400.2.1",NA,NA,NA,NA,NA,NA,NA,NA,NA,22.5398636285213,NA,25.9879563258452,NA
"ACGTCAACAAGAGTCG-400.2.1",NA,37.9938897394902,NA,NA,NA,NA,NA,NA,NA,NA,NA,NA,NA
"ACGTCAATCACTATTC-400.2.1",NA,NA,NA,20.9217435491758,NA,NA,NA,NA,NA,NA,NA,NA,NA
"ACTATCTTCTCGCTTG-400.2.1",30.4889760867788,31.4986383756909,32.1987361654295,32.0367420994798,33.3012677327818,31.6670689439299,32.1226847586916,31.2037637525307,NA,NA,NA,NA,NA
"ACTGAACTCCGCAGTG-400.2.1",NA,NA,NA,NA,NA,NA,NA,46.0392329707704,NA,NA,NA,NA,NA
"ACTGAGTTCTCATTCA-400.2.1",NA,NA,NA,NA,NA,NA,NA,NA,NA,29.3093332834535,NA,22.5519186056142,NA
"ACTGATGCAACTGGCC-400.2.1",NA,NA,NA,NA,NA,NA,NA,NA,24.2488533684603,14.7631338717751,15.6620341544323,13.0654313964554,14.1554115844018
"ACTGCTCCAAGACGTG-400.2.1",NA,NA,NA,NA,NA,NA,NA,43.3887719216083,NA,NA,NA,NA,NA
"ACTGCTCGTAATTGGA-400.2.1",29.850839001065,30.4955946945695,30.7862407716329,29.7015127437291,29.9341204077125,31.4714827820953,29.8809599921779,29.647639628262,NA,NA,NA,NA,NA
"ACTGTCCCAATGCCAT-400.2.1",NA,NA,NA,NA,NA,NA,NA,NA,28.7289153520211,NA,NA,NA,NA
"ACTGTCCCAGCTTAAC-400.2.1",NA,NA,NA,NA,NA,NA,NA,NA,22.0651488400747,16.1225556015648,19.2201331923434,NA,16.2465282353445
"ACTGTCCCATCGGAAG-400.2.1",NA,37.1650123450872,NA,NA,NA,NA,NA,NA,NA,NA,NA,NA,NA
"ACTTACTCAGCTGGCT-400.2.1",NA,NA,NA,NA,NA,NA,NA,NA,NA,NA,NA,NA,32.2749756268427
"ACTTGTTCAAGGGTCA-400.2.1",30.5778771369066,30.7451287229242,31.454054225421,30.5271006114433,30.3473150138845,33.0143795929391,31.4453929096566,31.3755328851027,NA,NA,NA,NA,NA
"ACTTTCACAGGCGATA-400.2.1",20.7883171930487,20.7835222148083,20.8130472622718,20.6105262211659,20.6926209117825,20.7676188038209,20.8439631222989,20.7555617083343,NA,32.0480589363027,NA,NA,NA
"AGAGCTTTCCGTCATC-400.2.1",NA,NA,NA,NA,NA,NA,NA,NA,15.7802839630478,20.5043162594586,16.63144530271,19.5139645402054,16.8459438782443
"AGAGCTTTCTTGACGA-400.2.1",14.1909864333797,14.0534753428662,14.3382759237692,14.2063053998056,14.1070268387407,14.1715089016264,14.1401701507554,14.2019760188084,14.6477231701634,22.2212247865659,15.3609126968403,24.4440866584585,15.6876198266449
"AGAGTGGCAGGCAGTA-400.2.1",29.0406216260316,29.7892465940888,29.9530291380706,30.1337365068258,29.8900081870347,29.6906166397772,30.4154227788245,29.5060024365701,NA,NA,NA,NA,NA
"AGATCTGGTATAGGTA-400.2.1",NA,NA,NA,NA,NA,NA,NA,NA,24.0273768244387,15.2223583519244,17.1963034606132,13.0654313964554,15.2501415521827
"AGATTGCCAAGCGATG-400.2.1",NA,NA,NA,NA,NA,NA,NA,NA,31.2342944433056,NA,NA,NA,NA
"AGCGGTCTCAAGATCC-400.2.1",23.4012389190648,NA,NA,NA,NA,NA,NA,NA,NA,NA,NA,NA,NA
"AGCGTATTCGGATGGA-400.2.1",16.6446284775038,16.6708194452191,16.6594631523559,16.5366108655833,16.5927327262414,16.6801445572363,16.6376075475323,16.6354295234778,NA,24.7842711297771,NA,28.0345491214012,14.8824521005312
"AGCGTATTCTCCCTGA-400.2.1",NA,NA,NA,34.9358775082147,NA,NA,NA,NA,NA,NA,NA,NA,NA
"AGCTCCTGTAACGTTC-400.2.1",24.7375779458546,25.0177584288055,25.1900877286016,24.9785053139317,25.0602286623038,25.1011559521104,25.1954058519674,24.9786726586412,NA,34.8924034448728,NA,NA,NA
"AGCTCTCAGATCCCAT-400.2.1",NA,NA,NA,NA,NA,NA,NA,NA,NA,22.467400081112,NA,26.6471559331052,NA
"AGCTCTCGTATCACCA-400.2.1",27.9053823454471,28.3815239327567,28.4611360040261,28.355977285651,28.4876013765238,28.0565701235906,28.163393697811,27.9127096034857,NA,NA,NA,NA,NA
"AGCTTGACAGTCCTTC-400.2.1",30.5778771369066,31.4986383756909,32.1090766151124,31.7846079718485,31.802218272439,31.3051261932031,32.0626902643433,31.578162623751,NA,NA,NA,NA,NA
"AGCTTGACATCCTAGA-400.2.1",NA,NA,NA,NA,NA,NA,NA,NA,NA,NA,NA,NA,26.2813002945334
"AGCTTGAGTACTCTCC-400.2.1",NA,20.2455803083445,NA,NA,NA,NA,NA,NA,NA,NA,NA,NA,NA
"AGCTTGATCGCGGATC-400.2.1",NA,21.6310875298039,NA,NA,NA,NA,NA,NA,NA,NA,NA,NA,NA
"AGGCCACCACACATGT-400.2.1",28.0815850541432,28.8531970034969,28.9378225387765,29.1121852950916,29.0065648806283,28.4671168387702,29.1903189448488,28.531184092708,NA,NA,NA,NA,NA
"AGGCCGTGTAATTGGA-400.2.1",28.2686585732438,28.8435517123718,28.9123403620071,28.4460875269137,28.5185451148394,29.1579569477344,28.8927906772386,28.6675751661877,NA,NA,NA,NA,NA
"AGGCCGTGTTTGTGTG-400.2.1",NA,NA,18.6933245747585,NA,NA,NA,NA,NA,NA,NA,NA,NA,NA
"AGGGAGTAGAATTGTG-400.2.1",26.6268780758075,NA,NA,NA,NA,NA,NA,NA,NA,NA,NA,NA,NA
"AGGGTGATCGCCGTGA-400.2.1",NA,NA,NA,NA,NA,NA,NA,NA,NA,NA,NA,28.9471260812723,NA
"AGGTCATAGACGCAAC-400.2.1",NA,20.2204156516465,NA,NA,NA,NA,NA,NA,NA,NA,NA,NA,NA
"AGGTCCGCATCGGTTA-400.2.1",NA,NA,NA,NA,NA,NA,NA,NA,20.1531446569268,NA,19.6893558721607,NA,NA
"AGTAGTCAGAGTAAGG-400.2.1",NA,17.4026841329545,NA,NA,NA,NA,NA,NA,NA,NA,34.7763007032891,NA,NA
"AGTAGTCCACTTAAGC-400.2.1",26.7125909441602,27.6098172132583,27.4300666624398,27.239651844119,27.4320075076186,27.2318579739059,27.5365645803117,27.3736215269929,NA,NA,NA,NA,NA
"AGTCTTTGTGAGTGAC-400.2.1",NA,NA,NA,18.6968356762119,NA,NA,NA,NA,NA,NA,NA,NA,NA
"AGTGAGGAGGTGTGGT-400.2.1",NA,32.7677169360001,NA,NA,NA,NA,NA,NA,NA,NA,NA,NA,NA
"AGTGGGACAGCTGTTA-400.2.1",NA,NA,NA,NA,29.006081276376,NA,NA,NA,NA,NA,NA,NA,NA
"AGTGGGAGTTGTTTGG-400.2.1",NA,NA,NA,NA,NA,NA,NA,NA,34.6157571659733,NA,NA,NA,NA
"AGTGGGATCATCTGTT-400.2.1",23.9380208037616,NA,NA,NA,NA,NA,NA,NA,NA,NA,NA,NA,NA
"AGTGTCAAGCGATTCT-400.2.1",13.7898447536631,13.5821567256583,13.7498778410721,13.7860800496095,13.7316359089142,13.7341389182591,13.6686438321919,13.8057869740659,15.4799564942518,20.9139958748015,16.2170470540897,19.4584447489623,16.567910919235
"AGTGTCAAGGCGATAC-400.2.1",NA,NA,NA,NA,NA,NA,50.9509964210572,NA,NA,NA,NA,NA,NA
"AGTGTCAGTCTTGCGG-400.2.1",9.45751580379599,9.47390079925998,9.52785049513428,9.54726596170146,9.52846450112371,9.56999589722184,9.43745896218535,9.45900490858375,17.1241747434329,16.7901081355978,18.4537376627206,17.1016185977752,16.567910919235
"ATCATCTAGCCAACAG-400.2.1",NA,NA,23.9354498661341,NA,NA,NA,NA,NA,NA,NA,NA,NA,NA
"ATCATCTGTCGTCTTC-400.2.1",NA,NA,NA,NA,NA,NA,NA,NA,NA,NA,NA,NA,27.3418652393018
"ATCCACCAGTAGATGT-400.2.1",NA,NA,19.1398149068036,NA,NA,NA,NA,NA,NA,NA,NA,NA,NA
"ATCCACCAGTGGTAGC-400.2.1",NA,NA,NA,NA,NA,NA,NA,NA,NA,22.7652068940122,NA,NA,NA
"ATCGAGTTCTCCCTGA-400.2.1",23.03100281289,23.0041002895567,23.1279254638456,22.926619170937,22.9870523402818,23.2089913006942,23.0774888365019,23.0324501312483,NA,NA,NA,NA,NA
"ATCTACTTCGTCCAGG-400.2.1",NA,NA,NA,NA,NA,NA,NA,NA,15.7382347434367,20.5423633782931,16.6353412358298,19.87913568115,17.0950267834943
"ATGGGAGAGAGATGAG-400.2.1",28.7788526442447,29.0038358577004,29.475541320559,29.1994652258736,29.1759174657818,29.2195371672298,29.3359782938484,29.0584001310781,NA,NA,NA,NA,NA
"ATGGGAGAGGCTATCT-400.2.1",NA,25.18817786801,NA,NA,NA,NA,NA,NA,NA,NA,NA,NA,NA
"ATGGGAGAGGGTCTCC-400.2.1",12.9455934941221,12.7280361492567,12.9283852703469,12.9935733550583,12.7772706969179,12.8145007677167,12.7952689345087,12.8605074309456,13.2465385961337,12.4183085662823,13.2967967240689,15.6761140897313,12.9485461031818
"ATGTGTGGTAAACCTC-400.2.1",NA,NA,NA,26.3182139109889,NA,NA,NA,NA,NA,NA,NA,NA,NA
"ATGTGTGTCTCAAACG-400.2.1",NA,NA,NA,NA,NA,NA,NA,NA,16.0043331608909,21.0203506078787,17.0517416593681,20.2998578698022,17.6282880586408
"ATGTGTGTCTCTTATG-400.2.1",NA,NA,NA,NA,50.1784368571243,NA,NA,NA,NA,NA,NA,NA,NA
"ATTCTACCAAGAAGAG-400.2.1",NA,NA,NA,NA,28.5396139065004,NA,NA,NA,NA,NA,NA,NA,39.9241227112141
"ATTCTACTCGTTGCCT-400.2.1",8.04746011955454,8.06696272377487,8.05093413116841,8.04034173581254,8.05076402005971,8.05861915729628,8.05714843270307,8.05489868469302,7.9504087465041,7.94659963407712,7.98297913153555,8.16224369456453,7.92158032494614
"ATTGGACCAGGAACGT-400.2.1",19.1591067129584,18.546311935325,18.9377196407324,19.0028369690315,18.5850853312005,18.7429217966225,18.6552431401385,18.732810571538,NA,NA,NA,NA,NA
"ATTTCTGTCTCGATGA-400.2.1",36.9918379115699,NA,NA,NA,NA,NA,NA,NA,NA,NA,NA,NA,NA
"CAACCAAAGGCATTGG-400.2.1",21.5126530765025,21.4463604124452,21.6977610201495,21.534396595965,21.4550268750935,21.567526567322,21.5942826367986,21.4864977248601,NA,NA,NA,31.0324038997183,NA
"CAACCAATCGTGGGAA-400.2.1",NA,NA,NA,NA,NA,NA,NA,NA,NA,25.4758050806584,NA,NA,18.5215532024416
"CAACCTCGTGATAAAC-400.2.1",NA,NA,NA,NA,NA,33.3270664452334,NA,NA,NA,NA,NA,NA,NA
"CAACTAGGTCGTGGCT-400.2.1",NA,NA,NA,NA,NA,NA,NA,NA,NA,25.5873141309887,NA,22.1931005651933,20.6622072614761
"CAAGAAAAGTGTTAGA-400.2.1",NA,NA,NA,NA,NA,NA,NA,NA,29.4395090087874,NA,NA,NA,NA
"CAAGAAAGTTACCAGT-400.2.1",29.0406216260316,29.8831440153819,29.9681029095955,30.0975211119956,30.1336161131161,29.7187650857767,30.8077701027655,29.7311228909503,NA,NA,NA,NA,NA
"CAAGAAAGTTAGGGTG-400.2.1",NA,NA,NA,NA,NA,NA,NA,NA,16.6739463332296,19.3080075477078,18.0963318245149,21.683472547578,17.6211965188319
"CAAGTTGCAGGCTGAA-400.2.1",NA,NA,NA,NA,NA,NA,NA,41.0072357162838,NA,NA,NA,NA,NA
"CAAGTTGGTTGTTTGG-400.2.1",NA,NA,NA,NA,NA,NA,NA,NA,NA,31.1735243566114,NA,NA,NA
"CACAAACAGTAGCCGA-400.2.1",10.2859989092655,10.3729923867908,10.3592235701454,10.4088050077799,10.2876904131179,10.4036689449938,10.2825811067129,10.3459932840756,21.7625682444165,14.9933998818849,19.2201331923434,12.8793926665496,14.3640663263632
"CACAAACTCGATAGAA-400.2.1",12.4432756283813,12.508232461812,12.4672390459164,12.4160663212442,12.7126605791292,12.5599978105924,12.6145738015466,12.5062015988511,10.7149007284245,10.8950308747618,10.8364885153751,10.9490294164607,10.7075223004732
"CACACAAGTCCGAGTC-400.2.1",NA,NA,NA,NA,NA,38.1462332989263,NA,NA,NA,NA,NA,NA,NA
"CACAGGCAGGCAGGTT-400.2.1",13.8568322167861,NA,NA,NA,NA,NA,NA,NA,NA,NA,NA,NA,NA
"CACAGGCTCCCTCAGT-400.2.1",9.45185851391558,9.42751618474139,9.33806604626509,9.3526528940674,9.35546690257727,9.35876000423968,9.40341538820163,9.37762911849148,9.64154572409109,9.30547703594704,9.3176622190514,9.03090356881731,9.3897458004268
"CACATAGTCACTTATC-400.2.1",28.2686585732438,28.9831596122434,29.1290228454733,29.2742737815201,29.4318568647664,28.8763452576742,29.8349944185004,28.8192227236495,NA,NA,NA,NA,NA
"CACATAGTCATTGCCC-400.2.1",NA,NA,NA,NA,NA,42.6520621750375,NA,NA,NA,NA,NA,NA,NA
"CACATTTAGTTTAGGA-400.2.1",NA,NA,NA,NA,NA,NA,NA,NA,16.2277483033351,21.2677330996235,17.3394519640381,20.9255077461005,18.6437408789413
"CACATTTCAGCCTATA-400.2.1",11.0175419972185,10.9349094541602,10.9686062073754,10.9333793536389,10.9893840484304,10.9658650032593,10.9615945791619,10.9756022961921,14.2625408957367,15.8896203181193,14.9560702239956,10.4633108666238,24.1826341839631
"CACATTTGTCAGAGGT-400.2.1",28.4985296957175,29.4297319894096,29.475541320559,29.2503116886641,29.1759174657818,29.278646118968,29.5374125231101,29.2642443559667,NA,NA,NA,NA,NA
"CACCACTAGTACCGGA-400.2.1",NA,NA,NA,NA,NA,55.468941464247,NA,NA,NA,NA,NA,NA,NA
"CACCAGGCACGGTAGA-400.2.1",NA,NA,40.2575248687557,NA,NA,NA,NA,NA,NA,NA,NA,NA,NA
"CACTCCACACCTCGGA-400.2.1",30.7187000064588,30.2189609620425,31.1669333153557,31.8676076888055,30.9367025773656,31.0144057627238,33.5013238454523,31.0445122506947,NA,NA,NA,NA,NA
"CAGAGAGAGCCAGAAC-400.2.1",9.57930305286784,9.54117022736688,9.63089315254483,9.65149131939884,9.60429999820093,9.61926208977014,9.57335348041856,9.58537876242222,13.3125864410084,9.51612135787939,9.62663151855477,15.7004838541965,9.70725294597668
"CAGAGAGCACATGTGT-400.2.1",NA,NA,NA,23.1519355470913,NA,NA,NA,NA,NA,NA,NA,NA,NA
"CAGAGAGTCCAAGCCG-400.2.1",NA,NA,35.8350065472722,NA,NA,NA,NA,NA,NA,NA,NA,NA,NA
"CAGATCAAGAGCTTCT-400.2.1",NA,NA,NA,NA,NA,28.8385989549214,NA,NA,NA,NA,NA,NA,NA
"CAGCAGCCATCACGAT-400.2.1",NA,NA,22.454923514643,NA,NA,NA,NA,NA,NA,NA,NA,NA,NA
"CAGCAGCGTGTCAATC-400.2.1",14.9122352635715,14.3320326978122,14.4955941264808,14.5056410733092,14.4298331569888,14.510620577389,14.4248936119621,14.486273302562,NA,12.2808315763938,NA,15.34614981139,28.9600621731604
"CAGCAGCGTTTGTTTC-400.2.1",NA,NA,NA,NA,39.6493135080352,NA,NA,NA,NA,NA,NA,NA,NA
"CAGCATACACCAGGTC-400.2.1",8.34640400563699,8.38138189963314,8.46069699304802,8.44826882429977,8.30370297118336,8.4477315411174,8.39839398770875,8.38589532361281,8.27034079141638,8.16114518339356,8.25607341278596,8.36257779179338,8.17326160247221
"CAGCATAGTGCCTGGT-400.2.1",9.93946643766471,9.92262594039854,9.93987034964796,9.98201036068617,9.92391852751406,9.97170679479311,9.93905842799514,9.9482167989901,10.0658813990414,10.9884556402753,10.3770432609436,11.093668483836,10.569659842055
"CAGCCGAGTAGGGTAC-400.2.1",10.9130939209149,10.8250394052135,10.9495523210661,10.9131798289024,10.8123602095118,10.8189808850526,10.8360460450467,10.9036853455278,16.0043331608909,18.9957682483631,17.4005806028735,19.3074245035855,17.157303833741
"CAGCCGATCTCTAAGG-400.2.1",NA,NA,33.6595874324719,NA,NA,NA,NA,NA,NA,NA,NA,NA,NA
"CAGCGACTCAGCACAT-400.2.1",NA,NA,NA,21.0403316484772,NA,NA,NA,NA,NA,NA,NA,NA,NA
"CAGCGACTCAGTTCGA-400.2.1",NA,NA,NA,NA,NA,33.8291678148169,NA,NA,NA,NA,NA,NA,NA
"CAGCTAAAGTGCGATG-400.2.1",8.29692070295573,8.30064306782564,8.38360648411593,8.38755719460718,8.26519630793304,8.39172064338902,8.31881034662282,8.30657286281076,8.27034079141638,8.16114518339356,8.26028463899191,8.38906815771353,22.5359151070046
"CAGCTGGCACCATGTA-400.2.1",29.4724440602938,29.0559753591696,29.7955665334066,29.0153768118607,28.6835161663436,31.4307532057106,29.4482813749934,29.432546959271,NA,NA,NA,NA,NA
"CAGCTGGGTTACGTCA-400.2.1",10.6262554201513,10.5318022194591,10.5575039279079,10.5714276891742,10.5428444944296,10.6285406981895,10.6663079605684,10.5748502608535,16.0043331608909,18.612108009292,17.7967371346347,18.328987843689,16.8317810199817
"CAGCTGGTCCTCATTA-400.2.1",5.62238310052495,5.60891990538096,5.59872005198829,5.60831121527118,5.59723128539343,5.6909507718605,5.67300596832784,5.65910894226453,5.98435036293688,5.95421600541383,5.98417536828097,6.0054349156521,5.90426754638847
"CAGGTGCCAAACGTGG-400.2.1",29.4477053611029,30.6469512422224,30.7168464965124,30.5201812271223,30.4981192808473,30.498861123626,31.077460298517,30.5173741525196,NA,NA,NA,NA,NA
"CAGGTGCTCGGTCTAA-400.2.1",NA,NA,NA,NA,NA,NA,NA,NA,23.088782901495,14.0677579787562,14.1808717741602,13.43649588453,13.6468330908379
"CAGTAACGTCGAGATG-400.2.1",NA,NA,20.3241240900558,NA,NA,NA,NA,NA,NA,NA,NA,NA,NA
"CAGTCCTTCAAACCGT-400.2.1",8.31751600833401,8.31729181659616,8.3629629548336,8.36810800778302,8.27848072264505,8.37188168513386,8.33942749227055,8.33193028379842,8.32849502377102,8.30815964507148,8.30591964805876,8.46036447503482,8.34049531987391
"CATATGGCATCGGTTA-400.2.1",30.5778771369066,30.6201615598391,31.1497650112326,31.7846079718485,31.5571714402626,30.9006747047333,33.6247785904433,31.2043850069347,NA,NA,NA,NA,NA
"CATATTCCACCGATAT-400.2.1",27.9451416968657,28.9239138279881,29.0620777119876,28.6563743413602,28.7676497875887,28.7286252776803,28.9992031766516,28.6675751661877,NA,NA,NA,NA,NA
"CATATTCCACGGTAAG-400.2.1",33.457491963744,33.9560339069313,34.4108078832049,33.8854070555706,33.5208080597093,35.4758040820803,35.5667492724034,35.6519494473986,NA,NA,NA,NA,NA
"CATCAGAAGGGTATCG-400.2.1",NA,NA,NA,NA,NA,NA,NA,NA,23.3517147050452,NA,NA,NA,NA
"CATCAGACAATTCCTT-400.2.1",NA,NA,NA,NA,NA,NA,NA,39.0086959607044,NA,NA,NA,NA,NA
"CATCCACAGGCCGAAT-400.2.1",NA,NA,22.4425159436375,NA,NA,NA,NA,NA,NA,NA,NA,NA,NA
"CATCGAAAGTTATCGC-400.2.1",NA,39.509995298125,NA,NA,NA,NA,NA,NA,NA,NA,NA,NA,NA
"CATCGGGTCAGTTGAC-400.2.1",NA,NA,NA,NA,NA,31.918541520191,NA,NA,NA,NA,NA,NA,NA
"CATGACAGTGAAAGAG-400.2.1",21.2385246997367,21.1948678536534,21.3664810465616,21.4290695989719,21.2072030445385,21.362199854981,21.2797946264783,21.2701369962241,NA,NA,NA,NA,NA
"CATGCCTAGCGATTCT-400.2.1",NA,35.7585730507699,NA,NA,NA,NA,NA,NA,NA,NA,NA,NA,NA
"CATGCCTCAGCGTCCA-400.2.1",32.4618277383689,32.9232790044637,33.6730319761255,32.7626302848998,33.0522541021898,33.7561590379403,34.6449759801418,34.1337757026762,NA,NA,NA,NA,NA
"CATGCCTGTCGAGTTT-400.2.1",NA,NA,NA,NA,NA,NA,NA,57.8503027815562,NA,NA,NA,NA,NA
"CATTATCCAAATTGCC-400.2.1",NA,NA,NA,NA,NA,NA,NA,37.734547919327,NA,NA,NA,NA,NA
"CATTATCCATAGACTC-400.2.1",NA,NA,NA,NA,NA,36.6833217662889,NA,NA,NA,NA,NA,NA,NA
"CATTATCGTTTCCACC-400.2.1",42.5283747147043,NA,NA,NA,NA,NA,NA,NA,NA,NA,NA,NA,NA
"CATTCGCAGGCATGTG-400.2.1",NA,NA,NA,NA,NA,35.8468978175146,NA,NA,NA,NA,NA,NA,NA
"CATTCGCAGGTGCTAG-400.2.1",NA,37.3996012246414,NA,NA,NA,NA,NA,NA,NA,NA,NA,NA,NA
"CATTCGCCAAAGTGCG-400.2.1",NA,NA,NA,NA,NA,NA,NA,NA,26.0090509076028,NA,NA,NA,NA
"CATTCGCCAAGCCTAT-400.2.1",14.5933017306455,14.1325834991384,14.3157872767642,14.2677436156737,14.111509804248,14.2659664334865,14.1798257575942,14.226661774978,NA,12.0142537982721,NA,14.839094887162,12.2592949951709
"CATTCGCCAGAGTGTG-400.2.1",NA,NA,NA,NA,NA,NA,NA,NA,NA,NA,30.7541629882181,NA,NA
"CCACCTACAATCCGAT-400.2.1",34.0362364722473,NA,NA,NA,NA,NA,NA,NA,NA,NA,NA,NA,NA
"CCACGGAGTGTGCGTC-400.2.1",27.4930140927816,28.066127020043,28.248898382531,28.4004112185253,28.2819632959425,28.0565701235906,28.434159383742,27.8699290551963,NA,NA,NA,NA,NA
"CCACTACCACAGCGTC-400.2.1",7.1448836989891,7.25237345317441,7.22835477049584,7.22658728234915,7.17296045118956,7.2282733450839,7.21021862767529,7.15567842776924,7.14131427243726,7.13346896078125,7.20938350151686,7.28603451350565,7.07923583913282
"CCACTACTCACATACG-400.2.1",7.91197899011423,7.7737157888624,7.8545720702712,7.84477908205948,7.81560659580595,7.8372689201539,7.77519286102909,7.79255933383606,7.81953571730835,7.8271127686198,7.89131624467131,7.9598522164368,7.7092843577793
"CCAGCGACATTGGCGC-400.2.1",NA,NA,NA,NA,NA,NA,NA,NA,17.3527217867481,16.1225556015648,24.1012342497709,NA,15.7711759401218
"CCAGCGATCGGAATCT-400.2.1",4.02127624473552,4.0328550889144,4.05099165146809,4.04935530446704,4.03769268366643,4.02812316677161,4.01444218208512,4.03400069509738,3.93112596296386,3.91503156170418,3.92353160651334,3.91705789851468,3.91590733770032
"CCAGCGATCTCTTGAT-400.2.1",24.3384457548232,24.4911593840198,24.6438814861706,24.396155989603,24.5877958243081,24.6047146182607,24.6235742007726,24.4220538653257,NA,NA,NA,NA,NA
"CCATGTCCAGGGAGAG-400.2.1",15.3939719349907,NA,NA,NA,NA,NA,NA,NA,NA,NA,NA,NA,NA
"CCATGTCGTCAAACTC-400.2.1",NA,NA,NA,45.8258455096444,NA,NA,NA,NA,NA,NA,NA,NA,NA
"CCATTCGAGCCGATTT-400.2.1",24.7271207233048,24.900991336255,24.9234934937108,24.8228593870404,24.8024416904462,24.7958150011771,24.9151432918379,24.8383460981343,NA,NA,NA,NA,NA
"CCATTCGGTGCTGTAT-400.2.1",8.10328452895724,8.13794590963725,8.05093413116841,8.05786882573934,8.09671316044797,8.05861915729628,8.15014749522541,8.14705596330269,8.12478510683741,8.16114518339356,8.16361241395201,8.07282315596303,8.15999964626163
"CCCAATCTCGTACGGC-400.2.1",25.9578688993151,25.8245545534351,26.0667101847994,25.9286810760017,25.5726498631995,25.9872913778511,25.7595344910094,25.6951110666885,NA,NA,NA,NA,NA
"CCCAGTTAGACTTGAA-400.2.1",NA,NA,NA,NA,NA,NA,NA,NA,NA,29.3902266300569,NA,NA,NA
"CCGGGATTCACTTACT-400.2.1",NA,NA,NA,NA,NA,NA,NA,NA,21.6150581680663,15.3288069938493,18.9844171772881,13.0654313964554,15.2549378425901
"CCGGTAGCACAGACTT-400.2.1",NA,NA,NA,NA,NA,NA,44.2424818303463,NA,NA,NA,NA,NA,NA
"CCGGTAGGTGAGGCTA-400.2.1",6.19378495518905,6.19495748753089,6.19337675702635,6.20051746155184,6.20216958671197,6.19879415148764,6.1955325370727,6.20338654392603,6.3941405555497,6.42316525391318,6.37840560452516,6.33444267938936,6.42475307845491
"CCGTACTAGAGAACAG-400.2.1",NA,NA,NA,NA,NA,NA,NA,NA,16.0043331608909,21.3122119294485,17.1107860549172,24.7731730412206,17.3580716561406
"CCGTACTAGTTCGATC-400.2.1",NA,NA,NA,NA,NA,22.812304744757,NA,NA,NA,NA,NA,NA,NA
"CCGTACTTCTATCCCG-400.2.1",27.8813774341452,29.0461291323142,29.0620777119876,28.7790800197772,29.1098146159071,28.6090562019623,29.1104405044257,28.6675751661877,NA,NA,NA,NA,NA
"CCGTGGAGTATCTGCA-400.2.1",29.4767133126347,30.4011388215938,30.7078269325354,30.9423054759629,30.9345862902393,30.3352829685017,31.5295993095014,30.3387087984737,NA,NA,NA,NA,NA
"CCGTTCAGTTCCGTCT-400.2.1",NA,NA,NA,NA,NA,NA,NA,NA,NA,22.70152465829,NA,27.2638856293551,NA
"CCTACACCATTGCGGC-400.2.1",5.43988368415663,5.4762883185944,5.45064180326646,5.45035351407591,5.443115958861,5.40464108817641,5.42829313114909,5.43629712723257,5.55148624024624,5.56431621800892,5.60764062968302,5.61563807679436,5.53484443673434
"CCTACACGTTCATGGT-400.2.1",NA,NA,NA,NA,NA,NA,NA,NA,NA,30.4293420630149,NA,NA,NA
"CCTACACTCGCACTCT-400.2.1",33.5390002159439,33.7324178230813,34.7592754332159,33.4846105268794,32.9702014352059,34.7827588671667,35.1973410720557,36.0690777977555,NA,NA,NA,NA,NA
"CCTACACTCTTGTCAT-400.2.1",27.7846211345246,28.4881052763422,28.6472108215625,28.71649166406,28.6922226532843,28.0914678454589,28.7498723408057,28.2463121804884,NA,NA,NA,NA,NA
"CCTACCAGTACGAAAT-400.2.1",NA,NA,NA,NA,NA,NA,NA,NA,NA,NA,NA,NA,25.7566378890683
"CCTACCATCTAACTGG-400.2.1",NA,NA,NA,NA,NA,NA,NA,NA,NA,16.0814129172552,NA,NA,25.8003477694414
"CCTATTATCTCTTGAT-400.2.1",6.25390681092971,6.25393806999266,6.25015978569221,6.25244698559859,6.23524889002151,6.23434289391558,6.23804389822192,6.21900148841952,6.33309268081622,6.32042525902991,6.32912684575185,6.35938391778792,6.29733236791419
"CCTCAGTAGCAGCCTC-400.2.1",7.52795586283344,7.60747496311245,7.63902550555617,7.6331177050909,7.51663817677194,7.60775141911903,7.57312273481907,7.53933446883394,7.59369057366661,7.47263137411393,7.60601487439655,7.60570281918308,7.44247645500986
"CCTCAGTAGTGCGTGA-400.2.1",NA,NA,NA,NA,NA,NA,NA,NA,15.7802839630478,21.168009829255,16.6615567103385,19.9246158859551,17.3580716561406
"CCTCAGTTCAGGCAAG-400.2.1",8.08829127413603,8.08176758569166,8.10812140164806,8.11359152281204,8.0864131514941,8.11915527080163,8.08991051422544,8.09298555752941,8.29592031590712,8.54283630482557,8.51057914083395,9.10757532283179,8.61323436021989
"CCTTCCCGTGGCCCTA-400.2.1",NA,NA,16.816118087718,NA,NA,NA,NA,NA,NA,NA,NA,NA,NA
"CCTTCGACATAGGATA-400.2.1",7.08063892013571,7.04796570300863,7.05854459749273,7.06292538694473,7.01268517655151,7.04363342754009,7.03361527320369,7.01021695247965,7.14131427243726,7.08080165488997,7.14627930993919,7.14815173215926,7.00915570621794
"CCTTCGAGTATGCTTG-400.2.1",27.6769558427374,28.4881052763422,28.4947192852167,28.7645747437657,28.7303016197411,28.0565701235906,28.6817586878514,28.2463121804884,NA,NA,NA,NA,NA
"CGAACATGTAGCGTGA-400.2.1",NA,NA,17.295277348834,NA,NA,NA,NA,NA,NA,NA,NA,NA,NA
"CGAACATTCTCAAGTG-400.2.1",31.5044800589196,31.9096840600385,32.6177003950758,32.2051659243759,32.3113714036577,32.4738616645933,33.3223050020795,33.0902323859539,NA,NA,NA,NA,NA
"CGACTTCAGTAGATGT-400.2.1",NA,NA,NA,NA,50.003697075437,NA,NA,NA,NA,NA,NA,NA,NA
"CGACTTCAGTCGCCGT-400.2.1",NA,NA,NA,NA,NA,NA,NA,NA,21.2557586398011,NA,NA,NA,NA
"CGAGAAGTCCGCAAGC-400.2.1",12.9913734176247,12.774618042525,13.05328564112,13.0924403384155,12.8264518205076,12.8992611392673,12.8524807902639,12.9337651679343,13.0632943975051,11.9785590059145,13.1328778371294,15.7522552883165,12.7068960724216
"CGAGCACGTACAGTTC-400.2.1",NA,NA,NA,NA,NA,NA,NA,NA,26.5791283169765,NA,NA,NA,NA
"CGAGCACTCCTAGAAC-400.2.1",NA,NA,NA,NA,31.4492165607235,NA,NA,NA,NA,NA,NA,NA,NA
"CGAGCCAAGGTCATCT-400.2.1",9.17777819799311,9.11438055591619,9.25462013514028,9.26658054353903,9.17002298069377,9.22804685758473,9.18569349158346,9.1968183698403,9.1349794751962,14.6189852826563,9.24578175011784,9.48155617630776,9.31854270506619
"CGATCGGGTGCTTCTC-400.2.1",NA,NA,NA,NA,NA,NA,NA,NA,NA,NA,NA,NA,29.6097110179487
"CGATGGCAGATCCGAG-400.2.1",7.52795586283344,7.50460964519339,7.5399141777311,7.54819548695666,7.38644507654085,7.5049367690052,7.46058444218263,7.419254950375,7.59369057366661,7.49598455094745,7.61209006369933,7.74650281703188,7.44247645500986
"CGATGGCAGGTGATTA-400.2.1",23.5001101082017,23.4211385397989,23.5601148333349,23.3883376330754,23.3098078234002,23.4840322493837,23.4718799831955,23.4283868477848,NA,NA,NA,NA,NA
"CGATGTACAAGTTAAG-400.2.1",NA,NA,NA,NA,37.7922546793574,NA,NA,NA,NA,NA,NA,NA,NA
"CGATGTAGTATGAAAC-400.2.1",11.9061224147735,11.8110916555893,11.9173739041508,11.9879588048638,11.8702373943621,11.9473056396925,11.9376966607387,11.8684079750037,13.2465385961337,12.2382205449965,13.2771539098032,15.7163842493434,12.9650179256033
"CGATGTATCAAGGCTT-400.2.1",NA,NA,NA,NA,NA,NA,NA,NA,16.8979878506568,18.612108009292,18.4513551405957,20.2998578698022,18.6965110765359
"CGATGTATCTTTCCTC-400.2.1",13.3899634971824,13.1164439776915,13.1427989444266,13.1910508012122,13.0170479853769,13.169346063455,13.1289380311264,13.1045740213482,12.3060948017477,12.26055041711,12.3773508506248,13.4747306849005,12.2592949951709
"CGCGTTTGTCACACGC-400.2.1",28.2686585732438,29.3576095186253,29.377766643546,29.1387780701012,29.2187278485494,29.1750025587066,29.5374125231101,29.087503240661,NA,NA,NA,NA,NA
"CGCGTTTTCACCTCGT-400.2.1",14.089659452698,13.8787659789348,14.0803659555407,14.1859759508866,13.8344831805688,13.9787757824045,13.9545623364973,13.9475312160527,13.2488094990975,12.2382205449965,13.5027731961063,15.9496135307691,13.0692818174158
"CGGACACCAATAGAGT-400.2.1",NA,NA,NA,NA,NA,36.0148817746604,NA,NA,NA,NA,NA,NA,NA
"CGGACGTAGGTGATTA-400.2.1",NA,NA,NA,NA,NA,NA,NA,NA,21.636075712594,15.8999417219031,18.9844171772881,13.43649588453,15.8011659260734
"CGGACTGAGACGCTTT-400.2.1",29.8097964157112,30.8018110748486,31.2092124419723,30.8750685521718,30.5972476968327,30.498861123626,30.8940089071747,30.5199365075242,NA,NA,NA,NA,NA
"CGGACTGTCTGGTGTA-400.2.1",33.6530873691202,33.5431504548085,35.5724125155722,34.3747632731153,34.1348214673026,34.9445409719043,35.3559591059294,34.9995302217286,NA,NA,NA,NA,NA
"CGGAGTCAGTCAAGGC-400.2.1",NA,NA,NA,NA,NA,NA,NA,NA,NA,NA,30.5988879531871,NA,NA
"CGGAGTCCACACATGT-400.2.1",10.1987198677757,10.0834742547597,10.1290664954724,10.0882858073858,10.0832073984752,10.1025303214841,10.2013115737955,10.1749968028346,16.0043331608909,18.0121992690593,17.3394519640381,19.1601804386704,18.6956010880604
"CGGCTAGCAGCTGTTA-400.2.1",NA,NA,NA,33.5381241727601,NA,NA,NA,NA,NA,NA,NA,NA,NA
"CGGGTCACATCGATTG-400.2.1",NA,43.453494017693,NA,NA,NA,NA,NA,NA,NA,NA,NA,NA,NA
"CGTAGCGTCATTATCC-400.2.1",NA,NA,39.1243856531186,NA,NA,NA,NA,NA,NA,NA,NA,NA,NA
"CGTCACTAGTGACTCT-400.2.1",32.1155382921936,33.1893146976639,33.9840711351367,33.4248152142519,33.3251220464499,33.6508930007054,34.1263889253474,33.7448407523598,NA,NA,NA,NA,NA
"CGTCTACCACGAAGCA-400.2.1",29.4254568413563,31.0734946514216,31.1160531917394,30.9423054759629,31.0324403359237,30.498861123626,31.2277009282888,30.753072949121,NA,NA,NA,NA,NA
"CGTGTAACAAGCGTAG-400.2.1",19.7658611277908,NA,NA,NA,NA,NA,NA,NA,NA,NA,NA,NA,NA
"CGTTCTGAGACTAAGT-400.2.1",NA,NA,NA,21.7796974754951,NA,NA,NA,NA,NA,NA,NA,NA,NA
"CGTTCTGCACCAGATT-400.2.1",15.4009257691089,NA,15.4508290976915,NA,NA,NA,NA,NA,NA,NA,NA,14.9641673877164,NA
"CTAACTTAGGATCGCA-400.2.1",31.2271977571559,31.9225646788481,32.7374473214243,32.1358156958084,32.3430137877067,32.9001935990384,32.6008479982912,31.9062198414157,NA,NA,NA,NA,NA
"CTAAGACGTAGGCTGA-400.2.1",NA,24.4772375874829,NA,NA,NA,NA,NA,NA,NA,NA,NA,NA,NA
"CTAATGGCATTTGCTT-400.2.1",9.45751580379599,9.47390079925998,9.44798265352295,9.47327875847484,9.49569549235129,9.51935483728522,9.40341538820163,9.38157302933578,19.9217411725003,15.4498491802771,19.4551220825029,12.568379680775,15.835438726864
"CTACACCAGCTGCGAA-400.2.1",NA,NA,NA,17.429959165178,NA,NA,NA,NA,NA,NA,NA,NA,NA
"CTACATTTCAGAGACG-400.2.1",13.8381202994574,13.4751705193254,13.5827209099803,13.6257137243017,13.3847905787515,13.5768591792618,13.5597302585968,13.5390992000084,14.1334501377033,13.2610628345987,14.4073058349985,16.5884102031721,14.3666904007347
"CTACCCAAGCCACTAT-400.2.1",25.1642753966049,25.5133049030113,25.7031892292149,25.7119903106595,25.7561584248983,25.5708703625162,25.6361098600462,25.492583154043,NA,NA,NA,NA,NA
"CTACCCAAGCCCAGCT-400.2.1",NA,NA,NA,NA,NA,NA,NA,NA,21.1148303764721,17.009938816826,19.1816588314475,NA,NA
"CTACCCACAGGTCGTC-400.2.1",18.8942911209745,18.2079179279548,18.3573871008848,18.397481634813,18.2148898577845,18.298470484831,18.2197210612055,18.273266287207,NA,NA,NA,NA,NA
"CTACCCATCTTCTGGC-400.2.1",26.5995803015916,NA,NA,NA,NA,NA,NA,NA,NA,NA,NA,NA,NA
"CTACGTCGTACGCACC-400.2.1",20.3450934979413,20.4325648542808,20.3082872080621,20.2991067583013,20.4471671387749,20.6001860299466,20.4241600175161,20.4102750902778,NA,NA,NA,NA,NA
"CTACGTCGTAGGACAC-400.2.1",NA,NA,NA,17.3359832463637,NA,NA,NA,NA,NA,NA,NA,NA,NA
"CTACGTCGTATGAAAC-400.2.1",10.2358697899666,10.2288238308652,10.1351717580888,10.1588274572092,10.1107525812888,10.2147140671404,10.2443677442756,10.1749968028346,21.7625682444165,12.8891787529885,10.9493473656777,11.8108719587303,11.3628418846313
"CTAGAGTAGAGGTAGA-400.2.1",24.282060648227,24.3459842243697,24.5020761600316,24.4951936888087,24.4233437362618,24.4380256164133,24.4736166496319,24.40928420812,NA,NA,NA,NA,NA
"CTAGCCTTCTGCAAGT-400.2.1",15.1358861939512,NA,NA,NA,NA,NA,NA,NA,NA,NA,NA,NA,NA
"CTCAGAAAGACATAAC-400.2.1",29.0118189657135,28.6782075269684,28.8060798502875,28.4004112185253,28.1882475382754,29.0215347071211,28.4380822700571,28.5239678608118,NA,NA,NA,NA,NA
"CTCAGAAGTTACGGAG-400.2.1",NA,NA,NA,NA,NA,44.2423189703304,NA,NA,NA,NA,NA,NA,NA
"CTCCTAGTCGGCTTGG-400.2.1",NA,NA,22.3408488234638,NA,NA,NA,NA,NA,NA,NA,NA,NA,NA
"CTCCTAGTCTTGTTTG-400.2.1",NA,NA,NA,NA,NA,30.0004272377551,NA,NA,NA,NA,NA,NA,NA
"CTCGAAACAAGGTGTG-400.2.1",NA,NA,19.5465061996405,NA,NA,NA,NA,NA,NA,NA,NA,NA,NA
"CTCGAAACAGCCAGAA-400.2.1",NA,NA,24.6576471483836,NA,NA,NA,NA,NA,NA,NA,NA,NA,NA
"CTCGAAAGTTCGCGAC-400.2.1",NA,NA,42.3908785618192,NA,NA,NA,NA,NA,NA,NA,NA,NA,NA
"CTCGAGGCATTCGACA-400.2.1",20.86216986377,20.819648237351,20.916414317864,20.8416493622247,20.7644807267062,20.8779115451347,20.8829322247206,20.8458266929953,NA,NA,NA,NA,NA
"CTCGGAGAGTTCGCAT-400.2.1",NA,NA,NA,NA,NA,NA,NA,NA,14.0822422002921,NA,NA,NA,14.5165801240692
"CTCGGAGGTCCGAATT-400.2.1",16.6688359655934,NA,NA,NA,NA,NA,NA,NA,NA,NA,NA,NA,NA
"CTCGGAGTCAACCAAC-400.2.1",32.8437720711241,32.7677169360001,33.2193615418511,33.1512072960916,32.5913102865687,33.6881449946872,34.5357751357205,34.406911535751,NA,NA,NA,NA,NA
"CTCGTACAGCGACGTA-400.2.1",22.5990378765528,22.6065547936413,22.798861793497,22.6029919143445,22.5671979434051,22.7746009655809,22.7391405743686,22.6908398718208,NA,NA,NA,NA,NA
"CTCGTCAGTATAGGTA-400.2.1",NA,NA,NA,NA,NA,NA,NA,NA,24.5272739090388,14.5432769292371,NA,NA,NA
"CTCGTCATCATGTCCC-400.2.1",30.1189271504828,NA,NA,NA,NA,NA,NA,NA,NA,NA,NA,NA,NA
"CTCTACGCATGTAAGA-400.2.1",NA,NA,NA,17.4341797942605,NA,NA,NA,NA,NA,NA,NA,NA,NA
"CTCTGGTCACCGTTGG-400.2.1",8.26845571772411,8.13794590963725,8.17890491208992,8.18602810665413,8.25209576556141,8.18800449473415,8.15014749522541,8.187674179287,8.14536967010866,8.13430357588564,8.11792847647684,8.26680110416895,7.9765434104099
"CTCTGGTGTTCAGGCC-400.2.1",NA,NA,NA,16.9747881731418,NA,NA,NA,NA,NA,NA,NA,NA,NA
"CTCTGGTGTTCGCTAA-400.2.1",23.8186105206324,NA,NA,NA,NA,NA,NA,NA,NA,NA,NA,NA,NA
"CTGAAACTCACCCTCA-400.2.1",NA,NA,NA,24.0774004128765,NA,NA,NA,NA,NA,NA,NA,NA,NA
"CTGATAGTCTGTGCAA-400.2.1",32.1768340325711,31.9225646788481,33.5425388274238,33.0951156865319,32.6945502196822,33.2914059012173,34.3944339827739,33.5522284088217,NA,NA,NA,NA,NA
"CTGATCCCAAGGTTTC-400.2.1",NA,NA,NA,NA,NA,NA,NA,NA,NA,NA,NA,NA,33.9723638568392
"CTGCCTAGTAGAAAGG-400.2.1",NA,NA,NA,NA,NA,NA,NA,NA,15.1371413314049,24.7326728987516,16.3309574326966,20.3441975360815,17.8128662182789
"CTGCCTAGTATCTGCA-400.2.1",5.67965547372753,5.68597983315919,5.6801559155146,5.68241598412113,5.67181119406987,5.71979303069312,5.67300596832784,5.7051679521658,5.75895170898429,5.79069743082001,5.78242103226842,5.72784206262675,5.74287520220258
"CTGCGGATCGTGGTCG-400.2.1",10.6698982763494,10.7580283922573,10.6951145558395,10.7611254184101,10.5996533455094,10.7968441811069,10.6663079605684,10.699881679109,20.6766791013953,14.9933998818849,19.1122241875943,12.9426207400235,14.4399611155386
"CTGCTGTAGCTAGTGG-400.2.1",30.9619948195515,31.4986383756909,32.4885902131793,31.9895402258996,32.2336545442975,31.7006689105746,32.321619800832,31.8014716912469,NA,NA,NA,NA,NA
"CTGCTGTCATGGTCAT-400.2.1",NA,NA,NA,NA,NA,NA,NA,NA,28.6632822096873,NA,NA,NA,NA
"CTGCTGTGTCACAAGG-400.2.1",32.8453936645431,32.3455248800165,33.5052049960427,34.7242891628504,34.7283711474165,33.2649361296154,38.5913777330481,33.8358916740488,NA,NA,NA,NA,NA
"CTGGTCTAGCCACTAT-400.2.1",10.4572095508641,10.3729923867908,10.504763313755,10.5002998813486,10.4312628960532,10.4134495635996,10.4421228736322,10.4687810881492,12.5771373038848,10.4604833942707,10.9148959174475,15.3576249007644,11.0561481504512
"CTGGTCTAGCTAGCCC-400.2.1",NA,NA,41.2072869896609,NA,NA,NA,NA,NA,NA,NA,NA,NA,NA
"CTGGTCTCATGCCCGA-400.2.1",22.073012801339,NA,NA,NA,NA,NA,NA,NA,NA,NA,NA,NA,NA
"CTGGTCTCATTGCGGC-400.2.1",NA,NA,NA,35.9640426564579,NA,NA,NA,NA,NA,NA,NA,NA,NA
"CTGTGCTTCTCCAACC-400.2.1",30.5778771369066,31.2584534572101,31.9288876444126,31.3637173741172,31.5106977509209,31.3012160969182,31.6459722261401,31.1856834668924,NA,NA,NA,NA,NA
"CTGTTTAGTCCGTCAG-400.2.1",NA,NA,NA,NA,NA,NA,NA,NA,NA,25.1954814465456,NA,NA,NA
"CTGTTTATCCCATTTA-400.2.1",NA,NA,NA,NA,23.3657980895341,NA,NA,NA,NA,NA,NA,NA,39.4374328986887
"CTTACCGAGCCAGGAT-400.2.1",9.45751580379599,9.47390079925998,9.39596621061698,9.42698298140097,9.45880261958661,9.46851715354856,9.40341538820163,9.37762911849148,15.8730548155529,16.1225556015648,17.957881573845,9.47974673422327,16.2275054622711
"CTTACCGCAGACGCTC-400.2.1",20.7225309056318,20.7209247827218,20.9524186472528,20.6723094514338,20.6495569671535,20.81223539643,20.8093107609917,20.7855153214219,NA,NA,NA,31.0324038997183,NA
"CTTCTCTCAGAGCCAA-400.2.1",NA,NA,NA,NA,NA,NA,NA,NA,27.4103733449115,NA,NA,NA,NA
"CTTCTCTCATAACCTG-400.2.1",NA,NA,NA,NA,NA,35.0087237586638,NA,NA,NA,NA,NA,NA,NA
"GAAACTCCAGGGCATA-400.2.1",36.1288218847991,NA,NA,NA,NA,NA,NA,NA,NA,NA,NA,NA,NA
"GAAACTCGTGGCTCCA-400.2.1",43.0427083384442,NA,NA,NA,NA,NA,NA,NA,NA,NA,NA,NA,NA
"GAAATGAAGACGCAAC-400.2.1",NA,NA,34.9658046959787,NA,NA,NA,NA,NA,NA,NA,NA,NA,NA
"GAAATGACAATCTGCA-400.2.1",NA,NA,NA,NA,NA,NA,NA,NA,21.7110476160302,15.0532020448115,18.9844171772881,12.8793926665496,14.6736437551656
"GAACATCAGGCCCTCA-400.2.1",NA,NA,NA,NA,NA,37.6386118172014,NA,NA,NA,NA,NA,NA,NA
"GAACATCCAATCACAC-400.2.1",13.3899634971824,NA,NA,NA,NA,NA,NA,NA,NA,NA,NA,NA,NA
"GAACATCGTCCGACGT-400.2.1",13.1996108376831,13.5266977946926,13.4166538030482,13.4129575586997,13.3592394119355,13.4146949824339,13.4634896157148,13.4054870636014,11.8453767762848,12.2382205449965,12.1533877954027,12.3140914767809,12.1192894271077
"GAACGGACACATGACT-400.2.1",24.5772073477153,24.4115396985305,24.627539857778,24.6388537318253,24.2461440558775,24.4261371857104,24.4428387420129,24.40928420812,NA,NA,NA,NA,NA
"GAAGCAGAGTGAACAT-400.2.1",NA,30.35405414745,NA,NA,NA,NA,NA,NA,NA,NA,NA,NA,NA
"GAAGCAGGTGACCAAG-400.2.1",NA,NA,NA,NA,NA,NA,NA,NA,17.6805338562548,16.3439421457373,23.0711472936249,NA,16.3031709442664
"GAATAAGCAACACGCC-400.2.1",NA,NA,NA,NA,NA,NA,NA,NA,21.0738871379095,16.1225556015648,19.2201331923434,NA,16.1861866099394
"GAATGAAAGTGTCCCG-400.2.1",33.2692662668333,33.6104349995797,34.8544547920492,34.7242891628504,34.3753726240809,34.4812653692389,35.7580427027457,34.8506704911154,NA,NA,NA,NA,NA
"GAATGAATCTGCGGCA-400.2.1",NA,NA,NA,NA,NA,NA,NA,NA,NA,31.5074369936511,NA,NA,NA
"GACAGAGCAGATTGCT-400.2.1",10.2073860175069,10.1336578644463,10.1290664954724,10.1013494954115,10.0832073984752,10.138601598212,10.1967584259996,10.1749968028346,16.955781861123,16.5897900348795,21.1894533832522,16.0718797353158,16.567910919235
"GACGCGTCACGCATCG-400.2.1",NA,NA,NA,NA,NA,26.1919182456606,NA,NA,NA,NA,NA,NA,NA
"GACGTGCGTCCGCTGA-400.2.1",NA,NA,NA,NA,21.627453265393,NA,NA,NA,NA,NA,NA,NA,36.8808137046578
"GACTAACCAATGTTGC-400.2.1",6.18728818953813,6.18906171095381,6.18513971559411,6.18906555029744,6.18838602880689,6.18455430738563,6.18405021573055,6.20037450850431,6.28916933459068,6.30469525636066,6.29569166303743,6.30069889147682,6.31088910777854
"GACTAACGTATAGGGC-400.2.1",NA,NA,19.4388874292564,NA,NA,NA,NA,NA,NA,NA,NA,NA,NA
"GACTACACAGATCCAT-400.2.1",NA,37.5019520407812,NA,NA,NA,NA,NA,NA,NA,NA,NA,NA,NA
"GAGGTGACACAACTGT-400.2.1",9.30748831852355,9.3668199300868,9.33628967279668,9.36227803506157,9.36412215570372,9.34448852261273,9.33232051873572,9.33209960104223,9.43676525057236,9.10881896997673,9.09505506572214,8.62253777256583,9.12553378007387
"GAGTCCGTCTGCTGTC-400.2.1",NA,NA,NA,NA,NA,NA,NA,43.0741752293851,NA,NA,NA,NA,NA
"GATCAGTAGGCGATAC-400.2.1",NA,NA,NA,NA,NA,NA,NA,NA,27.609232493878,NA,NA,NA,NA
"GATCAGTTCCAGGGCT-400.2.1",30.9619948195515,31.7948869061665,32.7374473214243,31.7846079718485,31.802218272439,32.0992663578797,32.0626902643433,31.578162623751,NA,NA,NA,NA,NA
"GATCGCGAGTACGCGA-400.2.1",31.0346520773435,31.87909218783,32.3336529346668,32.7252556954624,32.563110150631,32.0937626150712,35.6248139364049,32.3573103353,NA,NA,NA,NA,NA
"GATCGTACAAGCCGTC-400.2.1",NA,NA,NA,NA,37.694674623293,NA,NA,NA,NA,NA,NA,NA,NA
"GATCTAGGTTGTTTGG-400.2.1",NA,NA,NA,NA,NA,30.4005428889422,NA,NA,NA,NA,NA,NA,NA
"GATGAAAAGGGATGGG-400.2.1",NA,NA,NA,NA,NA,NA,NA,40.6844981772538,NA,NA,NA,NA,NA
"GATGAAAAGTGTTAGA-400.2.1",NA,46.1442476784146,NA,NA,NA,NA,NA,NA,NA,NA,NA,NA,NA
"GATGAGGAGCTAGTTC-400.2.1",NA,NA,NA,17.4941323062806,NA,NA,NA,NA,NA,NA,NA,NA,NA
"GATGAGGCACGGCTAC-400.2.1",NA,NA,NA,NA,NA,NA,NA,NA,16.3307124322959,20.1450043945522,17.3394519640381,19.87913568115,17.3580716561406
"GATGCTAGTTGTACAC-400.2.1",NA,NA,NA,NA,NA,NA,NA,NA,NA,20.8462129340997,NA,NA,NA
"GCAAACTAGAAACCTA-400.2.1",10.9521022777151,10.8250394052135,10.9686062073754,10.9131798289024,10.9942858373714,10.8873279640917,10.9618997192622,10.9756022961921,18.4464125377139,16.3439421457373,20.0872808640638,14.1473233279707,16.0376028817598
"GCAAACTAGATGCCAG-400.2.1",31.730836370074,32.3455248800165,33.5425388274238,32.5505454467541,32.6637540303986,34.1665568182816,33.7160436202402,32.9644464484588,NA,NA,NA,NA,NA
"GCAATCAAGATCACGG-400.2.1",NA,NA,NA,NA,NA,NA,NA,NA,16.2773396905751,14.7631338717751,25.6694569730426,13.9987427462278,14.4264511588
"GCAATCAAGCTAGCCC-400.2.1",NA,NA,NA,NA,25.7693420449217,NA,NA,NA,NA,NA,NA,NA,39.9241227112141
"GCAATCATCATGCTCC-400.2.1",34.5824039761446,NA,NA,NA,NA,NA,NA,NA,NA,NA,NA,NA,NA
"GCACATAAGGGTGTGT-400.2.1",NA,NA,NA,37.1281747275437,NA,NA,NA,NA,NA,NA,NA,NA,NA
"GCACTCTGTCACCTAA-400.2.1",NA,NA,NA,22.960790557718,NA,NA,NA,NA,NA,NA,NA,NA,NA
"GCAGTTACAATCTGCA-400.2.1",NA,NA,38.6017757931125,NA,NA,NA,NA,NA,NA,NA,NA,NA,NA
"GCATACATCACATACG-400.2.1",NA,56.213985810688,NA,NA,NA,NA,NA,NA,NA,NA,NA,NA,NA
"GCATGCGTCGCCAGCA-400.2.1",NA,NA,NA,NA,NA,NA,NA,NA,16.2578403651073,19.7726634383258,17.8040987950694,21.9826802097036,18.0562240799178
"GCCAAATAGGCTAGAC-400.2.1",10.306595100386,10.2456626947731,10.255235071373,10.2351873679715,10.2473494802159,10.2632760864538,10.2443677442756,10.2493690443255,14.212247204759,16.827249157462,14.9312619967567,17.4995440357702,23.5961568642856
"GCGACCATCAGAGGTG-400.2.1",17.5343692828061,16.8965449109609,17.0813391255341,17.2080552803906,16.787375197127,16.9729917423506,16.9477982747134,16.9835531351098,NA,NA,NA,NA,NA
"GCGAGAAAGAATGTTG-400.2.1",10.5583202749712,10.3729923867908,10.5482367194224,10.5002998813486,10.47754126675,10.4057440272574,10.4935680226972,10.5562842323287,20.6142537548395,14.362593556176,13.1513419291707,12.6923229374005,13.3850979456648
"GCGAGAACAGCTGTTA-400.2.1",NA,24.5531124397591,NA,NA,NA,NA,NA,NA,NA,NA,NA,NA,NA
"GCGAGAATCCGTACAA-400.2.1",18.2178323927625,18.0852545206327,18.1542753233593,18.1504455989735,17.9828801662828,18.1631430835214,18.0836848414055,18.0934104336962,NA,NA,NA,NA,NA
"GCGCCAACATTAACCG-400.2.1",NA,NA,NA,NA,NA,NA,NA,NA,26.3567642691831,NA,NA,NA,NA
"GCTCCTAAGGATGCGT-400.2.1",NA,NA,NA,NA,NA,NA,42.6283857827533,NA,NA,NA,NA,NA,NA
"GCTCCTAAGGCTACGA-400.2.1",8.29692070295573,8.22929192452868,8.29001493497927,8.29041042480914,8.26519630793304,8.28835249569884,8.24556978692757,8.23778693153848,8.2458673407473,8.16114518339356,8.18665887943658,8.16145428142608,8.046064370265
"GCTCCTAGTAAGGGAA-400.2.1",NA,NA,NA,NA,NA,NA,NA,NA,NA,23.9792067880814,NA,29.1293986691184,NA
"GCTCCTAGTCGCATAT-400.2.1",NA,NA,NA,NA,NA,23.1966001613722,NA,NA,NA,NA,NA,NA,NA
"GCTCCTATCAGCGACC-400.2.1",30.7184512982615,NA,NA,NA,NA,NA,NA,NA,NA,NA,NA,NA,NA
"GCTCTGTTCAGCTCTC-400.2.1",NA,NA,NA,NA,NA,NA,NA,NA,13.1562424877466,11.7908736274256,13.1233697561009,15.8456509243135,NA
"GCTCTGTTCTGCGACG-400.2.1",NA,NA,NA,NA,NA,29.9004366560927,NA,NA,NA,NA,NA,NA,NA
"GCTGCAGAGTACGACG-400.2.1",NA,NA,NA,26.7315814425971,NA,NA,NA,NA,NA,NA,NA,NA,NA
"GCTGCGATCTTACCTA-400.2.1",NA,36.4578074160403,NA,NA,NA,NA,NA,NA,NA,NA,NA,NA,NA
"GCTGGGTCATCGGGTC-400.2.1",NA,NA,NA,NA,NA,NA,NA,NA,NA,NA,29.206428420428,NA,NA
"GCTGGGTGTTAGGGTG-400.2.1",8.81508816340871,8.83513599733844,8.87845891523432,8.85699173747095,8.75529584978604,8.83752586927771,8.86392358711387,8.86145210870558,8.76959837661825,8.65260841565491,8.79055554736071,8.76344252303036,8.6665946635997
"GCTGGGTTCTGATACG-400.2.1",NA,NA,NA,NA,47.4651112238251,NA,NA,NA,NA,NA,NA,NA,NA
"GGAAAGCGTCACTTCC-400.2.1",23.9322273475953,NA,NA,NA,NA,NA,NA,NA,NA,NA,NA,NA,NA
"GGAAAGCGTCGCATCG-400.2.1",8.15920142792663,8.13794590963725,8.13140897996555,8.14244880764274,8.13990408893906,8.12108323500485,8.15014749522541,8.16825640306875,8.15671538582469,8.16114518339356,8.17112761071246,7.85270706828435,8.10366761548733
"GGAACTTAGTGCAAGC-400.2.1",NA,17.3959049119983,NA,NA,NA,NA,NA,NA,NA,NA,NA,NA,NA
"GGAACTTGTTCAGGCC-400.2.1",NA,NA,19.1951255234988,NA,NA,NA,NA,NA,NA,NA,NA,NA,NA
"GGAACTTTCGACCAGC-400.2.1",NA,NA,20.4183371248183,NA,NA,NA,NA,NA,NA,NA,NA,NA,NA
"GGAATAACATTGCGGC-400.2.1",16.9855468066561,16.3973995537294,16.760371925673,16.593474087434,16.2704025315237,16.4445230949569,16.3762713481634,16.4353927716901,NA,NA,NA,28.7968174750865,NA
"GGACAAGAGTAGTGCG-400.2.1",NA,NA,NA,NA,35.6350047250999,NA,NA,NA,NA,NA,NA,NA,NA
"GGACAAGTCTTCATGT-400.2.1",NA,NA,NA,NA,NA,NA,NA,NA,16.4508395785872,18.843878781632,18.0391387211631,20.119244923902,19.1294827726052
"GGACAGAAGAGGTAGA-400.2.1",10.6262554201513,10.6866534156812,10.5993054670617,10.6453516826621,10.5428444944296,10.7323476093856,10.6663079605684,10.6153591011517,22.8112863088099,14.5318672115272,14.5273332332318,12.6923229374005,13.625018095359
"GGACAGAAGTGGACGT-400.2.1",11.0175419972185,10.9725057779433,10.9686062073754,11.0046608232409,11.0046011102656,11.0560969419181,11.089391140778,10.9756022961921,21.0738871379095,14.5318672115272,19.2201331923434,12.6923229374005,13.5973080146342
"GGACATTTCTCGGACG-400.2.1",NA,NA,NA,NA,NA,NA,NA,NA,NA,NA,NA,NA,26.3620709486914
"GGACGTCAGACATAAC-400.2.1",23.989059547019,NA,NA,NA,NA,NA,NA,NA,NA,NA,NA,NA,NA
"GGAGCAATCAGCTTAG-400.2.1",NA,48.7070139919248,NA,NA,NA,NA,NA,NA,NA,NA,NA,NA,NA
"GGATTACAGTAGATGT-400.2.1",11.8032844577894,11.7346869367468,11.8134603162401,11.7419796015935,11.75705236199,11.8268988230609,11.8198136747745,11.7803722955726,15.7233480998485,18.3731129769368,17.156687284515,17.0670194170322,15.7696784672011
"GGATTACGTATGAATG-400.2.1",31.730836370074,32.2067327346508,33.1403832725073,32.8738583218618,32.6637540303986,32.2587137047852,33.1807494796501,32.8003582299447,NA,NA,NA,NA,NA
"GGCAATTGTACGCTGC-400.2.1",9.13929608608417,9.17660436716896,9.17054169484681,9.17625544962103,9.17002298069377,9.17650002216099,9.16721922774763,9.16704926400215,9.20471198615284,8.99824475542398,9.00974090222032,8.64667163904751,9.03756579652212
"GGCCGATTCAGAGACG-400.2.1",NA,NA,NA,24.5489343274841,NA,NA,NA,NA,NA,NA,NA,NA,NA
"GGCCGATTCGAATCCA-400.2.1",NA,20.7209247827218,NA,NA,NA,NA,NA,NA,NA,NA,NA,NA,NA
"GGCGACTAGAACAACT-400.2.1",NA,NA,NA,NA,31.2231958791164,NA,NA,NA,NA,NA,NA,NA,NA
"GGCGACTTCTGAAAGA-400.2.1",NA,NA,NA,36.9314202598406,NA,NA,NA,NA,NA,NA,NA,NA,NA
"GGCTCGATCTCAACTT-400.2.1",28.7083424620295,29.3576095186253,29.475541320559,29.234997184164,29.1759174657818,29.1745973301544,29.5374125231101,29.3989461450558,NA,NA,NA,NA,NA
"GGCTGGTCATCGATGT-400.2.1",39.4629104412092,NA,NA,NA,NA,NA,NA,NA,NA,NA,NA,NA,NA
"GGGAATGCAGACAAGC-400.2.1",19.6921912229963,NA,NA,NA,NA,NA,NA,NA,NA,NA,NA,NA,NA
"GGGAGATGTCCAGTGC-400.2.1",11.1624900984677,11.2788786693485,11.2156869269133,11.2729198634527,11.2242206714003,11.2325136578638,11.2478647935625,11.2588143254132,12.2600059864571,12.1390275462064,11.9880987290837,12.624908367368,12.2902479886229
"GGGCATCAGGTGATAT-400.2.1",23.4807400053783,NA,NA,NA,NA,NA,NA,NA,NA,NA,NA,NA,NA
"GGGTCTGCACATGACT-400.2.1",NA,NA,NA,NA,NA,23.9001554553969,NA,NA,NA,NA,NA,NA,NA
"GGGTCTGTCTGGCGAC-400.2.1",NA,NA,NA,NA,29.7457015730626,NA,NA,NA,NA,NA,NA,NA,NA
"GGGTTGCAGCGATTCT-400.2.1",9.45751580379599,9.47390079925998,9.43844341557555,9.42396182547107,9.48668245019215,9.46114596543105,9.40341538820163,9.37868331448352,16.6294245439207,16.2492057918467,9.0407283453998,9.16269362795777,22.6087031328559
"GGTATTGAGATCCGAG-400.2.1",10.5091365946447,10.6315531064478,10.6850072568465,10.6642096169647,10.6570715627664,10.5899496114554,10.5353770265888,10.6505050280851,10.6117982470564,9.60951552474713,9.86414337932194,8.96065919451143,9.64301203642322
"GGTATTGCAGTTTACG-400.2.1",7.1448836989891,7.1672589216502,7.17736186285609,7.18078102617525,7.11682613101618,7.15717057772198,7.14487985459926,7.11382879359464,7.16829408784837,7.18225375859852,7.20938350151686,7.29317346125542,7.12324607654232
"GGTATTGGTCTTGATG-400.2.1",28.6550151869585,29.7892465940888,29.4935670616142,29.2563722234261,29.3950243491671,29.2842024582829,29.8391606858896,29.4783783223926,NA,NA,NA,NA,NA
"GGTGAAGCACGGACAA-400.2.1",NA,NA,NA,24.2644464436325,NA,NA,NA,NA,NA,NA,NA,NA,NA
"GGTGCGTAGCTTCGCG-400.2.1",NA,NA,NA,NA,NA,NA,NA,NA,15.5558549852213,25.4696501677674,16.4395657282886,21.4265649105323,18.9367492288294
"GTAACGTCATTCTCAT-400.2.1",NA,NA,NA,NA,NA,NA,NA,45.6643632493224,NA,NA,NA,NA,NA
"GTAACTGCACAGACAG-400.2.1",10.2448525987895,10.348539774235,10.2842241085263,10.3535526720049,10.206743273803,10.3839852457721,10.2443677442756,10.2629315771235,17.8531764939908,15.6810367403687,17.4273432615806,14.0183311863476,15.3316914860197
"GTAACTGGTTTGACTG-400.2.1",20.6980192773079,20.8042370064858,20.9503769442943,20.9115668183196,20.9402502246395,20.9647313081014,20.8785971054341,20.9036527219077,NA,NA,NA,NA,NA
"GTACTCCGTAGCGTCC-400.2.1",NA,NA,NA,NA,NA,NA,NA,NA,NA,NA,NA,NA,27.330677734515
"GTACTCCGTCAGGACA-400.2.1",30.2985412849507,31.0734946514216,31.5445424924801,32.0927222837315,31.3601446953849,31.210590619346,33.2282561506638,31.1662525030002,NA,NA,NA,NA,NA
"GTAGGCCAGGGAACGG-400.2.1",NA,45.821299583436,NA,NA,NA,NA,NA,NA,NA,NA,NA,NA,NA
"GTATCTTAGGAGCGAG-400.2.1",26.9078855651795,NA,NA,NA,NA,NA,NA,NA,NA,NA,NA,NA,NA
"GTATCTTGTGGTCCGT-400.2.1",NA,26.4312109315624,NA,NA,NA,NA,NA,NA,NA,NA,NA,NA,NA
"GTCAAGTCAAAGCAAT-400.2.1",NA,NA,21.6193590282865,NA,NA,NA,NA,NA,NA,NA,NA,NA,NA
"GTCCTCACACGCGAAA-400.2.1",9.88192868092436,9.92262594039854,9.90281610593107,9.93327226837491,9.87717241322372,9.91938122121494,9.87886954112945,9.88628315126113,9.94786126902569,10.2099198216183,10.023219392896,10.2598139860338,10.0438246036932
"GTCGGGTAGAATGTTG-400.2.1",14.4551967338479,14.074940487274,14.1721513984428,14.2551661512456,14.0582234324897,14.1959930732731,14.1621356622328,14.1911923664649,11.8453767762848,11.5675763745407,12.2825134262608,11.9503331091922,11.7249931034913
"GTCGGGTTCTTGCCGT-400.2.1",20.8518463310474,NA,NA,NA,NA,NA,NA,NA,NA,NA,NA,NA,NA
"GTCTTCGTCTGACCTC-400.2.1",NA,NA,NA,NA,NA,NA,NA,NA,15.7915199081218,19.5595218652783,17.5452653379941,23.0081544824285,16.8317810199817
"GTGAAGGAGTTAAGTG-400.2.1",7.91197899011423,7.91373292567382,7.99856639713477,7.97810598678109,7.81705027874939,7.97244940892809,7.91736854645981,7.88774643434419,7.81953571730835,7.7021113887719,20.4038978965822,7.96854705455334,20.1365791250699
"GTGCAGCTCGGCATCG-400.2.1",NA,NA,NA,NA,NA,NA,NA,NA,NA,NA,NA,NA,29.9106807535943
"GTGCAGCTCGTTTGCC-400.2.1",NA,NA,NA,15.1624736321853,NA,NA,NA,NA,NA,NA,NA,NA,NA
"GTGCATAAGAACAACT-400.2.1",10.2358697899666,10.2617301804613,10.2054435096042,10.2424208565733,10.1355774265399,10.2897246180711,10.2443677442756,10.1824070775666,20.8441910410115,13.9194559219594,11.1306334011141,11.9535311578348,11.8838085136699
"GTGCGGTAGTGGGTTG-400.2.1",8.15780165116611,8.13794590963725,8.08299779898405,8.07613132008385,8.15996063853244,8.08396087116333,8.15014749522541,8.187674179287,8.04508688353867,7.93172508424983,8.02450458812515,8.16145428142608,22.3091141889453
"GTGGGTCAGATCTGAA-400.2.1",NA,NA,17.884365382493,NA,NA,NA,NA,NA,NA,NA,NA,NA,NA
"GTGGGTCCACAGATTC-400.2.1",26.8212542877256,27.4858339081678,27.4446494243374,27.1209573634883,27.376689781958,27.2318579739059,27.3978010056092,27.2895342779623,NA,NA,NA,NA,NA
"GTGGGTCCATAGGATA-400.2.1",23.6140795250792,NA,NA,NA,NA,NA,NA,NA,NA,NA,NA,NA,NA
"GTGTGCGAGATCTGAA-400.2.1",27.9724960806345,28.8570031685964,28.842298180291,28.6643174646462,28.7303016197411,28.4671168387702,28.6817586878514,28.3993490313851,NA,NA,NA,NA,NA
"GTGTTAGTCTTGTTTG-400.2.1",NA,NA,NA,NA,NA,NA,NA,NA,14.4973315891297,14.0458448901983,26.4089957078896,13.5768840624952,13.8839763768205
"GTTACAGGTCGTTGTA-400.2.1",NA,NA,NA,NA,NA,NA,NA,NA,NA,29.5890925144579,NA,NA,NA
"GTTCTCGAGGTACTCT-400.2.1",NA,NA,NA,NA,NA,NA,NA,NA,28.6499860746359,NA,NA,NA,NA
"TAAACCGTCGTCTGCT-400.2.1",NA,NA,NA,NA,NA,NA,NA,46.8527727266996,NA,NA,NA,NA,NA
"TAAGAGACACGAAAGC-400.2.1",29.8568748539118,30.8463461417698,31.3358545929218,30.9258506017511,30.9345862902393,30.498861123626,31.1227582358586,30.753072949121,NA,NA,NA,NA,NA
"TAAGCGTCAGCTCGCA-400.2.1",31.4129205221057,32.3455248800165,32.907593159425,32.2051659243759,32.2462433162728,33.9254811140587,33.3045958812851,32.4852313351351,NA,NA,NA,NA,NA
"TAAGCGTGTGCACGAA-400.2.1",NA,NA,NA,NA,NA,NA,NA,NA,NA,30.4630904257002,NA,NA,NA
"TAAGTGCAGATGTAAC-400.2.1",NA,NA,19.1926499702747,NA,NA,NA,NA,NA,NA,NA,NA,NA,NA
"TACACGACAATGAATG-400.2.1",25.8129717841275,25.275961500621,25.3703608717098,25.3545708120735,25.1388919917994,25.2712595541117,25.1115911113302,25.1014345658437,NA,NA,NA,NA,NA
"TACACGATCAAGATCC-400.2.1",NA,NA,NA,NA,NA,NA,NA,NA,NA,28.1461998373892,NA,22.6139301206436,NA
"TACAGTGAGCAAATCA-400.2.1",NA,38.241770351486,NA,NA,NA,NA,NA,NA,NA,NA,NA,NA,NA
"TACCTATCATTCACTT-400.2.1",NA,NA,NA,NA,NA,NA,46.2601636283914,NA,NA,NA,NA,NA,NA
"TACCTATGTGTTTGGT-400.2.1",NA,NA,41.1138326117134,NA,NA,NA,NA,NA,NA,NA,NA,NA,NA
"TACCTATGTTACTGAC-400.2.1",12.3465489270632,12.1927440217689,12.2610841676672,12.3150265145746,12.3928977598587,12.378661323,12.3664562538092,12.3240077683139,16.4508395785872,18.6268011036554,17.1107860549172,19.2480460962031,17.3580716561406
"TACCTTATCTGTCTCG-400.2.1",NA,NA,NA,NA,NA,NA,NA,NA,NA,22.639555974501,NA,27.2877352522435,NA
"TACGGTAGTTCAGACT-400.2.1",NA,NA,NA,NA,NA,31.0221180984687,NA,NA,NA,NA,NA,NA,NA
"TACTCATAGGCCATAG-400.2.1",NA,NA,NA,NA,NA,NA,NA,NA,24.9764670295023,NA,NA,NA,NA
"TACTCATGTGTGACCC-400.2.1",NA,NA,NA,NA,NA,NA,NA,NA,13.6966714946016,12.5206350450377,13.5027731961063,15.8516936175224,13.3406566347493
"TACTCATTCGGAAACG-400.2.1",34.0362364722473,33.1893146976639,35.8278160206513,34.739349347464,34.7253609700636,34.5794613535012,35.8569254612486,35.2575995179132,NA,NA,NA,NA,NA
"TACTTACAGTAGCCGA-400.2.1",11.4947000563052,NA,11.4525232683213,11.4483182491589,NA,11.5404860592114,11.5136619286706,11.3950418489466,16.458383357362,18.9879191644532,18.3538886772865,20.1838544885799,17.9980839803015
"TACTTGTAGACAAGCC-400.2.1",11.8054111062509,11.7346869367468,11.8436778876013,11.9596179697386,11.7294290006862,11.823283927092,11.8043371671759,11.7803722955726,13.2465385961337,11.8864993837592,13.1891117633022,15.7522552883165,12.8108630769715
"TACTTGTCACACATGT-400.2.1",NA,NA,NA,NA,NA,NA,47.0672737106513,NA,NA,NA,NA,NA,NA
"TACTTGTCAGACAAAT-400.2.1",21.5191400294399,21.5962807156151,21.7113057660874,21.5571432038388,21.4723041323195,21.7455080591654,21.6363588844293,21.6096810244057,NA,NA,NA,NA,NA
"TAGCCGGTCGGCATCG-400.2.1",34.773238540531,34.3381368147495,36.2487324292127,35.6104296917283,35.1615466247845,35.4660031568666,36.4980489578702,36.4464574006675,NA,NA,NA,NA,NA
"TAGGCATAGGCTCAGA-400.2.1",NA,NA,NA,NA,NA,NA,NA,NA,NA,22.6525115407099,NA,NA,NA
"TAGGCATGTAGAGCTG-400.2.1",33.1093352465173,32.61443631823,34.4620530699745,33.8526797494549,33.3489929885128,33.9542664338989,34.944319008436,34.2563911076494,NA,NA,NA,NA,NA
"TATCAGGTCAACCATG-400.2.1",NA,NA,NA,NA,NA,NA,NA,NA,NA,28.6662834092885,NA,21.7722685351216,NA
"TATCTCAGTGATGCCC-400.2.1",23.1335723538009,23.3447987534407,23.411932624578,23.159422286841,23.2957385132143,23.4291166861462,23.4219082870521,23.2897127725105,NA,NA,NA,NA,NA
"TCAACGAAGGCACATG-400.2.1",29.0406216260316,29.7892465940888,29.9688899272514,29.6742422595541,29.6189806968421,29.6532254967866,29.9626658268866,29.5746730446425,NA,NA,NA,NA,NA
"TCACAAGGTCACTGGC-400.2.1",18.7057385514871,18.5431798321362,18.6876869261288,18.520448606982,18.5088594457021,18.6268458978747,18.5771717061406,18.5947873907698,NA,NA,NA,30.2860894342056,NA
"TCACGAAAGATCTGCT-400.2.1",NA,NA,NA,NA,NA,NA,NA,NA,NA,NA,32.0952088038497,NA,NA
"TCAGATGAGAATTCCC-400.2.1",NA,NA,NA,26.7595476205517,NA,NA,NA,NA,NA,NA,NA,NA,NA
"TCAGCTCTCCACGTTC-400.2.1",NA,NA,25.5379870574754,NA,NA,NA,NA,NA,NA,NA,NA,NA,NA
"TCAGGATTCGCTGATA-400.2.1",NA,NA,22.137831918278,NA,NA,NA,NA,NA,NA,NA,NA,NA,NA
"TCATTACAGTACGCGA-400.2.1",26.7139669523153,NA,NA,NA,NA,NA,NA,NA,NA,NA,NA,NA,NA
"TCATTACCACCATCCT-400.2.1",NA,NA,44.1408704925938,NA,NA,NA,NA,NA,NA,NA,NA,NA,NA
"TCATTTGAGATCGGGT-400.2.1",NA,NA,NA,NA,NA,NA,NA,NA,NA,NA,29.0730690255931,NA,NA
"TCATTTGCAGGCAGTA-400.2.1",NA,NA,NA,NA,NA,NA,NA,NA,28.7420345615088,NA,NA,NA,NA
"TCATTTGGTAGTGAAT-400.2.1",11.7966373517776,11.7010369163252,11.7764877286049,11.7419796015935,11.5990298171987,11.6640096444966,11.6683544283322,11.7710388489617,16.3830809591175,18.4343977884951,17.3394519640381,19.0866477528626,17.0076503454075
"TCATTTGTCCGCGTTT-400.2.1",NA,NA,NA,NA,26.0302280460611,NA,NA,NA,NA,NA,NA,NA,39.9241227112141
"TCCACACCAAAGTGCG-400.2.1",NA,NA,NA,NA,NA,NA,NA,NA,16.0043331608909,20.3857545403759,17.1160867825811,23.6345523717854,17.3818872227381
"TCCACACGTGAAATCA-400.2.1",NA,NA,NA,NA,33.2269578825477,NA,NA,NA,NA,NA,NA,NA,NA
"TCGAGGCGTGCCTGTG-400.2.1",35.1803033254539,NA,NA,NA,NA,NA,NA,NA,NA,NA,NA,NA,NA
"TCGAGGCTCAGCTCGG-400.2.1",NA,NA,NA,29.161862736593,NA,NA,NA,NA,NA,NA,NA,NA,NA
"TCGCGTTAGTTACCCA-400.2.1",10.2358697899666,10.1016982367368,10.1290664954724,10.0882858073858,10.0832073984752,10.1148893861369,10.2084121171994,10.1749968028346,17.2169434088338,16.1225556015648,21.5382628240852,14.9726350601436,16.0376028817598
"TCGCGTTGTCCCGACA-400.2.1",NA,NA,NA,NA,NA,NA,NA,NA,20.9657801595468,NA,20.1560180632626,NA,NA
"TCGGGACAGTCGTACT-400.2.1",9.49529616438972,9.47390079925998,9.5463543177564,9.57809571357146,9.53696178504958,9.55585512129019,9.47602817454248,9.490150570848,13.1445705685236,9.30547703594704,9.47466483935208,15.9496135307691,9.38704174786852
"TCGGGACCAATCCGAT-400.2.1",23.7258830473487,23.9711204242108,24.1037148109009,24.2058697412543,24.1292016316831,24.0187058048711,24.0666381796117,23.9799013772734,NA,NA,NA,NA,NA
"TCGGGACCATTCTTAC-400.2.1",13.5825162924249,13.3862165906611,13.5118375560741,13.4466562806532,13.3551648778256,13.483887362819,13.4270525955256,13.4054870636014,14.3972612004792,14.4588953360874,14.6559600196294,16.0587474023927,14.6969288135898
"TCGGGACGTTTGGCGC-400.2.1",NA,NA,NA,NA,NA,NA,NA,NA,17.8160535244628,15.093887327467,23.8691882379735,13.250888370275,14.4958252017962
"TCGTAGACAAAGGCGT-400.2.1",NA,42.8909792965877,NA,NA,NA,NA,NA,NA,NA,NA,NA,NA,NA
"TCTATTGGTCTAGCCG-400.2.1",28.6550151869585,30.6083770895589,29.475541320559,29.1009847267198,29.0162680007123,29.2198461063324,29.1561425166685,29.087503240661,NA,NA,NA,NA,NA
"TCTCTAAAGGGTCGAT-400.2.1",24.6858854577062,NA,NA,NA,NA,NA,NA,NA,NA,NA,NA,NA,NA
"TCTCTAAGTCGACTGC-400.2.1",NA,NA,NA,38.0519472302592,NA,NA,NA,NA,NA,NA,NA,NA,NA
"TCTGAGAAGGGAACGG-400.2.1",NA,NA,NA,NA,NA,NA,NA,NA,NA,NA,NA,14.9641673877164,NA
"TCTGGAAAGAGTCGGT-400.2.1",25.594837790647,25.9747665304092,26.1279637994307,26.1062816331137,26.070456998408,25.9872913778511,26.1025999004942,25.9272847438086,NA,NA,NA,NA,NA
"TCTGGAAGTGTTTGTG-400.2.1",17.7947555877443,17.4188347324155,17.8882331159577,17.714126920211,17.4217495276612,17.5850429137377,17.5298296470049,17.5593791332968,NA,NA,NA,28.2822803317647,NA
"TCTTCGGAGAGGACGG-400.2.1",29.4854713275642,29.9866420013452,30.4967548994601,30.0853281631022,30.1720912590746,30.5740583652242,30.3861070806172,29.9230525057493,NA,NA,NA,NA,NA
"TCTTTCCAGATATGCA-400.2.1",NA,NA,NA,NA,NA,NA,NA,NA,NA,NA,27.3819385467423,NA,NA
"TCTTTCCAGGTGTGGT-400.2.1",NA,18.7258195843685,NA,NA,NA,NA,NA,NA,NA,NA,NA,NA,NA
"TCTTTCCCAAATACAG-400.2.1",34.4185636099338,33.3354292921908,36.3392379410268,35.5018212323372,34.9363663610177,35.2599657648321,36.1654772121199,35.7871240761675,NA,NA,NA,NA,NA
"TGACTAGGTTCACCTC-400.2.1",NA,NA,NA,15.4633263447552,NA,NA,NA,NA,NA,NA,NA,NA,NA
"TGACTTTTCTATCCCG-400.2.1",24.5972484078931,24.8191897483905,24.8496906974028,24.6803763771112,24.598340240774,24.73632639306,24.8165996319017,24.7750146862642,NA,NA,NA,NA,NA
"TGAGCATTCGCAAACT-400.2.1",19.4734401268993,19.4201583833219,19.5849239099268,19.1884545249607,19.4066531128337,19.4776768740244,19.466709540759,19.4350078779167,NA,NA,NA,NA,NA
"TGAGGGAAGAAGGCCT-400.2.1",10.6262554201513,10.6604329532536,10.5789844353229,10.6027415360172,10.5428444944296,10.6818243701673,10.6663079605684,10.5814063642376,19.3928038849275,14.760262718357,19.4913697791087,12.9717520977782,13.9402231265666
"TGAGGGATCAAGATCC-400.2.1",NA,52.6948333609585,NA,NA,NA,NA,NA,NA,NA,NA,NA,NA,NA
"TGCCCTAAGGATTCGG-400.2.1",27.4930140927816,28.2308774588675,28.1968529344664,27.9738257804509,28.0483007769917,27.7866473456676,27.9620303536618,27.8237825727302,NA,NA,NA,NA,NA
"TGCCCTACACATCCAA-400.2.1",26.4078591001182,26.5094739147022,26.6067152611065,26.3562736844489,26.4072758606782,26.9737807078392,26.3700117316004,26.3359026681922,NA,NA,NA,NA,NA
"TGGCCAGGTAGGGTAC-400.2.1",NA,NA,NA,30.1818904183187,NA,NA,NA,NA,NA,NA,NA,NA,NA
"TGGCCAGTCGAGGTAG-400.2.1",NA,NA,NA,20.4181960802962,NA,NA,NA,NA,NA,NA,NA,NA,NA
"TGGCGCAAGACATAAC-400.2.1",NA,NA,NA,34.9345312572378,NA,NA,NA,NA,NA,NA,NA,NA,NA
"TGGCGCAGTGAAATCA-400.2.1",NA,NA,NA,NA,NA,NA,NA,NA,NA,28.5513882130169,NA,22.1931005651933,NA
"TGGCTGGCACGTAAGG-400.2.1",22.098467286662,22.1378521348388,22.2253490092887,21.9877175481424,21.8855499545432,22.1829027770571,22.1903043527228,22.1365708251462,NA,NA,NA,NA,NA
"TGGCTGGTCGAGAGCA-400.2.1",7.77814576402558,7.72113102928053,7.7420106377761,7.74837896657265,7.77800085981684,7.75043122889335,7.73456081584199,7.79255933383606,7.89118966945295,7.94720753712567,8.01204215675879,8.18210443836438,7.97089250484633
"TGGGAAGAGACACGAC-400.2.1",NA,NA,55.993879112685,NA,NA,NA,NA,NA,NA,NA,NA,NA,NA
"TGGGCGTTCAGGCCCA-400.2.1",NA,NA,NA,NA,NA,38.197353525479,NA,NA,NA,NA,NA,NA,NA
"TGGTTAGAGATACACA-400.2.1",NA,NA,NA,NA,28.2819632959425,NA,NA,NA,NA,NA,NA,NA,39.9241227112141
"TGGTTAGGTAGCCTCG-400.2.1",NA,NA,NA,NA,NA,NA,NA,NA,NA,16.6482778058021,NA,NA,25.7780541638684
"TGGTTCCCAGAAGCAC-400.2.1",28.4060106822292,29.3576095186253,29.475541320559,29.6742422595541,29.6189806968421,29.1038361671327,29.9626658268866,29.087503240661,NA,NA,NA,NA,NA
"TGGTTCCGTCGACTAT-400.2.1",NA,NA,NA,NA,NA,NA,NA,NA,29.7943316897259,NA,NA,NA,NA
"TGTATTCCAGAGTGTG-400.2.1",NA,NA,NA,NA,NA,NA,NA,NA,14.5766659739515,14.001294939078,27.9297537421729,13.6170553515429,NA
"TGTATTCGTAAACACA-400.2.1",NA,NA,NA,NA,NA,NA,NA,NA,NA,NA,NA,NA,31.8136197275041
"TGTGGTAGTGAGTATA-400.2.1",NA,NA,NA,NA,NA,47.7276993594909,NA,NA,NA,NA,NA,NA,NA
"TGTGTTTAGAGGTTAT-400.2.1",15.3480392049387,14.8391077096399,14.9663297904727,15.0327350651906,14.7895877635593,14.8999323810077,14.9075762745725,14.9069998317472,NA,11.8533044852641,12.6017930816629,14.7559452321059,12.1604333344241
"TGTGTTTGTGTTTGGT-400.2.1",22.9649818710162,22.8431953169912,22.9428789044024,22.7035101911999,22.8611916763968,22.9009573792849,22.8673359793636,22.9150273647739,NA,NA,NA,NA,NA
"TGTTCCGAGACTAAGT-400.2.1",22.5692847836584,22.6277434243094,22.8464810958451,22.8122018444532,22.792398125224,22.6600544451545,22.7480356768853,22.6908398718208,NA,NA,NA,NA,NA
"TTAACTCCAGAGTGTG-400.2.1",55.5178785537652,NA,NA,NA,NA,NA,NA,NA,NA,NA,NA,NA,NA
"TTAGGCATCACGACTA-400.2.1",10.9567926552581,10.8275137619613,10.9577032423876,10.9131798289024,10.9135527857961,10.8851995273312,10.9098251928889,10.9662159463264,20.9482319746185,14.5318672115272,13.8656876635663,13.0036429062286,13.6202051146828
"TTAGTTCAGTAGCGGT-400.2.1",NA,NA,NA,NA,NA,NA,53.0036433666449,NA,NA,NA,NA,NA,NA
"TTATGCTGTCGGATCC-400.2.1",NA,NA,NA,NA,48.8969993853055,NA,NA,NA,NA,NA,NA,NA,NA
"TTCGGTCTCCCTAATT-400.2.1",12.6909940912023,12.459786202764,12.4036412977434,12.468100473695,12.4733786911318,12.5214631819106,12.5197363934048,12.4728393204385,11.4143824855861,10.6122023337958,11.2510233571066,10.3432750673843,10.7430551571109
"TTCTCCTGTGACGCCT-400.2.1",NA,NA,NA,33.347504283329,NA,NA,NA,NA,NA,NA,NA,NA,NA
"TTCTCCTGTTCACGGC-400.2.1",25.1353613418812,NA,NA,NA,NA,NA,NA,NA,NA,NA,NA,NA,NA
"TTCTCCTTCCTAGAAC-400.2.1",25.1353613418812,25.3720564140547,25.4699920477275,25.3753697467727,25.4478176694347,25.4446291943425,25.5440126450998,25.2669860465364,NA,NA,NA,NA,NA
"TTCTTAGAGGCCATAG-400.2.1",32.1155382921936,32.3455248800165,32.8830803482275,33.4674701648627,33.2362811258507,33.4593820927477,36.7608959113713,33.418179850643,NA,NA,NA,NA,NA
"TTGCCGTAGACAATAC-400.2.1",17.6372469044121,NA,NA,NA,NA,NA,NA,NA,NA,NA,NA,NA,NA
"TTGGAACAGGCAATTA-400.2.1",9.36082954601403,9.31317014521679,9.29410170299014,9.26658054353903,9.22632567127382,9.23814058336526,9.37912552333805,9.37762911849148,14.9465953624331,9.16406377900907,9.24578175011784,9.16269362795777,9.28584036299059
"TTGGAACGTTCACCTC-400.2.1",NA,NA,NA,NA,NA,NA,NA,NA,NA,NA,25.4142122514935,NA,NA
"TTGGCAAAGATCTGAA-400.2.1",11.1441187560922,11.1047229747008,11.1629654302585,11.2510610402539,11.0260666723151,11.190811296948,11.089391140778,11.1234306580927,13.9125423538044,12.533978672326,13.9546451706519,16.1474473901699,13.8318614775792
"TTGGCAAAGCAAATCA-400.2.1",NA,NA,NA,20.1336835512064,NA,NA,NA,NA,NA,NA,NA,NA,NA
"TTGGCAACAGACTCGC-400.2.1",17.7491671005987,NA,NA,NA,NA,NA,NA,NA,NA,NA,NA,NA,NA
"TTTACTGGTAGCTCCG-400.2.1",NA,NA,NA,NA,NA,NA,NA,NA,27.3851428994624,NA,NA,NA,NA
"TTTATGCGTCAGCTAT-400.2.1",36.6914617429467,NA,NA,NA,NA,NA,NA,NA,NA,NA,NA,NA,NA
"TTTGGTTCATTCGACA-400.2.1",20.4525105803686,NA,NA,NA,NA,NA,NA,NA,NA,NA,NA,NA,NA
"TTTGTCATCTGCGGCA-400.2.1",12.0775761144589,12.0485713925415,12.1184089135538,12.2031123246226,11.9656389112382,12.0664815059413,12.0444257772868,12.0872307600664,12.539484756944,11.5675763745407,12.3773508506248,15.299868778492,11.9915254176525
"AAACCTGCAGATGAGC-400.2.2",NA,NA,NA,NA,NA,NA,NA,NA,27.0427914537733,NA,NA,NA,NA
"AAACGGGAGCCCTAAT-400.2.2",NA,NA,NA,NA,24.0404028594287,NA,NA,NA,NA,NA,NA,NA,39.3534484367548
"AAACGGGCACACGCTG-400.2.2",7.2713531205678,7.2558823141938,7.22835477049584,7.22959641952815,7.34874339978576,7.28217994243708,7.31997182937021,7.33972288277359,7.36761729464727,7.31250467776281,7.41412456942509,7.46892257075907,7.25575570588779
"AAACGGGTCCGAACGC-400.2.2",20.2906035081378,20.4923213515335,20.52276048141,20.4553117890986,20.5419331071942,20.5536088886232,20.5487058529487,20.5407365501922,NA,NA,NA,NA,NA
"AAAGATGAGCCCAATT-400.2.2",NA,39.9261321567275,NA,NA,NA,NA,NA,NA,NA,NA,NA,NA,NA
"AAAGATGTCATCGCTC-400.2.2",11.8962460066976,11.7377435152939,11.8141179819072,11.8537562498005,11.9310455761662,11.9816101999979,11.9392965359266,11.8491688316853,16.0043331608909,18.6596030261146,16.8848565053318,19.0446242276115,17.3940257543117
"AAAGATGTCCACGCAG-400.2.2",NA,NA,NA,NA,NA,NA,NA,38.8771638997423,NA,NA,NA,NA,NA
"AAAGCAATCCTCATTA-400.2.2",NA,NA,NA,NA,NA,NA,NA,NA,23.8275053688013,14.9933998818849,NA,NA,NA
"AAAGTAGCATGGTTGT-400.2.2",8.1937096260344,8.13794590963725,8.11247038097784,8.10711863920309,8.19604201754489,8.1102253802633,8.15014749522541,8.187674179287,NA,18.265874914342,18.6022159534886,19.3553794786171,17.8690776397294
"AAAGTAGTCGTCTGCT-400.2.2",NA,NA,NA,NA,NA,NA,NA,NA,16.0811767279658,20.7296003110826,17.3102740613257,22.6581629931159,17.6887313967705
"AAATGCCGTAGAGTGC-400.2.2",9.45751580379599,9.46594300945053,9.41484266238537,9.45740503354398,9.40756940019908,9.4260737434084,9.40341538820163,9.37762911849148,9.7650625319724,9.30547703594704,9.45281255560556,15.5548868555646,9.35129673066642
"AAATGCCGTAGGGACT-400.2.2",NA,NA,NA,NA,36.0836975922915,NA,NA,NA,NA,NA,NA,NA,NA
"AAATGCCTCTTACCGC-400.2.2",11.4098395169644,11.2788786693485,11.3902956142384,11.3270262007734,11.341111798298,11.3418487302241,11.372624310746,11.377423980148,16.2277483033351,17.8704040656393,17.1107860549172,18.6001566744087,16.7833080449877
"AACCATGAGGACGAAA-400.2.2",26.8562162274777,26.677454901483,26.9733872710984,27.0051356891241,27.082524814661,26.6837712526479,26.8576299372567,26.6830871734571,NA,NA,NA,NA,NA
"AACCGCGGTCGCGTGT-400.2.2",9.02108887635337,9.00042658301311,8.88270785513965,8.89423902707427,8.93485474350459,8.91324999759801,8.98453279243801,8.9801461169614,8.95856589179184,9.00023883044994,9.02084636987198,9.14962808977783,8.94524947139333
"AACCGCGGTCTTTCAT-400.2.2",NA,NA,NA,16.0513819718205,NA,NA,NA,NA,NA,NA,NA,NA,NA
"AACCGCGGTGTGACGA-400.2.2",NA,NA,NA,26.9142345829998,NA,NA,NA,NA,NA,NA,NA,NA,NA
"AACTCCCCACCGCTAG-400.2.2",NA,NA,10.4833613739127,10.5002998813486,NA,NA,NA,NA,16.0043331608909,18.8907150919006,17.9763761241244,18.6474001970104,17.6211965188319
"AACTCTTAGACACGAC-400.2.2",NA,NA,NA,NA,NA,NA,NA,NA,19.2233333028493,NA,20.3887254800854,NA,NA
"AACTCTTCAAGGTTTC-400.2.2",NA,NA,NA,NA,NA,NA,38.7516432422325,NA,NA,NA,NA,NA,NA
"AACTCTTGTGTGAATA-400.2.2",NA,NA,NA,NA,NA,35.7936379424172,NA,NA,NA,NA,NA,NA,NA
"AACTGGTCAAACCCAT-400.2.2",6.38173550350853,6.38142281968978,6.41102318653778,6.4159613008228,6.44331822258183,6.44309483659935,6.44822253982444,6.39898505968856,6.57970742857339,6.58025544942915,6.61334799984184,6.54657099348524,6.53760860965218
"AACTGGTTCCCTGACT-400.2.2",NA,NA,NA,NA,NA,NA,NA,NA,25.2179473342018,NA,NA,NA,NA
"AAGGAGCCACATGACT-400.2.2",34.0362364722473,33.2400783880153,35.1437846331652,33.6076967598137,32.8285433914852,37.2396811819357,35.8341687761707,35.6637541491673,NA,NA,NA,NA,NA
"AAGGCAGAGACTGTAA-400.2.2",9.45751580379599,9.44080736682666,9.35941851893702,9.34647788910029,9.37598367564957,9.38204917481896,9.40341538820163,9.37762911849148,9.29830347863765,15.6756820180083,9.24578175011784,9.44486352634701,22.5589730099338
"AAGGCAGGTCTCTCGT-400.2.2",NA,NA,NA,15.9523814368045,NA,NA,NA,NA,NA,NA,NA,NA,NA
"AAGGCAGGTTAAGAAC-400.2.2",NA,NA,20.0038933749927,NA,NA,NA,NA,NA,NA,NA,NA,NA,NA
"AAGGCAGTCGCAAGCC-400.2.2",NA,NA,NA,NA,NA,NA,NA,NA,28.0828921300592,NA,NA,NA,NA
"AAGGTTCAGTCTTGCA-400.2.2",29.2226949884321,30.0502167988985,30.314402593022,30.7611121687159,30.9290556140908,30.0548289164094,31.3256732496942,29.9339803304407,NA,NA,NA,NA,NA
"AAGGTTCCAGTGGGAT-400.2.2",31.730836370074,32.7677169360001,33.5425388274238,33.0455705935573,32.6637540303986,32.894461343122,33.4695152157087,33.1076760580984,NA,NA,NA,NA,NA
"AAGGTTCTCGTTTGCC-400.2.2",NA,NA,NA,NA,NA,NA,NA,NA,NA,23.8984692225977,NA,NA,NA
"AAGTCTGCAATCGAAA-400.2.2",NA,NA,NA,NA,NA,NA,NA,NA,29.302705647668,NA,NA,NA,NA
"AAGTCTGCAGCCAATT-400.2.2",14.6876609606823,NA,NA,NA,NA,NA,NA,NA,NA,NA,NA,NA,NA
"AAGTCTGGTTCCTCCA-400.2.2",30.9619948195515,31.4986383756909,32.0757952320533,31.7846079718485,31.9778856034842,31.3012160969182,32.0626902643433,31.5104795899796,NA,NA,NA,NA,NA
"AATCCAGCATTGAGCT-400.2.2",NA,NA,NA,NA,NA,NA,NA,NA,30.5136567313829,NA,NA,NA,NA
"AATCGGTAGACTGTAA-400.2.2",NA,NA,NA,NA,NA,31.3175060030186,NA,NA,NA,NA,NA,NA,NA
"AATCGGTCAAGGTTCT-400.2.2",NA,NA,NA,NA,NA,NA,NA,NA,NA,17.1436040343068,NA,NA,25.9827672530572
"ACACCAATCATACGGT-400.2.2",10.5665610001897,10.3865070331491,10.5482367194224,10.5002998813486,10.5428444944296,10.4630573844345,10.5344896216871,10.5748502608535,17.607837092217,16.300067516201,21.0850492660072,13.6227774047223,18.7654476620663
"ACACCCTAGGAATTAC-400.2.2",4.75934297065437,4.76877418090062,4.75630485274151,4.75514405148068,4.77232485262653,4.7628719711012,4.75848980690993,4.7660359025175,4.71633105560146,4.68422163005588,4.71995644199592,4.7049607369704,4.69670774748612
"ACACCCTCATATGAGA-400.2.2",7.615805093681,7.69601889343836,7.63902550555617,7.6331177050909,7.64340216381102,7.67012373624534,7.67778419976433,7.65718385634667,7.67696020257107,7.6750455082169,7.66434953480665,7.69919812597268,7.56278589016579
"ACACCCTCATCTCCCA-400.2.2",NA,43.7158914789935,NA,NA,NA,NA,NA,NA,NA,NA,NA,NA,NA
"ACACCGGCACTCGACG-400.2.2",NA,NA,NA,NA,NA,NA,NA,NA,NA,26.2421408938584,17.1222427698251,21.8763587125257,19.8330657551792
"ACACTGAAGAGTCGGT-400.2.2",9.8462946308141,9.78335003373823,9.710971884832,9.71678104511065,9.64876512478229,9.74298964726233,9.82340852089193,9.77593269418133,19.690534629493,14.7631338717751,18.7482488029944,12.4491961533615,13.8242216174277
"ACAGCTACACGGCTAC-400.2.2",12.9481751390929,12.812445583585,12.997070879916,12.9935733550583,12.8069337687803,12.8441663053644,12.7975533379113,12.8866073702187,13.2465385961337,12.6886478210324,13.2771539098032,15.3576249007644,13.0692818174158
"ACCCACTTCAATACCG-400.2.2",NA,NA,NA,NA,NA,NA,NA,39.2738545280061,NA,NA,NA,NA,NA
"ACCCACTTCGCGGATC-400.2.2",NA,NA,NA,NA,NA,NA,NA,NA,NA,NA,NA,30.5688709296527,NA
"ACCGTAACAAACCCAT-400.2.2",NA,NA,16.6219850901278,NA,NA,NA,NA,NA,NA,NA,NA,NA,NA
"ACCGTAACACGGTTTA-400.2.2",NA,NA,NA,NA,NA,NA,NA,NA,NA,15.6546610742328,NA,NA,24.5996700388685
"ACCGTAAGTAATCGTC-400.2.2",NA,NA,NA,16.2508927902383,NA,NA,NA,NA,NA,NA,NA,NA,NA
"ACCGTAAGTATAATGG-400.2.2",NA,NA,NA,NA,43.0765684693049,NA,NA,NA,NA,NA,NA,NA,NA
"ACCGTAATCATTGCCC-400.2.2",NA,NA,45.3478323525216,NA,NA,NA,NA,NA,NA,NA,NA,NA,NA
"ACGAGCCTCCGTAGGC-400.2.2",30.2313441890802,28.7330437722998,29.3347103263707,29.1616440323963,28.0134507251196,29.4446306658551,28.7579321329857,28.9350802227592,NA,NA,NA,NA,NA
"ACGAGGAAGGGTCGAT-400.2.2",9.65447799168264,9.61590305696934,9.710971884832,9.6770249375408,9.6254504142008,9.61926208977014,9.66909369229496,9.69048656972023,17.5834892105941,16.2573538745821,21.5489530609346,14.1991433159777,16.3031709442664
"ACGATACGTGAGGGTT-400.2.2",NA,NA,NA,26.7207142892232,NA,NA,NA,NA,NA,NA,NA,NA,NA
"ACGATGTAGATCCCAT-400.2.2",NA,NA,NA,NA,NA,NA,45.8269261815521,NA,NA,NA,NA,NA,NA
"ACGATGTCATAAGACA-400.2.2",10.0933709015283,10.0065720749499,10.0936129190188,10.086849129896,10.0738692239567,10.0111739932968,10.0511122962936,10.0676439155119,9.91050451799338,10.0348196077963,10.0764751248678,10.1400236475265,9.8966872156387
"ACGCAGCAGGAGTAGA-400.2.2",NA,NA,NA,NA,NA,NA,NA,NA,NA,28.5380180993516,NA,NA,NA
"ACGCCGATCCGTACAA-400.2.2",26.4014936712335,NA,NA,NA,NA,NA,NA,NA,NA,NA,NA,NA,NA
"ACGGAGACATGGTCTA-400.2.2",29.9979920049951,NA,NA,NA,NA,NA,NA,NA,NA,NA,NA,NA,NA
"ACGGAGATCTCCAACC-400.2.2",24.7088782584912,24.3227121830926,24.6274350426418,25.0168743336288,24.4375834528393,24.4126171490752,24.3900371785242,24.3818466320053,NA,NA,NA,NA,NA
"ACGGAGATCTTAACCT-400.2.2",NA,NA,NA,NA,NA,NA,NA,NA,NA,NA,26.2397695820573,NA,NA
"ACGGCCATCACCCTCA-400.2.2",26.4880019605642,NA,NA,NA,NA,NA,NA,NA,NA,NA,NA,NA,NA
"ACTATCTTCACAGTAC-400.2.2",NA,NA,NA,NA,NA,NA,NA,NA,15.9241573440308,19.7678064502814,17.3833602193766,21.7281134112495,17.3580716561406
"ACTGAACGTCATACTG-400.2.2",NA,NA,NA,NA,NA,NA,NA,NA,NA,NA,28.9673472007037,NA,NA
"ACTGAACGTCTGCCAG-400.2.2",NA,NA,NA,NA,NA,NA,NA,NA,17.0812024824219,16.5650698640436,22.4186424116684,15.4516189538069,16.2577158791052
"ACTGAACGTTGGTAAA-400.2.2",NA,NA,NA,NA,46.0629642616553,NA,NA,NA,NA,NA,NA,NA,NA
"ACTGAGTCATTCCTCG-400.2.2",16.7551634085545,16.2400548663585,16.356997890267,16.378852153541,16.2266955631855,16.3443352977456,16.2846306646811,16.3048258510196,NA,NA,NA,NA,12.2592949951709
"ACTGTCCAGAGTACCG-400.2.2",NA,NA,NA,NA,NA,NA,NA,NA,21.0738871379095,15.6756820180083,18.8386294874644,13.2692597449145,15.6741156300005
"ACTGTCCCATAGACTC-400.2.2",19.7708695542335,NA,NA,NA,NA,NA,NA,NA,NA,NA,NA,NA,NA
"ACTGTCCTCGAACGGA-400.2.2",NA,NA,NA,NA,NA,NA,NA,NA,NA,22.2026496634575,NA,25.6973875236737,18.1178365385765
"ACTTACTGTAAGCACG-400.2.2",19.5508368885921,19.6434906690502,19.7585324206213,19.8107700239659,19.7299013341001,19.7722018662263,19.761638801484,19.6902630740877,NA,NA,NA,NA,NA
"ACTTGTTCAACTGCTA-400.2.2",24.5275261666298,NA,NA,NA,NA,NA,NA,NA,NA,NA,NA,NA,NA
"ACTTGTTTCTGTTGAG-400.2.2",NA,38.2861599588173,NA,NA,NA,NA,NA,NA,NA,NA,NA,NA,NA
"ACTTTCAGTGGGTATG-400.2.2",23.1335723538009,23.2475531404871,23.2708024744235,23.0762683880797,23.153487151384,23.3319643863416,23.2532137142036,23.1516085730973,NA,NA,NA,NA,NA
"AGAGTGGGTTTCCACC-400.2.2",NA,NA,NA,NA,NA,NA,NA,NA,NA,NA,NA,15.8125296156217,NA
"AGAGTGGTCATTATCC-400.2.2",NA,NA,NA,NA,NA,NA,NA,NA,NA,21.2018604735763,NA,24.619526863865,17.8845206543862
"AGCAGCCTCAACCAAC-400.2.2",31.730836370074,31.9074810870767,32.4757612294557,33.0455705935573,32.9961400789531,32.6105570691634,35.3385429290517,32.4404739179818,NA,NA,NA,NA,NA
"AGCATACAGAGACTTA-400.2.2",NA,44.7681973940386,NA,NA,NA,NA,NA,NA,NA,NA,NA,NA,NA
"AGCATACAGATGTGGC-400.2.2",9.45751580379599,9.47390079925998,9.49002774937852,9.49372728560347,9.45722070877488,9.47335647723705,9.44773324464977,9.45457388064153,13.3186738480439,9.16575330293132,9.31197616740054,15.993150531182,9.40209709354025
"AGCGGTCCACATGGGA-400.2.2",NA,NA,39.315951868097,NA,NA,NA,NA,NA,NA,NA,NA,NA,NA
"AGCGTATGTTCCGTCT-400.2.2",NA,NA,NA,NA,NA,NA,NA,NA,22.0554585865526,NA,19.1779316373708,NA,NA
"AGCTCCTGTCCGCTGA-400.2.2",17.5585012390061,NA,NA,NA,NA,NA,NA,NA,NA,NA,NA,NA,NA
"AGCTCCTGTGATGTGG-400.2.2",14.0928080454068,13.8003946145954,13.8893907289934,13.945015800348,13.7034284923183,13.8626559915287,13.8114676795801,13.8153078340837,11.94759683004,11.5675763745407,12.1533877954027,14.2995385873771,11.7249931034913
"AGCTCTCAGCATCATC-400.2.2",32.500300446848,32.7677169360001,33.6839826263771,33.0808610321919,33.092724055323,33.6795414657408,34.7827006134306,34.0350784584856,NA,NA,NA,NA,NA
"AGCTCTCTCTTAGAGC-400.2.2",7.65113545268872,7.69601889343836,7.63902550555617,7.6331177050909,7.68302971637633,7.67012373624534,7.73456081584199,7.71199451626473,7.73569602811975,7.7021113887719,7.6936983067876,7.8227343438748,7.62477386935434
"AGCTTGAAGCTGTTCA-400.2.2",NA,26.032360207834,NA,NA,NA,NA,NA,NA,NA,NA,NA,NA,NA
"AGCTTGAGTAGGAGTC-400.2.2",8.76633477425498,8.75178985100346,8.84182770551819,8.83802726820634,8.71664368378311,8.83752586927771,8.77804660204094,8.77859303804899,8.50984370335839,16.1225556015648,8.57006161259923,8.59034915677902,22.5205211323924
"AGGCCACAGTTTCCTT-400.2.2",9.01360835297711,9.02379299816871,8.90611541584536,8.89890006760738,8.96100215939418,8.9324835244167,8.98453279243801,8.9801461169614,16.066584279308,18.1097033911348,18.0391387211631,19.6687962577484,19.1992258400254
"AGGGAGTAGGGCTTCC-400.2.2",NA,NA,NA,NA,39.023826374119,NA,NA,NA,NA,NA,NA,NA,NA
"AGGGAGTAGTACCGGA-400.2.2",25.0143636035016,25.3065018270102,25.2770818446241,25.0041507814679,25.0602286623038,25.1538474583021,25.2758457654745,25.1815264130211,NA,34.8924034448728,NA,NA,NA
"AGGGATGTCAGTACGT-400.2.2",NA,NA,21.9802214510195,NA,NA,NA,NA,NA,NA,NA,NA,NA,NA
"AGGGTGAGTCAAACTC-400.2.2",23.2854477122465,23.4363863688547,23.545608486379,23.4868601710124,23.6195603331019,23.4816890065607,23.427553977621,23.4270077272363,NA,NA,NA,NA,NA
"AGGTCATGTCTAGGTT-400.2.2",NA,NA,NA,NA,NA,NA,NA,NA,24.7382563214601,14.7631338717751,15.4738294829652,13.0459435734787,14.266232252362
"AGGTCATTCGCCCTTA-400.2.2",NA,18.4362523298642,NA,NA,NA,NA,NA,NA,NA,NA,NA,NA,NA
"AGGTCCGGTCCATCCT-400.2.2",NA,NA,NA,NA,NA,27.6447870467867,NA,NA,NA,NA,NA,NA,NA
"AGTAGTCTCTACCTGC-400.2.2",6.25247465501051,6.25220567732598,6.2475310281091,6.24629321816499,6.21695312763601,6.21838248502723,6.22587924226206,6.21900148841952,6.2393986071182,6.27202266530701,6.29569166303743,6.32869745224444,6.14692526060124
"AGTCTTTCAGTAAGAT-400.2.2",NA,NA,39.9872236933756,NA,NA,NA,NA,NA,NA,NA,NA,NA,NA
"AGTCTTTTCCCTTGCA-400.2.2",NA,NA,NA,NA,NA,NA,NA,NA,19.8687236213403,16.1225556015648,NA,NA,22.5256837257542
"AGTGGGAAGGGAACGG-400.2.2",30.761147527817,32.1888303537894,32.3336529346668,31.7846079718485,31.8171935331042,31.7006689105746,32.4779689024769,31.9890859575846,NA,NA,NA,NA,NA
"AGTGGGATCGGCTACG-400.2.2",NA,NA,NA,NA,NA,NA,NA,NA,NA,25.6276373222052,NA,21.4801206565457,19.8146199087871
"AGTTGGTAGGGAGTAA-400.2.2",NA,NA,29.6708906007346,NA,NA,NA,NA,NA,NA,NA,NA,NA,NA
"AGTTGGTGTTTGTGTG-400.2.2",14.1370371504279,13.79435357511,13.9202843206702,13.9303065647076,13.7914954757268,13.9057188908667,13.8654060187179,13.8252002948984,12.3060948017477,11.7908736274256,12.553301233387,14.4431284951262,12.0716483159936
"ATAACGCAGCAGGCTA-400.2.2",24.7823375329811,NA,NA,NA,NA,NA,NA,NA,NA,NA,NA,NA,NA
"ATAACGCAGCGTGTCC-400.2.2",NA,NA,NA,NA,NA,NA,NA,NA,NA,NA,NA,30.8093422685575,NA
"ATAACGCTCGTTGACA-400.2.2",NA,NA,NA,NA,NA,NA,NA,NA,17.5568398319429,NA,25.1233164872434,NA,NA
"ATAGACCAGCATCATC-400.2.2",NA,16.420562013546,NA,NA,NA,NA,NA,NA,NA,NA,33.9791082844835,NA,NA
"ATCACGAAGAATGTGT-400.2.2",NA,NA,NA,37.3840068809128,NA,NA,NA,NA,NA,NA,NA,NA,NA
"ATCATCTAGTACTTGC-400.2.2",7.80669299507374,7.69601889343836,7.73245716281191,7.73111548406923,7.81560659580595,7.72389835671809,7.73456081584199,7.79255933383606,7.81953571730835,7.83842808048499,7.89131624467131,7.9598522164368,7.7092843577793
"ATCATCTCAAGTCTAC-400.2.2",7.42890685405167,7.46001884021212,7.44169056760543,7.45031186800234,7.47935234104376,7.4576732737688,7.4626917908007,7.47182259125481,7.67110682627222,7.79292602479369,7.72105735072308,7.79302791778749,7.8001800687016
"ATCATCTTCTAACGGT-400.2.2",NA,NA,NA,NA,NA,NA,NA,NA,NA,NA,NA,16.1474473901699,NA
"ATCATGGTCCGAATGT-400.2.2",NA,NA,NA,NA,NA,NA,NA,NA,29.3097060959484,NA,NA,NA,NA
"ATCCACCTCTGAAAGA-400.2.2",NA,NA,NA,NA,NA,NA,NA,38.9123259245796,NA,NA,NA,NA,NA
"ATCCGAATCATCTGCC-400.2.2",NA,NA,NA,NA,NA,NA,NA,NA,NA,NA,30.1101343419443,NA,NA
"ATCGAGTAGATCGGGT-400.2.2",NA,NA,NA,NA,NA,NA,NA,NA,17.295383115029,15.6756820180083,23.6371485793854,13.8185824003604,15.1933911907018
"ATCGAGTGTACATGTC-400.2.2",NA,NA,NA,NA,NA,NA,NA,NA,NA,NA,NA,NA,27.9538714543572
"ATCTACTAGAGGTTAT-400.2.2",11.9672843251512,11.8161827917201,12.0014814773252,11.9789238252838,11.9355811875669,11.9816101999979,11.9392965359266,11.9262050800775,15.3306224852068,19.157210684554,16.3378030882609,17.8193716485077,16.2554688628019
"ATCTACTCAATGCCAT-400.2.2",NA,51.2598806546199,NA,NA,NA,NA,NA,NA,NA,NA,NA,NA,NA
"ATCTACTGTCCCTACT-400.2.2",10.2358697899666,10.2143393029179,10.1697655142449,10.1920158191692,10.0832073984752,10.2358794278197,10.2443677442756,10.1749968028346,16.5173852085755,18.2799300329243,18.4928667986723,18.8032786412371,17.7010460058379
"ATCTGCCCATCACAAC-400.2.2",29.8097964157112,31.9456976564277,30.9275819826456,30.1953876113737,30.0596504313521,30.5711511912282,30.4644091467372,30.333010980925,NA,NA,NA,NA,NA
"ATCTGCCTCAGCAACT-400.2.2",NA,NA,NA,NA,NA,NA,NA,NA,18.8799962324908,NA,24.188489113385,NA,25.3859417360072
"ATGAGGGGTTTGGCGC-400.2.2",NA,NA,NA,NA,NA,NA,NA,NA,27.8594655376965,17.553076851092,16.2451935773837,17.9351240022213,15.7212141995166
"ATGCGATAGTGTACGG-400.2.2",6.64282769751297,6.65231614170207,6.64878332177856,6.6362513324857,6.6514030726017,6.64866549995858,6.65461097209426,6.65428170457599,6.19066738968651,6.17936615653599,6.20024491303663,6.26964780791709,6.15170766279481
"ATGCGATTCGCACTCT-400.2.2",29.0406216260316,29.7892465940888,30.1106083728833,30.0975211119956,30.0596504313521,29.6906166397772,30.7339253546537,29.689635356523,NA,NA,NA,NA,NA
"ATGTGTGCACGCGAAA-400.2.2",34.9752866939972,34.4524059756114,36.6149280781402,35.5040630893603,35.1353226431335,35.8791962213299,36.8813307267011,37.2862116405798,NA,NA,NA,NA,NA
"ATTACTCAGTGACTCT-400.2.2",32.500300446848,32.4509967076187,33.7405786490521,33.4655948702301,33.092724055323,32.894461343122,34.1263889253474,33.2180372389974,NA,NA,NA,NA,NA
"ATTATCCCAATGGACG-400.2.2",24.2723852474994,NA,24.1588223894961,NA,NA,NA,NA,NA,NA,NA,NA,NA,NA
"ATTATCCCAATTGCTG-400.2.2",NA,NA,NA,NA,NA,NA,NA,NA,32.1955829124651,NA,NA,NA,NA
"ATTATCCCACTACAGT-400.2.2",NA,NA,NA,18.8170937745329,NA,NA,NA,NA,NA,NA,NA,NA,NA
"ATTATCCGTCTAGTGT-400.2.2",20.6865609164753,20.5960932327627,20.5623772039182,20.5519859435335,20.5630616581821,20.6950853004193,20.6266611061062,20.5749201292296,NA,NA,NA,NA,NA
"ATTATCCGTTCTGTTT-400.2.2",22.8897934184319,22.62187210952,22.866589508254,22.8318737136773,22.3848622618507,22.6283081999422,22.6023872894041,22.6310689781137,NA,NA,NA,NA,NA
"ATTATCCTCGCGTAGC-400.2.2",41.4923150204691,NA,NA,NA,NA,NA,NA,NA,NA,NA,NA,NA,NA
"ATTCTACTCTCAAACG-400.2.2",NA,20.2455803083445,NA,NA,NA,NA,NA,NA,NA,NA,NA,NA,NA
"ATTGGACAGACACTAA-400.2.2",NA,NA,NA,NA,NA,NA,NA,NA,NA,NA,31.6448175432086,NA,NA
"ATTGGACAGAGACTAT-400.2.2",17.938004649002,NA,NA,NA,NA,NA,NA,NA,NA,NA,NA,NA,NA
"ATTGGACCACGGATAG-400.2.2",NA,NA,NA,22.0000264950075,NA,NA,NA,NA,NA,NA,NA,NA,NA
"ATTGGACGTACCAGTT-400.2.2",NA,NA,NA,NA,NA,NA,NA,NA,NA,31.2038294795479,NA,NA,NA
"ATTGGACGTTATGTGC-400.2.2",27.1034487049689,27.504139561575,27.683332141572,27.9624445382926,27.7613990138838,27.3693237464712,27.819337240704,27.4000318524315,NA,NA,NA,NA,NA
"ATTTCTGAGACAGGCT-400.2.2",23.2066980300037,NA,NA,NA,NA,NA,NA,NA,NA,NA,NA,NA,NA
"ATTTCTGCAAAGGAAG-400.2.2",NA,NA,NA,NA,NA,NA,NA,NA,NA,NA,33.9243743766315,NA,NA
"ATTTCTGGTCTAGTGT-400.2.2",7.81183354857972,7.69601889343836,7.71944879159398,7.71320364709649,7.81560659580595,7.70711278785599,7.73456081584199,7.79255933383606,7.81953571730835,7.7021113887719,7.76992132351448,7.76498838220069,7.7092843577793
"CAACCAAAGGGAACGG-400.2.2",25.5317694218142,25.8245545534351,26.0359954385903,26.0155282951909,25.9960559694799,25.8512995558141,25.991738089254,25.6951110666885,NA,NA,NA,NA,NA
"CAACCAAGTAAGGATT-400.2.2",NA,NA,NA,NA,NA,NA,NA,NA,NA,23.1221745750527,NA,26.4428810721039,NA
"CAACCAATCCGCATAA-400.2.2",NA,NA,NA,46.711176031514,NA,NA,NA,NA,NA,NA,NA,NA,NA
"CAACTAGAGATCCGAG-400.2.2",11.0582656702659,11.1236127506649,11.1104528900459,11.0584585412358,11.1050947735097,11.1031878882534,11.1471458721131,11.1158014143403,11.5767864725366,10.6608314231401,11.0180231476306,10.6464793526275,11.1631266204439
"CAAGATCTCAGAGGTG-400.2.2",25.1299003862705,25.2506900529849,25.2780274193608,25.1325769744994,25.2029620352687,25.4244035260657,25.1954058519674,25.0751190437772,NA,NA,NA,NA,NA
"CAAGATCTCCACGACG-400.2.2",9.47163254360876,9.47390079925998,9.53240749859585,9.5201591916432,9.56261087274813,9.5567340722627,9.46987115695229,9.4823329004593,9.44635473677925,9.2760079765992,9.29746261355156,9.36188054110654,9.33209133401911
"CAAGGCCTCCTGTACC-400.2.2",NA,NA,25.1300678868628,NA,NA,NA,NA,NA,NA,NA,NA,NA,NA
"CAAGTTGGTACCGTTA-400.2.2",30.5443066522265,31.0734946514216,31.7435270433673,31.0377833381258,31.2437880516352,32.2697232285321,31.9831927305074,31.1662525030002,NA,NA,NA,NA,NA
"CAAGTTGGTCACTGGC-400.2.2",NA,NA,NA,NA,22.4538497175897,NA,NA,NA,NA,NA,NA,NA,38.2935996587386
"CAAGTTGGTGCAACTT-400.2.2",17.4321938115376,NA,NA,NA,NA,NA,NA,NA,NA,NA,NA,NA,NA
"CAAGTTGTCCTGCTTG-400.2.2",NA,NA,NA,39.9222101099913,NA,NA,NA,NA,NA,NA,NA,NA,NA
"CACACTCCAGGGTACA-400.2.2",26.4434521057421,25.6339430879906,25.8335723374867,26.345669617019,25.6080578840086,25.4098626745212,25.5202705491957,25.5845204785989,NA,NA,NA,NA,NA
"CACACTCGTGTGACGA-400.2.2",NA,NA,NA,NA,NA,NA,NA,NA,NA,NA,NA,15.4650577745667,NA
"CACAGGCAGTTGAGTA-400.2.2",18.8220395136062,NA,NA,NA,NA,NA,NA,NA,NA,NA,NA,NA,NA
"CACAGGCCATAGTAAG-400.2.2",NA,NA,NA,39.8853763386701,NA,NA,NA,NA,NA,NA,NA,NA,NA
"CACAGGCTCCGCGTTT-400.2.2",30.5778771369066,31.857989034822,32.2549713616126,31.7846079718485,32.0337800397726,31.7599192315619,32.4358787142123,31.7294932317928,NA,NA,NA,NA,NA
"CACAGTAGTCCCTACT-400.2.2",NA,NA,NA,NA,NA,NA,NA,NA,17.3527217867481,15.8999417219031,22.9948672913887,14.188971031597,15.6525028651969
"CACAGTATCTCGTTTA-400.2.2",NA,NA,NA,NA,NA,NA,NA,NA,15.0238736053313,16.2244084325457,15.4611876126083,18.263370231554,24.554522622243
"CACATAGAGGCTAGAC-400.2.2",NA,NA,40.5275527448153,NA,NA,NA,NA,NA,NA,NA,NA,NA,NA
"CACATAGGTTTAAGCC-400.2.2",NA,NA,NA,NA,NA,NA,NA,NA,20.902248070937,15.8886711528003,19.4199714165291,13.3579240581708,15.8182498452465
"CACATTTAGCTCAACT-400.2.2",NA,NA,22.0430756504328,NA,NA,NA,NA,NA,NA,NA,NA,NA,NA
"CACATTTGTGGTACAG-400.2.2",7.7087177965087,7.69601889343836,7.63902550555617,7.6331177050909,7.74171848788707,7.67012373624534,7.73456081584199,7.76130840596041,7.81953571730835,7.75701742818711,7.85186346700952,7.95716336096819,7.7092843577793
"CACATTTTCTCAAGTG-400.2.2",NA,NA,22.1739540306382,NA,NA,NA,NA,NA,NA,NA,NA,NA,NA
"CACCACTAGCCCTAAT-400.2.2",NA,NA,NA,NA,NA,NA,NA,NA,21.3725270124618,16.0550534489329,19.2201331923434,13.6227774047223,16.2049946541523
"CACCACTAGCGATGAC-400.2.2",NA,NA,NA,25.9530282440293,NA,NA,NA,NA,NA,NA,NA,NA,NA
"CACCACTTCGTAGGTT-400.2.2",17.9844368696305,18.1214307338082,18.1148509843415,18.208038471347,18.1313614970601,18.1317091166933,18.1782846883071,18.1844422623597,NA,NA,NA,NA,NA
"CACCAGGCAACGATCT-400.2.2",15.8059465322192,15.4676779058948,15.4652545681435,15.5266780432626,15.312464134528,15.5385035515534,15.4405085276169,15.4695507871708,NA,NA,NA,NA,NA
"CACCAGGTCTGCTTGC-400.2.2",NA,NA,40.3180259532574,NA,NA,NA,NA,NA,NA,NA,NA,NA,NA
"CACCTTGCATTGCGGC-400.2.2",NA,NA,NA,NA,NA,NA,NA,NA,NA,NA,NA,NA,34.054419235905
"CACTCCACACGCTTTC-400.2.2",8.55602712554786,8.57239895189059,8.56120006421328,8.5754820874143,8.55322526128825,8.55487365580143,8.55843323720125,8.55844814148682,8.37491868020971,8.27339328022013,8.25697665249663,15.7522552883165,8.24201058074056
"CAGATCAAGGAGCGTT-400.2.2",NA,NA,NA,23.2449849079971,NA,NA,NA,NA,NA,NA,NA,NA,NA
"CAGATCATCGGTGTCG-400.2.2",NA,NA,NA,45.5918396805585,NA,NA,NA,NA,NA,NA,NA,NA,NA
"CAGCAGCTCTTTAGTC-400.2.2",NA,NA,NA,NA,NA,NA,NA,NA,NA,22.7164358978748,NA,27.1492262295713,NA
"CAGCATAGTCCAACTA-400.2.2",NA,NA,NA,NA,42.4907609274448,NA,NA,NA,NA,NA,NA,NA,NA
"CAGCATATCAAACCGT-400.2.2",NA,NA,NA,NA,NA,NA,NA,NA,NA,23.7193337593402,NA,19.1034478694783,NA
"CAGCATATCGTTTGCC-400.2.2",NA,NA,NA,NA,NA,NA,NA,NA,NA,26.6414085319931,NA,21.2057812688037,19.6224019361267
"CAGCCGACACCATGTA-400.2.2",NA,NA,NA,NA,NA,NA,NA,NA,NA,24.4731725241119,NA,30.3828100102655,NA
"CAGCCGACAGACAGGT-400.2.2",9.26339888605121,9.19426220545204,9.29410170299014,9.26658054353903,9.17002298069377,9.22804685758473,9.23554408263622,9.24322507653511,9.06657080843274,8.9576726194943,9.02084636987198,9.10443055304816,8.86384391989761
"CAGCCGACAGCTGTTA-400.2.2",16.6179712161494,NA,NA,NA,NA,NA,NA,NA,NA,NA,NA,NA,NA
"CAGCCGACATGAGCGA-400.2.2",29.0406216260316,29.7429765832151,30.1130070689127,30.2885557195512,30.2813120141854,29.6703386116612,30.4978297006798,29.5060024365701,NA,NA,NA,NA,NA
"CAGCCGAGTAGGAGTC-400.2.2",23.5986846276719,23.1240023009851,23.2904969609937,23.4099726253259,22.8811194367,23.0008448520378,23.1313063064656,23.1834507344402,NA,NA,NA,NA,NA
"CAGCGACAGAAACCTA-400.2.2",10.6633212467253,10.6609957477797,10.667652781434,10.637104819868,10.6244952633277,10.6924457419108,10.6663079605684,10.6489231787113,20.0058920492063,16.1145888972772,16.2170470540897,13.3537509363266,20.3854321100168
"CAGCGACAGACAATAC-400.2.2",16.6821340024531,NA,NA,NA,NA,NA,NA,NA,NA,NA,NA,NA,NA
"CAGCTGGGTGAGGCTA-400.2.2",31.6585080499363,31.9225646788481,33.4869120353804,32.6254384082136,32.4054006399078,32.0992663578797,32.8205143079809,32.3461578343874,NA,NA,NA,NA,NA
"CAGGTGCAGCCACGCT-400.2.2",23.0352821409556,23.0731928793395,23.1279254638456,22.8637324053819,22.8938165470445,23.0637955588827,23.1090833721,23.0668385268272,NA,NA,NA,NA,NA
"CAGTAACGTTGGTAAA-400.2.2",NA,NA,NA,NA,NA,NA,NA,NA,14.6477231701634,19.7131784626399,15.1833310422968,16.687738611195,15.447314196337
"CAGTAACTCGCAAACT-400.2.2",NA,NA,NA,NA,28.1699465202438,NA,NA,NA,NA,NA,NA,NA,39.9241227112141
"CAGTCCTCACGGCGTT-400.2.2",28.3682175573065,29.3576095186253,29.475541320559,29.2026859810814,29.556843147077,29.2842024582829,29.5374125231101,29.1491537256254,NA,NA,NA,NA,NA
"CAGTCCTCATACTACG-400.2.2",21.1493859038502,21.2177928757837,21.3881765475188,21.3324434812805,21.2549972097366,21.3661617488569,21.2753167975459,21.2731560875599,NA,NA,NA,NA,NA
"CATATGGTCCTTTCTC-400.2.2",NA,NA,NA,15.2972451512064,NA,NA,NA,NA,NA,NA,NA,NA,NA
"CATCAAGAGTTAGCGG-400.2.2",NA,NA,NA,21.4249714671654,NA,NA,NA,NA,NA,NA,NA,NA,NA
"CATCAAGGTGCCTGCA-400.2.2",NA,NA,NA,NA,NA,25.0867770155495,NA,NA,NA,NA,NA,NA,NA
"CATCAAGGTTATCCGA-400.2.2",35.0216461390843,34.2892988359138,36.422218690383,35.8744489450051,34.2175863309612,35.8064580907633,36.3426243011007,36.3401291949306,NA,NA,NA,NA,NA
"CATCAAGTCTACTATC-400.2.2",NA,NA,NA,42.0972750323771,NA,NA,NA,NA,NA,NA,NA,NA,NA
"CATCAAGTCTGTGCAA-400.2.2",NA,NA,30.5815688612596,NA,NA,NA,NA,NA,NA,NA,NA,NA,NA
"CATCAGAAGCAGCCTC-400.2.2",21.4786667423294,21.4521963001329,21.6423800593283,21.3682386782473,21.4546541647622,21.6022963551156,21.6355830685459,21.4867452887157,NA,NA,NA,31.0324038997183,NA
"CATCAGAAGGATGCGT-400.2.2",18.5734525874025,NA,NA,NA,NA,NA,NA,NA,NA,NA,NA,NA,NA
"CATCCACCAGTAAGCG-400.2.2",26.3203806918904,26.5883157528933,26.5513698233695,26.5429055978061,26.7932558536034,26.403002079724,26.5137308394456,26.3755060023276,NA,NA,NA,NA,NA
"CATCGAAAGGACTGGT-400.2.2",NA,NA,39.1532534607445,NA,NA,NA,NA,NA,NA,NA,NA,NA,NA
"CATCGGGGTCCGAACC-400.2.2",26.0987714185599,26.3295522066193,26.471463918716,26.2837339286263,26.4593540559081,26.2289287853578,26.4353901247609,26.2256300859066,NA,NA,NA,NA,NA
"CATCGGGTCAACCAAC-400.2.2",10.1561969631546,10.0898726797765,10.1290664954724,10.0882858073858,10.0832073984752,10.1032676716412,10.1327177639834,10.1407298448191,14.7182721927308,16.0597553282144,15.475860106168,9.80493635416379,15.8613175271168
"CATGCCTAGTAAGTAC-400.2.2",23.1983309222735,NA,NA,NA,NA,NA,NA,NA,NA,NA,NA,NA,NA
"CATGCCTCACTTCTGC-400.2.2",NA,NA,NA,NA,NA,NA,NA,NA,16.4097143324476,19.451680617936,17.4422846598772,19.6687962577484,17.6224635353793
"CATGGCGAGCGTTCCG-400.2.2",9.45751580379599,9.47390079925998,9.33889355356621,9.33260284267747,9.387297083102,9.37650414639774,9.40341538820163,9.37762911849148,9.16804868555336,15.327791839059,9.24578175011784,9.42525879862301,21.9430965757598
"CATTATCCAATAGCAA-400.2.2",NA,NA,NA,NA,NA,NA,NA,NA,NA,NA,NA,NA,31.4435740555014
"CCACCTAGTATATGGA-400.2.2",27.2224700380775,27.7641378247504,27.8326289907778,27.9744899950232,27.8308027673124,27.6470024370544,28.0263609386258,27.6137609348745,NA,NA,NA,NA,NA
"CCACGGATCTGTCAAG-400.2.2",10.3038879911469,10.3233391663874,10.2880330040896,10.3192559678854,10.2466573903675,10.3427511180528,10.2443677442756,10.2671061211673,13.7951481347475,10.1871016744566,10.3271759620385,15.7935793813535,14.2793634765506
"CCAGCGACACGACTCG-400.2.2",NA,NA,NA,NA,NA,NA,46.6637199208696,NA,NA,NA,NA,NA,NA
"CCAGCGACAGCATGAG-400.2.2",NA,NA,NA,NA,NA,NA,NA,NA,NA,NA,NA,31.0324038997183,NA
"CCAGCGACAGCTTAAC-400.2.2",NA,NA,NA,NA,NA,NA,NA,NA,NA,NA,NA,31.0324038997183,NA
"CCAGCGACATACCATG-400.2.2",22.0613587845081,22.0145674230536,22.1507745690516,22.5171571457137,22.3176779633045,22.028106420199,21.9340532284403,22.1423377659998,NA,NA,NA,NA,NA
"CCATGTCGTTGCTCCT-400.2.2",29.0406216260316,29.3576095186253,29.6810979979131,30.025513900107,30.253959882894,29.2520788218903,30.2437028434438,29.2577732300859,NA,NA,NA,NA,NA
"CCATGTCTCCGCAAGC-400.2.2",30.3033460580417,30.1764704908633,33.7728592338028,30.3983121522827,29.9168873651048,30.8529685049268,30.0459653427073,30.0123721828172,NA,NA,NA,NA,NA
"CCATTCGAGCACCGTC-400.2.2",NA,NA,NA,41.58145596309,NA,NA,NA,NA,NA,NA,NA,NA,NA
"CCATTCGGTTTGGCGC-400.2.2",NA,NA,NA,NA,NA,NA,NA,NA,NA,NA,26.6349189590715,NA,NA
"CCCAATCAGACACTAA-400.2.2",NA,NA,NA,18.520448606982,NA,NA,NA,NA,NA,NA,NA,NA,NA
"CCCAATCAGGCATTGG-400.2.2",23.9380208037616,NA,NA,NA,NA,NA,NA,NA,NA,NA,NA,NA,NA
"CCCAGTTCAGATAATG-400.2.2",NA,NA,NA,NA,NA,NA,43.838954286572,NA,NA,NA,NA,NA,NA
"CCCTCCTAGAGACTTA-400.2.2",NA,NA,NA,NA,NA,52.6994132881239,NA,NA,NA,NA,NA,NA,NA
"CCCTCCTAGTGACATA-400.2.2",7.4341957573064,7.3686064287942,7.39206085622767,7.40076824544393,7.36784651202402,7.37070381514127,7.34080741747438,7.39809053889695,7.54948800138857,7.49712874085797,7.54549376570272,7.75773628195446,7.47448945201896
"CCCTCCTGTGCAACTT-400.2.2",9.45751580379599,9.47390079925998,9.49527322658084,9.5338154915497,9.54036916727371,9.57416924351622,9.41595007015724,9.43644294365208,18.0499084896304,15.8812011535569,20.8455923014466,13.1997535466697,15.5038946173065
"CCCTCCTTCAGGTAAA-400.2.2",NA,NA,NA,NA,NA,35.1735156635171,NA,NA,NA,NA,NA,NA,NA
"CCGGGATTCCAGATCA-400.2.2",32.1153758310697,NA,NA,NA,NA,NA,NA,NA,NA,NA,NA,NA,NA
"CCGGTAGAGCGATGAC-400.2.2",34.6425451613606,33.4331085389318,36.0316423721919,35.1431594119648,34.8523016981192,35.2735926144782,36.0141732157187,35.8910513200068,NA,NA,NA,NA,NA
"CCGGTAGAGCTAGTGG-400.2.2",NA,42.6434942563505,NA,NA,NA,NA,NA,NA,NA,NA,NA,NA,NA
"CCGGTAGCAAAGTGCG-400.2.2",NA,NA,NA,28.4519095173172,NA,NA,NA,NA,NA,NA,NA,NA,NA
"CCGGTAGTCTGCTTGC-400.2.2",NA,NA,NA,NA,NA,NA,NA,NA,NA,NA,NA,NA,27.9436429137432
"CCGTACTTCCAAGCCG-400.2.2",NA,NA,NA,NA,45.8418193620007,NA,NA,NA,NA,NA,NA,NA,NA
"CCGTGGAAGGTGTGGT-400.2.2",NA,NA,NA,NA,NA,NA,NA,NA,NA,23.6492049668598,NA,26.9612073505756,NA
"CCGTGGACACATTAGC-400.2.2",NA,18.5984716759265,NA,NA,NA,NA,NA,NA,NA,NA,NA,NA,NA
"CCGTGGAGTAGCTGCC-400.2.2",14.4773654708767,14.8614965287566,14.55969324172,14.6214681827065,14.6003817254335,14.6799082134671,14.7025510054135,14.647652104891,11.6185133745586,11.7908736274256,32.9685695548423,11.8300378312624,11.7249931034913
"CCGTGGAGTCCAGTTA-400.2.2",NA,NA,NA,NA,NA,NA,NA,NA,27.2207782446047,NA,NA,NA,NA
"CCGTTCACAGACAAGC-400.2.2",7.44097617733942,7.45670461819268,7.44438074007619,7.45119003639175,7.46353594687904,7.45324552961774,7.45564359159798,7.46114662859583,7.48924943933753,7.5686608275477,7.51446702317057,7.28098925989167,7.5562036926315
"CCGTTCAGTGCAGGTA-400.2.2",7.36093863557404,7.29132880760122,7.31202711916809,7.31859399435839,7.36784651202402,7.29173195961887,7.31997182937021,7.39809053889695,7.41435863167743,7.46700174403437,7.43702999385394,7.55500956952311,7.40450273664034
"CCGTTCATCGCTAGCG-400.2.2",17.4321938115376,NA,NA,NA,NA,NA,NA,NA,NA,NA,NA,NA,NA
"CCTAAAGGTCGAGTTT-400.2.2",NA,NA,NA,16.9060003286007,NA,NA,NA,NA,NA,NA,NA,NA,NA
"CCTAAAGTCAACCATG-400.2.2",10.2358697899666,10.1501288225759,10.1290664954724,10.0882858073858,10.0832073984752,10.1523638192693,10.2443677442756,10.1749968028346,21.5330223674498,14.298316457575,20.7783790721983,12.5222866925753,13.0959018496748
"CCTAAAGTCGACCAGC-400.2.2",8.62163781814388,8.5815865864312,8.54785312786641,8.5650427003189,8.58471945578163,8.57045320444214,8.56679520716839,8.58352188545444,8.5897440875247,8.61942209721572,8.63006960117403,8.69017956665085,8.53854774327021
"CCTACACAGAAGGTGA-400.2.2",29.5694245886412,30.2145185250495,31.0865307411316,30.9423054759629,30.6244905788934,30.498861123626,31.2248409163745,30.1445155160927,NA,NA,NA,NA,NA
"CCTACACAGACATAAC-400.2.2",NA,NA,NA,NA,NA,NA,NA,43.3365970694295,NA,NA,NA,NA,NA
"CCTACACAGCGTTTAC-400.2.2",NA,19.2858445422662,NA,NA,NA,NA,NA,NA,NA,NA,NA,NA,NA
"CCTACACCAAGTCTAC-400.2.2",13.2924613634015,13.1164439776915,13.3332960499258,13.4129575586997,13.0747613497026,13.1762482667784,13.2233915251952,13.2046807675308,13.2465385961337,12.0142537982721,13.2771539098032,15.9496135307691,12.8025850156866
"CCTACACCACACAGAG-400.2.2",9.05466830928639,9.02688430599125,8.99726622767573,8.98186616847041,9.0271128279507,9.02248459261262,8.98670519078197,8.98605098274769,17.058940720956,17.461745256025,18.0391387211631,19.4584447489623,18.3607219220804
"CCTACCATCACTGGGC-400.2.2",28.2604969931184,28.9239138279881,28.9164679765792,28.7378570902998,29.0761405853144,28.4671168387702,29.0537647177039,28.7105383378021,NA,NA,NA,NA,NA
"CCTATTAGTCCGAAGA-400.2.2",7.92423111560988,7.96290302068857,7.9567183427205,7.95001667827904,7.94984188338035,7.96251852874709,7.95603831013649,7.94989973550248,7.9604202512692,7.91026977352663,7.89131624467131,7.97450244613082,7.89303180653634
"CCTCAGTCATCATCCC-400.2.2",25.8243818909106,NA,NA,NA,NA,NA,NA,NA,NA,NA,NA,NA,NA
"CCTCAGTGTAGCGATG-400.2.2",NA,NA,23.4276888817429,NA,NA,NA,NA,NA,NA,NA,NA,NA,NA
"CCTCTGAAGTGGCACA-400.2.2",NA,NA,NA,NA,NA,NA,NA,NA,NA,26.8513298317472,NA,21.7722685351216,19.6567711295615
"CCTCTGACATTAGGCT-400.2.2",NA,NA,NA,NA,42.4907609274448,NA,NA,NA,NA,NA,NA,NA,NA
"CCTCTGACATTATCTC-400.2.2",8.48451712894014,8.53602157916964,8.4640934335591,8.44826882429977,8.47331172552082,8.4477315411174,8.55609036376732,8.54236929727557,8.49528515285762,8.40936589464168,8.50107168422371,8.56324371873909,8.43168988061096
"CCTCTGAGTCATCCCT-400.2.2",NA,NA,NA,48.1185887185156,NA,NA,NA,NA,NA,NA,NA,NA,NA
"CCTCTGAGTTTAAGCC-400.2.2",NA,NA,NA,NA,NA,NA,NA,NA,NA,18.2173787819623,NA,NA,18.8385855289964
"CCTTACGCACAGACAG-400.2.2",NA,36.5368804043057,NA,NA,NA,NA,NA,NA,NA,NA,NA,NA,NA
"CCTTCCCCATACAGCT-400.2.2",31.9349052920275,32.4818963131632,33.5425388274238,33.0455705935573,33.092724055323,32.4971899704075,33.7160436202402,32.8088089540147,NA,NA,NA,NA,NA
"CCTTCCCGTAGATTAG-400.2.2",14.6249055190605,15.3088379715471,15.0926020223592,15.1804043229618,15.0348495457919,15.1395572965082,15.2475630973756,15.1680354413361,11.1700287074877,11.7789073036954,11.6077484784906,11.8608251260681,11.4590200663577
"CCTTCCCTCCTAAGTG-400.2.2",NA,18.0089129276461,NA,NA,NA,NA,NA,NA,NA,NA,NA,NA,NA
"CCTTCGATCGCTAGCG-400.2.2",28.0467547467228,28.78245592218,28.7380913535627,28.5958317739058,28.6229468872932,28.4671168387702,28.6817586878514,28.4476676790431,NA,NA,NA,NA,NA
"CGAACATGTACCATCA-400.2.2",18.3088914040486,18.7329787999896,18.3911055507013,18.3647862484723,18.475278763023,18.6758484326477,18.5663511016286,18.5119126147991,NA,NA,NA,NA,NA
"CGACTTCCAGACAAGC-400.2.2",NA,NA,NA,NA,NA,NA,NA,NA,15.1043020329204,22.6591723732837,15.9932266869119,26.4666999345802,17.280901720354
"CGACTTCGTGCACGAA-400.2.2",NA,NA,NA,NA,NA,35.0934278821228,NA,NA,NA,NA,NA,NA,NA
"CGAGAAGAGAATTGTG-400.2.2",NA,NA,NA,NA,NA,NA,NA,NA,15.7802839630478,20.6042206337746,16.6990593655088,19.6687962577484,17.3442651525872
"CGAGCACAGGCATTGG-400.2.2",29.2150758712075,30.3442845069831,30.0050620799508,29.7914908973934,29.6189806968421,29.6906166397772,30.3718106598954,29.9230525057493,NA,NA,NA,NA,NA
"CGAGCACTCTTGCATT-400.2.2",NA,NA,NA,NA,NA,36.3139355833233,NA,NA,NA,NA,NA,NA,NA
"CGAGCCAAGTACGTTC-400.2.2",26.4665813404725,27.167158486892,27.1444558119511,26.8181320499503,26.7583008260585,27.0041198629105,27.201040263705,26.9751729912542,NA,NA,NA,NA,NA
"CGAGCCAGTTAGGGTG-400.2.2",NA,17.9584380482935,NA,NA,NA,NA,NA,NA,NA,NA,NA,NA,NA
"CGATCGGAGGTAGCTG-400.2.2",NA,NA,NA,NA,25.5440539172464,NA,NA,NA,NA,NA,NA,NA,39.9241227112141
"CGATCGGGTCTCGTTC-400.2.2",NA,NA,NA,NA,NA,NA,NA,NA,27.16211298809,NA,NA,NA,NA
"CGATTGAAGATCGGGT-400.2.2",NA,NA,NA,NA,24.6132449086994,NA,NA,NA,NA,NA,NA,NA,39.1672869139278
"CGATTGAGTTGATTGC-400.2.2",29.4798366486859,30.3501755781918,30.7078269325354,30.1907907349872,30.2540781180706,30.33869479769,30.8077701027655,30.3076670365163,NA,NA,NA,NA,NA
"CGCCAAGCAGCTGCTG-400.2.2",NA,NA,NA,NA,NA,30.3913148107786,NA,NA,NA,NA,NA,NA,NA
"CGCGGTATCTACCAGA-400.2.2",32.500300446848,33.0824745203483,34.0568232855399,33.0175439118961,33.092724055323,34.752619940858,34.3695940256984,33.6630821614386,NA,NA,NA,NA,NA
"CGCGTTTTCGTGGTCG-400.2.2",NA,NA,NA,NA,NA,NA,NA,NA,19.6398627884005,NA,NA,NA,NA
"CGCTATCAGTCCGGTC-400.2.2",NA,NA,NA,NA,NA,NA,NA,NA,19.3505629369708,16.3439421457373,20.34027024316,NA,16.3394998587893
"CGCTATCTCGCCAGCA-400.2.2",NA,NA,NA,NA,NA,NA,NA,NA,16.6739463332296,18.8304609511099,17.8040987950694,19.5061190630579,17.5215467801832
"CGCTTCAGTACAGTTC-400.2.2",NA,23.5403419800118,NA,NA,NA,NA,NA,NA,NA,NA,NA,NA,NA
"CGGACACAGCCGGTAA-400.2.2",11.0175419972185,10.8855147762728,10.9686062073754,10.9232740268571,11.0046011102656,11.0105753646019,11.0691798392043,10.9756022961921,21.5906308022278,14.1234630289949,12.7013772973607,12.5039733369102,13.0849645022182
"CGGACACCAGTATAAG-400.2.2",30.9619948195515,31.4986383756909,32.433727057429,31.8663298708113,31.802218272439,31.7006689105746,32.3917631321594,31.9276817700201,NA,NA,NA,NA,NA
"CGGACACTCACCGTAA-400.2.2",NA,NA,NA,NA,NA,NA,NA,NA,NA,22.330881674698,NA,25.9482595342064,18.5271815485224
"CGGACGTGTGTGAATA-400.2.2",30.7451327126376,31.6014347606061,31.2766484282755,31.1343849017549,30.9345862902393,30.7170214522221,30.6612755082554,30.3387087984737,NA,NA,NA,NA,NA
"CGGAGCTAGATATGCA-400.2.2",NA,NA,NA,NA,NA,38.4056439615976,NA,NA,NA,NA,NA,NA,NA
"CGGAGCTCAGGAATCG-400.2.2",8.29692070295573,8.29320597031148,8.34900827240245,8.35924785979636,8.26519630793304,8.36385600710239,8.31236696028,8.30424793748265,8.3092871895991,8.34216032755352,8.34415874478022,8.53722897317266,8.24425324940148
"CGGCTAGAGCGCCTCA-400.2.2",NA,NA,NA,NA,NA,NA,NA,NA,30.8234494256426,NA,NA,NA,NA
"CGGCTAGTCCCAACGG-400.2.2",NA,NA,NA,NA,NA,34.4908261557865,NA,NA,NA,NA,NA,NA,NA
"CGGTTAAGTACGCACC-400.2.2",21.6588387894881,21.4903158073701,21.7526077119094,21.7151897387249,21.4384436992037,21.5936490029949,21.5437931345775,21.5244704854735,NA,NA,NA,NA,NA
"CGGTTAAGTCCAGTAT-400.2.2",NA,NA,NA,NA,NA,NA,NA,NA,27.9260728004887,NA,NA,NA,NA
"CGTAGCGCAGATTGCT-400.2.2",8.68280539809905,8.5815865864312,8.57616195701272,8.60889286852917,8.65890914907655,8.60871313997991,8.56679520716839,8.58352188545444,8.71990804720002,8.61942209721572,8.75452806159814,8.76344252303036,8.56581462820905
"CGTCACTAGTCAATAG-400.2.2",NA,NA,NA,NA,43.3449224458187,NA,NA,NA,NA,NA,NA,NA,NA
"CGTCACTCAAGGCTCC-400.2.2",16.7908910905207,16.9503627584097,16.9125005565976,17.0854101367769,16.9385451459642,16.9018164640853,17.0312582367737,16.969117684702,NA,NA,NA,NA,NA
"CGTCACTTCACTCCTG-400.2.2",NA,NA,NA,NA,NA,NA,NA,NA,32.5695332737192,NA,NA,NA,NA
"CGTCAGGCATTGTGCA-400.2.2",23.973527545929,NA,NA,NA,NA,NA,NA,NA,NA,NA,NA,NA,NA
"CGTCAGGTCAAGGTAA-400.2.2",NA,NA,NA,NA,NA,NA,NA,NA,33.3889170984191,NA,NA,NA,NA
"CGTCAGGTCCTAGGGC-400.2.2",NA,NA,NA,NA,NA,NA,NA,NA,21.8431664461921,15.8999417219031,18.9908076152405,NA,15.5220952609982
"CGTCCATCATTCCTCG-400.2.2",6.53455857951976,6.52487259187685,6.52575424360347,6.5313337829177,6.49807935417088,6.50833374006239,6.50633129419449,6.58305597861337,6.63904084022176,6.61859272311804,6.63937287811162,6.65373948177508,6.60136596937103
"CGTCTACAGTCCCACG-400.2.2",NA,NA,NA,NA,45.9071930620396,NA,NA,NA,NA,NA,NA,NA,NA
"CGTCTACCACAGCCCA-400.2.2",6.00161463177746,5.9470026749436,6.0042804166645,6.01180676612431,6.03695230254649,6.0317720793791,6.04998262862857,5.98340775241965,6.11570674650816,6.0895387758243,6.13873179657934,6.19961630070685,6.0684245733862
"CGTCTACCATGGTAGG-400.2.2",NA,NA,NA,NA,NA,NA,NA,NA,NA,NA,31.0630428639408,NA,NA
"CGTCTACGTTAAGATG-400.2.2",NA,NA,NA,24.3837507149834,NA,NA,NA,NA,NA,NA,NA,NA,NA
"CGTGAGCAGAATTCCC-400.2.2",28.640289923116,28.9872904194063,29.313623010912,29.5607783496867,29.1759174657818,28.8891205018301,29.8501099897972,29.0818209040295,NA,NA,NA,NA,NA
"CGTGAGCCATCATCCC-400.2.2",NA,NA,17.89679074243,NA,NA,NA,NA,NA,NA,NA,NA,NA,NA
"CGTGAGCGTCTCTTTA-400.2.2",9.49683504924679,9.47390079925998,9.53110172590196,9.56828641283404,9.52293085105987,9.54817959451321,9.49294416400394,9.5045167732095,12.8214738693738,9.4889364711391,9.60128062011937,15.6698722796462,9.62836144559297
"CGTGTAATCTGATACG-400.2.2",NA,NA,NA,NA,NA,NA,NA,NA,NA,NA,NA,NA,28.7319605500344
"CGTGTCTCACCCAGTG-400.2.2",NA,NA,18.7608335222531,NA,NA,NA,NA,NA,NA,NA,NA,NA,NA
"CGTTAGACATACTCTT-400.2.2",NA,36.383353386876,NA,NA,NA,NA,NA,NA,NA,NA,NA,NA,NA
"CGTTCTGGTCCAGTAT-400.2.2",NA,NA,NA,NA,NA,NA,45.055601317267,NA,NA,NA,NA,NA,NA
"CGTTGGGCATCTGGTA-400.2.2",15.0835153313779,15.2955891317861,15.3441303760449,15.3331984498551,15.1335110633408,15.2667615511646,15.3013794037434,15.2636217416252,11.8453767762848,11.6567320652829,12.0197775090829,11.9293472432995,11.7249931034913
"CGTTGGGTCAACACGT-400.2.2",28.6550151869585,29.8224430753138,29.8876184085951,29.6742422595541,29.6189806968421,29.4731257020658,29.7002949314335,29.2788300842529,NA,NA,NA,NA,NA
"CGTTGGGTCACAATGC-400.2.2",NA,35.7154593137808,NA,NA,NA,NA,NA,NA,NA,NA,NA,NA,NA
"CTAACTTGTGTAACGG-400.2.2",NA,16.420562013546,NA,NA,NA,NA,NA,NA,NA,NA,34.0757416775971,NA,NA
"CTAAGACGTCATGCCG-400.2.2",30.9619948195515,31.6697234703,32.3336529346668,31.7846079718485,31.802218272439,31.7006689105746,32.2712950711366,31.7761214458921,NA,NA,NA,NA,NA
"CTAATGGAGGACACCA-400.2.2",27.7882858818835,28.4538667311652,28.4403261466898,28.1931346227809,28.206991709689,28.2074772936929,28.2903764883373,28.1714267484466,NA,NA,NA,NA,NA
"CTAATGGAGGCCCTCA-400.2.2",NA,NA,18.3216823963748,NA,NA,NA,NA,NA,NA,NA,NA,NA,NA
"CTACACCAGTTCCACA-400.2.2",23.8326572442972,NA,NA,NA,NA,NA,NA,NA,NA,NA,NA,NA,NA
"CTACACCCATCTACGA-400.2.2",NA,NA,NA,NA,NA,NA,NA,45.6290129392541,NA,NA,NA,NA,NA
"CTACACCCATTGGCGC-400.2.2",NA,18.8740925879065,NA,NA,NA,NA,NA,NA,NA,NA,NA,NA,NA
"CTACATTCAAGTAGTA-400.2.2",11.8032844577894,11.7346869367468,11.8134603162401,11.7419796015935,11.8057072808217,11.8346363813272,11.8557369785667,11.7803722955726,23.2715239586984,14.5338251363733,14.9693705047001,12.9429472554074,13.9388478951745
"CTACATTGTGCAGACA-400.2.2",27.7927753892447,28.3026260309791,28.381478650786,28.1932914676058,28.1540005224366,28.17966914697,28.3951459168685,28.183964240957,NA,NA,NA,NA,NA
"CTACATTTCCGCTGTT-400.2.2",NA,NA,NA,NA,29.6189806968421,NA,NA,NA,NA,NA,NA,NA,NA
"CTACCCACATCAGTAC-400.2.2",30.9794012049059,31.4986383756909,32.7374473214243,31.7846079718485,31.8437843399701,33.2534237988355,33.153910265651,32.2392432888574,NA,NA,NA,NA,NA
"CTACGTCCATAAGACA-400.2.2",NA,NA,NA,NA,25.0720057891918,NA,NA,NA,NA,NA,NA,NA,39.9241227112141
"CTAGAGTGTGTAATGA-400.2.2",11.8032844577894,11.898897225383,11.916359849039,11.8652660165329,11.9136331918904,11.917636949548,11.9392965359266,11.8932850665436,11.1700287074877,11.9229385188737,11.4832862213124,11.7350387472545,11.4590200663577
"CTAGAGTTCCTCTAGC-400.2.2",NA,20.472628633506,NA,NA,NA,NA,NA,NA,NA,NA,NA,NA,NA
"CTAGCCTCAATGGTCT-400.2.2",25.2219435293446,25.193558216759,25.2770818446241,25.0433410317676,25.0216378641365,25.5720385760447,25.1238187115181,25.0945249127013,NA,NA,NA,NA,NA
"CTAGTGAGTTAAAGTG-400.2.2",38.0851625977462,NA,NA,NA,NA,NA,NA,NA,NA,NA,NA,NA,NA
"CTAGTGATCACAACGT-400.2.2",22.2035882345667,22.1965674775971,22.361967517249,22.318047282106,21.9902645386648,22.1563452262206,22.1950302120804,22.3252918013212,NA,NA,NA,NA,NA
"CTCAGAACAGTCAGAG-400.2.2",13.2374193769497,13.0363107515227,13.0106004947873,13.0057507152123,12.9133983352578,13.0442235574768,13.0193467848115,12.997131195819,11.8453767762848,11.6181445182601,12.1780611984433,11.8697852477495,11.7249931034913
"CTCAGAAGTAGGAGTC-400.2.2",NA,NA,NA,NA,NA,NA,NA,NA,16.8979878506568,17.9504487849248,18.6841252039694,19.6687962577484,18.6740584526698
"CTCATTAAGTACGTAA-400.2.2",31.4614817929117,32.0965904232251,33.3567257063324,32.6254384082136,32.4273248392892,32.0992663578797,32.8919374589726,32.399246999468,NA,NA,NA,NA,NA
"CTCATTACAATCAGAA-400.2.2",NA,NA,NA,22.8499150906858,NA,NA,NA,NA,NA,NA,NA,NA,NA
"CTCATTATCCTTTCGG-400.2.2",NA,NA,NA,16.8060228920023,NA,NA,NA,NA,NA,NA,NA,NA,NA
"CTCGGGAGTGAACCTT-400.2.2",NA,NA,NA,NA,NA,NA,NA,NA,31.0405398144359,NA,NA,NA,NA
"CTCGGGAGTTAGAACA-400.2.2",23.5075810777505,NA,NA,NA,NA,NA,NA,NA,NA,NA,NA,NA,NA
"CTCGTACAGTGCGTGA-400.2.2",10.3239687813176,10.3496999958251,10.355751068655,10.3748779329057,10.261503174865,10.3578249789099,10.2809687150798,10.3036471873169,11.7509834180613,10.425165766859,10.6432674080417,14.8200933605121,10.7429975426575
"CTCGTACGTACCGTAT-400.2.2",NA,46.6634892481892,NA,NA,NA,NA,NA,NA,NA,NA,NA,NA,NA
"CTCGTACGTGAGCGAT-400.2.2",NA,NA,NA,NA,NA,NA,41.4181915588567,NA,NA,NA,NA,NA,NA
"CTCGTCAAGTATCTCG-400.2.2",20.3844791146987,NA,NA,NA,NA,NA,NA,NA,NA,NA,NA,NA,NA
"CTCGTCACATGCGCAC-400.2.2",11.4098395169644,11.434968575443,11.4709884722547,11.4857517976363,11.4687383462542,11.5202698287844,11.5136619286706,11.4633043209612,14.8767065604656,18.351976891,15.665190423756,16.9509999197051,15.3418151641779
"CTCTAATGTATGAAAC-400.2.2",NA,NA,NA,NA,NA,NA,NA,NA,18.9891492489358,15.4498491802771,22.3298407597357,13.6114198459528,15.888154803068
"CTCTAATGTCAGAATA-400.2.2",NA,NA,NA,25.753631342882,NA,NA,NA,NA,NA,NA,NA,NA,NA
"CTCTAATGTTTGACAC-400.2.2",25.1353613418812,25.2646086580841,25.3743507770448,25.4078448451935,25.4278073726799,25.23778139672,25.3170048584364,25.2439000307412,NA,NA,NA,NA,NA
"CTCTAATTCATAAAGG-400.2.2",29.3795722758914,30.2189609620425,30.2869293819852,29.619357229802,29.91855767412,30.6132380911064,30.3479192128334,29.9230525057493,NA,NA,NA,NA,NA
"CTCTAATTCTCGTTTA-400.2.2",6.38173550350853,6.38142281968978,6.41102318653778,6.4159613008228,6.43036747819693,6.43203010625957,6.44005543489533,6.38493999089846,6.46107507488396,6.47379688008002,6.52453242571867,6.56507872929423,6.37844110507606
"CTCTGGTCAGGTCCAC-400.2.2",NA,NA,NA,NA,NA,NA,NA,NA,NA,NA,NA,NA,32.2856002225991
"CTCTGGTTCGTGACAT-400.2.2",17.1406774531096,NA,NA,NA,NA,NA,NA,NA,NA,NA,NA,NA,NA
"CTGAAACTCTCGCTTG-400.2.2",NA,23.9998471147868,NA,NA,NA,NA,NA,NA,NA,NA,NA,NA,NA
"CTGATCCAGGTGCTTT-400.2.2",30.5778771369066,32.7677169360001,31.9627869047542,31.6021237597511,31.6723764929557,31.3002185595834,31.6459722261401,31.4384413477183,NA,NA,NA,NA,NA
"CTGATCCTCTGCTGTC-400.2.2",5.24398434065318,5.1435309291537,5.19426152009425,5.20542866766736,5.15933092901155,5.21297379574959,5.2445752910352,5.18485157291764,5.32366601515716,5.30639535370101,5.35737713208013,5.35242906291801,5.29021227704297
"CTGCCTAGTTGGTAAA-400.2.2",NA,NA,NA,NA,NA,42.7253628952687,NA,NA,NA,NA,NA,NA,NA
"CTGCCTATCGTTACAG-400.2.2",NA,NA,NA,NA,NA,NA,NA,NA,NA,NA,31.4239739907653,NA,NA
"CTGGTCTCACGACGAA-400.2.2",NA,22.824220461006,NA,NA,NA,NA,NA,NA,NA,NA,NA,NA,NA
"CTGGTCTCAGACGTAG-400.2.2",20.4159921963178,20.5637354542937,20.6888543031363,20.5522040130867,20.4132204335373,20.5883905495109,20.6632783477136,20.5452305515429,NA,NA,NA,31.0324038997183,NA
"CTGGTCTCATAGGATA-400.2.2",19.4734401268993,19.7690417336184,19.5281591913986,19.5932043771424,19.6329266778086,19.8396430696558,19.6992544012285,19.6600432710145,NA,NA,NA,NA,NA
"CTGGTCTGTTGCGTTA-400.2.2",24.3384457548232,NA,NA,NA,NA,NA,NA,NA,NA,NA,NA,NA,NA
"CTTAACTGTTGCCTCT-400.2.2",21.0046170062436,20.780932081327,20.8866931216242,20.8328419155238,20.657141730232,20.8224541652744,20.8447723094281,20.8392478792755,NA,NA,NA,NA,NA
"CTTAGGAAGCAGATCG-400.2.2",29.8224902436281,29.0534517452205,32.1552257555396,29.147147451396,28.9276997807616,29.579334727119,28.9057630636164,29.0563206771804,NA,NA,NA,NA,NA
"CTTCTCTGTTTCCACC-400.2.2",NA,NA,NA,NA,NA,NA,NA,NA,28.7934431711828,NA,NA,NA,NA
"CTTTGCGAGCCAGTAG-400.2.2",NA,NA,19.4941079596314,NA,NA,NA,NA,NA,NA,NA,NA,NA,NA
"GAAATGAAGGGCTCTC-400.2.2",29.9422946895765,30.6469512422224,30.9485482415373,30.7436801536982,30.998840549243,30.5887224735858,31.0599347935909,30.5684331371964,NA,NA,NA,NA,NA
"GAACCTAAGGTGACCA-400.2.2",NA,NA,NA,NA,NA,NA,NA,NA,16.2277483033351,19.3308023962003,17.2371494704604,19.6746903986019,17.6211965188319
"GAACGGACAAGGACTG-400.2.2",22.2360683040183,NA,NA,NA,NA,NA,NA,NA,NA,NA,NA,NA,NA
"GAACGGATCTTTACGT-400.2.2",NA,NA,NA,NA,NA,29.7671249497357,NA,NA,NA,NA,NA,NA,NA
"GAATAAGAGATGCCTT-400.2.2",24.1313157871688,NA,NA,NA,NA,NA,NA,NA,NA,NA,NA,NA,NA
"GAATGAATCATGCTCC-400.2.2",NA,NA,NA,44.5110310050504,NA,NA,NA,NA,NA,NA,NA,NA,NA
"GACACGCCAGTCAGAG-400.2.2",NA,NA,NA,NA,NA,NA,NA,NA,NA,NA,NA,NA,23.1838068344393
"GACACGCGTCCGTGAC-400.2.2",NA,NA,NA,38.8830824009344,NA,NA,NA,NA,NA,NA,NA,NA,NA
"GACAGAGCAAGTCTAC-400.2.2",NA,NA,NA,27.0174344234789,NA,NA,NA,NA,NA,NA,NA,NA,NA
"GACAGAGCATCACGAT-400.2.2",NA,NA,25.9472138324278,NA,NA,NA,NA,NA,NA,NA,NA,NA,NA
"GACAGAGTCGGAGGTA-400.2.2",NA,NA,NA,NA,NA,NA,NA,NA,NA,NA,NA,NA,27.6839567548657
"GACGCGTAGGATCGCA-400.2.2",6.00675632755429,6.00731130905403,6.0042804166645,6.01180676612431,6.03695230254649,6.07650923415915,6.08308752968697,6.04899581100709,6.12071072170931,6.0895387758243,6.14442767621433,6.18075808983665,6.08736448459127
"GACGGCTTCCCATTTA-400.2.2",11.4098395169644,11.3430760393099,11.3902956142384,11.4170655025177,11.4687383462542,11.5281371932614,11.5136619286706,11.377423980148,17.1241747434329,16.4872773837762,21.6638679163034,15.6784785978022,16.0155501539298
"GACTACACAGCGTTCG-400.2.2",NA,NA,NA,NA,NA,33.3630487875274,NA,NA,NA,NA,NA,NA,NA
"GACTACACAGTATAAG-400.2.2",25.8195618399372,NA,NA,NA,NA,NA,NA,NA,NA,NA,NA,NA,NA
"GAGCAGATCAGAGGTG-400.2.2",NA,NA,34.6411023539835,NA,NA,NA,NA,NA,NA,NA,NA,NA,NA
"GAGCAGATCTTCATGT-400.2.2",NA,NA,NA,NA,40.2063359341343,NA,NA,NA,NA,NA,NA,NA,NA
"GAGGTGAAGGATGGAA-400.2.2",NA,NA,NA,NA,NA,NA,NA,NA,13.044988953436,11.535277893207,NA,15.9159326580148,NA
"GAGGTGACATTCTCAT-400.2.2",NA,NA,NA,NA,NA,31.2953160717965,NA,NA,NA,NA,NA,NA,NA
"GAGGTGAGTCTAGCCG-400.2.2",NA,NA,NA,19.7321609787572,NA,NA,NA,NA,NA,NA,NA,NA,NA
"GAGGTGATCCCTAATT-400.2.2",30.1938667546649,31.0734946514216,31.5230575660403,31.0331696291142,31.1395953536824,30.7364603626037,31.3403999308684,30.892788590856,NA,NA,NA,NA,NA
"GATCAGTAGGATTCGG-400.2.2",30.9766012393631,31.0734946514216,32.1520714535283,31.7846079718485,31.0686090291121,31.5316488306919,31.8786030933391,31.6636764098946,NA,NA,NA,NA,NA
"GATCAGTAGTGCAAGC-400.2.2",NA,NA,NA,NA,NA,NA,NA,NA,16.0043331608909,20.1081321803479,17.1107860549172,19.87913568115,17.4674390617658
"GATCAGTTCCAACCAA-400.2.2",27.7253326735376,28.4215941587109,28.3107435116165,27.9062639567094,28.1776987506772,28.8329383568623,28.0834780332318,27.8809282679342,NA,NA,NA,NA,NA
"GATCGATGTGTAATGA-400.2.2",NA,NA,19.2978900639586,NA,NA,NA,NA,NA,NA,NA,NA,NA,NA
"GATCGCGAGCTGAAAT-400.2.2",8.82899349188068,8.81908402379896,8.87845891523432,8.85699173747095,8.76339715959585,8.83752586927771,8.84064238880306,8.84046188675391,8.71990804720002,8.61942209721572,8.6838091473239,8.77787030048922,21.8833675884205
"GATCGCGAGTGTACCT-400.2.2",13.4380810584796,13.3035979915407,13.2790414014876,13.3139378796032,13.2734985312925,13.3367243583326,13.3145106218019,13.310657984069,11.5368548022553,12.0142537982721,NA,12.2787914829044,27.6426574881276
"GATCGCGGTTTGACTG-400.2.2",24.8708457897025,24.936797191824,25.1972145962544,24.9785053139317,25.009934237108,25.1504771891987,25.1559858105377,24.9932570101078,NA,NA,NA,NA,NA
"GATCGTACACCAGCAC-400.2.2",NA,NA,NA,NA,21.5792988373509,NA,NA,NA,NA,NA,NA,NA,36.6759133909516
"GATCTAGTCTGTCTCG-400.2.2",23.806716757139,23.7387397275539,23.9276994673261,23.7944742004125,23.6755342130606,23.9048894297741,23.8483949137936,23.7450141318654,NA,NA,NA,NA,NA
"GATGCTACAGGGAGAG-400.2.2",38.1896805609083,NA,NA,NA,NA,NA,NA,NA,NA,NA,NA,NA,NA
"GATTCAGGTTGAACTC-400.2.2",NA,NA,NA,NA,NA,NA,NA,NA,16.0043331608909,20.6259900981912,17.1107860549172,23.3177463071133,17.3695196129315
"GCAAACTAGTGGGCTA-400.2.2",NA,NA,NA,NA,NA,NA,NA,NA,NA,NA,NA,NA,29.1635902606107
"GCAAACTTCCGATATG-400.2.2",6.76280388315124,6.77559747442743,6.7795253544663,6.78651312724639,6.73447444314236,6.75299560304114,6.75050382261345,6.69564794580571,6.91476652348665,6.85386659680952,6.92969541465371,6.9439816733304,6.78495880619781
"GCACTCTAGATTACCC-400.2.2",18.1429414739612,NA,NA,NA,NA,NA,NA,NA,NA,NA,NA,NA,NA
"GCACTCTCAGGGTACA-400.2.2",10.1847799547415,10.1102961667751,10.1290664954724,10.0882858073858,10.0832073984752,10.1094117696668,10.2189830663342,10.1749968028346,22.0375208036196,14.0677579787562,21.4237103469344,12.5601888223164,12.8052839604411
"GCACTCTTCACCCTCA-400.2.2",NA,NA,NA,NA,NA,NA,NA,NA,15.3200704981592,22.5790186126618,15.9932266869119,26.4624809906434,17.4651803179572
"GCAGCCAAGTGCGTGA-400.2.2",NA,NA,NA,NA,NA,NA,NA,41.6329199083153,NA,NA,NA,NA,NA
"GCAGTTAAGCGTAGTG-400.2.2",22.6370367728788,NA,NA,NA,NA,NA,NA,NA,NA,NA,NA,NA,NA
"GCAGTTATCGGAAATA-400.2.2",6.57418797075727,6.56994710666892,6.56861335371459,6.57228018720435,6.56509174664316,6.56669347332677,6.56521902105072,6.58547317113181,6.64918178983685,6.64437184803534,6.65132514439863,6.65593132277639,6.62740436643955
"GCATACACATCTATGG-400.2.2",NA,NA,NA,NA,NA,NA,NA,NA,25.7077617278533,NA,NA,NA,NA
"GCATGATAGCGACGTA-400.2.2",NA,23.1228131804696,NA,NA,NA,NA,NA,NA,NA,NA,NA,NA,NA
"GCATGATAGTACTTGC-400.2.2",21.7079507727226,21.9840455248713,22.0671155653707,21.9654437599428,21.9659755232236,22.0597640698116,22.035297065133,21.9185505527852,NA,NA,NA,NA,NA
"GCATGATCAATTGCTG-400.2.2",18.5308280409263,NA,NA,NA,NA,NA,NA,NA,NA,NA,NA,NA,NA
"GCATGATGTGTGGTTT-400.2.2",14.8748579840671,14.4153251939594,14.4931976200935,14.4945541835147,14.4414135543717,14.5140836362735,14.4609205351126,14.499873564854,NA,13.1053673252292,NA,14.3604701895548,28.0032354505065
"GCATGCGCAACACGCC-400.2.2",NA,NA,NA,NA,NA,23.0630902924376,NA,NA,NA,NA,NA,NA,NA
"GCATGTAAGTAGTGCG-400.2.2",NA,19.9689387596606,NA,NA,NA,NA,NA,NA,NA,NA,NA,NA,NA
"GCATGTATCCGCAGTG-400.2.2",27.4930140927816,28.4881052763422,28.230903061905,27.9744899950232,28.1954199714004,28.0565701235906,28.2752918921353,28.1414833518655,NA,NA,NA,NA,NA
"GCCAAATGTCACCCAG-400.2.2",18.7222432596495,NA,NA,NA,NA,NA,NA,NA,NA,NA,NA,NA,NA
"GCGAGAACACCAGGCT-400.2.2",25.384357763493,25.4866447080384,25.5894921494688,25.4395347144912,25.2561926969193,25.5708703625162,25.57241790798,25.414541206143,NA,NA,NA,NA,NA
"GCGAGAAGTTACAGAA-400.2.2",NA,NA,NA,NA,NA,NA,NA,NA,NA,NA,26.5211823827837,NA,NA
"GCGCAACAGGATCGCA-400.2.2",7.91494927376894,8.01346772227852,8.05093413116841,8.04034173581254,7.9252987077979,8.0558911738844,8.00549063062842,7.98029717520709,7.82071882378017,7.82434400239667,7.89131624467131,7.9598522164368,7.7092843577793
"GCGCAACGTCCTCTTG-400.2.2",NA,NA,NA,NA,45.9071930620396,NA,NA,NA,NA,NA,NA,NA,NA
"GCGCAGTTCAACGGCC-400.2.2",26.3203806918904,NA,NA,NA,NA,NA,NA,NA,NA,NA,NA,NA,NA
"GCGCCAATCTCATTCA-400.2.2",21.3686530141041,20.8312358232903,20.7600816180258,21.001033324372,20.6609629000301,20.8315070502195,20.7956887687505,20.8385120733804,NA,NA,NA,NA,NA
"GCGCGATCAAGTTAAG-400.2.2",30.5778771369066,31.4343399293833,31.6791780558769,31.3637173741172,31.4162875773042,31.550328333099,32.4608844687507,31.9897486063998,NA,NA,NA,NA,NA
"GCTCCTAAGTGTCCCG-400.2.2",NA,NA,NA,NA,NA,NA,NA,NA,16.6739463332296,18.8737260208718,18.5117653777468,20.3107898734668,18.6740584526698
"GCTCCTATCAGGTAAA-400.2.2",NA,NA,NA,NA,NA,NA,NA,NA,NA,30.3766350101985,NA,NA,NA
"GCTGCGATCCTCAACC-400.2.2",NA,45.4002019501637,NA,NA,NA,NA,NA,NA,NA,NA,NA,NA,NA
"GCTGCTTTCAGTACGT-400.2.2",16.8696536354377,NA,NA,NA,NA,NA,NA,NA,NA,NA,NA,NA,NA
"GCTTCCATCAGGCCCA-400.2.2",NA,NA,NA,NA,NA,NA,NA,NA,NA,NA,NA,NA,32.4658911457163
"GCTTGAACATGTAGTC-400.2.2",NA,NA,NA,NA,NA,NA,NA,NA,NA,NA,NA,NA,32.946538424888
"GCTTGAATCCGAAGAG-400.2.2",NA,NA,NA,21.2748666586442,NA,NA,NA,NA,NA,NA,NA,NA,NA
"GGAAAGCTCGCTGATA-400.2.2",NA,NA,NA,NA,NA,NA,NA,NA,15.3306224852068,21.6331164978401,16.0567870952147,19.6687962577484,16.6554195580142
"GGAATAAAGATGCCTT-400.2.2",30.5778771369066,31.4986383756909,31.9795781249518,31.6888663543545,31.802218272439,31.3012160969182,32.019633830125,31.3923387333691,NA,NA,NA,NA,NA
"GGAATAAGTGCGAAAC-400.2.2",10.9907413787644,10.8250394052135,10.9686062073754,10.9131798289024,10.9329082543706,10.873214419053,10.9284817329454,10.9756022961921,22.9951828852296,14.6740592325725,15.1788490453339,12.5039733369102,13.8056023594766
"GGAATAATCAAACGGG-400.2.2",9.55112398312154,9.47390079925998,9.62096134687656,9.65390964131909,9.6254504142008,9.61926208977014,9.55831239917404,9.5725379912068,9.82129996184247,9.53373159288587,9.65894945263106,9.607692142692,9.67191821539634
"GGAATAATCTCTTATG-400.2.2",9.80963448480231,9.74247132283787,9.710971884832,9.6770249375408,9.6254504142008,9.67499021774202,9.82340852089193,9.77593269418133,18.0434288083171,16.2762269807973,21.6500107488594,14.0542264589078,16.3031709442664
"GGACAAGAGAGAACAG-400.2.2",27.6988721095354,28.5237628882118,28.4086342806102,28.3424765921179,28.7303016197411,28.0565701235906,28.2961791187287,28.1868130468169,NA,NA,NA,NA,NA
"GGACAAGAGCCACTAT-400.2.2",18.0488945194805,18.3161450877114,18.0771060258287,18.0333530749495,18.1020701914523,18.2806429454739,18.1754062582246,18.137916807332,NA,NA,NA,NA,NA
"GGACAAGTCGAGAGCA-400.2.2",NA,NA,NA,NA,NA,NA,NA,NA,16.0043331608909,20.7029053186453,17.1107860549172,22.6896350437647,17.8258622191518
"GGACAGAAGGTAGCCA-400.2.2",29.8097964157112,30.2189609620425,30.7078269325354,30.9423054759629,30.4981192808473,30.2022251090546,31.7411735352901,30.3387087984737,NA,NA,NA,NA,NA
"GGACAGATCACCCGAG-400.2.2",31.0301733996926,31.9225646788481,32.3336529346668,31.9620445349663,32.4473089126104,31.9601803315449,32.8919374589726,32.3041105620756,NA,NA,NA,NA,NA
"GGACATTAGAGCCTAG-400.2.2",33.2692662668333,33.2000118037402,34.8555273642868,33.8854070555706,33.8070094888364,34.4812653692389,35.4674597953282,34.9496208959937,NA,NA,NA,NA,NA
"GGACATTGTATCAGTC-400.2.2",18.6031587931914,18.7767572092029,18.8904754434501,18.6384517044385,18.679505143138,18.7738888155517,18.7604848682004,18.7285235596866,NA,NA,NA,NA,NA
"GGACATTGTGGTCTCG-400.2.2",13.6649326331574,13.5821567256583,13.6115124671752,13.4952680094831,13.6251169192146,13.6456309559795,13.6578063165702,13.6520970296249,15.3306224852068,25.0395897778183,16.2419133606417,20.6637354580195,18.6593795281515
"GGATGTTTCCGCGTTT-400.2.2",NA,NA,NA,39.7227221884397,NA,NA,NA,NA,NA,NA,NA,NA,NA
"GGATTACAGAGCAATT-400.2.2",30.860776489846,28.8224118660755,29.3612221141689,29.5344322089949,28.4026357885983,29.4224675191489,28.5191333861676,29.247759584475,NA,NA,NA,NA,NA
"GGCAATTCAGCTCGAC-400.2.2",6.98885074442132,6.94896622473031,6.95994870428772,6.97105713693133,6.92215963045577,6.92920022259646,6.91277967383452,7.00433373894353,7.02015740700362,7.01210290949818,7.03976172181616,6.99748119466115,6.92884158726661
"GGCAATTTCTGTCCGT-400.2.2",NA,NA,35.4250161802867,NA,NA,NA,NA,NA,NA,NA,NA,NA,NA
"GGCCGATAGGCTAGAC-400.2.2",NA,NA,NA,24.6470926308377,NA,NA,NA,NA,NA,NA,NA,NA,NA
"GGCCGATCACATGGGA-400.2.2",NA,NA,NA,35.6421177668681,NA,NA,NA,NA,NA,NA,NA,NA,NA
"GGCCGATGTAAGAGGA-400.2.2",NA,NA,NA,NA,42.0636666864147,NA,NA,NA,NA,NA,NA,NA,NA
"GGCTCGACAATCGAAA-400.2.2",NA,NA,NA,NA,NA,NA,NA,NA,28.4380493426715,NA,NA,NA,NA
"GGCTCGACATGTTGAC-400.2.2",23.7934101719233,23.9998471147868,24.1537954299953,24.118812618241,24.1124538950817,24.1311961412336,24.1374069559487,23.9799013772734,NA,NA,NA,NA,NA
"GGCTGGTGTGCCTGCA-400.2.2",7.1448836989891,7.20406857929998,7.21937776432977,7.22430452143525,7.15026789535121,7.19088034748578,7.17430572084361,7.13783744319382,7.21686400104746,7.24230658314686,7.24067178305974,7.35891346691038,7.17601739538005
"GGCTGGTTCTTTAGGG-400.2.2",NA,NA,NA,36.7056492768503,NA,NA,NA,NA,NA,NA,NA,NA,NA
"GGGAATGAGACAAGCC-400.2.2",NA,NA,NA,NA,NA,47.0338449173246,NA,NA,NA,NA,NA,NA,NA
"GGGAGATGTACAGCAG-400.2.2",NA,16.3137138575268,NA,NA,NA,NA,NA,NA,NA,NA,33.4387715819286,NA,NA
"GGGCACTGTCAAAGAT-400.2.2",NA,NA,NA,NA,NA,NA,NA,NA,NA,NA,NA,NA,28.2242393013656
"GGGTCTGAGTTTAGGA-400.2.2",NA,38.9458240409502,NA,NA,NA,NA,NA,NA,NA,NA,NA,NA,NA
"GGGTCTGGTATATCCG-400.2.2",NA,NA,NA,NA,38.7027970383136,NA,NA,NA,NA,NA,NA,NA,NA
"GGGTCTGGTCATATGC-400.2.2",29.8097964157112,31.0734946514216,31.1160531917394,30.5201812271223,30.9345862902393,30.498861123626,31.2396383434297,30.9031186436618,NA,NA,NA,NA,NA
"GGGTTGCAGAGCCCAA-400.2.2",30.5778771369066,31.5404641746388,32.021610235653,31.6194715350849,31.7702908710133,31.8361257284831,32.4779689024769,31.7978494223026,NA,NA,NA,NA,NA
"GGGTTGCCAAGCTGAG-400.2.2",27.4930140927816,28.0775892649707,28.230903061905,28.4004112185253,28.2544623441982,28.0565701235906,28.5518792679279,28.0006743252768,NA,NA,NA,NA,NA
"GGTATTGAGGCGACAT-400.2.2",NA,NA,NA,23.7316560229179,NA,NA,NA,NA,NA,NA,NA,NA,NA
"GGTATTGGTATAAACG-400.2.2",NA,NA,NA,NA,NA,43.9210665181576,NA,NA,NA,NA,NA,NA,NA
"GGTATTGGTCGTCTTC-400.2.2",NA,NA,NA,NA,21.5465051855479,NA,NA,NA,NA,NA,NA,NA,37.4420396317145
"GGTGAAGGTGCTTCTC-400.2.2",10.2358697899666,10.1305565545089,10.1290664954724,10.0882858073858,10.0832073984752,10.1072125645485,10.2109050110752,10.1749968028346,19.5559032940785,14.9933998818849,19.4801558416907,12.3400751136364,14.5031025904309
"GGTGTTACAGCCTTGG-400.2.2",NA,NA,NA,NA,40.1374638682969,NA,NA,NA,NA,NA,NA,NA,NA
"GGTGTTATCTGCTTGC-400.2.2",11.2908182379711,11.2788786693485,11.2690746762063,11.3270262007734,11.1908102884217,11.190811296948,11.2109565413806,11.2919826619512,16.4641687056582,16.7866984008292,16.8492390041545,17.9731991477899,16.3555604334727
"GTACTCCTCACCGGGT-400.2.2",NA,20.7219763173109,NA,NA,NA,NA,NA,NA,NA,NA,NA,NA,NA
"GTACTTTCATCGTCGG-400.2.2",NA,NA,NA,NA,NA,NA,NA,NA,27.568353955722,NA,NA,NA,NA
"GTACTTTGTAGCGTCC-400.2.2",11.2682789751787,11.1150775560125,11.1474209664127,11.1576608256721,11.1322364636035,11.1745112640901,11.1381325553094,11.1602470319152,14.1030064283861,15.0781109426955,14.5424863383752,14.8806581246045,15.1082996857079
"GTATCTTAGCCGGTAA-400.2.2",NA,NA,NA,NA,NA,NA,38.9966600490681,NA,NA,NA,NA,NA,NA
"GTATCTTGTACTCTCC-400.2.2",NA,NA,NA,NA,NA,NA,NA,NA,NA,NA,30.5512145555073,NA,NA
"GTATCTTGTTTAAGCC-400.2.2",NA,NA,NA,NA,NA,NA,NA,NA,26.6435746258077,NA,NA,NA,NA
"GTATTCTGTCAGTGGA-400.2.2",16.2618705504356,16.2273590540503,16.425309490452,16.2620925585183,16.1668116959235,16.2592430473894,16.2538545359658,16.2617724114963,NA,23.5154083861843,NA,28.3181846623517,NA
"GTCAAGTCACCAGCAC-400.2.2",NA,NA,NA,NA,36.8276069680665,NA,NA,NA,NA,NA,NA,NA,NA
"GTCACAAAGTGTTAGA-400.2.2",22.1815382500297,22.5152453234526,22.6146953880959,22.3964238984363,22.6701762174525,22.6257220727665,22.5302061549107,22.4869617425807,NA,NA,NA,NA,NA
"GTCACAATCAGAGCTT-400.2.2",19.8986808473311,20.2690805075431,20.083337968375,20.0275506153996,20.0989977566316,20.3765606660186,20.2874937949672,20.1496104451385,NA,NA,NA,NA,NA
"GTCACAATCATCTGTT-400.2.2",22.1034542928491,NA,NA,NA,NA,NA,NA,NA,NA,NA,NA,NA,NA
"GTCATTTAGAGGGATA-400.2.2",6.26940641166125,6.26737947393081,6.26582710306459,6.26868140763195,6.25269827513305,6.25647430735789,6.25832381279693,6.24084346020023,6.28948525984069,6.32042525902991,6.32012813400846,6.27493022884884,6.28955373502871
"GTCATTTGTATTACCG-400.2.2",8.1466043686159,8.13794590963725,8.05093413116841,8.05220196738094,8.1633469635645,8.06249270297617,8.15014749522541,8.187674179287,8.04508688353867,7.93172508424983,8.0629957487706,8.1536239592273,7.95538047087692
"GTCATTTTCTTAGAGC-400.2.2",5.65509602435682,5.6634983292854,5.65535934047588,5.65600408015856,5.64690098762789,5.7061300959194,5.67300596832784,5.68758657271599,5.74868477551436,5.74052925569498,5.75994170805717,5.77630752915123,5.68502876576926
"GTCGGGTTCACCGTAA-400.2.2",NA,NA,NA,NA,NA,NA,NA,NA,NA,21.8657042428798,NA,25.319093598843,NA
"GTCGGGTTCGGATGGA-400.2.2",28.4881241366253,28.4219789418597,28.6011071356856,28.0996959938262,28.2015802534297,29.0142161823313,28.2409117624591,28.2056116897502,NA,NA,NA,NA,NA
"GTGCAGCCACTTGGAT-400.2.2",NA,NA,NA,NA,NA,NA,NA,NA,NA,23.2479486544767,NA,27.1760120137905,18.5267778983486
"GTGCAGCTCAAACAAG-400.2.2",27.808878779812,28.2792536800275,28.2594508762353,27.9744899950232,27.9919223307635,28.0565701235906,28.2513843796295,28.1305579520156,NA,NA,NA,NA,NA
"GTGCAGCTCGCGTAGC-400.2.2",14.0780466330509,13.7836320113777,13.7651129672639,13.8000167168131,13.6679762554575,13.7985387531846,13.7528475289693,13.7836518401157,11.9787204665647,11.7908736274256,12.2157319113796,12.5668299550077,11.797759327284
"GTGCATACACGGTGTC-400.2.2",9.14805822348962,9.19131473003499,9.09746548654321,9.08433409674396,9.07711416791142,9.06873699382964,9.13861602111774,9.12848962789667,9.07879133188626,8.98112513420675,9.07987711008781,8.66964240666011,8.8623198844084
"GTGCGGTCAAATCCGT-400.2.2",27.1034487049689,27.8202461988975,27.8131687606672,27.5479914294645,27.8308027673124,27.6447870467867,27.9545602921394,27.7596063655981,NA,NA,NA,NA,NA
"GTGCGGTTCTGGAGCC-400.2.2",NA,NA,24.207559017569,NA,NA,NA,NA,NA,NA,NA,NA,NA,NA
"GTGCTTCGTGATGATA-400.2.2",17.318589612912,18.1072756596815,17.8139025511415,18.2879549638256,17.8524573205052,17.9526027855806,18.019422800089,17.9327050439912,NA,NA,NA,NA,NA
"GTGCTTCGTTGTGGCC-400.2.2",NA,NA,NA,NA,NA,NA,NA,NA,16.6739463332296,19.3080075477078,17.9196735224962,19.8307087474817,17.8845206543862
"GTGTGCGAGCCAACAG-400.2.2",NA,NA,NA,NA,NA,NA,NA,NA,NA,NA,NA,NA,33.0379240032967
"GTGTGCGAGCTGGAAC-400.2.2",7.91197899011423,7.77392353713379,7.83693091394457,7.83162138280638,7.81560659580595,7.82553741257779,7.77570190570829,7.79255933383606,7.81953571730835,7.83004335677114,7.89131624467131,8.09477019851381,7.7092843577793
"GTGTGCGTCCGCAAGC-400.2.2",NA,NA,NA,NA,31.1245596352925,NA,NA,NA,NA,NA,NA,NA,NA
"GTGTGCGTCGAATCCA-400.2.2",NA,NA,40.6015145707006,NA,NA,NA,NA,NA,NA,NA,NA,NA,NA
"GTGTGCGTCTTGACGA-400.2.2",NA,NA,NA,NA,NA,NA,NA,NA,16.2277483033351,19.7535200305533,17.570692200747,20.7204748503852,19.1992258400254
"GTGTTAGAGACGCTTT-400.2.2",16.3296151655522,15.949391699453,16.3268937890126,16.6957363666273,16.0347611752092,16.1673770142088,16.1313225536144,16.1820592201839,NA,NA,NA,14.3315630208816,NA
"GTGTTAGCACCTCGTT-400.2.2",12.9913734176247,12.8747333045768,12.9909219222171,13.1103929173412,12.8788530305169,12.9367875032768,12.8746635917388,12.9647146099303,13.4825603723187,12.4628928075118,13.445184496313,15.7522552883165,13.1329419571993
"GTGTTAGCATGGGACA-400.2.2",21.4176650427079,NA,NA,NA,NA,NA,NA,NA,NA,NA,NA,NA,NA
"GTTAAGCAGGAACTGC-400.2.2",27.4014694702255,NA,NA,NA,NA,NA,NA,NA,NA,NA,NA,NA,NA
"GTTAAGCCATTGTGCA-400.2.2",32.7386594537264,32.3970387951174,34.0750575795979,33.8536918347778,33.5750217184437,33.2914059012173,34.3295018139011,33.9267897903037,NA,NA,NA,NA,NA
"GTTAAGCGTAGCTAAA-400.2.2",NA,NA,NA,NA,NA,NA,NA,NA,17.8218527899268,15.4105488239098,24.1012342497709,13.4965434025983,14.9371903328703
"GTTAAGCTCATGTCCC-400.2.2",NA,NA,NA,NA,NA,NA,NA,40.4575732389514,NA,NA,NA,NA,NA
"GTTACAGGTAGTAGTA-400.2.2",NA,NA,NA,NA,NA,NA,NA,NA,13.7179486611051,12.8808444296447,13.7590215964994,15.9496135307691,13.6123223977351
"GTTCATTAGATAGGAG-400.2.2",32.184911335906,NA,NA,NA,NA,NA,NA,NA,NA,NA,NA,NA,NA
"GTTCATTTCAGCTCGG-400.2.2",25.6021053096893,25.1004859864957,25.5085502236392,25.374442570528,24.8659810281895,25.3425652711392,25.0831548943435,25.1163261496137,NA,NA,NA,NA,NA
"GTTCGGGAGAGGTTAT-400.2.2",10.4539003492381,10.3729923867908,10.5276690246683,10.5002998813486,10.4349560183506,10.4036689449938,10.4355167891685,10.5030619263395,23.0299146679252,14.2301250960217,12.456224767634,12.4332777123376,12.9566968494967
"GTTCTCGAGAGCTGCA-400.2.2",NA,NA,NA,NA,NA,26.7718094211149,NA,NA,NA,NA,NA,NA,NA
"GTTCTCGAGGCAGTCA-400.2.2",17.4300534980308,NA,NA,NA,NA,NA,NA,NA,NA,NA,NA,NA,NA
"GTTCTCGTCCCTGACT-400.2.2",NA,NA,NA,NA,NA,NA,NA,NA,NA,22.3005389260091,NA,19.8731891667168,NA
"TAAACCGAGCGCCTCA-400.2.2",NA,25.4157114943196,NA,NA,NA,NA,NA,NA,NA,NA,NA,NA,NA
"TAAGCGTCAATGGATA-400.2.2",28.5326400468854,29.4173121127691,29.3417522939277,29.2363546143848,29.5087404785932,29.2842024582829,29.6680315178687,29.2323811319693,NA,NA,NA,NA,NA
"TAAGTGCAGACGCACA-400.2.2",8.29692070295573,8.15742094739646,8.23264960080995,8.2305496112616,8.26519630793304,8.23853182875372,8.19115073451135,8.187674179287,8.10155529555927,8.02542791945105,8.11792847647684,8.26797388191591,8.02193854833635
"TAAGTGCAGATCCCGC-400.2.2",11.5315022652655,11.444110987677,11.5192758709733,11.6295945390309,11.4687383462542,11.5496606293124,11.5136619286706,11.4933180652471,13.4825603723187,11.3882479668835,13.2771539098032,16.1474473901699,12.8870441147027
"TAAGTGCAGGCTAGAC-400.2.2",9.75081893734984,9.69289752382782,9.710971884832,9.74556031795191,9.63338103657933,9.69837732567563,9.74069848733172,9.75195294210758,10.3983980317956,9.76170162529475,9.94077242694881,15.1606572757684,9.84900339145046
"TAAGTGCGTACTCGCG-400.2.2",29.8097964157112,30.6469512422224,31.0612642654755,30.6719978160643,30.4981192808473,30.498861123626,30.8077701027655,30.4866968494023,NA,NA,NA,NA,NA
"TAAGTGCGTCGGCACT-400.2.2",NA,NA,18.5692170830861,NA,NA,NA,NA,NA,NA,NA,NA,NA,NA
"TAAGTGCGTGGTCTCG-400.2.2",NA,NA,23.006280694081,22.9809585653847,NA,NA,NA,NA,NA,NA,NA,NA,NA
"TAAGTGCTCCATTCTA-400.2.2",15.0103318376947,14.612913736098,14.6426397713528,14.6779813989425,14.5590938154988,14.6937012545288,14.6269588511453,14.6395233341364,12.0747361557751,12.2382205449965,NA,NA,12.2592949951709
"TACACGAGTGGTCTCG-400.2.2",NA,NA,NA,26.3237118112318,NA,NA,NA,NA,NA,NA,NA,NA,NA
"TACAGTGGTAGAAAGG-400.2.2",NA,NA,NA,40.094113539644,NA,NA,NA,NA,NA,NA,NA,NA,NA
"TACCTATAGTACGCCC-400.2.2",NA,NA,NA,21.534396595965,NA,NA,NA,NA,NA,NA,NA,NA,NA
"TACCTATGTGCGCTTG-400.2.2",32.0837042549999,32.1116922887606,33.4148605254121,32.9075522190282,32.6637540303986,32.4971899704075,33.3485983272167,32.8088089540147,NA,NA,NA,NA,NA
"TACCTATTCGCCAAAT-400.2.2",NA,NA,NA,NA,NA,NA,NA,NA,16.0043331608909,24.071438804353,17.1107860549172,20.7204748503852,18.9367492288294
"TACCTTACAACACGCC-400.2.2",NA,NA,NA,NA,NA,NA,NA,NA,NA,25.2173110233473,NA,NA,28.8264424009411
"TACGGATCAAAGCAAT-400.2.2",43.8504392396368,NA,NA,NA,NA,NA,NA,NA,NA,NA,NA,NA,NA
"TACGGGCCATCAGTCA-400.2.2",NA,NA,NA,NA,26.6327771547178,NA,NA,NA,NA,NA,NA,NA,39.9241227112141
"TACGGTAAGACATAAC-400.2.2",29.0406216260316,30.1236008500952,30.2983595602085,30.5201812271223,30.4409731088229,29.6906166397772,30.8416351686782,29.9230525057493,NA,NA,NA,NA,NA
"TACGGTACAAACAACA-400.2.2",34.7341695536939,NA,NA,NA,NA,NA,NA,NA,NA,NA,NA,NA,NA
"TACGGTACAAGCTGGA-400.2.2",NA,NA,NA,NA,NA,NA,NA,NA,27.6734067326282,NA,NA,NA,NA
"TACGGTAGTCATATGC-400.2.2",29.3886535709269,NA,NA,NA,NA,NA,NA,NA,NA,NA,NA,NA,NA
"TACGGTATCGGCTTGG-400.2.2",13.9557500444773,13.8063289480753,13.9537858226181,14.0733187179856,13.7810246305708,13.8841649078409,13.8013551607487,13.8153078340837,12.849003165808,12.4628928075118,13.0517641944753,15.0304398505139,12.7983211406767
"TACTCATCAGCTGCAC-400.2.2",NA,47.5057024860252,NA,NA,NA,NA,NA,NA,NA,NA,NA,NA,NA
"TACTCGCCACGAAAGC-400.2.2",NA,NA,NA,NA,NA,NA,NA,NA,16.4508395785872,19.771428307895,17.4554235995674,20.5101786328001,18.9367492288294
"TACTCGCTCACTATTC-400.2.2",NA,NA,NA,21.1767248154254,NA,NA,NA,NA,NA,NA,NA,NA,NA
"TACTTGTGTCCGAACC-400.2.2",NA,NA,NA,NA,NA,NA,NA,NA,26.5835942355951,NA,NA,NA,NA
"TAGACCAGTCCAGTTA-400.2.2",NA,NA,NA,NA,NA,NA,NA,NA,NA,21.8805666443529,NA,NA,NA
"TAGACCATCTATGTGG-400.2.2",NA,NA,NA,NA,NA,NA,NA,NA,NA,NA,NA,NA,29.7063935544429
"TAGAGCTAGCTGCAAG-400.2.2",NA,NA,NA,NA,NA,NA,NA,NA,NA,16.5650698640436,NA,NA,22.8710441574837
"TAGAGCTGTACAGTTC-400.2.2",17.1814851646437,17.2084344135821,17.2046929809954,17.3753857621137,17.3976346116791,17.3508194501848,17.3695219599537,17.3588643064375,NA,NA,NA,NA,NA
"TAGGCATCACCGAAAG-400.2.2",16.0623367635426,15.7989196617208,16.1650529844778,16.0501996632374,15.7224718935712,15.877660189776,15.8433854156588,15.8804816417381,NA,NA,NA,15.0691262124389,12.6949470952042
"TAGTTGGCATGCAATC-400.2.2",NA,NA,21.8710857441971,NA,NA,NA,NA,NA,NA,NA,NA,NA,NA
"TAGTTGGGTCATACTG-400.2.2",NA,NA,NA,NA,NA,NA,NA,NA,NA,23.7914024451652,16.6615567103385,21.1411862693049,18.9450002819865
"TAGTTGGTCAACACAC-400.2.2",28.9898369608796,30.659457492641,29.8476004291545,29.71254286419,29.5228578269846,29.3990109896939,29.9626658268866,29.3553952021868,NA,NA,NA,NA,NA
"TATCTCAAGTGACATA-400.2.2",NA,NA,NA,NA,24.3603579735475,NA,NA,NA,NA,NA,NA,NA,39.9241227112141
"TATGCCCCAATGGACG-400.2.2",NA,NA,NA,27.4003433872277,NA,NA,NA,NA,NA,NA,NA,NA,NA
"TATGCCCCACAGGTTT-400.2.2",10.0191668551694,9.92262594039854,10.0290487157328,10.0121165635842,10.0021407517267,10.0111739932968,9.99043015192225,10.0072236136716,15.7048474086109,18.2987309716139,16.9836930863438,19.1347032247007,18.1455369655663
"TATTACCGTTGGTGGA-400.2.2",29.2307507511052,NA,NA,NA,NA,NA,NA,NA,NA,NA,NA,NA,NA
"TCAACGATCACGAAGG-400.2.2",NA,NA,NA,15.0322334690611,NA,NA,NA,NA,NA,NA,NA,NA,NA
"TCAATCTCACCGAAAG-400.2.2",NA,NA,NA,NA,NA,NA,NA,NA,15.7802839630478,21.7665525496815,17.0869313047553,24.0189977921669,17.3580716561406
"TCAATCTCACTTAACG-400.2.2",NA,NA,NA,NA,NA,NA,NA,NA,22.7211232968812,15.2223583519244,18.8077077375171,12.6923229374005,15.0476180136261
"TCACAAGTCATCGATG-400.2.2",NA,NA,NA,26.2026241976199,NA,NA,NA,NA,NA,NA,NA,NA,NA
"TCAGCAAAGATGCCTT-400.2.2",9.34489321447602,9.28950200430839,9.29410170299014,9.2741807376301,9.22675822597459,9.26718592726098,9.35759764783604,9.36432138807283,9.48947176537395,9.85999067621706,9.701461015961,10.2282608459216,9.73449115740411
"TCAGCAAGTATGGTTC-400.2.2",NA,NA,NA,NA,36.7907839159635,NA,NA,NA,NA,NA,NA,NA,NA
"TCAGCTCTCAACACAC-400.2.2",NA,NA,NA,NA,NA,NA,NA,NA,NA,NA,NA,NA,34.1518888760865
"TCAGGTATCGAACTGT-400.2.2",22.3710841078027,NA,NA,NA,NA,NA,NA,NA,NA,NA,NA,NA,NA
"TCATTTGGTCTCTTAT-400.2.2",28.3312449019124,29.3576095186253,29.3622542901205,29.6906354202475,29.6189806968421,28.8955236483763,30.0480103199266,29.087503240661,NA,NA,NA,NA,NA
"TCGAGGCGTAGCGATG-400.2.2",NA,NA,NA,NA,NA,NA,NA,NA,NA,22.7566418677181,NA,26.8521086215681,19.1703691176553
"TCGAGGCGTTTGCATG-400.2.2",NA,NA,NA,NA,NA,NA,NA,NA,18.9891492489358,16.1732565769405,20.1560180632626,NA,16.2597445451091
"TCGCGAGGTTATCCGA-400.2.2",23.8887055585344,23.4881957659023,23.7392682712418,23.7637259901686,23.1126131030174,23.5474611253072,23.3936266868911,23.4467010459721,NA,NA,NA,NA,NA
"TCGCGAGTCTTGTACT-400.2.2",16.0041085135566,15.4847952356616,15.6919262214263,15.636809408246,15.3920971807037,15.598871144604,15.5497715568217,15.5586382606131,NA,NA,NA,14.7684530210672,NA
"TCGCGTTAGGCTCTTA-400.2.2",NA,NA,NA,NA,NA,42.41482741352,NA,NA,NA,NA,NA,NA,NA
"TCGGGACCAGATAATG-400.2.2",NA,NA,NA,NA,37.3650966245156,NA,NA,NA,NA,NA,NA,NA,NA
"TCGGGACCAGTATAAG-400.2.2",NA,NA,NA,NA,NA,NA,NA,NA,NA,22.9180807695818,NA,26.612603460431,NA
"TCGGGACTCCTTTACA-400.2.2",NA,NA,NA,22.3964238984363,NA,NA,NA,NA,NA,NA,NA,NA,NA
"TCGGTAAGTAGGACAC-400.2.2",10.5392700242911,10.6184871077402,10.6286242687694,10.4430923576041,10.7418612818943,10.5796385029699,10.5310278235085,10.6522991271009,9.7525524561092,9.4458369691951,9.49868918688031,9.49227164745487,9.47681572910444
"TCGTAGAAGGCTATCT-400.2.2",13.3899634971824,13.1728962171326,13.3791357778892,13.4129575586997,13.096743460555,13.2259171727986,13.2217347625862,13.2262848480077,12.0747361557751,11.5734575916073,12.26711153197,14.7684530210672,11.7249931034913
"TCTATTGGTATGGTTC-400.2.2",NA,NA,NA,NA,NA,NA,NA,NA,NA,29.9478427281655,NA,NA,29.0752568777541
"TCTCTAAAGCGTTTAC-400.2.2",30.4079537427293,31.4494295956086,31.5230575660403,31.5769830329695,32.2134067808087,31.3012160969182,32.2850575740687,31.578162623751,NA,NA,NA,NA,NA
"TCTCTAAAGTCACGCC-400.2.2",NA,NA,NA,NA,NA,NA,NA,NA,NA,NA,NA,15.1606572757684,NA
"TCTGAGAAGTGAACAT-400.2.2",6.52749138791703,6.50445106974476,6.50876370033502,6.51152333959174,6.47855639960395,6.50833374006239,6.49421762960034,6.58402609862659,6.58558650540319,6.55114684647686,6.5918567479067,6.68208848085848,6.47886463537639
"TCTGAGAGTAAGAGGA-400.2.2",NA,NA,NA,NA,NA,NA,NA,NA,15.7802839630478,24.0162294256225,16.8144712355691,21.0655732352452,18.9540520769434
"TCTGGAAGTGTAATGA-400.2.2",16.2116548292341,15.7158877034755,15.8813814398319,15.9523814368045,15.6961107089598,15.7909928077779,15.8203000453543,15.8250273617187,NA,NA,NA,NA,NA
"TCTTTCCCATGTCCTC-400.2.2",15.6891272323547,15.8882067793146,15.6919262214263,NA,NA,NA,NA,NA,28.0925470773861,NA,NA,NA,NA
"TGAAAGAAGCAGGTCA-400.2.2",11.8684127398832,11.7346869367468,11.8134603162401,11.8260337916616,11.9166520037483,11.9688872777742,11.9392965359266,11.8170613305949,16.2277483033351,19.0758606415884,17.2042996941429,19.4584447489623,17.4550083338152
"TGAAAGAAGCCTCGTG-400.2.2",NA,39.2883402775433,NA,NA,NA,NA,NA,NA,NA,NA,NA,NA,NA
"TGACGGCCACAACGTT-400.2.2",12.8982877329111,12.6685263920986,12.6648359926168,12.7550415645665,12.6534428120321,12.7601178464555,12.7506896040242,12.7055679403242,11.8729522707404,11.5324929055759,12.1533877954027,11.5975701575185,11.7249931034913
"TGACGGCCACTCAGGC-400.2.2",NA,NA,NA,NA,NA,NA,NA,NA,20.1133895104509,15.9228717863957,20.3887254800854,NA,NA
"TGACGGCGTCCGAGTC-400.2.2",NA,NA,NA,NA,NA,31.622260431291,NA,NA,NA,NA,NA,NA,NA
"TGACTAGGTTTGTGTG-400.2.2",NA,NA,NA,NA,NA,NA,NA,NA,20.1092646078233,NA,NA,NA,NA
"TGACTTTAGTACGCCC-400.2.2",11.4098395169644,11.3377643635063,11.3902956142384,11.3856098164879,11.4687383462542,11.4552096191788,11.4901919121698,11.377423980148,12.9069433833743,14.3433908227804,13.5839093995367,11.8868513241936,13.7444033027606
"TGACTTTCAGACAAAT-400.2.2",NA,NA,NA,NA,27.0029853104804,NA,NA,NA,NA,NA,NA,NA,39.9241227112141
"TGACTTTGTTGCGTTA-400.2.2",33.2213514092386,33.1950778105432,35.2117174837253,34.011583765441,33.5208080597093,34.0603968830559,34.944319008436,34.4430993469328,NA,NA,NA,NA,NA
"TGAGAGGAGATGCGAC-400.2.2",35.1246809756545,34.0313971196623,36.5611931732479,35.3701445038257,34.4337697617072,36.4589132986537,36.571189973671,36.6275083239207,NA,NA,NA,NA,NA
"TGAGAGGAGGGAAACA-400.2.2",34.1765906190237,33.1893146976639,34.7790761346005,34.1989012207256,34.3753726240809,34.9265215533913,35.6602159280645,35.2220999309232,NA,NA,NA,NA,NA
"TGAGAGGTCAGATAAG-400.2.2",NA,52.5589425146241,NA,NA,NA,NA,NA,NA,NA,NA,NA,NA,NA
"TGAGCATGTTCCGGCA-400.2.2",NA,NA,41.1138326117134,NA,NA,NA,NA,NA,NA,NA,NA,NA,NA
"TGAGGGAAGCGTCAAG-400.2.2",14.1095367429353,14.0503200208618,14.0223990322233,14.0704486388735,14.0318560242265,14.0390760526763,14.0916842125811,14.089912566323,14.8767065604656,21.4945998324539,15.3443755325701,18.4856067241502,15.9565111023984
"TGAGGGAGTCTTGATG-400.2.2",NA,NA,NA,NA,NA,NA,NA,NA,26.7220442048117,NA,NA,NA,NA
"TGAGGGAGTGGTACAG-400.2.2",22.2031406996331,NA,NA,NA,NA,NA,NA,NA,NA,NA,NA,NA,NA
"TGAGGGATCCCTGACT-400.2.2",NA,NA,NA,22.3393547652227,NA,NA,NA,NA,NA,NA,NA,NA,NA
"TGATTTCCACATGTGT-400.2.2",29.8796614884343,NA,NA,NA,NA,NA,NA,NA,NA,NA,NA,NA,NA
"TGATTTCGTATCTGCA-400.2.2",NA,NA,NA,NA,NA,NA,NA,NA,17.4810286788274,NA,24.0542053444209,NA,NA
"TGCACCTGTAGTAGTA-400.2.2",9.466349661296,9.47390079925998,9.52709310510478,9.52151214597244,9.53931028304145,9.55758279691007,9.46715866338959,9.4826561267681,17.5513456946741,15.6628032701098,20.4477944157677,13.6097157532804,15.2905072805761
"TGCACCTGTCAACTGT-400.2.2",29.4254568413563,30.7329982972851,30.7078269325354,30.3720738331824,30.3790494157327,30.4053264623655,30.8077701027655,30.5783362709182,NA,NA,NA,NA,NA
"TGCACCTGTCCAGTAT-400.2.2",NA,NA,NA,NA,NA,NA,NA,NA,NA,NA,NA,NA,25.8605167860101
"TGCCAAAAGGTTCCTA-400.2.2",30.9619948195515,31.9225646788481,32.3336529346668,32.2051659243759,32.0978778083346,31.9568824542218,32.8919374589726,32.399246999468,NA,NA,NA,NA,NA
"TGCCCATAGGAGTCTG-400.2.2",28.2686585732438,28.1975998413012,28.5070440621177,28.2485094655872,27.8336061288376,28.3202360655546,28.3718475222637,28.1840631536061,NA,NA,NA,NA,NA
"TGCCCTAAGCTAGTGG-400.2.2",31.3762520553873,32.2725116573727,33.1344277691097,32.2690365789897,32.2336545442975,32.4183156315529,32.8919374589726,32.399246999468,NA,NA,NA,NA,NA
"TGCGCAGTCAATAAGG-400.2.2",NA,NA,NA,NA,NA,NA,NA,NA,22.0441480718115,NA,NA,NA,NA
"TGCGGGTAGTCAAGCG-400.2.2",NA,NA,NA,NA,NA,NA,NA,NA,14.0001627526558,13.7529138083626,28.8739093149032,NA,NA
"TGCGTGGGTGGCCCTA-400.2.2",NA,NA,NA,NA,32.1041770821637,NA,NA,NA,NA,NA,NA,NA,NA
"TGCGTGGTCCACGTTC-400.2.2",NA,NA,NA,NA,NA,NA,NA,NA,NA,23.9223094362001,NA,27.5030717745124,NA
"TGCTACCAGGAGCGTT-400.2.2",8.49724350839142,8.51613572404264,8.50811425445671,8.52574053100133,8.53304890044973,8.51816880105272,8.50683143920388,8.5062337352612,8.35491371546362,8.3039878619888,8.27396463767267,8.08506913374798,8.32418682678551
"TGCTACCTCCTCAACC-400.2.2",NA,NA,NA,NA,NA,NA,NA,NA,16.0043331608909,20.8820308659823,16.8848565053318,19.87913568115,17.3580716561406
"TGGACGCGTCTTGATG-400.2.2",NA,48.7690228719978,NA,NA,NA,NA,NA,NA,NA,NA,NA,NA,NA
"TGGACGCTCTCTAAGG-400.2.2",9.0868697946428,9.07090454203278,9.1761868353417,9.18487565756232,9.17002298069377,9.20731711992424,9.12148110771653,9.12835356399994,17.6251327270321,16.1791928061352,20.2401651048396,14.4154983536736,16.3580069128265
"TGGACGCTCTTTACGT-400.2.2",NA,NA,NA,NA,NA,24.592178541409,NA,NA,NA,NA,NA,NA,NA
"TGGCCAGGTATAAACG-400.2.2",14.6783559208551,14.3712331459458,14.5289426447527,14.5074878523878,14.4582662694289,14.4799858670997,14.4401893740688,14.4834974823844,12.4197009640236,13.2947311152861,13.0876443260719,13.1316180551017,12.7983211406767
"TGGCTGGCACGTCTCT-400.2.2",10.6262554201513,10.5712239008716,10.5640687819617,10.577255900508,10.5428444944296,10.6731093000261,10.6663079605684,10.5748502608535,16.4508395785872,17.933762304023,18.2067817052808,19.4584447489623,18.0998235691244
"TGGCTGGTCACTTATC-400.2.2",NA,NA,NA,NA,NA,NA,NA,NA,NA,NA,30.3401997335836,NA,NA
"TGGGCGTGTCTGATCA-400.2.2",NA,NA,NA,18.6967164318286,NA,NA,NA,NA,NA,NA,NA,NA,NA
"TGGTTAGGTGTTCGAT-400.2.2",23.2187677810752,NA,NA,NA,NA,NA,NA,NA,NA,NA,NA,NA,NA
"TGGTTCCTCATCGATG-400.2.2",30.0616219494338,31.0512833365348,31.3802464332815,30.9423054759629,30.9345862902393,30.701345879782,31.2277009282888,30.753072949121,NA,NA,NA,NA,NA
"TGGTTCCTCTCCGGTT-400.2.2",NA,NA,NA,NA,NA,NA,41.8241592348843,NA,NA,NA,NA,NA,NA
"TGTATTCAGTTACCCA-400.2.2",15.0196143739228,15.2309416338226,15.2140016586774,15.1018454163876,15.0781988713335,15.1921106277138,15.2135737072668,15.1313240238164,23.8985106104731,13.1439350397041,13.0517641944753,12.5039733369102,12.9335923604977
"TGTATTCGTACACCGC-400.2.2",NA,NA,NA,NA,NA,NA,NA,45.274022154759,NA,NA,NA,NA,NA
"TGTGGTAAGCTAACAA-400.2.2",NA,NA,NA,NA,NA,NA,42.6283857827533,NA,NA,NA,NA,NA,NA
"TGTGGTAGTCTAGCCG-400.2.2",23.9695547736114,23.6737704733771,23.8968824971923,23.9187941228921,23.5268633108089,23.7952672697559,23.6696601826273,23.6379803126195,NA,NA,NA,NA,NA
"TGTGTTTCACCATCCT-400.2.2",NA,NA,NA,24.4032861793072,NA,NA,NA,NA,NA,NA,NA,NA,NA
"TGTGTTTCATTGGTAC-400.2.2",NA,NA,17.7177419781755,NA,NA,NA,NA,NA,NA,NA,NA,NA,NA
"TGTGTTTGTGTTGAGG-400.2.2",26.7125909441602,27.1795911232086,27.3457281966743,27.1209573634883,27.0481711129727,26.9782165945466,27.3537937597405,27.0030422441832,NA,NA,NA,NA,NA
"TGTTCCGTCACCGTAA-400.2.2",24.7375779458546,NA,NA,NA,NA,NA,NA,NA,NA,NA,NA,NA,NA
"TGTTCCGTCATTGCGA-400.2.2",NA,NA,NA,NA,NA,NA,NA,NA,NA,NA,NA,15.3576249007644,NA
"TTAACTCAGATCGATA-400.2.2",NA,NA,NA,NA,NA,NA,39.7611074111902,NA,NA,NA,NA,NA,NA
"TTAACTCGTCGCATAT-400.2.2",NA,NA,17.8668730766343,NA,NA,NA,NA,NA,NA,NA,NA,NA,NA
"TTAACTCTCTCTTATG-400.2.2",10.3907112365483,10.3729923867908,10.4495679111807,10.4773991885645,10.3810455234261,10.4036689449938,10.3787079544132,10.4217825389157,15.5181993941364,19.0758606415884,16.9714137050752,18.0703126048664,16.7837999673927
"TTAGGCAAGGATATAC-400.2.2",NA,NA,NA,NA,NA,NA,NA,NA,NA,NA,NA,NA,27.0431219746282
"TTATGCTAGAGACTTA-400.2.2",6.69290637164839,6.67005838841318,6.67145430798463,6.67789991067956,6.6249655808956,6.64374062120723,6.64260937697541,6.61131076356365,6.72923849449381,6.78170688494714,6.75310503718583,6.78753029357515,6.64405581658886
"TTCGAAGAGCTGCCCA-400.2.2",NA,NA,NA,NA,NA,NA,NA,NA,20.8441910410115,15.8999417219031,18.9844171772881,13.43649588453,15.9950397384911
"TTCGAAGCAAAGCAAT-400.2.2",NA,NA,28.3591969395072,NA,NA,NA,NA,NA,NA,NA,NA,NA,NA
"TTCGAAGTCGAATCCA-400.2.2",NA,NA,20.1502547621336,NA,NA,NA,NA,NA,NA,NA,NA,NA,NA
"TTCGGTCAGGTAGCCA-400.2.2",31.7675807294924,32.3455248800165,33.5425388274238,32.6254384082136,32.7166276013166,33.4144231376602,33.7322159990471,33.2179368679332,NA,NA,NA,NA,NA
"TTCGGTCGTTGCGCAC-400.2.2",NA,NA,NA,NA,NA,NA,NA,37.6328083226251,NA,NA,NA,NA,NA
"TTCTACAAGCCTATGT-400.2.2",NA,NA,NA,19.6359833098236,NA,NA,NA,NA,NA,NA,NA,NA,NA
"TTCTACAGTGCAACTT-400.2.2",6.79687933400099,6.81769081258313,6.81901800338074,6.82086073113843,6.88532012756554,6.89489043992053,6.89920928776985,6.85234816795504,6.91476652348665,6.9093774587495,6.94648605781857,6.9439816733304,6.89911331876994
"TTCTCAACACGAAGCA-400.2.2",25.9267795871544,26.5945197672448,26.5513698233695,26.2653237934733,26.4593540559081,26.403002079724,26.5160420575388,26.3519072918863,NA,NA,NA,NA,NA
"TTCTCCTCAAGAGGCT-400.2.2",NA,NA,NA,NA,NA,NA,NA,NA,16.4508395785872,19.9214208580779,17.8040987950694,20.7204748503852,19.3470723665671
"TTCTCCTTCGCAGGCT-400.2.2",NA,NA,NA,NA,NA,NA,NA,NA,NA,21.0480414141501,NA,20.9308206250584,19.1992258400254
"TTGCGTCGTACGACCC-400.2.2",29.8097964157112,31.0734946514216,31.4807010238942,30.9423054759629,31.3692412984572,30.9006747047333,31.6459722261401,31.1662525030002,NA,NA,NA,NA,NA
"TTGGAACAGTACGACG-400.2.2",13.43421949983,14.2090770157885,13.6671816481225,13.8937125608101,13.9598523321858,13.8791305997561,13.996733294976,13.9384071965516,10.8949005026178,11.1199028392005,11.2601559139988,11.343360084764,10.9270470784959
"TTGGAACGTACATGTC-400.2.2",13.5934197893523,13.4058406665877,13.4587241053566,13.5182748866526,13.4123996851624,13.4937926155152,13.4585564711376,13.4623234609748,12.2371927852659,12.6886478210324,12.6876427054929,13.3952253414027,26.6645980305303
"TTGTAGGAGCCACTAT-400.2.2",NA,NA,NA,NA,41.2426406946316,NA,NA,NA,NA,NA,NA,NA,NA
"TTGTAGGCACATTTCT-400.2.2",NA,NA,NA,24.8232396899892,NA,NA,NA,NA,NA,NA,NA,NA,NA
"TTGTAGGGTTGCTCCT-400.2.2",NA,NA,NA,NA,NA,NA,NA,NA,32.2350816981725,NA,NA,NA,NA
"TTGTAGGTCCACGAAT-400.2.2",NA,NA,NA,NA,NA,NA,NA,NA,NA,NA,NA,NA,31.2658523145163
"TTTACTGAGTAGGTGC-400.2.2",NA,NA,NA,22.8272913140832,NA,NA,NA,NA,NA,NA,NA,NA,NA
"TTTATGCAGAAGGGTA-400.2.2",NA,NA,NA,NA,41.3709486056882,NA,NA,NA,NA,NA,NA,NA,NA
"TTTATGCGTAAACGCG-400.2.2",15.583294187846,16.1432723915678,15.7229143084784,15.5834003704889,15.7463847701813,15.8340784113583,15.841448444608,15.7843027000043,NA,NA,32.2675572936343,NA,NA
"TTTATGCTCGCGCCAA-400.2.2",NA,NA,NA,25.8415955020467,NA,NA,NA,NA,NA,NA,NA,NA,NA
"TTTCCTCCAATAGAGT-400.2.2",22.6394096542828,22.7924750859247,22.9954478537194,22.8272913140832,22.8820477276462,22.9552315425359,22.8757249448393,22.76949126219,NA,NA,NA,NA,NA
"TTTGCGCAGAGCCCAA-400.2.2",NA,41.5327672649714,NA,NA,NA,NA,NA,NA,NA,NA,NA,NA,NA
"TTTGCGCCAGTAGAGC-400.2.2",NA,50.4534068360007,NA,NA,NA,NA,NA,NA,NA,NA,NA,NA,NA
"TTTGGTTAGTCCCACG-400.2.2",14.8137667057021,14.5207685624973,14.4784560745985,14.6281190311497,14.4176781589278,14.5521799128243,14.52733953312,14.5505690944804,12.539484756944,11.7908736274256,12.8266207751551,15.5548868555646,12.2592949951709
"TTTGGTTCACGACGAA-400.2.2",18.3862891423823,NA,NA,NA,NA,NA,NA,NA,NA,NA,NA,NA,NA
"TTTGTCATCCAGTAGT-400.2.2",36.3546217967038,NA,NA,NA,NA,NA,NA,NA,NA,NA,NA,NA,NA
"AAACCTGAGACAATAC-400.2.3",13.7898447536631,13.6137938862459,13.9245089045621,13.8334877954778,13.7014494193755,13.7246003933662,13.6984043229539,13.7845803993339,13.1474044559368,13.6041883148065,13.6334609069819,13.2296686594832,13.5636585592754
"AAACCTGCAGATAATG-400.2.3",NA,NA,16.7345141565145,NA,NA,NA,NA,NA,NA,NA,NA,NA,NA
"AAACCTGTCCCGACTT-400.2.3",NA,NA,NA,17.3038399213283,NA,NA,NA,NA,NA,NA,NA,NA,NA
"AAACGGGAGCTGAAAT-400.2.3",NA,NA,NA,NA,NA,NA,NA,NA,19.7056912515654,15.7625792697936,20.1194376128777,NA,NA
"AAACGGGCATGGGACA-400.2.3",NA,NA,NA,NA,NA,NA,NA,NA,7.98668968114489,15.6756820180083,NA,NA,22.8254828394754
"AAAGATGAGCGATCCC-400.2.3",NA,NA,NA,NA,NA,NA,NA,NA,NA,29.0359004982305,NA,24.7617841542004,NA
"AAAGATGGTAATCACC-400.2.3",6.63934023603283,6.61817786511471,6.6206578167257,6.62259714699465,6.57165462837214,6.59497967495928,6.59496426863334,6.61131076356365,6.67514991852006,6.61313997619358,6.69821922044154,6.73930141034161,6.58058655948013
"AAAGCAAAGAGACTAT-400.2.3",34.0413465178588,NA,NA,NA,NA,NA,NA,NA,NA,NA,NA,NA,NA
"AAAGCAAGTAGCAAAT-400.2.3",NA,NA,NA,NA,27.9243522348272,NA,NA,NA,NA,NA,NA,NA,39.9241227112141
"AAAGCAATCCGCAAGC-400.2.3",NA,NA,NA,NA,NA,NA,NA,NA,31.9135376371919,NA,NA,NA,NA
"AAAGTAGCAGTAAGAT-400.2.3",30.1938667546649,31.1706959324773,31.5043081372811,30.9423054759629,31.3692412984572,31.0277197830151,31.7358966597976,31.1662525030002,NA,NA,NA,NA,NA
"AAAGTAGGTGTCGCTG-400.2.3",NA,NA,NA,21.567260703199,NA,NA,NA,NA,NA,NA,NA,NA,NA
"AACACGTAGAGGTACC-400.2.3",23.7174834680433,23.6482511690335,23.7784248347809,23.5802204533875,23.6343060563816,24.0157821295431,23.6934536477067,23.5988331991681,NA,NA,NA,NA,NA
"AACACGTGTTCTCATT-400.2.3",NA,NA,NA,NA,NA,NA,52.9586565142649,NA,NA,NA,NA,NA,NA
"AACCGCGTCGGCTACG-400.2.3",NA,NA,NA,NA,33.1511725347944,NA,NA,NA,NA,NA,NA,NA,NA
"AACCGCGTCTATCCCG-400.2.3",NA,NA,NA,NA,NA,NA,NA,NA,17.1537821641752,16.1225556015648,23.3480586865814,13.9462895027997,15.7711759401218
"AACGTTGCATCCCATC-400.2.3",19.8818456233643,NA,NA,NA,NA,NA,NA,NA,NA,NA,NA,NA,NA
"AACTCAGAGTCTCAAC-400.2.3",NA,NA,NA,NA,NA,NA,NA,NA,15.7802839630478,20.4703247278137,17.3245626265503,22.5956607254657,17.6471831499603
"AACTCAGCACATCCGG-400.2.3",16.2116548292341,NA,16.3341145558866,16.1596609981625,NA,16.0041549819411,NA,15.8908456344996,NA,NA,NA,NA,NA
"AACTCAGGTGTTGGGA-400.2.3",NA,54.1696489093385,NA,NA,NA,NA,NA,NA,NA,NA,NA,NA,NA
"AACTCAGTCGTCTGCT-400.2.3",NA,NA,NA,NA,NA,NA,NA,NA,29.8584375026598,NA,NA,NA,NA
"AACTCCCCATATACCG-400.2.3",NA,NA,NA,NA,NA,NA,NA,NA,16.3870437976979,18.3730832474053,17.9562640506774,19.87913568115,19.1775004572173
"AACTCTTCAGAGTGTG-400.2.3",NA,17.7360657359506,NA,NA,NA,NA,NA,NA,NA,NA,NA,NA,NA
"AACTCTTGTAAATACG-400.2.3",NA,NA,NA,NA,NA,NA,NA,NA,NA,NA,NA,NA,28.8651623653732
"AACTTTCCAGATAATG-400.2.3",NA,NA,NA,NA,NA,NA,NA,NA,NA,23.0285914683163,NA,28.3097753234674,NA
"AACTTTCTCTGTCTCG-400.2.3",NA,35.2027844602364,NA,NA,NA,NA,NA,NA,NA,NA,NA,NA,NA
"AAGACCTCATGTAAGA-400.2.3",20.5433450813536,20.7209247827218,20.7926293119824,20.6749636750135,20.7160069635038,20.7512738100321,20.7413789941628,20.7129428293463,NA,NA,NA,NA,NA
"AAGCCGCAGCGCCTCA-400.2.3",33.2225974459533,33.1893146976639,35.1437846331652,33.8854070555706,33.9482576868341,34.4922657188693,35.3521014378611,34.8506704911154,NA,NA,NA,NA,NA
"AAGCCGCGTCTCTTAT-400.2.3",31.7221809629036,32.7415832721233,32.7374473214243,32.359898306744,32.273170838589,32.9792053260858,33.3458189197219,33.2914472729225,NA,NA,NA,NA,NA
"AAGCCGCGTTCAGCGC-400.2.3",18.7810948415444,NA,NA,NA,NA,NA,NA,NA,NA,NA,NA,NA,NA
"AAGGAGCAGCCCGAAA-400.2.3",31.730836370074,32.7677169360001,33.1403832725073,32.4728403875724,32.6637540303986,32.5088376066954,33.2670309144853,33.0851868065795,NA,NA,NA,NA,NA
"AAGGAGCCATCACCCT-400.2.3",NA,NA,NA,NA,NA,NA,NA,NA,NA,NA,NA,NA,31.7279363903502
"AAGGAGCGTTCTGGTA-400.2.3",NA,NA,NA,15.1018454163876,NA,NA,NA,NA,NA,NA,NA,NA,NA
"AAGGAGCGTTGCGTTA-400.2.3",NA,NA,NA,NA,NA,NA,NA,NA,NA,30.0113935495018,NA,NA,NA
"AAGGAGCGTTTGACAC-400.2.3",4.13283218833006,4.15554647105451,4.14257846319534,4.14173035477146,4.15039289250003,4.15738190212114,4.1376594514407,4.15307388314318,4.17768824203967,4.18893077324554,4.18341398896807,4.18655941583688,4.18544303695591
"AAGGCAGGTCCGCTGA-400.2.3",NA,NA,NA,NA,NA,NA,NA,NA,NA,NA,30.8309656478858,NA,NA
"AAGGCAGTCAGCATGT-400.2.3",27.4517987588626,27.5354707863876,27.4493838333962,27.3286511088796,27.3504862410631,27.3240762767646,27.238843479446,27.1042313125151,NA,NA,NA,NA,NA
"AAGGTTCCAGTTTACG-400.2.3",NA,NA,NA,NA,NA,24.8361768615458,NA,NA,NA,NA,NA,NA,NA
"AAGGTTCTCAGTTCGA-400.2.3",6.66483899029805,6.63340329268575,6.63878507432193,6.64653620237275,6.58165652314766,6.60955035388904,6.6063832055557,6.61131076356365,6.81111436688639,6.78170688494714,6.84299256754764,6.9439816733304,6.70378828298928
"AAGTCTGAGAAGATTC-400.2.3",10.5597736707735,10.4314038647849,10.5482367194224,10.5002998813486,10.5428444944296,10.4685462421732,10.5589478355077,10.5748502608535,17.3814349769801,16.5650698640436,22.0912450910346,14.5272753107446,16.5515197429186
"AAGTCTGAGCAATATG-400.2.3",NA,NA,NA,NA,NA,26.8546966863718,NA,NA,NA,NA,NA,NA,NA
"AAGTCTGCAGACGCCT-400.2.3",NA,NA,NA,NA,33.8748520406841,NA,NA,NA,NA,NA,NA,NA,NA
"AAGTCTGGTGAGTGAC-400.2.3",10.3050251417192,10.361781514203,10.3010910333117,10.3049622445076,10.293182446142,10.3818633816965,10.2684021518014,10.3071551852253,16.4508395785872,18.1496681570449,17.8040987950694,19.5915374601632,18.6740584526698
"AATCGGTAGTTCGATC-400.2.3",NA,NA,NA,NA,NA,NA,NA,NA,16.0043331608909,20.0051464314194,16.8848565053318,19.6687962577484,17.163691991915
"AATCGGTCACCAGATT-400.2.3",NA,NA,NA,NA,41.1369557405402,NA,NA,NA,NA,NA,NA,NA,NA
"ACACCAATCAAACGGG-400.2.3",NA,NA,17.5923106588343,NA,NA,NA,NA,NA,NA,NA,NA,NA,NA
"ACACCCTAGTTGCAGG-400.2.3",NA,NA,24.5578895966329,24.5681696178831,NA,NA,NA,NA,NA,NA,NA,NA,NA
"ACACCGGAGCGATCCC-400.2.3",NA,NA,37.2399603009396,NA,NA,NA,NA,NA,NA,NA,NA,NA,NA
"ACACTGACACGGTAAG-400.2.3",NA,NA,NA,NA,NA,42.2176934830057,NA,NA,NA,NA,NA,NA,NA
"ACACTGATCTGATTCT-400.2.3",30.9619948195515,31.4986383756909,32.3336529346668,32.6254384082136,32.4418834121274,31.7737586608978,34.6581207985259,31.9890859575846,NA,NA,NA,NA,NA
"ACAGCCGCATATGGTC-400.2.3",NA,NA,NA,NA,NA,NA,NA,NA,NA,NA,25.8715495166689,NA,NA
"ACAGCCGCATGAAGTA-400.2.3",32.0027753461954,32.4215496948688,33.6108249907518,32.5912568045189,32.5516320221862,34.6297077088308,33.6537730640782,33.2179368679332,NA,NA,NA,NA,NA
"ACAGCTAAGTACGACG-400.2.3",29.0406216260316,29.7892465940888,29.6786770090696,29.5603106161986,29.5421952931644,29.4338647984536,29.9626658268866,29.5736530118486,NA,NA,NA,NA,NA
"ACATACGAGTAACCCT-400.2.3",NA,NA,36.4131669547812,35.1290362728181,NA,38.6891128144232,37.0236404903891,36.8768286836218,NA,NA,NA,NA,NA
"ACATACGTCTTTAGTC-400.2.3",NA,NA,NA,NA,NA,NA,49.0933176463639,NA,NA,NA,NA,NA,NA
"ACATCAGAGTGCTGCC-400.2.3",25.192952757793,24.59968365158,25.0187449349693,24.9594008471835,24.2649299125078,24.6925026594817,24.6196913965636,24.6424783941262,NA,NA,NA,NA,NA
"ACATCAGGTAGCGCAA-400.2.3",NA,NA,NA,NA,NA,NA,NA,NA,25.8899741723353,NA,NA,NA,NA
"ACATCAGTCTCGCTTG-400.2.3",29.0406216260316,30.0743062265605,30.1291612644347,30.0975211119956,30.0596504313521,29.590332162913,30.6756209322172,29.7073863369571,NA,NA,NA,NA,NA
"ACATCAGTCTTAACCT-400.2.3",NA,NA,34.9431168823122,NA,NA,NA,NA,NA,NA,NA,NA,NA,NA
"ACATGGTCATCACGAT-400.2.3",NA,NA,NA,22.3438168420491,NA,NA,NA,NA,NA,NA,NA,NA,NA
"ACATGGTTCAACCATG-400.2.3",NA,NA,NA,NA,NA,NA,NA,NA,32.7295877628162,NA,NA,NA,NA
"ACCAGTAAGCTGAAAT-400.2.3",NA,NA,21.7778920758729,NA,NA,NA,NA,NA,NA,NA,NA,NA,NA
"ACCAGTAAGTGGAGAA-400.2.3",NA,23.2210788443841,NA,NA,NA,NA,NA,NA,NA,NA,NA,NA,NA
"ACCAGTACAATGGACG-400.2.3",NA,17.203863587485,NA,NA,NA,NA,NA,NA,NA,NA,NA,NA,NA
"ACCAGTAGTCAGTGGA-400.2.3",NA,NA,NA,NA,NA,NA,NA,NA,16.1529067377318,21.4886315008063,17.3962108331405,21.1817807787743,19.2823498566153
"ACCCACTAGCGTCTAT-400.2.3",NA,NA,NA,NA,NA,NA,NA,NA,NA,NA,NA,NA,33.0127424923761
"ACCGTAAGTCACTTCC-400.2.3",NA,NA,NA,NA,NA,NA,NA,NA,20.9198395211658,15.9764155326723,18.6411430146689,13.6227774047223,16.3031709442664
"ACCTTTACAAATCCGT-400.2.3",NA,NA,NA,NA,24.0465570772443,NA,NA,NA,NA,NA,NA,NA,38.6283382911204
"ACGAGGAGTATGAATG-400.2.3",NA,NA,NA,NA,NA,NA,NA,NA,NA,22.1025789449766,16.6615567103385,25.5602929339723,17.6211965188319
"ACGATACAGACAGAGA-400.2.3",NA,NA,NA,22.9190546607238,NA,NA,NA,NA,NA,NA,NA,NA,NA
"ACGATGTCATCACCCT-400.2.3",33.1796906797125,NA,NA,NA,NA,NA,NA,NA,NA,NA,NA,NA,NA
"ACGCAGCCACTAAGTC-400.2.3",NA,18.1706670663625,NA,NA,NA,NA,NA,NA,NA,NA,NA,NA,NA
"ACGCAGCCAGTTAACC-400.2.3",31.9082822322222,32.2292915362465,33.5425388274238,32.9675237316301,32.6036207431688,32.5609365245551,33.6819492175232,33.0444647999249,NA,NA,NA,NA,NA
"ACGCAGCTCGGCTACG-400.2.3",9.37349414460741,9.36047114965808,9.29410170299014,9.28872814961909,9.32795923498996,9.32359142359666,9.40341538820163,9.37762911849148,15.3736326505507,17.0517130836895,16.3971400099441,9.19540029508624,16.68475925622
"ACGCCAGAGGGTTCCC-400.2.3",NA,NA,NA,NA,NA,NA,NA,NA,NA,21.6331164978401,16.8848565053318,20.2998578698022,17.5373455638285
"ACGCCAGTCACCACCT-400.2.3",12.4693100236468,12.4697628545403,12.4589262244725,12.4706436213607,12.514762570595,12.5199006593358,12.5147764471938,12.5205851031369,13.5021385805622,13.4186735903214,14.0231237654849,15.8744741861389,13.953090888356
"ACGCCGAAGCCACTAT-400.2.3",9.45751580379599,9.47390079925998,9.4365623575096,9.45529706388374,9.47704851151954,9.49080486273911,9.40341538820163,9.37762911849148,9.69787134606185,9.45551380057108,9.47044717490794,9.56082397887633,9.57451552304085
"ACGGAGAAGTTATCGC-400.2.3",NA,NA,NA,NA,NA,NA,NA,NA,NA,NA,NA,NA,28.8407876663496
"ACGGCCAAGATAGCAT-400.2.3",NA,NA,NA,38.9566744360652,NA,NA,NA,NA,NA,NA,NA,NA,NA
"ACGGGCTCATCGATTG-400.2.3",NA,NA,NA,NA,NA,NA,NA,NA,NA,32.154822991963,NA,NA,NA
"ACGGGCTGTAGCGATG-400.2.3",9.71122879721672,9.80522660100597,9.8013918976811,9.78066136442492,9.84633925887603,9.79141317593964,9.75773641002791,9.82628515277972,9.53136517194815,9.32656574367937,9.37889920000213,9.30108193617624,9.31764923187236
"ACGGGCTTCAACCAAC-400.2.3",28.6170592512691,NA,NA,NA,NA,NA,NA,NA,NA,NA,NA,NA,NA
"ACGTCAAAGGTAGCTG-400.2.3",36.3698048830607,NA,NA,NA,NA,41.9045251544068,38.2811188865638,39.9294647206823,NA,NA,NA,NA,NA
"ACGTCAAAGTAATCCC-400.2.3",31.7757486721085,31.4986383756909,32.7919172612531,33.8854070555706,33.281412858898,32.1431445426734,35.7282201411563,32.7644138377003,NA,NA,NA,NA,NA
"ACGTCAACAACTGGCC-400.2.3",18.2786820562189,18.0268782831958,18.0746048171092,18.0542254766448,18.0212400492203,18.1497500849745,18.1462635208958,18.1320441146695,NA,27.5597969450723,NA,NA,13.8316653863878
"ACTGAACAGCACAGGT-400.2.3",29.8097964157112,30.3399219561367,30.9217403536994,30.2468611501645,30.4697516582339,31.3378706959313,30.8077701027655,30.3657877680241,NA,NA,NA,NA,NA
"ACTGAACAGTGGAGAA-400.2.3",NA,NA,NA,NA,NA,NA,NA,NA,16.6739463332296,18.9938516169886,18.059949124348,20.2998578698022,18.8005195612209
"ACTGAGTTCGCAGGCT-400.2.3",29.7720555520678,30.1285415278344,30.6944406111247,29.8160263857085,30.0300707298295,31.0535295064962,30.2963547239515,29.9230525057493,NA,NA,NA,NA,NA
"ACTGCTCAGACTGGGT-400.2.3",24.4573209401516,23.9129822280008,24.1882628139848,24.2697202383417,23.6510448317856,23.9851305420142,23.8720065956129,23.8984946421816,NA,NA,NA,NA,NA
"ACTGTCCTCGCCTGAG-400.2.3",23.4849663332518,NA,NA,NA,NA,NA,NA,NA,NA,NA,NA,NA,NA
"ACTGTCCTCTTGAGGT-400.2.3",NA,NA,NA,NA,NA,29.3538251728667,NA,NA,NA,NA,NA,NA,NA
"ACTTTCAGTCCATGAT-400.2.3",9.1614516439303,9.15259058798388,9.19381615918153,9.20322073596635,9.17002298069377,9.21864673674682,9.16962704186958,9.17481694317964,8.94417348274702,8.80378210216291,8.82795636291583,8.76344252303036,8.78083752303093
"ACTTTCATCTCGCTTG-400.2.3",11.8032844577894,11.7346869367468,11.8134603162401,11.7419796015935,11.6909848156869,11.7877822131235,11.7747167315848,11.7803722955726,16.0043331608909,19.0758606415884,17.2836284834242,18.9129352805442,16.8317810199817
"AGAATAGAGTTCCACA-400.2.3",30.1938667546649,30.6269125298682,30.8606153895993,31.741160217337,31.3692412984572,30.296951805841,31.9760607539195,30.3387087984737,NA,NA,NA,NA,NA
"AGAATAGGTTTGTGTG-400.2.3",NA,NA,NA,20.1099745647092,NA,NA,NA,NA,NA,NA,NA,NA,NA
"AGACGTTGTAGCGTCC-400.2.3",NA,NA,NA,NA,NA,NA,NA,NA,16.2014390784088,20.2536657640425,17.570692200747,22.9038816393291,17.6211965188319
"AGAGCGAAGGAGTACC-400.2.3",4.99804681466505,5.0677156451984,5.0179850218344,5.01760861563629,5.02283461933525,4.96827502560311,4.99612641352523,5.04581861484011,5.15039619128693,5.16463844315959,5.1517712506783,5.19471287559656,5.09258721937226
"AGAGCGAGTCTCTCTG-400.2.3",NA,18.1905064915197,NA,NA,NA,NA,NA,NA,NA,NA,NA,NA,NA
"AGAGCTTCATGGTAGG-400.2.3",NA,NA,NA,33.6320491437422,NA,NA,NA,NA,NA,NA,NA,NA,NA
"AGATCTGCATTATCTC-400.2.3",NA,NA,NA,NA,NA,NA,NA,NA,NA,30.427929687983,NA,NA,NA
"AGATTGCAGAAGATTC-400.2.3",6.1669271694637,6.16160065742017,6.15698457335023,6.15907682634599,6.12170498038312,6.12378493821856,6.13102488237347,6.21900148841952,6.25652353134061,6.29748184295293,6.29569166303743,6.34901874140971,6.17424645203958
"AGATTGCAGATCACGG-400.2.3",30.5778771369066,31.4986383756909,31.6621623381308,31.7846079718485,31.802218272439,31.5163973801474,32.4779689024769,31.9890859575846,NA,NA,NA,NA,NA
"AGCATACAGTAGGTGC-400.2.3",12.4708674781693,12.5407922277766,12.5670775225058,12.5752908883187,12.405521623677,12.4850732457857,12.5057750123123,12.574619635369,23.9314697805594,13.1968912965121,12.9398420949554,12.5039733369102,12.7983211406767
"AGCATACAGTCACGCC-400.2.3",29.0406216260316,30.2189609620425,30.1209424279719,29.6742422595541,29.8565101600513,29.8123091969261,30.3861070806172,29.9961179129322,NA,NA,NA,NA,NA
"AGCATACCAGATCCAT-400.2.3",9.06965804839365,9.02688430599125,9.06827717563177,9.08636894239842,9.07611567965213,9.06437086643936,9.02473424867162,9.03062763050499,8.96708256616447,8.84831086668157,8.98308318101319,8.56324371873909,8.78833169998788
"AGCCTAAAGAAGGTTT-400.2.3",NA,NA,NA,NA,20.0841781834125,NA,NA,NA,NA,NA,NA,NA,36.8013628428529
"AGCCTAATCACTTATC-400.2.3",24.6464659185029,24.7271846456962,24.9566509275392,24.7008649856758,24.2827690775332,24.5677773551589,24.581238925072,24.7167614081501,NA,NA,NA,NA,NA
"AGCCTAATCGTCCGTT-400.2.3",NA,NA,NA,NA,NA,NA,NA,NA,NA,22.330881674698,NA,26.9125662700523,NA
"AGCGGTCGTGTCTGAT-400.2.3",NA,NA,NA,15.3256885763364,NA,NA,NA,NA,NA,NA,NA,15.1606572757684,NA
"AGCGTATAGTTAGGTA-400.2.3",12.4040571334898,12.2095868713462,12.3938451409097,12.5532276111358,12.2791200858902,12.378661323,12.3664562538092,12.325297557395,13.2465385961337,12.4349705081907,13.2771539098032,15.5548868555646,12.9703624852551
"AGCGTATCAAAGCAAT-400.2.3",30.128476229445,31.0734946514216,31.2827463727526,30.9423054759629,31.2284965051409,30.9006747047333,31.6459722261401,31.1662525030002,NA,NA,NA,NA,NA
"AGCGTATGTCGCGGTT-400.2.3",NA,NA,NA,NA,NA,NA,NA,NA,16.6443568957684,19.7290013021256,18.0391387211631,22.2002161740015,18.1478789273418
"AGCGTATTCTGTCTAT-400.2.3",NA,40.657669476742,NA,NA,NA,NA,NA,NA,NA,NA,NA,NA,NA
"AGCGTCGAGATGCCAG-400.2.3",8.80964214067791,8.81034213559979,8.87845891523432,8.85699173747095,8.7492791334058,8.83752586927771,8.83569319662586,8.83320265426242,8.71990804720002,8.61942209721572,8.63863023119574,8.76344252303036,8.58629872450963
"AGCTCCTCATACCATG-400.2.3",NA,NA,NA,38.2428832303334,NA,NA,NA,NA,NA,NA,NA,NA,NA
"AGCTCCTTCCGAGCCA-400.2.3",NA,NA,NA,NA,NA,NA,NA,NA,16.4508395785872,18.5162675917271,17.9874795663707,20.0895030095199,19.1992258400254
"AGCTCCTTCCGTCAAA-400.2.3",23.9380208037616,24.1792205015255,24.3801080188494,24.118812618241,24.1124538950817,24.3183986185974,24.3105999572371,24.158012877545,NA,NA,NA,NA,NA
"AGCTCCTTCTTGTACT-400.2.3",21.8643003808068,NA,NA,NA,NA,NA,NA,NA,NA,NA,NA,NA,NA
"AGCTCTCCAAGTTGTC-400.2.3",9.16542671753215,9.15354212289288,9.22780474235766,9.22487120918616,9.17002298069377,9.22804685758473,9.19131994223633,9.19645512791299,17.3527217867481,16.1225556015648,21.349100863747,9.51053408284398,16.6494863885174
"AGCTTGACACGACTCG-400.2.3",NA,NA,37.7167359354326,NA,NA,NA,NA,NA,NA,NA,NA,NA,NA
"AGGCCGTAGGAGTCTG-400.2.3",26.1308228016397,26.3165566834071,26.5513698233695,26.2653237934733,26.3124498455604,26.403002079724,26.5105381064012,26.2866936838685,NA,NA,NA,NA,NA
"AGGCCGTGTGAAGGCT-400.2.3",NA,NA,NA,34.190320129881,NA,NA,NA,NA,NA,NA,NA,NA,NA
"AGGGAGTTCAAGCCTA-400.2.3",34.129267190135,34.0313971196623,35.9410711045112,35.06401568694,34.7203699239637,35.2041750210812,36.3740659684775,36.0121925431514,NA,NA,NA,NA,NA
"AGGGATGGTAGTGAAT-400.2.3",33.6530873691202,32.7677169360001,34.6587567841594,34.3049957129797,33.5208080597093,34.4958717009923,35.4733208750785,34.893908890939,NA,NA,NA,NA,NA
"AGGGTGACACCAGGCT-400.2.3",NA,NA,NA,NA,30.805098713964,NA,NA,NA,NA,NA,NA,NA,NA
"AGGGTGACAGATCTGT-400.2.3",11.8625542727669,11.8092645715265,11.8134603162401,11.8584172244959,11.905171835298,11.9272762690287,11.9392965359266,11.8552685691065,13.2821904550547,12.3726859780935,13.4374330406543,11.8863083021139,13.4017794444046
"AGGGTGACATGAGCGA-400.2.3",NA,NA,NA,41.4327343395176,NA,NA,NA,NA,NA,NA,NA,NA,NA
"AGGTCATGTCACCTAA-400.2.3",NA,NA,NA,NA,NA,NA,NA,NA,NA,16.371221241906,NA,NA,25.578391175901
"AGGTCCGAGACAAAGG-400.2.3",13.2988024023004,13.1057124216959,13.1409127961835,13.1561911616222,13.0522214506451,13.1762482667784,13.1832442767901,13.1244196069925,15.5558549852213,20.048884181119,16.4395657282886,19.5451903406853,17.3580716561406
"AGGTCCGAGAGCTTCT-400.2.3",NA,NA,NA,NA,NA,NA,NA,NA,33.4309514903028,NA,NA,NA,NA
"AGTAGTCGTGGACGAT-400.2.3",NA,NA,NA,NA,NA,30.6620183279429,NA,NA,NA,NA,NA,NA,NA
"AGTAGTCTCAACACCA-400.2.3",NA,NA,NA,29.0100116163113,NA,NA,NA,NA,NA,NA,NA,NA,NA
"AGTAGTCTCTTCTGGC-400.2.3",NA,NA,NA,NA,NA,NA,NA,NA,NA,NA,NA,NA,31.5778184697033
"AGTCTTTAGATGAGAG-400.2.3",21.5038268944652,21.6002680070341,21.6576973899065,21.6255436514893,21.6968146713519,21.6994139616945,21.6363588844293,21.5776872802638,NA,NA,NA,NA,NA
"AGTCTTTTCGTAGGAG-400.2.3",NA,NA,NA,NA,24.7390008112492,NA,NA,NA,NA,NA,NA,NA,39.9241227112141
"AGTCTTTTCTGTCTCG-400.2.3",7.92429320608545,8.0023773207535,8.05093413116841,8.04034173581254,7.92282822757617,8.0558796574689,8.00536830781622,7.98291788226458,8.04508688353867,8.01044929976554,8.10745115652923,7.95475532549285,7.9765434104099
"AGTGAGGCACTGAAGG-400.2.3",NA,20.8710394624587,NA,NA,NA,NA,NA,NA,NA,NA,NA,NA,NA
"AGTGGGAAGCGATCCC-400.2.3",32.8945751072103,33.1913542959849,33.8370637166493,33.4655948702301,33.5208080597093,33.6881449946872,34.9169986091931,34.7219636084846,NA,NA,NA,NA,NA
"AGTGGGAGTTGCTCCT-400.2.3",NA,NA,NA,37.4416193219036,NA,NA,NA,NA,NA,NA,NA,NA,NA
"AGTGTCAAGTTGAGTA-400.2.3",NA,NA,NA,NA,NA,NA,NA,NA,NA,22.098290912677,17.1107860549172,25.7280761798552,18.5015621427764
"AGTGTCATCCTGTACC-400.2.3",26.9290020743622,27.5116557140381,27.3939876449905,27.1209573634883,26.9195686337458,27.2350708124931,27.3856726270856,27.1756557601611,NA,NA,NA,NA,NA
"AGTTGGTCAAGGACAC-400.2.3",NA,NA,NA,36.2253661218126,NA,NA,NA,NA,NA,NA,NA,NA,NA
"ATAACGCAGAAGAAGC-400.2.3",NA,NA,NA,NA,NA,NA,NA,NA,16.5448233195393,16.0179582309041,NA,9.98244927366201,24.0153075706899
"ATAACGCAGATCCGAG-400.2.3",NA,NA,NA,33.3203263299639,NA,NA,NA,NA,NA,NA,NA,NA,NA
"ATAGACCAGCTGAACG-400.2.3",12.2211647102659,12.1927440217689,12.2382606359813,12.2635392975974,12.1473477565144,12.2457234915373,12.2259911117957,12.1845896468424,14.1792690057044,13.5600114863664,14.3455356322209,16.2169592630971,14.3109337808436
"ATCACGACAAGTAGTA-400.2.3",NA,NA,NA,NA,NA,NA,NA,NA,NA,NA,NA,NA,30.0781386557682
"ATCACGAGTTCGCTAA-400.2.3",NA,NA,NA,NA,NA,NA,NA,NA,NA,NA,NA,29.8304054141929,NA
"ATCACGATCCGGGTGT-400.2.3",31.3463083622942,31.9225646788481,32.7374473214243,33.3752156642487,32.6637540303986,32.1966332183728,34.8460209648268,32.399246999468,NA,NA,NA,NA,NA
"ATCATGGAGACTAGAT-400.2.3",NA,NA,25.2770818446241,NA,NA,NA,NA,NA,NA,NA,NA,NA,NA
"ATCATGGAGATGTAAC-400.2.3",NA,NA,NA,NA,NA,NA,NA,NA,NA,23.1842889739006,NA,26.759294511782,NA
"ATCCACCTCTCTGCTG-400.2.3",NA,NA,NA,NA,NA,NA,NA,NA,NA,NA,28.8970776365283,NA,NA
"ATCCGAACAAGGTGTG-400.2.3",19.6983525188081,19.8662758084552,19.7657833711341,19.6608401636883,19.6501552131361,19.8102673004737,19.742058731663,19.8204479086746,NA,NA,NA,NA,NA
"ATCCGAACAATGACCT-400.2.3",NA,NA,NA,NA,NA,NA,NA,NA,NA,28.3788262090376,NA,22.4035109498176,NA
"ATCCGAACATCCGGGT-400.2.3",NA,NA,NA,NA,NA,NA,NA,NA,NA,NA,NA,NA,31.9507610207535
"ATCGAGTTCAGTCAGT-400.2.3",19.5620648426001,NA,NA,NA,NA,NA,NA,NA,NA,NA,NA,NA,NA
"ATCGAGTTCATCATTC-400.2.3",NA,NA,NA,NA,NA,NA,NA,NA,20.5185513217209,NA,19.9268163083026,NA,NA
"ATCTACTTCTTGTACT-400.2.3",NA,50.8272648379159,NA,NA,NA,NA,NA,NA,NA,NA,NA,NA,NA
"ATCTGCCCATAAGACA-400.2.3",22.3248416404519,NA,NA,NA,NA,NA,NA,NA,NA,NA,NA,NA,NA
"ATCTGCCCATCAGTAC-400.2.3",NA,NA,NA,19.7336585975699,NA,NA,NA,NA,NA,NA,NA,NA,NA
"ATCTGCCGTTCGGCAC-400.2.3",8.31169198760357,8.34628388958938,8.38605060678074,8.40380056102855,8.29679249617602,8.39419662607328,8.35365880322616,8.34779262847533,8.41373023234029,8.39037092008881,8.42537365263819,8.16145428142608,8.30671207978524
"ATGAGGGAGAGGTAGA-400.2.3",NA,NA,23.5893738739687,NA,NA,NA,NA,NA,NA,NA,NA,NA,NA
"ATGAGGGAGTCACGCC-400.2.3",43.5913572153056,NA,NA,NA,NA,NA,NA,NA,NA,NA,NA,NA,NA
"ATGAGGGGTGCCTGCA-400.2.3",21.7162845438124,NA,NA,NA,NA,NA,NA,NA,NA,NA,NA,NA,NA
"ATGAGGGTCTGGGCCA-400.2.3",NA,NA,NA,NA,NA,NA,NA,NA,NA,30.3443766995207,NA,NA,NA
"ATGCGATCACAGGTTT-400.2.3",NA,NA,NA,17.4034911676877,NA,NA,NA,NA,NA,NA,NA,NA,NA
"ATGGGAGCATTGCGGC-400.2.3",NA,NA,NA,NA,NA,NA,NA,NA,29.4463739999133,NA,NA,NA,NA
"ATGTGTGCAATCTGCA-400.2.3",NA,NA,27.3182269582672,27.1729625649007,NA,NA,NA,NA,NA,NA,NA,NA,NA
"ATGTGTGGTTATGCGT-400.2.3",20.6101413563274,20.2070935685951,20.4449844682118,20.4381169565725,20.4759607466397,20.492900442549,20.4025872187902,20.4484085430897,NA,NA,NA,NA,NA
"ATTACTCCAAAGCGGT-400.2.3",28.2686585732438,28.4881052763422,28.884346603331,28.4004112185253,28.1803214484063,28.9982622084778,28.5996989335467,28.3987262430924,NA,NA,NA,NA,NA
"ATTATCCTCCGAATGT-400.2.3",7.08873152592623,7.09718411651804,7.09241811839447,7.09568749975809,7.1077586194731,7.10513171792097,7.10814091771926,7.11258245996416,7.08398823744773,7.0631748839718,7.0666697145085,7.07502962552296,7.04860706971218
"ATTGGACCAGGTCCAC-400.2.3",NA,NA,NA,40.4952664712499,NA,NA,NA,NA,NA,NA,NA,NA,NA
"ATTGGACGTCCCGACA-400.2.3",14.1480784544368,14.2599864970586,14.2405301032115,14.3215929304681,14.2731087091723,14.2921642100258,14.3515454705343,14.315832982506,11.5395369801917,11.7908736274256,11.9297917461,11.7350387472545,11.7249931034913
"ATTGGACGTTGGTTTG-400.2.3",NA,NA,19.2771367686505,NA,NA,NA,NA,NA,NA,NA,NA,NA,NA
"ATTGGACTCCCTTGTG-400.2.3",30.1935483489039,30.2705453076222,31.0021296816611,29.9422306199775,29.5556705501678,31.5060654929664,29.6221164759669,29.6660111018663,NA,NA,NA,NA,NA
"ATTTCTGAGGACTGGT-400.2.3",13.150571389629,13.670146562892,13.4243040102611,13.4660409877542,13.4878009835949,13.4712639762393,13.5446097508678,13.4913205214932,10.9475365806511,11.5675763745407,11.4832862213124,11.5396786430193,11.1995413545945
"ATTTCTGTCCACGTTC-400.2.3",NA,NA,NA,21.5828243655468,NA,NA,NA,NA,NA,NA,NA,NA,NA
"ATTTCTGTCCTAGGGC-400.2.3",34.050678082737,NA,NA,NA,NA,NA,NA,NA,NA,NA,NA,NA,NA
"CAACCTCCACACATGT-400.2.3",NA,NA,18.3209826134841,NA,NA,NA,NA,NA,NA,NA,NA,NA,NA
"CAACCTCTCCTCAACC-400.2.3",29.0406216260316,29.7501385184733,30.0207213888086,29.5508120962648,29.6189806968421,29.6001942185603,29.650892162554,29.5060024365701,NA,NA,NA,NA,NA
"CAACTAGAGCAGCGTA-400.2.3",NA,17.090504885815,NA,NA,NA,NA,NA,NA,NA,NA,34.5239920866298,NA,NA
"CAAGAAAAGAGTACAT-400.2.3",29.7838527138768,NA,NA,NA,NA,NA,NA,NA,NA,NA,NA,NA,NA
"CAAGAAAGTACCATCA-400.2.3",8.70697312164308,8.70477087520849,8.77852561187214,8.77024424186093,8.71664368378311,8.77925003242993,8.728053952742,8.72772021341808,8.64572705700768,8.61942209721572,8.68769168530804,8.77113621463652,8.55011792896938
"CAAGATCAGACCACGA-400.2.3",16.9090369601624,NA,NA,NA,NA,NA,NA,NA,NA,NA,NA,NA,NA
"CAAGATCAGTTCCACA-400.2.3",NA,NA,NA,NA,NA,NA,NA,NA,25.0670671545329,NA,NA,NA,NA
"CAAGGCCAGAAGAAGC-400.2.3",23.8828711980209,NA,NA,NA,NA,NA,NA,NA,NA,NA,NA,NA,NA
"CAAGTTGGTCTGCGGT-400.2.3",NA,NA,NA,NA,NA,NA,NA,40.0486156789833,NA,NA,NA,NA,NA
"CACACCTAGCTACCGC-400.2.3",NA,NA,NA,NA,NA,NA,NA,NA,17.5834892105941,15.8644035281754,23.6371485793854,13.9987427462278,15.5172422112921
"CACACCTCATGTAAGA-400.2.3",NA,NA,NA,NA,NA,NA,NA,NA,20.5794621526081,15.4498491802771,19.4551220825029,NA,NA
"CACACCTCATTAACCG-400.2.3",NA,NA,NA,20.3824153415154,NA,NA,NA,NA,NA,NA,NA,NA,NA
"CACACTCCAAGCCGCT-400.2.3",30.0274482192758,30.9249490773167,31.321810414155,30.918228983526,30.8069967394701,30.9006747047333,31.2277009282888,30.753072949121,NA,NA,NA,NA,NA
"CACAGGCAGATCCCAT-400.2.3",NA,NA,NA,NA,NA,NA,NA,NA,16.2277483033351,19.0758606415884,17.3394519640381,19.4584447489623,17.3394663066979
"CACAGTAGTCATATCG-400.2.3",8.68280539809905,8.59588842517015,8.64248376886408,8.64056473574368,8.69822145669271,8.65059714014286,8.61352762029022,8.61063598256729,8.49528515285762,8.39037092008881,8.51172634611655,8.5141949837875,8.34020980213833
"CACAGTAGTCGGCATC-400.2.3",NA,NA,NA,NA,40.0413031347694,NA,NA,NA,NA,NA,NA,NA,NA
"CACATAGCACACTGCG-400.2.3",NA,NA,NA,NA,NA,NA,NA,NA,30.0943560054675,NA,NA,NA,NA
"CACATAGCACATTTCT-400.2.3",NA,NA,NA,NA,NA,NA,NA,41.0646490177737,NA,NA,NA,NA,NA
"CACATTTGTAGGCATG-400.2.3",NA,NA,NA,NA,NA,NA,NA,NA,16.0043331608909,20.935466948533,17.1884046101343,24.3075566930121,18.1820925865687
"CACCACTAGTACGCCC-400.2.3",11.0742317030221,10.9929813762304,11.027013145188,11.0662392847523,11.0046011102656,11.1014343338792,11.089391140778,11.01530013202,13.4383614103177,13.9154927418662,13.8329550101845,14.704662507478,13.7963645431157
"CACCACTTCATCGCTC-400.2.3",NA,NA,NA,NA,NA,NA,NA,NA,NA,NA,NA,NA,30.7659056512845
"CACCAGGTCCTCCTAG-400.2.3",NA,NA,21.2562625661763,NA,NA,NA,NA,NA,NA,NA,NA,NA,NA
"CACCTTGCACAGATTC-400.2.3",NA,41.610492489752,NA,NA,NA,NA,NA,NA,NA,NA,NA,NA,NA
"CACCTTGGTAGAGTGC-400.2.3",18.0507187135042,17.8834966779142,17.9780538269697,18.4929311005532,17.838273970446,17.9983394798181,17.9610633674595,17.9872800771738,NA,NA,NA,NA,NA
"CACTCCAGTCAAAGCG-400.2.3",7.86510520414758,7.7682191194793,7.81704166929746,7.82060609510646,7.81560659580595,7.80371579918644,7.77351037482901,7.79255933383606,7.82450582111466,7.88665663716083,7.89131624467131,7.75773628195446,7.778069072329
"CAGAATCCACAAGCCC-400.2.3",24.9286133781089,25.2053210818114,25.2770818446241,25.0598937045569,25.1329394203404,25.1538474583021,25.1954058519674,25.1007819194029,NA,NA,NA,NA,NA
"CAGAATCCAGCTGCAC-400.2.3",NA,NA,NA,NA,NA,NA,NA,NA,16.2277483033351,20.4053220844562,17.8018004060222,22.6388668740017,18.147026947279
"CAGAATCGTGGGTATG-400.2.3",NA,NA,NA,NA,NA,NA,NA,NA,NA,23.4937559813848,NA,29.0292495942924,NA
"CAGAGAGGTACGCACC-400.2.3",NA,NA,NA,NA,NA,36.4589132986537,NA,NA,NA,NA,NA,NA,NA
"CAGAGAGGTTCTGTTT-400.2.3",NA,NA,NA,NA,24.00722863705,NA,NA,NA,NA,NA,NA,NA,NA
"CAGATCAGTAGCTAAA-400.2.3",NA,NA,NA,NA,NA,NA,NA,NA,24.0512444653906,14.7631338717751,NA,NA,NA
"CAGCAGCGTTAGGGTG-400.2.3",NA,NA,NA,NA,42.1199836835837,NA,NA,NA,NA,NA,NA,NA,NA
"CAGCATAAGATATGCA-400.2.3",NA,NA,NA,NA,NA,NA,NA,NA,NA,24.2781246550571,NA,20.0348843976366,NA
"CAGCATAGTATTAGCC-400.2.3",NA,40.7683178047106,NA,NA,NA,NA,NA,NA,NA,NA,NA,NA,NA
"CAGCATATCCCTAACC-400.2.3",12.2847664003643,12.2153773258082,12.3085379663114,12.4062693784189,12.1743623279207,12.2712200662658,12.2422387697658,12.265502466291,12.9412277358307,11.302065084485,12.8266207751551,15.8742431332637,12.1100340386004
"CAGCCGACAAGTTGTC-400.2.3",9.91303687143205,9.92262594039854,9.93217783539903,9.97711479650697,9.97525054511627,10.0111739932968,9.94616710750214,9.95818570910082,9.86253424575665,11.0119068663303,10.2742929225912,10.9944257716906,10.4554312395796
"CAGCCGACAGGCTCAC-400.2.3",NA,NA,NA,NA,20.9120843327361,NA,NA,NA,NA,NA,NA,NA,36.6844299854013
"CAGCGACCAAGCCGCT-400.2.3",NA,NA,NA,NA,NA,NA,NA,NA,NA,25.4704834173881,NA,21.9096294618051,20.5307340205838
"CAGCGACTCTGATTCT-400.2.3",6.23951840770235,6.23540529004101,6.23058553164652,6.23470565384346,6.19689628491605,6.19994432735565,6.20685534388892,6.21900148841952,6.37268643897299,6.32355853297131,6.3854202809756,6.43325805474123,6.31437748079008
"CAGCTAACAGCTGTTA-400.2.3",10.6262554201513,10.5514537563824,10.5482367194224,10.5486921576119,10.5428444944296,10.6490439313599,10.6663079605684,10.5748502608535,20.6243123004561,15.9008257023111,18.5327166811285,13.0654313964554,18.0113490329991
"CAGCTGGAGCGTGTCC-400.2.3",14.9966682760656,NA,NA,NA,NA,NA,NA,NA,NA,NA,NA,NA,NA
"CAGGTGCAGCGATGAC-400.2.3",11.0175419972185,10.965381501555,10.9951441470673,11.0413775695282,11.0046011102656,11.1216702990651,11.089391140778,10.9756022961921,23.5990073143637,14.4677025750511,14.3438250714041,12.5039733369102,13.5337242756235
"CAGGTGCCACTGTGTA-400.2.3",13.011790331112,12.9363003813416,13.0929479562849,13.182723329249,12.8788530305169,13.0204283810209,12.9760020364206,12.997131195819,13.2915325400281,12.0680305643379,13.2771539098032,15.9496135307691,12.9539526994134
"CAGGTGCGTCAATGTC-400.2.3",NA,NA,NA,NA,39.0737383244382,NA,NA,NA,NA,NA,NA,NA,NA
"CAGGTGCTCACTGGGC-400.2.3",NA,NA,NA,NA,NA,NA,NA,NA,NA,24.8894397110399,NA,28.7145192046575,NA
"CAGTAACTCCTTCAAT-400.2.3",35.1243204980795,NA,NA,NA,NA,NA,NA,NA,NA,NA,NA,NA,NA
"CATATGGGTCGACTGC-400.2.3",15.4559293600686,15.2119331134258,15.6394389012739,15.4770198727918,15.2275425460106,15.2672555637426,15.3020275393453,15.3067236786414,14.1855138025498,22.1974219986427,14.4159210751153,16.5771596362515,14.6353612187959
"CATATGGTCACGATGT-400.2.3",NA,NA,NA,NA,NA,NA,NA,NA,15.1043020329204,22.0340764548352,15.9932266869119,25.7281130329152,17.8845206543862
"CATCAAGTCGAATGCT-400.2.3",15.1002351064934,15.4054555478289,15.1331454280819,15.1018454163876,15.1774341291551,15.2210565943232,15.2418651385537,15.1967432617065,30.7954893571587,12.9156632736438,31.0956097949969,12.795642396848,12.7983211406767
"CATCGAACAGCCAGAA-400.2.3",NA,NA,NA,NA,NA,NA,NA,NA,NA,NA,NA,NA,25.8005550798817
"CATCGGGCAGCTTAAC-400.2.3",NA,NA,NA,NA,30.9726973195632,NA,NA,NA,NA,NA,NA,NA,NA
"CATCGGGTCAAGGCTT-400.2.3",13.0990059862607,13.1576909993624,13.1783196830417,13.2324809308207,13.1264142336381,13.1649777261403,13.2082627887682,13.1557242998592,11.1700287074877,11.3440384167197,11.4070540028815,11.343360084764,11.1932826567797
"CATGACAAGTGCGTGA-400.2.3",NA,NA,NA,NA,NA,NA,NA,NA,NA,NA,NA,15.3576249007644,NA
"CATGACACATGCTGGC-400.2.3",NA,NA,NA,NA,35.1067127481405,NA,NA,NA,NA,NA,NA,NA,NA
"CATGACAGTGCAACTT-400.2.3",7.69568776622896,7.69601889343836,7.63934942455184,7.64289272252616,7.72712088380271,7.67012373624534,7.73456081584199,7.74792791719755,7.75880503206723,7.7021113887719,7.72807342071092,7.55500956952311,7.67105772319543
"CATGGCGCAAATTGCC-400.2.3",8.97846574332452,8.9737896285537,8.87845891523432,8.85953788733216,8.90417186969816,8.88062351168632,8.98453279243801,8.9801461169614,8.71990804720002,8.70356633050811,8.79562020681792,8.9632320536303,21.9301861027025
"CATGGCGTCTAACGGT-400.2.3",7.1448836989891,7.2366395020729,7.22835477049584,7.22658728234915,7.19836989821802,7.22828589107801,7.21639983891704,7.18754336281301,7.2616351825637,7.24230658314686,7.24744962314371,7.35182156408348,7.17601739538005
"CATTCGCAGCGAAGGG-400.2.3",32.8849422575952,32.7919351320269,33.6843311735368,33.0189350528255,32.9682211545447,33.4170923006911,34.1263889253474,34.4430993469328,NA,NA,NA,NA,NA
"CCAATCCGTAGTGAAT-400.2.3",8.7952511309875,8.7837673769189,8.86571391271998,8.85699173747095,8.72196184343875,8.83752586927771,8.81108256013362,8.81153163473462,8.71990804720002,8.68136749179501,8.79562020681792,8.76344252303036,8.62884454855188
"CCAATCCTCTACTTAC-400.2.3",NA,NA,19.1263954292255,NA,NA,NA,NA,NA,NA,NA,NA,NA,NA
"CCACCTATCTACCAGA-400.2.3",NA,NA,NA,16.223624116814,NA,NA,NA,NA,NA,NA,NA,NA,NA
"CCACGGATCACCCTCA-400.2.3",NA,NA,19.6386216290269,NA,NA,NA,NA,NA,NA,NA,NA,NA,NA
"CCACGGATCCTAAGTG-400.2.3",14.3104662416654,14.1463590241505,14.2972231423772,14.232842791547,14.1984789294723,14.2248730712594,14.225681405443,14.248723194667,12.511586420709,12.5471220078732,12.9288414021526,13.214009651553,12.5283093262648
"CCACTACCACTCGACG-400.2.3",10.5695369199914,10.4293210729322,10.5482367194224,10.5002998813486,10.5428444944296,10.4938782401668,10.5493544021682,10.5748502608535,11.0037348923377,14.3179554950372,11.1904350116261,11.6045235905335,13.2296720755508
"CCACTACTCACTGGGC-400.2.3",NA,NA,NA,NA,NA,NA,NA,NA,16.4625093076461,19.0803483926881,17.7023450231819,19.8649571747816,17.9766804721519
"CCAGCGAAGCGTTCCG-400.2.3",17.2135345901931,NA,NA,NA,NA,NA,NA,NA,NA,NA,NA,NA,NA
"CCATGTCCACCATCCT-400.2.3",16.7014716315056,NA,NA,NA,NA,NA,NA,NA,NA,NA,NA,NA,NA
"CCCAATCCACCGAAAG-400.2.3",NA,NA,NA,NA,NA,NA,NA,NA,NA,29.770398504951,NA,NA,NA
"CCCATACTCCCATTAT-400.2.3",NA,NA,NA,NA,NA,30.2066756776753,NA,NA,NA,NA,NA,NA,NA
"CCCTCCTCAGTATGCT-400.2.3",10.6262554201513,10.6477744522056,10.6240691649983,10.6666899192755,10.5428444944296,10.702383468039,10.6663079605684,10.6047264622701,22.8088948660616,14.5318672115272,14.9351971643141,12.8793926665496,13.6925687342077
"CCGGTAGCAGCTGTGC-400.2.3",NA,NA,NA,NA,NA,NA,45.3096373699214,NA,NA,NA,NA,NA,NA
"CCGGTAGGTTGTACAC-400.2.3",12.7399586568781,12.6533126030738,12.6648359926168,12.6656185519025,12.743050300694,12.7768749518343,12.7952689345087,12.7567957528877,15.7802839630478,20.2845544771443,16.6750484638026,19.6342983767552,16.8669176176118
"CCGTACTAGATGTGTA-400.2.3",22.5314310516864,22.4452887639681,22.5623572347706,22.4296609047155,22.4648213471685,22.5286370566594,22.5302061549107,22.4537413944722,NA,32.9612211630259,NA,NA,NA
"CCGTTCAGTCGGCTCA-400.2.3",NA,NA,NA,20.0617196537733,NA,NA,NA,NA,NA,NA,NA,NA,NA
"CCTAAAGAGTACGCGA-400.2.3",NA,NA,NA,NA,21.5652538852488,NA,NA,NA,NA,NA,NA,NA,36.8135383187595
"CCTAAAGCAATCAGAA-400.2.3",NA,NA,NA,NA,NA,NA,NA,43.9559302765176,NA,NA,NA,NA,NA
"CCTAAAGGTAAGTGTA-400.2.3",NA,NA,NA,NA,NA,NA,NA,NA,16.2277483033351,21.0744059536035,17.570692200747,21.3668850018832,19.3052619611386
"CCTAAAGGTTCCGTCT-400.2.3",NA,NA,NA,42.9114995812867,NA,NA,NA,NA,NA,NA,NA,NA,NA
"CCTACACCACATTAGC-400.2.3",NA,NA,NA,NA,NA,NA,NA,NA,21.0738871379095,15.9412040399922,19.5650943110559,NA,NA
"CCTACACGTTAAAGAC-400.2.3",31.3463083622942,31.4986383756909,32.5220737151598,32.9922679199566,32.6808489302766,32.0175603499786,34.2542079914162,32.0540604711261,NA,NA,NA,NA,NA
"CCTACACGTTCGCTAA-400.2.3",NA,NA,16.5666825238044,NA,NA,NA,NA,NA,NA,NA,NA,28.0058101232655,NA
"CCTACCAAGTCGTTTG-400.2.3",25.8185156551433,25.4407644889675,25.749200237784,25.664466367929,25.5680129324856,25.6773634927501,25.4350466982065,25.3389096797835,NA,NA,NA,NA,NA
"CCTACCATCACCCGAG-400.2.3",NA,NA,NA,NA,NA,NA,NA,NA,26.2995441533464,NA,NA,NA,NA
"CCTAGCTCACAGGCCT-400.2.3",NA,NA,NA,22.3562200465928,NA,NA,NA,NA,NA,NA,NA,NA,NA
"CCTAGCTCATCATCCC-400.2.3",13.4490041649297,13.3476774004753,13.3030654983268,13.3660187165213,13.2815419852384,13.3431207970222,13.3359771077907,13.3402379097733,11.7209082336953,11.5675763745407,11.9297917461,11.771599793018,11.6611008496243
"CCTATTATCACTTCAT-400.2.3",34.2676588581864,33.1555251003335,35.7106313623565,34.1575057773891,33.8506052634571,35.5841834340458,36.0965651878003,35.6637541491673,NA,NA,NA,NA,NA
"CCTATTATCAGTTCGA-400.2.3",19.7187160068593,19.2675514885785,19.5107644285173,19.7362433272383,19.3359639675938,19.4347710674616,19.3479429725575,19.4364669462121,NA,NA,NA,NA,NA
"CCTTACGAGGGAACGG-400.2.3",NA,NA,NA,NA,34.556514476306,NA,NA,NA,NA,NA,NA,NA,NA
"CCTTACGGTCTAGAGG-400.2.3",15.7505310284082,15.7929255993602,15.8367933517526,15.7427805951083,15.7256863107525,15.8353252892785,15.8637592470405,15.8124606869691,12.3060948017477,12.2382205449965,12.6401208337901,12.3140914767809,12.3434315352211
"CCTTACGTCTTGGGTA-400.2.3",NA,NA,NA,NA,38.4542747236401,NA,NA,NA,NA,NA,NA,NA,NA
"CCTTCCCAGCGCCTTG-400.2.3",NA,NA,NA,NA,NA,NA,NA,NA,NA,NA,NA,NA,30.6457670327292
"CCTTCGAAGCGTGAAC-400.2.3",NA,NA,NA,NA,24.2839425488902,NA,NA,NA,NA,NA,NA,NA,39.9241227112141
"CGAATGTAGCCGATTT-400.2.3",23.3300881188257,NA,NA,NA,NA,NA,NA,NA,NA,NA,NA,NA,NA
"CGAATGTCACTGAAGG-400.2.3",11.4543014170166,11.4616219062608,11.4119604655898,11.3659091853868,11.5110178275287,11.4440056996268,11.4247151748558,11.4670446908326,15.246154559101,16.4447023858676,15.9525672987225,18.4715059350005,16.4489887197493
"CGACCTTCAGTAGAGC-400.2.3",NA,NA,NA,NA,21.5256035163281,NA,NA,NA,NA,NA,NA,NA,36.5534572380216
"CGACCTTGTAGCTGCC-400.2.3",22.8094779780578,22.7685936458622,22.8824185383022,22.6702375445774,22.5760854761926,22.7567724076134,22.8241791713177,22.7881432886434,NA,NA,NA,NA,NA
"CGACTTCCACGGATAG-400.2.3",15.1456275327497,NA,NA,NA,NA,NA,NA,NA,NA,NA,NA,NA,NA
"CGAGAAGAGGTTACCT-400.2.3",10.6262554201513,10.4429137035562,10.5482367194224,10.5002998813486,10.5428444944296,10.5682456513734,10.6663079605684,10.5748502608535,19.6896503364353,16.2913216146782,19.2201331923434,14.0123071154997,16.5869746264407
"CGAGAAGGTACGCTGC-400.2.3",36.5963402003925,NA,NA,NA,NA,NA,NA,NA,NA,NA,NA,NA,NA
"CGAGCCATCCAACCAA-400.2.3",NA,37.0199134000228,NA,NA,NA,NA,NA,NA,NA,NA,NA,NA,NA
"CGATCGGCATCCCACT-400.2.3",8.14337117149825,8.13794590963725,8.08768150041455,8.10459257018166,8.1254788579758,8.0907569935834,8.15014749522541,8.16469809734074,8.15678382827155,8.13229784525724,8.11792847647684,7.87206113203544,8.05864408494639
"CGATCGGTCAATCTCT-400.2.3",NA,NA,NA,47.5925743025036,NA,NA,NA,NA,NA,NA,NA,NA,NA
"CGATCGGTCACCGTAA-400.2.3",NA,NA,NA,NA,35.0693626949765,NA,NA,NA,NA,NA,NA,NA,NA
"CGATCGGTCATGCTCC-400.2.3",NA,NA,NA,NA,25.6349802378375,NA,NA,NA,NA,NA,NA,NA,39.9241227112141
"CGATGGCGTCCAGTAT-400.2.3",19.4096229505088,19.2162080032336,19.409165966291,19.2195216853482,19.1604469138155,19.3042049292448,19.3005856204192,19.2638287203298,NA,NA,NA,31.0324038997183,NA
"CGATGTACACATGACT-400.2.3",34.3509426932261,33.7862933492623,35.5426233943906,34.6658475822162,34.4659621183944,37.1711140407664,36.5314052501424,35.8377088521678,NA,NA,NA,NA,NA
"CGATTGAAGAGTACAT-400.2.3",NA,NA,NA,NA,NA,40.6446498782493,NA,NA,NA,NA,NA,NA,NA
"CGCCAAGAGGCCCGTT-400.2.3",10.381695406652,10.3729923867908,10.4190449937552,10.4760616227793,10.3504479598794,10.4036689449938,10.3561127033348,10.3855277434097,11.3263294546822,10.5220476221767,10.7794746410498,14.9072874698543,10.7408048556025
"CGCGGTAAGAGAACAG-400.2.3",NA,NA,NA,NA,NA,NA,NA,NA,17.4853774183968,NA,23.6647036470325,NA,NA
"CGCGGTATCTGACCTC-400.2.3",14.6047495864417,14.2935202077242,14.3864545483131,14.4809367445266,14.2324618814897,14.3820128704804,14.3608486447261,14.3494693734058,12.2458681776455,11.5411078551632,12.3773508506248,15.1606572757684,11.8034645163826
"CGCGGTATCTTCCTTC-400.2.3",NA,NA,NA,NA,NA,NA,NA,NA,27.7050232264203,NA,NA,NA,NA
"CGCGTTTAGGATGCGT-400.2.3",37.3935632829777,NA,NA,NA,NA,NA,NA,NA,NA,NA,NA,NA,NA
"CGCGTTTGTCAATGTC-400.2.3",9.70468268001268,9.67005278055385,9.710971884832,9.69401698069176,9.6254504142008,9.65537071088839,9.69493967537244,9.70411752707563,13.2734446315183,9.34546214698852,9.54994899482405,16.1474473901699,9.51175946555804
"CGCTGGATCCTACAGA-400.2.3",18.6912450372464,18.530386875218,18.656077695982,18.3905731580566,18.5335868631468,18.6516065651316,18.6634586593438,18.6229347046444,NA,30.051585752903,NA,NA,NA
"CGCTTCAAGTTAGGTA-400.2.3",23.9607553489404,23.9485885000384,23.9911681677812,23.9194929378943,23.9397993587681,24.2552910083781,23.8858509927761,23.9006760398716,NA,NA,NA,NA,NA
"CGCTTCATCTAGAGTC-400.2.3",NA,45.9581214873546,NA,NA,NA,NA,NA,NA,NA,NA,NA,NA,NA
"CGGACACAGGAATCGC-400.2.3",NA,NA,NA,NA,NA,NA,NA,NA,NA,32.172197762029,NA,NA,NA
"CGGACACAGGGAAACA-400.2.3",NA,NA,NA,39.7194640611225,NA,NA,NA,NA,NA,NA,NA,NA,NA
"CGGACACTCTGCAAGT-400.2.3",NA,NA,NA,NA,NA,24.7161366671978,NA,NA,NA,NA,NA,NA,NA
"CGGACGTGTCTCCCTA-400.2.3",15.6335434190319,NA,NA,NA,NA,NA,NA,NA,NA,NA,NA,NA,NA
"CGGAGCTGTAATAGCA-400.2.3",40.5966368191281,NA,NA,NA,NA,NA,NA,NA,NA,NA,NA,NA,NA
"CGGAGTCCACAAGTAA-400.2.3",35.5596122931895,NA,NA,NA,NA,NA,NA,NA,NA,NA,NA,NA,NA
"CGGAGTCTCATGCATG-400.2.3",NA,NA,NA,48.8138483089861,NA,NA,NA,NA,NA,NA,NA,NA,NA
"CGGGTCAAGATAGCAT-400.2.3",10.6262554201513,10.6004458042634,10.5482367194224,10.6046374205124,10.5428444944296,10.6774224757483,10.6663079605684,10.5748502608535,16.6926561041311,16.4968726361507,18.1037872791173,17.4377211985165,16.1103436439469
"CGGGTCAAGGTGCTAG-400.2.3",NA,NA,NA,NA,NA,NA,NA,NA,21.0138312364434,16.0232630986687,19.5002364588916,NA,NA
"CGGGTCAGTCATCCCT-400.2.3",30.9700954580487,30.9249559688258,31.7789475211311,31.1153647710711,30.7651212421396,31.3139241094118,31.5851554164922,31.4344361658362,NA,NA,NA,NA,NA
"CGGGTCAGTCGCTTTC-400.2.3",NA,NA,NA,NA,NA,NA,NA,NA,20.905937629202,16.1225556015648,19.3702270945344,NA,16.3031709442664
"CGGTTAAAGGGCTTGA-400.2.3",NA,NA,NA,NA,NA,NA,NA,NA,NA,29.3069424008721,NA,23.5183207212262,NA
"CGGTTAACACGGCCAT-400.2.3",13.6904975473734,13.2277491723736,13.3683117320609,13.4129575586997,13.2184369988491,13.323793464903,13.2705222548443,13.3333635661156,12.0747361557751,11.8856663450684,12.3773508506248,13.5624490899834,11.9912012524418
"CGGTTAAGTGTTTGGT-400.2.3",22.9794186518031,NA,NA,NA,NA,NA,NA,NA,NA,NA,NA,NA,NA
"CGTAGCGAGATGGCGT-400.2.3",NA,NA,NA,NA,NA,NA,NA,NA,15.7180368048994,21.8657042428798,16.8848565053318,25.4968919762797,17.8311782565243
"CGTAGCGAGCTTTGGT-400.2.3",18.0373510499392,NA,NA,NA,NA,NA,NA,NA,NA,NA,NA,NA,NA
"CGTAGCGGTAGATTAG-400.2.3",6.8145725413682,6.81769081258313,6.81901800338074,6.82086073113843,6.87807366568483,6.89489043992053,6.89367749132529,6.85647440196563,6.98178569083284,7.00895839769379,6.98141731150343,7.08014135002545,6.90987425485987
"CGTCACTAGTTTAGGA-400.2.3",NA,NA,NA,NA,NA,NA,NA,38.5786477060594,NA,NA,NA,NA,NA
"CGTCTACCATTTCAGG-400.2.3",NA,NA,NA,NA,31.6844842307696,NA,NA,NA,NA,NA,NA,NA,NA
"CGTGAGCAGGAGCGTT-400.2.3",19.0649570239331,NA,NA,NA,NA,NA,NA,NA,NA,NA,NA,NA,NA
"CGTGAGCGTGTTGGGA-400.2.3",NA,NA,NA,NA,NA,NA,41.4178299394511,NA,NA,NA,NA,NA,NA
"CGTGAGCTCACTTCAT-400.2.3",27.1034487049689,27.728582789917,27.792660418596,27.5393341331342,27.6069700463353,27.6447870467867,27.7520377696601,27.4000318524315,NA,NA,NA,NA,NA
"CGTGAGCTCTTAACCT-400.2.3",NA,NA,21.8742140835568,NA,NA,NA,NA,NA,NA,NA,NA,NA,NA
"CGTGTAAAGGACATTA-400.2.3",NA,NA,NA,NA,NA,36.4589132986537,NA,NA,NA,NA,NA,NA,NA
"CGTGTCTAGGTACTCT-400.2.3",NA,NA,NA,NA,NA,NA,NA,NA,NA,NA,29.5580416145715,NA,NA
"CGTTAGAAGGCTAGCA-400.2.3",24.4319644093207,NA,NA,NA,NA,NA,NA,NA,NA,NA,NA,NA,NA
"CGTTAGACAGCTTCGG-400.2.3",18.3688382128401,NA,NA,NA,NA,NA,NA,NA,NA,NA,NA,NA,NA
"CGTTAGAGTCGCATAT-400.2.3",NA,NA,NA,NA,NA,NA,NA,NA,NA,23.2611681222537,NA,28.1264180434032,NA
"CGTTCTGGTAGCTCCG-400.2.3",NA,46.6634892481892,NA,NA,NA,NA,NA,NA,NA,NA,NA,NA,NA
"CGTTCTGGTTAAGACA-400.2.3",NA,NA,NA,NA,NA,NA,NA,NA,24.757162521447,15.6063563336514,17.3950113542926,NA,NA
"CGTTGGGAGATAGGAG-400.2.3",NA,NA,NA,14.4554739956793,NA,NA,NA,NA,NA,NA,NA,15.3576249007644,NA
"CTAACTTCATCGGTTA-400.2.3",12.2370210841795,12.1927440217689,12.2538727474739,12.4097996917016,12.1628148078402,12.2905456274673,12.2686414567387,12.1915226350399,13.2465385961337,12.2382205449965,13.275945885419,15.6784717744104,12.9060124135229
"CTAACTTTCTGCTGTC-400.2.3",15.0566570799473,15.5002751753635,15.4215247900017,15.4729923662473,15.2629995686096,15.4311557932937,15.5261795168703,15.417458051942,11.1700287074877,11.3440384167197,11.4832862213124,11.343360084764,11.1932826567797
"CTACACCAGCCCAATT-400.2.3",NA,NA,NA,NA,NA,27.3542742207844,NA,NA,NA,NA,NA,NA,NA
"CTACACCCAGTCACTA-400.2.3",31.5453883664988,32.3455248800165,33.1403832725073,32.6254384082136,32.6637540303986,32.878449640042,33.6943154053068,33.282050496178,NA,NA,NA,NA,NA
"CTACACCTCAAGGTAA-400.2.3",20.6770867628565,20.7999953595109,20.9076671896373,20.714613253289,20.8566138977782,20.9711466905647,20.9143243519224,20.9031883102937,NA,NA,NA,NA,NA
"CTACATTTCAGTGCAT-400.2.3",23.0269962686829,NA,NA,NA,NA,NA,NA,NA,NA,NA,NA,NA,NA
"CTACCCACACCGGAAA-400.2.3",15.1642453160692,14.7698016453245,14.7079620593059,14.8959073416873,14.6420396308919,14.8141481104164,14.7909462194078,14.7862619943393,NA,11.2802039674918,NA,11.3627329385734,NA
"CTACCCATCAGTACGT-400.2.3",18.1971626150017,NA,NA,NA,NA,NA,NA,NA,NA,NA,NA,NA,NA
"CTACCCATCCGGGTGT-400.2.3",14.4894362631978,14.248760554464,14.3864545483131,14.2992401665109,14.3167467629065,14.3820128704804,14.3617172188596,14.3273702933569,15.5558549852213,22.059167928518,16.4395657282886,19.8997415481707,17.0950267834943
"CTACGTCAGGGTTCCC-400.2.3",12.9154652132748,12.6893921033996,12.7752396207303,12.8261528063929,12.8167649584782,12.7768749518343,12.7952689345087,12.8222385563169,15.6942917802644,18.1886875345755,16.140766892481,18.4595966549165,19.0359328931965
"CTACGTCTCGATCCCT-400.2.3",16.9030206562931,NA,NA,NA,NA,NA,NA,NA,NA,NA,NA,NA,NA
"CTCAGAAGTCTTCAAG-400.2.3",11.3472578057864,11.2788786693485,11.3902956142384,11.3270262007734,11.3265628243121,11.3092585408379,11.3331123859228,11.377423980148,19.3057536584345,15.4498491802771,19.9229810210145,13.1081618688999,15.4902640330873
"CTCCTAGGTCCGAGTC-400.2.3",NA,16.8984598271018,NA,NA,NA,NA,NA,NA,NA,NA,NA,NA,NA
"CTCGAAACATACGCCG-400.2.3",29.8412091377758,NA,NA,NA,NA,NA,NA,NA,NA,NA,NA,NA,NA
"CTCGAGGTCGTCCGTT-400.2.3",NA,NA,NA,NA,26.5190521647476,NA,NA,NA,NA,NA,NA,NA,39.9241227112141
"CTCGAGGTCTGAGGGA-400.2.3",NA,NA,NA,NA,NA,NA,NA,NA,NA,23.9589632414277,NA,NA,NA
"CTCGGAGAGTGGTAGC-400.2.3",NA,NA,40.2364717403564,NA,NA,NA,NA,NA,NA,NA,NA,NA,NA
"CTCGGAGGTCCCGACA-400.2.3",9.06965804839365,9.02688430599125,9.0511884828831,9.08583887719946,9.14063949373138,9.11499889186348,9.03356845965076,9.03496804956338,9.16804868555336,8.97734943136216,9.02084636987198,9.06974653116084,9.04095040149897
"CTCGGAGGTCGTTGTA-400.2.3",NA,NA,NA,NA,NA,NA,NA,NA,NA,NA,NA,15.7192360827833,NA
"CTCGGAGGTGTCGCTG-400.2.3",NA,19.8607289026706,NA,NA,NA,NA,NA,NA,NA,NA,NA,NA,NA
"CTCGTACGTGATGTCT-400.2.3",25.6558004859644,25.8245545534351,25.9832958378927,25.8367981450414,25.7501906483169,25.9872913778511,25.9407046970008,25.7135934227023,NA,NA,NA,NA,NA
"CTCGTACTCCACGCAG-400.2.3",NA,NA,NA,NA,NA,NA,NA,NA,NA,28.5012939776224,NA,22.9613523311418,NA
"CTCGTCACAGCCTTTC-400.2.3",NA,NA,NA,NA,30.7737238760544,NA,NA,NA,NA,NA,NA,NA,NA
"CTCGTCAGTTCCACTC-400.2.3",NA,NA,NA,NA,NA,NA,38.6583794803136,NA,NA,NA,NA,NA,NA
"CTCGTCATCAGATAAG-400.2.3",NA,NA,NA,NA,29.705497606689,NA,NA,NA,NA,NA,NA,NA,NA
"CTCGTCATCCTCTAGC-400.2.3",NA,NA,NA,NA,NA,NA,NA,NA,25.2647052648496,NA,NA,NA,NA
"CTCTAATAGCTTATCG-400.2.3",NA,NA,NA,NA,24.9688155169439,NA,NA,NA,NA,NA,NA,NA,39.9241227112141
"CTCTAATCATCGTCGG-400.2.3",35.0104300774159,NA,NA,NA,NA,NA,NA,NA,NA,NA,NA,NA,NA
"CTCTAATGTTCTCATT-400.2.3",NA,NA,NA,NA,NA,NA,NA,NA,NA,30.4945439805784,NA,NA,NA
"CTCTAATTCTCGAGTA-400.2.3",NA,NA,NA,NA,43.9180005723585,NA,NA,NA,NA,NA,NA,NA,NA
"CTCTACGAGAGTAAGG-400.2.3",NA,NA,NA,NA,NA,NA,NA,NA,NA,25.030855052665,16.8848565053318,21.4358538210913,19.1992258400254
"CTCTACGAGCGTTTAC-400.2.3",NA,NA,NA,NA,NA,NA,NA,NA,NA,22.0262623761261,NA,18.4067044465593,NA
"CTCTGGTAGCTAACAA-400.2.3",7.52795586283344,7.50970337233121,7.53860183325432,7.54776147772984,7.41810633508866,7.51390612230592,7.4773011854684,7.44761521040354,7.59369057366661,7.63576891191216,7.66434953480665,7.79903782263928,7.53588134989452
"CTCTGGTCATTAACCG-400.2.3",9.8462946308141,9.92262594039854,9.77484140311866,9.83508900964175,9.75652794319819,9.8951700414839,9.82340852089193,9.77593269418133,21.0738871379095,15.2223583519244,19.4551220825029,12.8793926665496,14.6969288135898
"CTGATAGAGCGAGAAA-400.2.3",22.1864990150664,22.4150099171271,22.5011276158573,22.3964238984363,22.5040059694788,22.5641217382483,22.5302061549107,22.4204538755494,NA,NA,NA,NA,NA
"CTGATAGAGGCCGAAT-400.2.3",NA,NA,NA,19.4667774704562,NA,NA,NA,NA,NA,NA,NA,NA,NA
"CTGATAGGTCAAAGCG-400.2.3",9.45751580379599,9.47390079925998,9.47695604952396,9.51592859607995,9.52250806178324,9.53697367412922,9.41445450083027,9.4320241226377,9.55338748148938,9.62847969542344,9.60226648679029,9.81123733486484,9.64716494146563
"CTGATCCAGACCACGA-400.2.3",NA,NA,NA,36.2785644957328,NA,NA,NA,NA,NA,NA,NA,NA,NA
"CTGATCCTCATCTGCC-400.2.3",25.9267795871544,26.2520419759558,26.3017419714246,26.0392498701476,26.0497864188787,26.0776152848385,26.3867061399647,26.1392723843292,NA,34.8924034448728,NA,NA,NA
"CTGCCTAGTTTGTGTG-400.2.3",NA,NA,NA,NA,NA,NA,NA,NA,NA,NA,28.7426430632603,NA,NA
"CTGCCTATCAGCTTAG-400.2.3",28.5404997472182,29.0366678511406,29.1565508092478,28.8256978254687,28.7650118641865,28.8763452576742,29.224655613314,29.087503240661,NA,NA,NA,NA,NA
"CTGCCTATCTTACCTA-400.2.3",NA,NA,NA,NA,NA,NA,NA,NA,19.8989088681947,16.1225556015648,20.1234967125565,NA,16.3031709442664
"CTGCTGTAGCACAGGT-400.2.3",20.9123418865267,21.0600950698698,21.2117094410567,20.9050260847135,21.0083454160384,21.1590374701275,21.1889454543115,21.0629360960834,NA,NA,NA,31.0324038997183,NA
"CTGCTGTGTATATGAG-400.2.3",11.5682983159057,11.6333364531844,11.5850378817898,11.5889747235764,11.4881789894305,11.585692584804,11.5153681633531,11.6028546729068,16.6739463332296,17.3462788099634,21.9281041456234,17.8354934832651,17.0950267834943
"CTGTGCTAGTTCGCGC-400.2.3",11.8202493839523,11.9696647136631,11.8326151711772,11.8759889373078,11.9355811875669,11.954018136324,11.9392965359266,11.9190956948337,18.9228017297235,13.9682654743943,12.8755158427399,13.0654313964554,13.1066275162765
"CTGTGCTCATCGGACC-400.2.3",11.4542192026689,11.3379811785991,11.3865026313832,11.3451587529658,11.3318539080821,11.3663548318246,11.3679265417576,11.377423980148,11.2072574718073,11.6793824121886,11.3699815351628,11.51647668463,11.3050513357924
"CTGTGCTTCCAAACTG-400.2.3",NA,NA,NA,NA,NA,NA,NA,NA,21.0738871379095,16.1225556015648,18.9844171772881,NA,16.3772318495134
"CTGTTTAAGATCTGCT-400.2.3",NA,NA,NA,18.76471445357,NA,NA,NA,NA,NA,NA,NA,NA,NA
"CTTAACTCAGCCTTGG-400.2.3",NA,NA,NA,NA,NA,NA,NA,NA,NA,16.0295249670259,NA,NA,25.8866164579801
"CTTAACTGTTGTTTGG-400.2.3",NA,NA,NA,22.2149053999736,NA,NA,NA,NA,NA,NA,NA,NA,NA
"CTTACCGCAGACAAGC-400.2.3",15.5839785332144,14.9456101302963,15.0924524691314,15.1356125991264,14.8434224035155,15.0616059164448,14.9646218117694,15.0538504210499,NA,NA,NA,NA,NA
"CTTACCGTCGAGAACG-400.2.3",15.5743896904353,14.9933170392623,15.2557114357153,15.2964367526859,14.9898725423285,15.1921106277138,15.1460582558759,15.1449494704528,NA,NA,NA,NA,NA
"CTTAGGAGTTATGCGT-400.2.3",NA,NA,NA,NA,33.7917326882197,NA,NA,NA,NA,NA,NA,NA,NA
"CTTAGGATCAGAAATG-400.2.3",27.8813774341452,28.9239138279881,28.9553175304971,29.0714963354621,29.0530897846418,28.7774939442972,29.4516353544345,28.6675751661877,NA,NA,NA,NA,NA
"CTTCTCTCAATCAGAA-400.2.3",33.4901591079668,33.6104349995797,34.9809783104382,34.3049957129797,33.9482576868341,33.9150569394236,34.944319008436,34.6113291257978,NA,NA,NA,NA,NA
"CTTCTCTGTCATCGGC-400.2.3",7.76558136289255,7.69601889343836,7.71357920377158,7.70531899822828,7.77663894179852,7.6987007128937,7.73456081584199,7.79255933383606,7.81953571730835,7.71693507197293,7.82295119482494,7.9598522164368,7.7092843577793
"CTTTGCGAGAGTACCG-400.2.3",NA,NA,NA,NA,NA,39.0834972235107,NA,NA,NA,NA,NA,NA,NA
"CTTTGCGTCTGTCAAG-400.2.3",NA,NA,NA,NA,NA,NA,NA,NA,NA,NA,NA,31.0324038997183,NA
"GAAACTCAGTGTACTC-400.2.3",11.0128849762153,11.0228143098028,10.9686062073754,10.9568617907529,11.0046011102656,11.0299713418787,11.0641620970778,10.9756022961921,12.1708686156663,12.2741097308514,26.6977219840749,11.9293472432995,12.2863140906967
"GAAACTCTCGAGCCCA-400.2.3",8.54994299102184,8.56392028422345,8.49596059365741,8.48511838008544,8.52228327651739,8.49580090958241,8.56679520716839,8.56569758959794,8.28424289564632,8.24578059772733,8.34415874478022,8.55038818430436,22.3463643729011
"GAACATCAGATAGGAG-400.2.3",9.68573889329821,9.77376375970575,9.70600141216528,9.72363589536434,9.73818082912061,9.72905423926262,9.73616118877019,9.73300777021541,9.62326882574001,10.0198576523131,9.73736877265251,10.1744032372318,9.85624880704308
"GAACATCGTTACGGAG-400.2.3",8.63796683527439,8.5815865864312,8.53440854804319,8.56058756377556,8.58617819528354,8.54110179203882,8.56679520716839,8.58352188545444,8.49528515285762,8.39037092008881,8.42412452631709,15.9496135307691,8.36831899177566
"GAACCTATCGTCCAGG-400.2.3",31.1097036201885,31.5167204217734,32.649864825691,31.7846079718485,31.8492952696538,33.2914059012173,33.0671689290374,32.2040233824619,NA,NA,NA,NA,NA
"GAACGGACACGAAGCA-400.2.3",NA,NA,NA,NA,NA,NA,NA,NA,16.8979878506568,19.5402735213561,18.1748139316573,20.5101786328001,18.1478789273418
"GAACGGAGTTGAGTTC-400.2.3",NA,NA,NA,NA,NA,NA,NA,NA,NA,NA,30.7452557889941,NA,NA
"GAATAAGAGGATGGAA-400.2.3",NA,NA,NA,NA,29.0123952658685,NA,NA,NA,NA,NA,NA,NA,39.9241227112141
"GAATGAATCACTTCAT-400.2.3",15.0115959141963,14.8254196705906,15.1773444916759,15.0374298202542,14.7999789323253,14.8578181777364,14.8843931176533,14.8825662195685,12.8228097243605,12.3673144686084,13.2771539098032,15.3576249007644,12.7983211406767
"GACACGCAGAACTGTA-400.2.3",NA,38.03374612923,NA,NA,NA,NA,NA,NA,NA,NA,NA,NA,NA
"GACACGCCACGAAATA-400.2.3",NA,NA,NA,NA,NA,NA,NA,NA,23.2726168726383,15.4498491802771,17.8521986428258,13.0654313964554,15.4568436267565
"GACACGCGTAGCGCAA-400.2.3",14.5981241490706,14.085812210826,14.2979537432055,14.2595201770015,14.0606439388047,14.2263355777061,14.1420734306802,14.226661774978,NA,11.9016692975238,NA,14.3980639846329,11.9915254176525
"GACCAATAGGCTCAGA-400.2.3",NA,NA,NA,NA,NA,NA,NA,NA,17.5834892105941,15.9846934139718,23.3099733429618,14.0630310379485,15.7711759401218
"GACCAATGTTCATGGT-400.2.3",NA,NA,NA,NA,NA,NA,NA,39.1634375891237,NA,NA,NA,NA,NA
"GACCAATTCCCTCTTT-400.2.3",NA,NA,20.0483311802214,NA,NA,NA,NA,NA,NA,NA,NA,NA,NA
"GACCTGGCACCGTTGG-400.2.3",NA,NA,NA,38.4628786458458,NA,NA,NA,NA,NA,NA,NA,NA,NA
"GACGCGTAGCATGGCA-400.2.3",25.1353613418812,NA,NA,NA,NA,NA,NA,NA,NA,NA,NA,NA,NA
"GACGCGTCACCTGGTG-400.2.3",NA,NA,37.8602491849793,NA,NA,NA,NA,NA,NA,NA,NA,NA,NA
"GACGCGTCAGATCGGA-400.2.3",NA,NA,NA,NA,NA,NA,NA,NA,NA,NA,NA,NA,26.8060064533328
"GACGCGTCAGGCGATA-400.2.3",13.933876937652,14.0503200208618,13.9537858226181,13.9789459312379,13.9443556513755,13.9787757824045,14.0915284424427,14.006192719053,27.4301461336464,13.2717550533361,NA,NA,NA
"GACGCGTGTCAAAGCG-400.2.3",NA,NA,NA,NA,NA,NA,NA,NA,NA,27.7015002091463,NA,21.7722685351216,NA
"GACGGCTGTATCTGCA-400.2.3",11.8188163919681,11.7346869367468,11.8134603162401,11.7939564542025,11.9112625464362,11.9577283864938,11.9392965359266,11.7803722955726,16.365042500988,17.7668977390071,17.2924637524321,18.4282559896161,16.835246201015
"GACGGCTTCAAGGCTT-400.2.3",7.1495700895745,7.2558823141938,7.22835477049584,7.22658728234915,7.22942596410617,7.27727716156499,7.26041430379372,7.21482729175214,7.14876731417998,7.1945368191278,7.20938350151686,7.35182156408348,7.16477781651195
"GACGTGCAGTGTACCT-400.2.3",28.4084161923097,27.6747368720869,28.5531641030411,27.9744899950232,27.634391116914,27.932109732193,27.577598022156,27.576216658636,NA,NA,NA,NA,NA
"GACGTGCGTTATTCTC-400.2.3",16.8887654079441,NA,NA,NA,NA,NA,NA,NA,NA,NA,NA,NA,NA
"GACGTGCGTTGTCGCG-400.2.3",30.6471042584609,31.9225646788481,31.9288876444126,31.7846079718485,31.802218272439,31.5022234299356,32.0626902643433,31.8272288534027,NA,NA,NA,NA,NA
"GACTAACGTTTGGCGC-400.2.3",19.6855612961966,20.0830142856234,19.8695607178282,19.8107700239659,19.8862608799965,20.1365588020667,19.9820560627709,19.9289521874977,NA,NA,NA,NA,NA
"GACTACATCAGAAATG-400.2.3",NA,NA,NA,27.2823185695543,NA,NA,NA,NA,NA,NA,NA,NA,NA
"GACTACATCGTCGTTC-400.2.3",8.75091126519284,8.76491189616714,8.82024338655909,8.83757995027561,8.71664368378311,8.82410283810208,8.78112483229387,8.78063752942782,8.80462070367934,8.69013307202521,8.74184204106801,8.45653567525731,8.69686703399034
"GACTGCGCACTTCGAA-400.2.3",28.366063141127,29.3576095186253,29.4654775131975,29.2503116886641,29.4333333290776,29.1778134129847,29.6410395915061,29.1551150134886,NA,NA,NA,NA,NA
"GACTGCGGTCCCTTGT-400.2.3",NA,NA,NA,NA,NA,NA,NA,NA,NA,NA,NA,NA,25.333571850255
"GACTGCGGTCTAACGT-400.2.3",9.45751580379599,9.47390079925998,9.32120834757536,9.35398969938592,9.40120131336907,9.41560375647929,9.40341538820163,9.37762911849148,18.7544076569423,15.8999417219031,19.9150576591502,10.2722275044677,15.7711759401218
"GAGCAGAGTGGGTCAA-400.2.3",9.97431019113335,9.92262594039854,9.98575175920954,9.98021107992279,9.94882363442298,10.0103811706305,9.90599180891855,9.93285603334499,9.93763526597532,9.76808927197291,9.84838772316592,9.85662825982522,9.77129790715289
"GAGCAGATCTGCCCTA-400.2.3",25.0704891916518,24.370299230159,24.5890454466957,24.5895068155247,23.8971469806685,24.41398470806,24.2485135893671,24.3098649592624,NA,NA,NA,NA,NA
"GAGTCCGAGTGGACGT-400.2.3",9.45751580379599,9.47390079925998,9.42514517422668,9.4193479319846,9.45484226434373,9.45603316629007,9.40341538820163,9.39232066308133,9.31098244283609,9.30547703594704,9.38269648894795,9.52037081691177,9.33992616264128
"GAGTCCGTCCGTAGGC-400.2.3",NA,NA,NA,NA,NA,NA,NA,NA,25.7277382960734,NA,NA,NA,NA
"GATCAGTAGCTACCGC-400.2.3",11.1372651341243,11.0440000965148,11.1424810559615,11.2341912688948,11.0046011102656,11.1191871516081,11.089391140778,11.079373611314,13.2487011599029,10.9947837027306,13.2100051747224,15.9496135307691,12.6628851279749
"GATCAGTTCCAGAAGG-400.2.3",5.36648341890006,5.37579123429547,5.36878288098487,5.37128447302355,5.36591758748083,5.3561774981968,5.36230315457791,5.39130960828735,5.50145888592384,5.50274598102177,5.5108977012479,5.50646218062435,5.46726219444044
"GATCGATCATATACCG-400.2.3",NA,NA,NA,33.3117278179255,NA,NA,NA,NA,NA,NA,NA,NA,NA
"GATCGATGTAGATTAG-400.2.3",25.9884748444101,26.5103701403967,26.5513698233695,26.6453124646359,26.4909659559686,26.4723299751604,26.7115198273449,26.3671439100497,NA,NA,NA,NA,NA
"GATCGCGAGCTGAACG-400.2.3",10.2358697899666,10.2313230101217,10.1739900849358,10.1959291437367,10.1746532963505,10.2126549907111,10.2279594567566,10.1913895461443,10.2393206568508,10.5335415834412,10.3667606285498,10.5536135314514,10.2450296581141
"GATCGCGGTGCAGACA-400.2.3",NA,NA,NA,NA,44.5374714967411,NA,NA,NA,NA,NA,NA,NA,NA
"GATCGTACAAAGGTGC-400.2.3",25.0672236707205,25.3009226865451,25.3950437992949,25.4078448451935,25.5296572991696,25.2368195810944,25.377560012606,25.2567503857698,NA,NA,NA,NA,NA
"GATGAAACAGTCCTTC-400.2.3",NA,NA,17.7679142420531,NA,NA,NA,NA,NA,NA,NA,NA,NA,NA
"GATGAGGTCAGTTGAC-400.2.3",34.7999440629309,34.2008095200401,35.8605090671055,35.1310611916057,NA,37.7954228982277,37.2421662505838,36.6241631741557,NA,NA,NA,NA,NA
"GATGAGGTCTCTTGAT-400.2.3",7.24465685946512,7.2558823141938,7.22835477049584,7.22658728234915,7.32066979803149,7.28217994243708,7.31997182937021,7.31074129775043,7.36761729464727,7.31618176717697,7.4237439462085,7.55500956952311,7.2449333412734
"GCAATCATCTTCATGT-400.2.3",14.8970348948954,14.5207685624973,14.8934067643422,14.8410605817504,14.5194777026837,14.6955050894721,14.6094250035464,14.6395233341364,12.7744610460546,12.1903236784175,12.9555844916278,15.2181968394974,12.5283093262648
"GCACATACAGTCAGAG-400.2.3",NA,NA,NA,NA,39.9280423980175,NA,NA,NA,NA,NA,NA,NA,NA
"GCACATAGTATAGGTA-400.2.3",13.187947338604,13.1164439776915,13.1036088197437,13.0786728472795,13.2094402055012,13.1762482667784,13.2256918393945,13.2161686811024,16.0697340196085,19.4627808376406,17.1107860549172,19.4196356224814,17.0950267834943
"GCAGCCACAGATGGCA-400.2.3",NA,NA,NA,NA,NA,NA,NA,NA,17.1241747434329,18.027167414471,18.3300776137199,19.2792477760611,17.8845206543862
"GCAGCCAGTACCGTAT-400.2.3",10.7988386315543,10.8250394052135,10.8484840832107,10.9131798289024,10.7278203972407,10.7968441811069,10.7129732069614,10.8387489860066,17.4816497162071,16.7534665866907,20.5065369897071,16.8589662149525,16.3031709442664
"GCAGCCATCTTGTTTG-400.2.3",NA,NA,17.1684991989523,NA,NA,NA,NA,NA,NA,NA,NA,NA,NA
"GCATACAAGTGAATTG-400.2.3",NA,NA,NA,20.2414426506353,NA,NA,NA,NA,NA,NA,NA,NA,NA
"GCATACACAGGACCCT-400.2.3",NA,NA,NA,NA,NA,NA,NA,43.212205025067,NA,NA,NA,NA,NA
"GCATACAGTACCTACA-400.2.3",NA,NA,NA,NA,NA,NA,NA,NA,NA,NA,NA,NA,29.5208476382687
"GCATGATGTTGTCTTT-400.2.3",NA,NA,NA,NA,NA,NA,39.0983444584833,NA,NA,NA,NA,NA,NA
"GCATGCGCACGAAATA-400.2.3",16.0077310505215,16.0640160427954,15.861877231923,16.0391454565958,15.9798411899482,16.0539993738567,16.0368239583929,16.0311680108798,12.0747361557751,NA,NA,NA,NA
"GCATGCGGTCCAGTAT-400.2.3",NA,NA,18.097886278827,NA,NA,NA,NA,NA,NA,NA,NA,NA,NA
"GCATGCGGTGACTACT-400.2.3",24.7531278715453,NA,NA,NA,NA,NA,NA,NA,NA,NA,NA,NA,NA
"GCATGTAAGACTACAA-400.2.3",14.2591955900988,13.8771192065492,13.9537858226181,13.9548522336358,13.8344831805688,13.9740911633124,13.8990218242931,13.8782323690991,NA,12.2382205449965,12.905310340876,14.5527681106694,12.4542087873788
"GCATGTAGTCACAAGG-400.2.3",NA,NA,NA,NA,NA,NA,NA,NA,32.298792829679,NA,NA,NA,NA
"GCATGTAGTCACACGC-400.2.3",31.1693711659368,NA,NA,NA,NA,NA,NA,NA,NA,NA,NA,NA,NA
"GCCTCTAAGAATTCCC-400.2.3",10.3172773656719,10.3626128021086,10.286685117054,10.2859540101193,10.2869545036397,10.3308385739629,10.2591194220268,10.2856671933155,10.3407288727782,14.8512294382123,10.2452437609,10.2650871235635,21.7720832182183
"GCGAGAATCGGCGCAT-400.2.3",NA,36.302115968112,NA,NA,NA,NA,NA,NA,NA,NA,NA,NA,NA
"GCGCAACCAGCTGTAT-400.2.3",NA,NA,NA,NA,NA,36.0673428753526,NA,NA,NA,NA,NA,NA,NA
"GCGCAGTTCGGTCCGA-400.2.3",NA,NA,NA,NA,NA,NA,NA,NA,NA,27.1705475566894,NA,22.2061317075965,18.9346974273005
"GCGCCAACAGCCTATA-400.2.3",31.9833018521443,NA,NA,NA,NA,NA,NA,NA,NA,NA,NA,NA,NA
"GCGGGTTTCGGAAACG-400.2.3",NA,NA,NA,NA,NA,NA,NA,NA,NA,16.1225556015648,NA,NA,23.5185310799347
"GCTCCTACAATCCGAT-400.2.3",11.0539539932404,11.0720270142729,11.059372548592,11.0578728007986,11.0063231688544,11.1238059714107,11.089391140778,11.0513262379564,19.0468739655734,15.1870638761089,14.9839185743257,13.0654313964554,22.6154134978302
"GCTCCTATCAAACAAG-400.2.3",NA,NA,NA,18.16807206748,NA,NA,NA,NA,NA,NA,NA,NA,NA
"GCTCTGTAGGCTCTTA-400.2.3",14.3777580656469,14.0737928021486,14.3864545483131,14.2970495118622,14.2487859866199,14.3008700660402,14.1780518445109,14.226661774978,15.1043020329204,21.6331164978401,15.6425624013219,18.1841483736438,16.1826446727934
"GCTCTGTTCACAAACC-400.2.3",NA,NA,NA,NA,NA,NA,NA,NA,NA,NA,NA,29.4799502501461,NA
"GCTCTGTTCATAAAGG-400.2.3",NA,NA,NA,NA,NA,NA,NA,NA,NA,NA,28.8450605484678,NA,NA
"GCTGCAGCACTCTGTC-400.2.3",NA,NA,NA,NA,41.2094544607278,NA,NA,NA,NA,NA,NA,NA,NA
"GCTGCTTAGATGCCAG-400.2.3",10.4711825847923,10.3729923867908,10.5467667357963,10.5002998813486,10.4966147706853,10.4036689449938,10.4808659521383,10.5385522999349,17.7473073577604,15.765595051203,22.2450415433369,14.0443115731734,15.5038946173065
"GCTGCTTTCGCTTAGA-400.2.3",NA,NA,NA,NA,NA,NA,NA,NA,24.8440055603772,NA,NA,NA,NA
"GGAATAAGTCGTTGTA-400.2.3",24.3384457548232,NA,NA,NA,NA,NA,NA,NA,NA,NA,NA,NA,NA
"GGAATAAGTTCAGCGC-400.2.3",16.7000216249106,NA,NA,NA,NA,NA,NA,NA,NA,NA,NA,NA,NA
"GGACGTCTCGGTGTTA-400.2.3",NA,NA,NA,17.147452232,NA,NA,NA,NA,NA,NA,NA,NA,NA
"GGACGTCTCGTAGATC-400.2.3",NA,NA,NA,36.2104720771314,NA,NA,NA,NA,NA,NA,NA,NA,NA
"GGAGCAATCCAGTAGT-400.2.3",24.5540716751888,24.6919359492928,24.8496906974028,24.8418470736999,24.7683174295449,24.73632639306,24.7535406212559,24.6747903426886,NA,NA,NA,NA,NA
"GGATGTTAGACTTGAA-400.2.3",30.9619948195515,31.4986383756909,31.9092986074182,32.6817553251739,32.3645447015604,31.7006689105746,34.6781822481456,31.633243191819,NA,NA,NA,NA,NA
"GGATTACGTGTTCGAT-400.2.3",34.4185636099338,34.3092492007736,36.0619958670024,33.9961656721888,32.9938155302326,37.9878221088906,36.4947683288506,36.3891468617835,NA,NA,NA,NA,NA
"GGCCGATAGGGCATGT-400.2.3",NA,NA,NA,NA,NA,NA,NA,NA,16.2277483033351,18.843878781632,18.0391387211631,20.0895030095199,18.9367492288294
"GGCGACTCAATGGAGC-400.2.3",NA,NA,NA,34.7242891628504,NA,NA,NA,NA,NA,NA,NA,NA,NA
"GGCGACTTCCACGACG-400.2.3",7.19519943508003,7.2558823141938,7.22835477049584,7.22658728234915,7.25242823135132,7.27679132138118,7.26659387465925,7.23971258730746,7.1834322859214,7.23778530654133,7.20938350151686,7.3420484590898,7.17601739538005
"GGCGACTTCGATGAGG-400.2.3",30.2545183513008,29.8570452440747,30.0812765797796,29.5951708132926,29.2531387969723,30.0732014142896,29.5712206456633,29.4332822742757,NA,NA,NA,NA,NA
"GGCTCGATCTCAACTT-400.2.3",NA,NA,NA,NA,22.8069169053703,NA,NA,NA,NA,NA,NA,NA,38.5952758496852
"GGCTGGTAGGGAACGG-400.2.3",NA,NA,NA,NA,47.6156051371202,NA,NA,NA,NA,NA,NA,NA,NA
"GGCTGGTCAATGAATG-400.2.3",NA,NA,NA,NA,NA,NA,NA,NA,NA,NA,25.7358719412872,NA,NA
"GGCTGGTGTACCGAGA-400.2.3",5.65847521666072,5.66725864770598,5.65776807241709,5.66176314159383,5.64496699584814,5.73214051899137,5.67300596832784,5.70592227194328,5.90170479384123,5.86448047549786,5.90249600676767,5.9461248779357,5.84781058011602
"GGCTGGTTCATACGGT-400.2.3",NA,NA,NA,NA,21.7248818455675,NA,NA,NA,NA,NA,NA,NA,37.2730285500363
"GGGACCTCACCGTTGG-400.2.3",NA,NA,NA,NA,NA,NA,NA,NA,NA,23.4937559813848,NA,27.8625417737231,NA
"GGGACCTGTGCTAGCC-400.2.3",NA,NA,NA,NA,NA,NA,NA,NA,29.7265602228572,NA,NA,NA,NA
"GGGACCTTCGACCAGC-400.2.3",NA,NA,NA,NA,NA,NA,NA,NA,15.9286055984047,19.9399407678639,17.3615379449486,22.254933624736,17.3580716561406
"GGGAGATAGAAACGCC-400.2.3",26.7125909441602,27.167158486892,27.0646991874839,26.8058982340365,26.8262501450589,27.0279469991163,27.0516491521503,26.9751729912542,NA,NA,NA,NA,NA
"GGGAGATCAGTCGATT-400.2.3",14.4293659348093,14.0088263439918,14.0535081011017,14.1174646629445,13.884235207291,14.0308084557997,14.0432276017375,14.0331883957946,12.0642705573191,11.8330250320524,12.3130506001676,12.5420388415218,11.9293637506486
"GGGATGAGTCGGATCC-400.2.3",31.254437842081,32.245047499072,32.7374473214243,32.2098453208195,32.2668149364931,32.0992663578797,33.1891387939264,32.7568748285123,NA,NA,NA,NA,NA
"GGGCACTAGCGCCTTG-400.2.3",9.06965804839365,9.02688430599125,8.97917998196495,8.98757613856906,9.02969427880435,9.01897135319319,8.98453279243801,8.9801461169614,17.7054366614147,15.942270228279,21.1247370367893,9.16269362795777,16.3147791052858
"GGGCATCAGACTACAA-400.2.3",NA,NA,NA,NA,NA,NA,NA,NA,NA,NA,NA,29.8434757139902,NA
"GGGCATCGTCAGAATA-400.2.3",NA,NA,NA,NA,NA,44.8971017353233,NA,NA,NA,NA,NA,NA,NA
"GGGCATCGTTGAGTTC-400.2.3",NA,NA,NA,NA,NA,NA,NA,NA,28.8239794433272,NA,NA,NA,NA
"GGGTTGCGTGCACTTA-400.2.3",NA,NA,NA,NA,NA,NA,NA,NA,NA,29.0013895733921,NA,22.7908310600375,NA
"GGTATTGGTGACGCCT-400.2.3",35.0487820711358,33.6291415450498,36.4871097021774,34.8493882960813,34.3164680500748,38.3717273692803,37.1953079670338,36.8768286836218,NA,NA,NA,NA,NA
"GGTGAAGCAAAGTGCG-400.2.3",34.8261779092499,33.7479009475742,35.7732665109933,34.7242891628504,34.0794752085973,35.8248608608738,36.1137027432968,36.2555876712472,NA,NA,NA,NA,NA
"GGTGCGTTCACCGTAA-400.2.3",7.86501186366748,7.77390210771561,7.81724220393772,7.80810017196615,7.81560659580595,7.80902757858184,7.78274881140182,7.79255933383606,7.81953571730835,7.8019095688547,7.86327136232959,7.9598522164368,7.76055985444538
"GGTGTTAAGAGCCCAA-400.2.3",NA,NA,17.5281100832469,NA,NA,NA,NA,NA,NA,NA,NA,NA,NA
"GGTGTTACACACCGCA-400.2.3",26.3203806918904,26.8141378279952,26.9658364692162,27.1209573634883,27.1083173028537,26.655460879898,26.9504507098317,26.5844805072776,NA,NA,NA,NA,NA
"GTAACGTGTACCGAGA-400.2.3",28.2686585732438,28.8489793867412,28.9762757256979,29.2077683673833,29.1759174657818,28.5034874723534,29.2035165748915,28.6037501000799,NA,NA,NA,NA,NA
"GTAACGTGTAGCTGCC-400.2.3",36.1707483574201,NA,NA,NA,NA,NA,NA,NA,NA,NA,NA,NA,NA
"GTAACGTTCCCTTGTG-400.2.3",15.0337896428357,15.0768732515645,15.0574849747754,15.1839755232886,14.9668839734459,15.1272689871318,15.1485824648864,15.0959834368044,11.6185133745586,11.5675763745407,11.9297917461,11.7350387472545,11.4723072878748
"GTAACGTTCTAACTGG-400.2.3",NA,NA,NA,NA,NA,NA,NA,NA,NA,30.7159616389831,NA,NA,NA
"GTAACTGCATAGACTC-400.2.3",24.9989671671629,NA,NA,NA,NA,NA,NA,NA,NA,NA,NA,NA,NA
"GTACGTACACAGTCGC-400.2.3",NA,NA,NA,NA,NA,NA,NA,NA,NA,NA,NA,NA,28.2968000342968
"GTACGTATCGCGCCAA-400.2.3",13.1335907657277,13.106106405406,13.0929479562849,13.0424962385974,13.0079407334443,13.1762482667784,13.1564642930499,13.0563496696484,15.7802839630478,20.2984854035403,16.6615567103385,19.6687962577484,17.3580716561406
"GTACGTATCTTTACAC-400.2.3",33.0100693272527,32.3897836038733,33.9521268257151,33.8854070555706,33.092724055323,33.6359406547995,34.424968428466,34.0350784584856,NA,NA,NA,NA,NA
"GTACTCCAGTTGTCGT-400.2.3",NA,NA,NA,19.8107700239659,NA,NA,NA,NA,NA,NA,NA,NA,NA
"GTACTCCTCGCTTAGA-400.2.3",12.7085296787927,12.6533126030738,12.6648359926168,12.6124867574338,12.6558627703393,12.7768749518343,12.7904219055996,12.6590298601553,16.0043331608909,19.8121526650965,17.1107860549172,19.8692469027247,17.4721762652498
"GTACTTTTCATCTGTT-400.2.3",11.8032844577894,11.7372390766998,11.8134603162401,11.7596592114656,11.8483288535742,11.84027165392,11.8662468047108,11.7803722955726,21.7472641035046,13.8060721610744,12.6830348834709,12.9515050510926,12.9282656831721
"GTAGTCAGTAGCGTGA-400.2.3",6.05721594953758,6.05323633048235,6.04925300398088,6.05577214664308,6.03695230254649,6.12245119995934,6.08308752968697,6.11732308670748,6.2344559971058,6.32042525902991,6.29569166303743,6.3117332289475,6.22571279733978
"GTATCTTAGATAGTCA-400.2.3",26.5965159143253,26.6776427988019,26.7499427913218,26.5907186811543,26.4493194558563,26.5979488982143,26.717794035063,26.5493241214411,NA,NA,NA,NA,NA
"GTATCTTAGATGGCGT-400.2.3",25.0524780462616,NA,NA,NA,NA,NA,NA,NA,NA,NA,NA,NA,NA
"GTATTCTAGGGTGTGT-400.2.3",21.2203735657856,NA,NA,NA,NA,NA,NA,NA,NA,32.1515206099962,NA,NA,NA
"GTCAAGTCACCACCAG-400.2.3",NA,NA,NA,NA,NA,NA,NA,NA,NA,NA,NA,15.1606572757684,NA
"GTCAAGTCAGCTCCGA-400.2.3",28.3952475136348,29.5963701463914,29.475541320559,29.172735169107,29.1759174657818,29.2842024582829,29.5861009965832,29.2592042291549,NA,NA,NA,NA,NA
"GTCACAACACGAAAGC-400.2.3",20.4226032802656,NA,NA,NA,NA,NA,NA,NA,NA,NA,NA,NA,NA
"GTCACAATCCCTTGCA-400.2.3",NA,NA,NA,NA,NA,NA,NA,NA,15.4752988455252,22.5706391542546,16.4395657282886,26.3792785353699,17.8338108442715
"GTCACGGCACACGCTG-400.2.3",22.5400208043443,NA,NA,NA,NA,NA,NA,NA,NA,NA,NA,NA,NA
"GTCACGGTCATCGGAT-400.2.3",29.4254568413563,30.5554179587764,30.6478628772233,30.1242106953327,30.2100047018322,30.0955974494824,30.487365210678,30.2226917129215,NA,NA,NA,NA,NA
"GTCATTTGTGAAGGCT-400.2.3",NA,NA,NA,NA,NA,NA,NA,NA,21.3034729550525,NA,NA,NA,NA
"GTCCTCATCGCTTAGA-400.2.3",6.266948423722,6.26469496369662,6.25851104171975,6.26431855574426,6.22836291481869,6.22890550460344,6.23510182000232,6.21900148841952,6.37091144635307,6.36328447151787,6.40165083180871,6.34497514497439,6.32845106163969
"GTCGGGTTCTGGTATG-400.2.3",6.38173550350853,6.38142281968978,6.41102318653778,6.4159613008228,6.44801310761579,6.44345899793378,6.44914205027377,6.41050521826764,6.46107507488396,6.4801114932442,6.51321922431467,6.53420155982444,6.37844110507606
"GTCTCGTAGTTAAGTG-400.2.3",NA,NA,NA,NA,NA,NA,NA,NA,NA,21.2067417176153,NA,23.4556951923109,18.09292664757
"GTCTCGTTCCATGCTC-400.2.3",NA,NA,NA,21.4849413601599,NA,NA,NA,NA,NA,NA,NA,NA,NA
"GTGAAGGCATTGGTAC-400.2.3",NA,40.2547675538952,NA,NA,NA,NA,NA,NA,NA,NA,NA,NA,NA
"GTGAAGGTCTGCGACG-400.2.3",8.9055711679219,8.90428487666945,8.87845891523432,8.85699173747095,8.83838144138788,8.83752586927771,8.9230453165791,8.9216689807697,8.7549912469598,8.75328824348215,8.79562020681792,8.87158694521224,8.71437766723277
"GTGCAGCCAAGTCTAC-400.2.3",28.5224635346051,NA,NA,NA,NA,NA,NA,NA,NA,NA,NA,NA,NA
"GTGCAGCTCCTGTAGA-400.2.3",13.1850035686692,13.1164439776915,13.0929479562849,13.0717069344916,13.0758785630489,13.1762482667784,13.2256918393945,13.1105992000271,15.7802839630478,19.1391456791184,16.4126510437015,18.8691341534843,16.3659671792462
"GTGCGGTCAGCTGCAC-400.2.3",25.5250346312133,NA,NA,NA,NA,NA,NA,NA,NA,NA,NA,NA,NA
"GTGCGGTCATCCCACT-400.2.3",NA,NA,NA,15.7070661140705,NA,NA,NA,NA,NA,NA,NA,NA,NA
"GTGCGGTTCATAAAGG-400.2.3",NA,NA,NA,44.5110310050504,NA,NA,NA,NA,NA,NA,NA,NA,NA
"GTGCTTCAGCGTCAAG-400.2.3",NA,NA,NA,NA,NA,NA,NA,NA,15.1845848105718,NA,27.1178238484104,NA,NA
"GTGCTTCTCACCGTAA-400.2.3",9.6725277664146,9.59600784425829,9.70934161245019,9.6770249375408,9.6254504142008,9.61926208977014,9.65715663450313,9.6686188790156,16.4508395785872,18.3806513955691,17.9764783737105,20.0895030095199,19.1992258400254
"GTGTGCGCATCACGTA-400.2.3",NA,NA,NA,25.2499393763449,NA,NA,NA,NA,NA,NA,NA,NA,NA
"GTGTGCGGTACAAGTA-400.2.3",NA,NA,NA,NA,NA,NA,NA,NA,31.5397339462333,NA,NA,NA,NA
"GTGTGCGTCCTCATTA-400.2.3",NA,NA,NA,NA,34.4651524875196,NA,NA,NA,NA,NA,NA,NA,NA
"GTGTTAGTCAGCTGGC-400.2.3",19.6746432549444,19.3290753829729,19.8362737092523,19.5321016095513,NA,19.3702155541125,19.3872133967359,19.3983583401929,NA,NA,NA,NA,NA
"GTGTTAGTCGCCAAAT-400.2.3",23.6726765379828,23.9151380424325,23.9911681677812,23.9255325711203,23.9052816453759,24.139151227086,23.8886035344186,23.8807023805813,NA,NA,NA,NA,NA
"GTTAAGCAGATGTCGG-400.2.3",NA,NA,NA,NA,NA,NA,NA,36.6496121583101,NA,NA,NA,NA,NA
"GTTACAGTCTCTGTCG-400.2.3",NA,NA,30.947823635177,NA,NA,NA,NA,NA,NA,NA,NA,NA,NA
"GTTCGGGCAATGGAGC-400.2.3",NA,NA,NA,NA,NA,NA,NA,NA,NA,NA,NA,NA,24.8429987707471
"GTTCTCGTCGTCCGTT-400.2.3",11.2336210871247,11.2788786693485,11.2112236185039,11.194920743991,11.1984933176129,11.190811296948,11.1856575171015,11.2194783166389,19.5140270437289,14.6934840037325,12.9600472551164,12.6923229374005,13.8015814513414
"GTTCTCGTCTGTCTCG-400.2.3",NA,NA,NA,NA,NA,NA,NA,40.0732842279087,NA,NA,NA,NA,NA
"TAAACCGGTCGGCACT-400.2.3",16.2116548292341,15.9361312164166,16.3587141389412,16.2388522258436,15.7844946171296,16.0067079878867,15.9614323701948,15.9862646493994,NA,NA,NA,15.1606572757684,NA
"TAAACCGTCAAAGACA-400.2.3",NA,NA,NA,NA,NA,NA,NA,NA,16.3044521523054,19.4017400138985,17.5451014453329,19.2480460962031,16.8317810199817
"TAAGCGTAGCAACGGT-400.2.3",NA,NA,NA,NA,NA,NA,NA,NA,NA,NA,NA,NA,31.1654939229612
"TAAGCGTAGGCGCTCT-400.2.3",12.8131378996913,13.020013047307,12.8934488731914,12.8892605412082,12.8788530305169,12.9441908037591,12.9267721487123,12.9953187650913,16.0043331608909,19.2357074913673,17.4098049216503,22.91473105314,16.1316281853258
"TAAGCGTGTCATATGC-400.2.3",38.4269185293461,NA,NA,NA,NA,NA,NA,NA,NA,NA,NA,NA,NA
"TACACGAAGACCGGAT-400.2.3",NA,NA,NA,NA,38.6971931647499,NA,NA,NA,NA,NA,NA,NA,NA
"TACAGTGAGACGCAAC-400.2.3",NA,NA,NA,39.2809245676227,NA,NA,NA,NA,NA,NA,NA,NA,NA
"TACAGTGTCTGTGCAA-400.2.3",NA,NA,NA,NA,NA,NA,NA,NA,16.2277483033351,19.3779175574167,17.3289787419225,20.2998578698022,18.6740584526698
"TACCTATAGTAGGTGC-400.2.3",27.4930140927816,28.0501007720304,28.1953384945597,27.9537464559578,27.8308027673124,27.8686185568175,28.1536469941936,27.8237825727302,NA,NA,NA,NA,NA
"TACCTATCACAGACTT-400.2.3",29.0406216260316,30.0987224255195,30.2983595602085,29.9360082040815,29.9553275199334,29.8304855496215,30.2879873286406,29.8237293363978,NA,NA,NA,NA,NA
"TACCTATGTGACGGTA-400.2.3",NA,NA,NA,NA,NA,NA,NA,NA,16.4508395785872,18.5457505916142,17.9572321166481,19.3587049376116,17.2648084513806
"TACGGATGTCTCCCTA-400.2.3",9.46035914743043,9.47390079925998,9.52291278062283,9.56530221157342,9.51268855638379,9.55545341885868,9.45672345329768,9.47268917523906,9.61466815138241,10.0678069373665,9.86461756751848,10.3129443488517,9.94587070503978
"TACGGGCAGTTAGCGG-400.2.3",33.2692662668333,33.6104349995797,35.6832139303045,34.124968998113,34.2134696320238,34.4812653692389,35.3254887246206,35.2575995179132,NA,NA,NA,NA,NA
"TACGGGCTCACGGTTA-400.2.3",21.5133120246649,21.151117272365,21.5414845740009,21.4178778180775,20.9796290095179,21.2688434175901,21.1929766286126,21.2250067684586,NA,NA,NA,NA,NA
"TACGGTAAGTGATCGG-400.2.3",NA,NA,NA,NA,NA,NA,NA,NA,NA,31.7748258082224,NA,NA,NA
"TACTCATCACAGAGGT-400.2.3",NA,NA,NA,NA,NA,NA,NA,NA,NA,29.0441542254019,NA,22.8036225087928,NA
"TACTCGCGTAAGTTCC-400.2.3",12.4852594482104,12.3366362599638,12.4777183596856,12.5752908883187,12.3840765758234,12.38695525039,12.3664562538092,12.4281218029645,13.4825603723187,12.3152863819866,13.5027731961063,15.9496135307691,13.232859242528
"TACTCGCTCATTTGGG-400.2.3",NA,NA,NA,NA,NA,NA,NA,NA,NA,NA,NA,NA,23.4358055282833
"TACTTACAGTGTACTC-400.2.3",NA,NA,NA,NA,NA,NA,NA,NA,29.8266346354091,NA,NA,NA,NA
"TACTTACGTGCGGTAA-400.2.3",NA,NA,NA,NA,NA,24.9415922268042,NA,NA,NA,NA,NA,NA,NA
"TACTTGTAGGTTACCT-400.2.3",NA,NA,NA,40.9029947975221,NA,NA,NA,NA,NA,NA,NA,NA,NA
"TACTTGTGTCGACTAT-400.2.3",29.6157378767418,30.6170829202051,30.7078269325354,30.5201812271223,30.4834368719632,30.498861123626,30.8745665019996,30.35164883128,NA,NA,NA,NA,NA
"TACTTGTGTTCATGGT-400.2.3",8.79272445999674,8.80584307907917,8.87845891523432,8.85699173747095,8.71664368378311,8.83752586927771,8.84238930424513,8.84075212927117,8.71990804720002,8.68098560820304,8.79562020681792,8.84483624028129,8.72750716539626
"TACTTGTTCATTCACT-400.2.3",11.9838197251707,11.9510454257782,12.0070216851499,12.0913447100679,11.9355811875669,11.9816101999979,11.9392965359266,11.9749170091881,13.3704879636265,11.8137061416314,13.2771539098032,15.9496135307691,12.9330293258821
"TAGACCAAGAGGTACC-400.2.3",24.4402200016365,24.5191893595792,24.6556986428497,24.4261467273481,24.6357456804431,24.4340172058411,24.5619294357465,24.4195917135298,NA,NA,NA,NA,NA
"TAGACCACAATCGAAA-400.2.3",7.31512704124946,7.27139232309282,7.28004061295175,7.29415760817899,7.36784651202402,7.28217994243708,7.31997182937021,7.36935881942995,7.50057902177244,7.51201180124235,7.53428754436203,7.55500956952311,7.4634528635484
"TAGCCGGCACTCAGGC-400.2.3",NA,NA,NA,NA,32.5646377700694,NA,NA,NA,NA,NA,NA,NA,NA
"TAGCCGGTCCATGAAC-400.2.3",NA,NA,NA,NA,NA,NA,NA,NA,NA,NA,25.6316602680675,NA,NA
"TAGTGGTGTATGAAAC-400.2.3",NA,NA,NA,NA,43.8512380521506,NA,NA,NA,NA,NA,NA,NA,NA
"TAGTTGGGTCTAGTCA-400.2.3",22.4290498299695,NA,NA,NA,NA,NA,NA,NA,NA,NA,NA,NA,NA
"TAGTTGGTCAGCGACC-400.2.3",30.5711567243404,NA,NA,NA,NA,NA,NA,NA,NA,NA,NA,NA,NA
"TATCAGGTCCTGCCAT-400.2.3",21.8031788604645,22.086626832914,22.1254060873134,22.1078342932391,21.952091854402,22.2294803533478,22.1017888770475,22.0469859195137,NA,NA,NA,NA,NA
"TATCAGGTCTTCCTTC-400.2.3",NA,NA,NA,NA,53.1685437514771,NA,NA,NA,NA,NA,NA,NA,NA
"TATGCCCAGGTTACCT-400.2.3",10.6618750684025,10.6623573601535,10.667563172577,10.6541485117429,10.6104949682932,10.7091493497745,10.6663079605684,10.6450238145079,17.3568781121803,15.8999417219031,20.1457503047109,13.874607098379,15.8694204036976
"TATGCCCGTTCCGTCT-400.2.3",24.8048001725121,25.0093009893396,25.2770818446241,24.9785053139317,25.0646154373848,25.1538474583021,25.1954058519674,24.9772348998679,NA,NA,NA,NA,NA
"TATGCCCTCACCCGAG-400.2.3",10.1099558395759,10.0614194551978,10.111962144354,10.0942168070234,10.0832073984752,10.0710196050525,10.0899835223069,10.0975878217163,12.4685751323741,9.90993107409721,10.075538405766,15.3999842985916,10.2070759107601
"TATGCCCTCCGGGTGT-400.2.3",27.1277005630581,27.8968308760508,27.9877506461634,27.9404715376643,27.8893767674966,27.688267951563,28.14369150767,27.6702183364892,NA,NA,NA,NA,NA
"TCAACGACACAACTGT-400.2.3",NA,NA,NA,NA,NA,24.3183986185974,NA,NA,NA,NA,NA,NA,NA
"TCAACGACACTGTTAG-400.2.3",NA,NA,NA,NA,NA,NA,NA,NA,16.2277483033351,23.1461083180515,17.3394519640381,20.9308206250584,19.4615659631675
"TCAATCTAGCGTCTAT-400.2.3",NA,NA,NA,17.2217680262596,NA,NA,NA,NA,NA,NA,NA,NA,NA
"TCAATCTCACGTAAGG-400.2.3",15.4977356012209,15.7087934707679,15.5753809070261,15.5266780432626,15.4819191483248,15.5871560369892,15.5478951132557,15.5226762628558,12.539484756944,12.5256095457408,30.8901322468402,13.1446840043452,12.5283093262648
"TCAATCTGTCCGTCAG-400.2.3",9.52671232075554,9.4807812822272,9.5885572823828,9.56713075467923,9.6254504142008,9.61570013203438,9.52179487457408,9.5377583479489,17.6433361151215,16.4941972328626,17.2792167416984,9.3905415673387,21.6660259664167
"TCACGAAGTCCGCTGA-400.2.3",NA,NA,NA,NA,42.0138082975288,NA,NA,NA,NA,NA,NA,NA,NA
"TCACGAATCGTAGGAG-400.2.3",NA,38.6182954269046,NA,NA,NA,NA,NA,NA,NA,NA,NA,NA,NA
"TCAGATGAGAATTGTG-400.2.3",NA,37.3996012246414,NA,NA,NA,NA,NA,NA,NA,NA,NA,NA,NA
"TCAGCAAAGCAACGGT-400.2.3",NA,NA,NA,NA,NA,NA,NA,NA,24.692443827366,NA,NA,NA,NA
"TCAGCAACACGGTAAG-400.2.3",NA,NA,19.5290307741745,NA,NA,NA,NA,NA,NA,NA,NA,NA,NA
"TCAGCAAGTACAGTTC-400.2.3",NA,NA,NA,40.1488395283594,NA,NA,NA,NA,NA,NA,NA,NA,NA
"TCAGCTCCAGATCCAT-400.2.3",NA,NA,NA,44.9106512124603,NA,NA,NA,NA,NA,NA,NA,NA,NA
"TCAGCTCTCAGCGATT-400.2.3",15.232292394097,14.9933170392623,15.1981356536972,15.4143111770557,15.0499197594544,15.1835758144144,15.0728376924084,15.0631658400689,13.7179486611051,13.1439350397041,13.9546451706519,15.9496135307691,13.770193415282
"TCAGGATCACACTGCG-400.2.3",18.7352309169316,NA,NA,NA,NA,NA,NA,NA,NA,NA,NA,NA,32.6313032527419
"TCAGGATGTGATGATA-400.2.3",NA,NA,NA,NA,NA,NA,NA,NA,21.3453904150423,15.6756820180083,19.4551220825029,NA,NA
"TCAGGTAGTTCAACCA-400.2.3",NA,20.4645893920941,NA,NA,NA,NA,NA,NA,NA,NA,NA,NA,NA
"TCATTTGAGCCGGTAA-400.2.3",NA,NA,NA,NA,NA,NA,NA,NA,27.2251027443286,NA,NA,NA,NA
"TCATTTGTCGGGAGTA-400.2.3",21.4468493162206,21.5752898629689,21.6843151049841,21.7686014930677,21.4807876270307,21.6051411108421,21.550620934244,21.6436291226035,NA,NA,NA,NA,NA
"TCCACACAGCTGCCCA-400.2.3",8.86051942666449,8.85493704768644,8.87845891523432,8.85699173747095,8.84109789998842,8.83752586927771,8.88308698959976,8.8784129085241,8.92982530857936,8.7751327338714,8.79562020681792,8.72220660122677,8.78083752303093
"TCCACACAGTACTTGC-400.2.3",11.4133198219785,11.4513844854647,11.4296771872007,11.5014008594671,11.4687383462542,11.585692584804,11.5136619286706,11.464816656974,21.4210625595104,15.5444540298758,19.3961287468954,13.43649588453,15.2813982837201
"TCCACACCACATCCGG-400.2.3",16.0058342866387,15.5243320938691,15.6919262214263,15.7609883632229,15.526381885726,15.6252995871458,15.655435557305,15.6484616740514,NA,NA,NA,NA,NA
"TCCACACTCCCACTTG-400.2.3",NA,NA,NA,NA,NA,24.3183986185974,NA,NA,NA,NA,NA,NA,NA
"TCCACACTCGAGAGCA-400.2.3",NA,NA,NA,NA,30.9036558483696,NA,NA,NA,NA,NA,NA,NA,NA
"TCCCGATCAGAAGCAC-400.2.3",39.3452710762391,NA,NA,NA,NA,NA,NA,NA,NA,NA,NA,NA,NA
"TCGAGGCGTAAGTGGC-400.2.3",12.6743684025529,12.622913872597,12.701941311581,12.8635524690153,12.5368100827032,12.6914198571113,12.6546349865657,12.6202389273794,13.4825603723187,12.3522560144898,13.5027731961063,15.8204495038089,13.1591199247969
"TCGCGTTTCCCTAATT-400.2.3",NA,NA,NA,NA,NA,53.8384148765667,NA,NA,NA,NA,NA,NA,NA
"TCGGGACAGCAGATCG-400.2.3",21.0468096075474,NA,NA,NA,NA,NA,NA,NA,NA,NA,NA,NA,NA
"TCGGGACAGCCCAGCT-400.2.3",24.3680334440783,NA,NA,NA,NA,NA,NA,NA,NA,NA,NA,NA,NA
"TCGGGACGTACCGTAT-400.2.3",27.7303243642307,26.1786383347776,26.7588157110646,26.4637127766281,25.7774297361427,26.1956310866265,25.8347886428922,26.0040806379983,NA,NA,NA,NA,NA
"TCGGTAACACATGGGA-400.2.3",7.74582777983979,7.69601889343836,7.72397421404588,7.71348730942616,7.74902595421336,7.71421924771059,7.73456081584199,7.76059043212272,7.52677571854873,7.47230439143109,7.54055027030801,7.69514385978307,7.50530260135106
"TCGGTAAGTAACGACG-400.2.3",18.6826002877598,NA,18.8066700966994,18.520448606982,NA,NA,NA,NA,NA,NA,NA,NA,NA
"TCGTACCCACCTTGTC-400.2.3",13.1800326582335,13.2519195118491,13.1475246288871,13.132067193722,13.2914992633113,13.2585023646983,13.251815422622,13.2906116588837,15.3306224852068,21.2574974762463,16.3563608147988,19.9042087564066,17.5063569968362
"TCTATTGGTTGGAGGT-400.2.3",NA,NA,NA,NA,29.6532170392732,NA,NA,NA,NA,NA,NA,NA,39.9241227112141
"TCTATTGTCCGTAGTA-400.2.3",NA,NA,NA,23.0639818427574,NA,NA,NA,NA,NA,NA,NA,NA,NA
"TCTCATAAGTATGACA-400.2.3",NA,NA,NA,35.4511162121598,NA,NA,NA,NA,NA,NA,NA,NA,NA
"TCTGAGACAATCGGTT-400.2.3",7.38661023797582,7.29841796005036,7.33039880802609,7.33502800024623,7.36784651202402,7.30128818353924,7.31997182937021,7.39809053889695,7.40221506731947,7.44749509003426,7.43702999385394,7.55500956952311,7.36614611573144
"TCTGGAATCACGCGGT-400.2.3",NA,NA,NA,NA,NA,NA,NA,45.1041189872137,NA,NA,NA,NA,NA
"TCTTCGGCAATTCCTT-400.2.3",NA,NA,NA,NA,28.6366744434104,NA,NA,NA,NA,NA,NA,NA,NA
"TCTTCGGCACATCCAA-400.2.3",16.6124145746659,15.943514675937,16.1522920387324,16.1686971411136,NA,16.0112146674203,15.955506144057,16.0133239081938,NA,NA,NA,NA,NA
"TCTTTCCCATAAAGGT-400.2.3",NA,NA,NA,NA,35.0016318091253,NA,NA,NA,NA,NA,NA,NA,NA
"TCTTTCCGTCGGCATC-400.2.3",NA,NA,23.0589971619103,NA,NA,NA,NA,NA,NA,NA,NA,NA,NA
"TGAAAGAAGTTTGCGT-400.2.3",29.0406216260316,30.9990365709253,30.2983595602085,29.6742422595541,30.0305740244991,29.871728820204,29.9626658268866,29.5060024365701,NA,NA,NA,NA,NA
"TGACAACTCCTACAGA-400.2.3",NA,NA,NA,NA,NA,NA,NA,NA,15.7802839630478,21.4005529482613,17.0423979035178,24.2975163162146,17.8724277087191
"TGACGGCCAGAAGCAC-400.2.3",34.7045856109981,34.7500994754814,35.4706004201018,34.7181445023646,33.5891644096449,37.9847020214579,36.571189973671,36.4751647285163,NA,NA,NA,NA,NA
"TGACGGCGTCCAAGTT-400.2.3",NA,NA,35.4107877605542,NA,NA,NA,NA,NA,NA,NA,NA,NA,NA
"TGACTAGCATCCGCGA-400.2.3",18.0099505157102,17.5611793124195,17.9975923178917,17.7214973698886,17.5947572476752,17.7554066616154,17.6943650124998,17.7395907529775,NA,27.9521295192182,NA,23.9696449324568,14.644900647055
"TGACTAGGTCCCTTGT-400.2.3",32.7794896333128,32.4760226145744,33.5425388274238,33.3826888560014,33.2391353156804,33.2914059012173,34.5357751357205,34.4188667407729,NA,NA,NA,NA,NA
"TGAGCATCATGGTTGT-400.2.3",NA,NA,37.5329582921705,NA,NA,NA,NA,NA,NA,NA,NA,NA,NA
"TGAGCATTCACAAACC-400.2.3",31.068517833414,31.6045401188127,32.4967551000631,32.4000500595679,32.2336545442975,32.2733752898811,32.7070744687198,32.0126118353877,NA,NA,NA,NA,NA
"TGAGCATTCCGGGTGT-400.2.3",25.6875944519026,NA,NA,NA,NA,NA,NA,NA,NA,NA,NA,NA,NA
"TGAGCCGGTCGGATCC-400.2.3",26.0135419054482,26.2837058281842,26.3386045108622,26.2630382395265,26.2343315031576,26.0559940033528,26.3500295464978,26.1295450713143,NA,34.8924034448728,NA,NA,NA
"TGAGGGAAGGAGCGTT-400.2.3",11.0175419972185,10.8250394052135,10.9686062073754,10.9131798289024,10.9251528865557,10.8989176347726,10.9432806065554,10.9756022961921,19.9002967264494,15.2001562433262,19.2201331923434,13.0003508333971,14.8061166634766
"TGAGGGACAGGCTGAA-400.2.3",NA,NA,NA,18.2622936994993,NA,NA,NA,NA,NA,NA,NA,NA,NA
"TGATTTCAGGTTACCT-400.2.3",NA,NA,NA,NA,NA,33.4898995309118,NA,NA,NA,NA,NA,NA,NA
"TGATTTCCATCACGTA-400.2.3",11.3811636997679,11.2788786693485,11.3622496486824,11.3270262007734,11.2610938209199,11.2502780425307,11.286647153204,11.377423980148,16.2301257446748,17.5390203072715,17.3967932994473,18.2917584497361,16.567910919235
"TGATTTCGTGACGCCT-400.2.3",NA,NA,20.9524186472528,NA,NA,NA,NA,NA,NA,NA,NA,NA,NA
"TGCCAAACACCATGTA-400.2.3",NA,NA,NA,16.7293642911653,NA,NA,NA,NA,NA,NA,NA,NA,NA
"TGCCCATAGATCGATA-400.2.3",30.9873882492717,31.4986383756909,32.4459436364344,32.981128291641,32.63537009013,32.0352893455396,35.3800940752533,31.9890859575846,NA,NA,NA,NA,NA
"TGCCCATAGCCGGTAA-400.2.3",16.2967409014496,15.7297200354647,15.8040551218691,15.7969376684126,15.8827389726724,15.8505280826767,15.7396326015098,15.8063233024263,11.3935363312819,11.7908736274256,NA,NA,11.520654901104
"TGCCCTATCTGGTTCC-400.2.3",10.2358697899666,10.1861471316782,10.16978032948,10.1883203252741,10.0832073984752,10.2231826892669,10.2443677442756,10.1749968028346,16.0736589090203,17.9193541447432,17.3811556111171,17.8292074784973,17.0231380670338
"TGCGCAGAGCGTGTCC-400.2.3",NA,NA,NA,35.1981875453377,NA,NA,NA,NA,NA,NA,NA,NA,NA
"TGCGCAGGTAACGTTC-400.2.3",32.8298885636147,33.1893146976639,34.1477136967878,33.0455705935573,32.5924342339415,35.6705518022194,34.6034262843458,34.2744988165559,NA,NA,NA,NA,NA
"TGCGGGTTCACTGGGC-400.2.3",25.3117831004388,NA,NA,NA,NA,NA,NA,NA,NA,NA,NA,NA,NA
"TGCGGGTTCGATGAGG-400.2.3",NA,NA,16.5666825238044,NA,NA,NA,NA,NA,NA,NA,NA,NA,NA
"TGCGTGGAGGAGTTGC-400.2.3",19.4053734766753,NA,NA,NA,NA,NA,NA,NA,NA,NA,NA,NA,NA
"TGCGTGGCATGTCTCC-400.2.3",NA,NA,NA,NA,23.6112964082954,NA,NA,NA,NA,NA,NA,NA,39.1641508635851
"TGCGTGGTCTCAAGTG-400.2.3",26.3203806918904,26.7220952453319,26.7958664264218,26.6933856601762,26.6407856881399,26.672443447291,26.7737721688574,26.5493241214411,NA,NA,NA,NA,NA
"TGCTACCTCCGCGCAA-400.2.3",20.65868972658,20.4994101137502,20.5985331817138,20.8709528898288,20.3739690426822,20.4906977542842,20.5160100283772,20.501103804615,NA,NA,NA,NA,NA
"TGCTGCTCAGCTGTAT-400.2.3",15.5504818836049,15.0866142059154,15.2272580335487,15.2908805097361,15.0358484171794,15.1875679410997,15.1200069067507,15.1487474550555,NA,12.2382205449965,NA,14.3807210525034,12.3159047747695
"TGCTGCTTCGCTAGCG-400.2.3",31.2114761951945,NA,NA,NA,NA,NA,NA,NA,NA,NA,NA,NA,NA
"TGGACGCAGATCGGGT-400.2.3",NA,NA,NA,NA,NA,NA,NA,NA,26.7916757886511,NA,NA,NA,NA
"TGGACGCCACGAAACG-400.2.3",NA,NA,NA,18.0174210449655,NA,NA,NA,NA,NA,NA,NA,NA,NA
"TGGCCAGAGATGTAAC-400.2.3",NA,NA,NA,NA,NA,NA,45.4530734023707,NA,NA,NA,NA,NA,NA
"TGGCCAGCAATAGAGT-400.2.3",NA,42.164666539801,NA,NA,NA,NA,NA,NA,NA,NA,NA,NA,NA
"TGGCCAGCATTGCGGC-400.2.3",20.7962381612561,21.1948678536534,21.2189935752688,21.1033131527833,21.2072030445385,21.2650611814816,21.2087727286402,21.1723366443154,NA,NA,NA,NA,NA
"TGGCGCACATGACATC-400.2.3",5.40391964037062,5.41645264242708,5.40781634826519,5.4064997533475,5.40296012894447,5.39168811985581,5.40022975615975,5.42629391662932,5.42672022112857,5.40969090303154,5.44010227466937,5.45029260887823,5.38593991842392
"TGGCGCATCTGAGGGA-400.2.3",NA,NA,NA,14.7743083580515,NA,NA,NA,NA,NA,NA,NA,15.1606572757684,NA
"TGGCTGGGTAGCTAAA-400.2.3",NA,NA,NA,NA,39.9280423980175,NA,NA,NA,NA,NA,NA,NA,NA
"TGGCTGGGTTCCACAA-400.2.3",10.8386171841122,10.8228680331587,10.8130732715428,10.8548831746472,10.7659666278392,10.7968441811069,10.775884747786,10.8198490796393,13.8496554225355,13.7444856126391,14.0633280913131,16.5791078317529,14.3189853803272
"TGGCTGGTCCCAAGAT-400.2.3",NA,NA,41.4654609523122,NA,NA,NA,NA,NA,NA,NA,NA,NA,NA
"TGGGAAGAGTATCGAA-400.2.3",NA,NA,NA,NA,NA,NA,NA,NA,26.7740385329181,NA,NA,NA,NA
"TGGGAAGGTAATCACC-400.2.3",NA,NA,NA,NA,NA,NA,NA,NA,NA,NA,NA,NA,35.0481918216273
"TGGGCGTGTGTCCTCT-400.2.3",8.68280539809905,8.5815865864312,8.63970265878218,8.65563930096115,8.71664368378311,8.66739387910077,8.60921468374519,8.60632638411805,8.67425461098215,8.61942209721572,8.64603162898638,8.74276380133232,8.51237427969023
"TGGGCGTGTTATCACG-400.2.3",7.59626641041227,7.60657150760794,7.60415924249526,7.59831499224932,7.6009611874333,7.5967359692585,7.59357208693322,7.59202603335302,7.39346129970138,7.38345577821788,7.43702999385394,7.41583265872176,7.30845334136724
"TGGTTAGAGCTGCCCA-400.2.3",13.8654826168304,13.5466306808225,13.666192059711,13.6854831406167,13.3901908715007,13.5768591792618,13.6040137795566,13.5595564293312,12.0747361557751,11.7908736274256,12.3773508506248,12.3962262981032,11.987101453402
"TGGTTAGGTCTCCACT-400.2.3",13.3468096261969,13.5979939123203,13.4810083539115,13.6023971902784,13.4218100640274,13.4827631550315,13.5156672793345,13.4795182733225,11.2801624795785,11.5675763745407,11.4832862213124,11.7350387472545,11.4590200663577
"TGGTTCCTCTTTACGT-400.2.3",24.3384457548232,24.4127932384367,24.5563734699356,24.5488189001903,24.5771357276444,24.4124397590666,24.4290879402792,24.375881620621,NA,NA,NA,NA,NA
"TGTATTCCATCGGGTC-400.2.3",NA,NA,NA,NA,NA,NA,NA,NA,NA,NA,NA,NA,29.2355194029675
"TGTCCCATCCGAGCCA-400.2.3",NA,NA,NA,NA,40.120819630432,NA,NA,NA,NA,NA,NA,NA,NA
"TGTTCCGGTCAGAATA-400.2.3",NA,NA,NA,NA,NA,NA,NA,NA,29.8714327102292,NA,NA,NA,NA
"TGTTCCGTCAGCAACT-400.2.3",12.1181458816105,12.0179344763405,12.1645256068618,12.1232117468241,11.9355811875669,12.0312099820654,12.0065539067782,12.1143619779827,15.9578712002893,20.2377281387314,16.9615659788042,22.4424161225859,17.282782010376
"TTAGGACAGATCGATA-400.2.3",15.8059465322192,NA,NA,NA,NA,NA,NA,NA,NA,NA,NA,NA,NA
"TTAGGCATCGCTTGTC-400.2.3",17.6953771686278,NA,NA,NA,NA,NA,NA,NA,NA,NA,NA,NA,NA
"TTAGGCATCGGAAATA-400.2.3",7.91197899011423,7.95780758891543,8.04468712147338,8.03663025860299,7.86677420056498,8.02705313775144,7.96457050409197,7.93634919734728,8.0270441281587,7.93172508424983,7.9680750396585,8.04524768672272,7.95194552046129
"TTAGTTCGTAGCGTCC-400.2.3",10.6262554201513,10.4871680695864,10.5482367194224,10.5002998813486,10.5428444944296,10.5593446539899,10.6403796922898,10.5748502608535,21.7814191152944,14.5318672115272,18.9552217349407,12.5039733369102,13.5130246324013
"TTATGCTAGTGGTAAT-400.2.3",6.00161463177746,5.9483046253536,6.0042804166645,6.01180676612431,6.03695230254649,6.05337545310162,6.06803313642535,6.01259332711819,6.1753282855402,6.13533807277704,6.19923652545514,6.22557726851778,6.11303848385597
"TTCCCAGGTAGGGACT-400.2.3",7.1448836989891,7.2316200282919,7.22835477049584,7.22658728234915,7.18233339313792,7.22185768129325,7.20391573662498,7.16845374143745,7.36400738788236,7.26594163516835,7.35985108238934,7.42210128986225,7.17601739538005
"TTCCCAGTCGTACGGC-400.2.3",27.7153734295994,27.1536250862026,27.7339789976673,27.4208405101985,26.9771838747572,27.4594371614149,26.9872640026717,26.9751729912542,NA,NA,NA,NA,NA
"TTCGAAGAGGATGGAA-400.2.3",NA,NA,NA,22.9126449105903,NA,NA,NA,NA,NA,NA,NA,NA,NA
"TTCGAAGGTCTGATCA-400.2.3",NA,NA,NA,25.5344373941966,NA,NA,NA,NA,NA,NA,NA,NA,NA
"TTCTACAAGTGTACGG-400.2.3",NA,NA,NA,16.1920522752715,NA,NA,NA,NA,NA,NA,NA,NA,NA
"TTCTACATCTCCGGTT-400.2.3",NA,20.2455803083445,NA,NA,NA,NA,NA,NA,NA,NA,NA,NA,NA
"TTCTCAACACCGGAAA-400.2.3",8.99404726743468,9.22665688299076,9.09249265430029,9.07920901764026,9.30896405712719,9.07507192704914,9.15137331760662,9.1399204896727,8.87661332556641,8.69025161063839,8.72041405734049,8.39876117107342,8.6057807496929
"TTCTCAACATGAACCT-400.2.3",13.5085491053721,14.383312468368,13.8414104138835,13.9930388067162,14.0830281038803,14.1641089782597,14.3001022923534,14.0834516481777,10.7254692518937,10.8950308747618,11.0370160771753,11.1464043189768,10.6601915045691
"TTCTCCTCATAGACTC-400.2.3",11.8032844577894,11.7346869367468,11.8134603162401,11.7419796015935,11.7292706580939,11.7880257106582,11.761145927121,11.7803722955726,16.849155762175,17.2841740533715,19.0908032402717,16.2392874074879,16.9407642111561
"TTCTTAGAGCACACAG-400.2.3",NA,NA,NA,25.0058566359262,NA,NA,NA,NA,NA,NA,NA,NA,NA
"TTCTTAGCAGCATACT-400.2.3",NA,NA,NA,NA,35.3372325136408,NA,NA,NA,NA,NA,NA,NA,NA
"TTCTTAGCAGTAACGG-400.2.3",NA,NA,NA,NA,NA,NA,NA,NA,NA,NA,NA,NA,34.7718548053049
"TTCTTAGCATTGAGCT-400.2.3",10.2358697899666,10.1591413826701,10.1290664954724,10.1324307037756,10.0832073984752,10.1801988114248,10.2443677442756,10.1749968028346,20.7118655542417,14.5318672115272,19.8694207591197,12.5039733369102,13.4127117293745
"TTCTTAGTCCGCGGTA-400.2.3",9.06965804839365,9.02688430599125,9.09047596963218,9.10971118274476,9.07894347900434,9.0911098101862,9.04093677276752,9.04734020634075,9.27842536302646,8.94077016068166,9.03401520937373,15.7522552883165,9.00226855668063
"TTGAACGAGGACCACA-400.2.3",NA,NA,NA,NA,NA,NA,NA,39.2095535349161,NA,NA,NA,NA,NA
"TTGACTTAGACAGACC-400.2.3",6.70556062453246,6.68537072746746,6.68968451706592,6.69378830974494,6.64361303991071,6.66645158399983,6.66511665502914,6.61616377346914,6.7446250584571,6.77168312047581,6.78455421563123,6.89794257015012,6.65973560417713
"TTGACTTCATATGCTG-400.2.3",NA,NA,NA,NA,NA,32.894461343122,NA,NA,NA,NA,NA,NA,NA
"TTGGAACGTTACCGAT-400.2.3",NA,NA,NA,21.7445761770692,NA,NA,NA,NA,NA,NA,NA,NA,NA
"TTGGAACGTTTAGCTG-400.2.3",NA,NA,NA,21.6507854017629,NA,NA,NA,NA,NA,NA,NA,NA,NA
"TTGTAGGTCACATGCA-400.2.3",NA,NA,NA,19.0456426753148,NA,NA,NA,NA,NA,NA,NA,NA,NA
"TTGTAGGTCCGTTGCT-400.2.3",NA,NA,39.1485529596332,NA,NA,NA,NA,NA,NA,NA,NA,NA,NA
"TTTACTGCATCCAACA-400.2.3",26.0589356835811,26.4378100587151,26.5513698233695,26.6657107385172,26.4593540559081,26.4528042036837,26.6833509949826,26.4443328036673,NA,NA,NA,NA,NA
"TTTACTGGTCGAAAGC-400.2.3",5.88288757604536,5.8916299829445,5.88552909148947,5.88120044752046,5.87449659863362,5.8675192566761,5.87559478374412,5.8503798862381,5.80311011850098,5.79762070592716,5.83722748638188,5.86524741421326,5.75885672066365
"TTTATGCCAGTATAAG-400.2.3",NA,NA,NA,17.7122142415853,NA,NA,NA,NA,NA,NA,NA,NA,NA
"TTTATGCTCCTCAATT-400.2.3",NA,NA,NA,NA,NA,NA,NA,NA,NA,28.6686379968374,NA,21.7722685351216,NA
"TTTCCTCGTGGAAAGA-400.2.3",NA,NA,NA,NA,NA,NA,NA,NA,16.0043331608909,20.7029053186453,17.3394519640381,22.945448709181,17.8845206543862
"TTTCCTCTCATGTCTT-400.2.3",11.0175419972185,11.0893087615301,11.0560274613425,11.1091974550509,11.0046011102656,11.190811296948,11.089391140778,11.071466003614,20.5309467551044,15.8999417219031,18.5117653777468,13.6227774047223,15.9083743595671
"TTTGCGCAGAAACGCC-400.2.3",9.11312703151632,9.0945207182728,9.15752409941336,9.18309022344315,9.17002298069377,9.18817360871898,9.12361894369201,9.12877569724308,9.08140072997995,9.22772443448191,9.08336028583597,9.37529479798984,9.27605407517814
"TTTGCGCAGTTCCACA-400.2.3",NA,33.8296492238293,NA,NA,NA,NA,NA,NA,NA,NA,NA,NA,NA
"TTTGGTTGTAAACACA-400.2.3",7.0801411453936,7.0306110649905,7.05005175514015,7.05585590904185,6.97932491750733,7.01939757621768,7.00374378731187,7.00433373894353,7.14131427243726,7.08807799326421,7.17912574066281,7.15513376208048,7.02680082534628
"TTTGTCAAGTGTTAGA-400.2.3",10.0565080638046,9.94859328905943,10.1071300075851,10.0882858073858,10.0468811233456,10.0111739932968,10.0425291845358,10.0644201798906,15.3171768314886,18.0419310836414,16.613850236749,17.5812144096278,16.0565152637499
"TTTGTCAGTGCTAGCC-400.2.3",34.2891087909851,NA,NA,NA,NA,NA,NA,NA,NA,NA,NA,NA,NA
"AAACGGGCACCAACCG-500.1.1",NA,NA,NA,NA,NA,NA,NA,39.6308618972735,NA,NA,NA,NA,NA
"AAACGGGGTGGCCCTA-500.1.1",NA,43.3639256756688,NA,NA,NA,NA,NA,NA,NA,NA,NA,NA,NA
"AAAGATGAGCTCCTTC-500.1.1",NA,NA,NA,NA,NA,NA,NA,42.0231608023575,NA,NA,NA,NA,NA
"AAAGATGTCCTACAGA-500.1.1",30.0643853798285,29.7486950663239,30.2806748343346,29.6129925107992,29.5347493750175,29.8153999883177,29.5237698077482,29.3873276215185,NA,NA,NA,NA,NA
"AAAGCAATCGATGAGG-500.1.1",NA,NA,NA,48.7085713856034,NA,NA,NA,NA,NA,NA,NA,NA,NA
"AAAGTAGCAGTAGAGC-500.1.1",32.7509371975725,32.7240639168076,34.4515143438202,33.4655948702301,33.3892122692202,33.6881449946872,34.5357751357205,34.1526298543798,NA,NA,NA,NA,NA
"AAATGCCAGAGTAAGG-500.1.1",40.9872291838624,NA,NA,NA,NA,NA,NA,NA,NA,NA,NA,NA,NA
"AAATGCCGTCTTCAAG-500.1.1",NA,NA,NA,NA,NA,29.0862673474235,NA,NA,NA,NA,NA,NA,NA
"AAATGCCGTTATTCTC-500.1.1",NA,44.8265644768338,NA,NA,NA,NA,NA,NA,NA,NA,NA,NA,NA
"AACACGTTCGGAAACG-500.1.1",NA,NA,NA,NA,NA,NA,47.9376557997913,NA,NA,NA,NA,NA,NA
"AACCATGGTTAAGATG-500.1.1",32.1545870421981,32.5810423588827,33.5425388274238,32.6254384082136,33.0419691568497,33.2416564816214,33.7160436202402,33.5235542298243,NA,NA,NA,NA,NA
"AACCATGTCTGGGCCA-500.1.1",35.7489949044052,NA,NA,NA,NA,NA,NA,NA,NA,NA,NA,NA,NA
"AACCGCGAGTGAACAT-500.1.1",NA,NA,NA,NA,NA,44.970077102136,NA,43.5627703906562,NA,NA,NA,NA,NA
"AACCGCGTCACAGGCC-500.1.1",NA,NA,NA,NA,45.6178702743588,NA,NA,NA,NA,NA,NA,NA,NA
"AACTCCCAGAAGGGTA-500.1.1",NA,NA,NA,43.7299034095949,NA,NA,NA,NA,NA,NA,NA,NA,NA
"AACTCCCGTCGCGAAA-500.1.1",30.8785629003101,31.4986383756909,32.3564462738535,32.378656731449,32.3168907041642,31.7006689105746,33.490703986213,31.9890859575846,NA,NA,NA,NA,NA
"AACTGGTCAAGGACTG-500.1.1",30.1558755145966,30.2549341780811,30.8251275316652,30.0975211119956,29.9686533428736,31.2994006305396,30.5083133345776,30.5086177307166,NA,NA,NA,NA,NA
"AACTTTCTCCCTAATT-500.1.1",NA,NA,NA,NA,NA,31.7006689105746,NA,NA,NA,NA,NA,NA,NA
"AAGCCGCGTAGCTTGT-500.1.1",NA,NA,NA,27.9744899950232,NA,NA,NA,NA,NA,NA,NA,NA,NA
"AAGCCGCGTCAACATC-500.1.1",37.1909133170197,NA,NA,NA,NA,NA,NA,NA,NA,NA,NA,NA,NA
"AAGGAGCCACGCTTTC-500.1.1",27.6611942924516,NA,NA,NA,NA,NA,NA,NA,NA,NA,NA,NA,NA
"AAGGAGCTCCGTTGTC-500.1.1",NA,NA,NA,NA,40.8897440487487,NA,NA,NA,NA,NA,NA,NA,NA
"AAGTCTGCAACCGCCA-500.1.1",NA,41.5944911009573,NA,NA,NA,NA,NA,NA,NA,NA,NA,NA,NA
"AAGTCTGCAGGGTATG-500.1.1",31.8303218201078,32.5556721933633,33.2886426681575,32.6254384082136,32.663573554198,33.278350732764,33.8331726512193,33.5819712073911,NA,NA,NA,NA,NA
"AATCCAGAGAGTAATC-500.1.1",NA,NA,NA,NA,NA,44.8571234023239,NA,NA,NA,NA,NA,NA,NA
"AATCCAGGTACCGAGA-500.1.1",26.3355547490637,26.5013751192388,26.558232690994,26.2653237934733,26.2706658659452,26.4574532131473,26.5137308394456,26.4430361188189,NA,NA,NA,NA,NA
"AATCCAGTCCTGTAGA-500.1.1",27.3772188355363,NA,NA,NA,NA,NA,NA,NA,NA,NA,NA,NA,NA
"AATCGGTAGAGCTGCA-500.1.1",NA,NA,NA,NA,NA,47.2924379616805,NA,NA,NA,NA,NA,NA,NA
"AATCGGTCAAAGAATC-500.1.1",NA,NA,NA,NA,NA,NA,NA,NA,NA,29.8218665049125,NA,NA,NA
"AATCGGTCACTTAACG-500.1.1",NA,NA,NA,NA,NA,NA,46.3372291329838,NA,NA,NA,NA,NA,NA
"AATCGGTGTCAATGTC-500.1.1",34.360770620785,34.1268012429934,36.5438187758644,34.9070838632895,34.6879854425543,36.9681927461871,36.571189973671,35.9675605864421,NA,NA,NA,NA,NA
"ACACCAACAATACGCT-500.1.1",NA,NA,NA,NA,41.7154045074611,NA,NA,NA,NA,NA,NA,NA,NA
"ACACCAACACAAGTAA-500.1.1",27.7279025112965,27.8697420687848,28.0104680868017,27.7872015382226,27.5264080880163,27.9478019803647,27.8724957318024,27.8237825727302,NA,NA,NA,NA,NA
"ACACCAATCAAGGCTT-500.1.1",NA,25.905345922342,NA,NA,NA,NA,NA,NA,NA,NA,NA,NA,NA
"ACACCCTCATGACGGA-500.1.1",NA,NA,NA,NA,NA,NA,NA,52.278260413286,NA,NA,NA,NA,NA
"ACACCCTGTCACACGC-500.1.1",37.3368228798351,NA,NA,NA,NA,NA,NA,NA,NA,NA,NA,NA,NA
"ACACCGGCAAGAAAGG-500.1.1",NA,NA,NA,NA,NA,39.594448693304,NA,NA,NA,NA,NA,NA,NA
"ACACCGGGTACTCAAC-500.1.1",NA,NA,NA,NA,37.0494596693917,NA,NA,NA,NA,NA,NA,NA,NA
"ACACTGAAGCATCATC-500.1.1",NA,NA,NA,NA,49.5573186264634,NA,NA,NA,NA,NA,NA,NA,NA
"ACAGCCGCAAACTGTC-500.1.1",33.6784399581856,NA,NA,NA,NA,NA,NA,NA,NA,NA,NA,NA,NA
"ACAGCCGGTGCCTGTG-500.1.1",28.239956116294,27.3927089760801,27.8828619159476,27.4207325762254,27.1807877254746,27.469536498894,27.4540862312898,27.4635160789265,NA,NA,NA,NA,NA
"ACAGCTATCACAATGC-500.1.1",24.428921934555,23.5030990493523,23.6179669704756,23.7444042887306,23.2807282805726,23.5223480854277,23.4577619268596,23.4989872945381,NA,NA,NA,NA,NA
"ACAGCTATCGCAAGCC-500.1.1",34.7336364875936,33.3413882717168,36.3392379410268,35.2227749756295,35.0139462715077,35.3389160858836,36.571189973671,36.0690777977555,NA,NA,NA,NA,NA
"ACAGCTATCTCGGACG-500.1.1",NA,NA,NA,NA,NA,45.661266651402,NA,46.3613196300723,NA,NA,NA,NA,NA
"ACATCAGAGGCATTGG-500.1.1",27.2343313205867,27.2802624391635,27.3962369100192,27.1570044960923,27.2197490616987,27.3535265575782,27.3856726270856,27.3780781264605,NA,NA,NA,NA,NA
"ACCAGTACACCCATGG-500.1.1",NA,NA,NA,NA,NA,NA,NA,48.7273514654622,NA,NA,NA,NA,NA
"ACCAGTAGTGTCCTCT-500.1.1",34.3243736214119,33.1893146976639,36.2359828007105,35.1431594119648,34.8024261438298,35.2250139800492,36.434810667494,35.937367179109,NA,NA,NA,NA,NA
"ACCCACTAGACATAAC-500.1.1",NA,NA,NA,NA,NA,38.778130086794,NA,NA,NA,NA,NA,NA,NA
"ACCCACTAGGAATGGA-500.1.1",NA,NA,43.5012609910904,NA,NA,NA,NA,NA,NA,NA,NA,NA,NA
"ACCCACTGTCCAACTA-500.1.1",25.4935312252219,24.854241849818,25.0173324005316,24.9650397696608,24.8861823027412,24.9726263945292,24.7700040871693,24.8334530839487,NA,NA,NA,NA,NA
"ACCCACTGTCCGTGAC-500.1.1",24.2083632581506,NA,NA,NA,NA,NA,NA,NA,NA,NA,NA,NA,NA
"ACCCACTGTTGGACCC-500.1.1",35.5596122931895,34.4524059756114,37.4186504662321,35.1003439638671,NA,37.873874439435,36.9763550115307,36.9193480204507,NA,NA,NA,NA,NA
"ACCGTAAAGAGCAATT-500.1.1",NA,NA,46.3976291810912,NA,NA,NA,NA,NA,NA,NA,NA,NA,NA
"ACCGTAACATAGAAAC-500.1.1",33.6530873691202,32.9404187240767,35.8966661880102,34.0687642675599,34.2952387584171,36.1543005633132,35.946605099513,34.9135206627113,NA,NA,NA,NA,NA
"ACCTTTATCTCCAGGG-500.1.1",NA,NA,NA,NA,NA,NA,NA,57.7023623699627,NA,NA,NA,NA,NA
"ACGAGCCGTCTCTTTA-500.1.1",NA,NA,NA,NA,NA,NA,NA,43.9664077819791,NA,NA,NA,NA,NA
"ACGATACCATTAGGCT-500.1.1",NA,NA,NA,NA,NA,NA,NA,42.9400030098242,NA,NA,NA,NA,NA
"ACGATACGTGACTCAT-500.1.1",29.9314701506965,30.81352260428,31.0833098073481,30.5201812271223,30.9345862902393,30.8499238975631,31.11431398908,30.9082596958707,NA,NA,NA,NA,NA
"ACGATGTCACATAACC-500.1.1",NA,NA,40.9129169341689,NA,NA,NA,NA,NA,NA,NA,NA,NA,NA
"ACGATGTCAGGTGGAT-500.1.1",NA,NA,46.680495929947,NA,NA,NA,NA,NA,NA,NA,NA,NA,NA
"ACGATGTTCTTCCTTC-500.1.1",NA,27.2087923756733,NA,NA,NA,NA,NA,NA,NA,NA,NA,NA,NA
"ACGCCAGGTCTTGCGG-500.1.1",33.6271319211482,31.8224297034501,34.814733083285,32.367753249765,31.5294720173874,36.3593512381052,34.9334499088804,34.5830647073212,NA,NA,NA,NA,NA
"ACGGAGATCTTGCATT-500.1.1",NA,NA,NA,37.4488331188673,NA,NA,NA,NA,NA,NA,NA,NA,NA
"ACGGCCATCCGAGCCA-500.1.1",41.8821757568987,NA,NA,NA,NA,44.0204401552454,42.544126251414,43.3147902305732,NA,NA,NA,NA,NA
"ACGGCCATCGCAAGCC-500.1.1",NA,NA,37.1110742819669,NA,NA,NA,NA,NA,NA,NA,NA,NA,NA
"ACGGGCTAGTTAACGA-500.1.1",NA,44.1624983012651,NA,NA,NA,NA,NA,NA,NA,NA,NA,NA,NA
"ACGGGCTTCACGATGT-500.1.1",27.0666369190158,NA,NA,NA,NA,NA,NA,NA,NA,NA,NA,NA,NA
"ACGGGTCGTCGACTGC-500.1.1",40.2469333299981,NA,NA,NA,NA,NA,NA,NA,NA,NA,NA,NA,NA
"ACGGGTCTCAACACGT-500.1.1",NA,NA,NA,NA,35.4450399741426,NA,NA,NA,NA,NA,NA,NA,NA
"ACGTCAAAGCACAGGT-500.1.1",NA,NA,NA,NA,NA,33.8325237750285,NA,NA,NA,NA,NA,NA,NA
"ACTATCTAGAGTAATC-500.1.1",NA,NA,NA,27.207363157635,NA,NA,NA,NA,NA,NA,NA,NA,NA
"ACTATCTAGATGTCGG-500.1.1",NA,NA,20.8984320539715,NA,NA,NA,NA,NA,NA,NA,NA,NA,NA
"ACTATCTCACGTCTCT-500.1.1",31.0713481408456,NA,NA,NA,NA,NA,NA,NA,NA,NA,NA,NA,NA
"ACTGAGTCAGAGCCAA-500.1.1",NA,NA,47.7502296330822,NA,NA,NA,NA,NA,NA,NA,NA,NA,NA
"ACTGAGTTCCCTTGTG-500.1.1",NA,NA,53.683811503919,NA,NA,NA,NA,NA,NA,NA,NA,NA,NA
"ACTGTCCAGGGTCTCC-500.1.1",29.6284177000571,30.2189609620425,30.7078269325354,30.0975211119956,30.0596504313521,30.2444946586235,30.5224467769512,30.20992016747,NA,NA,NA,NA,NA
"ACTGTCCCAGCGTTCG-500.1.1",33.6530873691202,32.9964938677466,34.5552073466974,33.6080406487393,33.2748921153896,35.4112462890674,35.5027369834459,35.6174117861524,NA,NA,NA,NA,NA
"ACTGTCCGTCTCAACA-500.1.1",NA,NA,NA,NA,43.2969063868245,NA,NA,NA,NA,NA,NA,NA,NA
"ACTGTCCTCACCCGAG-500.1.1",NA,NA,NA,27.5099387246189,NA,NA,NA,NA,NA,NA,NA,NA,NA
"ACTGTCCTCCTGCAGG-500.1.1",NA,NA,NA,NA,NA,NA,NA,42.412759143118,NA,NA,NA,NA,NA
"ACTTACTCAAGCCGCT-500.1.1",38.9172828648896,NA,NA,NA,NA,43.6434427612891,NA,44.1326836970101,NA,NA,NA,NA,NA
"ACTTTCAAGATGTGGC-500.1.1",32.500300446848,NA,NA,NA,NA,NA,NA,NA,NA,NA,NA,NA,NA
"ACTTTCACACATGGGA-500.1.1",46.3375149370098,NA,NA,NA,NA,NA,NA,NA,NA,NA,NA,NA,NA
"ACTTTCAGTAAACGCG-500.1.1",NA,NA,NA,NA,43.3449224458187,NA,NA,NA,NA,NA,NA,NA,NA
"AGAATAGTCACTTATC-500.1.1",NA,NA,NA,18.4551259595684,NA,NA,NA,NA,NA,NA,NA,NA,NA
"AGACGTTCAGCGTCCA-500.1.1",NA,NA,NA,NA,NA,34.8777552427824,NA,NA,NA,NA,NA,NA,NA
"AGACGTTGTATAGTAG-500.1.1",NA,NA,NA,NA,NA,40.4691828517478,38.7072819296318,39.2738545280061,NA,NA,NA,NA,NA
"AGACGTTTCTGGTGTA-500.1.1",26.5317445352852,26.5588431330638,26.5513698233695,26.3848268882786,26.067114484332,26.5396435522027,26.5137308394456,26.5493241214411,NA,NA,NA,NA,NA
"AGAGCGAGTTGTACAC-500.1.1",NA,NA,NA,NA,NA,NA,57.3845774997333,NA,NA,NA,NA,NA,NA
"AGAGCGATCCTCTAGC-500.1.1",NA,NA,NA,NA,NA,NA,NA,46.2912261163734,NA,NA,NA,NA,NA
"AGAGTGGCATGCCCGA-500.1.1",28.4376802057942,NA,NA,NA,NA,NA,NA,NA,NA,NA,NA,NA,NA
"AGAGTGGTCCTAGAAC-500.1.1",NA,NA,NA,NA,NA,47.509066263068,NA,NA,NA,NA,NA,NA,NA
"AGATCTGAGTACGACG-500.1.1",NA,44.5909662852538,NA,NA,NA,NA,NA,NA,NA,NA,NA,NA,NA
"AGATCTGTCCGTCAAA-500.1.1",NA,NA,NA,NA,58.7650559257978,NA,NA,NA,NA,NA,NA,NA,NA
"AGATTGCTCCAGTAGT-500.1.1",NA,NA,NA,NA,NA,NA,50.2378096153089,NA,NA,NA,NA,NA,NA
"AGCAGCCCAGTATGCT-500.1.1",NA,NA,57.9945264686998,NA,NA,NA,NA,NA,NA,NA,NA,NA,NA
"AGCATACAGGGTTCCC-500.1.1",NA,NA,NA,35.1431594119648,NA,NA,NA,NA,NA,NA,NA,NA,NA
"AGCGGTCTCGTGACAT-500.1.1",NA,43.9312302395225,NA,NA,NA,NA,NA,NA,NA,NA,NA,NA,NA
"AGCTCTCCAAGGGTCA-500.1.1",NA,NA,NA,NA,NA,38.4410218102048,NA,NA,NA,NA,NA,NA,NA
"AGCTTGACAGTGACAG-500.1.1",46.4995875961894,NA,NA,NA,NA,NA,NA,NA,NA,NA,NA,NA,NA
"AGCTTGACATTACGAC-500.1.1",NA,NA,59.4443463125053,NA,NA,NA,NA,NA,NA,NA,NA,NA,NA
"AGCTTGAGTCTTGATG-500.1.1",23.0300559420839,NA,NA,NA,NA,NA,NA,NA,NA,NA,NA,NA,NA
"AGGCCGTTCATGCTCC-500.1.1",37.3459876418817,NA,NA,NA,NA,NA,NA,NA,NA,NA,NA,NA,NA
"AGGGAGTCAGTAGAGC-500.1.1",NA,NA,NA,29.1023035436077,NA,NA,NA,NA,NA,NA,NA,NA,NA
"AGGGATGAGCTGCCCA-500.1.1",29.3519439348981,30.2189609620425,30.3178862200673,30.0975211119956,30.1591567739186,30.0955974494824,30.4848052658354,30.2627564569225,NA,NA,NA,NA,NA
"AGGGATGCAAGGACTG-500.1.1",22.2248286995981,NA,NA,NA,NA,NA,NA,NA,NA,NA,NA,NA,NA
"AGGGTGAGTAGATTAG-500.1.1",NA,NA,NA,NA,NA,54.003788291766,NA,NA,NA,NA,NA,NA,NA
"AGGTCATCAATACGCT-500.1.1",NA,NA,NA,NA,NA,NA,NA,43.5785434555135,NA,NA,NA,NA,NA
"AGGTCCGAGGATATAC-500.1.1",NA,NA,NA,NA,41.6522330714551,NA,NA,NA,NA,NA,NA,NA,NA
"AGGTCCGCAAGACGTG-500.1.1",27.472262011483,27.2821066538977,27.3613666235749,27.1209573634883,26.8685865628395,27.2759742810848,27.1261240439893,26.9914186615196,NA,NA,NA,NA,NA
"AGTAGTCGTTATTCTC-500.1.1",NA,NA,NA,NA,NA,NA,NA,48.03652962161,NA,NA,NA,NA,NA
"AGTAGTCGTTGTACAC-500.1.1",NA,NA,38.426272427068,NA,NA,39.4039724963565,38.8868409101137,38.4793567329116,NA,NA,NA,NA,NA
"AGTGAGGTCTTGGGTA-500.1.1",NA,NA,NA,NA,24.0993702768888,NA,NA,NA,NA,NA,NA,NA,39.7109137014874
"AGTGGGATCGAGCCCA-500.1.1",32.2922785425309,32.3455248800165,34.1443604369181,32.6254384082136,32.7707575415361,35.01605654619,34.32899368293,33.5696286516574,NA,NA,NA,NA,NA
"AGTGTCAGTAATCACC-500.1.1",NA,NA,NA,NA,NA,48.1071774414061,NA,48.3773308201093,NA,NA,NA,NA,NA
"ATAAGAGAGATGCCAG-500.1.1",NA,NA,NA,48.0818652789692,NA,NA,NA,NA,NA,NA,NA,NA,NA
"ATAAGAGCAATGTTGC-500.1.1",29.4254568413563,30.0556844619586,30.6306096738678,29.7182442831156,30.1422089031978,30.6983709937298,30.4310212800439,29.9421818748396,NA,NA,NA,NA,NA
"ATAAGAGGTCTAAAGA-500.1.1",NA,NA,NA,28.9393524674854,NA,NA,NA,NA,NA,NA,NA,NA,NA
"ATAGACCGTGTAACGG-500.1.1",31.5562414753929,32.3455248800165,33.1224060287359,32.3302764250732,32.6637540303986,32.4971899704075,33.6232777369673,33.2179368679332,NA,NA,NA,NA,NA
"ATCACGAAGAGACTTA-500.1.1",NA,NA,NA,NA,NA,NA,NA,38.8771638997423,NA,NA,NA,NA,NA
"ATCACGAGTAAATGTG-500.1.1",NA,NA,NA,NA,NA,NA,42.8934397875378,NA,NA,NA,NA,NA,NA
"ATCATGGCAGGACCCT-500.1.1",NA,36.7583282193009,NA,NA,NA,NA,NA,NA,NA,NA,NA,NA,NA
"ATCCGAACAATTGCTG-500.1.1",NA,NA,NA,28.3807066668886,NA,NA,NA,NA,NA,NA,NA,NA,NA
"ATCCGAAGTGTGCGTC-500.1.1",NA,NA,NA,NA,NA,49.9245387236117,NA,46.5994102767348,NA,NA,NA,NA,NA
"ATCGAGTAGAGGTTAT-500.1.1",NA,NA,NA,38.2453004901834,NA,NA,NA,NA,NA,NA,NA,NA,NA
"ATCGAGTAGGCTATCT-500.1.1",NA,NA,NA,NA,NA,NA,50.4489488968891,NA,NA,NA,NA,NA,NA
"ATCGAGTGTAGAGCTG-500.1.1",NA,NA,NA,NA,NA,49.4443310188962,NA,47.0660562261902,NA,NA,NA,NA,NA
"ATCTACTAGAACTCGG-500.1.1",47.3941367279813,NA,NA,NA,NA,NA,NA,NA,NA,NA,NA,NA,NA
"ATCTACTGTAAACGCG-500.1.1",29.4254568413563,30.5270316899435,30.6625177829577,30.0975211119956,30.2577090169231,30.4045574284202,30.8077701027655,30.3387087984737,NA,NA,NA,NA,NA
"ATCTACTTCTCGCTTG-500.1.1",NA,NA,NA,NA,NA,NA,53.300726055786,NA,NA,NA,NA,NA,NA
"ATCTGCCAGCAGCCTC-500.1.1",NA,NA,NA,39.8172383875072,NA,NA,NA,NA,NA,NA,NA,NA,NA
"ATCTGCCAGGATGGTC-500.1.1",NA,NA,NA,41.5152083378805,NA,NA,NA,NA,NA,NA,NA,NA,NA
"ATCTGCCTCCCGACTT-500.1.1",NA,NA,29.6788524656972,NA,NA,NA,NA,NA,NA,NA,NA,NA,NA
"ATGCGATCAATCCGAT-500.1.1",NA,NA,NA,NA,NA,NA,NA,52.2202463074047,NA,NA,NA,NA,NA
"ATGCGATGTAATCGTC-500.1.1",43.1994222899165,NA,NA,NA,NA,NA,NA,NA,NA,NA,NA,NA,NA
"ATGCGATTCAAGAAGT-500.1.1",NA,NA,NA,NA,NA,41.0255655650176,NA,NA,NA,NA,NA,NA,NA
"ATGCGATTCTTGACGA-500.1.1",NA,NA,NA,NA,NA,NA,NA,38.8771638997423,NA,NA,NA,NA,NA
"ATGGGAGTCATCGCTC-500.1.1",30.606325269947,31.9225646788481,32.3336529346668,31.5799902201122,31.7227097102446,31.7006689105746,32.4779689024769,32.0498595140945,NA,NA,NA,NA,NA
"ATGGGAGTCCGATATG-500.1.1",NA,57.6089094690055,NA,NA,NA,NA,NA,NA,NA,NA,NA,NA,NA
"ATTACTCTCGTGGTCG-500.1.1",NA,NA,NA,NA,52.0342233851632,NA,NA,NA,NA,NA,NA,NA,NA
"ATTATCCCATGTAAGA-500.1.1",35.25827676833,NA,NA,NA,NA,NA,NA,NA,NA,NA,NA,NA,NA
"ATTATCCTCCACTGGG-500.1.1",NA,NA,NA,40.0946697479399,NA,NA,NA,NA,NA,NA,NA,NA,NA
"ATTCTACGTGTAACGG-500.1.1",31.3697227003615,31.9225646788481,32.8181674572437,31.8273628605215,31.9202224981613,32.8143487486435,32.9083921245644,32.399246999468,NA,NA,NA,NA,NA
"ATTGGACCAGTCAGAG-500.1.1",44.7688084591468,NA,NA,NA,NA,NA,NA,NA,NA,NA,NA,NA,NA
"ATTGGTGGTTTCGCTC-500.1.1",NA,54.9605100159047,NA,NA,NA,NA,NA,NA,NA,NA,NA,NA,NA
"ATTGGTGTCACCTTAT-500.1.1",NA,NA,43.5012609910904,NA,NA,NA,NA,NA,NA,NA,NA,NA,NA
"ATTGGTGTCGGACAAG-500.1.1",33.4347921983831,31.6377561292537,33.7543254133196,32.7267118110155,32.0398759101112,33.8320510170747,34.0227109251271,33.7262639284184,NA,NA,NA,NA,NA
"ATTTCTGAGAACAATC-500.1.1",44.1625573924717,NA,NA,NA,NA,NA,NA,NA,NA,NA,NA,NA,NA
"CAACCAAGTAGAAAGG-500.1.1",NA,NA,NA,NA,NA,NA,NA,NA,32.7202897983024,NA,NA,NA,NA
"CAACCTCCATGGTCAT-500.1.1",33.1690315899056,33.1893146976639,33.9733381332124,33.530560182094,33.2352621416178,34.5125526857625,34.7599614292917,35.1388524442055,NA,NA,NA,NA,NA
"CAACCTCGTTAAGATG-500.1.1",NA,48.1076946586339,NA,NA,NA,NA,NA,NA,NA,NA,NA,NA,NA
"CAACTAGAGTCGAGTG-500.1.1",NA,35.5065986526774,NA,NA,NA,NA,NA,NA,NA,NA,NA,NA,NA
"CAACTAGTCGCCCTTA-500.1.1",NA,62.3676957034035,NA,NA,NA,NA,NA,NA,NA,NA,NA,NA,NA
"CAAGAAATCTAACTCT-500.1.1",27.6300720844169,27.6098172132583,27.9238796862954,27.6323948835644,27.5763019239933,27.9869537186924,27.819337240704,27.6974931168028,NA,NA,NA,NA,NA
"CAAGATCAGTACGTAA-500.1.1",NA,NA,NA,43.9718347934895,NA,NA,NA,NA,NA,NA,NA,NA,NA
"CAAGATCCAGCCACCA-500.1.1",NA,NA,NA,35.5293706050508,36.0836975922915,NA,NA,NA,NA,NA,NA,NA,NA
"CAAGATCGTCCATCCT-500.1.1",NA,61.9229923631783,NA,NA,NA,NA,NA,NA,NA,NA,NA,NA,NA
"CAAGGCCAGAGTGAGA-500.1.1",NA,NA,NA,NA,NA,NA,NA,41.2700172238589,NA,NA,NA,NA,NA
"CAAGGCCAGGTGATAT-500.1.1",NA,39.0352466964027,NA,NA,NA,NA,NA,NA,NA,NA,NA,NA,NA
"CAAGGCCCACGAGGTA-500.1.1",34.0362364722473,NA,NA,NA,NA,NA,NA,NA,NA,NA,NA,NA,NA
"CACAAACCACTCAGGC-500.1.1",36.9286828496928,25.5073792990217,26.2386342600957,26.8836580284366,24.799869488089,41.9397336778662,25.4724352289507,42.5352028488873,NA,NA,NA,NA,NA
"CACACCTCAAAGTGCG-500.1.1",NA,NA,NA,NA,NA,NA,46.5385190478901,NA,NA,NA,NA,NA,NA
"CACACCTCAGATCTGT-500.1.1",28.486422583368,NA,NA,NA,NA,NA,NA,NA,NA,NA,NA,NA,NA
"CACACCTGTACCCAAT-500.1.1",33.2692662668333,33.1893146976639,35.2909952139501,33.2911129353724,33.0084352281299,35.7824145918601,35.1537406629766,34.8255292280571,NA,NA,NA,NA,NA
"CACACTCGTCATATGC-500.1.1",NA,NA,41.9096614655024,NA,NA,NA,NA,NA,NA,NA,NA,NA,NA
"CACAGTATCGTAGGTT-500.1.1",45.013282515112,NA,NA,NA,NA,NA,NA,NA,NA,NA,NA,NA,NA
"CACATAGAGACTAGGC-500.1.1",30.1938667546649,30.6413212524348,31.1627812147331,31.3637173741172,31.2236526087032,30.6554435249102,32.1888371153263,30.753072949121,NA,NA,NA,NA,NA
"CACATAGGTCAGTGGA-500.1.1",29.8097964157112,30.2189609620425,30.6290937030727,29.9924383050994,29.6899321839345,30.3118184735172,30.3861070806172,30.3387087984737,NA,NA,NA,NA,NA
"CACATAGGTGGGTCAA-500.1.1",NA,NA,NA,NA,NA,47.1633725359682,NA,47.0906561197942,NA,NA,NA,NA,NA
"CACATTTGTTTACTCT-500.1.1",13.9232268789083,15.2653324117343,14.6648516537333,14.9036301002492,14.9221118483573,14.9951095249142,15.2005011889637,14.9307287718131,10.6446547558464,10.7573700556743,10.8785257289817,10.9490294164607,10.6601915045691
"CACCACTGTAACGTTC-500.1.1",NA,NA,NA,NA,NA,NA,NA,41.2419583935306,NA,NA,NA,NA,NA
"CACCACTTCTTGCATT-500.1.1",NA,NA,NA,NA,45.0530500182907,NA,NA,NA,NA,NA,NA,NA,NA
"CACCAGGAGTGGAGAA-500.1.1",NA,NA,NA,NA,NA,NA,NA,39.2738545280061,NA,NA,NA,NA,NA
"CACCTTGGTTCCAACA-500.1.1",NA,NA,NA,NA,NA,34.3681837183361,NA,NA,NA,NA,NA,NA,NA
"CACCTTGTCAAGATCC-500.1.1",37.6937734908206,23.447614116318,23.6901752248881,24.6396903213634,22.7743478613191,42.5407050279171,23.3132780104776,42.1285774882163,NA,NA,NA,NA,NA
"CAGAATCCAGTATCTG-500.1.1",NA,NA,NA,NA,NA,43.1908687301159,NA,NA,NA,NA,NA,NA,NA
"CAGAATCTCGCGTAGC-500.1.1",NA,NA,NA,22.6376984321117,NA,NA,NA,NA,NA,NA,NA,NA,NA
"CAGATCACAGGACCCT-500.1.1",NA,NA,NA,NA,NA,NA,43.4291462848789,NA,NA,NA,NA,NA,NA
"CAGATCAGTCGACTAT-500.1.1",34.161312229032,24.1065743105183,24.340560645612,24.6958903028848,23.6184675482253,24.2053486093992,24.0436055564873,24.2249413400426,NA,NA,NA,NA,NA
"CAGCATAAGCGCTCCA-500.1.1",NA,NA,NA,NA,41.2094544607278,NA,NA,NA,NA,NA,NA,NA,NA
"CAGCCGATCCACGAAT-500.1.1",27.8813774341452,28.5427927903402,28.6472108215625,28.2469204768926,28.2628768949827,28.4671168387702,28.6817586878514,28.4641597383482,NA,NA,NA,NA,NA
"CAGCGACAGGGCACTA-500.1.1",NA,NA,NA,NA,NA,NA,44.7147972509177,NA,NA,NA,NA,NA,NA
"CAGCTAACAAGCCGTC-500.1.1",35.027731123849,NA,NA,NA,NA,NA,NA,NA,NA,NA,NA,NA,NA
"CAGCTGGCATTGGCGC-500.1.1",33.2692662668333,32.7789379580802,34.0941926217459,33.5473556863837,33.5501461848189,34.2988605249886,35.3521014378611,35.2575995179132,NA,NA,NA,NA,NA
"CAGGTGCAGACAGAGA-500.1.1",36.1070631591656,NA,NA,NA,NA,NA,NA,NA,NA,NA,NA,NA,NA
"CAGTAACGTACAGACG-500.1.1",NA,46.2423840275273,NA,NA,NA,NA,NA,NA,NA,NA,NA,NA,NA
"CAGTAACGTTCACCTC-500.1.1",18.9817060118835,NA,NA,NA,NA,NA,NA,NA,NA,NA,NA,NA,NA
"CAGTCCTAGGACGAAA-500.1.1",32.1155382921936,31.9225646788481,33.1403832725073,31.966391930949,31.802218272439,34.7175148659588,33.7160436202402,33.2179368679332,NA,NA,NA,NA,NA
"CAGTCCTGTCCCTTGT-500.1.1",NA,NA,NA,NA,NA,NA,NA,48.5119758102348,NA,NA,NA,NA,NA
"CATATTCAGTAGGTGC-500.1.1",NA,NA,NA,27.51653776798,NA,NA,NA,NA,NA,NA,NA,NA,NA
"CATATTCAGTGTCCCG-500.1.1",NA,NA,NA,NA,NA,NA,NA,51.1293251563962,NA,NA,NA,NA,NA
"CATATTCTCGGTGTTA-500.1.1",NA,43.5513474301404,NA,NA,NA,NA,NA,NA,NA,NA,NA,NA,NA
"CATCAAGAGGGTTCCC-500.1.1",NA,NA,NA,NA,NA,NA,NA,40.1942037277143,NA,NA,NA,NA,NA
"CATCAAGAGTCGCCGT-500.1.1",NA,NA,NA,NA,NA,53.7719089755458,NA,NA,NA,NA,NA,NA,NA
"CATCAAGAGTGTCCAT-500.1.1",NA,NA,NA,NA,NA,NA,NA,44.354047149122,NA,NA,NA,NA,NA
"CATCAAGTCCACGTTC-500.1.1",NA,NA,38.2461818637852,NA,NA,NA,NA,NA,NA,NA,NA,NA,NA
"CATCCACGTTGGAGGT-500.1.1",NA,NA,NA,NA,NA,NA,NA,38.8161829960263,NA,NA,NA,NA,NA
"CATCCACTCTATCGCC-500.1.1",NA,NA,53.3219138205862,NA,NA,NA,NA,NA,NA,NA,NA,NA,NA
"CATCGAAGTAAGTGTA-500.1.1",NA,NA,NA,NA,57.5869431523254,NA,NA,NA,NA,NA,NA,NA,NA
"CATCGAATCTTTAGTC-500.1.1",NA,38.9252494015703,NA,NA,NA,NA,NA,NA,NA,NA,NA,NA,NA
"CATCGGGAGACCCACC-500.1.1",38.2056737921101,NA,NA,NA,NA,NA,NA,NA,NA,NA,NA,NA,NA
"CATCGGGCATCGTCGG-500.1.1",NA,53.2080567757164,NA,NA,NA,NA,NA,NA,NA,NA,NA,NA,NA
"CATCGGGTCTTCGAGA-500.1.1",NA,NA,NA,NA,NA,37.127047275992,NA,NA,NA,NA,NA,NA,NA
"CATGACACACCCAGTG-500.1.1",NA,NA,NA,NA,NA,NA,NA,41.5371679889089,NA,NA,NA,NA,NA
"CATTATCGTAAGGGCT-500.1.1",30.4442201487567,31.386843491749,31.59407355137,31.244636843272,31.4608766815156,31.3012160969182,32.0626902643433,31.578162623751,NA,NA,NA,NA,NA
"CATTATCTCGTACGGC-500.1.1",28.1303683956883,NA,NA,NA,NA,NA,NA,NA,NA,NA,NA,NA,NA
"CATTCGCGTCTTCGTC-500.1.1",NA,NA,NA,NA,NA,NA,NA,48.1896044286333,NA,NA,NA,NA,NA
"CCACCTAAGAGGTACC-500.1.1",NA,NA,NA,NA,NA,NA,NA,38.8771638997423,NA,NA,NA,NA,NA
"CCACGGAAGATCCTGT-500.1.1",NA,NA,42.1708845506465,NA,NA,NA,NA,NA,NA,NA,NA,NA,NA
"CCACGGAAGCGATCCC-500.1.1",NA,NA,NA,35.6464259898704,NA,NA,NA,NA,NA,NA,NA,NA,NA
"CCACGGAAGGACAGCT-500.1.1",NA,NA,43.0632401600772,NA,NA,NA,NA,NA,NA,NA,NA,NA,NA
"CCACTACAGCTGTCTA-500.1.1",NA,NA,NA,NA,NA,NA,NA,45.5163915919935,NA,NA,NA,NA,NA
"CCACTACCAAGGTGTG-500.1.1",28.2683665144899,NA,NA,NA,NA,NA,NA,NA,NA,NA,NA,NA,NA
"CCACTACCACGAAGCA-500.1.1",NA,NA,NA,NA,NA,34.7891489888373,NA,NA,NA,NA,NA,NA,NA
"CCAGCGAAGGGTCGAT-500.1.1",NA,NA,NA,NA,NA,50.9422955059952,NA,NA,NA,NA,NA,NA,NA
"CCAGCGACATCAGTAC-500.1.1",24.8049221968209,NA,NA,NA,NA,NA,NA,NA,NA,NA,NA,NA,NA
"CCATTCGCAGCCTTTC-500.1.1",NA,NA,42.7054653798331,NA,NA,NA,NA,NA,NA,NA,NA,NA,NA
"CCATTCGGTCGACTAT-500.1.1",NA,NA,NA,NA,52.7413821853644,NA,NA,NA,NA,NA,NA,NA,NA
"CCATTCGTCGGGAGTA-500.1.1",NA,NA,NA,40.9591397501864,NA,NA,NA,NA,NA,NA,NA,NA,NA
"CCATTCGTCTTATCTG-500.1.1",NA,NA,NA,NA,NA,NA,NA,47.5048195313163,NA,NA,NA,NA,NA
"CCCAATCCAGACGCCT-500.1.1",33.6530873691202,33.1951353272453,35.2904781953703,33.5524276713037,33.4737533543828,36.8528619619934,35.721347087266,35.3737442692747,NA,NA,NA,NA,NA
"CCCAGTTGTCGGCACT-500.1.1",28.0021052592385,28.637759755983,28.6472108215625,28.4004112185253,28.3440755336031,28.4671168387702,28.6817586878514,28.5904406624479,NA,NA,NA,NA,NA
"CCCATACAGCTGATAA-500.1.1",NA,NA,21.6528908333854,NA,NA,NA,NA,NA,NA,NA,NA,NA,NA
"CCCATACTCTTGACGA-500.1.1",NA,NA,NA,NA,NA,34.5746970109337,NA,NA,NA,NA,NA,NA,NA
"CCGGTAGAGGTGCACA-500.1.1",NA,NA,NA,NA,NA,51.29169967567,NA,NA,NA,NA,NA,NA,NA
"CCGGTAGCATGGGAAC-500.1.1",47.2550193405968,NA,NA,NA,NA,NA,NA,NA,NA,NA,NA,NA,NA
"CCGGTAGGTTACGCGC-500.1.1",43.1719195536603,NA,NA,NA,NA,NA,NA,NA,NA,NA,NA,NA,NA
"CCGTACTCATACGCTA-500.1.1",NA,NA,NA,47.2712325508634,NA,NA,NA,NA,NA,NA,NA,NA,NA
"CCGTTCAAGGATGGTC-500.1.1",NA,NA,51.6987942136535,NA,NA,NA,NA,NA,NA,NA,NA,NA,NA
"CCGTTCACATGATCCA-500.1.1",NA,35.6315788389298,NA,NA,NA,NA,NA,NA,NA,NA,NA,NA,NA
"CCGTTCAGTCGACTAT-500.1.1",NA,NA,43.382556885186,NA,NA,NA,NA,NA,NA,NA,NA,NA,NA
"CCTACACAGTGCGATG-500.1.1",NA,NA,NA,NA,NA,NA,51.5062163405748,NA,NA,NA,NA,NA,NA
"CCTACACCAAGCCGTC-500.1.1",NA,NA,NA,23.707113512355,NA,NA,NA,NA,NA,NA,NA,NA,NA
"CCTACACCACGGCTAC-500.1.1",45.5887694463649,NA,NA,NA,NA,NA,NA,NA,NA,NA,NA,NA,NA
"CCTACCACAGCTGTGC-500.1.1",NA,NA,NA,53.541232268447,NA,NA,NA,NA,NA,NA,NA,NA,NA
"CCTACCACATAGTAAG-500.1.1",NA,59.2027741245033,NA,NA,NA,NA,NA,NA,NA,NA,NA,NA,NA
"CCTAGCTAGCTAGGCA-500.1.1",NA,NA,NA,NA,NA,36.4589132986537,NA,NA,NA,NA,NA,NA,NA
"CCTATTAAGCTAAACA-500.1.1",NA,NA,NA,NA,NA,36.8589787830517,NA,NA,NA,NA,NA,NA,NA
"CCTATTAGTTTGTGTG-500.1.1",NA,NA,NA,41.7083246074632,NA,NA,NA,NA,NA,NA,NA,NA,NA
"CCTATTATCGCCATAA-500.1.1",NA,NA,54.7351264483543,NA,NA,NA,NA,NA,NA,NA,NA,NA,NA
"CCTCAGTGTCTAGAGG-500.1.1",31.4990647283489,31.812313016555,32.5381528241005,32.8089954485422,32.6637540303986,32.0992663578797,34.7809187311371,32.1216063970552,NA,NA,NA,NA,NA
"CCTTACGGTCGATTGT-500.1.1",26.3203806918904,NA,NA,NA,NA,NA,NA,NA,NA,NA,NA,NA,NA
"CCTTCCCGTACTCTCC-500.1.1",34.0362364722473,34.0313971196623,36.3392379410268,34.5267029108395,34.2606305431249,36.5965476721281,36.0302932265339,35.6637541491673,NA,NA,NA,NA,NA
"CCTTCGAAGAGTAAGG-500.1.1",NA,NA,NA,NA,NA,53.2306618716125,NA,NA,NA,NA,NA,NA,NA
"CCTTCGATCATCATTC-500.1.1",NA,NA,53.3690509978506,NA,NA,NA,NA,NA,NA,NA,NA,NA,NA
"CCTTTCTCATGGATGG-500.1.1",NA,NA,NA,NA,NA,NA,NA,53.1414617235114,NA,NA,NA,NA,NA
"CCTTTCTGTGGTCCGT-500.1.1",NA,NA,NA,23.2307896452454,NA,NA,NA,NA,NA,NA,NA,NA,NA
"CGAACATAGCTACCTA-500.1.1",30.3359062664699,30.9105101424002,31.4514125147599,30.8893360356848,30.6858293657157,30.9006747047333,31.2558333565653,30.753072949121,NA,NA,NA,NA,NA
"CGAACATAGTGTGGCA-500.1.1",NA,NA,NA,41.306051401326,NA,NA,NA,NA,NA,NA,NA,NA,NA
"CGACCTTAGTGAACAT-500.1.1",29.8097964157112,30.6469512422224,31.1160531917394,31.260698161833,31.1632102557027,30.5907814849173,32.0626902643433,30.753072949121,NA,NA,NA,NA,NA
"CGACCTTTCGAATCCA-500.1.1",30.5778771369066,31.0734946514216,31.9288876444126,31.060162731437,30.9345862902393,31.6178946426074,31.8865028624616,31.530236354066,NA,NA,NA,NA,NA
"CGACTTCGTTCACGGC-500.1.1",NA,46.2423840275273,NA,NA,NA,NA,NA,NA,NA,NA,NA,NA,NA
"CGACTTCTCACAGTAC-500.1.1",NA,NA,NA,NA,NA,NA,53.4700347777146,NA,NA,NA,NA,NA,NA
"CGACTTCTCCTAGGGC-500.1.1",NA,NA,NA,NA,NA,NA,43.5177829791953,NA,NA,NA,NA,NA,NA
"CGAGAAGCACGCGAAA-500.1.1",NA,NA,NA,NA,NA,52.9016784218757,NA,NA,NA,NA,NA,NA,NA
"CGAGCACAGAGTGAGA-500.1.1",NA,NA,NA,43.711623897651,NA,NA,NA,NA,NA,NA,NA,NA,NA
"CGAGCACGTCGCATCG-500.1.1",NA,NA,NA,NA,45.9071930620396,NA,NA,NA,NA,NA,NA,NA,NA
"CGAGCACGTGAAGGCT-500.1.1",NA,40.9375703147881,NA,NA,NA,NA,NA,NA,NA,NA,NA,NA,NA
"CGATCGGTCAAGAAGT-500.1.1",31.9094480503178,31.9225646788481,33.5425388274238,32.2051659243759,31.9719539419878,32.5117948385198,32.9776406182895,32.8088089540147,NA,NA,NA,NA,NA
"CGATCGGTCACATAGC-500.1.1",NA,NA,41.1118919276344,NA,NA,NA,NA,NA,NA,NA,NA,NA,NA
"CGATGGCCAATCCGAT-500.1.1",31.3463083622942,31.0734946514216,32.7435569460348,31.2809084080923,30.9345862902393,33.5626163877695,32.4373723319827,32.0168419481544,NA,NA,NA,NA,NA
"CGATTGAAGCGTAGTG-500.1.1",NA,NA,41.8034300910092,NA,NA,NA,NA,NA,NA,NA,NA,NA,NA
"CGATTGACAATAGAGT-500.1.1",NA,NA,24.4210380591297,NA,NA,NA,NA,NA,NA,NA,NA,NA,NA
"CGATTGATCTTCTGGC-500.1.1",NA,NA,NA,NA,NA,NA,NA,46.4266572081521,NA,NA,NA,NA,NA
"CGCGGTAGTTTAGGAA-500.1.1",31.0425819560031,31.666724639532,32.7374473214243,32.1754757885069,32.4042483007892,32.4971899704075,33.1067192567347,32.399246999468,NA,NA,NA,NA,NA
"CGCGGTATCTCCTATA-500.1.1",NA,NA,NA,NA,NA,NA,NA,41.9074700409302,NA,NA,NA,NA,NA
"CGCTATCTCCTATGTT-500.1.1",23.2756963729318,23.4783979488839,23.5601148333349,23.5631359920013,23.3954188227975,23.4816890065607,23.5027905934717,23.4863599844036,NA,NA,NA,NA,NA
"CGCTGGAAGGCATGTG-500.1.1",NA,42.3446970953501,NA,NA,NA,NA,NA,NA,NA,NA,NA,NA,NA
"CGCTTCAAGATCGATA-500.1.1",30.8494200818008,31.4781503575609,32.2116661979994,31.5872388201411,31.8145802913688,32.0155896607702,32.7037331305022,31.9890859575846,NA,NA,NA,NA,NA
"CGCTTCAAGTGGGTTG-500.1.1",32.6887858663368,32.7677169360001,34.5984385836734,33.4861764674749,33.5208080597093,33.6881449946872,34.4629539531989,33.8488695462422,NA,NA,NA,NA,NA
"CGCTTCAGTATAGGTA-500.1.1",27.5518187974161,28.0643514660638,28.230903061905,27.9348707927564,27.766273227835,28.0350011383982,28.2513843796295,28.1488354674458,NA,NA,NA,NA,NA
"CGGACGTAGTGGAGTC-500.1.1",38.7640119951676,NA,NA,NA,NA,NA,NA,NA,NA,NA,NA,NA,NA
"CGGACGTCAATGAAAC-500.1.1",21.8287755117837,21.8723564210611,21.9603595189287,21.7630794223521,21.6534891475886,21.9112046850738,21.9402394756388,21.9061143767729,NA,NA,NA,NA,NA
"CGGCTAGCAATGGATA-500.1.1",NA,NA,53.7344577635487,NA,NA,NA,NA,NA,NA,NA,NA,NA,NA
"CGGGTCACACATGACT-500.1.1",NA,NA,NA,NA,NA,NA,NA,43.5785434555135,NA,NA,NA,NA,NA
"CGGGTCACATCAGTAC-500.1.1",34.522364932432,33.3542184138543,36.3392379410268,35.2204507325306,34.5430121472926,35.6692046678065,36.0371971384913,36.0137608978471,NA,NA,NA,NA,NA
"CGGTTAATCACGAAGG-500.1.1",NA,NA,NA,40.9029947975221,NA,NA,NA,NA,NA,NA,NA,NA,NA
"CGTAGCGAGGCTCAGA-500.1.1",NA,45.9850461130415,NA,NA,NA,NA,NA,NA,NA,NA,NA,NA,NA
"CGTAGCGGTAACGTTC-500.1.1",NA,NA,NA,25.4769822524229,NA,NA,NA,NA,NA,NA,NA,NA,NA
"CGTCACTGTTCATGGT-500.1.1",44.6226224408885,NA,NA,NA,NA,NA,NA,NA,NA,NA,NA,NA,NA
"CGTCAGGAGTCGATAA-500.1.1",NA,NA,NA,NA,NA,NA,NA,40.952856031819,NA,NA,NA,NA,NA
"CGTCAGGTCATGCATG-500.1.1",50.5628768142128,NA,NA,NA,NA,NA,NA,NA,NA,NA,NA,NA,NA
"CGTCTACGTAGTAGTA-500.1.1",48.5194004799516,NA,NA,NA,NA,NA,NA,NA,NA,NA,NA,NA,NA
"CGTCTACTCCACGTTC-500.1.1",29.2286081220743,NA,NA,NA,NA,NA,NA,NA,NA,NA,NA,NA,NA
"CGTGTAACATTGAGCT-500.1.1",NA,NA,NA,NA,NA,34.28362511895,NA,NA,NA,NA,NA,NA,NA
"CGTGTCTAGGCATGTG-500.1.1",27.9640493750965,29.1505103338015,29.0007881310297,28.695720603744,28.7303016197411,28.8763452576742,29.1104405044257,28.6675751661877,NA,NA,NA,NA,NA
"CGTTAGAAGCTCAACT-500.1.1",36.8021851803643,NA,NA,NA,NA,NA,NA,NA,NA,NA,NA,NA,NA
"CGTTAGAAGGCTACGA-500.1.1",34.5058665303342,33.6104349995797,35.5426233943906,34.7242891628504,34.8635940367644,35.8124746141849,36.1654772121199,36.5947985911019,NA,NA,NA,NA,NA
"CGTTAGACAACCGCCA-500.1.1",NA,NA,NA,NA,NA,NA,NA,44.5859951458297,NA,NA,NA,NA,NA
"CGTTCTGAGAGCTTCT-500.1.1",32.5962684901635,32.491830189684,33.9439175305724,34.3049957129797,33.9482576868341,33.3273513559016,37.1589238574675,33.9832531545927,NA,NA,NA,NA,NA
"CGTTCTGCAGGTTTCA-500.1.1",33.5768103149714,33.1659229402738,35.5426233943906,34.0629913922672,33.8514991479095,36.064330403347,35.640845166188,35.202167860098,NA,NA,NA,NA,NA
"CTAACTTTCAGTGTTG-500.1.1",NA,NA,46.2865867844158,NA,NA,NA,NA,NA,NA,NA,NA,NA,NA
"CTAAGACCAAGTTCTG-500.1.1",NA,38.933569910478,NA,NA,NA,NA,NA,NA,NA,NA,NA,NA,NA
"CTAATGGGTCGGCATC-500.1.1",NA,NA,NA,NA,NA,43.436730815939,41.8098617507896,42.4935613005743,NA,NA,NA,NA,NA
"CTACACCCATCGACGC-500.1.1",NA,NA,NA,NA,NA,NA,NA,46.398878990693,NA,NA,NA,NA,NA
"CTACATTTCGGCGCAT-500.1.1",38.751176712997,23.3772533695088,23.6160715369564,42.3595027477769,22.7674295085554,43.1673020611922,23.2543533412345,43.8928756973096,NA,NA,NA,NA,NA
"CTACCCAGTGGTTTCA-500.1.1",NA,NA,NA,NA,NA,NA,43.4408567396233,NA,NA,NA,NA,NA,NA
"CTACCCATCAATACCG-500.1.1",33.7690344648114,27.4315902046163,27.6481098197849,27.6746918199433,25.7722917649724,39.6972896387653,34.8000405491936,37.5426933788509,NA,NA,NA,NA,NA
"CTACGTCAGGTCATCT-500.1.1",NA,NA,NA,24.5786583953564,NA,NA,NA,NA,NA,NA,NA,NA,NA
"CTACGTCCACAGACTT-500.1.1",NA,NA,NA,NA,NA,49.5574436560539,NA,NA,NA,NA,NA,NA,NA
"CTACGTCCAGTAGAGC-500.1.1",NA,NA,43.9953807846298,NA,NA,NA,NA,NA,NA,NA,NA,NA,NA
"CTACGTCGTATTAGCC-500.1.1",NA,NA,NA,NA,46.3233449182032,NA,NA,NA,NA,NA,NA,NA,NA
"CTAGAGTAGACAGACC-500.1.1",NA,NA,37.0946941284814,35.6760574911945,NA,38.6118545632746,37.647654092346,37.4743606713232,NA,NA,NA,NA,NA
"CTAGAGTTCCGAGCCA-500.1.1",NA,NA,42.1230861565603,NA,NA,NA,NA,NA,NA,NA,NA,NA,NA
"CTAGAGTTCCGTAGGC-500.1.1",29.9162963885866,29.7892465940888,31.397392594283,30.0975211119956,29.6658225261661,30.8483408173865,29.9912302235087,29.9230525057493,NA,NA,NA,NA,NA
"CTAGTGAAGATAGCAT-500.1.1",NA,NA,NA,NA,43.7270968413327,NA,NA,NA,NA,NA,NA,NA,NA
"CTAGTGAAGTAACCCT-500.1.1",15.8047915426627,15.3802838395797,15.4419591645534,15.4399642831993,15.289462310555,15.408539347232,15.4033422688972,15.4212296467323,NA,NA,NA,NA,NA
"CTAGTGACAAGTCTAC-500.1.1",NA,NA,NA,NA,NA,NA,NA,56.2825523506863,NA,NA,NA,NA,NA
"CTAGTGAGTAAAGGAG-500.1.1",NA,NA,NA,21.9654437599428,NA,NA,NA,NA,NA,NA,NA,NA,NA
"CTAGTGAGTAGGCATG-500.1.1",40.9403243019062,NA,NA,NA,NA,NA,NA,NA,NA,NA,NA,NA,NA
"CTCACACAGCCGTCGT-500.1.1",32.3031523974744,NA,NA,NA,NA,NA,NA,NA,NA,NA,NA,NA,NA
"CTCAGAAAGACGACGT-500.1.1",NA,NA,43.5012609910904,NA,NA,NA,NA,NA,NA,NA,NA,NA,NA
"CTCAGAAAGTACTTGC-500.1.1",NA,NA,NA,NA,40.1954072103043,NA,NA,NA,NA,NA,NA,NA,NA
"CTCATTAGTACCTACA-500.1.1",45.6557430329206,NA,NA,NA,NA,NA,NA,NA,NA,NA,NA,NA,NA
"CTCGAAAGTAAGGGCT-500.1.1",29.0406216260316,29.9380974354514,29.8876184085951,29.5901637312981,29.6189806968421,29.6906166397772,30.0766866592695,29.9230525057493,NA,NA,NA,NA,NA
"CTCGAGGTCTGCAAGT-500.1.1",NA,34.0313971196623,36.7372139073179,35.7657195033939,35.9265905938645,37.2461032324645,37.7341404762248,37.2791415251123,NA,NA,NA,NA,NA
"CTCGGAGAGCACCGCT-500.1.1",32.1155382921936,32.2865240607823,33.9439175305724,32.6254384082136,32.5464973334866,35.2735926144782,34.3331851286852,33.7328074900963,NA,NA,NA,NA,NA
"CTCGGAGGTGAGTGAC-500.1.1",NA,NA,NA,NA,NA,NA,52.6310320866731,NA,NA,NA,NA,NA,NA
"CTCGGGACATGCAATC-500.1.1",44.6645804995044,NA,NA,NA,NA,NA,NA,NA,NA,NA,NA,NA,NA
"CTCGGGAGTCTTGATG-500.1.1",42.5758762959761,NA,NA,NA,NA,NA,NA,NA,NA,NA,NA,NA,NA
"CTCGTACAGTGGTAGC-500.1.1",45.8023277337262,NA,NA,NA,NA,NA,NA,NA,NA,NA,NA,NA,NA
"CTCGTACGTAGAAAGG-500.1.1",42.8991391527445,NA,NA,NA,NA,NA,NA,NA,NA,NA,NA,NA,NA
"CTCGTCACATGTTCCC-500.1.1",26.4838664623255,25.3113815579501,25.6281488264019,25.6142884200242,24.6681379451292,25.6723414974354,25.301575473923,25.4519643720496,NA,NA,NA,NA,NA
"CTCTAATAGACTAAGT-500.1.1",28.2686585732438,28.5128683542305,28.8193375867882,28.5688603910874,28.4863829520271,28.6691952761895,28.6817586878514,28.4758264791632,NA,NA,NA,NA,NA
"CTCTAATCACTTAAGC-500.1.1",NA,47.0845904903964,NA,NA,NA,NA,NA,NA,NA,NA,NA,NA,NA
"CTCTACGAGAGAACAG-500.1.1",31.7747965423487,31.7148691264423,33.5425388274238,32.6254384082136,32.6637540303986,32.894461343122,33.4342007225083,32.8088089540147,NA,NA,NA,NA,NA
"CTCTACGCACCTCGGA-500.1.1",NA,NA,NA,35.7821183343842,NA,NA,NA,NA,NA,NA,NA,NA,NA
"CTCTGGTAGGGAACGG-500.1.1",NA,NA,43.8410276577531,NA,NA,NA,NA,NA,NA,NA,NA,NA,NA
"CTCTGGTAGTGTACGG-500.1.1",NA,NA,NA,NA,44.114596806819,NA,NA,NA,NA,NA,NA,NA,NA
"CTCTGGTTCCCTAATT-500.1.1",NA,NA,NA,NA,63.315332883001,NA,NA,NA,NA,NA,NA,NA,NA
"CTCTGGTTCTGGTTCC-500.1.1",NA,NA,NA,NA,NA,41.6822792558912,NA,40.328604559337,NA,NA,NA,NA,NA
"CTGAAACAGTTCGCGC-500.1.1",33.2692662668333,32.3455248800165,34.4665956757492,34.79552173709,34.3753726240809,33.8913180740794,38.449646248095,34.1852955054257,NA,NA,NA,NA,NA
"CTGAAACCAAACCCAT-500.1.1",34.8860553151439,34.4524059756114,36.3392379410268,35.3105084093439,35.4677691628556,35.9764200939196,36.7287342872519,36.8765644914962,NA,NA,NA,NA,NA
"CTGAAACTCACTTATC-500.1.1",42.4784758506975,NA,NA,NA,NA,NA,NA,NA,NA,NA,NA,NA,NA
"CTGAAGTCACGGTGTC-500.1.1",NA,NA,NA,NA,NA,NA,NA,47.8408867390737,NA,NA,NA,NA,NA
"CTGAAGTGTAAGGGCT-500.1.1",NA,NA,NA,39.2015582189347,NA,NA,NA,NA,NA,NA,NA,NA,NA
"CTGAAGTGTCTCACCT-500.1.1",32.3925039382253,32.3691905224936,34.0768839238412,33.3113768838853,33.3014119411058,33.2396420499721,34.0920022589672,33.6266979590395,NA,NA,NA,NA,NA
"CTGAAGTGTTAAAGTG-500.1.1",31.3463083622942,31.9225646788481,32.7374473214243,32.2051659243759,32.2336545442975,32.4097358306589,33.0952543570771,32.6624803584491,NA,NA,NA,NA,NA
"CTGATAGCAAGTTGTC-500.1.1",NA,NA,NA,NA,36.2910372110058,NA,NA,NA,NA,NA,NA,NA,NA
"CTGATCCAGTACTTGC-500.1.1",30.2403848205624,NA,NA,NA,NA,NA,NA,NA,NA,NA,NA,NA,NA
"CTGATCCTCTTGCCGT-500.1.1",24.9775673694218,25.0270078298646,25.1261859819697,24.9946350388169,24.8349610780206,25.1519260915216,25.1321639038664,24.9400795003351,NA,NA,NA,NA,NA
"CTGCGGACAGGCTCAC-500.1.1",29.4254568413563,29.7892465940888,30.1577723199292,29.6471439777254,29.5149350231413,29.6957860218556,29.6630318454981,29.5385235091293,NA,NA,NA,NA,NA
"CTGCGGACAGTAACGG-500.1.1",NA,NA,NA,NA,50.1784368571243,NA,NA,NA,NA,NA,NA,NA,NA
"CTGGTCTAGCTTTGGT-500.1.1",22.623602497338,22.7493526537215,22.9653348949639,22.8645353571002,22.6316153293391,22.8157270434266,22.8355346446393,22.7478688693225,NA,NA,NA,NA,NA
"CTGTGCTCATACTACG-500.1.1",NA,NA,NA,NA,NA,NA,NA,51.2281705932357,NA,NA,NA,NA,NA
"CTGTGCTTCGGTGTCG-500.1.1",NA,NA,NA,NA,NA,46.3563275025262,NA,45.5163915919935,NA,NA,NA,NA,NA
"CTTAACTCAGATCCAT-500.1.1",NA,NA,NA,NA,NA,NA,49.1410948724021,NA,NA,NA,NA,NA,NA
"CTTACCGGTCCGTTAA-500.1.1",NA,NA,NA,NA,42.0300757254841,NA,NA,NA,NA,NA,NA,NA,NA
"CTTAGGAGTCGCATCG-500.1.1",NA,NA,NA,40.9029947975221,NA,NA,NA,NA,NA,NA,NA,NA,NA
"CTTAGGAGTGTGGCTC-500.1.1",30.1938667546649,29.4425705923899,30.3993798861855,30.4824796177832,29.9501075243161,30.008458385436,31.1496685790906,30.087325989736,NA,NA,NA,NA,NA
"CTTCTCTAGTTAAGTG-500.1.1",41.3596484455779,NA,NA,NA,NA,NA,NA,NA,NA,NA,NA,NA,NA
"CTTGGCTGTGTCGCTG-500.1.1",15.8059465322192,NA,NA,NA,NA,NA,NA,NA,NA,NA,NA,NA,NA
"CTTTGCGGTTACGGAG-500.1.1",NA,NA,25.5332859293692,NA,NA,NA,NA,NA,NA,NA,NA,NA,NA
"GAAACTCAGATCCCGC-500.1.1",NA,NA,NA,NA,NA,55.9607648809887,NA,NA,NA,NA,NA,NA,NA
"GAAACTCGTTAAGATG-500.1.1",NA,NA,NA,NA,NA,NA,40.8282116132906,NA,NA,NA,NA,NA,NA
"GAAATGACACCTCGTT-500.1.1",35.9147132870209,33.8456050141651,37.4953976697655,35.6522797694255,34.5598277958639,37.2766580496549,36.9763550115307,37.6803348764523,NA,NA,NA,NA,NA
"GAAATGAGTCTCTTTA-500.1.1",24.2128433198747,NA,NA,NA,24.8508734012913,NA,NA,NA,NA,NA,NA,NA,NA
"GAACATCCATATGGTC-500.1.1",32.6929205324425,31.6473787812739,33.6025458712414,32.5617196431819,31.9712551953695,34.6286486423711,33.7981777541657,33.3077241150554,NA,NA,NA,NA,NA
"GAACATCGTTACGTCA-500.1.1",NA,NA,NA,NA,NA,NA,NA,58.7473611573722,NA,NA,NA,NA,NA
"GAACCTAAGGATGCGT-500.1.1",NA,NA,NA,NA,NA,NA,NA,42.5256488177536,NA,NA,NA,NA,NA
"GAACCTAGTCCAAGTT-500.1.1",NA,NA,NA,NA,NA,NA,NA,59.9522891918723,NA,NA,NA,NA,NA
"GAACGGAAGGAGCGAG-500.1.1",20.9503304837963,NA,NA,NA,NA,NA,NA,NA,NA,NA,NA,NA,NA
"GAACGGACAGTAGAGC-500.1.1",NA,NA,NA,NA,NA,NA,NA,42.7051334538706,NA,NA,NA,NA,NA
"GAACGGACAGTGACAG-500.1.1",NA,NA,47.5349929129802,NA,NA,NA,NA,NA,NA,NA,NA,NA,NA
"GAACGGATCAACACAC-500.1.1",29.2837234317344,29.3576095186253,29.8186970425409,29.2713639985723,29.072252367645,29.5721612971093,29.6083619755894,29.4492014185457,NA,NA,NA,NA,NA
"GAAGCAGCAATGGTCT-500.1.1",NA,52.4284892042142,NA,NA,NA,NA,NA,NA,NA,NA,NA,NA,NA
"GAATGAAAGAGCTATA-500.1.1",22.7985798360385,22.8370124078713,22.8969866698094,22.8155437982851,22.6701762174525,23.0765880969456,22.8469245296785,22.7727557288412,NA,NA,NA,NA,NA
"GAATGAAAGTGCGATG-500.1.1",NA,34.8734424329871,36.3392379410268,36.2088691555379,35.6565892361401,36.9025351090712,37.6138726073895,37.6803348764523,NA,NA,NA,NA,NA
"GACAGAGAGGGTGTGT-500.1.1",NA,35.3570080204282,NA,NA,NA,NA,NA,NA,NA,NA,NA,NA,NA
"GACAGAGCATGCAATC-500.1.1",35.0734293804137,24.6405600427918,25.4383231254511,25.6137094220494,24.2662028874976,24.9064131961922,24.8445449580884,40.1813296884637,NA,NA,NA,NA,NA
"GACAGAGGTCCAACTA-500.1.1",NA,NA,NA,NA,NA,NA,NA,47.1046139964073,NA,NA,NA,NA,NA
"GACCAATGTTTGCATG-500.1.1",NA,NA,NA,NA,NA,NA,NA,43.6493882822936,NA,NA,NA,NA,NA
"GACCTGGAGGTGCTTT-500.1.1",32.9070818507987,NA,NA,NA,NA,NA,NA,NA,NA,NA,NA,NA,NA
"GACCTGGCACAAGCCC-500.1.1",NA,NA,NA,NA,NA,46.3840026144732,NA,NA,NA,NA,NA,NA,NA
"GACGCGTGTTGCCTCT-500.1.1",NA,NA,NA,NA,NA,41.9045251544068,40.1920034173158,40.5332288126942,NA,NA,NA,NA,NA
"GACGTGCAGTCGTACT-500.1.1",29.4721211003302,30.6744274691325,30.7078269325354,30.3659495593055,30.4433283476271,30.498861123626,30.8170925319865,30.494012564102,NA,NA,NA,NA,NA
"GACGTGCCAACACCTA-500.1.1",NA,NA,NA,NA,NA,50.5793048158338,NA,NA,NA,NA,NA,NA,NA
"GACGTGCCAGATTGCT-500.1.1",NA,NA,50.4391036904586,NA,NA,NA,NA,NA,NA,NA,NA,NA,NA
"GACGTGCTCCCACTTG-500.1.1",NA,NA,NA,47.6667470624872,NA,NA,NA,NA,NA,NA,NA,NA,NA
"GACGTGCTCGCTAGCG-500.1.1",NA,NA,39.1478714154178,NA,NA,NA,NA,NA,NA,NA,NA,NA,NA
"GACGTTAAGCAGCGTA-500.1.1",NA,NA,NA,NA,NA,32.0992663578797,NA,NA,NA,NA,NA,NA,NA
"GACTAACAGGACAGAA-500.1.1",NA,NA,NA,NA,NA,45.3835351680424,NA,NA,NA,NA,NA,NA,NA
"GACTACACAGACAAAT-500.1.1",NA,NA,NA,NA,NA,NA,NA,47.0660562261902,NA,NA,NA,NA,NA
"GACTGCGTCAATCACG-500.1.1",27.9296744837067,NA,NA,NA,NA,NA,NA,NA,NA,NA,NA,NA,NA
"GAGCAGAGTGATGTCT-500.1.1",NA,NA,NA,48.8354961484318,NA,NA,NA,NA,NA,NA,NA,NA,NA
"GAGCAGATCCGTAGGC-500.1.1",NA,NA,NA,NA,51.6509482732052,NA,NA,NA,NA,NA,NA,NA,NA
"GAGGTGACACGTTGGC-500.1.1",41.1763064263577,NA,NA,NA,NA,NA,NA,NA,NA,NA,NA,NA,NA
"GAGTCCGAGCACCGTC-500.1.1",NA,37.9424419918381,NA,NA,NA,NA,NA,NA,NA,NA,NA,NA,NA
"GAGTCCGGTGTCTGAT-500.1.1",NA,NA,38.8654145504773,NA,NA,NA,NA,NA,NA,NA,NA,NA,NA
"GATCGATAGAGGTTGC-500.1.1",NA,NA,NA,NA,35.609147390715,NA,NA,NA,NA,NA,NA,NA,NA
"GATCGATCACAGACAG-500.1.1",37.6684731464435,NA,NA,NA,NA,NA,NA,NA,NA,NA,NA,NA,NA
"GATCGATCACTTCTGC-500.1.1",NA,NA,53.0195968952932,NA,NA,NA,NA,NA,NA,NA,NA,NA,NA
"GATCGATGTCGCATAT-500.1.1",NA,NA,NA,NA,NA,47.1197068052257,NA,47.6217140799533,NA,NA,NA,NA,NA
"GATCGCGTCTCTAGGA-500.1.1",NA,NA,44.3711360969677,NA,NA,NA,NA,NA,NA,NA,NA,NA,NA
"GATCGTAAGCTAACTC-500.1.1",NA,NA,NA,NA,49.9972340378279,NA,NA,NA,NA,NA,NA,NA,NA
"GATGAAAAGTCAAGGC-500.1.1",NA,NA,NA,NA,NA,NA,NA,50.3385581697358,NA,NA,NA,NA,NA
"GATGAAACAAAGCAAT-500.1.1",NA,NA,NA,NA,NA,45.7385092718907,NA,NA,NA,NA,NA,NA,NA
"GATGAAACACAAGTAA-500.1.1",35.2042016358978,33.6574418754214,36.7973236247946,35.9790869877761,35.6565892361401,35.9362037766696,37.0106004972599,36.8043306166702,NA,NA,NA,NA,NA
"GATGAGGAGGATGTAT-500.1.1",36.1403894972521,NA,NA,NA,NA,NA,NA,NA,NA,NA,NA,NA,NA
"GATGAGGCAAGTTCTG-500.1.1",NA,NA,NA,NA,NA,NA,NA,44.8586576530954,NA,NA,NA,NA,NA
"GATGCTAAGAGTACCG-500.1.1",NA,NA,NA,NA,NA,NA,NA,44.2357257406396,NA,NA,NA,NA,NA
"GATGCTAGTCAACATC-500.1.1",NA,NA,NA,NA,40.0362569128434,NA,NA,NA,NA,NA,NA,NA,NA
"GATGCTATCCCATTAT-500.1.1",NA,NA,NA,42.9114995812867,NA,NA,NA,NA,NA,NA,NA,NA,NA
"GATTCAGAGCACCGTC-500.1.1",34.4090613539629,34.5679685330058,36.0146695792926,34.749639790108,34.9558547600068,35.9687142935071,36.470095964908,36.1833446562665,NA,NA,NA,NA,NA
"GCAAACTCAATGAAAC-500.1.1",NA,NA,38.7265238847237,NA,NA,NA,NA,NA,NA,NA,NA,NA,NA
"GCAAACTCATGGATGG-500.1.1",24.9655853404051,24.8236570907688,24.9204489819409,24.9165670096412,24.373109372423,25.2179860779631,24.6907302398854,24.7607003153769,NA,NA,NA,NA,NA
"GCAAACTTCACCTCGT-500.1.1",44.3138756483554,NA,NA,NA,NA,NA,NA,NA,NA,NA,NA,NA,NA
"GCAATCACAGATTGCT-500.1.1",23.9838987358963,23.981172746362,23.9911681677812,23.9556199204898,23.8141078161239,23.949059443461,24.0013028304248,23.9394985267285,NA,NA,NA,NA,NA
"GCACATATCGGCGCAT-500.1.1",NA,NA,48.1344502915832,NA,NA,NA,NA,NA,NA,NA,NA,NA,NA
"GCACTCTAGCGTGTCC-500.1.1",NA,NA,NA,26.3828154479329,NA,NA,NA,NA,NA,NA,NA,NA,NA
"GCACTCTGTAAGGATT-500.1.1",NA,40.5156873443262,NA,NA,NA,NA,NA,NA,NA,NA,NA,NA,NA
"GCACTCTGTATAGGGC-500.1.1",30.5778771369066,30.6469512422224,31.2733319002963,31.4810878056694,30.965024141124,31.028833778895,33.5245046650083,31.1662525030002,NA,NA,NA,NA,NA
"GCACTCTGTCCATCCT-500.1.1",31.4348200119657,NA,NA,NA,NA,NA,NA,NA,NA,NA,NA,NA,NA
"GCACTCTGTTCGTTGA-500.1.1",NA,NA,NA,NA,NA,32.9397063625019,NA,NA,NA,NA,NA,NA,NA
"GCACTCTTCGGAATCT-500.1.1",NA,NA,NA,NA,NA,NA,NA,45.5163915919935,NA,NA,NA,NA,NA
"GCACTCTTCGTCCGTT-500.1.1",NA,NA,40.3180259532574,NA,NA,40.7499324895448,39.7912854459725,39.8365152561355,NA,NA,NA,NA,NA
"GCAGTTAGTACTCAAC-500.1.1",NA,NA,NA,NA,NA,NA,NA,38.5758837672794,NA,NA,NA,NA,NA
"GCATACAAGGTAGCTG-500.1.1",NA,NA,NA,NA,47.7571914626326,NA,NA,NA,NA,NA,NA,NA,NA
"GCATACATCCGTCATC-500.1.1",NA,NA,NA,NA,NA,38.8438783042674,NA,NA,NA,NA,NA,NA,NA
"GCATGATAGAGGGATA-500.1.1",NA,NA,NA,25.9753890355936,NA,NA,NA,NA,NA,NA,NA,NA,NA
"GCATGATAGTAGGCCA-500.1.1",NA,NA,NA,NA,47.0365800713039,NA,NA,NA,NA,NA,NA,NA,NA
"GCCTCTACATGCCTAA-500.1.1",NA,NA,NA,NA,NA,NA,54.0380717857445,NA,NA,NA,NA,NA,NA
"GCGCAACCAGGCTCAC-500.1.1",27.5303233558593,NA,NA,NA,NA,NA,NA,NA,NA,NA,NA,NA,NA
"GCGCAACGTTTGTGTG-500.1.1",50.176193526677,NA,NA,NA,NA,NA,NA,NA,NA,NA,NA,NA,NA
"GCGCGATAGGACCACA-500.1.1",31.3463083622942,32.0416188839654,32.4847354382266,31.5511699565786,31.3692412984572,33.9127172423032,32.7012018215528,32.3501691165086,NA,NA,NA,NA,NA
"GCGCGATCAAGTTCTG-500.1.1",NA,NA,NA,NA,NA,36.3305135899856,NA,NA,NA,NA,NA,NA,NA
"GCGCGATCAGGTTTCA-500.1.1",NA,NA,39.5697332095112,NA,NA,40.7174250528742,39.0371281148992,39.6795426525163,NA,NA,NA,NA,NA
"GCGCGATCATAGGATA-500.1.1",NA,NA,50.7837024000558,NA,NA,NA,NA,NA,NA,NA,NA,NA,NA
"GCGCGATTCCTATTCA-500.1.1",30.5778771369066,31.8810725120924,31.9588878869677,31.4172835821165,31.802218272439,31.6250044868042,32.3588600808406,31.7123328609311,NA,NA,NA,NA,NA
"GCGGGTTGTTAAAGAC-500.1.1",31.4547759624385,31.4736519321789,32.3172236616663,32.6254384082136,32.2625934276592,32.4971899704075,36.1279295865512,32.399246999468,NA,NA,NA,NA,NA
"GCTCCTAAGGAGTCTG-500.1.1",24.8239750204329,NA,NA,NA,NA,NA,NA,NA,NA,NA,NA,NA,NA
"GCTCCTACAAGTAATG-500.1.1",38.5782680049395,NA,NA,NA,NA,40.9277310367868,39.7061172026294,40.4220780831881,NA,NA,NA,NA,NA
"GCTCTGTAGGATGGTC-500.1.1",NA,NA,NA,NA,NA,NA,NA,41.9337248198075,NA,NA,NA,NA,NA
"GCTCTGTAGTTGTCGT-500.1.1",22.5989914290373,22.6065547936413,22.7583102363499,22.5415093361621,22.623342045857,22.6866677880624,22.7534930628451,22.6908398718208,NA,NA,NA,NA,NA
"GCTGCGACAGCGAACA-500.1.1",NA,NA,23.2849007365029,NA,NA,NA,NA,NA,NA,NA,NA,NA,NA
"GCTGCGATCACGCGGT-500.1.1",42.983895686075,NA,NA,NA,NA,NA,NA,NA,NA,NA,NA,NA,NA
"GCTGGGTCAAGACGTG-500.1.1",NA,NA,NA,NA,35.034071385222,NA,NA,NA,NA,NA,NA,NA,NA
"GCTGGGTCACACAGAG-500.1.1",NA,NA,NA,NA,38.6465730641617,NA,NA,NA,NA,NA,NA,NA,NA
"GCTGGGTTCGCGGATC-500.1.1",NA,NA,41.8869339950545,NA,NA,NA,NA,NA,NA,NA,NA,NA,NA
"GCTTGAAAGTGGAGTC-500.1.1",NA,NA,NA,47.3083937201065,NA,NA,NA,NA,NA,NA,NA,NA,NA
"GCTTGAAAGTGGTCCC-500.1.1",35.8883581331715,33.1893146976639,37.008245578576,35.2502791728974,34.3516581109425,36.7916609844944,37.1445710614393,37.3509494793118,NA,NA,NA,NA,NA
"GCTTGAAGTGAGTATA-500.1.1",NA,NA,NA,NA,NA,51.7346964895979,NA,NA,NA,NA,NA,NA,NA
"GCTTGAAGTTGCGCAC-500.1.1",31.4093275325989,30.8051983662769,31.2951075586601,32.9398858168549,31.896239624633,31.8508358432624,37.4795584361239,32.0779668997383,NA,NA,NA,NA,NA
"GCTTGAATCCGTAGTA-500.1.1",29.1384599100297,NA,NA,NA,NA,NA,NA,NA,NA,NA,NA,NA,NA
"GGAAAGCAGTCTCGGC-500.1.1",NA,NA,NA,41.7083246074632,NA,NA,NA,NA,NA,NA,NA,NA,NA
"GGAAAGCCAATCTGCA-500.1.1",NA,NA,54.1579251838745,NA,NA,NA,NA,NA,NA,NA,NA,NA,NA
"GGAAAGCGTGCCTGCA-500.1.1",41.2427588651996,NA,NA,NA,NA,NA,NA,NA,NA,NA,NA,NA,NA
"GGAAAGCTCGGTCCGA-500.1.1",NA,43.1191691935054,NA,NA,NA,NA,NA,NA,NA,NA,NA,NA,NA
"GGAACTTTCATCTGTT-500.1.1",NA,NA,NA,NA,NA,53.1796488329573,NA,NA,NA,NA,NA,NA,NA
"GGACAAGGTTACGACT-500.1.1",34.4185636099338,NA,NA,NA,NA,NA,NA,NA,NA,NA,NA,NA,NA
"GGACAAGTCCAAATGC-500.1.1",NA,NA,NA,39.5601722704873,NA,NA,NA,NA,NA,NA,NA,NA,NA
"GGACAGATCCGTTGCT-500.1.1",NA,NA,NA,NA,NA,NA,NA,45.5163915919935,NA,NA,NA,NA,NA
"GGACATTAGCGATAGC-500.1.1",NA,22.2921725346439,NA,NA,NA,NA,NA,NA,NA,NA,NA,NA,NA
"GGACATTTCAGTGCAT-500.1.1",NA,NA,46.4484054527677,NA,NA,NA,NA,NA,NA,NA,NA,NA,NA
"GGACATTTCGTTTGCC-500.1.1",NA,NA,NA,37.0089343821688,NA,NA,NA,NA,NA,NA,NA,NA,NA
"GGACGTCGTGCTGTAT-500.1.1",NA,NA,NA,43.6990924401028,NA,NA,NA,NA,NA,NA,NA,NA,NA
"GGACGTCTCTAGCACA-500.1.1",NA,NA,NA,NA,NA,35.6692046678065,NA,NA,NA,NA,NA,NA,NA
"GGATTACTCTTAGCCC-500.1.1",NA,NA,36.7372139073179,NA,NA,38.0303526404902,36.8368076240809,36.7714727596734,NA,NA,NA,NA,NA
"GGCGACTAGGTAGCCA-500.1.1",31.3463083622942,31.9826460200775,32.9760433052974,32.2051659243759,32.2336545442975,32.1741197639345,32.8919374589726,32.5042117281869,NA,NA,NA,NA,NA
"GGCGACTTCTTCGGTC-500.1.1",NA,NA,45.3737911197757,NA,NA,NA,NA,NA,NA,NA,NA,NA,NA
"GGCTCGATCAATAAGG-500.1.1",39.9943692612285,NA,NA,NA,NA,NA,NA,NA,NA,NA,NA,NA,NA
"GGCTGGTAGCCACGTC-500.1.1",19.4099719478893,19.7690417336184,19.4919623688871,19.70482222032,19.5252858585969,19.720070765511,19.662495211424,19.617568921914,NA,NA,NA,NA,NA
"GGCTGGTAGCGATATA-500.1.1",24.6170103693755,NA,24.4210380591297,24.4645242137645,24.617387886177,24.527610968823,NA,24.40928420812,NA,NA,NA,NA,NA
"GGGAATGCACCGAATT-500.1.1",NA,NA,50.7452028634789,NA,NA,NA,NA,NA,NA,NA,NA,NA,NA
"GGGACCTAGATCCCGC-500.1.1",25.1718172358685,25.6317847080714,25.5484334288227,25.3453899558957,25.2847827779547,25.5520834504744,25.6361098600462,25.4769975595897,NA,NA,NA,NA,NA
"GGGACCTGTGGGTCAA-500.1.1",NA,NA,NA,NA,NA,NA,NA,55.4560187463922,NA,NA,NA,NA,NA
"GGGACCTTCTACTATC-500.1.1",NA,NA,NA,NA,39.0870316919562,NA,NA,NA,NA,NA,NA,NA,NA
"GGGAGATAGTAGGCCA-500.1.1",35.1693180463794,NA,NA,NA,NA,NA,NA,NA,NA,NA,NA,NA,NA
"GGGAGATCATGCCCGA-500.1.1",NA,NA,NA,NA,NA,NA,NA,40.4575732389514,NA,NA,NA,NA,NA
"GGGCACTGTTACGCGC-500.1.1",29.1045866977377,NA,NA,30.3318822142742,NA,NA,NA,NA,NA,NA,NA,NA,NA
"GGGCATCGTCCGAACC-500.1.1",NA,NA,NA,NA,NA,33.7822122491713,NA,NA,NA,NA,NA,NA,NA
"GGGTTGCAGGTAGCCA-500.1.1",NA,NA,NA,NA,26.9195686337458,NA,NA,NA,NA,NA,NA,NA,NA
"GGGTTGCCATCAGTAC-500.1.1",33.1040931816958,32.9561841292641,34.7444500544815,33.9200530987125,33.9419332669832,34.0847586438595,35.2850415949311,34.8506704911154,NA,NA,NA,NA,NA
"GGGTTGCGTAGAGTGC-500.1.1",NA,31.1882580486687,36.8746334737785,32.4671249004942,30.7673267130461,33.8311602298028,31.8385059652902,31.8303801777431,NA,NA,NA,NA,NA
"GGGTTGCTCCCTCAGT-500.1.1",28.1689924378732,NA,NA,NA,NA,NA,NA,NA,NA,NA,NA,NA,NA
"GGGTTGCTCTGCAGTA-500.1.1",35.3504041840797,NA,NA,NA,NA,NA,NA,NA,NA,NA,NA,NA,NA
"GGTATTGCATGTTCCC-500.1.1",NA,NA,NA,NA,NA,33.8391455695461,NA,NA,NA,NA,NA,NA,NA
"GGTATTGGTGCACTTA-500.1.1",NA,NA,NA,NA,NA,NA,56.0571411992147,NA,NA,NA,NA,NA,NA
"GGTATTGTCAGGATCT-500.1.1",NA,NA,23.1969452005793,NA,NA,NA,NA,NA,NA,NA,NA,NA,NA
"GGTGAAGCAGTTAACC-500.1.1",8.45917893331808,8.45101803580845,8.37904406952202,8.36989567768884,8.51748224063345,8.53340465176747,8.42871726041832,8.43588235528777,8.57315475485423,8.54979467379952,8.52020175490298,8.61563390807591,8.58194005277828
"GGTGCGTCATAGTAAG-500.1.1",24.0861294300172,NA,NA,NA,NA,NA,NA,NA,NA,NA,NA,NA,NA
"GGTGTTATCAGGATCT-500.1.1",NA,NA,NA,NA,46.8394726009332,NA,NA,NA,NA,NA,NA,NA,NA
"GTAACTGGTTCTGTTT-500.1.1",14.5933017306455,14.6631067305447,14.8204922963316,14.6779813989425,14.5847765200076,14.6694888814356,14.6436097961385,14.6395233341364,13.7179486611051,21.9036273068788,14.0544687219956,26.4726402894422,13.7811436936602
"GTACTCCGTCCCTACT-500.1.1",38.3774661119234,NA,NA,NA,NA,NA,NA,NA,NA,NA,NA,NA,NA
"GTACTTTGTAGAGCTG-500.1.1",NA,NA,53.6294972565208,NA,NA,NA,NA,NA,NA,NA,NA,NA,NA
"GTACTTTGTCAGGACA-500.1.1",NA,NA,NA,NA,NA,NA,NA,48.4222628518983,NA,NA,NA,NA,NA
"GTACTTTGTTATCCGA-500.1.1",25.5317694218142,25.7814222013084,25.8496670602365,25.6926804806748,25.738535693752,25.8390964618206,25.7856842860248,25.6951110666885,NA,NA,NA,NA,NA
"GTAGTCACAAGCGAGT-500.1.1",NA,NA,44.5447633256777,NA,NA,NA,NA,NA,NA,NA,NA,NA,NA
"GTATTCTTCTGCAGTA-500.1.1",NA,NA,46.6739674669564,NA,NA,NA,NA,NA,NA,NA,NA,NA,NA
"GTCAAGTGTACTTGAC-500.1.1",30.9619948195515,31.4986383756909,32.3336529346668,31.7091063736887,31.3692412984572,31.6004617884997,31.9083715838039,31.578162623751,NA,NA,NA,NA,NA
"GTCATTTTCTCCCTGA-500.1.1",NA,NA,39.2001572926054,NA,NA,38.8113876051055,38.9966600490681,39.0339034072095,NA,NA,NA,NA,NA
"GTCCTCAAGGTGCAAC-500.1.1",NA,NA,NA,NA,NA,48.3995027794731,NA,48.3614362525754,NA,NA,NA,NA,NA
"GTCCTCAGTAGCTCCG-500.1.1",34.4936672788516,33.6271636839868,36.8633526412992,34.4140374872723,NA,37.6386118172014,36.6819321095927,36.1661062076549,NA,NA,NA,NA,NA
"GTCCTCAGTTGCCTCT-500.1.1",NA,NA,NA,NA,NA,27.3830076818988,NA,NA,NA,NA,NA,NA,NA
"GTCGGGTCACGCTTTC-500.1.1",NA,51.2056055008498,NA,NA,NA,NA,NA,NA,NA,NA,NA,NA,NA
"GTCGTAACATCCTTGC-500.1.1",NA,NA,NA,NA,51.0667232023303,NA,NA,NA,NA,NA,NA,NA,NA
"GTCTCGTTCTTGAGGT-500.1.1",NA,NA,NA,NA,NA,NA,48.5707905560127,NA,NA,NA,NA,NA,NA
"GTCTTCGTCGCTGATA-500.1.1",NA,NA,NA,29.4811253490126,NA,NA,NA,NA,NA,NA,NA,NA,NA
"GTGAAGGGTTATTCTC-500.1.1",33.9978290798242,33.6104349995797,35.3734803340584,34.0553876255565,33.5578925323395,35.6305077164952,36.1764878073538,36.195338023602,NA,NA,NA,NA,NA
"GTGCAGCGTGACGCCT-500.1.1",55.5607772858878,NA,NA,NA,NA,NA,NA,NA,NA,NA,NA,NA,NA
"GTGCAGCTCGTTACGA-500.1.1",NA,NA,NA,42.1099160095183,NA,NA,NA,NA,NA,NA,NA,NA,NA
"GTGCATATCTCGGACG-500.1.1",NA,NA,NA,NA,NA,NA,NA,39.4377479895826,NA,NA,NA,NA,NA
"GTGCTTCGTGATAAAC-500.1.1",NA,NA,38.3286674397398,37.1716954563069,NA,38.3663309354616,38.4119103177013,38.4367613999261,NA,NA,NA,NA,NA
"GTGCTTCGTTGCGTTA-500.1.1",46.9772831175265,NA,NA,NA,NA,NA,NA,NA,NA,NA,NA,NA,NA
"GTGCTTCTCCGCGTTT-500.1.1",34.3796707756995,NA,NA,NA,NA,NA,NA,NA,NA,NA,NA,NA,NA
"GTGGGTCAGGACTGGT-500.1.1",35.8650323423929,NA,NA,NA,NA,NA,NA,NA,NA,NA,NA,NA,NA
"GTGGGTCCAACACGCC-500.1.1",NA,NA,NA,NA,NA,49.4886605275716,NA,NA,NA,NA,NA,NA,NA
"GTGGGTCTCGTTACAG-500.1.1",NA,22.6959781272782,NA,NA,NA,NA,NA,NA,NA,NA,NA,NA,NA
"GTGTGCGAGGGTGTTG-500.1.1",NA,NA,NA,NA,NA,42.2272451170909,NA,NA,NA,NA,NA,NA,NA
"GTGTTAGAGGGTCTCC-500.1.1",NA,NA,NA,NA,45.0530500182907,NA,NA,NA,NA,NA,NA,NA,NA
"GTGTTAGTCAACTCTT-500.1.1",NA,NA,NA,NA,NA,NA,NA,59.1317595854007,NA,NA,NA,NA,NA
"GTGTTAGTCGTTACGA-500.1.1",34.2444934677995,33.1893146976639,35.9410711045112,34.1835704484646,34.001343176211,36.9119784885619,36.1496058064349,35.5563476376737,NA,NA,NA,NA,NA
"GTTAAGCAGTCAAGGC-500.1.1",25.5317694218142,NA,NA,NA,NA,NA,NA,NA,NA,NA,NA,NA,NA
"GTTAAGCCAACGCACC-500.1.1",35.5596122931895,33.6104349995797,36.8883427404661,35.7201527289681,35.2029501452849,36.5617973371254,37.7853421652692,37.7052152962692,NA,NA,NA,NA,NA
"GTTAAGCTCACAGGCC-500.1.1",NA,NA,NA,NA,NA,NA,NA,43.6937273562736,NA,NA,NA,NA,NA
"GTTACAGAGTGTACGG-500.1.1",NA,NA,NA,NA,NA,42.6714749813359,NA,42.044066838864,NA,NA,NA,NA,NA
"TAAACCGGTCTGCGGT-500.1.1",NA,NA,38.633203944238,NA,NA,36.802571854258,36.9591440839119,36.4592134257165,NA,NA,NA,NA,NA
"TAAGAGATCCAAGCCG-500.1.1",28.0523765083212,NA,NA,NA,NA,NA,NA,NA,NA,NA,NA,NA,NA
"TAAGCGTCAGTAAGAT-500.1.1",33.6530873691202,33.5752513483543,35.7614472924063,34.5490891024982,34.3753726240809,34.4812653692389,35.3521014378611,35.2341391812458,NA,NA,NA,NA,NA
"TAAGCGTGTAATTGGA-500.1.1",30.5001853306651,30.8100271012333,31.5230575660403,31.7846079718485,31.802218272439,31.2938051337552,33.1606493386451,31.1662525030002,NA,NA,NA,NA,NA
"TACACGATCCACTCCA-500.1.1",NA,NA,NA,NA,NA,NA,NA,38.9442094332949,NA,NA,NA,NA,NA
"TACAGTGAGTGTTAGA-500.1.1",34.5836069358227,33.1893146976639,36.4308755403365,34.7526961981498,34.6341728943467,35.2735926144782,36.1654772121199,35.981618215562,NA,NA,NA,NA,NA
"TACAGTGCAACTGGCC-500.1.1",NA,35.687327236991,NA,NA,NA,NA,NA,NA,NA,NA,NA,NA,NA
"TACCTATTCTCGGACG-500.1.1",NA,46.6634892481892,NA,NA,NA,NA,NA,NA,NA,NA,NA,NA,NA
"TACCTTAGTAGAGGAA-500.1.1",NA,39.5050294807974,NA,NA,NA,NA,NA,NA,NA,NA,NA,NA,NA
"TACCTTAGTGGTACAG-500.1.1",NA,NA,NA,NA,NA,NA,NA,41.3879520941255,NA,NA,NA,NA,NA
"TACGGTAAGAGTACAT-500.1.1",NA,42.4526667079562,NA,NA,NA,NA,NA,NA,NA,NA,NA,NA,NA
"TACGGTACATCCCATC-500.1.1",NA,56.3489426964973,NA,NA,NA,NA,NA,NA,NA,NA,NA,NA,NA
"TACGGTATCTTGTATC-500.1.1",NA,NA,NA,NA,34.3753726240809,NA,NA,NA,NA,NA,NA,NA,NA
"TACTCATAGCCACCTG-500.1.1",NA,NA,NA,NA,NA,NA,50.5127789247533,NA,NA,NA,NA,NA,NA
"TACTCATCACCAGGTC-500.1.1",NA,NA,NA,NA,NA,39.7911194487016,NA,NA,NA,NA,NA,NA,NA
"TACTCATTCTACTTAC-500.1.1",NA,NA,NA,NA,NA,34.7859408778463,NA,NA,NA,NA,NA,NA,NA
"TACTCGCTCAAGAAGT-500.1.1",NA,NA,NA,NA,NA,51.5566740989747,NA,NA,NA,NA,NA,NA,NA
"TAGACCACATGGGACA-500.1.1",NA,34.9208062611501,NA,NA,NA,NA,NA,NA,NA,NA,NA,NA,NA
"TAGACCATCTCGCATC-500.1.1",NA,NA,NA,NA,NA,50.2339530613237,NA,NA,NA,NA,NA,NA,NA
"TAGAGCTAGTATGACA-500.1.1",31.730836370074,NA,NA,NA,NA,NA,NA,NA,NA,NA,NA,NA,NA
"TAGAGCTGTCGTCTTC-500.1.1",NA,NA,NA,NA,NA,41.1269689504154,NA,39.5307913313686,NA,NA,NA,NA,NA
"TAGCCGGGTGAGTATA-500.1.1",26.2032460797362,26.0458278687679,26.2329623386647,26.3429637832827,25.9960559694799,26.0858535501173,26.1692369198613,26.0913403476967,NA,NA,NA,NA,NA
"TAGGCATGTATTAGCC-500.1.1",NA,NA,NA,NA,NA,NA,NA,47.0660562261902,NA,NA,NA,NA,NA
"TAGGCATTCATCTGCC-500.1.1",NA,NA,NA,NA,39.4796498531112,NA,NA,NA,NA,NA,NA,NA,NA
"TAGTGGTGTTTGGCGC-500.1.1",45.471215750877,NA,NA,NA,NA,NA,NA,NA,NA,NA,NA,NA,NA
"TAGTGGTTCAGTCAGT-500.1.1",NA,NA,NA,NA,NA,NA,47.6150432570058,NA,NA,NA,NA,NA,NA
"TAGTTGGAGGAGTAGA-500.1.1",NA,NA,NA,NA,NA,NA,46.7342574496406,NA,NA,NA,NA,NA,NA
"TAGTTGGTCGGTTCGG-500.1.1",NA,NA,NA,NA,NA,NA,39.8373964349665,NA,NA,NA,NA,NA,NA
"TATCAGGAGTGAACAT-500.1.1",NA,NA,NA,33.6192862689085,NA,NA,NA,NA,NA,NA,NA,NA,NA
"TATCAGGCATCAGTAC-500.1.1",46.0531271755249,NA,NA,NA,NA,48.0166833508082,NA,46.7216396492436,NA,NA,NA,NA,NA
"TATCTCAAGTACGCGA-500.1.1",NA,34.545021284304,NA,NA,NA,NA,NA,NA,NA,NA,NA,NA,NA
"TATCTCACACGGATAG-500.1.1",28.124125926915,NA,NA,NA,NA,NA,NA,NA,NA,NA,NA,NA,NA
"TATCTCAGTGATGTCT-500.1.1",NA,39.9261321567275,NA,NA,NA,NA,NA,NA,NA,NA,NA,NA,NA
"TATTACCGTCTCTTTA-500.1.1",29.5270757993915,30.6443097577063,30.8242501031546,30.3648508244161,30.4981192808473,30.4299030971132,30.8535332509315,30.4873209058386,NA,NA,NA,NA,NA
"TATTACCGTTATCACG-500.1.1",NA,NA,NA,NA,NA,NA,NA,45.6272859763838,NA,NA,NA,NA,NA
"TCACGAAAGTGCCAGA-500.1.1",26.3110841811748,26.1706860852779,26.313503216122,26.2653237934733,26.1135331719243,26.1934203460513,26.2318031823864,26.1225952472372,NA,NA,NA,NA,NA
"TCACGAACAATAAGCA-500.1.1",NA,NA,NA,NA,NA,49.8407029741266,NA,NA,NA,NA,NA,NA,NA
"TCACGAAGTAAGTGTA-500.1.1",NA,NA,NA,NA,NA,41.9560240376168,NA,NA,NA,NA,NA,NA,NA
"TCACGAATCCAGAAGG-500.1.1",NA,NA,NA,NA,NA,NA,NA,38.7407184052538,NA,NA,NA,NA,NA
"TCAGATGAGACTTGAA-500.1.1",55.0640634804213,NA,NA,NA,NA,NA,NA,NA,NA,NA,NA,NA,NA
"TCAGCAACACGAAATA-500.1.1",NA,NA,NA,25.6893900895147,NA,NA,NA,NA,NA,NA,NA,NA,NA
"TCAGCAATCGCAAGCC-500.1.1",53.6656770819549,NA,NA,NA,NA,NA,NA,NA,NA,NA,NA,NA,NA
"TCAGCTCAGAGTGAGA-500.1.1",NA,NA,NA,25.1415851374423,NA,NA,NA,NA,NA,NA,NA,NA,NA
"TCAGCTCCACACAGAG-500.1.1",NA,46.4111993808575,NA,NA,NA,NA,NA,NA,NA,NA,NA,NA,NA
"TCAGGATTCTTCCTTC-500.1.1",NA,NA,NA,NA,43.7147927394627,NA,NA,NA,NA,NA,NA,NA,NA
"TCAGGTACACATCCGG-500.1.1",21.7647777313689,NA,NA,NA,NA,NA,NA,NA,NA,NA,NA,NA,NA
"TCAGGTAGTCATCCCT-500.1.1",NA,NA,NA,NA,NA,NA,NA,44.0910224755518,NA,NA,NA,NA,NA
"TCCACACCACGGTAGA-500.1.1",50.5398821723352,NA,NA,NA,NA,NA,NA,NA,NA,NA,NA,NA,NA
"TCCCGATCACAACGTT-500.1.1",34.4496763368381,34.4155137902518,35.6423069775257,34.8661465342646,34.8410927467205,35.6692046678065,36.607339479643,36.6894784478743,NA,NA,NA,NA,NA
"TCGCGAGAGAAGGACA-500.1.1",NA,NA,NA,43.6264243434899,NA,NA,NA,NA,NA,NA,NA,NA,NA
"TCGCGAGGTCCGTTAA-500.1.1",NA,NA,NA,NA,NA,NA,NA,39.6694538779857,NA,NA,NA,NA,NA
"TCGGGACAGACTAGAT-500.1.1",28.7198970079874,29.3576095186253,29.5128699053881,29.2023485291044,29.1759174657818,29.6906166397772,29.5374125231101,29.1983204902155,NA,NA,NA,NA,NA
"TCGGTAAAGGCATTGG-500.1.1",44.1208157549775,NA,NA,NA,NA,NA,NA,NA,NA,NA,NA,NA,NA
"TCGGTAAGTCAAGCGA-500.1.1",NA,NA,NA,NA,35.8521916690665,NA,NA,NA,NA,NA,NA,NA,NA
"TCGTACCAGCGCCTTG-500.1.1",NA,NA,NA,26.2974049959234,NA,NA,NA,NA,NA,NA,NA,NA,NA
"TCGTACCAGGGATGGG-500.1.1",38.1676481262716,NA,NA,NA,NA,NA,NA,NA,NA,NA,NA,NA,NA
"TCGTACCCAGAAGCAC-500.1.1",NA,NA,NA,NA,42.4905639642266,NA,NA,NA,NA,NA,NA,NA,NA
"TCGTACCCATCCCATC-500.1.1",32.500300446848,32.7677169360001,34.3479314837746,33.4655948702301,33.51061862052,35.1097985630292,34.7442199216866,33.9504347487562,NA,NA,NA,NA,NA
"TCTATTGCAAGTACCT-500.1.1",NA,52.1641866270129,NA,NA,NA,NA,NA,NA,NA,NA,NA,NA,NA
"TCTCATACATTTGCTT-500.1.1",NA,NA,NA,NA,49.6186478155669,NA,NA,NA,NA,NA,NA,NA,NA
"TCTCATAGTGACGCCT-500.1.1",27.7366094727716,28.1158705892909,28.230903061905,27.9744899950232,28.0301083702923,28.0565701235906,28.3141308296493,27.9821706124356,NA,NA,NA,NA,NA
"TCTCATATCGTTACAG-500.1.1",NA,NA,38.4261799824373,NA,NA,NA,NA,NA,NA,NA,NA,NA,NA
"TCTCTAAGTAGCGATG-500.1.1",NA,NA,39.0634797014275,NA,NA,NA,NA,NA,NA,NA,NA,NA,NA
"TCTCTAAGTCATATCG-500.1.1",NA,NA,NA,NA,NA,NA,NA,46.4470880384649,NA,NA,NA,NA,NA
"TCTGAGAGTCAGTGGA-500.1.1",NA,NA,NA,NA,51.8870641029077,NA,NA,NA,NA,NA,NA,NA,NA
"TCTGAGAGTTCAGGCC-500.1.1",NA,NA,NA,26.9107187217927,NA,NA,NA,NA,NA,NA,NA,NA,NA
"TGAAAGACATGCATGT-500.1.1",NA,22.9203618889486,NA,NA,NA,NA,NA,NA,NA,NA,NA,NA,NA
"TGAAAGATCGAGGTAG-500.1.1",30.4657848415285,30.643523401918,31.4991172229132,31.6173071555023,31.5031639492229,31.2858664338592,33.5030800349027,31.4138442137382,NA,NA,NA,NA,NA
"TGACAACAGAACAACT-500.1.1",18.638986525797,NA,18.3216823963748,18.2755408475956,NA,NA,NA,NA,NA,NA,NA,NA,NA
"TGACAACAGCCCTAAT-500.1.1",NA,NA,NA,24.6382836670949,NA,NA,NA,NA,NA,NA,NA,NA,NA
"TGACGGCCAGGATCGA-500.1.1",46.1984741113636,NA,NA,NA,NA,NA,NA,NA,NA,NA,NA,NA,NA
"TGACGGCCAGGGTTAG-500.1.1",NA,56.728679769425,NA,NA,NA,NA,NA,NA,NA,NA,NA,NA,NA
"TGACGGCTCTCGTTTA-500.1.1",NA,NA,NA,NA,NA,56.4469570730148,NA,NA,NA,NA,NA,NA,NA
"TGACTAGCATGTTGAC-500.1.1",NA,NA,NA,NA,39.368537510758,NA,NA,NA,NA,NA,NA,NA,NA
"TGACTAGTCTGCGGCA-500.1.1",NA,NA,NA,NA,NA,41.1354217472238,40.1182782078931,40.0879080527682,NA,NA,NA,NA,NA
"TGACTTTAGGTGTGGT-500.1.1",28.2686585732438,28.8605414479046,28.9242169546164,28.4659734916902,28.651781476791,28.8763452576742,28.7410806776513,28.517636671549,NA,NA,NA,NA,NA
"TGACTTTAGTGAACAT-500.1.1",33.2692662668333,32.5901451163678,35.1437846331652,33.922939354901,34.126898563113,34.1590605782095,35.1969806471334,34.4430993469328,NA,NA,NA,NA,NA
"TGAGCATCATGCCTTC-500.1.1",18.5824523146078,NA,NA,NA,NA,NA,NA,NA,NA,NA,NA,NA,NA
"TGAGCCGAGGGCATGT-500.1.1",NA,NA,NA,NA,NA,NA,NA,38.8446211399296,NA,NA,NA,NA,NA
"TGATTTCAGGACAGAA-500.1.1",NA,NA,40.5979464735289,NA,NA,NA,NA,NA,NA,NA,NA,NA,NA
"TGATTTCGTGGTACAG-500.1.1",NA,NA,NA,NA,42.0636666864147,NA,NA,NA,NA,NA,NA,NA,NA
"TGCACCTTCATGCAAC-500.1.1",NA,NA,NA,NA,NA,NA,NA,43.3935036974082,NA,NA,NA,NA,NA
"TGCACCTTCTGAGTGT-500.1.1",NA,NA,NA,NA,NA,NA,NA,39.6694538779857,NA,NA,NA,NA,NA
"TGCCAAACAAGTAATG-500.1.1",45.5603386218975,NA,NA,NA,NA,NA,NA,NA,NA,NA,NA,NA,NA
"TGCCCATCACCGCTAG-500.1.1",NA,NA,NA,NA,NA,NA,NA,NA,NA,NA,NA,15.5548868555646,NA
"TGCCCTAGTGTGCGTC-500.1.1",NA,NA,NA,19.4297902837214,NA,NA,NA,NA,NA,NA,NA,NA,NA
"TGCCCTATCACTTATC-500.1.1",28.6550151869585,29.3576095186253,29.5550203017086,29.2299540491746,29.1759174657818,29.2502912512144,29.5374125231101,29.1492765566621,NA,NA,NA,NA,NA
"TGCGCAGTCAGCTTAG-500.1.1",NA,39.1853861681998,NA,NA,NA,NA,NA,NA,NA,NA,NA,NA,NA
"TGCGGGTGTGGTGTAG-500.1.1",NA,NA,NA,NA,NA,NA,NA,47.2297999475993,NA,NA,NA,NA,NA
"TGCGTGGAGTGTTTGC-500.1.1",31.3463083622942,31.6030227470456,32.3196082617675,31.7846079718485,31.8529330974629,32.1560787090542,32.808207960046,32.4841582481239,NA,NA,NA,NA,NA
"TGCGTGGTCCCAACGG-500.1.1",NA,NA,NA,NA,40.6079202275442,NA,NA,NA,NA,NA,NA,NA,NA
"TGCTACCAGTGTGGCA-500.1.1",34.5742700679134,34.0313971196623,35.8737172451628,34.8301298823727,34.6864217443202,37.6386118172014,36.571189973671,36.4403660309954,NA,NA,NA,NA,NA
"TGCTACCGTGTGCCTG-500.1.1",NA,NA,NA,25.9189716443688,NA,NA,NA,NA,NA,NA,NA,NA,NA
"TGCTACCTCTATCCCG-500.1.1",30.6725480548545,31.5960033371339,31.9249384771842,31.3637173741172,31.4688640087831,31.7006689105746,32.1227784573644,31.9890859575846,NA,NA,NA,NA,NA
"TGCTACCTCTGGTATG-500.1.1",NA,NA,NA,NA,33.3195879931953,NA,NA,NA,NA,NA,NA,NA,NA
"TGCTGCTGTAGGAGTC-500.1.1",NA,NA,41.9148146936414,NA,NA,NA,NA,NA,NA,NA,NA,NA,NA
"TGCTGCTGTCTCCATC-500.1.1",NA,NA,NA,44.870905744686,NA,NA,NA,NA,NA,NA,NA,NA,NA
"TGCTGCTTCTGTCCGT-500.1.1",27.8813774341452,28.2300130057101,28.4356988456108,28.1590897471852,28.0134520491298,28.233735108127,28.2513843796295,28.1848427774426,NA,NA,NA,NA,NA
"TGGACGCCAGTATGCT-500.1.1",NA,NA,NA,NA,NA,NA,NA,44.3088361062311,NA,NA,NA,NA,NA
"TGGCGCAAGAAGGTGA-500.1.1",NA,NA,36.0544630404544,NA,NA,NA,NA,NA,NA,NA,NA,NA,NA
"TGGGAAGAGACTCGGA-500.1.1",NA,NA,NA,48.2617091514535,NA,NA,NA,NA,NA,NA,NA,NA,NA
"TGGGAAGGTCTAGTGT-500.1.1",NA,NA,NA,NA,NA,NA,NA,41.7817167502541,NA,NA,NA,NA,NA
"TGGGCGTGTGATAAAC-500.1.1",NA,NA,NA,34.599604403357,NA,NA,NA,NA,NA,NA,NA,NA,NA
"TGGGCGTGTGTCAATC-500.1.1",NA,NA,NA,NA,NA,NA,NA,43.5785434555135,NA,NA,NA,NA,NA
"TGGTTAGAGAGAACAG-500.1.1",35.5072695155886,34.0313971196623,37.1350956344294,35.9790869877761,35.4116895098116,36.064330403347,37.343977018241,36.8768286836218,NA,NA,NA,NA,NA
"TGGTTAGAGGCATGTG-500.1.1",36.7365143117029,NA,NA,NA,NA,NA,NA,NA,NA,NA,NA,NA,NA
"TGGTTCCCACATTAGC-500.1.1",29.0406216260316,30.0532383834887,29.8876184085951,29.6706529366731,29.786693945073,29.9081166203546,29.9626658268866,29.5060024365701,NA,NA,NA,NA,NA
"TGGTTCCCACTAAGTC-500.1.1",30.0548364784333,29.0523863231347,32.4984918555359,29.1838601916948,28.9226166698574,30.2200811543097,29.0441437437706,29.1918920192845,NA,NA,NA,NA,NA
"TGGTTCCGTATCTGCA-500.1.1",NA,NA,NA,NA,NA,45.5177082132221,NA,45.4640771083107,NA,NA,NA,NA,NA
"TGTATTCTCGGATGTT-500.1.1",NA,NA,37.2518916906552,NA,NA,39.1421657713935,38.1893157105651,37.9683456142942,NA,NA,NA,NA,NA
"TGTCCCAGTTCGGGCT-500.1.1",NA,NA,NA,NA,NA,NA,NA,41.5573913165596,NA,NA,NA,NA,NA
"TGTGGTACACCCATGG-500.1.1",NA,NA,NA,NA,NA,NA,54.9949976535464,NA,NA,NA,NA,NA,NA
"TGTGGTACAGTAAGCG-500.1.1",NA,NA,43.8772397401208,NA,NA,NA,NA,NA,NA,NA,NA,NA,NA
"TGTGGTAGTTCTCATT-500.1.1",NA,NA,NA,NA,NA,NA,42.6283857827533,NA,NA,NA,NA,NA,NA
"TGTGGTATCAGTCAGT-500.1.1",NA,NA,NA,NA,40.782340957509,NA,NA,NA,NA,NA,NA,NA,NA
"TGTGTTTGTTGAGGTG-500.1.1",16.8855923681256,17.6877572180703,17.4436050711218,17.5420718174898,17.2976496303456,17.4421505697854,17.6145891425267,17.4702846765344,NA,NA,NA,NA,NA
"TGTTCCGCAATCTACG-500.1.1",NA,NA,NA,NA,NA,41.9045251544068,NA,NA,NA,NA,NA,NA,NA
"TTAACTCTCTCTAAGG-500.1.1",31.730836370074,31.9225646788481,33.1403832725073,31.816948912169,32.230666501796,34.4263190909159,33.3045958812851,32.8088089540147,NA,NA,NA,NA,NA
"TTAACTCTCTTAGCCC-500.1.1",NA,NA,NA,NA,NA,NA,NA,38.0804194539923,NA,NA,NA,NA,NA
"TTAGGACTCAGAGGTG-500.1.1",32.1155382921936,32.5029759964596,34.3163018766754,33.151935216387,33.092724055323,33.6881449946872,34.1263889253474,33.6199279338129,NA,NA,NA,NA,NA
"TTATGCTAGCTACCGC-500.1.1",NA,NA,NA,NA,NA,NA,50.7254032339853,NA,NA,NA,NA,NA,NA
"TTATGCTGTCACTGGC-500.1.1",NA,51.8893624384143,NA,NA,NA,NA,NA,NA,NA,NA,NA,NA,NA
"TTCGAAGCACACCGAC-500.1.1",NA,NA,NA,NA,NA,NA,NA,44.7155307579136,NA,NA,NA,NA,NA
"TTCGAAGCATTGGCGC-500.1.1",30.1124054944751,NA,NA,NA,NA,NA,NA,NA,NA,NA,NA,NA,NA
"TTCGAAGGTATTACCG-500.1.1",32.1155382921936,32.1082776363664,33.9439175305724,32.2051659243759,31.9628754352297,34.8765938949282,33.8174617714532,33.227151875461,NA,NA,NA,NA,NA
"TTCGAAGGTTACCAGT-500.1.1",NA,NA,NA,29.2604877361131,NA,NA,NA,NA,NA,NA,NA,NA,NA
"TTCGGTCTCTCTGCTG-500.1.1",NA,NA,NA,NA,46.334282040336,NA,NA,NA,NA,NA,NA,NA,NA
"TTCTACACATAAAGGT-500.1.1",40.4297251018449,NA,NA,NA,NA,NA,NA,NA,NA,NA,NA,NA,NA
"TTCTCAAAGTCATGCT-500.1.1",NA,48.6152325538109,NA,NA,NA,NA,NA,NA,NA,NA,NA,NA,NA
"TTCTCAACATGTTGAC-500.1.1",25.4629426557497,NA,NA,NA,NA,NA,NA,NA,NA,NA,NA,NA,NA
"TTCTTAGCACAAGCCC-500.1.1",38.0941170318415,NA,NA,NA,NA,NA,NA,NA,NA,NA,NA,NA,NA
"TTCTTAGGTCAAACTC-500.1.1",30.4732203862597,NA,NA,NA,NA,NA,NA,NA,NA,NA,NA,NA,NA
"TTCTTAGTCTCACATT-500.1.1",NA,NA,NA,NA,50.2784494343362,NA,NA,NA,NA,NA,NA,NA,NA
"TTGAACGCACACGCTG-500.1.1",31.6768810503255,31.6975323693238,33.1403832725073,31.7846079718485,31.7731259944698,33.4926147716032,33.1127865365942,32.399246999468,NA,NA,NA,NA,NA
"TTGCCGTCATCCAACA-500.1.1",NA,NA,NA,NA,NA,41.4680983674728,NA,NA,NA,NA,NA,NA,NA
"TTGCGTCCAAAGTCAA-500.1.1",27.095136695142,27.6098172132583,27.5725979312521,27.2409259554003,27.376689781958,27.5226602816321,27.7658275183345,27.4258383519111,NA,NA,NA,NA,NA
"TTGCGTCGTCACACGC-500.1.1",NA,NA,NA,NA,NA,NA,NA,NA,NA,NA,NA,NA,35.9545137856117
"TTTGCGCGTACCATCA-500.1.1",36.0312381582526,NA,NA,NA,NA,NA,NA,NA,NA,NA,NA,NA,NA
"TTTGCGCTCTCTGCTG-500.1.1",NA,NA,NA,NA,NA,NA,NA,45.1289722544556,NA,NA,NA,NA,NA
"TTTGGTTCAATGGATA-500.1.1",36.4837195223236,NA,37.7692287510384,36.2085458874518,NA,38.9844715692747,37.9287785181136,38.2319215741449,NA,NA,NA,NA,NA
"TTTGTCAAGCCAGGAT-500.1.1",NA,NA,NA,NA,NA,35.0983148112856,NA,NA,NA,NA,NA,NA,NA
"TTTGTCAAGGTGGGTT-500.1.1",NA,NA,NA,NA,56.1494004454549,NA,NA,NA,NA,NA,NA,NA,NA
"AAACCTGGTACCATCA-500.1.2",NA,NA,NA,NA,NA,NA,NA,44.354047149122,NA,NA,NA,NA,NA
"AAACCTGGTAGCCTCG-500.1.2",NA,NA,NA,NA,NA,37.9652182217088,NA,NA,NA,NA,NA,NA,NA
"AAACCTGGTTCGTGAT-500.1.2",NA,NA,40.6636529833136,NA,NA,NA,NA,NA,NA,NA,NA,NA,NA
"AAAGATGCATACTACG-500.1.2",NA,NA,NA,NA,NA,NA,NA,40.7928951171298,NA,NA,NA,NA,NA
"AAAGATGGTATTCTCT-500.1.2",NA,NA,NA,44.9662977310535,NA,NA,NA,NA,NA,NA,NA,NA,NA
"AAAGCAATCCCTAACC-500.1.2",32.8849422575952,32.9195254260337,34.3445239867385,33.4655948702301,32.813726593466,36.064330403347,35.2239472205537,34.4430993469328,NA,NA,NA,NA,NA
"AAAGTAGAGTAATCCC-500.1.2",52.2155071925018,NA,NA,NA,NA,NA,NA,NA,NA,NA,NA,NA,NA
"AACGTTGAGATCCCGC-500.1.2",NA,NA,NA,NA,NA,NA,NA,53.2845930268781,NA,NA,NA,NA,NA
"AACGTTGTCAGCGATT-500.1.2",NA,58.6172219280817,NA,NA,NA,NA,NA,NA,NA,NA,NA,NA,NA
"AACGTTGTCGTCCGTT-500.1.2",NA,NA,NA,NA,NA,NA,NA,46.6786414899053,NA,NA,NA,NA,NA
"AACTCAGAGTGTACGG-500.1.2",29.4254568413563,NA,NA,NA,NA,NA,NA,NA,NA,NA,NA,NA,NA
"AACTCCCTCATTGCGA-500.1.2",NA,NA,NA,28.4901566257706,NA,NA,NA,NA,NA,NA,NA,NA,NA
"AACTGGTGTTTGTTTC-500.1.2",NA,NA,NA,NA,NA,54.7390163797313,NA,NA,NA,NA,NA,NA,NA
"AAGCCGCTCCTTTCGG-500.1.2",NA,NA,NA,NA,55.4654780684108,NA,NA,NA,NA,NA,NA,NA,NA
"AAGGCAGGTATAATGG-500.1.2",30.9619948195515,31.8056352391761,32.5048185949363,31.7866916028271,31.802218272439,32.0992663578797,32.7054156166209,32.3716943241904,NA,NA,NA,NA,NA
"ACATCAGCACCATGTA-500.1.2",35.4846504075877,NA,NA,NA,NA,NA,NA,NA,NA,NA,NA,NA,NA
"ACATCAGCAGAAGCAC-500.1.2",NA,NA,NA,NA,NA,NA,NA,47.2937872756298,NA,NA,NA,NA,NA
"ACATGGTAGAGTGACC-500.1.2",NA,NA,56.7216433247542,NA,NA,NA,NA,NA,NA,NA,NA,NA,NA
"ACATGGTTCTCGTTTA-500.1.2",45.4480737280348,NA,NA,NA,NA,NA,NA,NA,NA,NA,NA,NA,NA
"ACCAGTAGTCAAACTC-500.1.2",NA,NA,NA,NA,51.1356420553474,NA,NA,NA,NA,NA,NA,NA,NA
"ACCAGTATCTGTTTGT-500.1.2",29.2555174198432,30.6430757722017,30.5643367523121,30.0975211119956,30.4235724342121,30.498861123626,30.8077701027655,30.3387087984737,NA,NA,NA,NA,NA
"ACCCACTAGTCGATAA-500.1.2",30.9619948195515,31.9225646788481,32.8368313243607,31.7846079718485,31.3692412984572,31.8075758268472,32.4779689024769,32.0617849026375,NA,NA,NA,NA,NA
"ACGATACGTGGTAACG-500.1.2",NA,NA,NA,NA,NA,NA,NA,43.3931128981604,NA,NA,NA,NA,NA
"ACGCCAGCAACACCTA-500.1.2",NA,33.0140747316318,NA,NA,NA,NA,NA,NA,NA,NA,NA,NA,NA
"ACTATCTTCACTGGGC-500.1.2",31.8797714897777,NA,NA,NA,NA,NA,NA,NA,NA,NA,NA,NA,NA
"ACTGAACCAAGTTAAG-500.1.2",NA,NA,48.5880942768531,NA,NA,NA,NA,NA,NA,NA,NA,NA,NA
"ACTGTCCTCAGAGGTG-500.1.2",43.1680333732712,NA,NA,NA,NA,NA,NA,NA,NA,NA,NA,NA,NA
"ACTTACTCACTTCGAA-500.1.2",NA,NA,NA,NA,NA,NA,NA,45.1905121053431,NA,NA,NA,NA,NA
"ACTTACTCAGCCAATT-500.1.2",26.7629447776025,NA,NA,NA,NA,NA,NA,NA,NA,NA,NA,NA,NA
"ACTTGTTCAAGCCGTC-500.1.2",25.5698800944986,NA,NA,NA,NA,NA,NA,NA,NA,NA,NA,NA,NA
"AGAATAGAGCCGATTT-500.1.2",NA,NA,NA,26.071066121521,NA,NA,NA,NA,NA,NA,NA,NA,NA
"AGACGTTAGTGAAGTT-500.1.2",25.7189934255599,NA,NA,NA,NA,NA,NA,NA,NA,NA,NA,NA,NA
"AGAGCTTCACCGAATT-500.1.2",30.1938667546649,31.0758568536786,31.6721467642579,30.9423054759629,31.1143073233696,31.0837454406299,31.7321105159423,31.191489379674,NA,NA,NA,NA,NA
"AGAGTGGTCAAGAAGT-500.1.2",NA,NA,43.7852343195749,NA,NA,NA,NA,NA,NA,NA,NA,NA,NA
"AGATTGCCACCTATCC-500.1.2",NA,NA,NA,NA,NA,NA,54.7346361830393,NA,NA,NA,NA,NA,NA
"AGCATACCACATTAGC-500.1.2",NA,NA,NA,NA,NA,NA,54.3106299480081,NA,NA,NA,NA,NA,NA
"AGCGGTCCACCGTTGG-500.1.2",NA,NA,NA,NA,50.7182944959753,NA,NA,NA,NA,NA,NA,NA,NA
"AGCGGTCGTCTTGATG-500.1.2",NA,NA,NA,NA,NA,NA,41.2388200487596,NA,NA,NA,NA,NA,NA
"AGCGGTCGTCTTGCGG-500.1.2",NA,NA,NA,NA,NA,NA,NA,40.0640162386571,NA,NA,NA,NA,NA
"AGCGTCGAGCAGACTG-500.1.2",34.7999440629309,NA,NA,NA,NA,NA,NA,NA,NA,NA,NA,NA,NA
"AGCTCTCAGTCCTCCT-500.1.2",32.8849422575952,NA,NA,NA,NA,NA,NA,NA,NA,NA,NA,NA,NA
"AGGCCACCACAGATTC-500.1.2",31.9937014007777,NA,NA,NA,NA,NA,NA,NA,NA,NA,NA,NA,NA
"AGGGAGTCAAATTGCC-500.1.2",NA,51.6315149225173,NA,NA,NA,NA,NA,NA,NA,NA,NA,NA,NA
"AGGGAGTCACCAGTTA-500.1.2",31.3463083622942,31.9225646788481,33.5418828739744,32.2287441194911,32.4745015106624,33.2914059012173,33.3045958812851,32.399246999468,NA,NA,NA,NA,NA
"AGGGATGTCTATGTGG-500.1.2",NA,NA,NA,NA,NA,NA,47.470821091588,NA,NA,NA,NA,NA,NA
"AGGTCCGTCCCAACGG-500.1.2",46.7756882317465,NA,NA,NA,NA,NA,NA,NA,NA,NA,NA,NA,NA
"AGTTGGTAGATCCGAG-500.1.2",NA,20.667559593959,NA,NA,NA,NA,NA,NA,NA,NA,NA,NA,NA
"ATAACGCTCTCGATGA-500.1.2",NA,NA,NA,47.5833368257299,NA,NA,NA,NA,NA,NA,NA,NA,NA
"ATAAGAGCATGCAATC-500.1.2",NA,NA,NA,NA,NA,47.4924299698398,NA,NA,NA,NA,NA,NA,NA
"ATAAGAGGTTTACTCT-500.1.2",NA,48.7150150520403,NA,NA,NA,NA,NA,NA,NA,NA,NA,NA,NA
"ATCGAGTAGAGTCGGT-500.1.2",NA,NA,NA,NA,NA,NA,NA,40.1736948446048,NA,NA,NA,NA,NA
"ATCGAGTAGCCCGAAA-500.1.2",NA,NA,38.7455059181555,NA,NA,NA,NA,NA,NA,NA,NA,NA,NA
"ATCTACTCAAGTAGTA-500.1.2",NA,NA,NA,NA,NA,42.4224278096559,42.070385643244,41.4328405098724,NA,NA,NA,NA,NA
"ATGCGATTCCAGATCA-500.1.2",45.6557430329206,NA,NA,NA,NA,NA,NA,NA,NA,NA,NA,NA,NA
"ATTACTCCAGCAGTTT-500.1.2",NA,NA,NA,NA,NA,NA,NA,NA,21.2871746907291,14.4929473402072,13.886934034811,13.0661824249948,13.8839763768205
"ATTCTACGTCACTGGC-500.1.2",NA,NA,32.9257299215734,NA,NA,NA,NA,NA,NA,NA,NA,NA,NA
"ATTGGACCAAGCGCTC-500.1.2",NA,NA,NA,38.6671962234525,NA,NA,NA,NA,NA,NA,NA,NA,NA
"ATTGGTGCACAAGTAA-500.1.2",17.5324183044895,NA,NA,NA,NA,NA,NA,NA,NA,NA,NA,NA,NA
"ATTTCTGCACTGAAGG-500.1.2",NA,NA,NA,NA,NA,42.3463510382098,41.0143105830811,41.2971951636557,NA,NA,NA,NA,NA
"ATTTCTGTCGAGAGCA-500.1.2",41.3926341182262,NA,NA,NA,NA,NA,NA,NA,NA,NA,NA,NA,NA
"CAACCTCGTTAGAACA-500.1.2",NA,NA,NA,23.094972203581,NA,NA,NA,NA,NA,NA,NA,NA,NA
"CAAGTTGCAGCTGGCT-500.1.2",NA,NA,NA,NA,NA,44.6221450224527,NA,43.1903682708358,NA,NA,NA,NA,NA
"CACACAAAGATATGGT-500.1.2",NA,NA,46.1046102798157,NA,NA,NA,NA,NA,NA,NA,NA,NA,NA
"CACCACTTCTGATTCT-500.1.2",NA,NA,NA,NA,NA,NA,47.3842562206099,NA,NA,NA,NA,NA,NA
"CACCTTGAGGTGTTAA-500.1.2",33.4638828469225,NA,NA,NA,NA,NA,NA,NA,NA,NA,NA,NA,NA
"CACTCCAAGGGCTTGA-500.1.2",NA,NA,52.3630880454715,NA,NA,NA,NA,NA,NA,NA,NA,NA,NA
"CACTCCATCGCGTTTC-500.1.2",NA,NA,NA,NA,NA,41.4641745853485,39.512291619952,39.716820204934,NA,NA,NA,NA,NA
"CAGAATCCACCTCGGA-500.1.2",NA,56.4686741877952,NA,NA,NA,NA,NA,NA,NA,NA,NA,NA,NA
"CAGAGAGAGCGATTCT-500.1.2",33.6728736707702,33.4625888576846,35.1437846331652,34.7293122673769,34.3443272357175,34.8776005643419,36.2770915665462,35.507834108949,NA,NA,NA,NA,NA
"CAGATCAAGCAGACTG-500.1.2",NA,NA,NA,NA,NA,51.7917572186174,NA,NA,NA,NA,NA,NA,NA
"CAGCATACACGTTGGC-500.1.2",NA,NA,NA,NA,NA,NA,NA,57.797900643615,NA,NA,NA,NA,NA
"CAGTAACCATCTGGTA-500.1.2",29.4254568413563,30.3476539574287,30.7078269325354,30.9423054759629,31.193028086155,30.1948002000223,31.6459722261401,30.3387087984737,NA,NA,NA,NA,NA
"CAGTCCTGTCTTCTCG-500.1.2",29.0406216260316,30.2189609620425,30.1982994112804,29.853818439673,30.0596504313521,29.6906166397772,30.3861070806172,29.9230525057493,NA,NA,NA,NA,NA
"CATATGGCAATCGGTT-500.1.2",33.828052350943,33.9663038836668,35.1437846331652,34.6676382261083,34.5680384415247,35.116078410098,36.0689050199664,35.7493193514053,NA,NA,NA,NA,NA
"CATATGGTCGCTAGCG-500.1.2",NA,NA,NA,NA,50.1260290281768,NA,NA,NA,NA,NA,NA,NA,NA
"CATCAAGCAAGCCCAC-500.1.2",NA,NA,NA,NA,NA,NA,NA,43.5291096735975,NA,NA,NA,NA,NA
"CATTATCTCCTCAACC-500.1.2",29.2032313263737,29.7892465940888,30.2280729028932,29.6742422595541,29.6620548689063,30.1671348967673,29.9626658268866,29.6681923279952,NA,NA,NA,NA,NA
"CATTCGCAGTAGGCCA-500.1.2",NA,NA,NA,NA,NA,NA,NA,59.6896174495748,NA,NA,NA,NA,NA
"CATTCGCTCACATAGC-500.1.2",45.4157173727379,NA,NA,NA,NA,NA,NA,NA,NA,NA,NA,NA,NA
"CCAATCCCAAGGACTG-500.1.2",29.8097964157112,30.6469512422224,30.9491296011621,30.351363071046,30.3950880273078,31.2049333119767,31.1680090860982,30.4293269720407,NA,NA,NA,NA,NA
"CCAATCCGTTCGCTAA-500.1.2",NA,NA,NA,NA,NA,44.9641100006615,NA,NA,NA,NA,NA,NA,NA
"CCACGGAGTGTTGAGG-500.1.2",NA,NA,55.1129496137127,NA,NA,NA,NA,NA,NA,NA,NA,NA,NA
"CCACGGATCCACGACG-500.1.2",NA,NA,NA,NA,NA,58.4144648865437,NA,NA,NA,NA,NA,NA,NA
"CCAGCGACAATTGCTG-500.1.2",NA,NA,38.1473300433617,NA,NA,NA,NA,NA,NA,NA,NA,NA,NA
"CCATTCGAGATGTGGC-500.1.2",32.8849422575952,33.1893146976639,34.4271985394618,33.5828784794722,33.2560840787089,34.1274758684196,34.9171513250436,34.4430993469328,NA,NA,NA,NA,NA
"CCATTCGTCGAACGGA-500.1.2",54.5086360722286,NA,NA,NA,NA,NA,NA,NA,NA,NA,NA,NA,NA
"CCCAGTTGTGCGCTTG-500.1.2",NA,NA,NA,51.1539061796394,NA,NA,NA,NA,NA,NA,NA,NA,NA
"CCCAGTTTCAATCACG-500.1.2",30.1938667546649,31.0734946514216,31.8517538449663,30.9662778582472,31.0008578520672,30.9006747047333,31.455334977729,31.1662525030002,NA,NA,NA,NA,NA
"CCCTCCTGTCCCGACA-500.1.2",NA,NA,NA,NA,NA,NA,NA,48.2283042902142,NA,NA,NA,NA,NA
"CCTACACGTGTGGTTT-500.1.2",NA,NA,NA,NA,NA,NA,NA,52.925611560175,NA,NA,NA,NA,NA
"CCTAGCTGTGGAAAGA-500.1.2",NA,NA,NA,NA,NA,NA,NA,40.1668719504771,NA,NA,NA,NA,NA
"CCTAGCTTCACGGTTA-500.1.2",NA,NA,NA,NA,NA,NA,NA,54.0002197082645,NA,NA,NA,NA,NA
"CCTCAGTTCTGGTTCC-500.1.2",NA,NA,NA,NA,NA,32.0992663578797,NA,NA,NA,NA,NA,NA,NA
"CCTCTGAGTTGTGGAG-500.1.2",NA,NA,NA,NA,NA,NA,NA,39.5074709046473,NA,NA,NA,NA,NA
"CCTTACGAGCGTAGTG-500.1.2",NA,NA,NA,NA,NA,NA,NA,45.8594966483208,NA,NA,NA,NA,NA
"CCTTTCTGTGACGGTA-500.1.2",34.2591820282131,NA,NA,NA,NA,NA,NA,NA,NA,NA,NA,NA,NA
"CGAACATAGACTAGGC-500.1.2",30.5778771369066,31.5085525340485,31.9504597057901,31.6785171820697,31.802218272439,31.699310050664,32.456538600109,31.9890859575846,NA,NA,NA,NA,NA
"CGAACATCAGAAGCAC-500.1.2",NA,NA,NA,18.95021435923,NA,NA,NA,NA,NA,NA,NA,NA,NA
"CGAGAAGCACAGGCCT-500.1.2",18.7244816782723,18.8405587072117,18.931989798387,18.9348598368397,18.6080184217603,18.8318825495396,18.8451154032271,18.8247424964674,NA,NA,NA,NA,NA
"CGCGGTACAGTCTTCC-500.1.2",NA,NA,NA,33.1619900754355,NA,NA,NA,NA,NA,NA,NA,NA,NA
"CGCGTTTAGAGCTTCT-500.1.2",NA,NA,NA,NA,NA,NA,NA,43.9664077819791,NA,NA,NA,NA,NA
"CGCGTTTCACGTGAGA-500.1.2",NA,53.1095032521208,NA,NA,NA,NA,NA,NA,NA,NA,NA,NA,NA
"CGCTATCCACAGTCGC-500.1.2",52.9324825789975,NA,NA,NA,NA,NA,NA,NA,NA,NA,NA,NA,NA
"CGGACACCATAAGACA-500.1.2",NA,NA,NA,NA,NA,53.9991828860349,NA,NA,NA,NA,NA,NA,NA
"CGGAGCTGTACCCAAT-500.1.2",NA,NA,NA,NA,58.9679041022203,NA,NA,NA,NA,NA,NA,NA,NA
"CGTAGCGTCAAACCGT-500.1.2",NA,NA,NA,NA,NA,40.7499324895448,39.0668590302701,39.5345723996329,NA,NA,NA,NA,NA
"CGTAGCGTCTTGTCAT-500.1.2",NA,NA,NA,NA,NA,NA,NA,41.1523505285784,NA,NA,NA,NA,NA
"CGTCAGGAGGCTAGCA-500.1.2",30.1938667546649,30.7046728653133,31.5230575660403,30.970595483413,31.0750376430695,30.7049184729928,31.3256416036139,31.0020064506444,NA,NA,NA,NA,NA
"CGTCAGGCAACGCACC-500.1.2",NA,NA,NA,NA,NA,NA,NA,42.9601263818471,NA,NA,NA,NA,NA
"CGTGTAAGTGCCTTGG-500.1.2",NA,NA,NA,NA,NA,NA,50.862368684415,NA,NA,NA,NA,NA,NA
"CGTGTCTGTAAGGGAA-500.1.2",NA,NA,NA,NA,36.2909747298294,NA,NA,NA,NA,NA,NA,NA,NA
"CGTTAGACAAGCGTAG-500.1.2",NA,NA,NA,NA,25.9960559694799,NA,NA,NA,NA,NA,NA,NA,39.9241227112141
"CTAATGGAGACTTTCG-500.1.2",29.4254568413563,30.8229063732578,31.0219338124564,30.5201812271223,30.5162058737519,30.4466421513745,30.8995412551917,30.5514092871637,NA,NA,NA,NA,NA
"CTACACCAGGCAGTCA-500.1.2",42.3888563373603,NA,NA,NA,NA,NA,NA,NA,NA,NA,NA,NA,NA
"CTACATTCATATGCTG-500.1.2",25.412752414864,NA,NA,NA,NA,NA,NA,NA,NA,NA,NA,NA,NA
"CTACCCAGTGGTAACG-500.1.2",38.7775682214525,NA,NA,NA,NA,NA,NA,NA,NA,NA,NA,NA,NA
"CTAGAGTCATCGGACC-500.1.2",NA,NA,38.4919861717058,NA,NA,39.4609327940736,39.1591129106084,39.0856111615318,NA,NA,NA,NA,NA
"CTCACACAGAAACGAG-500.1.2",NA,NA,37.5329582921705,NA,NA,NA,NA,NA,NA,NA,NA,NA,NA
"CTCGAAACACAGACTT-500.1.2",NA,NA,NA,NA,NA,NA,NA,NA,33.0398297225012,NA,NA,NA,NA
"CTCGGAGGTTTAGCTG-500.1.2",NA,NA,NA,NA,NA,NA,NA,41.2419583935306,NA,NA,NA,NA,NA
"CTCGGAGTCGGAATCT-500.1.2",NA,NA,NA,41.0978025428008,NA,NA,NA,NA,NA,NA,NA,NA,NA
"CTCTAATAGGATCGCA-500.1.2",NA,NA,NA,NA,48.4698571722841,NA,NA,NA,NA,NA,NA,NA,NA
"CTCTACGGTCGTGGCT-500.1.2",NA,NA,NA,46.0648651087092,NA,NA,NA,NA,NA,NA,NA,NA,NA
"CTGAAGTCACGCATCG-500.1.2",NA,NA,37.7801122110909,NA,NA,NA,NA,NA,NA,NA,NA,NA,NA
"CTGCTGTTCGGAGCAA-500.1.2",NA,NA,NA,NA,NA,44.5277092281225,NA,NA,NA,NA,NA,NA,NA
"CTGGTCTGTTATCCGA-500.1.2",NA,NA,NA,NA,NA,NA,45.948637541733,NA,NA,NA,NA,NA,NA
"CTGTTTACAGAAGCAC-500.1.2",NA,NA,50.1262421611202,NA,NA,NA,NA,NA,NA,NA,NA,NA,NA
"CTTCTCTGTCTTCTCG-500.1.2",NA,NA,46.6592373707092,NA,NA,NA,NA,NA,NA,NA,NA,NA,NA
"GAAATGATCTCTAAGG-500.1.2",NA,NA,NA,43.535313129961,NA,NA,NA,NA,NA,NA,NA,NA,NA
"GAACATCCATAGTAAG-500.1.2",28.9243913105593,NA,NA,NA,NA,NA,NA,NA,NA,NA,NA,NA,NA
"GAACGGAAGGCTAGAC-500.1.2",24.3384457548232,24.452341468866,24.4918814320449,24.3539386209812,24.1552230699296,24.3786804862554,24.4740350598295,24.40928420812,NA,NA,NA,NA,NA
"GACACGCTCCGAATGT-500.1.2",53.2479927871995,NA,NA,NA,NA,NA,NA,NA,NA,NA,NA,NA,NA
"GACGCGTCATGGTTGT-500.1.2",32.8201473971922,33.1893146976639,33.8846621929272,33.6845276184832,34.2220441431394,34.0058422738865,35.0993682039811,34.8506704911154,NA,NA,NA,NA,NA
"GACGCGTTCTTGGGTA-500.1.2",44.7985796531065,NA,NA,NA,NA,NA,NA,NA,NA,NA,NA,NA,NA
"GACGTGCCATAAAGGT-500.1.2",NA,63.4313850619984,NA,NA,NA,NA,NA,NA,NA,NA,NA,NA,NA
"GACTAACTCCAGTAGT-500.1.2",NA,NA,NA,NA,NA,NA,NA,43.5785434555135,NA,NA,NA,NA,NA
"GACTACAAGATCGATA-500.1.2",NA,NA,NA,NA,NA,NA,NA,40.8502030784324,NA,NA,NA,NA,NA
"GAGGTGAGTCTCCATC-500.1.2",NA,NA,NA,NA,NA,NA,NA,39.0518537077778,NA,NA,NA,NA,NA
"GATCAGTCAGCTGCAC-500.1.2",NA,NA,NA,NA,NA,NA,41.7787149351158,NA,NA,NA,NA,NA,NA
"GATCGCGCACACGCTG-500.1.2",NA,NA,NA,35.9752419167722,NA,NA,NA,NA,NA,NA,NA,NA,NA
"GATTCAGAGGAGTAGA-500.1.2",28.6550151869585,29.1731815407841,29.2798259848584,28.9774316553604,29.0790053898864,29.3623860506837,29.2732246157177,28.9860505799259,NA,NA,NA,NA,NA
"GATTCAGCAAACTGCT-500.1.2",30.9619948195515,31.9225646788481,32.3336529346668,31.7401688098637,31.5200726925103,32.0992663578797,32.4779689024769,31.9890859575846,NA,NA,NA,NA,NA
"GCAAACTTCCGCTGTT-500.1.2",51.7331593103865,NA,NA,NA,NA,NA,NA,NA,NA,NA,NA,NA,NA
"GCACTCTAGTTTAGGA-500.1.2",36.0232814575873,34.4379308405702,37.6545349509476,36.2623124017774,35.0863649543896,36.741773058059,37.314921457321,37.3876734822553,NA,NA,NA,NA,NA
"GCAGTTAGTTATGCGT-500.1.2",22.0684889461549,NA,NA,NA,NA,NA,NA,NA,NA,NA,NA,NA,NA
"GCAGTTATCCCACTTG-500.1.2",NA,NA,NA,NA,NA,NA,NA,43.2466574821737,NA,NA,NA,NA,NA
"GCATGCGGTTCACGGC-500.1.2",NA,NA,NA,NA,NA,45.0639823005024,NA,NA,NA,NA,NA,NA,NA
"GCGAGAATCCATGAGT-500.1.2",NA,NA,NA,29.122321336868,NA,NA,NA,NA,NA,NA,NA,NA,NA
"GCGCAACAGACCACGA-500.1.2",NA,NA,NA,NA,41.4852678152749,NA,NA,NA,NA,NA,NA,NA,NA
"GCGCAGTCACCAGGCT-500.1.2",NA,NA,NA,NA,NA,28.4671168387702,NA,NA,NA,NA,NA,NA,NA
"GCGCCAACAACACCTA-500.1.2",NA,NA,NA,NA,NA,NA,46.9155775037862,NA,NA,NA,NA,NA,NA
"GCGGGTTAGTCCATAC-500.1.2",NA,NA,NA,26.043432722942,NA,NA,NA,NA,NA,NA,NA,NA,NA
"GCGGGTTCACAGGCCT-500.1.2",34.4185636099338,33.6104349995797,36.6723572267209,34.8844811062228,34.5007023114827,35.4768851419871,36.571189973671,36.4295997023907,NA,NA,NA,NA,NA
"GCGGGTTGTTCTCATT-500.1.2",29.4254568413563,30.6469512422224,30.7078269325354,30.2198122023539,30.4981192808473,30.498861123626,31.0177584742196,30.3387087984737,NA,NA,NA,NA,NA
"GCTGCAGTCAAGCCTA-500.1.2",38.3784660695643,NA,NA,NA,NA,NA,NA,NA,NA,NA,NA,NA,NA
"GCTTGAACACCGATAT-500.1.2",31.5514194682567,31.9225646788481,33.1403832725073,32.7040172255019,32.4506537960813,32.4971899704075,33.2687208140924,32.6888739179112,NA,NA,NA,NA,NA
"GGAATAAAGAACAACT-500.1.2",NA,NA,NA,43.3116964272439,NA,NA,NA,NA,NA,NA,NA,NA,NA
"GGAATAAGTAGCGCTC-500.1.2",NA,NA,47.4925498010337,NA,NA,NA,NA,NA,NA,NA,NA,NA,NA
"GGCAATTAGAACTGTA-500.1.2",25.0806420839481,NA,NA,NA,NA,NA,NA,NA,NA,NA,NA,NA,NA
"GGCCGATAGGAGTCTG-500.1.2",NA,NA,NA,NA,NA,NA,NA,54.4712976537561,NA,NA,NA,NA,NA
"GGCCGATTCTGGCGTG-500.1.2",NA,NA,36.3392379410268,35.1431594119648,NA,37.7911379927496,36.9916888723422,36.5453301092978,NA,NA,NA,NA,NA
"GGCTCGACACAAGACG-500.1.2",NA,NA,NA,NA,NA,NA,NA,46.4803311751825,NA,NA,NA,NA,NA
"GGGAATGGTAGGGTAC-500.1.2",27.1513287162807,NA,NA,NA,NA,NA,NA,NA,NA,NA,NA,NA,NA
"GGGACCTCACACGCTG-500.1.2",NA,NA,NA,NA,NA,NA,NA,38.1388092178983,NA,NA,NA,NA,NA
"GGGCACTGTCTCATCC-500.1.2",NA,NA,NA,NA,NA,57.3290585234753,NA,NA,NA,NA,NA,NA,NA
"GGTATTGGTTGTCTTT-500.1.2",NA,36.3331558165884,NA,NA,NA,NA,NA,NA,NA,NA,NA,NA,NA
"GGTGAAGGTCATGCCG-500.1.2",45.0289970476905,NA,NA,NA,NA,NA,NA,NA,NA,NA,NA,NA,NA
"GGTGTTAAGGCCCGTT-500.1.2",NA,NA,NA,38.0519472302592,NA,NA,NA,NA,NA,NA,NA,NA,NA
"GTAACGTAGCCTATGT-500.1.2",31.4590588013498,31.8539672468796,33.1403832725073,32.6254384082136,32.4272115532788,32.1844872029372,32.9876486191892,32.399246999468,NA,NA,NA,NA,NA
"GTACGTAAGGGATGGG-500.1.2",NA,NA,NA,NA,NA,NA,NA,45.923188509829,NA,NA,NA,NA,NA
"GTAGGCCCATGTAAGA-500.1.2",33.2692662668333,33.4912795228279,35.1751525135007,33.8854070555706,34.0613512815043,34.8776005643419,35.3521014378611,35.2575995179132,NA,NA,NA,NA,NA
"GTAGTCAAGTGACATA-500.1.2",NA,33.1893146976639,34.5841770685062,NA,NA,34.0847586438595,NA,NA,NA,NA,NA,NA,NA
"GTATTCTTCCAGAGGA-500.1.2",26.7125909441602,26.7220952453319,26.9733872710984,26.6933856601762,26.4793253418958,26.8094428741068,26.8483600624669,26.6505734965603,NA,NA,NA,NA,NA
"GTCACAATCGAACGGA-500.1.2",NA,NA,NA,NA,NA,40.7499324895448,39.8037398826725,39.6694538779857,NA,NA,NA,NA,NA
"GTCCTCAGTCACAAGG-500.1.2",NA,NA,NA,NA,48.0427293154287,NA,NA,NA,NA,NA,NA,NA,NA
"GTGCAGCCACTTCTGC-500.1.2",NA,NA,NA,NA,NA,37.6386118172014,NA,NA,NA,NA,NA,NA,NA
"GTGTTAGAGAGGTAGA-500.1.2",NA,NA,NA,NA,NA,NA,52.9770173100303,NA,NA,NA,NA,NA,NA
"GTTAAGCGTGACGGTA-500.1.2",39.2922037845957,NA,NA,NA,NA,NA,NA,NA,NA,NA,NA,NA,NA
"GTTACAGAGCTAGTGG-500.1.2",NA,NA,NA,NA,NA,NA,NA,41.6329199083153,NA,NA,NA,NA,NA
"GTTCGGGAGATATACG-500.1.2",30.075934287026,31.0734946514216,31.1160531917394,30.9423054759629,31.0627282085248,30.9006747047333,31.6459722261401,31.1662525030002,NA,NA,NA,NA,NA
"TAAACCGAGATGGGTC-500.1.2",NA,NA,NA,37.6397319804552,NA,NA,NA,NA,NA,NA,NA,NA,NA
"TAAGAGAAGATGGCGT-500.1.2",NA,NA,NA,29.9811443223444,NA,NA,NA,NA,NA,NA,NA,NA,NA
"TAAGAGATCCTCTAGC-500.1.2",NA,NA,NA,NA,NA,NA,46.6637199208696,NA,NA,NA,NA,NA,NA
"TAAGTGCAGTACGATA-500.1.2",57.2286757848977,NA,NA,NA,NA,NA,NA,NA,NA,NA,NA,NA,NA
"TAAGTGCGTAGATTAG-500.1.2",NA,NA,NA,NA,NA,NA,NA,41.8224481181076,NA,NA,NA,NA,NA
"TACACGATCTTAGCCC-500.1.2",34.4185636099338,33.1893146976639,35.9728634634039,34.9161025523075,34.8024261438298,34.8935100936737,36.2322222628014,35.6637541491673,NA,NA,NA,NA,NA
"TACTCATAGTCAAGCG-500.1.2",19.1202107828961,19.7350558713572,19.286682312635,19.3487895704043,19.4760446039386,19.720070765511,19.5691235163103,19.481045718416,NA,NA,NA,NA,NA
"TACTTGTTCGCCGTGA-500.1.2",NA,NA,NA,NA,NA,43.7553479863044,NA,NA,NA,NA,NA,NA,NA
"TAGACCAGTCTGGTCG-500.1.2",27.0362066709793,NA,NA,NA,NA,NA,NA,NA,NA,NA,NA,NA,NA
"TAGGCATGTAAACGCG-500.1.2",34.3128532804666,33.6663263063965,36.5272614608559,34.7242891628504,NA,37.4817138804129,36.6392526289764,36.0712927329872,NA,NA,NA,NA,NA
"TAGTTGGCAGCCAATT-500.1.2",36.6739099977843,NA,NA,NA,NA,NA,NA,NA,NA,NA,NA,NA,NA
"TATCTCACAAGAGTCG-500.1.2",31.7306383219766,31.9225646788481,33.2013318938829,32.6254384082136,32.5133466079934,32.4971899704075,33.1224220594446,32.399246999468,NA,NA,NA,NA,NA
"TATCTCACAAGCTGTT-500.1.2",30.757482820783,NA,NA,NA,NA,NA,NA,NA,NA,NA,NA,NA,NA
"TATCTCATCTGCAGTA-500.1.2",NA,NA,NA,NA,63.7560226963006,NA,NA,NA,NA,NA,NA,NA,NA
"TATGCCCAGCATGGCA-500.1.2",NA,NA,NA,NA,NA,NA,NA,45.1289722544556,NA,NA,NA,NA,NA
"TCAACGAAGCGATATA-500.1.2",NA,NA,NA,NA,NA,NA,NA,48.0683279247528,NA,NA,NA,NA,NA
"TCAATCTAGATGTTAG-500.1.2",NA,NA,NA,NA,NA,28.151838418909,NA,NA,NA,NA,NA,NA,NA
"TCAGCAAAGACCTTTG-500.1.2",NA,NA,NA,NA,NA,45.7552243752633,NA,43.9664077819791,NA,NA,NA,NA,NA
"TCAGCTCTCGCGGATC-500.1.2",NA,NA,NA,NA,NA,NA,59.2328063334516,NA,NA,NA,NA,NA,NA
"TCAGGATAGCCGATTT-500.1.2",NA,57.3356609676435,NA,NA,NA,NA,NA,NA,NA,NA,NA,NA,NA
"TCATTTGCATTGTGCA-500.1.2",45.0110857803185,NA,NA,NA,NA,NA,NA,NA,NA,NA,NA,NA,NA
"TCCCGATCATCAGTCA-500.1.2",NA,NA,NA,NA,NA,NA,45.0495338293079,NA,NA,NA,NA,NA,NA
"TCGAGGCGTTCGTCTC-500.1.2",NA,NA,NA,NA,NA,50.8699539714771,NA,NA,NA,NA,NA,NA,NA
"TCGGTAAAGTGCGTGA-500.1.2",NA,NA,NA,43.2067893909626,NA,NA,NA,NA,NA,NA,NA,NA,NA
"TCGTAGACATTCCTGC-500.1.2",33.2692662668333,32.7677169360001,35.0524531663103,33.4655948702301,33.5068013388383,36.1376798360217,35.1140402157651,34.4430993469328,NA,NA,NA,NA,NA
"TGAGCATTCCACGTTC-500.1.2",33.1729015734629,33.1893146976639,34.9304093259099,33.4655948702301,33.7241366625851,36.064330403347,35.2646732934702,34.7477845931517,NA,NA,NA,NA,NA
"TGAGGGAAGAATTCCC-500.1.2",NA,NA,NA,NA,NA,41.5189976954414,NA,NA,NA,NA,NA,NA,NA
"TGAGGGAGTGGTACAG-500.1.2",42.9159794197238,NA,NA,NA,NA,NA,NA,NA,NA,NA,NA,NA,NA
"TGCCCATCAGCGATCC-500.1.2",30.2538107636244,30.962422024289,31.5230575660403,30.9882512354646,31.0045627765595,31.1970378169137,31.6438138995249,30.9286983548097,NA,NA,NA,NA,NA
"TGCGCAGCATACTACG-500.1.2",NA,NA,NA,28.2211145324079,NA,NA,NA,NA,NA,NA,NA,NA,NA
"TGCGCAGGTCTAGTCA-500.1.2",NA,NA,37.0594595944511,NA,NA,NA,NA,NA,NA,NA,NA,NA,NA
"TGCTACCCACAGACAG-500.1.2",31.4599653679103,NA,NA,NA,NA,NA,NA,NA,NA,NA,NA,NA,NA
"TGGCCAGAGGCTCAGA-500.1.2",46.029053229263,NA,NA,NA,NA,NA,NA,NA,NA,NA,NA,NA,NA
"TGGCCAGTCTTCTGGC-500.1.2",30.5778771369066,31.0734946514216,31.9314125225506,30.9423054759629,30.9345862902393,32.2893383591535,31.8037797623738,31.2190858910292,NA,NA,NA,NA,NA
"TGGCTGGAGATCCGAG-500.1.2",NA,NA,NA,29.968061385164,NA,NA,NA,NA,NA,NA,NA,NA,NA
"TGGCTGGAGATGCCAG-500.1.2",NA,NA,NA,NA,NA,37.2461032324645,NA,NA,NA,NA,NA,NA,NA
"TGTATTCAGTATCGAA-500.1.2",NA,NA,NA,NA,NA,40.3637520121198,NA,NA,NA,NA,NA,NA,NA
"TGTCCCAAGCCGATTT-500.1.2",NA,NA,NA,34.473602210335,NA,NA,NA,NA,NA,NA,NA,NA,NA
"TTAGGACAGTTGCAGG-500.1.2",NA,NA,NA,NA,NA,NA,NA,40.3444467327341,NA,NA,NA,NA,NA
"TTCGAAGAGTGTGAAT-500.1.2",NA,NA,NA,44.5110310050504,NA,NA,NA,NA,NA,NA,NA,NA,NA
"TTCGAAGTCTAACTTC-500.1.2",NA,NA,NA,NA,NA,52.0739512371902,NA,NA,NA,NA,NA,NA,NA
"TTCTCAAAGGCAAAGA-500.1.2",NA,NA,30.1166432564121,NA,NA,NA,NA,NA,NA,NA,NA,NA,NA
"TTCTCAACACAGACAG-500.1.2",NA,NA,NA,NA,NA,35.9108946741268,NA,NA,NA,NA,NA,NA,NA
"TTGAACGCAGATCGGA-500.1.2",NA,51.0875165396566,NA,NA,NA,NA,NA,NA,NA,NA,NA,NA,NA
"TTGCCGTTCCGAAGAG-500.1.2",NA,NA,NA,24.5939654716238,NA,NA,NA,NA,NA,NA,NA,NA,NA
"TTGGAACTCCTTCAAT-500.1.2",NA,NA,NA,NA,39.0250400779054,NA,NA,NA,NA,NA,NA,NA,NA
"TTTGGTTAGGTTACCT-500.1.2",NA,NA,NA,50.4436406681358,NA,NA,NA,NA,NA,NA,NA,NA,NA
"AAACCTGAGCACAGGT-500.1.3",NA,NA,NA,NA,37.6295487167246,NA,NA,NA,NA,NA,NA,NA,NA
"AAAGTAGGTCACTGGC-500.1.3",NA,NA,NA,NA,31.6067093818638,NA,NA,NA,NA,NA,NA,NA,NA
"AAATGCCCAATGGAAT-500.1.3",NA,NA,NA,NA,NA,NA,NA,41.7826426724678,NA,NA,NA,NA,NA
"AAGACCTTCGAGCCCA-500.1.3",NA,34.0313971196623,35.5426233943906,34.1090453772793,NA,36.8528619619934,36.1654772121199,35.5900058035927,NA,NA,NA,NA,NA
"AGCGTCGGTCCGTCAG-500.1.3",51.1801026502692,NA,NA,NA,NA,NA,NA,NA,NA,NA,NA,NA,NA
"AGCTTGACACAACTGT-500.1.3",NA,NA,NA,NA,NA,44.2007762109978,NA,42.9025237908947,NA,NA,NA,NA,NA
"AGCTTGATCAGGCAAG-500.1.3",NA,NA,NA,50.3843055186655,NA,NA,NA,NA,NA,NA,NA,NA,NA
"AGGCCACGTCAAGCGA-500.1.3",34.58736039632,NA,NA,NA,NA,NA,NA,NA,NA,NA,NA,NA,NA
"AGGGAGTCAGGTGGAT-500.1.3",NA,NA,NA,NA,37.1422959887228,NA,NA,NA,NA,NA,NA,NA,NA
"ATAACGCCACAGGAGT-500.1.3",NA,NA,NA,NA,NA,NA,NA,51.544494855737,NA,NA,NA,NA,NA
"ATCCGAAGTGCGATAG-500.1.3",NA,NA,NA,NA,NA,NA,NA,51.5750174289356,NA,NA,NA,NA,NA
"ATGAGGGTCGACGGAA-500.1.3",NA,NA,NA,NA,NA,55.865391548584,NA,NA,NA,NA,NA,NA,NA
"ATTGGTGTCATGGTCA-500.1.3",29.0839036770693,NA,NA,NA,NA,NA,NA,NA,NA,NA,NA,NA,NA
"CAAGATCAGCCACCTG-500.1.3",NA,NA,NA,NA,NA,NA,NA,45.723644355218,NA,NA,NA,NA,NA
"CACATTTCACGCCAGT-500.1.3",NA,NA,NA,NA,44.74261703921,NA,NA,NA,NA,NA,NA,NA,NA
"CACATTTTCATGCATG-500.1.3",NA,49.9696402699197,NA,NA,NA,NA,NA,NA,NA,NA,NA,NA,NA
"CAGAATCAGTTTAGGA-500.1.3",29.0406216260316,30.2189609620425,30.3699094749543,30.0975211119956,30.0862773252265,30.0955974494824,30.4676389634558,29.9230525057493,NA,NA,NA,NA,NA
"CAGAATCCAGACTCGC-500.1.3",29.4254568413563,30.2189609620425,30.7078269325354,30.9423054759629,30.8604673067827,30.3680944506199,31.9004572326721,30.3387087984737,NA,NA,NA,NA,NA
"CCACTACGTCGGCACT-500.1.3",NA,NA,NA,NA,NA,NA,53.6382018677714,NA,NA,NA,NA,NA,NA
"CCGGTAGCATGCGCAC-500.1.3",32.3623873625392,NA,NA,NA,NA,NA,NA,NA,NA,NA,NA,NA,NA
"CGACTTCGTTGTGGAG-500.1.3",33.4286821159763,NA,NA,NA,NA,NA,NA,NA,NA,NA,NA,NA,NA
"CGATGGCTCTGTTGAG-500.1.3",NA,NA,NA,29.1051351365443,NA,NA,NA,NA,NA,NA,NA,NA,NA
"CGCCAAGCAATGAATG-500.1.3",30.9454885534824,31.9225646788481,32.3336529346668,31.8340146917908,32.2336545442975,32.0405444040914,32.8305112209555,31.9890859575846,NA,NA,NA,NA,NA
"CGGACACGTGCAGGTA-500.1.3",NA,NA,NA,41.880553669672,NA,NA,NA,NA,NA,NA,NA,NA,NA
"CGGACGTTCAGTCAGT-500.1.3",NA,NA,NA,NA,52.1441234009681,NA,NA,NA,NA,NA,NA,NA,NA
"CGGAGCTCATCTATGG-500.1.3",NA,NA,NA,NA,51.2402779142731,NA,NA,NA,NA,NA,NA,NA,NA
"CGGCTAGCATGCGCAC-500.1.3",NA,NA,NA,NA,NA,43.0131940771031,NA,NA,NA,NA,NA,NA,NA
"CGTTGGGAGTGGGCTA-500.1.3",NA,NA,37.9308137747569,NA,NA,NA,NA,NA,NA,NA,NA,NA,NA
"CGTTGGGTCGACGGAA-500.1.3",50.7797527993882,NA,NA,NA,NA,NA,NA,NA,NA,NA,NA,NA,NA
"CTACATTAGGAGCGAG-500.1.3",NA,NA,NA,45.709887678808,NA,NA,NA,NA,NA,NA,NA,NA,NA
"CTAGTGAAGAGGGCTT-500.1.3",34.2442405946864,33.6104349995797,36.3392379410268,35.5027337319746,35.2294985887564,35.0833480579995,36.571189973671,35.6637541491673,NA,NA,NA,NA,NA
"CTCGAAAAGGTTACCT-500.1.3",NA,NA,NA,25.125290193065,NA,NA,NA,NA,NA,NA,NA,NA,NA
"CTCGAGGGTGAAATCA-500.1.3",NA,NA,46.3868340684512,NA,NA,NA,NA,NA,NA,NA,NA,NA,NA
"CTGATCCAGCTCCTTC-500.1.3",32.8269537607591,32.678457212772,34.3445239867385,33.2663159120756,33.4025165663213,34.855045653659,34.6179702710953,34.0350784584856,NA,NA,NA,NA,NA
"CTTACCGGTACATGTC-500.1.3",NA,NA,NA,NA,NA,NA,NA,40.7957100097464,NA,NA,NA,NA,NA
"GAAATGAGTCCAAGTT-500.1.3",37.1940006175296,NA,NA,NA,NA,NA,NA,NA,NA,NA,NA,NA,NA
"GAAATGAGTTACCGAT-500.1.3",NA,NA,37.6132334657263,NA,NA,NA,NA,NA,NA,NA,NA,NA,NA
"GACAGAGAGGCATGGT-500.1.3",NA,NA,NA,NA,NA,33.0387847808273,NA,NA,NA,NA,NA,NA,NA
"GACGTTACACGGCCAT-500.1.3",NA,NA,NA,NA,NA,37.1733995391135,NA,NA,NA,NA,NA,NA,NA
"GATCGTATCGCTAGCG-500.1.3",42.6694290976014,NA,NA,NA,NA,NA,NA,NA,NA,NA,NA,NA,NA
"GCACATAGTTAAAGTG-500.1.3",NA,NA,NA,NA,NA,56.1366397031017,NA,NA,NA,NA,NA,NA,NA
"GCAGCCAGTTGGTTTG-500.1.3",32.6580815218746,32.7677169360001,34.4300948676422,33.4655948702301,33.5637482984293,35.6167348401872,35.0466198016356,34.1564772232445,NA,NA,NA,NA,NA
"GCATACATCTGTTGAG-500.1.3",26.7303221997643,NA,NA,NA,NA,NA,NA,NA,NA,NA,NA,NA,NA
"GCTCCTAGTTTGACAC-500.1.3",23.514195767314,23.5376591807463,23.627950768367,23.5022661107064,23.4894564729424,23.6300270826717,23.6023615452511,23.550301264033,NA,NA,NA,NA,NA
"GCTTCCAGTGTGCCTG-500.1.3",32.7790367652292,33.1893146976639,34.7069616190703,33.8854070555706,34.3753726240809,33.7519155443927,35.1677539775428,34.4430993469328,NA,NA,NA,NA,NA
"GGCAATTAGTTGTAGA-500.1.3",NA,NA,NA,NA,NA,33.2134744462861,NA,NA,NA,NA,NA,NA,NA
"GGCGACTGTTGCTCCT-500.1.3",27.0713842897632,27.4244618974323,27.453262055128,27.2729555710248,27.2829259806674,27.2386167507263,27.4606375097749,27.2812838159315,NA,NA,NA,NA,NA
"GGGAATGTCTGATTCT-500.1.3",NA,NA,NA,NA,NA,NA,NA,48.1893280509345,NA,NA,NA,NA,NA
"GTAACTGAGACCTAGG-500.1.3",NA,NA,NA,NA,NA,NA,NA,38.1108515792823,NA,NA,NA,NA,NA
"GTACTTTTCGAGGTAG-500.1.3",10.7830430164583,10.9593383342441,10.826964123264,10.8706770765575,10.8760073050985,10.9009870745079,10.9044470363144,10.8699731621846,10.503669652593,10.7478010676571,10.7988951415202,10.7913562432812,10.5977469737736
"GTAGGCCAGCACCGTC-500.1.3",NA,NA,NA,NA,NA,NA,40.1187103466288,NA,NA,NA,NA,NA,NA
"GTAGTCATCGAATGCT-500.1.3",NA,NA,NA,NA,36.5393349214368,NA,NA,NA,NA,NA,NA,NA,NA
"GTCATTTCATGCCTTC-500.1.3",NA,NA,NA,41.3974243864716,NA,NA,NA,NA,NA,NA,NA,NA,NA
"GTTAAGCCAACTTGAC-500.1.3",NA,NA,NA,42.9712194520272,NA,NA,NA,NA,NA,NA,NA,NA,NA
"TAAACCGGTACCATCA-500.1.3",NA,NA,44.5256804262101,NA,NA,NA,NA,NA,NA,NA,NA,NA,NA
"TAAGCGTTCCTTTCTC-500.1.3",NA,NA,NA,NA,NA,NA,NA,46.3835976612054,NA,NA,NA,NA,NA
"TACAGTGTCGAATGCT-500.1.3",41.166134854058,NA,NA,NA,NA,NA,NA,NA,NA,NA,NA,NA,NA
"TACTCGCGTATTCTCT-500.1.3",NA,NA,NA,44.1113713410469,NA,NA,NA,NA,NA,NA,NA,NA,NA
"TACTTGTAGCGGATCA-500.1.3",29.9313944092247,NA,NA,NA,NA,NA,NA,NA,NA,NA,NA,NA,NA
"TAGACCAAGAAACGCC-500.1.3",33.8145496014605,34.4524059756114,35.5426233943906,34.554361014691,34.6914215751606,35.0691015060517,36.310936697547,35.9850432986527,NA,NA,NA,NA,NA
"TAGGCATCAACGCACC-500.1.3",15.6761840329808,15.3821600244662,15.3189731999053,15.4482326703363,15.2577466278411,15.373026598654,15.3720735366685,15.3652806184368,12.3060948017477,12.0142537982721,12.6017930816629,14.3823946371679,12.1725368489125
"TAGGCATCATGATCCA-500.1.3",NA,48.5004613462469,NA,NA,NA,NA,NA,NA,NA,NA,NA,NA,NA
"TAGTTGGAGACTTGAA-500.1.3",43.1371155896776,NA,NA,NA,NA,NA,NA,NA,NA,NA,NA,NA,NA
"TAGTTGGCACCGAATT-500.1.3",NA,NA,NA,NA,NA,42.9422080380028,41.0143105830811,41.5262420329258,NA,NA,NA,NA,NA
"TCAGGATTCACTCTTA-500.1.3",NA,NA,NA,NA,54.7323224974694,NA,NA,NA,NA,NA,NA,NA,NA
"TCCACACGTGTGACGA-500.1.3",NA,NA,NA,NA,NA,NA,NA,45.6954548075761,NA,NA,NA,NA,NA
"TCTGGAAGTCGAAAGC-500.1.3",30.7128233048639,31.367511961386,31.9620598344974,32.2051659243759,31.7662472193145,31.6391090626508,34.2013028845906,31.578162623751,NA,NA,NA,NA,NA
"TCTTTCCTCAGTTTGG-500.1.3",NA,NA,NA,NA,NA,NA,NA,41.2269562144851,NA,NA,NA,NA,NA
"TGCGGGTAGGATGGTC-500.1.3",NA,NA,42.7054653798331,NA,NA,NA,NA,NA,NA,NA,NA,NA,NA
"TGCGTGGTCGCCAAAT-500.1.3",NA,NA,46.8463660615816,NA,NA,NA,NA,NA,NA,NA,NA,NA,NA
"TGCTACCAGCGGATCA-500.1.3",27.8813774341452,28.689586719289,28.6612660058751,28.4004112185253,28.5500969563429,28.4671168387702,28.7757328198556,28.4236363228407,NA,NA,NA,NA,NA
"TGGCCAGCAAGTACCT-500.1.3",41.9228715026135,NA,NA,NA,NA,NA,NA,NA,NA,NA,NA,NA,NA
"TGTATTCGTAAAGGAG-500.1.3",NA,NA,NA,NA,45.9071930620396,NA,NA,NA,NA,NA,NA,NA,NA
"TTAGGCAAGTCGAGTG-500.1.3",19.0649570239331,NA,NA,NA,NA,NA,NA,NA,NA,NA,NA,NA,NA
"TTCCCAGGTCGGCACT-500.1.3",NA,NA,NA,NA,NA,NA,46.1224246116436,NA,NA,NA,NA,NA,NA
"TTCTACACATGGAATA-500.1.3",26.1982196487266,26.7220952453319,26.7107114709322,26.4588994450833,26.5986157589664,26.5557566524666,26.8301084449514,26.5493241214411,NA,NA,NA,NA,NA
"TTTATGCTCACTATTC-500.1.3",41.9228715026135,NA,NA,NA,NA,NA,NA,NA,NA,NA,NA,NA,NA
"TTTGTCAAGGGTTCCC-500.1.3",42.5187280407942,NA,NA,NA,NA,NA,NA,NA,NA,NA,NA,NA,NA
"AAACGGGTCGAATGGG-500.2.1",NA,NA,NA,NA,45.4801220581935,NA,NA,NA,NA,NA,NA,NA,NA
"AAAGCAAGTTCAGTAC-500.2.1",32.6214672080401,25.7994352618166,26.3250338812897,26.3212086826157,25.4405774700627,26.1237274508454,25.8571740809585,26.1754560287283,NA,NA,NA,NA,NA
"AAAGTAGTCAGGCAAG-500.2.1",NA,NA,NA,42.7552684066463,NA,NA,NA,NA,NA,NA,NA,NA,NA
"AAATGCCTCACAACGT-500.2.1",NA,NA,NA,NA,56.5249765311748,NA,NA,NA,NA,NA,NA,NA,NA
"AACACGTGTGCGGTAA-500.2.1",44.5358468712317,NA,NA,NA,NA,NA,NA,NA,NA,NA,NA,NA,NA
"AACCGCGTCTATCGCC-500.2.1",NA,NA,NA,NA,NA,NA,46.6526819704901,NA,NA,NA,NA,NA,NA
"AACTCAGAGATCACGG-500.2.1",NA,NA,NA,NA,48.3826783537002,NA,NA,NA,NA,NA,NA,NA,NA
"AACTCTTCAGCCTTTC-500.2.1",NA,NA,56.839900207372,NA,NA,NA,NA,NA,NA,NA,NA,NA,NA
"AACTCTTGTTGGACCC-500.2.1",NA,NA,NA,NA,52.5468482577406,NA,NA,NA,NA,NA,NA,NA,NA
"AAGCCGCCAACTGCTA-500.2.1",NA,NA,NA,NA,NA,NA,NA,43.1903682708358,NA,NA,NA,NA,NA
"AAGCCGCCATGTTGAC-500.2.1",NA,NA,NA,NA,NA,NA,55.8959740964413,NA,NA,NA,NA,NA,NA
"AATCGGTCAAACGTGG-500.2.1",NA,NA,NA,NA,63.1073164542678,NA,NA,NA,NA,NA,NA,NA,NA
"ACACCAAAGTCTTGCA-500.2.1",NA,NA,NA,NA,NA,NA,NA,50.5802144086846,NA,NA,NA,NA,NA
"ACACCAAGTAGCGATG-500.2.1",NA,NA,NA,NA,NA,54.6342136702514,NA,NA,NA,NA,NA,NA,NA
"ACACTGAAGGAATGGA-500.2.1",NA,62.1583673845703,NA,NA,NA,NA,NA,NA,NA,NA,NA,NA,NA
"ACAGCCGGTATTCGTG-500.2.1",49.6872707560885,NA,NA,NA,NA,NA,NA,NA,NA,NA,NA,NA,NA
"ACAGCTAAGTTAGCGG-500.2.1",NA,NA,NA,57.0459430219447,NA,NA,NA,NA,NA,NA,NA,NA,NA
"ACAGCTACACAGAGGT-500.2.1",35.9858938408031,NA,NA,NA,NA,NA,NA,NA,NA,NA,NA,NA,NA
"ACAGCTACACCACCAG-500.2.1",NA,NA,NA,NA,NA,NA,NA,54.5058239087606,NA,NA,NA,NA,NA
"ACATACGTCAACACGT-500.2.1",NA,NA,NA,48.086961495443,NA,NA,NA,NA,NA,NA,NA,NA,NA
"ACATCAGAGAAGGTTT-500.2.1",NA,NA,59.0324491807214,NA,NA,NA,NA,NA,NA,NA,NA,NA,NA
"ACATCAGTCCTTAATC-500.2.1",NA,NA,55.7074225133261,NA,NA,NA,NA,NA,NA,NA,NA,NA,NA
"ACATGGTCAAAGCGGT-500.2.1",40.7819609308021,NA,42.7861567684973,NA,NA,42.8549866382797,41.6839229332721,43.8939369850642,NA,NA,NA,NA,NA
"ACCAGTACAGTTAACC-500.2.1",34.1498404780862,28.6345438350539,29.6699804889878,30.3979396090185,29.261659355344,28.7750385595555,37.2380954897142,29.776796738486,NA,NA,NA,NA,NA
"ACCGTAATCTGGTATG-500.2.1",NA,NA,NA,NA,NA,57.5733897006938,NA,NA,NA,NA,NA,NA,NA
"ACGATGTAGCTATGCT-500.2.1",NA,NA,NA,NA,NA,NA,52.6353947581074,NA,NA,NA,NA,NA,NA
"ACGCAGCTCATTTGGG-500.2.1",NA,NA,56.0630924425654,NA,NA,NA,NA,NA,NA,NA,NA,NA,NA
"ACGCAGCTCCTGCCAT-500.2.1",NA,NA,58.3216487927435,NA,NA,NA,NA,NA,NA,NA,NA,NA,NA
"ACGGCCAGTATTAGCC-500.2.1",NA,NA,NA,NA,NA,NA,NA,49.6442517336917,NA,NA,NA,NA,NA
"ACGGGCTCAATCAGAA-500.2.1",NA,NA,NA,55.9310817219186,NA,NA,NA,NA,NA,NA,NA,NA,NA
"ACGGGCTGTCTAGTCA-500.2.1",NA,NA,56.7357016292743,NA,NA,NA,NA,NA,NA,NA,NA,NA,NA
"ACGGGCTTCAGCTCGG-500.2.1",NA,NA,NA,50.9499724456193,NA,NA,NA,NA,NA,NA,NA,NA,NA
"ACGGGTCCAGAGCCAA-500.2.1",NA,NA,NA,NA,NA,NA,NA,48.6904946215777,NA,NA,NA,NA,NA
"ACTATCTAGCTCCTCT-500.2.1",NA,NA,NA,NA,NA,NA,53.1816227262459,NA,NA,NA,NA,NA,NA
"ACTATCTCACAGCCCA-500.2.1",NA,NA,43.8257045318301,NA,NA,NA,NA,NA,NA,NA,NA,NA,NA
"ACTGAACGTCCGTGAC-500.2.1",NA,NA,NA,NA,NA,NA,59.7561624285717,NA,NA,NA,NA,NA,NA
"ACTGATGGTCTCACCT-500.2.1",NA,NA,NA,46.5996452622621,NA,NA,NA,NA,NA,NA,NA,NA,NA
"ACTGTCCGTGCAGGTA-500.2.1",NA,NA,NA,NA,62.8790502783488,NA,NA,NA,NA,NA,NA,NA,NA
"ACTTACTAGGGTCTCC-500.2.1",NA,63.7566516307983,NA,NA,NA,NA,NA,NA,NA,NA,NA,NA,NA
"ACTTACTGTTCACCTC-500.2.1",NA,NA,NA,40.2956387971388,NA,NA,NA,NA,NA,NA,NA,NA,NA
"ACTTACTTCTGCCAGG-500.2.1",NA,NA,NA,NA,NA,NA,NA,44.0657181875702,NA,NA,NA,NA,NA
"ACTTGTTTCTTGTCAT-500.2.1",19.381128116281,19.6155280642949,19.4534871305497,19.5805648614861,19.5033966477981,19.5891127114958,19.6210188823015,19.5566559969127,NA,NA,NA,NA,NA
"AGACGTTTCGCCCTTA-500.2.1",NA,62.1297429524347,NA,NA,NA,NA,NA,NA,NA,NA,NA,NA,NA
"AGAGCGATCAGGCAAG-500.2.1",45.250772557962,NA,NA,NA,NA,NA,NA,NA,NA,NA,NA,NA,NA
"AGAGCTTTCACAGTAC-500.2.1",24.9181420978874,NA,24.3724936107663,NA,NA,NA,NA,NA,NA,NA,NA,NA,NA
"AGAGTGGAGGTGCAAC-500.2.1",NA,NA,NA,34.5997133763338,NA,NA,NA,NA,NA,NA,NA,NA,NA
"AGAGTGGGTCCTAGCG-500.2.1",NA,53.4173180585655,NA,NA,NA,NA,NA,NA,NA,NA,NA,NA,NA
"AGATCTGAGTCTTGCA-500.2.1",32.6209019662575,27.6617593042943,28.4803927468509,28.9250537382082,27.499280168502,28.2022181409978,28.5045614697536,28.5596529679367,NA,NA,NA,NA,NA
"AGATCTGCACTCTGTC-500.2.1",NA,NA,NA,NA,NA,55.1097109810042,NA,NA,NA,NA,NA,NA,NA
"AGATTGCCATCCGGGT-500.2.1",NA,NA,NA,NA,59.0246675039474,NA,NA,NA,NA,NA,NA,NA,NA
"AGCATACGTAAACGCG-500.2.1",NA,NA,NA,53.4784549803516,NA,NA,NA,NA,NA,NA,NA,NA,NA
"AGCGGTCGTAAACCTC-500.2.1",NA,NA,NA,NA,NA,NA,NA,47.8408867390737,NA,NA,NA,NA,NA
"AGCTCCTAGAGGTAGA-500.2.1",NA,NA,NA,57.5884688589505,NA,NA,NA,NA,NA,NA,NA,NA,NA
"AGCTCCTCAGGGTATG-500.2.1",NA,36.5005649773629,38.338847218317,NA,36.0428193861047,37.3142368002678,NA,NA,NA,NA,NA,NA,NA
"AGCTTGACAGCTATTG-500.2.1",NA,NA,NA,NA,61.6807074460648,NA,NA,NA,NA,NA,NA,NA,NA
"AGGCCGTAGTTACCCA-500.2.1",48.0792048883426,NA,NA,NA,NA,NA,NA,NA,NA,NA,NA,NA,NA
"AGGGAGTGTTCCGTCT-500.2.1",NA,NA,NA,NA,NA,NA,NA,47.0660562261902,NA,NA,NA,NA,NA
"AGGTCATGTCTCCACT-500.2.1",NA,NA,NA,45.3882432394862,NA,NA,NA,NA,NA,NA,NA,NA,NA
"AGTGAGGGTTACCGAT-500.2.1",NA,NA,NA,NA,NA,NA,NA,45.7377940774529,NA,NA,NA,NA,NA
"AGTGGGAAGATATGCA-500.2.1",NA,NA,NA,NA,53.8288489939669,NA,NA,NA,NA,NA,NA,NA,NA
"AGTGGGAGTAAACACA-500.2.1",36.9907792349219,NA,38.5133596968916,NA,NA,39.9768346194745,38.1485022854893,39.0242880037399,NA,NA,NA,NA,NA
"AGTTGGTAGCTCAACT-500.2.1",NA,NA,NA,NA,NA,NA,NA,43.3722734379979,NA,NA,NA,NA,NA
"AGTTGGTCAAACAACA-500.2.1",NA,NA,NA,NA,NA,NA,55.0421210417378,NA,NA,NA,NA,NA,NA
"ATAACGCAGCTATGCT-500.2.1",NA,NA,NA,NA,61.8756731606916,NA,NA,NA,NA,NA,NA,NA,NA
"ATAGACCCACATGTGT-500.2.1",NA,NA,NA,NA,NA,NA,49.424374281936,NA,NA,NA,NA,NA,NA
"ATCACGATCTTAGCCC-500.2.1",NA,NA,NA,NA,NA,NA,NA,NA,NA,28.6398351534069,NA,NA,NA
"ATGGGAGAGCCTTGAT-500.2.1",NA,NA,NA,NA,NA,NA,NA,52.2293673586403,NA,NA,NA,NA,NA
"ATGGGAGCACAGAGGT-500.2.1",NA,NA,NA,39.1211886339897,NA,NA,NA,NA,NA,NA,NA,NA,NA
"ATGGGAGTCAACACTG-500.2.1",NA,NA,58.1382109183122,NA,NA,NA,NA,NA,NA,NA,NA,NA,NA
"ATGTGTGAGCGACGTA-500.2.1",46.9501497285348,NA,NA,NA,NA,NA,NA,NA,NA,NA,NA,NA,NA
"ATTACTCCACTCGACG-500.2.1",NA,NA,NA,NA,51.8870641029077,NA,NA,NA,NA,NA,NA,NA,NA
"ATTACTCGTTCTGTTT-500.2.1",NA,53.5963786079305,NA,NA,NA,NA,NA,NA,NA,NA,NA,NA,NA
"ATTACTCTCTCGAGTA-500.2.1",22.8998775766072,22.4105501197914,22.5066144302371,22.7708948143751,22.0215058194044,22.3456513528622,22.3447230347583,22.3702750716959,NA,NA,NA,NA,NA
"ATTGGTGGTGTGTGCC-500.2.1",NA,NA,NA,NA,45.8992986063157,NA,NA,NA,NA,NA,NA,NA,NA
"ATTGGTGTCCTGCCAT-500.2.1",NA,NA,NA,NA,NA,NA,NA,57.4111555845242,NA,NA,NA,NA,NA
"ATTGGTGTCTTTACAC-500.2.1",5.38170690314658,5.39235663098816,5.38469020039498,5.38571580142392,5.38591915763024,5.37169604969352,5.37803879892473,5.40619568064709,5.45783954680423,5.44038703434108,5.44978586832778,5.48062656489857,5.44505623251982
"CAACCAATCGAACTGT-500.2.1",46.7156879031921,NA,NA,NA,NA,NA,NA,NA,NA,NA,NA,NA,NA
"CAACCTCAGACCACGA-500.2.1",13.3705973537897,14.4354840958368,13.7977459697012,13.9621491895279,14.120056609472,14.1101773852801,14.2595432344523,14.0556741441855,10.93758554823,11.1199028392005,11.2049573053917,11.343360084764,10.9270470784959
"CAACCTCTCGTCCGTT-500.2.1",NA,NA,NA,51.3341255172127,NA,NA,NA,NA,NA,NA,NA,NA,NA
"CAAGATCCATTCTTAC-500.2.1",34.6490258184906,23.7013609992931,23.9177714564072,24.2925450607963,23.2245946278272,23.7389334203058,23.6365452586456,23.78657180836,NA,NA,NA,NA,NA
"CAAGTTGTCAGTTTGG-500.2.1",NA,NA,NA,NA,NA,NA,NA,47.7175800006267,NA,NA,NA,NA,NA
"CACAAACTCACATACG-500.2.1",NA,NA,NA,59.3816874175639,NA,NA,NA,NA,NA,NA,NA,NA,NA
"CACACAAGTAGGAGTC-500.2.1",NA,NA,NA,NA,NA,53.6452818638686,NA,NA,NA,NA,NA,NA,NA
"CACACCTCAATCGAAA-500.2.1",NA,NA,NA,NA,NA,58.1760749268325,NA,NA,NA,NA,NA,NA,NA
"CACAGGCGTCGAGATG-500.2.1",NA,NA,NA,NA,NA,NA,45.7977009249801,NA,NA,NA,NA,NA,NA
"CACATAGCATCAGTCA-500.2.1",NA,NA,NA,NA,54.8837975377729,NA,NA,NA,NA,NA,NA,NA,NA
"CACATTTAGTCACGCC-500.2.1",NA,NA,NA,NA,55.8948685726404,NA,NA,NA,NA,NA,NA,NA,NA
"CACATTTCAGCCAGAA-500.2.1",37.2825397788204,NA,38.010972599748,NA,NA,41.1354217472238,39.1442908229974,40.0131296984234,NA,NA,NA,NA,NA
"CACCACTCAAACGTGG-500.2.1",24.5843197504463,NA,NA,24.7209584950516,NA,NA,NA,NA,NA,NA,NA,NA,NA
"CACCTTGCAAGCCATT-500.2.1",NA,60.7942779784063,NA,NA,NA,NA,NA,NA,NA,NA,NA,NA,NA
"CAGAATCAGAAACCAT-500.2.1",NA,NA,NA,NA,NA,NA,NA,48.7074185407523,NA,NA,NA,NA,NA
"CAGAATCAGATCCCAT-500.2.1",51.6174609753339,NA,NA,NA,NA,NA,NA,NA,NA,NA,NA,NA,NA
"CAGAATCAGATCCTGT-500.2.1",NA,NA,NA,NA,NA,NA,60.1229551312325,NA,NA,NA,NA,NA,NA
"CAGATCACATCGATGT-500.2.1",NA,NA,NA,NA,NA,47.454903239335,NA,NA,NA,NA,NA,NA,NA
"CAGCAGCAGCACCGTC-500.2.1",NA,NA,39.0637773698624,37.2015969773174,NA,NA,NA,NA,NA,NA,NA,NA,NA
"CAGCAGCCATTCCTGC-500.2.1",40.9378386753062,NA,NA,NA,NA,NA,NA,NA,NA,NA,NA,NA,NA
"CAGCATAAGTGAAGAG-500.2.1",NA,NA,NA,NA,NA,NA,NA,54.212667569339,NA,NA,NA,NA,NA
"CAGCATAGTAGCGTGA-500.2.1",NA,62.1433322844766,NA,NA,NA,NA,NA,NA,NA,NA,NA,NA,NA
"CAGCCGAAGTTAACGA-500.2.1",54.3501859244705,NA,NA,NA,NA,NA,NA,NA,NA,NA,NA,NA,NA
"CAGCTGGAGATGCCAG-500.2.1",NA,NA,NA,52.9301513389005,NA,NA,NA,NA,NA,NA,NA,NA,NA
"CAGGTGCAGGTAGCTG-500.2.1",NA,NA,NA,NA,NA,NA,54.718382785532,NA,NA,NA,NA,NA,NA
"CAGGTGCCACCGCTAG-500.2.1",50.3873733723361,NA,NA,NA,NA,NA,NA,NA,NA,NA,NA,NA,NA
"CAGTCCTAGGCCCTCA-500.2.1",NA,57.3143764874447,NA,NA,NA,NA,NA,NA,NA,NA,NA,NA,NA
"CAGTCCTCAACTGGCC-500.2.1",47.8956504862758,NA,NA,NA,NA,NA,NA,NA,NA,NA,NA,NA,NA
"CAGTCCTTCGCGGATC-500.2.1",NA,62.126313254792,NA,NA,NA,NA,NA,NA,NA,NA,NA,NA,NA
"CATATGGGTCTTCGTC-500.2.1",35.8694698195472,NA,NA,NA,NA,NA,NA,NA,NA,NA,NA,NA,NA
"CATATGGTCTAACTTC-500.2.1",NA,NA,NA,39.7538356523779,NA,NA,NA,NA,NA,NA,NA,NA,NA
"CATCAAGTCATGTAGC-500.2.1",NA,NA,NA,NA,57.5213544756767,NA,NA,NA,NA,NA,NA,NA,NA
"CATCAGAGTGCCTTGG-500.2.1",34.5520190135834,32.6282203803998,34.2455283779866,32.3261725350955,30.6768148391578,36.748022252987,34.7133214675212,36.3528028251117,NA,NA,NA,NA,NA
"CATCAGATCATTGCGA-500.2.1",NA,NA,NA,NA,53.4589638607488,NA,NA,NA,NA,NA,NA,NA,NA
"CATCGGGAGAAACCTA-500.2.1",NA,NA,NA,41.0026414512252,NA,NA,NA,NA,NA,NA,NA,NA,NA
"CATGCCTGTTGCTCCT-500.2.1",38.8131308096581,NA,NA,NA,NA,NA,NA,NA,NA,NA,NA,NA,NA
"CATGGCGTCTCAAGTG-500.2.1",NA,NA,NA,57.6323033581704,NA,NA,NA,NA,NA,NA,NA,NA,NA
"CATTATCGTGTTCGAT-500.2.1",NA,NA,NA,NA,61.86401121733,NA,NA,NA,NA,NA,NA,NA,NA
"CCACGGAAGATCCGAG-500.2.1",NA,NA,NA,39.4002883557884,NA,NA,NA,NA,NA,NA,NA,NA,NA
"CCACGGAAGTGTGAAT-500.2.1",52.0246872210757,NA,NA,NA,NA,NA,NA,NA,NA,NA,NA,NA,NA
"CCACGGAGTACAAGTA-500.2.1",NA,NA,NA,NA,46.5132742226143,NA,NA,NA,NA,NA,NA,NA,NA
"CCACGGAGTGTTTGGT-500.2.1",35.4422022995892,29.5570071817039,35.6847767169942,31.9990832152363,28.5704270650208,38.625270724986,34.7092379631167,36.5764319196902,NA,NA,NA,NA,NA
"CCAGCGAAGTGAAGTT-500.2.1",NA,NA,NA,NA,NA,57.0062633916322,NA,NA,NA,NA,NA,NA,NA
"CCATGTCAGCCCTAAT-500.2.1",NA,NA,NA,50.7792844085276,NA,NA,NA,NA,NA,NA,NA,NA,NA
"CCATGTCTCTTTCCTC-500.2.1",24.3737015708258,NA,NA,NA,NA,NA,NA,NA,NA,NA,NA,NA,NA
"CCATTCGTCTAACCGA-500.2.1",34.1601250319799,32.6740957276534,34.6516384413249,32.9428423418513,32.7821774321434,36.221123335339,35.1187182788831,35.9523419315646,NA,NA,NA,NA,NA
"CCCAATCAGGAATCGC-500.2.1",40.5108686951779,NA,NA,NA,NA,NA,NA,NA,NA,NA,NA,NA,NA
"CCGGGATCAGCTGGCT-500.2.1",NA,NA,NA,NA,38.6897352375831,NA,NA,NA,NA,NA,NA,NA,NA
"CCGTGGAAGACGCTTT-500.2.1",23.6193297725674,NA,NA,NA,NA,NA,NA,NA,NA,NA,NA,NA,NA
"CCGTTCACATACTCTT-500.2.1",NA,NA,NA,59.0396473288184,NA,NA,NA,NA,NA,NA,NA,NA,NA
"CCGTTCATCAGTTGAC-500.2.1",47.2735318441182,NA,NA,NA,NA,NA,NA,NA,NA,NA,NA,NA,NA
"CCTCTGAAGTGGTCCC-500.2.1",35.6744369205605,33.1037760520891,36.1946873654065,33.8955807660382,32.9214434747396,37.2090738252342,36.6664712982356,37.1959175013046,NA,NA,NA,NA,NA
"CCTTACGAGAGGACGG-500.2.1",NA,NA,NA,NA,41.9789196299959,NA,NA,NA,NA,NA,NA,NA,NA
"CCTTCCCGTTGGACCC-500.2.1",NA,NA,NA,47.35657215292,NA,NA,NA,NA,NA,NA,NA,NA,NA
"CCTTCGACAATCACAC-500.2.1",NA,NA,NA,NA,NA,NA,54.4153546917451,NA,NA,NA,NA,NA,NA
"CCTTTCTAGTTTCCTT-500.2.1",NA,NA,NA,NA,45.5026705025047,NA,NA,NA,NA,NA,NA,NA,NA
"CGACCTTTCCTCTAGC-500.2.1",47.9530380819172,NA,NA,NA,NA,NA,NA,NA,NA,NA,NA,NA,NA
"CGAGAAGTCACCACCT-500.2.1",NA,NA,NA,NA,46.0700052585987,NA,NA,NA,NA,NA,NA,NA,NA
"CGAGCCAAGAAGGCCT-500.2.1",NA,54.0049670831604,NA,NA,NA,NA,NA,NA,NA,NA,NA,NA,NA
"CGAGCCATCGACAGCC-500.2.1",NA,NA,NA,NA,60.9682946635181,NA,NA,NA,NA,NA,NA,NA,NA
"CGATCGGAGAGGTACC-500.2.1",NA,NA,NA,NA,NA,NA,NA,49.5353741100634,NA,NA,NA,NA,NA
"CGATGTAAGAGACTTA-500.2.1",NA,NA,NA,60.6356041137873,NA,NA,NA,NA,NA,NA,NA,NA,NA
"CGATGTAGTATTCGTG-500.2.1",NA,NA,NA,35.2589328232286,NA,NA,NA,NA,NA,NA,NA,NA,NA
"CGATTGATCAGCATGT-500.2.1",NA,NA,42.6321759371246,NA,NA,NA,NA,NA,NA,NA,NA,NA,NA
"CGCCAAGCACAGGAGT-500.2.1",NA,NA,NA,56.0391389628352,NA,NA,NA,NA,NA,NA,NA,NA,NA
"CGCGTTTCAAGGTTTC-500.2.1",NA,NA,NA,NA,NA,NA,NA,57.7155896816898,NA,NA,NA,NA,NA
"CGCTATCCAATAAGCA-500.2.1",NA,NA,NA,NA,39.5008947039224,NA,NA,NA,NA,NA,NA,NA,NA
"CGCTGGAAGGCAGTCA-500.2.1",NA,NA,NA,NA,55.1327397142774,NA,NA,NA,NA,NA,NA,NA,NA
"CGCTGGAGTAGAAGGA-500.2.1",NA,NA,NA,NA,NA,41.9896706142548,NA,NA,NA,NA,NA,NA,NA
"CGGACGTAGTCGTACT-500.2.1",23.9143879163258,NA,NA,NA,NA,NA,NA,NA,NA,NA,NA,NA,NA
"CGGAGCTTCGAATGGG-500.2.1",43.6061460652286,NA,NA,NA,NA,NA,NA,NA,NA,NA,NA,NA,NA
"CGGCTAGTCTTTACGT-500.2.1",NA,NA,59.8895792500754,NA,NA,NA,NA,NA,NA,NA,NA,NA,NA
"CGTAGGCTCATATCGG-500.2.1",NA,NA,NA,NA,47.3915140273173,NA,NA,NA,NA,NA,NA,NA,NA
"CGTAGGCTCTATCCTA-500.2.1",NA,NA,NA,NA,61.6110956526868,NA,NA,NA,NA,NA,NA,NA,NA
"CGTCACTTCTCGAGTA-500.2.1",NA,NA,NA,NA,NA,NA,60.4157073016596,NA,NA,NA,NA,NA,NA
"CGTGTCTAGCAACGGT-500.2.1",NA,NA,NA,NA,NA,NA,NA,51.8992830971121,NA,NA,NA,NA,NA
"CGTTAGAAGAACAACT-500.2.1",NA,NA,NA,NA,51.7544574984927,NA,NA,NA,NA,NA,NA,NA,NA
"CGTTAGACAATAAGCA-500.2.1",40.151109223735,NA,NA,NA,NA,45.7471462930257,NA,45.7965370157768,NA,NA,NA,NA,NA
"CTAAGACGTGTGAAAT-500.2.1",52.8090329672837,NA,NA,NA,NA,NA,NA,NA,NA,NA,NA,NA,NA
"CTACACCAGCGATCCC-500.2.1",NA,59.3511763858056,NA,NA,NA,NA,NA,NA,NA,NA,NA,NA,NA
"CTACCCACATTACCTT-500.2.1",41.7219998612019,NA,NA,NA,NA,NA,NA,NA,NA,NA,NA,NA,NA
"CTAGTGATCGTCCAGG-500.2.1",NA,NA,NA,57.3519957724124,NA,NA,NA,NA,NA,NA,NA,NA,NA
"CTAGTGATCTACGAGT-500.2.1",NA,NA,NA,39.7450986246535,NA,NA,NA,NA,NA,NA,NA,NA,NA
"CTCACACTCAATCTCT-500.2.1",NA,NA,NA,NA,49.2605474864389,NA,NA,NA,NA,NA,NA,NA,NA
"CTCAGAATCCAATGGT-500.2.1",NA,NA,NA,NA,NA,NA,NA,47.5186841416959,NA,NA,NA,NA,NA
"CTCAGAATCTGTGCAA-500.2.1",NA,NA,NA,NA,59.2533799977965,NA,NA,NA,NA,NA,NA,NA,NA
"CTCGAAAAGTGAACGC-500.2.1",NA,57.3393192416523,NA,NA,NA,NA,NA,NA,NA,NA,NA,NA,NA
"CTCGGAGCACCGGAAA-500.2.1",NA,NA,NA,NA,46.8738818671966,NA,NA,NA,NA,NA,NA,NA,NA
"CTCTAATAGATCTGCT-500.2.1",51.5109094913688,NA,NA,NA,NA,NA,NA,NA,NA,NA,NA,NA,NA
"CTCTAATAGCGTGAAC-500.2.1",51.9511142446146,NA,NA,NA,NA,NA,NA,NA,NA,NA,NA,NA,NA
"CTCTACGAGAAGGCCT-500.2.1",NA,NA,NA,NA,38.7813267256088,NA,NA,NA,NA,NA,NA,NA,NA
"CTCTACGAGTACTTGC-500.2.1",NA,NA,57.9936883547251,NA,NA,NA,NA,NA,NA,NA,NA,NA,NA
"CTCTACGTCTAACCGA-500.2.1",NA,NA,NA,NA,NA,NA,47.9196947466743,NA,NA,NA,NA,NA,NA
"CTGAAGTAGGTAGCCA-500.2.1",NA,NA,NA,60.6366962754775,NA,NA,NA,NA,NA,NA,NA,NA,NA
"CTGATAGGTATGCTTG-500.2.1",NA,NA,43.8273753784201,NA,NA,NA,NA,NA,NA,NA,NA,NA,NA
"CTGATCCCAGCTGCAC-500.2.1",NA,NA,NA,NA,64.0393137725993,NA,NA,NA,NA,NA,NA,NA,NA
"CTGCGGACAACGATGG-500.2.1",NA,NA,52.1721340852306,NA,NA,NA,NA,NA,NA,NA,NA,NA,NA
"CTGGTCTGTCTAAAGA-500.2.1",NA,NA,NA,NA,52.5165136108206,NA,NA,NA,NA,NA,NA,NA,NA
"CTGTTTAGTTAAAGTG-500.2.1",31.2165716228708,NA,27.2109226521485,NA,NA,NA,NA,NA,NA,NA,NA,NA,NA
"CTTACCGCATGACATC-500.2.1",35.5812519025454,26.5407022184551,27.6161967640919,27.3922971402728,25.751581231101,39.9198425030329,37.1224682833966,37.8341062185477,NA,NA,NA,NA,NA
"CTTAGGAAGCACAGGT-500.2.1",51.5378988793654,NA,NA,NA,NA,NA,NA,NA,NA,NA,NA,NA,NA
"CTTAGGAAGGAATGGA-500.2.1",NA,NA,NA,NA,NA,46.751861035669,NA,NA,NA,NA,NA,NA,NA
"CTTCTCTAGGCAATTA-500.2.1",NA,NA,57.8708020810664,NA,NA,NA,NA,NA,NA,NA,NA,NA,NA
"CTTTGCGAGCGTGAGT-500.2.1",NA,NA,NA,NA,NA,NA,59.0889046124161,NA,NA,NA,NA,NA,NA
"CTTTGCGAGCTAGTCT-500.2.1",NA,NA,NA,NA,NA,NA,58.8017407093909,NA,NA,NA,NA,NA,NA
"GAACATCCATCACGTA-500.2.1",54.6432107328302,NA,NA,NA,NA,NA,NA,NA,NA,NA,NA,NA,NA
"GACAGAGAGCCGGTAA-500.2.1",NA,NA,NA,NA,NA,41.520270758196,NA,NA,NA,NA,NA,NA,NA
"GACCTGGAGATACACA-500.2.1",NA,NA,53.0412567977772,NA,NA,NA,NA,NA,NA,NA,NA,NA,NA
"GACGCGTCAAATTGCC-500.2.1",NA,NA,NA,NA,58.7032263229748,NA,NA,NA,NA,NA,NA,NA,NA
"GACGTGCAGCGATATA-500.2.1",NA,NA,NA,NA,47.8458373067135,NA,NA,NA,NA,NA,NA,NA,NA
"GACGTGCGTACCGAGA-500.2.1",NA,NA,57.9334831601261,NA,NA,NA,NA,NA,NA,NA,NA,NA,NA
"GACGTGCTCATCGCTC-500.2.1",44.5358468712317,NA,NA,NA,NA,NA,NA,NA,NA,NA,NA,NA,NA
"GACGTTATCGTATCAG-500.2.1",40.9382369580962,NA,NA,NA,NA,NA,NA,NA,NA,NA,NA,NA,NA
"GACTAACAGTGTCCAT-500.2.1",48.6668576773379,NA,NA,NA,NA,NA,NA,NA,NA,NA,NA,NA,NA
"GACTACATCTGCGTAA-500.2.1",NA,NA,NA,NA,56.0527994281302,NA,NA,NA,NA,NA,NA,NA,NA
"GAGGTGAGTTCAGCGC-500.2.1",41.7924620176062,NA,NA,NA,NA,NA,NA,NA,NA,NA,NA,NA,NA
"GAGTCCGAGTCCTCCT-500.2.1",48.9552608954963,NA,NA,NA,NA,NA,NA,NA,NA,NA,NA,NA,NA
"GAGTCCGGTGACCAAG-500.2.1",45.1767591898417,NA,NA,NA,NA,NA,NA,NA,NA,NA,NA,NA,NA
"GATCAGTCAACACCTA-500.2.1",34.6013727195011,26.6330813651591,27.6698202643128,27.2165099473475,26.0724803884837,38.5710263783789,26.5693371318316,27.2253031242485,NA,NA,NA,NA,NA
"GATCGCGTCAGCAACT-500.2.1",NA,NA,NA,NA,NA,NA,NA,54.9981371774198,NA,NA,NA,NA,NA
"GATGAGGGTCCAGTGC-500.2.1",NA,NA,NA,NA,64.2532954461224,NA,NA,NA,NA,NA,NA,NA,NA
"GATGCTAGTAGCAAAT-500.2.1",NA,43.1064541006155,NA,NA,NA,NA,NA,NA,NA,NA,NA,NA,NA
"GATTCAGCAGCGATCC-500.2.1",38.443255856618,NA,40.6300654508712,NA,NA,42.2882395447185,NA,41.9334221085232,NA,NA,NA,NA,NA
"GATTCAGCAGTCGTGC-500.2.1",NA,NA,NA,NA,NA,57.0406360674945,NA,NA,NA,NA,NA,NA,NA
"GCAAACTGTGTATGGG-500.2.1",NA,NA,NA,39.8035358954101,NA,NA,NA,NA,NA,NA,NA,NA,NA
"GCAATCAGTAAACGCG-500.2.1",NA,NA,NA,NA,48.8969993853055,NA,NA,NA,NA,NA,NA,NA,NA
"GCAGCCATCAGGTAAA-500.2.1",NA,62.610684590983,NA,NA,NA,NA,NA,NA,NA,NA,NA,NA,NA
"GCATACAGTCATTAGC-500.2.1",NA,NA,39.469724835299,NA,NA,NA,NA,NA,NA,NA,NA,NA,NA
"GCATGATTCTCGCTTG-500.2.1",NA,NA,43.5012609910904,NA,NA,NA,NA,NA,NA,NA,NA,NA,NA
"GCATGTATCGTTGCCT-500.2.1",NA,NA,55.0007885029331,NA,NA,NA,NA,NA,NA,NA,NA,NA,NA
"GCCTCTATCAGTCAGT-500.2.1",24.8964917241033,NA,NA,NA,NA,NA,NA,NA,NA,NA,NA,NA,NA
"GCGACCACAAGAGGCT-500.2.1",NA,NA,NA,NA,NA,50.782964725125,NA,NA,NA,NA,NA,NA,NA
"GCGACCACACAGTCGC-500.2.1",NA,NA,56.7354824368154,NA,NA,NA,NA,NA,NA,NA,NA,NA,NA
"GCGACCAGTGTTTGGT-500.2.1",NA,NA,NA,NA,NA,NA,56.5310617722668,NA,NA,NA,NA,NA,NA
"GCGCAGTTCTGATACG-500.2.1",NA,NA,59.602642889403,NA,NA,NA,NA,NA,NA,NA,NA,NA,NA
"GCGCGATGTTGCGTTA-500.2.1",NA,NA,NA,NA,NA,NA,NA,42.2074458830057,NA,NA,NA,NA,NA
"GCTGGGTTCATCTGCC-500.2.1",24.6447886431208,23.8175928439678,24.0535307930979,24.2433744430267,23.6060975625392,23.8234777888918,23.7972167184271,23.8702987973153,NA,NA,NA,NA,NA
"GGAACTTAGCGCCTTG-500.2.1",NA,NA,NA,NA,55.7658473166741,NA,NA,NA,NA,NA,NA,NA,NA
"GGAACTTGTTCCGTCT-500.2.1",NA,NA,NA,NA,NA,NA,NA,49.4954707430037,NA,NA,NA,NA,NA
"GGACATTGTATGAAAC-500.2.1",37.7287553158927,NA,NA,NA,NA,NA,NA,NA,NA,NA,NA,NA,NA
"GGATTACCATTGGCGC-500.2.1",NA,55.7187311367023,NA,NA,NA,NA,NA,NA,NA,NA,NA,NA,NA
"GGATTACTCAGCTCTC-500.2.1",34.6839224439671,27.023401994345,28.3819889335367,28.0952477097811,26.6710348455247,27.8915966297492,27.1927251608442,28.8297939763389,NA,NA,NA,NA,NA
"GGCGTGTTCTGCTTGC-500.2.1",NA,NA,NA,NA,NA,47.7143832348055,NA,NA,NA,NA,NA,NA,NA
"GGGCATCGTGGTACAG-500.2.1",NA,NA,NA,NA,54.8966739480191,NA,NA,NA,NA,NA,NA,NA,NA
"GGGTTGCGTTTAGCTG-500.2.1",NA,NA,NA,NA,NA,NA,NA,47.907366620736,NA,NA,NA,NA,NA
"GGTGAAGAGGCATTGG-500.2.1",NA,NA,NA,NA,NA,NA,NA,58.520635526258,NA,NA,NA,NA,NA
"GGTGCGTCACTTCTGC-500.2.1",NA,NA,NA,NA,58.2117879873096,NA,NA,NA,NA,NA,NA,NA,NA
"GGTGTTAGTGCACGAA-500.2.1",34.8499758528093,28.7331415527339,30.5186243862389,32.4423614628761,29.8938854278641,38.8963011662663,38.7022343169458,37.4466362009081,NA,NA,NA,NA,NA
"GTAACGTCAGCCTTTC-500.2.1",NA,NA,NA,NA,NA,41.8155999225056,NA,NA,NA,NA,NA,NA,NA
"GTAACTGCAGCTCGAC-500.2.1",NA,NA,NA,60.9006774119315,NA,NA,NA,NA,NA,NA,NA,NA,NA
"GTACGTAGTCATGCCG-500.2.1",NA,NA,NA,NA,45.1805089989265,NA,NA,NA,NA,NA,NA,NA,NA
"GTACTTTTCACGAAGG-500.2.1",NA,NA,NA,NA,NA,54.7817112674835,NA,NA,NA,NA,NA,NA,NA
"GTATCTTTCGTTTATC-500.2.1",NA,NA,54.7452905247952,NA,NA,NA,NA,NA,NA,NA,NA,NA,NA
"GTCAAGTCAATAAGCA-500.2.1",NA,NA,56.8190061511196,NA,NA,NA,NA,NA,NA,NA,NA,NA,NA
"GTCAAGTCAATCGAAA-500.2.1",NA,NA,NA,NA,NA,NA,48.5410265606366,NA,NA,NA,NA,NA,NA
"GTCAAGTGTGACTACT-500.2.1",NA,NA,60.9300349339423,NA,NA,NA,NA,NA,NA,NA,NA,NA,NA
"GTCATTTTCTTAGCCC-500.2.1",NA,NA,NA,NA,NA,56.9848983584352,NA,NA,NA,NA,NA,NA,NA
"GTCGTAATCTTCGGTC-500.2.1",NA,53.4251141481815,NA,NA,NA,NA,NA,NA,NA,NA,NA,NA,NA
"GTCTCGTCACATGACT-500.2.1",46.6119720917518,NA,NA,NA,NA,NA,NA,NA,NA,NA,NA,NA,NA
"GTCTCGTCATCCGTGG-500.2.1",NA,NA,NA,NA,NA,NA,NA,50.7652882291436,NA,NA,NA,NA,NA
"GTCTTCGTCGGCGGTT-500.2.1",NA,NA,NA,NA,62.158592118548,NA,NA,NA,NA,NA,NA,NA,NA
"GTGCTTCAGTGCGATG-500.2.1",NA,NA,39.0483597666947,NA,NA,NA,NA,NA,NA,NA,NA,NA,NA
"GTGCTTCGTCTCCATC-500.2.1",46.9204723273839,NA,NA,NA,NA,NA,NA,NA,NA,NA,NA,NA,NA
"GTGTTAGGTTAGTGGG-500.2.1",NA,NA,NA,NA,60.561969191929,NA,NA,NA,NA,NA,NA,NA,NA
"GTTAAGCAGCCACGCT-500.2.1",NA,NA,NA,NA,NA,NA,60.2097763377683,NA,NA,NA,NA,NA,NA
"GTTACAGGTCCGAACC-500.2.1",NA,48.9840220686869,NA,NA,NA,NA,NA,NA,NA,NA,NA,NA,NA
"GTTCGGGGTCCAGTTA-500.2.1",NA,NA,NA,NA,NA,55.7696115702679,NA,NA,NA,NA,NA,NA,NA
"TAAACCGCACCGTTGG-500.2.1",NA,NA,NA,NA,NA,NA,57.5908056330296,NA,NA,NA,NA,NA,NA
"TAAACCGGTCAACATC-500.2.1",NA,NA,NA,NA,NA,52.5163317651966,NA,NA,NA,NA,NA,NA,NA
"TAAACCGTCGTTGCCT-500.2.1",NA,NA,NA,NA,NA,NA,NA,43.1088093609452,NA,NA,NA,NA,NA
"TAAGTGCGTACCATCA-500.2.1",43.7892716879846,NA,NA,NA,NA,NA,NA,NA,NA,NA,NA,NA,NA
"TACAGTGAGATGGGTC-500.2.1",NA,NA,NA,NA,NA,NA,59.0385761595221,NA,NA,NA,NA,NA,NA
"TACCTTAAGAAGGTGA-500.2.1",NA,NA,58.7461042752378,NA,NA,NA,NA,NA,NA,NA,NA,NA,NA
"TACCTTATCCTAGAAC-500.2.1",NA,NA,NA,NA,NA,NA,NA,48.7086656155417,NA,NA,NA,NA,NA
"TACGGATGTGAAATCA-500.2.1",NA,NA,50.4344078801011,NA,NA,NA,NA,NA,NA,NA,NA,NA,NA
"TACGGGCCACGAAGCA-500.2.1",34.8241548352998,NA,NA,NA,NA,NA,NA,NA,NA,NA,NA,NA,NA
"TACGGTAAGATAGTCA-500.2.1",NA,NA,NA,NA,NA,53.5879077597732,NA,NA,NA,NA,NA,NA,NA
"TACTCGCAGGAATCGC-500.2.1",NA,NA,NA,NA,NA,46.3116888959621,NA,NA,NA,NA,NA,NA,NA
"TACTTACCAAGTCTAC-500.2.1",NA,48.4647727803783,NA,NA,NA,NA,NA,NA,NA,NA,NA,NA,NA
"TAGACCAAGAAAGTGG-500.2.1",NA,NA,NA,NA,NA,NA,NA,49.3905747329832,NA,NA,NA,NA,NA
"TAGAGCTAGAGAACAG-500.2.1",36.4455612718077,NA,NA,NA,NA,NA,NA,NA,NA,NA,NA,NA,NA
"TAGTGGTGTCATTAGC-500.2.1",NA,NA,NA,NA,NA,NA,NA,46.3732624211053,NA,NA,NA,NA,NA
"TATCAGGAGAAGCCCA-500.2.1",NA,NA,NA,NA,NA,NA,NA,55.4964083744163,NA,NA,NA,NA,NA
"TATCAGGTCCGAAGAG-500.2.1",NA,NA,NA,61.6051017441171,NA,NA,NA,NA,NA,NA,NA,NA,NA
"TATCTCAAGTACGCCC-500.2.1",NA,NA,NA,NA,43.9397392898995,NA,NA,NA,NA,NA,NA,NA,NA
"TATCTCACAGTCACTA-500.2.1",NA,NA,53.4041583991041,NA,NA,NA,NA,NA,NA,NA,NA,NA,NA
"TATGCCCGTTGGTTTG-500.2.1",NA,NA,43.1233131280584,NA,NA,NA,NA,NA,NA,NA,NA,NA,NA
"TATTACCTCATTCACT-500.2.1",NA,NA,NA,NA,NA,NA,55.5823132119233,NA,NA,NA,NA,NA,NA
"TCAACGATCTAGAGTC-500.2.1",NA,NA,57.5190370903482,NA,NA,NA,NA,NA,NA,NA,NA,NA,NA
"TCACGAACACCACGTG-500.2.1",22.049562157285,22.073722368074,22.1316058712504,22.3323572947554,21.5740885295302,22.0122518624942,21.9671792684157,22.0178563217818,NA,NA,NA,NA,NA
"TCAGATGCAAACTGTC-500.2.1",49.6650143018511,NA,NA,NA,NA,NA,NA,NA,NA,NA,NA,NA,NA
"TCAGCAAAGGAATGGA-500.2.1",NA,NA,NA,NA,NA,50.7013208126131,NA,NA,NA,NA,NA,NA,NA
"TCAGGATGTGCTCTTC-500.2.1",NA,NA,NA,58.2394476826708,NA,NA,NA,NA,NA,NA,NA,NA,NA
"TCAGGTACACCAGGTC-500.2.1",NA,NA,NA,54.5227020346941,NA,NA,NA,NA,NA,NA,NA,NA,NA
"TCATTACTCACGCATA-500.2.1",23.8631510737052,23.1674762182214,23.3064203448278,23.5604962452099,22.6566687680236,23.163812143913,23.1045352624997,23.2095475864015,NA,NA,NA,NA,NA
"TCATTTGCATACCATG-500.2.1",NA,57.3420793544834,NA,NA,NA,NA,NA,NA,NA,NA,NA,NA,NA
"TCGAGGCGTGCGCTTG-500.2.1",NA,NA,58.0678723678974,NA,NA,NA,NA,NA,NA,NA,NA,NA,NA
"TCGCGAGCACTGCCAG-500.2.1",NA,NA,NA,NA,NA,NA,NA,46.1548139240779,NA,NA,NA,NA,NA
"TCGCGTTTCATAACCG-500.2.1",NA,NA,60.7642489049858,NA,NA,NA,NA,NA,NA,NA,NA,NA,NA
"TCGCGTTTCGTTACAG-500.2.1",24.0744184220762,23.3658954696924,23.6136046148145,23.5682155241806,22.8639476825856,23.3460092535526,23.2735943283176,23.3465517291547,NA,NA,NA,NA,NA
"TCGGTAACATAAAGGT-500.2.1",NA,58.4296058145383,NA,NA,NA,NA,NA,NA,NA,NA,NA,NA,NA
"TCGTACCTCAATAAGG-500.2.1",NA,NA,NA,NA,NA,NA,NA,57.5698303108101,NA,NA,NA,NA,NA
"TCGTAGATCGCCATAA-500.2.1",NA,NA,NA,NA,40.0412891371498,NA,NA,NA,NA,NA,NA,NA,NA
"TCTATTGAGCCAGTAG-500.2.1",48.7248371007284,NA,NA,NA,NA,NA,NA,NA,NA,NA,NA,NA,NA
"TCTTTCCCAGTAACGG-500.2.1",21.9589271835471,21.522616406812,21.6932219267596,21.7173784414091,21.4233855210886,21.5334795922547,21.5489615366916,21.5993573644632,NA,NA,NA,NA,NA
"TCTTTCCGTTATCCGA-500.2.1",NA,NA,NA,39.267439072067,NA,NA,NA,NA,NA,NA,NA,NA,NA
"TCTTTCCTCAACTCTT-500.2.1",50.9011028702378,NA,NA,NA,NA,NA,NA,NA,NA,NA,NA,NA,NA
"TGACAACGTTCGCGAC-500.2.1",NA,NA,NA,NA,46.4538473594352,NA,NA,NA,NA,NA,NA,NA,NA
"TGACGGCAGGTTCCTA-500.2.1",NA,NA,NA,NA,NA,43.8720849211837,NA,NA,NA,NA,NA,NA,NA
"TGACGGCTCCATTCTA-500.2.1",NA,NA,NA,NA,54.430655070787,NA,NA,NA,NA,NA,NA,NA,NA
"TGACTAGAGTATCGAA-500.2.1",44.2201448011644,NA,NA,NA,NA,47.4526148173906,NA,47.6234985650445,NA,NA,NA,NA,NA
"TGACTAGTCTACTATC-500.2.1",NA,NA,NA,57.1668340242122,NA,NA,NA,NA,NA,NA,NA,NA,NA
"TGAGAGGTCCACGACG-500.2.1",NA,NA,NA,NA,NA,NA,53.7010951522446,NA,NA,NA,NA,NA,NA
"TGAGCATCACTATCTT-500.2.1",34.6731765157464,32.1300746070973,35.6265348061599,33.3224002462178,32.576835227386,35.2194247023648,34.8365684676058,34.7950536096732,NA,NA,NA,NA,NA
"TGAGCCGCAAACGTGG-500.2.1",NA,62.1701706857821,NA,NA,NA,NA,NA,NA,NA,NA,NA,NA,NA
"TGAGCCGCATTAGCCA-500.2.1",NA,NA,55.4615642160284,NA,NA,NA,NA,NA,NA,NA,NA,NA,NA
"TGAGGGACAACGATCT-500.2.1",NA,NA,NA,NA,42.0962862908171,NA,NA,NA,NA,NA,NA,NA,NA
"TGATTTCGTGACTACT-500.2.1",NA,NA,NA,NA,NA,NA,NA,58.1918249479886,NA,NA,NA,NA,NA
"TGCCCTATCGTAGGAG-500.2.1",NA,NA,NA,NA,NA,53.1022175428653,NA,NA,NA,NA,NA,NA,NA
"TGCGTGGGTGGCTCCA-500.2.1",NA,NA,NA,NA,NA,NA,55.624921502759,NA,NA,NA,NA,NA,NA
"TGGACGCCATTGCGGC-500.2.1",NA,NA,NA,NA,NA,NA,43.6269793948271,NA,NA,NA,NA,NA,NA
"TGTATTCAGCCCGAAA-500.2.1",NA,NA,NA,NA,61.6088357035895,NA,NA,NA,NA,NA,NA,NA,NA
"TGTGGTAGTAAATACG-500.2.1",NA,NA,50.2965020874239,NA,NA,NA,NA,NA,NA,NA,NA,NA,NA
"TGTGGTAGTAAGTAGT-500.2.1",NA,NA,NA,NA,57.4520528286438,NA,NA,NA,NA,NA,NA,NA,NA
"TTAACTCAGGACGAAA-500.2.1",NA,NA,NA,48.5040445665067,NA,NA,NA,NA,NA,NA,NA,NA,NA
"TTAGGACAGAAGAAGC-500.2.1",17.882486451743,17.4421148182487,17.66233153127,17.6622091482237,17.4405797849618,17.5755576984972,17.5771232962902,17.5667077606286,NA,NA,NA,NA,NA
"TTAGGACGTGCAGTAG-500.2.1",52.9895283502301,NA,NA,NA,NA,NA,NA,NA,NA,NA,NA,NA,NA
"TTAGGACGTTTACTCT-500.2.1",NA,NA,39.7802280887844,NA,NA,36.5152178261282,NA,NA,NA,NA,NA,NA,NA
"TTCGAAGCACCAGGCT-500.2.1",NA,NA,NA,NA,NA,56.8955517496308,NA,NA,NA,NA,NA,NA,NA
"TTCTACACAGACGTAG-500.2.1",NA,NA,NA,NA,60.9283300388005,NA,NA,NA,NA,NA,NA,NA,NA
"TTCTTAGCATCCCATC-500.2.1",38.6555091781111,NA,NA,NA,NA,42.2882395447185,NA,41.1686514223557,NA,NA,NA,NA,NA
"TTGAACGGTCACCCAG-500.2.1",NA,NA,NA,NA,NA,41.7343024635039,NA,NA,NA,NA,NA,NA,NA
"TTGAACGGTGCCTGGT-500.2.1",NA,NA,43.6556819272038,NA,NA,NA,NA,NA,NA,NA,NA,NA,NA
"TTGACTTCAACGATCT-500.2.1",NA,NA,54.2085695678004,NA,NA,NA,NA,NA,NA,NA,NA,NA,NA
"TTGCCGTAGAACAACT-500.2.1",NA,NA,NA,NA,NA,NA,NA,49.1882881935477,NA,NA,NA,NA,NA
"TTGGCAACAGGAATCG-500.2.1",NA,NA,NA,43.310022036237,NA,NA,NA,NA,NA,NA,NA,NA,NA
"TTGGCAAGTGCTGTAT-500.2.1",NA,NA,NA,NA,47.4152809061745,NA,NA,NA,NA,NA,NA,NA,NA
"TTTATGCGTGCAGTAG-500.2.1",NA,NA,NA,NA,NA,NA,NA,54.5796177978199,NA,NA,NA,NA,NA
"TTTCCTCAGTCTCAAC-500.2.1",NA,NA,NA,48.3597053475102,NA,NA,NA,NA,NA,NA,NA,NA,NA
"TTTGCGCGTCGCCATG-500.2.1",NA,NA,41.011240252093,NA,NA,NA,NA,NA,NA,NA,NA,NA,NA
"AAACCTGTCGGTGTTA-500.2.2",NA,NA,NA,NA,37.8383604417649,NA,NA,NA,NA,NA,NA,NA,NA
"AAAGATGCAGTAACGG-500.2.2",NA,NA,56.3674211045234,NA,NA,NA,NA,NA,NA,NA,NA,NA,NA
"AAAGATGCAGTCGTGC-500.2.2",NA,NA,NA,NA,NA,NA,NA,44.6179550820283,NA,NA,NA,NA,NA
"AACGTTGTCGTTGACA-500.2.2",46.2998735100045,NA,NA,NA,NA,NA,NA,NA,NA,NA,NA,NA,NA
"AACTCAGGTGCAGGTA-500.2.2",39.6073578176921,21.4029829144213,21.3004363413496,21.6500328640112,21.0085816921877,44.8836669155745,21.2771585505659,46.826819149095,NA,NA,NA,NA,NA
"AACTCAGTCACATACG-500.2.2",NA,61.7700913679584,NA,NA,NA,NA,NA,NA,NA,NA,NA,NA,NA
"AACTCCCGTCAAGCGA-500.2.2",NA,NA,NA,NA,54.2968449010733,NA,NA,NA,NA,NA,NA,NA,NA
"AACTCTTGTAAGAGAG-500.2.2",NA,NA,NA,NA,52.1099510892527,NA,NA,NA,NA,NA,NA,NA,NA
"AACTCTTGTAGGAGTC-500.2.2",NA,NA,NA,NA,58.6171213621805,NA,NA,NA,NA,NA,NA,NA,NA
"AACTTTCAGATGCGAC-500.2.2",NA,NA,NA,NA,NA,48.29122048072,NA,NA,NA,NA,NA,NA,NA
"AACTTTCGTCAAGCGA-500.2.2",NA,NA,NA,NA,NA,NA,57.9713986638095,NA,NA,NA,NA,NA,NA
"AAGACCTTCCAGTATG-500.2.2",NA,NA,NA,NA,NA,NA,NA,40.3754990195583,NA,NA,NA,NA,NA
"AAGCCGCCACACCGAC-500.2.2",NA,NA,NA,NA,60.3262590393485,NA,NA,NA,NA,NA,NA,NA,NA
"AAGGAGCCAAGCCGCT-500.2.2",NA,NA,NA,NA,58.823913501242,NA,NA,NA,NA,NA,NA,NA,NA
"AAGGTTCAGCGATATA-500.2.2",NA,NA,NA,NA,NA,NA,NA,48.2638485956969,NA,NA,NA,NA,NA
"AAGGTTCAGCTAGTCT-500.2.2",NA,NA,NA,NA,56.4471787359847,NA,NA,NA,NA,NA,NA,NA,NA
"AAGGTTCGTTAAGTAG-500.2.2",47.5280008273064,NA,NA,NA,NA,NA,NA,NA,NA,NA,NA,NA,NA
"AATCCAGGTAGGCTGA-500.2.2",NA,NA,NA,NA,NA,55.9436027944107,NA,NA,NA,NA,NA,NA,NA
"ACACCAATCCACGACG-500.2.2",35.0947334280203,29.5631772761085,34.2046839694712,30.7025604049143,29.0112990618667,35.7924683553151,31.4276633987442,35.4766285693366,NA,NA,NA,NA,NA
"ACACTGATCTGTCCGT-500.2.2",46.2691219508909,NA,NA,NA,NA,NA,NA,NA,NA,NA,NA,NA,NA
"ACAGCCGGTTGAGTTC-500.2.2",NA,NA,57.3253841829526,NA,NA,NA,NA,NA,NA,NA,NA,NA,NA
"ACAGCTATCCACTGGG-500.2.2",NA,NA,NA,43.0753606663599,NA,NA,NA,NA,NA,NA,NA,NA,NA
"ACATACGGTGCAGTAG-500.2.2",NA,NA,NA,NA,NA,NA,NA,49.3463029830395,NA,NA,NA,NA,NA
"ACATCAGAGAAGCCCA-500.2.2",NA,NA,59.6348394135035,NA,NA,NA,NA,NA,NA,NA,NA,NA,NA
"ACATGGTCAGTAACGG-500.2.2",NA,NA,60.2457926885174,NA,NA,NA,NA,NA,NA,NA,NA,NA,NA
"ACATGGTGTAGTAGTA-500.2.2",NA,NA,NA,NA,51.3540947259708,NA,NA,NA,NA,NA,NA,NA,NA
"ACATGGTTCCGATATG-500.2.2",NA,NA,NA,NA,51.0101403101951,NA,NA,NA,NA,NA,NA,NA,NA
"ACCCACTAGTTGCAGG-500.2.2",22.5452182562346,NA,NA,NA,NA,NA,NA,NA,NA,NA,NA,NA,NA
"ACCCACTGTACCTACA-500.2.2",NA,NA,55.8083037526137,NA,NA,NA,NA,NA,NA,NA,NA,NA,NA
"ACCGTAACAACGATGG-500.2.2",45.3519341718666,NA,NA,NA,NA,NA,NA,NA,NA,NA,NA,NA,NA
"ACCTTTAGTAGTACCT-500.2.2",NA,NA,NA,NA,NA,51.8357563700422,NA,NA,NA,NA,NA,NA,NA
"ACGAGCCCACCTGGTG-500.2.2",23.8230652157413,NA,NA,NA,NA,NA,NA,NA,NA,NA,NA,NA,NA
"ACGAGGAAGTGTGAAT-500.2.2",NA,44.9599362104888,NA,NA,NA,NA,NA,NA,NA,NA,NA,NA,NA
"ACGATGTTCAAGAAGT-500.2.2",51.6288461798289,NA,NA,NA,NA,NA,NA,NA,NA,NA,NA,NA,NA
"ACGCCGAAGGAATGGA-500.2.2",NA,NA,56.9639615305633,NA,NA,NA,NA,NA,NA,NA,NA,NA,NA
"ACGGGCTTCTCGTATT-500.2.2",NA,NA,NA,NA,NA,NA,NA,49.3905747329832,NA,NA,NA,NA,NA
"ACGTCAAAGCTAAGAT-500.2.2",NA,NA,NA,NA,NA,NA,NA,53.7199903247599,NA,NA,NA,NA,NA
"ACTATCTAGAGCTGCA-500.2.2",NA,48.0663172228984,NA,NA,NA,NA,NA,NA,NA,NA,NA,NA,NA
"ACTGAGTCAACTGCTA-500.2.2",NA,NA,NA,NA,60.6456694569186,NA,NA,NA,NA,NA,NA,NA,NA
"ACTGAGTTCTGCCAGG-500.2.2",NA,NA,NA,NA,48.4698571722841,NA,NA,NA,NA,NA,NA,NA,NA
"ACTGATGAGGGAACGG-500.2.2",NA,NA,NA,NA,65.2569484435091,NA,NA,NA,NA,NA,NA,NA,NA
"ACTGATGTCGCATGGC-500.2.2",14.9550488170629,15.780228797295,15.5628098439755,15.710184649045,15.5146181262588,15.6462673367337,15.802245740335,15.6399244720956,11.1344316043518,11.1199028392005,11.4096245500247,11.2038547934283,10.9270470784959
"ACTTACTTCCTGTACC-500.2.2",NA,61.9723031908721,NA,NA,NA,NA,NA,NA,NA,NA,NA,NA,NA
"ACTTGTTAGAAACGCC-500.2.2",47.7897754807985,NA,NA,NA,NA,NA,NA,NA,NA,NA,NA,NA,NA
"ACTTGTTAGTACATGA-500.2.2",NA,NA,NA,NA,NA,NA,NA,48.6268922981081,NA,NA,NA,NA,NA
"ACTTTCAAGCACAGGT-500.2.2",NA,NA,NA,NA,50.9053740765852,NA,NA,NA,NA,NA,NA,NA,NA
"ACTTTCACATGTCGAT-500.2.2",NA,NA,NA,60.7487600791186,NA,NA,NA,NA,NA,NA,NA,NA,NA
"ACTTTCAGTAAACACA-500.2.2",NA,NA,NA,NA,48.8969993853055,NA,NA,NA,NA,NA,NA,NA,NA
"ACTTTCATCGGCATCG-500.2.2",NA,NA,NA,NA,62.8374227651175,NA,NA,NA,NA,NA,NA,NA,NA
"AGAATAGCAGTCACTA-500.2.2",NA,NA,NA,NA,NA,55.9245688563505,NA,NA,NA,NA,NA,NA,NA
"AGACGTTCAGGATTGG-500.2.2",36.9177591947842,NA,NA,NA,NA,NA,NA,NA,NA,NA,NA,NA,NA
"AGACGTTTCACGCATA-500.2.2",NA,NA,NA,NA,NA,57.0519190802462,NA,NA,NA,NA,NA,NA,NA
"AGAGCGAAGTCCTCCT-500.2.2",NA,NA,NA,NA,45.9071930620396,NA,NA,NA,NA,NA,NA,NA,NA
"AGAGCTTAGCTACCGC-500.2.2",NA,NA,NA,50.003198168512,NA,NA,NA,NA,NA,NA,NA,NA,NA
"AGAGCTTCATCCGTGG-500.2.2",NA,NA,NA,NA,NA,NA,NA,50.8488582811443,NA,NA,NA,NA,NA
"AGAGCTTGTGGACGAT-500.2.2",NA,NA,NA,NA,63.5420385560429,NA,NA,NA,NA,NA,NA,NA,NA
"AGAGTGGCACATAACC-500.2.2",NA,NA,NA,NA,62.3627754416419,NA,NA,NA,NA,NA,NA,NA,NA
"AGAGTGGCACGTTGGC-500.2.2",39.6831216092547,NA,NA,NA,NA,NA,NA,NA,NA,NA,NA,NA,NA
"AGATCTGAGCTGAACG-500.2.2",NA,NA,45.2743052672147,NA,NA,NA,NA,NA,NA,NA,NA,NA,NA
"AGCAGCCGTCCTCCAT-500.2.2",49.6658405680149,NA,NA,NA,NA,NA,NA,NA,NA,NA,NA,NA,NA
"AGCCTAATCGTTTAGG-500.2.2",NA,NA,NA,NA,NA,NA,NA,46.0973811249772,NA,NA,NA,NA,NA
"AGCGGTCTCTATGTGG-500.2.2",NA,NA,NA,38.4208609123499,NA,NA,NA,NA,NA,NA,NA,NA,NA
"AGCGGTCTCTGGTATG-500.2.2",NA,47.7678221689057,NA,NA,NA,NA,NA,NA,NA,NA,NA,NA,NA
"AGCTCCTCATTCCTCG-500.2.2",NA,NA,40.1117027507988,NA,NA,NA,NA,NA,NA,NA,NA,NA,NA
"AGCTCCTTCCCTAATT-500.2.2",NA,NA,NA,NA,47.1884632814093,NA,NA,NA,NA,NA,NA,NA,NA
"AGCTTGAAGCTAACTC-500.2.2",NA,NA,NA,NA,NA,51.4299312928536,NA,NA,NA,NA,NA,NA,NA
"AGGCCACCACATTAGC-500.2.2",47.2785126034373,NA,NA,NA,NA,NA,NA,NA,NA,NA,NA,NA,NA
"AGGCCGTGTCTCACCT-500.2.2",54.2568846563421,NA,NA,NA,NA,NA,NA,NA,NA,NA,NA,NA,NA
"AGGGAGTAGTCAATAG-500.2.2",22.5095107632114,NA,NA,NA,NA,NA,NA,NA,NA,NA,NA,NA,NA
"AGGGATGTCCCTTGCA-500.2.2",42.0172068682219,NA,NA,NA,NA,NA,NA,NA,NA,NA,NA,NA,NA
"AGGTCATTCAAACGGG-500.2.2",NA,NA,NA,35.2406000525178,NA,NA,NA,NA,NA,NA,NA,NA,NA
"AGGTCCGGTAAGGGAA-500.2.2",NA,NA,NA,NA,55.0470953612893,NA,NA,NA,NA,NA,NA,NA,NA
"AGTAGTCTCTGGCGAC-500.2.2",24.7818540288709,24.2086318214735,24.4382325609996,24.4747955027187,24.4883634169498,24.2075286848109,24.2801975979253,24.3333930493678,NA,NA,NA,NA,NA
"AGTCTTTGTAAATACG-500.2.2",NA,NA,NA,NA,NA,NA,NA,44.5166973269912,NA,NA,NA,NA,NA
"AGTGAGGAGAGGACGG-500.2.2",35.9378745716657,33.2453450775627,36.9191574763229,35.1420143293172,34.3348287736297,37.3647960104388,37.4247410703189,37.0452975775582,NA,NA,NA,NA,NA
"AGTGTCAAGGTGTTAA-500.2.2",36.5831148552972,NA,NA,NA,NA,41.485049904933,NA,40.0414861068449,NA,NA,NA,NA,NA
"ATAACGCGTAAGAGAG-500.2.2",41.1198196498956,NA,NA,NA,NA,NA,NA,NA,NA,NA,NA,NA,NA
"ATCACGACAAGCTGGA-500.2.2",NA,NA,NA,NA,60.5188710183417,NA,NA,NA,NA,NA,NA,NA,NA
"ATCCACCGTGTGCCTG-500.2.2",NA,62.158694531954,NA,NA,NA,NA,NA,NA,NA,NA,NA,NA,NA
"ATCCACCGTTAGATGA-500.2.2",NA,NA,40.4196844326054,NA,NA,NA,NA,NA,NA,NA,NA,NA,NA
"ATCTACTTCGGCGCTA-500.2.2",NA,48.1851235071399,NA,NA,NA,NA,NA,NA,NA,NA,NA,NA,NA
"ATCTGCCCACTGAAGG-500.2.2",40.3391042228859,NA,NA,NA,NA,NA,NA,NA,NA,NA,NA,NA,NA
"ATCTGCCCATCACCCT-500.2.2",NA,44.5580488048008,NA,NA,NA,NA,NA,NA,NA,NA,NA,NA,NA
"ATTACTCAGCTAGTGG-500.2.2",NA,59.5829267874923,NA,NA,NA,NA,NA,NA,NA,NA,NA,NA,NA
"ATTGGACCATATGGTC-500.2.2",NA,NA,NA,NA,64.1619233195085,NA,NA,NA,NA,NA,NA,NA,NA
"ATTGGTGGTCATACTG-500.2.2",NA,NA,NA,NA,NA,NA,NA,56.5164399658864,NA,NA,NA,NA,NA
"ATTGGTGTCGTAGGAG-500.2.2",46.1751816971817,NA,NA,NA,NA,NA,NA,NA,NA,NA,NA,NA,NA
"ATTGGTGTCTGCTTGC-500.2.2",NA,NA,NA,48.8189215832658,NA,NA,NA,NA,NA,NA,NA,NA,NA
"ATTTCTGTCTGGGCCA-500.2.2",27.3109186617968,26.4809287071991,26.8038075957817,27.1599091131114,26.2191423694621,26.6659661210041,26.4799138011258,26.4980479441841,NA,NA,NA,NA,NA
"CAACCTCGTGGTTTCA-500.2.2",41.1638141469592,NA,NA,NA,NA,NA,NA,NA,NA,NA,NA,NA,NA
"CAAGAAATCTGATTCT-500.2.2",NA,NA,NA,NA,NA,55.6186869739341,NA,NA,NA,NA,NA,NA,NA
"CAAGTTGGTCCAGTTA-500.2.2",37.4736570666168,NA,NA,NA,NA,42.2536475731198,NA,40.8844295209003,NA,NA,NA,NA,NA
"CACAGGCCAATCAGAA-500.2.2",NA,NA,46.0322789652859,NA,NA,NA,NA,NA,NA,NA,NA,NA,NA
"CACAGTACAATCGGTT-500.2.2",NA,NA,NA,NA,NA,NA,NA,41.0999852767778,NA,NA,NA,NA,NA
"CACAGTATCGCAAGCC-500.2.2",NA,NA,NA,NA,NA,NA,56.0805181102744,NA,NA,NA,NA,NA,NA
"CACATAGCAGTAGAGC-500.2.2",NA,NA,NA,NA,35.8076520349601,NA,NA,NA,NA,NA,NA,NA,NA
"CACATAGTCTGTACGA-500.2.2",NA,NA,56.2748720178596,NA,NA,NA,NA,NA,NA,NA,NA,NA,NA
"CACATAGTCTTTAGTC-500.2.2",NA,NA,NA,NA,NA,58.700855618145,NA,NA,NA,NA,NA,NA,NA
"CACATTTGTTAGTGGG-500.2.2",NA,NA,NA,NA,54.1694846094459,NA,NA,NA,NA,NA,NA,NA,NA
"CACCACTCATCAGTCA-500.2.2",48.978244161233,NA,NA,NA,NA,NA,NA,NA,NA,NA,NA,NA,NA
"CACCAGGCATAGAAAC-500.2.2",NA,NA,NA,NA,NA,NA,NA,48.9196521244073,NA,NA,NA,NA,NA
"CACCAGGGTGAGGCTA-500.2.2",NA,NA,NA,NA,45.5239869599128,NA,NA,NA,NA,NA,NA,NA,NA
"CACTCCAAGATGTAAC-500.2.2",NA,NA,NA,NA,49.9175403749668,NA,NA,NA,NA,NA,NA,NA,NA
"CACTCCAAGCCAGTAG-500.2.2",NA,NA,NA,NA,NA,NA,NA,49.3436549039845,NA,NA,NA,NA,NA
"CACTCCACACACCGCA-500.2.2",NA,NA,NA,NA,NA,54.0381484906181,NA,NA,NA,NA,NA,NA,NA
"CAGAGAGTCTTGTTTG-500.2.2",NA,NA,NA,NA,NA,NA,NA,59.8608681265574,NA,NA,NA,NA,NA
"CAGCAGCAGTGATCGG-500.2.2",33.6800737833577,32.9741270620861,33.4265142238819,32.7566770553602,31.9212654006862,35.0153215717788,35.2161611094684,35.5999416962681,NA,NA,NA,NA,NA
"CAGCAGCCACGCTTTC-500.2.2",NA,NA,NA,NA,NA,NA,47.8730438782901,NA,NA,NA,NA,NA,NA
"CAGCAGCCATGGGACA-500.2.2",NA,47.5057024860252,NA,NA,NA,NA,NA,NA,NA,NA,NA,NA,NA
"CAGCGACGTCTAGTGT-500.2.2",39.1982143790117,NA,NA,NA,NA,NA,NA,NA,NA,NA,NA,NA,NA
"CAGCTGGAGTCCAGGA-500.2.2",NA,55.3045469586259,NA,NA,NA,NA,NA,NA,NA,NA,NA,NA,NA
"CAGCTGGGTACAGTGG-500.2.2",38.3194274128344,NA,NA,NA,NA,NA,NA,NA,NA,NA,NA,NA,NA
"CAGCTGGTCACTGGGC-500.2.2",NA,NA,NA,NA,48.3015136225632,NA,NA,NA,NA,NA,NA,NA,NA
"CAGCTGGTCGCATGGC-500.2.2",NA,NA,56.7873726933945,NA,NA,NA,NA,NA,NA,NA,NA,NA,NA
"CAGGTGCCAAGTACCT-500.2.2",NA,62.9026400371734,NA,NA,NA,NA,NA,NA,NA,NA,NA,NA,NA
"CAGTCCTCAGCTCCGA-500.2.2",NA,NA,NA,NA,NA,NA,61.4063743033539,NA,NA,NA,NA,NA,NA
"CATATGGTCCGTTGCT-500.2.2",NA,55.4908039766579,NA,NA,NA,NA,NA,NA,NA,NA,NA,NA,NA
"CATCAAGCACATTTCT-500.2.2",NA,NA,NA,NA,56.3404906934799,NA,NA,NA,NA,NA,NA,NA,NA
"CATCCACTCGTCACGG-500.2.2",NA,NA,NA,NA,NA,NA,58.7640542992632,NA,NA,NA,NA,NA,NA
"CATCGAACAAGACACG-500.2.2",NA,NA,NA,54.0915506176524,NA,NA,NA,NA,NA,NA,NA,NA,NA
"CATCGGGTCAGCCTAA-500.2.2",NA,52.2685391941236,NA,NA,NA,NA,NA,NA,NA,NA,NA,NA,NA
"CATGCCTAGAATAGGG-500.2.2",44.3660575312469,NA,NA,NA,NA,NA,NA,NA,NA,NA,NA,NA,NA
"CATTATCAGCCACGTC-500.2.2",NA,NA,NA,NA,NA,NA,NA,41.7831790600243,NA,NA,NA,NA,NA
"CATTATCCACACGCTG-500.2.2",NA,NA,NA,NA,62.4606563217842,NA,NA,NA,NA,NA,NA,NA,NA
"CATTATCGTTCGTGAT-500.2.2",46.5606023430494,NA,NA,NA,NA,NA,NA,NA,NA,NA,NA,NA,NA
"CCAGCGAGTCAGATAA-500.2.2",NA,NA,58.6267025443552,NA,NA,NA,NA,NA,NA,NA,NA,NA,NA
"CCATGTCCAAGCGTAG-500.2.2",NA,NA,NA,43.0167411837143,NA,NA,NA,NA,NA,NA,NA,NA,NA
"CCATGTCGTCATCCCT-500.2.2",NA,NA,NA,NA,NA,NA,52.2187405106329,NA,NA,NA,NA,NA,NA
"CCCAATCGTCTAGGTT-500.2.2",NA,53.5470020397897,NA,NA,NA,NA,NA,NA,NA,NA,NA,NA,NA
"CCCAATCTCGATCCCT-500.2.2",NA,NA,NA,NA,NA,NA,NA,49.8064011620823,NA,NA,NA,NA,NA
"CCCATACAGAATTCCC-500.2.2",46.2907592230798,NA,NA,NA,NA,NA,NA,NA,NA,NA,NA,NA,NA
"CCCTCCTGTGAGCGAT-500.2.2",NA,NA,NA,NA,NA,NA,60.5411357509052,NA,NA,NA,NA,NA,NA
"CCGGTAGAGCGGATCA-500.2.2",35.5668959795622,NA,NA,NA,NA,NA,NA,NA,NA,NA,NA,NA,NA
"CCGTACTCACAGGTTT-500.2.2",NA,NA,NA,NA,NA,NA,NA,57.698006612704,NA,NA,NA,NA,NA
"CCGTACTGTCTAGCGC-500.2.2",NA,NA,NA,NA,NA,NA,NA,47.72685768394,NA,NA,NA,NA,NA
"CCGTACTTCACGCATA-500.2.2",NA,NA,52.461439617246,NA,NA,NA,NA,NA,NA,NA,NA,NA,NA
"CCGTACTTCAGGCGAA-500.2.2",NA,NA,59.5133045859312,NA,NA,NA,NA,NA,NA,NA,NA,NA,NA
"CCGTGGAAGCGGATCA-500.2.2",NA,NA,NA,58.5444744797162,NA,NA,NA,NA,NA,NA,NA,NA,NA
"CCGTGGAGTCAGAGGT-500.2.2",NA,NA,NA,NA,50.5471748446322,NA,NA,NA,NA,NA,NA,NA,NA
"CCGTGGATCCTCCTAG-500.2.2",NA,NA,NA,NA,NA,NA,NA,48.2987565329245,NA,NA,NA,NA,NA
"CCTAAAGTCTAACTGG-500.2.2",NA,NA,NA,59.8748534797856,NA,NA,NA,NA,NA,NA,NA,NA,NA
"CCTAGCTGTGCACGAA-500.2.2",NA,NA,NA,NA,NA,NA,NA,49.6344526761079,NA,NA,NA,NA,NA
"CCTATTACACAGTCGC-500.2.2",NA,NA,NA,NA,50.5014553373788,NA,NA,NA,NA,NA,NA,NA,NA
"CCTATTACACTGAAGG-500.2.2",NA,NA,NA,NA,63.6191815363003,NA,NA,NA,NA,NA,NA,NA,NA
"CCTCAGTTCGCCTGTT-500.2.2",NA,NA,NA,NA,NA,NA,NA,47.3408368654218,NA,NA,NA,NA,NA
"CCTTCCCGTGTGGTTT-500.2.2",NA,NA,NA,45.5733581498976,NA,NA,NA,NA,NA,NA,NA,NA,NA
"CGAACATAGATATACG-500.2.2",36.1873649824919,34.3175227604277,37.2808039859163,35.5129056053471,34.2087548248176,37.4749648080659,37.1776122261918,37.7607993931133,NA,NA,NA,NA,NA
"CGAACATGTGTGGTTT-500.2.2",NA,NA,NA,NA,NA,52.5477046867226,NA,NA,NA,NA,NA,NA,NA
"CGAATGTCAGACAGGT-500.2.2",37.6928702747439,21.557099745601,21.6614194186288,21.8868642041943,21.1848826336539,21.4253700249882,21.5374145028528,21.5219036546261,NA,NA,NA,NA,NA
"CGAATGTTCATGTGGT-500.2.2",NA,NA,NA,NA,NA,49.1570994485925,NA,NA,NA,NA,NA,NA,NA
"CGACCTTTCGGAATCT-500.2.2",NA,NA,NA,NA,NA,48.4259484756031,NA,NA,NA,NA,NA,NA,NA
"CGACTTCAGAAGAAGC-500.2.2",NA,NA,NA,NA,NA,NA,46.3202100585991,NA,NA,NA,NA,NA,NA
"CGACTTCAGCGTGAGT-500.2.2",47.4771138529817,NA,NA,NA,NA,NA,NA,NA,NA,NA,NA,NA,NA
"CGACTTCAGTGACATA-500.2.2",NA,NA,NA,NA,NA,56.2883110638637,NA,NA,NA,NA,NA,NA,NA
"CGAGCACGTAGGGTAC-500.2.2",NA,NA,NA,NA,NA,NA,NA,41.5174782259151,NA,NA,NA,NA,NA
"CGATGGCGTTGGTGGA-500.2.2",50.2667165228701,NA,NA,NA,NA,NA,NA,NA,NA,NA,NA,NA,NA
"CGCGGTAAGTACGCGA-500.2.2",NA,NA,NA,28.9564742461297,NA,NA,NA,NA,NA,NA,NA,NA,NA
"CGCTATCGTAGGAGTC-500.2.2",NA,NA,56.3338269519582,NA,NA,NA,NA,NA,NA,NA,NA,NA,NA
"CGCTGGAAGAACTGTA-500.2.2",NA,NA,NA,NA,NA,NA,55.368749399549,NA,NA,NA,NA,NA,NA
"CGCTGGACAGATCGGA-500.2.2",NA,NA,NA,NA,NA,NA,NA,53.6212409120463,NA,NA,NA,NA,NA
"CGCTTCACAACTGCTA-500.2.2",NA,NA,NA,NA,NA,NA,42.1606705900984,NA,NA,NA,NA,NA,NA
"CGGACACAGCCTCGTG-500.2.2",NA,NA,NA,NA,44.7876323783807,NA,NA,NA,NA,NA,NA,NA,NA
"CGGACACAGTGATCGG-500.2.2",44.6660085369855,NA,NA,NA,NA,NA,NA,NA,NA,NA,NA,NA,NA
"CGGACGTGTCAATACC-500.2.2",NA,NA,NA,NA,40.2798494098388,NA,NA,NA,NA,NA,NA,NA,NA
"CGGACGTTCTTTACAC-500.2.2",NA,NA,61.0100281792444,NA,NA,NA,NA,NA,NA,NA,NA,NA,NA
"CGGACTGAGGTTCCTA-500.2.2",33.2324577205095,32.143862451031,35.8398155689578,30.2296965591152,29.8283272041695,36.3427630612616,30.2031916315347,31.8400459432918,NA,NA,NA,NA,NA
"CGGACTGCATGCTGGC-500.2.2",NA,NA,NA,NA,NA,NA,56.6166733317577,NA,NA,NA,NA,NA,NA
"CGGAGCTCAAGACGTG-500.2.2",43.9945023411975,NA,NA,NA,NA,NA,NA,NA,NA,NA,NA,NA,NA
"CGGAGTCTCCAACCAA-500.2.2",35.7527841805634,NA,NA,NA,NA,NA,NA,NA,NA,NA,NA,NA,NA
"CGGCTAGAGTCCTCCT-500.2.2",NA,54.503471836043,NA,NA,NA,NA,NA,NA,NA,NA,NA,NA,NA
"CGGGTCATCTCTTGAT-500.2.2",NA,NA,NA,NA,51.2181676308052,NA,NA,NA,NA,NA,NA,NA,NA
"CGTCAGGGTAAACCTC-500.2.2",NA,NA,NA,NA,NA,NA,61.9986432840429,NA,NA,NA,NA,NA,NA
"CGTTAGAAGCAGCCTC-500.2.2",NA,NA,NA,NA,NA,54.9497415122226,NA,NA,NA,NA,NA,NA,NA
"CGTTCTGGTATGCTTG-500.2.2",47.4653034092447,NA,NA,NA,NA,NA,NA,NA,NA,NA,NA,NA,NA
"CTAATGGTCATTCACT-500.2.2",NA,NA,NA,NA,NA,NA,58.8690569510056,NA,NA,NA,NA,NA,NA
"CTACATTGTCATACTG-500.2.2",NA,NA,NA,NA,50.9732626792127,NA,NA,NA,NA,NA,NA,NA,NA
"CTCACACAGTGGTCCC-500.2.2",24.2344191029594,23.9998471147868,24.1625960155045,24.2264799255672,23.8663837815704,23.9917226336377,23.9786852835035,23.9799013772734,NA,NA,NA,NA,NA
"CTCAGAATCTTAACCT-500.2.2",NA,64.7712813534484,NA,NA,NA,NA,NA,NA,NA,NA,NA,NA,NA
"CTCCTAGTCCTGTAGA-500.2.2",38.4919823347512,NA,NA,NA,NA,43.6303910095493,NA,44.4178712205719,NA,NA,NA,NA,NA
"CTCGGAGGTGAGGGTT-500.2.2",NA,37.7489669388632,NA,NA,NA,NA,NA,NA,NA,NA,NA,NA,NA
"CTCGGGACAATGAATG-500.2.2",31.9783910777231,25.2908993436353,25.65002368615,25.6531073968573,24.7297461152599,25.6758854583916,25.3184012338335,25.5895717054921,NA,NA,NA,NA,NA
"CTCGGGACATTAACCG-500.2.2",NA,NA,51.2422230844577,NA,NA,NA,NA,NA,NA,NA,NA,NA,NA
"CTCGGGAGTCTAAACC-500.2.2",NA,NA,NA,NA,NA,NA,NA,45.9848989098385,NA,NA,NA,NA,NA
"CTGAAACAGGCAGTCA-500.2.2",NA,NA,NA,59.9604002902496,NA,NA,NA,NA,NA,NA,NA,NA,NA
"CTGATCCGTAAGTTCC-500.2.2",NA,NA,54.6061483834081,NA,NA,NA,NA,NA,NA,NA,NA,NA,NA
"CTTAACTCATCGGAAG-500.2.2",NA,49.2015167983162,NA,NA,NA,NA,NA,NA,NA,NA,NA,NA,NA
"CTTAACTGTGTCGCTG-500.2.2",24.5614545806092,23.5976375181695,23.825239723291,23.8610318951819,23.13421827515,23.5666209079519,23.5477230148855,23.639673332819,NA,NA,NA,NA,NA
"CTTACCGTCTGCGGCA-500.2.2",NA,NA,NA,NA,NA,48.1859035321258,NA,46.3272316567498,NA,NA,NA,NA,NA
"CTTCTCTCAGCTTCGG-500.2.2",NA,NA,NA,NA,52.3663169466638,NA,NA,NA,NA,NA,NA,NA,NA
"CTTCTCTGTCTTGCGG-500.2.2",NA,NA,NA,NA,46.7485481086922,NA,NA,NA,NA,NA,NA,NA,NA
"CTTCTCTGTGCCTGTG-500.2.2",NA,NA,NA,NA,63.5628942367138,NA,NA,NA,NA,NA,NA,NA,NA
"CTTTGCGTCCGTAGGC-500.2.2",NA,NA,NA,NA,NA,39.9756000858038,NA,NA,NA,NA,NA,NA,NA
"GAAATGAAGGTGCTAG-500.2.2",24.8115476997286,24.565295709877,24.7096799095393,24.6944210345016,24.3782407521762,24.4759791509916,24.6050623947504,24.6154437955066,NA,NA,NA,NA,NA
"GAACATCAGTACGTTC-500.2.2",NA,NA,NA,NA,43.3590819101764,NA,NA,NA,NA,NA,NA,NA,NA
"GAACATCGTTCAGTAC-500.2.2",22.5560130171764,NA,NA,NA,NA,NA,NA,NA,NA,NA,NA,NA,NA
"GAACATCTCATGCATG-500.2.2",40.6778786563272,NA,NA,NA,NA,NA,NA,NA,NA,NA,NA,NA,NA
"GAACCTATCCTTTCGG-500.2.2",NA,NA,NA,NA,50.708110416902,NA,NA,NA,NA,NA,NA,NA,NA
"GAACGGACAATGAATG-500.2.2",24.4946077113632,NA,NA,NA,NA,NA,NA,NA,NA,NA,NA,NA,NA
"GACCAATCAGACGTAG-500.2.2",NA,NA,NA,NA,NA,NA,NA,48.8879496784041,NA,NA,NA,NA,NA
"GACCAATGTGTTTGGT-500.2.2",46.0829827837609,NA,NA,NA,NA,NA,NA,NA,NA,NA,NA,NA,NA
"GACCTGGCACGGTTTA-500.2.2",24.4000916385326,23.9793777258086,24.1946960506955,24.118812618241,23.8755969615534,24.1983518164716,23.8951009008527,23.9799013772734,NA,NA,NA,NA,NA
"GACGCGTTCATTGCGA-500.2.2",NA,NA,NA,NA,59.5942977688691,NA,NA,NA,NA,NA,NA,NA,NA
"GACGGCTTCGCAAACT-500.2.2",26.4276019090983,NA,NA,NA,NA,NA,NA,NA,NA,NA,NA,NA,NA
"GACTACATCAACGGGA-500.2.2",46.402368579716,NA,NA,NA,NA,NA,NA,NA,NA,NA,NA,NA,NA
"GACTGCGCATCCGCGA-500.2.2",41.9228715026135,NA,NA,NA,NA,NA,NA,NA,NA,NA,NA,NA,NA
"GAGGTGACAGCGTTCG-500.2.2",NA,NA,NA,NA,NA,NA,NA,49.3905747329832,NA,NA,NA,NA,NA
"GAGGTGATCCTGCCAT-500.2.2",37.470011515952,NA,NA,NA,NA,NA,NA,NA,NA,NA,NA,NA,NA
"GATCAGTAGATTACCC-500.2.2",46.029053229263,NA,NA,NA,NA,NA,NA,NA,NA,NA,NA,NA,NA
"GATCAGTTCTCTGCTG-500.2.2",NA,NA,46.4237308531055,NA,NA,NA,NA,NA,NA,NA,NA,NA,NA
"GATGAAATCGCGATCG-500.2.2",NA,NA,39.9958055959242,NA,NA,40.4444625907395,NA,NA,NA,NA,NA,NA,NA
"GATTCAGCAATCACAC-500.2.2",55.1872776223775,NA,NA,NA,NA,NA,NA,NA,NA,NA,NA,NA,NA
"GCAAACTTCCGAATGT-500.2.2",NA,NA,NA,NA,NA,47.397833810675,NA,NA,NA,NA,NA,NA,NA
"GCACTCTGTCCTCTTG-500.2.2",NA,NA,NA,NA,NA,NA,NA,49.9476057408097,NA,NA,NA,NA,NA
"GCATGCGGTCTTCTCG-500.2.2",44.3972472380398,NA,NA,NA,NA,NA,NA,NA,NA,NA,NA,NA,NA
"GCATGTAGTTGTCTTT-500.2.2",45.8135001270245,NA,NA,NA,NA,NA,NA,NA,NA,NA,NA,NA,NA
"GCCTCTACACGAAGCA-500.2.2",NA,NA,NA,NA,NA,NA,NA,58.62149559782,NA,NA,NA,NA,NA
"GCCTCTACAGTGACAG-500.2.2",46.7756882317465,NA,NA,NA,NA,NA,NA,NA,NA,NA,NA,NA,NA
"GCCTCTATCTCGAGTA-500.2.2",NA,NA,NA,NA,NA,NA,NA,49.5327475232865,NA,NA,NA,NA,NA
"GCCTCTATCTCGGACG-500.2.2",NA,NA,NA,NA,NA,47.0413032059103,NA,45.3404401827639,NA,NA,NA,NA,NA
"GCGACCACAGATCTGT-500.2.2",NA,NA,NA,NA,NA,47.4082813436064,NA,NA,NA,NA,NA,NA,NA
"GCGAGAATCCTGCTTG-500.2.2",NA,NA,NA,NA,NA,NA,NA,43.7679201501166,NA,NA,NA,NA,NA
"GCGCAACCACAGCGTC-500.2.2",24.3763360488728,23.9998471147868,24.1658692340898,24.1500064282327,24.3188117647877,23.9968914817147,24.0042224306834,23.9966524949773,NA,NA,NA,NA,NA
"GCGCAGTGTACAGTTC-500.2.2",NA,52.6798928897797,NA,NA,NA,NA,NA,NA,NA,NA,NA,NA,NA
"GCGCGATAGGAGCGAG-500.2.2",NA,NA,NA,NA,NA,NA,NA,52.8641151802494,NA,NA,NA,NA,NA
"GCTGCAGAGTGCTGCC-500.2.2",39.5798117516221,NA,NA,NA,NA,NA,NA,NA,NA,NA,NA,NA,NA
"GCTGCAGTCAACCAAC-500.2.2",NA,NA,54.5161978134628,NA,NA,NA,NA,NA,NA,NA,NA,NA,NA
"GCTGCGAAGGAGTTTA-500.2.2",37.7469537337219,26.5662536852578,37.3601718027614,NA,NA,41.8678429709592,38.7608314170842,41.3432067323009,NA,NA,NA,NA,NA
"GCTTCCAGTACCGAGA-500.2.2",NA,NA,NA,NA,NA,NA,46.5393880914307,NA,NA,NA,NA,NA,NA
"GCTTGAAAGTGCCAGA-500.2.2",NA,NA,NA,53.8552629315186,NA,NA,NA,NA,NA,NA,NA,NA,NA
"GCTTGAAGTTACGGAG-500.2.2",45.6269952860578,NA,NA,NA,NA,NA,NA,NA,NA,NA,NA,NA,NA
"GGAAAGCGTGAGGGAG-500.2.2",NA,57.674714692189,NA,NA,NA,NA,NA,NA,NA,NA,NA,NA,NA
"GGAACTTAGTATCTCG-500.2.2",NA,NA,NA,NA,53.1288204968272,NA,NA,NA,NA,NA,NA,NA,NA
"GGACAAGTCATCGATG-500.2.2",NA,NA,NA,NA,NA,NA,NA,51.5240336506672,NA,NA,NA,NA,NA
"GGACAAGTCGTCTGAA-500.2.2",52.24317280003,NA,NA,NA,NA,NA,NA,NA,NA,NA,NA,NA,NA
"GGACAGAAGAGGGATA-500.2.2",NA,NA,NA,59.4441786250996,NA,NA,NA,NA,NA,NA,NA,NA,NA
"GGACATTCAGCGATCC-500.2.2",NA,NA,NA,NA,49.5770806693228,NA,NA,NA,NA,NA,NA,NA,NA
"GGACATTCATCCTAGA-500.2.2",NA,NA,NA,NA,NA,NA,NA,48.615724443805,NA,NA,NA,NA,NA
"GGAGCAAAGATGTGGC-500.2.2",NA,NA,NA,NA,NA,42.2882395447185,NA,NA,NA,NA,NA,NA,NA
"GGAGCAAGTCTCTCTG-500.2.2",NA,NA,NA,NA,NA,NA,NA,48.2283042902142,NA,NA,NA,NA,NA
"GGATTACCACCTCGTT-500.2.2",NA,NA,NA,NA,NA,NA,58.9626562204108,NA,NA,NA,NA,NA,NA
"GGCAATTAGCCACGCT-500.2.2",NA,NA,NA,37.3559923974784,NA,NA,NA,NA,NA,NA,NA,NA,NA
"GGCAATTAGTGTTAGA-500.2.2",33.4567135640266,32.2012290328933,37.7342712850631,32.074331810793,31.188658780504,35.3820688115173,32.2133771232103,32.9641362185515,NA,NA,NA,NA,NA
"GGCAATTTCTCACATT-500.2.2",NA,NA,NA,NA,NA,NA,NA,47.0660562261902,NA,NA,NA,NA,NA
"GGCCGATCACGAGGTA-500.2.2",NA,NA,NA,52.3291859482186,NA,NA,NA,NA,NA,NA,NA,NA,NA
"GGCGACTGTAGGCATG-500.2.2",NA,NA,NA,NA,NA,50.9422091386476,NA,NA,NA,NA,NA,NA,NA
"GGCTCGAGTTTAGGAA-500.2.2",39.0417978919635,NA,NA,NA,NA,NA,NA,NA,NA,NA,NA,NA,NA
"GGCTCGATCGCGTTTC-500.2.2",34.279778579103,25.0649627998639,25.3354660370955,25.4499447969137,24.504922847431,24.9893928509876,24.8402452625275,25.0850432492924,NA,NA,NA,NA,NA
"GGCTGGTCACTTCGAA-500.2.2",NA,NA,41.2887836070188,NA,NA,NA,NA,NA,NA,NA,NA,NA,NA
"GGGAATGTCTCCGGTT-500.2.2",44.7214891662693,NA,NA,NA,NA,NA,NA,NA,NA,NA,NA,NA,NA
"GGGACCTCAAGTAGTA-500.2.2",31.2099549473361,27.8242954701776,28.338503970944,27.9260613297615,27.1624346563606,27.7805222699463,27.9526164461097,28.8867669166907,NA,NA,NA,NA,NA
"GGGAGATAGTGGAGTC-500.2.2",NA,NA,44.7481526114846,NA,NA,NA,NA,NA,NA,NA,NA,NA,NA
"GGGAGATCAATCCGAT-500.2.2",NA,NA,NA,NA,NA,NA,NA,47.5276952709051,NA,NA,NA,NA,NA
"GGGAGATTCATTCACT-500.2.2",47.0992764389331,NA,NA,NA,NA,NA,NA,NA,NA,NA,NA,NA,NA
"GGGTTGCAGCAGCCTC-500.2.2",NA,NA,NA,NA,NA,49.3501421753294,NA,48.1588559353935,NA,NA,NA,NA,NA
"GGGTTGCAGTACTTGC-500.2.2",NA,NA,NA,NA,43.0536927857751,NA,NA,NA,NA,NA,NA,NA,NA
"GGGTTGCGTCACTTCC-500.2.2",40.5176713564834,NA,NA,NA,NA,NA,NA,NA,NA,NA,NA,NA,NA
"GTAACGTGTCATCCCT-500.2.2",NA,NA,NA,NA,NA,NA,NA,56.3787680765009,NA,NA,NA,NA,NA
"GTACTCCAGATCGATA-500.2.2",NA,24.031551589511,NA,NA,NA,NA,NA,NA,NA,NA,NA,NA,NA
"GTACTCCGTCTAGTGT-500.2.2",43.3423823300233,NA,NA,NA,NA,NA,NA,NA,NA,NA,NA,NA,NA
"GTACTCCTCTGGCGAC-500.2.2",NA,NA,NA,NA,NA,55.7195596076792,NA,NA,NA,NA,NA,NA,NA
"GTACTTTAGATCCCGC-500.2.2",NA,NA,NA,NA,NA,55.0488830325005,NA,NA,NA,NA,NA,NA,NA
"GTAGGCCGTACGCACC-500.2.2",NA,NA,NA,NA,NA,NA,NA,51.2035013350463,NA,NA,NA,NA,NA
"GTAGTCAAGTCCTCCT-500.2.2",NA,NA,NA,NA,NA,NA,NA,56.5347681534332,NA,NA,NA,NA,NA
"GTAGTCACACCCATTC-500.2.2",NA,NA,NA,40.1966064834003,NA,NA,NA,NA,NA,NA,NA,NA,NA
"GTATTCTGTTGCGTTA-500.2.2",NA,NA,NA,NA,NA,NA,54.8915264371072,NA,NA,NA,NA,NA,NA
"GTCAAGTAGACCGGAT-500.2.2",NA,NA,NA,NA,NA,NA,NA,44.1448252719053,NA,NA,NA,NA,NA
"GTCACAAGTGAGTGAC-500.2.2",NA,NA,NA,NA,NA,48.6132492041261,NA,NA,NA,NA,NA,NA,NA
"GTCATTTCAGCTTCGG-500.2.2",NA,NA,NA,58.8692149294302,NA,NA,NA,NA,NA,NA,NA,NA,NA
"GTCCTCATCATGCATG-500.2.2",47.2070571802,NA,NA,NA,NA,NA,NA,NA,NA,NA,NA,NA,NA
"GTCGGGTTCGTCGTTC-500.2.2",NA,NA,NA,NA,43.3449224458187,NA,NA,NA,NA,NA,NA,NA,NA
"GTCGTAAAGACAAGCC-500.2.2",NA,NA,57.5589841061519,NA,NA,NA,NA,NA,NA,NA,NA,NA,NA
"GTCGTAAAGTAGCCGA-500.2.2",NA,NA,NA,NA,NA,NA,46.7109537971259,NA,NA,NA,NA,NA,NA
"GTGCATAAGATCCCGC-500.2.2",NA,NA,NA,NA,NA,53.1886624077018,NA,NA,NA,NA,NA,NA,NA
"GTGCTTCTCTCCTATA-500.2.2",NA,NA,NA,NA,NA,NA,57.0350369519772,NA,NA,NA,NA,NA,NA
"GTGTTAGAGAAGGCCT-500.2.2",NA,NA,NA,NA,NA,NA,50.6991209378874,NA,NA,NA,NA,NA,NA
"GTGTTAGTCAGTCAGT-500.2.2",42.6694290976014,NA,NA,NA,NA,NA,NA,NA,NA,NA,NA,NA,NA
"GTGTTAGTCCGAATGT-500.2.2",48.6694434415447,NA,NA,NA,NA,NA,NA,NA,NA,NA,NA,NA,NA
"GTTAAGCCACTGTCGG-500.2.2",47.9439408985798,NA,NA,NA,NA,NA,NA,NA,NA,NA,NA,NA,NA
"GTTCATTGTCTCTTTA-500.2.2",35.4865464211623,25.6434614943192,26.2601618143659,26.0142536509383,25.1531522052753,40.1322059492836,25.4876674609093,26.2312776417565,NA,NA,NA,NA,NA
"GTTCATTTCGTAGATC-500.2.2",NA,NA,NA,NA,NA,NA,NA,48.2283042902142,NA,NA,NA,NA,NA
"GTTCGGGTCCAGTAGT-500.2.2",NA,NA,NA,NA,NA,NA,NA,50.2244687511046,NA,NA,NA,NA,NA
"TAAACCGGTCGGCACT-500.2.2",51.198140196566,NA,NA,NA,NA,NA,NA,NA,NA,NA,NA,NA,NA
"TAAACCGGTCTGATCA-500.2.2",NA,NA,57.7233320733507,NA,NA,NA,NA,NA,NA,NA,NA,NA,NA
"TAAGAGAGTCTTCAAG-500.2.2",NA,NA,NA,49.9254224496639,NA,NA,NA,NA,NA,NA,NA,NA,NA
"TAAGCGTTCGTTTATC-500.2.2",NA,NA,NA,NA,NA,NA,50.2955807958038,NA,NA,NA,NA,NA,NA
"TAAGTGCCAGCTCGAC-500.2.2",47.1490102744523,NA,NA,NA,NA,NA,NA,NA,NA,NA,NA,NA,NA
"TACAGTGCATTACGAC-500.2.2",NA,NA,NA,38.5868627176233,NA,NA,NA,NA,NA,NA,NA,NA,NA
"TACGGGCTCACTCTTA-500.2.2",21.6637892184286,21.8516550475057,21.9018403205105,22.1081893226624,21.5418451469101,21.7550604667832,21.8154032169014,21.7650487712961,NA,NA,NA,NA,NA
"TACGGTAGTACCGAGA-500.2.2",54.511631163667,NA,NA,NA,NA,NA,NA,NA,NA,NA,NA,NA,NA
"TACTCGCTCCAGGGCT-500.2.2",NA,NA,NA,NA,NA,NA,NA,NA,NA,28.4934434558739,NA,NA,NA
"TACTTGTAGGGTCTCC-500.2.2",NA,NA,NA,NA,NA,48.9879407219467,NA,NA,NA,NA,NA,NA,NA
"TACTTGTTCATACGGT-500.2.2",NA,NA,NA,NA,NA,NA,NA,49.0031477883054,NA,NA,NA,NA,NA
"TAGAGCTCAGCGATCC-500.2.2",NA,NA,NA,NA,40.3551893202719,NA,NA,NA,NA,NA,NA,NA,NA
"TAGGCATCAAAGGAAG-500.2.2",NA,NA,NA,NA,NA,NA,NA,56.2764152797824,NA,NA,NA,NA,NA
"TAGGCATTCGACCAGC-500.2.2",NA,NA,NA,NA,62.1124840828198,NA,NA,NA,NA,NA,NA,NA,NA
"TAGTGGTGTAAACCTC-500.2.2",NA,47.4095193108947,NA,NA,NA,NA,NA,NA,NA,NA,NA,NA,NA
"TAGTGGTTCGTGACAT-500.2.2",NA,NA,NA,NA,NA,NA,42.9515166091649,NA,NA,NA,NA,NA,NA
"TAGTTGGCACACGCTG-500.2.2",NA,NA,NA,43.0850350572152,NA,NA,NA,NA,NA,NA,NA,NA,NA
"TATCAGGAGTCTCCTC-500.2.2",NA,NA,NA,42.6177127344176,NA,NA,NA,NA,NA,NA,NA,NA,NA
"TATCTCAGTGCAACGA-500.2.2",39.5426284713483,NA,NA,NA,NA,NA,NA,NA,NA,NA,NA,NA,NA
"TATGCCCAGTGTCCCG-500.2.2",NA,NA,41.076098774933,NA,NA,39.97825364599,NA,NA,NA,NA,NA,NA,NA
"TATTACCAGGAGCGTT-500.2.2",NA,NA,41.4345307691096,NA,NA,NA,NA,NA,NA,NA,NA,NA,NA
"TCAACGACACCGAATT-500.2.2",NA,NA,NA,NA,48.8815238942109,NA,NA,NA,NA,NA,NA,NA,NA
"TCAACGAGTTGCGCAC-500.2.2",NA,NA,NA,NA,54.2843293099309,NA,NA,NA,NA,NA,NA,NA,NA
"TCACAAGTCGTTGACA-500.2.2",38.3967464069539,NA,42.7760876418013,NA,NA,42.3898451803003,41.1754226401443,41.5552771685786,NA,NA,NA,NA,NA
"TCAGATGAGCTCCTTC-500.2.2",NA,NA,NA,NA,NA,39.456840611288,NA,NA,NA,NA,NA,NA,NA
"TCAGATGGTCTCTTTA-500.2.2",NA,NA,NA,NA,NA,55.1383827593853,NA,NA,NA,NA,NA,NA,NA
"TCAGCAACAGCATGAG-500.2.2",NA,NA,57.3231141360029,NA,NA,NA,NA,NA,NA,NA,NA,NA,NA
"TCAGGTAGTGTTCGAT-500.2.2",24.1047302614613,23.279797925967,23.4584738415646,23.5415482799536,22.9998954800642,23.2386706307971,23.24117687725,23.270734215356,NA,NA,NA,NA,NA
"TCATTACCATCGGTTA-500.2.2",32.8747550066578,32.4189279176361,33.7326734620137,32.6254384082136,32.5048390174161,33.4226334372362,34.2763366572824,33.9249140132182,NA,NA,NA,NA,NA
"TCATTTGTCTGATACG-500.2.2",NA,NA,NA,18.5165672783794,NA,NA,NA,NA,NA,NA,NA,NA,NA
"TCCACACTCTTGGGTA-500.2.2",NA,53.7718979738051,NA,NA,NA,NA,NA,NA,NA,NA,NA,NA,NA
"TCGAGGCAGACTACAA-500.2.2",NA,NA,NA,NA,NA,38.3635696449916,NA,NA,NA,NA,NA,NA,NA
"TCGAGGCCACAGTCGC-500.2.2",NA,NA,NA,NA,63.581724925823,NA,NA,NA,NA,NA,NA,NA,NA
"TCGCGTTCACAAGCCC-500.2.2",NA,NA,NA,NA,62.5859882849845,NA,NA,NA,NA,NA,NA,NA,NA
"TCGGTAAGTCTCTCTG-500.2.2",NA,NA,NA,NA,64.2698302159383,NA,NA,NA,NA,NA,NA,NA,NA
"TCGTACCCAAGTAATG-500.2.2",38.2036980228561,NA,NA,NA,NA,NA,NA,NA,NA,NA,NA,NA,NA
"TCTCATACAAGAGGCT-500.2.2",NA,NA,NA,NA,47.5542417235419,NA,NA,NA,NA,NA,NA,NA,NA
"TCTCTAAGTCACACGC-500.2.2",21.1055836721608,21.1699130574037,21.2847474280106,21.1033131527833,21.1622530931341,21.1924244444882,21.1889454543115,21.1515681681047,NA,NA,NA,NA,NA
"TCTGGAACAATGAAAC-500.2.2",NA,NA,NA,NA,60.4649819196994,NA,NA,NA,NA,NA,NA,NA,NA
"TCTTCGGCAAGCCGTC-500.2.2",NA,NA,NA,NA,40.9672347735372,NA,NA,NA,NA,NA,NA,NA,NA
"TCTTCGGGTGCGGTAA-500.2.2",NA,NA,44.8060302872445,NA,NA,NA,NA,NA,NA,NA,NA,NA,NA
"TCTTCGGTCCTTGACC-500.2.2",NA,NA,NA,34.0083881201392,NA,NA,NA,NA,NA,NA,NA,NA,NA
"TGACAACGTACGCACC-500.2.2",40.6118043483947,NA,NA,NA,NA,NA,NA,NA,NA,NA,NA,NA,NA
"TGACAACGTTGCTCCT-500.2.2",43.0046025723087,NA,NA,NA,NA,NA,NA,NA,NA,NA,NA,NA,NA
"TGACAACGTTTGACAC-500.2.2",NA,NA,NA,NA,43.3449224458187,NA,NA,NA,NA,NA,NA,NA,NA
"TGAGCCGGTCTCGTTC-500.2.2",NA,NA,NA,NA,NA,NA,54.4459371707141,NA,NA,NA,NA,NA,NA
"TGCCAAACAGACAAAT-500.2.2",NA,NA,NA,NA,65.4721265775396,NA,NA,NA,NA,NA,NA,NA,NA
"TGCCCTATCATGCAAC-500.2.2",NA,NA,NA,NA,58.4008695371705,NA,NA,NA,NA,NA,NA,NA,NA
"TGCGGGTTCTCATTCA-500.2.2",NA,NA,37.3693346442655,35.0792334721276,NA,NA,NA,NA,NA,NA,NA,NA,NA
"TGCTACCAGTGTCCCG-500.2.2",NA,NA,58.889704203391,NA,NA,NA,NA,NA,NA,NA,NA,NA,NA
"TGCTACCCAACAACCT-500.2.2",NA,NA,NA,43.2322272471099,NA,NA,NA,NA,NA,NA,NA,NA,NA
"TGGACGCCACGAGGTA-500.2.2",39.7134138052839,NA,NA,NA,NA,43.0043226665146,41.583886545181,43.1192557776581,NA,NA,NA,NA,NA
"TGGTTAGAGGAATTAC-500.2.2",NA,NA,NA,NA,NA,NA,52.3452279701287,NA,NA,NA,NA,NA,NA
"TGTATTCCATGCTAGT-500.2.2",38.0927274355538,NA,NA,NA,NA,NA,NA,NA,NA,NA,NA,NA,NA
"TGTCCCACAAAGCGGT-500.2.2",36.2049984405298,24.8483686505064,25.1868023114346,25.6964415614768,24.3146023929958,41.4330578957418,24.6996705514848,41.8935649792105,NA,NA,NA,NA,NA
"TGTTCCGTCTACTTAC-500.2.2",30.386522982414,28.4538537417331,29.2229135420947,29.7293350901206,28.947566697613,29.1872677809931,30.5350544074668,29.7858249995406,NA,NA,NA,NA,NA
"TTAACTCGTAATCACC-500.2.2",45.5016654629834,NA,NA,NA,NA,NA,NA,NA,NA,NA,NA,NA,NA
"TTAACTCTCGGAGCAA-500.2.2",NA,NA,54.8017138500304,NA,NA,NA,NA,NA,NA,NA,NA,NA,NA
"TTAGGACGTATCTGCA-500.2.2",NA,59.1797049233703,NA,NA,NA,NA,NA,NA,NA,NA,NA,NA,NA
"TTCGAAGTCATTATCC-500.2.2",NA,NA,NA,NA,NA,NA,NA,42.0231608023575,NA,NA,NA,NA,NA
"TTCGGTCAGCAATCTC-500.2.2",NA,NA,NA,50.2561992043631,NA,NA,NA,NA,NA,NA,NA,NA,NA
"TTCTACAAGAGACTTA-500.2.2",NA,NA,NA,NA,NA,NA,NA,NA,NA,21.0158861373945,NA,NA,NA
"TTCTACACAGGTCGTC-500.2.2",NA,NA,NA,NA,44.0460509948098,NA,NA,NA,NA,NA,NA,NA,NA
"TTCTACAGTACCGTTA-500.2.2",27.3592569162971,NA,NA,NA,NA,NA,NA,NA,NA,NA,NA,NA,NA
"TTCTACAGTTTGTTTC-500.2.2",NA,62.7228471113627,NA,NA,NA,NA,NA,NA,NA,NA,NA,NA,NA
"TTCTCAATCTTTCCTC-500.2.2",NA,NA,55.9090985735513,NA,NA,NA,NA,NA,NA,NA,NA,NA,NA
"TTCTCCTAGTACGACG-500.2.2",NA,NA,56.2806002465064,NA,NA,NA,NA,NA,NA,NA,NA,NA,NA
"TTCTCCTAGTGTTAGA-500.2.2",NA,NA,NA,NA,47.5463963318519,NA,NA,NA,NA,NA,NA,NA,NA
"TTCTCCTGTAAGGATT-500.2.2",42.7759367090014,NA,NA,NA,NA,NA,NA,NA,NA,NA,NA,NA,NA
"TTCTTAGCAGGTTTCA-500.2.2",NA,NA,NA,45.2117301403714,NA,NA,NA,NA,NA,NA,NA,NA,NA
"TTGAACGCAAAGCGGT-500.2.2",22.5886355944381,22.1564580953635,22.3355084275016,22.6480385500361,21.931708081767,22.154387006565,22.2061227318878,22.1953021837715,NA,NA,NA,NA,NA
"TTGCGTCAGATCCCGC-500.2.2",NA,NA,56.2638775151155,NA,NA,NA,NA,NA,NA,NA,NA,NA,NA
"TTGGAACAGCCAGTAG-500.2.2",42.9063368542158,NA,NA,NA,NA,NA,NA,NA,NA,NA,NA,NA,NA
"TTGTAGGCACACGCTG-500.2.2",NA,NA,NA,61.0223754740853,NA,NA,NA,NA,NA,NA,NA,NA,NA
"TTTACTGGTCTTGTCC-500.2.2",NA,NA,60.3132297054425,NA,NA,NA,NA,NA,NA,NA,NA,NA,NA
"TTTATGCGTACCATCA-500.2.2",50.907214278874,NA,NA,NA,NA,NA,NA,NA,NA,NA,NA,NA,NA
"TTTCCTCTCTCTTGAT-500.2.2",NA,NA,NA,NA,NA,NA,NA,47.8832653575553,NA,NA,NA,NA,NA
"TTTGGTTAGTGCGTGA-500.2.2",NA,NA,47.6648649389988,NA,NA,NA,NA,NA,NA,NA,NA,NA,NA
"TTTGGTTTCAGGTTCA-500.2.2",NA,NA,40.7912210666228,NA,NA,NA,NA,NA,NA,NA,NA,NA,NA
"AAACCTGAGATCCGAG-r17",5.77673024666796,5.76038103626009,5.7765284445478,5.76939899039512,5.79354810820351,5.65238034847359,5.80375395179343,5.69758344989296,5.18377930024961,5.11962613327654,5.19624426807209,5.15139399030567,5.20399199706253
"AAACGGGCATTATCTC-r17",NA,44.1369623867441,NA,NA,NA,NA,NA,NA,NA,NA,NA,NA,NA
"AAAGCAACAAGTCTAC-r17",25.9170242094268,26.0155560457342,26.2747122800532,26.3748698401756,26.3672268477717,25.9872913778511,26.2071126435088,26.041474373147,NA,NA,NA,NA,NA
"AAAGTAGCAGGGTACA-r17",12.5273682572408,12.8448963421888,12.5525348654081,12.5752908883187,12.6378489125629,12.6602400505126,12.6789058789733,12.6337943169895,11.3935363312819,11.5675763745407,30.9586768542036,11.7350387472545,11.4590200663577
"AAAGTAGCATGATCCA-r17",3.41978246117654,3.41882709287538,3.41288608130305,3.4146936475687,3.4085630612725,3.41232448300251,3.4145959622736,3.41312553186752,3.48343328446247,3.48410984891442,3.48424767191358,3.49376438270154,3.48850360256982
"AAATGCCCATCAGTCA-r17",30.2823394470742,30.9185785890201,31.1376711208486,30.9237607748285,30.8987607309187,30.7427849316928,31.577654216205,31.3250889957356,NA,NA,NA,NA,NA
"AAATGCCGTAGCGTCC-r17",3.25444613071456,3.25174424659825,3.2666485507422,3.26915762088009,3.25532840281405,3.25981498422405,3.27149268244143,3.26293208432082,3.32623177754854,3.32536146332627,3.32701310149961,3.32903024586806,3.31551353710009
"AAATGCCGTGCAGACA-r17",12.0187624122943,12.2029317417186,12.0966725579855,12.1911911146644,12.1340557723078,12.1443041255109,12.1877070728163,12.1293255543922,10.9162458453146,11.042513960267,11.0370160771753,11.1464043189768,10.9270470784959
"AAATGCCTCCTTTCTC-r17",23.8523585321605,23.9969476428742,24.0715028282629,23.8095946661304,24.0669037286541,23.9381411064007,24.0319970319669,23.942251715161,NA,NA,NA,NA,NA
"AAATGCCTCTCTGAGA-r17",9.20367206783313,9.17578585503655,9.15506502609547,9.19109117773448,9.07866447610777,9.16676617131816,9.20408194549149,9.20228144528687,10.3175396671728,10.752712218599,10.6661376516943,10.9913045819396,10.5526679013159
"AACACGTGTCTTGATG-r17",NA,NA,NA,NA,NA,28.2745090475903,NA,NA,NA,NA,NA,NA,NA
"AACCATGCAATGAATG-r17",NA,NA,NA,21.168530327686,NA,NA,NA,NA,NA,NA,NA,NA,NA
"AACCATGTCATTGCCC-r17",22.7297105559806,22.6778964599566,22.7664968322554,22.7233666256351,22.6701762174525,22.9998231065523,22.7163482030422,22.6908398718208,NA,NA,NA,NA,NA
"AACCGCGAGCTGTTCA-r17",32.4897513228953,32.3455248800165,32.9389014407884,32.7533202921008,32.9941677067244,33.1834862352288,33.9457551208457,33.9168732418741,NA,NA,NA,NA,NA
"AACCGCGGTGGTGTAG-r17",3.5091147318239,3.50684095289772,3.51396429798732,3.5140945628019,3.50569332500529,3.50744078673822,3.51269084671941,3.50590164170247,3.53581721991781,3.53874086858602,3.53368866373407,3.53879018162143,3.53819142963628
"AACCGCGTCCAAAGTC-r17",4.99290765281107,4.92205059318923,4.97285947340559,4.97235875823197,4.96698282739687,4.88601699984919,4.9945727025259,4.91045773361919,4.69879759553787,4.73632412679563,4.71440579189505,4.70549241229913,4.69893329641585
"AACTCAGAGTCGTACT-r17",0,0,0,0,0,0,0,0,0,0,0,0,0
"AACTCAGAGTGTACCT-r17",11.4098395169644,11.3428459979089,11.3902956142384,11.3851881460079,11.4130139990335,11.4570326139152,11.4872748541542,11.377423980148,11.9736265435243,12.6266325504282,12.2294712819422,12.5039733369102,12.5138948947733
"AACTCAGGTTGGTAAA-r17",10.2213966345805,10.2323510749705,10.1716253897085,10.2385639011363,10.1649654660843,10.2663900970235,10.2443677442756,10.2282790352375,10.732479401679,11.8892514686015,11.4832862213124,11.8611441970826,11.4590200663577
"AACTCTTAGCCCAATT-r17",6.24990928419857,6.25210075061849,6.25946218070655,6.25353141574775,6.28657565194589,6.29419658558334,6.28792142475405,6.34483076889151,5.69839430178377,5.67735056319139,5.67777835819456,5.62891874875646,5.91651680627618
"AACTTTCCAAGCTGGA-r17",NA,NA,NA,42.3144592570294,NA,NA,NA,NA,NA,NA,NA,NA,NA
"AACTTTCTCAAACCAC-r17",5.09554198921122,5.10049638011501,5.09297594763287,5.09702818325523,5.09293141480191,5.1004602728888,5.09563623728089,5.10272527916724,5.2281017251653,5.23081526870893,5.21521681978861,5.21241320166133,5.25198264740478
"AACTTTCTCAGCAACT-r17",2.52100566556438,2.52583257752832,2.51193096465231,2.51346659100922,2.52277067598665,2.51916632984901,2.51087376855661,2.51716046900874,2.61257939285384,2.60659683495233,2.61212239724131,2.60986636608572,2.60541432769261
"AACTTTCTCCTATGTT-r17",NA,40.9031604399121,NA,NA,NA,NA,NA,NA,NA,NA,NA,NA,NA
"AAGACCTCATGGAATA-r17",NA,NA,NA,NA,34.4298022002091,NA,NA,NA,NA,NA,NA,NA,NA
"AAGCCGCAGGTGCAAC-r17",2.49697121193455,2.49310296944481,2.50144387114229,2.50225237664359,2.49443461771567,2.49891922362052,2.50261019727189,2.50006078133631,2.52145797760073,2.52298620919742,2.52403112951517,2.53178795947824,2.51658403824456
"AAGCCGCGTCCCTTGT-r17",6.24093613756461,6.24388054162137,6.24544843893682,6.24339315055137,6.2611801928434,6.26117741126605,6.2587162830763,6.28199055871434,6.10211900553304,6.11272388958288,6.08945182042408,6.06216898459462,6.17283204641803
"AAGTCTGCAGATAATG-r17",11.6166776436523,11.7346869367468,11.7163612039676,11.7245042757603,11.6606700987653,11.678886130407,11.702079697382,11.7301764969476,11.8454923310435,12.3063884684668,26.3026891158864,12.3140914767809,12.0855591145876
"AATCCAGCAACACGCC-r17",6.42317929856135,6.4345587887798,6.35266205055418,6.34705759556055,6.36572683104554,6.36772802460903,6.36552309657284,6.39115228120171,6.13603446231235,6.12011461561671,6.12765331793509,6.16854956852167,6.1393913790107
"AATCGGTAGATGTAAC-r17",10.1322333975389,10.0931460814056,10.1290664954724,10.1120310819175,10.0832073984752,10.1168845926358,10.1267810153188,10.137177996071,10.2818284848614,11.6497519117423,10.9873898730216,11.654360987803,10.9270470784959
"AATCGGTCACAAGTAA-r17",26.5389881339067,26.6594062851443,26.9449447870761,27.1209573634883,27.2256358770174,26.6356842154947,26.9504507098317,26.5493241214411,NA,NA,NA,NA,NA
"ACACCCTGTCCAGTGC-r17",6.11916812241574,6.11998027013067,6.13003071670522,5.89372270662823,6.17010530821216,5.95775710454426,5.93535820814801,6.02134051899359,5.24730161017843,5.2543579085413,5.24057352646378,5.19546235993895,5.41061431845216
"ACACCCTTCTAACTGG-r17",27.4297617021689,26.7546260424288,27.1641309422943,26.9186534309223,26.4063645282764,26.9405580586092,26.5476092764214,26.65031794525,NA,NA,NA,NA,NA
"ACACTGAGTTCGGGCT-r17",12.5581427777439,12.6248192430406,12.5579226658715,12.5660961019339,12.6099892912991,12.6108519804881,12.6465290586215,12.5939205672893,11.8453767762848,11.5675763745407,11.9297917461,11.7350387472545,11.7249931034913
"ACAGCCGAGAGTGAGA-r17",NA,NA,NA,NA,NA,NA,45.2414875989279,NA,NA,NA,NA,NA,NA
"ACAGCTAAGCGATTCT-r17",NA,44.8443488771033,NA,NA,NA,NA,NA,NA,NA,NA,NA,NA,NA
"ACAGCTAGTCTCCACT-r17",4.03245514205339,4.0373685081276,4.04304385289098,4.04224690054674,4.03942869669544,4.03479470042404,4.03007778507522,4.03694525060397,3.98260916100921,3.98258811864417,3.98324121196076,3.98445952842738,3.97792950948592
"ACAGCTATCATCGATG-r17",14.8789293630895,14.8615705683664,15.0927581468775,15.0665544555646,14.7322044462547,14.8646067229048,14.8748651931633,14.8620633418111,NA,NA,NA,13.7703859464525,NA
"ACATACGGTAAAGTCA-r17",NA,NA,NA,NA,NA,NA,NA,49.5957316253878,NA,NA,NA,NA,NA
"ACCAGTAGTAGCCTAT-r17",NA,16.6697252326745,NA,NA,NA,NA,NA,NA,NA,NA,NA,NA,NA
"ACCCACTGTGAAAGAG-r17",NA,NA,NA,22.0555536291651,NA,NA,NA,NA,NA,NA,NA,NA,NA
"ACGAGCCGTCAAACTC-r17",1.37611808527522,1.37280741977914,1.37438953607536,1.37429673012951,1.37244860017782,1.37552134886061,1.37403796994209,1.37511156683646,1.38495079832937,1.3848322124046,1.38510219195201,1.38560330677947,1.38400068989573
"ACGATACAGACTACAA-r17",23.698124612788,23.2220818164145,23.3459768694651,23.4699393096703,23.1538630518312,23.2397549144203,23.1701210074809,23.170770007786,NA,NA,NA,NA,NA
"ACGATACTCCAAAGTC-r17",NA,NA,NA,NA,NA,NA,NA,NA,NA,NA,NA,15.3576249007644,NA
"ACGATGTGTTCCCGAG-r17",NA,NA,NA,39.3061836190161,NA,NA,NA,NA,NA,NA,NA,NA,NA
"ACGCAGCAGTTAAGTG-r17",28.162730688181,28.198811007308,28.3433318400409,28.1491656694312,28.0691885708454,28.2071768531499,28.5275539095963,28.512261086226,NA,NA,NA,NA,NA
"ACGCCAGAGTTGAGAT-r17",4.16100542120221,4.18256478138319,4.16941696654267,4.16943863777269,4.17888290674064,4.18424302153261,4.16555443030412,4.18023017934163,4.20430112330887,4.20328565191162,4.20944243712584,4.20357420527324,4.20650613267312
"ACGCCGACATACAGCT-r17",10.4021719108034,10.4554979671254,10.4530853178029,10.5002998813486,10.4376126162439,10.4846486575573,10.4955769436123,10.496830464315,23.1398942589136,11.9508491690414,11.2601559139988,11.8837804559602,11.2357631104834
"ACGGAGAAGTGTGAAT-r17",10.6262554201513,10.6539756431608,10.5960725423465,10.6267209557648,10.5634295801252,10.6933265301062,10.6663079605684,10.6287761386415,19.2233333028493,14.5445026195495,20.232524446444,12.8793926665496,13.8839763768205
"ACGGGCTTCTTGAGGT-r17",37.3245912563569,23.8212815891777,24.0991721475357,24.2050610453703,23.4634695721817,23.7211306524674,23.641043472102,40.2999258998892,NA,NA,NA,NA,NA
"ACTATCTGTCTTGTCC-r17",7.62746450396025,7.59986570324586,7.59981912857546,7.59600404001038,7.6214803788494,7.60286418642085,7.60995035540916,7.61544082453019,7.56233814890947,7.55226962932279,7.54676658755083,7.44874123933079,7.53425406355294
"ACTGAACTCGTCACGG-r17",4.39520907934643,4.40703600690675,4.421473864817,4.42219709096948,4.41311698031818,4.40232951491321,4.39103016217474,4.40777556552657,4.38118632511911,4.36495869819251,4.37396184607628,4.36604953838965,4.37594637806712
"ACTGAGTCAAACAACA-r17",NA,NA,NA,NA,51.0009404120859,NA,NA,NA,NA,NA,NA,NA,NA
"ACTGAGTTCTTACCGC-r17",8.88765337715248,8.86358120779393,8.95976142920158,8.97438961651644,8.8817679349898,8.96979486183911,8.87373414725848,8.87708212680637,9.59054514539783,11.2669093721985,10.6012478861961,11.3805631262896,10.5398137222103
"ACTGATGAGGCTAGAC-r17",NA,NA,NA,NA,NA,NA,NA,NA,21.6831430910806,14.5318672115272,19.78948288811,12.8793926665496,13.7524389915397
"ACTGTCCAGTATCGAA-r17",10.8015176258988,10.9465302773597,10.8442857487219,10.8390191692555,10.8588121611086,10.9168681877945,10.9145262328628,10.8719648780667,10.7129500770581,10.9508685533404,10.8539843087118,11.1464043189768,10.7479379717629
"ACTGTCCCAGCTGGCT-r17",5.43003476682599,5.40553031827619,5.42250971207353,5.42997201167111,5.42760292715426,5.45358932521941,5.4364676067305,5.47444414137548,5.6709590674232,5.68236701448086,5.63637785099918,5.61354096720374,5.75681181623825
"ACTGTCCTCAAGGCTT-r17",10.6935010815087,10.7215615138327,10.717248446239,10.7847741804298,10.6599078018809,10.7968441811069,10.7228780116864,10.7599137283435,12.0996094800544,12.3747298220578,12.1478058379697,12.5897466820163,12.3268761968774
"ACTTTCAAGGACGAAA-r17",8.08427045967286,8.04906165791996,8.11626266528748,8.11758821591505,8.06229272738583,8.11940707170839,8.05664367775451,8.06311743875589,8.34022832869711,8.50510764941435,8.28763089755594,8.82078449518166,8.60166521203907
"AGAATAGAGTGGGTTG-r17",9.1937082529715,9.22069867567872,9.15761443717811,9.15543251191602,9.06397015676193,9.31496526935843,9.20847722578065,9.20419031761222,9.82719370808831,10.9941026836307,10.490377762786,11.2387522671215,10.4560354250528
"AGATCTGAGGGTGTGT-r17",NA,NA,NA,NA,NA,NA,56.8949185327914,NA,NA,NA,NA,NA,NA
"AGATCTGAGTGTTAGA-r17",5.8418844076991,5.81624243542235,5.83859486429379,5.83890655505537,5.85994379309955,5.89445521687032,5.87152198395151,5.95041678442682,5.67257658984282,5.56668757156523,5.55867331119263,5.589693166273,5.74142095451481
"AGATCTGGTCAACTGT-r17",5.03222547424596,4.97536737997202,5.0154321593562,5.01841203802098,5.01134783704155,5.06095551264874,5.03330251319674,4.97178930325117,4.97518705838332,4.97746831962441,4.9585505528312,4.9483473341373,4.99458006765376
"AGATCTGGTCGCGTGT-r17",10.2358697899666,10.2210635934483,10.218441713039,10.2481364210676,10.1539985893069,10.2612867842148,10.2443677442756,10.2309796510182,21.3727430643773,13.3735159563538,11.3466028403069,12.122490278404,11.8420890533872
"AGATTGCTCCATGAAC-r17",6.92270822408997,6.97864917296684,6.96789567494374,6.94910853891999,6.78256700341684,6.7592994530809,6.7659799147522,6.83033484867651,5.65195396669556,5.70244055654524,5.66226919592772,5.5953213894717,5.70544842098697
"AGCAGCCGTAAACACA-r17",14.9195596100818,14.9933170392623,14.9600248955819,14.9885944535564,14.9264258361758,15.0189537361656,14.9975458518686,15.0337884656542,14.0434874891866,21.4963250356296,14.4573265170188,17.6091277193944,14.3506702232815
"AGCATACGTAGGGACT-r17",14.8742564253359,14.7316705413175,14.8419733289707,15.0142223403507,14.7785274713147,14.8794256847802,14.8381396567243,14.8609417919763,11.8453767762848,11.7908736274256,12.1533877954027,12.2707680530533,11.7249931034913
"AGCATACGTATCTGCA-r17",6.15998717813278,6.15864608884664,6.16311203573392,6.15863271933422,6.17196336747342,6.17758145071541,6.17486502559663,6.12412793044946,5.91874002790097,5.91836308013188,5.92694902950463,5.89544767909112,5.95021605829772
"AGCCTAAAGCGATGAC-r17",17.8484466893274,17.7262956678557,18.0282898096596,18.0095212904875,17.6579679839178,17.8047325009962,17.7842727983801,17.7974426816317,NA,NA,NA,NA,NA
"AGCGGTCGTGTCGCTG-r17",15.2075768586107,15.5943833487069,15.1893552679708,15.3792736282437,15.4193675499288,15.4853809404017,15.5739714837917,15.434325590972,11.1700287074877,11.4507117220909,11.4832862213124,11.5396786430193,11.1932826567797
"AGCGTATCAATTGCTG-r17",NA,NA,NA,14.9176578207585,NA,NA,NA,NA,NA,NA,NA,NA,NA
"AGCTTGAAGTCCTCCT-r17",NA,NA,NA,40.3461680315709,NA,NA,NA,NA,NA,NA,NA,NA,NA
"AGCTTGAGTCCATGAT-r17",2.74889381585149,2.74738729028293,2.74443035142666,2.74477230371181,2.7486450257802,2.75082040216198,2.74493583674718,2.75201691435976,2.7562662375069,2.75677602495958,2.75663920790582,2.76181462510855,2.75380732423823
"AGGCCACCACAGCGTC-r17",15.1575765277277,15.1984229928114,15.2861994417394,15.2599336067027,15.2497506638794,15.3468358061616,15.3366027392038,15.3142133525127,11.6185133745586,12.0142537982721,12.1533877954027,12.0641618786509,11.9869624300582
"AGGCCACGTACCAGTT-r17",19.3981694808133,19.0446906069038,19.1719046862241,19.2172784644623,18.9264413348516,19.1040815119315,19.1218655225051,19.1095276463769,NA,NA,NA,NA,NA
"AGGCCACTCGGAAATA-r17",12.5381423070578,12.8370331149602,12.645535733768,12.6357982863551,12.6789698525089,12.7144436823679,12.7423979657232,12.655474310563,11.8453767762848,11.9798960603347,30.3347401397857,NA,NA
"AGGGAGTGTACATGTC-r17",14.2842875155328,14.3540880190096,14.2785344724465,14.3857177614164,14.3414567538292,14.3820128704804,14.4265586847863,14.374114976575,27.2275812794718,NA,NA,NA,NA
"AGGTCATAGATGTAAC-r17",NA,16.4943988768527,NA,NA,NA,NA,NA,NA,32.6438155644689,NA,NA,NA,NA
"AGTAGTCGTAAACCTC-r17",6.452910045403,6.47683712029131,6.3250632912637,6.32582673956126,6.35837866966514,6.35950397454756,6.35052218148102,6.40256120421428,6.3527657828392,6.391490011907,6.25382563568499,6.24042614875124,6.51643441604955
"AGTCTTTAGTACATGA-r17",NA,NA,NA,NA,26.7185543033362,NA,NA,NA,NA,NA,NA,NA,NA
"AGTGGGAAGCCAGAAC-r17",NA,NA,NA,NA,NA,NA,NA,NA,NA,NA,NA,15.1376467262461,NA
"AGTGTCATCTTACCTA-r17",11.746463117047,11.7352362634353,11.7903948658637,11.7419796015935,11.766588544581,11.8012806112351,11.8139452765333,11.7803722955726,13.033575377881,11.89670672986,13.1258569576177,15.0600710814461,12.7407968059954
"ATAACGCGTTCCACTC-r17",5.09092979570299,5.13146400262631,5.08436135181136,5.08289878090055,5.08274621681459,5.10239498922838,5.09162682486248,5.11303970789332,4.96344482491337,4.95029537985362,4.95886660625037,4.95586733093868,4.95079891263019
"ATAACGCGTTGTGGCC-r17",13.0533352612224,13.0087727227957,12.9996944717744,12.9795571107034,12.8848743741322,12.9875907548156,12.9831922913844,12.9867271983475,11.6185133745586,11.7908736274256,11.9297917461,12.0460552537476,11.7249931034913
"ATAAGAGAGTGAATTG-r17",6.66156881745015,6.67970028508957,6.67530344403956,6.67418646431332,6.70996115186836,6.70153715690393,6.70217168275714,6.74811621972461,6.38435709139523,6.41401074145988,6.39459835675846,6.38910777436038,6.570046503867
"ATAAGAGCACATGACT-r17",5.84044946417403,5.83427048306418,5.8396610761841,5.83822385149754,5.84516510465078,5.85282747109849,5.84740836692202,5.86712292343255,5.76669211952663,5.75875648145729,5.75712031183114,5.78149101351192,5.78278188172767
"ATAGACCGTTGTCGCG-r17",11.4098395169644,11.367351181565,11.3902956142384,11.4178960061865,11.4381012476439,11.489053001371,11.5093399801775,11.377423980148,24.6517234166257,13.1439350397041,12.5966766436155,12.4635406625858,12.3860378937855
"ATAGACCTCGTCACGG-r17",NA,NA,NA,NA,NA,NA,NA,NA,24.9437316051038,13.9776761237072,13.8099006634331,12.8653583083894,13.3406566347493
"ATCACGAGTGAGTGAC-r17",3.84004982442468,3.85064263227049,3.82497488181754,3.82668477400253,3.81634604098871,3.84765067324312,3.83238822351433,3.81709398623988,3.79091393883288,3.77764573133522,3.7874322988904,3.76979350848614,3.78014934718006
"ATCACGATCAACACTG-r17",10.2358697899666,10.1636493880112,10.1748788487812,10.1912689788727,10.0832073984752,10.1962178831411,10.2301803640014,10.1749968028346,20.6142537548395,14.2999303809414,11.3693905274234,12.5039733369102,12.8879055631966
"ATCATCTGTTACAGAA-r17",NA,NA,26.3957062999527,NA,NA,NA,NA,NA,NA,NA,NA,NA,NA
"ATCCACCTCACGCATA-r17",12.3738738119724,12.446243515367,12.4783343365741,12.4464555307191,12.405521623677,12.430762459419,12.4400506775979,12.4722363774093,24.4808359021326,13.0661380899823,13.0517641944753,12.5039733369102,12.6485370181907
"ATCCGAAAGCTAAACA-r17",9.36146554160416,9.36419030986274,9.44171898093265,9.46114504041984,9.36213622099993,9.45250184024895,9.48091012535769,9.47958829702436,10.0256436710256,11.5675763745407,10.8440741249571,11.5738154099766,10.9005403353887
"ATCTACTCAACTGCTA-r17",NA,NA,NA,36.6477497480734,NA,NA,NA,NA,NA,NA,NA,NA,NA
"ATCTACTCAGTCACTA-r17",5.3581826812298,5.32299266788522,5.34792809247913,5.34729977164301,5.35354360913914,5.26254618459615,5.3694586667909,5.28668564444444,5.07085236820464,5.05786735354663,5.05058344332476,5.03594154610556,5.15060025113639
"ATCTGCCAGCGCCTTG-r17",NA,NA,NA,NA,NA,NA,NA,44.9369425634454,NA,NA,NA,NA,NA
"ATCTGCCAGTAAGTAC-r17",11.1467216676073,11.2416397593734,11.2126694865497,11.2293711404237,11.1057271848934,11.190811296948,11.1567868852927,11.2010159531782,12.9734505758488,13.3019175699081,24.9916557489215,13.0498830267969,13.0083902668357
"ATCTGCCGTATCACCA-r17",11.4006366604333,11.2814458198702,11.3902956142384,11.3270262007734,11.3402251611434,11.3896059645832,11.3949351854567,11.377423980148,15.1460946905442,17.1889872707454,15.7675793541616,18.4940906632953,15.9164683739295
"ATGAGGGCAGGACCCT-r17",1.94199443734524,1.94101507209215,1.94143326991832,1.94157134911057,1.94096099134579,1.94277661465644,1.94144264859725,1.94322243166121,1.95481844512778,1.95505012925479,1.95616971869516,1.95765871777541,1.94968479727101
"ATGGGAGAGATAGTCA-r17",NA,58.2618728912228,NA,NA,NA,NA,NA,NA,NA,NA,NA,NA,NA
"ATGGGAGCAATCTGCA-r17",35.8085145059868,33.6818528315006,36.5974966367834,36.2824347811516,33.8281043215341,37.0590605978954,36.9394109411253,37.1820410086594,NA,NA,NA,NA,NA
"ATGGGAGCAGATGAGC-r17",4.24807093505433,4.23707744847053,4.25412542250846,4.25590360445276,4.26217327014755,4.24423551648562,4.25154222143133,4.26559474933308,4.34387217314081,4.33416947724864,4.33523181652839,4.33473141142821,4.3408704029084
"ATTACTCAGGGCATGT-r17",9.25885628212089,9.26779201462572,9.24613601610988,9.31829153670312,9.25666275483323,9.3185002574745,9.27824529659443,9.27816719284023,9.59634896676859,11.2023391639524,10.3997640578782,11.343360084764,10.4664565464558
"ATTCTACAGTCATGCT-r17",12.5940583842387,12.6533126030738,12.6648359926168,12.5752908883187,12.5227548847569,12.6386358289704,12.6420771229503,12.5901925055188,24.8951893039936,13.3735159563538,13.2771539098032,12.6923229374005,12.9515116466417
"ATTCTACGTCATATCG-r17",2.49853798800728,2.49590721238853,2.50146062042211,2.5023305348125,2.49675483271285,2.50009617439201,2.50242967774849,2.50087228353206,2.52763968574123,2.52834368682477,2.52954463328563,2.53739049870176,2.52252340668698
"ATTCTACGTGATGTGG-r17",11.8932118934309,12.1677650762734,11.9686204105285,11.9964327502458,11.9382358099842,11.9887841261382,12.0045745715339,12.0120917506608,11.6779459978038,11.923056411739,29.3656444908716,12.0850029523303,11.7373748181627
"ATTCTACGTTCCGTCT-r17",4.33546925480838,4.33666173874733,4.33502565244561,4.33462886231137,4.33747235127455,4.33587979755387,4.3352606242702,4.33629352485526,4.32665492481,4.31707380496461,4.32295649462089,4.31620598423567,4.32503567969548
"ATTGGACTCTCTAGGA-r17",4.55403896449744,4.48469668134395,4.53016117349901,4.53321968166537,4.50197182663365,4.47356947289852,4.54722184239201,4.48974745693143,4.47639596304895,4.4441891723274,4.47626641234527,4.43542257178022,4.46475643297237
"ATTGGTGCACTGTGTA-r17",5.08018358005857,5.13247410076517,5.07035834524466,5.07135621826071,5.06686433001246,5.09765239745765,5.0812977497643,5.11212760443956,5.00746151017915,5.01710711942657,5.00674246370238,5.00126120711313,5.00156942441416
"ATTTCTGCAAGTTGTC-r17",31.4022418905252,31.7692602203541,31.044871458802,31.5890380742722,31.0959381273646,30.8022458362314,31.7732877400703,32.520261313896,NA,NA,NA,NA,NA
"ATTTCTGGTAGGGTAC-r17",33.0636704990708,31.9746353390607,32.4748748601953,32.7023511705286,31.9301177521755,34.7232058751801,34.7982592581985,35.0546897411984,NA,NA,NA,NA,NA
"CAACTAGAGCTGGAAC-r17",22.643076620476,22.7942890753737,23.0083671813898,22.9230707547023,23.002049911564,22.8745238304005,22.8543129910057,22.8327412453629,NA,NA,NA,NA,NA
"CAACTAGTCAAACGGG-r17",32.8710401070755,32.0108711072589,33.2616229096748,32.3300210399888,32.160313972028,33.433063150445,33.1612002818185,33.445131797789,NA,NA,NA,NA,NA
"CAACTAGTCAGTCAGT-r17",5.40628269714401,5.39823527863534,5.40431393590288,5.40263892563819,5.40697758571018,5.41481490380798,5.40954309591831,5.38629221830157,5.28110887030024,5.29297131054267,5.28414113376135,5.28758546096157,5.28052515476527
"CAAGAAATCCAGTAGT-r17",12.9913734176247,13.1054596929516,13.0840389223084,12.9935733550583,12.9616610824431,13.0852260878967,13.074103348197,12.997131195819,24.9574460809065,13.2960756250045,12.9932955234582,12.6923229374005,NA
"CAAGATCTCTTTAGGG-r17",NA,NA,NA,NA,NA,NA,NA,NA,NA,21.4541290366039,NA,NA,NA
"CAAGGCCGTCAATACC-r17",17.2635921682525,17.6586807501385,17.4086399277104,17.5623489615631,17.5548517957021,17.5518675655744,17.5375278387888,17.5165586815952,NA,NA,NA,NA,NA
"CAAGGCCGTCCGACGT-r17",11.4098395169644,11.2788786693485,11.3902956142384,11.3270262007734,11.3695517614524,11.3942980984194,11.4280797257155,11.377423980148,12.5019729189131,13.2540454132871,12.7466909854662,12.6923229374005,12.985084531188
"CAAGTTGCATTGCGGC-r17",9.90717288403029,9.91426484128823,9.91632576484957,9.96615015115668,9.8724981144583,9.95592571201291,9.91135998252569,9.92066742062229,10.5870774747958,10.9921404627951,10.869376760201,11.048389755957,10.8500680468893
"CACAAACGTGATGTGG-r17",10.6262554201513,10.6946995112442,10.6561548951754,10.7126295971677,10.6026335543286,10.7436115245316,10.6663079605684,10.678029660209,23.4023786149797,12.4628928075118,11.7064537934953,12.0179335657393,11.7249931034913
"CACAAACTCGACAGCC-r17",NA,NA,NA,NA,NA,NA,NA,NA,NA,NA,NA,14.7684530210672,NA
"CACACAAAGAGGACGG-r17",43.7892716879846,NA,NA,NA,NA,NA,NA,NA,NA,NA,NA,NA,NA
"CACACAACAGCGTCCA-r17",6.59696547031264,6.61335131128464,6.61190387618198,6.60673609820466,6.64711069918738,6.6343417462511,6.63512846969983,6.68055937670899,6.37094685855011,6.37978617260607,6.35479832151094,6.28448768058934,6.43023445825702
"CACCTTGAGGAGTTGC-r17",NA,47.8215240383675,NA,NA,NA,NA,NA,NA,NA,NA,NA,NA,NA
"CACTCCAGTCTCATCC-r17",23.5877512426381,22.9497214172007,23.2789832911283,23.7359950113725,22.7084008689014,22.9822434773697,22.9206507071607,22.9857441143313,NA,NA,NA,NA,NA
"CACTCCATCCTGCTTG-r17",23.7654026496175,23.5867030748631,23.9162732688867,23.7996829015666,23.4551568184525,23.6373088862591,23.5351083860125,23.5965360347536,NA,NA,NA,NA,NA
"CAGAATCGTCGAGATG-r17",4.77795986087986,4.83903040154584,4.88685004354968,4.88706854240208,4.88035293932313,4.80614839425101,4.77085429995011,4.82904966089995,4.61275754116757,4.62308596326324,4.61158819097525,4.61061814138265,4.65690936188779
"CAGCAGCAGGGCTTGA-r17",NA,NA,NA,NA,NA,NA,NA,43.6508373287438,NA,NA,NA,NA,NA
"CAGCAGCTCATGTCTT-r17",2.1402345095316,2.14091351698478,2.14078906258628,2.14143689521337,2.14208601237007,2.14083366986491,2.1411796899989,2.14103306758974,2.17267657048394,2.1713981315585,2.17350742713213,2.17495242500239,2.16482798767045
"CAGCAGCTCCAAGCCG-r17",NA,43.25771242999,NA,NA,NA,NA,NA,NA,NA,NA,NA,NA,NA
"CAGCAGCTCTGGTATG-r17",34.3694887060769,NA,NA,NA,NA,NA,NA,NA,NA,NA,NA,NA,NA
"CAGCATAAGCCTATGT-r17",NA,NA,NA,34.9156566336954,NA,NA,NA,NA,NA,NA,NA,NA,NA
"CAGCATAGTAGCTCCG-r17",5.77697901203452,5.772462932588,5.77762018901249,5.77378585059191,5.78125405542307,5.78818386267381,5.7841574767545,5.7525326873044,5.60640392895608,5.58821855444239,5.59185490528249,5.60207472273236,5.56776194258977
"CAGCATATCTGTCCGT-r17",7.66380789866862,7.57531176582923,7.55699630019644,7.71744493822871,7.63260921762156,7.577926929578,7.60207468535162,7.61991411974921,7.27312950459202,7.30680310028054,7.14731067370306,7.00598213041883,7.34262643670511
"CAGCGACGTGGTAACG-r17",3.73778376760676,3.75284172729592,3.74267972954471,3.7415757226346,3.74998061994664,3.75147334148643,3.7377556727022,3.74855574181312,3.75676185900794,3.76219453334425,3.76197696103163,3.75893860587391,3.75320663886077
"CAGCTAACATTCACTT-r17",6.90430823464385,6.88958517913355,6.89599129257925,6.89524347947576,6.92189429671078,6.89489043992053,6.90648859791401,6.91570719581067,6.91476652348665,6.90965769607278,6.92326621662402,6.95738352027646,6.90987425485987
"CAGCTAAGTGCACTTA-r17",9.57364104350903,9.57526373922624,9.5722895796909,9.61260144304081,9.51675441832219,9.60147404803676,9.60806825735506,9.60913582088148,10.1070495028559,11.629944340465,11.0168864220747,11.7313880686403,10.9280912683814
"CAGTAACCACGAGGTA-r17",NA,NA,NA,39.8389213795554,NA,NA,NA,NA,NA,NA,NA,NA,NA
"CAGTAACGTCCCTTGT-r17",4.22843660920551,4.21707191355801,4.223502553078,4.22494497742519,4.21979512355456,4.23311816344915,4.22663807767292,4.21942658210485,4.23140539631768,4.22060375966932,4.22364684479122,4.22140800517304,4.22443577443808
"CAGTCCTCAAACGCGA-r17",10.5297726156267,10.5527672497709,10.512026386537,10.553767565438,10.5692138566728,10.5727218786837,10.5648358579397,10.5478697193089,10.503669652593,10.8944419515053,10.8137639610582,10.9490294164607,10.6601915045691
"CAGTCCTCATTCCTGC-r17",30.1269513920679,30.1089432194579,30.8450544525158,30.5595006054941,30.6613234930935,30.7944148996148,31.5226803943485,30.7133967852691,NA,NA,NA,NA,NA
"CATATGGCAGACAAAT-r17",15.8753369398587,15.4676779058948,15.5219789685128,15.5361458451427,15.341691592368,15.5377491477975,15.4393528142842,15.4695507871708,NA,NA,NA,NA,12.1639048866513
"CATATGGGTATTCGTG-r17",0.996941285479944,0.996692303872212,0.996805820080801,0.996796959954204,0.996664778835764,0.996893892771155,0.996777188758946,0.9968614566968,0.997016000975866,0.997060695749382,0.997057690245333,0.996990011712653,0.996806244170587
"CATATGGGTGCGCTTG-r17",NA,NA,NA,NA,NA,NA,52.5987173074234,NA,NA,NA,NA,NA,NA
"CATATTCAGCTAGGCA-r17",3.27855257676481,3.27886353228857,3.30229159489826,3.3030862601846,3.28443267655385,3.28648730182971,3.30891853378311,3.29211361397849,3.27808244499625,3.26320724371987,3.26666218920302,3.2723986149953,3.26465492193628
"CATATTCGTTGGGACA-r17",23.88265865856,NA,NA,NA,NA,NA,NA,NA,NA,NA,NA,NA,NA
"CATATTCTCATGTGGT-r17",28.1424306278378,26.5043590133952,27.1171630233204,27.6716123387921,27.0550268882162,26.7236297490945,26.8624569248429,26.7564097622524,NA,NA,NA,NA,NA
"CATCAAGAGAACAACT-r17",15.4638180099253,16.0971552678389,15.8169315063197,15.8774929726504,15.6969961964468,15.913859046105,16.0167428344072,15.9549831443577,10.9475365806511,11.3440384167197,11.2601559139988,11.5396786430193,11.1932826567797
"CATCAAGCAGTGGGAT-r17",9.68594450082893,9.70438008356675,9.710971884832,9.73854709116402,9.67162191338464,9.7363179968954,9.74952900304433,9.75205575258847,10.0119523544938,11.2893886566369,10.7745351501954,11.343360084764,10.7116839941697
"CATCAAGTCTACTCAT-r17",31.8912828446699,31.3247515807476,31.9751996499461,33.8607055933672,32.7609536848545,32.0557156565114,36.6917359223086,32.2995919301027,NA,NA,NA,NA,NA
"CATCAGAAGATGTAAC-r17",9.77829162566008,9.80667934257047,9.81239163368466,9.8590073144273,9.8042863162261,9.87184559719917,9.88373699738231,9.88072856940322,10.503669652593,11.6961448136253,11.1643208199055,11.7350387472545,11.1932826567797
"CATCAGAGTTCGGGCT-r17",NA,NA,NA,NA,NA,NA,41.6913148353719,NA,NA,NA,NA,NA,NA
"CATCCACCATCCGTGG-r17",NA,NA,NA,NA,NA,NA,NA,NA,NA,NA,30.3236265459277,NA,NA
"CATCGAAAGAATAGGG-r17",8.82246967067627,8.7969894738035,8.78617144726121,8.79009844141308,8.78910691795996,8.79080736264571,8.80867855342263,8.80676496562988,9.04304871445015,9.85885311634493,9.14413514114368,10.6625375918541,9.77557812947543
"CATGACATCTTCAACT-r17",11.0899960329838,11.087136514614,11.1360124027689,11.1533733365664,11.0046011102656,11.1684308561151,11.089391140778,11.1077456794165,13.6026657647988,13.8357126387695,13.7887963280516,13.9460506631787,13.5979608386388
"CATGCCTAGAAGCCCA-r17",13.8512007585299,14.0234090111436,13.9537858226181,13.8724873826084,13.8743738668301,13.9787757824045,13.9655091971096,13.91088462824,28.3467514546385,13.1439350397041,13.0868813294921,12.8793926665496,12.7983211406767
"CATGGCGAGTCGATAA-r17",NA,NA,NA,NA,NA,NA,NA,NA,26.8663685401412,NA,NA,NA,NA
"CATTATCAGAAGCCCA-r17",11.4194020977102,11.429615598103,11.4163687279089,11.4675564848895,11.4046109806392,11.4539927098082,11.4600737125894,11.4471363098286,10.9475365806511,11.192777639644,11.465056740074,11.343360084764,11.0519563365682
"CATTCGCCAAGCGTAG-r17",12.0116419255455,11.9566649090711,12.0238596550054,12.0461841473868,11.9355811875669,11.9816101999979,11.9419829361347,11.9885808559845,11.3935363312819,12.2227518247285,11.9405084991995,12.3140914767809,11.7249931034913
"CATTCGCCACATCCGG-r17",2.97714462777418,2.98367206393417,2.97947484023122,2.9799446425936,2.97675423168815,2.97821782004138,2.98017901828075,2.97886051594282,2.99275239379955,2.99121092687148,2.99214350958146,2.99792048197349,2.98713424375283
"CATTCGCTCGCCGTGA-r17",11.0842475096601,11.10538683769,11.1149137944127,11.1309179099498,11.0655864159905,11.152621147588,11.1143148262292,11.122099166383,10.7254692518937,11.7908736274256,11.4832862213124,11.7350387472545,11.3041279160952
"CCAATCCAGGTGGGTT-r17",4.25367476937055,4.27006847432788,4.23908256122144,4.24184477143019,4.22495528667048,4.26591789128306,4.24648638145433,4.22614272656468,4.28462400814555,4.28588691473422,4.28016114254387,4.2802563464702,4.30433270126024
"CCACCTACATCACAAC-r17",5.39895310427256,5.37539098244626,5.39187265348961,5.39353774025148,5.39685280050452,5.42223366679331,5.40630930905507,5.35561080618454,5.3554834864832,5.32973754707797,5.31269860586107,5.32233811619856,5.38739570895045
"CCACCTATCGCGCCAA-r17",23.8181411848514,23.7591917074452,23.944634344309,23.6885179969793,23.755198335443,23.7206098760258,23.7980062111112,23.7271436602312,NA,NA,NA,NA,NA
"CCACGGAAGGACGAAA-r17",36.0029107318181,NA,NA,NA,NA,NA,NA,NA,NA,NA,NA,NA,NA
"CCACGGAGTGATAAAC-r17",10.4089918690885,10.4070193257394,10.4097751417821,10.4185903577294,10.3934225551791,10.426404643944,10.4293285041093,10.4149326641224,10.2913791097318,10.6177831766117,10.4433408715541,10.7385548725269,10.3927445938831
"CCATGTCAGCTAGTTC-r17",NA,NA,NA,NA,NA,NA,NA,45.3100775615146,NA,NA,NA,NA,NA
"CCATGTCTCGATGAGG-r17",9.54950468187856,9.56300778866118,9.5431694386253,9.54753207583629,9.50876210441755,9.55637940878815,9.56940611861456,9.56570846948775,10.1364908703903,11.0062942389681,10.0171785999804,11.1967918463041,10.8077229074423
"CCATTCGCATTGGCGC-r17",9.35012718298503,9.32500750310406,9.42327700598683,9.44301640736513,9.3366993053764,9.39210606648018,9.32769445449321,9.32859819474323,11.7655095100727,9.57106040106584,9.85245783191242,15.5530014702604,9.77076564226059
"CCATTCGTCTTGCCGT-r17",NA,NA,NA,NA,NA,NA,NA,NA,29.7537194253248,NA,NA,NA,NA
"CCCAATCTCCTGCTTG-r17",7.07014982696987,7.09680781635403,7.09082174719685,7.08844237444403,7.14462934013552,7.12121907971518,7.13254679680403,7.16554951087472,7.23198039478133,7.15073300186366,7.12778484347774,7.28015976360975,7.3597239630222
"CCCTCCTAGTATCGAA-r17",10.6976322384248,10.7482562369729,10.7137508718728,10.7694098833856,10.6764707231586,10.7968441811069,10.731091828961,10.7565306652419,22.782006063345,12.2382205449965,11.671925960823,11.9293472432995,11.6345709035956
"CCCTCCTTCTACTCAT-r17",4.13439619687059,4.10045309885632,4.12008586233288,4.12309492715825,4.10715207306036,4.10237358203637,4.12741962548294,4.10774758264556,4.13898983920453,4.13588436592636,4.13502988272204,4.13686771159003,4.14635256925175
"CCGGGATCAAGCGATG-r17",8.58989530738222,8.59043119352362,8.59129673454304,8.59479193690419,8.57800047453857,8.59977579429878,8.60535516865585,8.60245915279005,8.67759065284855,8.577811841033,8.65914835342911,8.69648252399055,8.60286469175603
"CCGTACTGTGACTACT-r17",NA,NA,NA,NA,NA,NA,NA,NA,21.0738871379095,15.417024875947,19.0644323526978,13.0654313964554,15.054148151876
"CCGTTCATCACGAAGG-r17",1.3178644227339,1.31526675482177,1.31650272224042,1.31643421650403,1.31498943469169,1.31739617483794,1.31623020500412,1.31707429107723,1.32543610486956,1.32557968396213,1.32571826643322,1.32678365119156,1.32449343948547
"CCTAGCTTCTTAGCCC-r17",NA,NA,NA,NA,NA,47.3435241466409,NA,NA,NA,NA,NA,NA,NA
"CCTATTACACCAACCG-r17",NA,NA,NA,NA,NA,NA,NA,39.3901888861401,NA,NA,NA,NA,NA
"CCTCAGTTCTGATACG-r17",9.8462946308141,9.80903298891286,9.76315459763221,9.7739759254558,9.70660276518535,9.81395742022674,9.82340852089193,9.77593269418133,19.1407704714925,15.2489737353446,19.4551220825029,12.5853080003703,14.7984804800797
"CCTCTGAGTACAGCAG-r17",33.761339441886,32.5392597937932,33.6167142267241,33.3449384713775,32.583127977761,34.5922471673252,34.2904111525061,35.4261529062146,NA,NA,NA,NA,NA
"CCTCTGAGTCTCACCT-r17",35.2558890711682,33.6797992631885,35.0257823591905,34.8995758000777,33.3959632125369,36.5101907393906,37.0646062112024,37.2157281658943,NA,NA,NA,NA,NA
"CCTTACGCAGACAGGT-r17",NA,38.3450284514623,NA,NA,NA,NA,NA,NA,NA,NA,NA,NA,NA
"CCTTCCCGTACAGTTC-r17",3.90779706454924,3.89978344292233,3.91768615788773,3.91738172774183,3.89604847791437,3.90309703334211,3.91296908174477,3.89891233703408,3.96936358704402,3.97109443635857,3.97163829473626,3.96886488366642,3.97793333044815
"CCTTCGACATTGCGGC-r17",3.96865328923574,3.98648888599888,3.94368696211981,3.94622979462349,3.99617954431259,3.98131862869866,3.95578664615674,3.99161003351216,3.86314654675531,3.87343631962133,3.87253840570816,3.8798490414743,3.85847134710149
"CCTTTCTAGACGCTTT-r17",NA,NA,NA,NA,NA,38.6163141430177,NA,NA,NA,NA,NA,NA,NA
"CGAACATGTCCCGACA-r17",10.6262554201513,10.6582119354621,10.6249568313251,10.6706985765326,10.5428444944296,10.7324986135651,10.6663079605684,10.646051805536,20.0519456219058,14.9933998818849,19.941330859854,12.9411871613681,14.4549129008688
"CGAATGTCAAACGTGG-r17",NA,NA,NA,16.5567425660975,NA,NA,NA,NA,NA,NA,NA,NA,NA
"CGAATGTGTTCTGTTT-r17",15.0270991310058,14.7745911613845,14.6292516587084,14.7472371973966,14.6397614703119,14.7836011644448,14.765732518617,14.7440943818038,11.6185133745586,11.379528360536,11.9297917461,11.7350387472545,11.4590200663577
"CGAATGTTCTTGCAAG-r17",5.06559352141504,5.03108226999277,5.05530776925072,5.05828421239222,5.0529295826281,5.08359656497487,5.06635487836327,5.09771346325417,5.0713375798999,5.06730823575907,5.06068317787189,5.05538711908834,5.11472125413305
"CGACCTTAGGCTCAGA-r17",3.56799746375862,3.57564019660071,3.54827611526407,3.54811009412011,3.58192847653871,3.57548204878222,3.55369279703208,3.58190952925715,3.48111889372009,3.47453196177362,3.48183523235597,3.47727758670611,3.46310829025298
"CGACCTTAGTGACATA-r17",NA,43.4039482014436,NA,NA,NA,NA,NA,NA,NA,NA,NA,NA,NA
"CGACCTTTCAACGCTA-r17",29.8097964157112,29.5637503071002,30.2079470572044,31.346887150326,30.640852365632,30.2451997745523,31.9727794554377,30.0917308255504,NA,NA,NA,NA,NA
"CGACTTCTCGTGGTCG-r17",2.82559958013283,2.82249860807295,2.82587049483752,2.82766922582556,2.82298243446365,2.82675531435805,2.82575287877003,2.82703348787186,2.89715716394457,2.89877839253725,2.89941431469849,2.90776809452801,2.88950303633182
"CGAGAAGTCGGATGTT-r17",NA,NA,NA,NA,NA,50.1153658841559,NA,NA,NA,NA,NA,NA,NA
"CGAGCACAGAGTACAT-r17",33.4440032695722,28.3196609799758,31.2939516516665,30.6890488387896,29.3906643481907,31.459688095002,30.9890352244183,31.7280143391822,NA,NA,NA,NA,NA
"CGAGCCAAGCACACAG-r17",NA,NA,NA,47.7080230362492,NA,NA,NA,NA,NA,NA,NA,NA,NA
"CGAGCCATCGGTCCGA-r17",25.2723998849321,NA,NA,NA,NA,NA,NA,NA,NA,NA,NA,NA,NA
"CGAGCCATCTACTTAC-r17",NA,59.1079292266989,NA,NA,NA,NA,NA,NA,NA,NA,NA,NA,NA
"CGATCGGGTAGCTCCG-r17",5.73256406573825,5.73286756313472,5.73266443918307,5.73190706313085,5.73111047668877,5.73134992974871,5.73288579898886,5.73179497229456,5.6988889457275,5.68693374913525,5.69632907592621,5.70223369203204,5.70004527121886
"CGATTGATCAGGTTCA-r17",17.2153194337541,16.9607772211131,16.9731055721722,17.0021200976751,16.9876282574116,17.0762274873549,17.0559373222126,17.0340491688031,NA,28.8901667252363,NA,12.0736887465688,11.882869928168
"CGATTGATCGATGAGG-r17",14.5346020843276,14.639058410284,14.5278470749761,14.6012446227595,14.4654068237983,14.6293865680637,14.6624153249148,14.558174615432,11.074587555841,11.1199028392005,11.4832862213124,11.343360084764,10.9270470784959
"CGCCAAGAGTTCGCAT-r17",29.554777939937,29.51185053233,29.707354957061,30.7324210809269,29.9106509413949,29.2842024582829,30.6777856799182,29.6281507188783,NA,NA,NA,NA,NA
"CGCCAAGCAAATACAG-r17",8.08146811875024,8.05611371320539,8.10603048398351,8.10051734994956,8.0736349955568,8.10645887268868,8.06549819715489,8.0671554249181,7.9839175512435,7.98855199358664,7.94744022743592,7.89909062066578,8.08546493015667
"CGCCAAGGTAGAGGAA-r17",NA,NA,NA,NA,NA,41.6287403008025,NA,NA,NA,NA,NA,NA,NA
"CGCGTTTTCAGTTGAC-r17",8.19142313749776,8.35108566982625,8.2960075607657,8.2954845331234,8.38167050467456,8.29793999529944,8.35062289878737,8.36236762344356,9.45642955494914,11.1718791037572,10.3851226493591,11.4073380323588,10.4059440125094
"CGCGTTTTCTAGCACA-r17",16.2116548292341,16.078209961841,16.3541079560716,16.3060989930846,16.0017193344341,16.1487822426872,16.1436406954797,16.1413727085999,NA,NA,NA,13.9077669614837,NA
"CGCTATCCACACTGCG-r17",33.6967684365951,32.9465322643562,34.5783384457803,34.3452821662966,33.1584470053102,34.1541880570411,35.2095629943482,34.9291816459722,NA,NA,NA,NA,NA
"CGCTATCGTCTAACGT-r17",23.1589827697637,NA,NA,NA,NA,NA,NA,NA,NA,NA,NA,NA,NA
"CGCTATCGTTCAGACT-r17",NA,NA,NA,38.1242237565812,NA,NA,NA,NA,NA,NA,NA,NA,NA
"CGCTGGATCGGCTACG-r17",9.56311652979318,9.5578679482038,9.57598420953372,9.57066001196228,9.55810547665188,9.5895601610578,9.58774071286901,9.58694152954154,10.8393137333538,9.84902936448056,10.0657025746098,9.83488931301273,10.2290990497587
"CGCTTCACACCATGTA-r17",NA,NA,NA,NA,NA,NA,41.7021068052982,NA,NA,NA,NA,NA,NA
"CGCTTCATCTGTCAAG-r17",15.154645221623,14.7259330699484,14.7936741870796,14.9009072002803,14.731053644517,14.8490848865033,14.8326741868844,14.8281746306812,11.8453767762848,11.5675763745407,12.0700367700902,11.9202849801045,11.7249931034913
"CGGACACAGAGCTGGT-r17",NA,NA,NA,43.2465683769376,NA,NA,NA,NA,NA,NA,NA,NA,NA
"CGGACACCACAGTCGC-r17",NA,NA,NA,23.3239070510233,NA,NA,NA,NA,NA,NA,NA,NA,NA
"CGGACGTAGGCCATAG-r17",11.3078565770204,11.4182536590862,11.2973270110788,11.3596474498911,11.3424481326564,11.3818111597292,11.3819267979235,11.3442372195957,10.6641319712258,10.9988876863155,11.0370160771753,11.1335090255377,10.8823385873742
"CGGACTGCATTGAGCT-r17",34.3064574914583,NA,NA,NA,NA,NA,NA,NA,NA,NA,NA,NA,NA
"CGGACTGGTAAGTGGC-r17",NA,NA,NA,35.8900711869476,NA,NA,NA,NA,NA,NA,NA,NA,NA
"CGGACTGGTGGACGAT-r17",10.7493144105255,10.6874671973352,10.7444935181716,10.7953804527497,10.6855068745741,10.7178716827607,10.7537487293502,10.7445041161152,11.8119788917566,10.6694600370982,11.7725893688846,15.3576249007644,10.9722895805711
"CGGAGCTAGGGTATCG-r17",5.03715485346144,4.9851624690905,5.02106667271622,5.02678043970077,5.01773742047266,5.06364153851872,5.03755309502851,4.98716672873002,5.14505276797574,5.09451492179301,5.07573841130986,5.06562695645577,5.18380318930244
"CGGAGCTTCGGTCCGA-r17",5.76241745253886,5.75258112732691,5.76038944208034,5.76256896737245,5.77294185906107,5.78530271199025,5.77481525086302,5.73240141713304,5.80590808444762,5.7606348437531,5.74618082455386,5.76723197442331,5.88173497022839
"CGGCTAGCATCAGTAC-r17",11.2333312180354,11.1608142214334,11.2393314588769,11.3040165364697,11.1393529283381,11.2422895839759,11.2173739061076,11.2278485164152,12.5153004228077,11.2208075096881,12.410351827877,15.5548868555646,11.7249931034913
"CGGTTAAAGTCAAGGC-r17",11.0645652945463,11.1983516163798,11.1554545683515,11.1885726340908,11.0657042790683,11.190811296948,11.1196462659513,11.1616340673987,12.2986671160996,12.995662157575,25.1634129657241,12.6923229374005,12.5779920340575
"CGGTTAATCACTCCTG-r17",11.0175419972185,10.9657673929248,10.9686062073754,11.0214143940488,11.0046011102656,11.0683146234182,11.089391140778,10.9756022961921,22.4415926997785,12.9156632736438,12.3773508506248,12.5039733369102,12.4609695828403
"CGTAGGCAGGTGATTA-r17",NA,NA,NA,23.0155218796297,NA,NA,NA,NA,NA,NA,NA,NA,NA
"CGTAGGCGTGTTGAGG-r17",4.7596489004365,4.7866705734444,4.74925796776216,4.74987924447852,4.80517426954836,4.77230884301658,4.75689819069407,4.78232215578365,4.71323885343775,4.69076307926802,4.71424485681287,4.70637150583545,4.70829779434521
"CGTCACTAGTGCGATG-r17",10.1899266056677,10.28430088218,10.282556106058,10.3164872485796,10.2841180131753,10.3150730932543,10.3695426157364,10.3459657035343,10.503669652593,11.3440384167197,11.0370160771753,11.5396786430193,10.9270470784959
"CGTCACTAGTGTCTCA-r17",10.2179892676535,10.1514218943804,10.1290664954724,10.1518651261622,10.0832073984752,10.2061518448299,10.2443677442756,10.1749968028346,21.0738871379095,15.1047127613831,18.5576363726207,12.7348306408886,14.6250919107368
"CGTCAGGTCGCTAGCG-r17",6.97523078475872,6.99514047751665,6.98417688486646,6.98027697227945,7.02343534771776,6.99974952723052,7.00764489465864,6.95005173441495,6.83448569416381,6.8172734570081,6.80434947366099,6.86571042754353,6.8217369971621
"CGTCTACCACCAACCG-r17",15.7450111171543,16.2653340223314,15.9968691817576,16.0518200707321,16.044040816306,16.1517363827108,16.1616860302657,16.106459830729,11.0776613476672,11.0854556240352,11.2601559139988,11.187762826508,10.9270470784959
"CGTGAGCAGTCTCGGC-r17",7.99661272470789,7.96217017545873,7.928718103997,7.93183933725719,7.99863043701622,7.94396275784831,7.9673173774347,7.97411039362155,7.9304048928946,7.85357504382945,7.80906776252979,7.71055470037909,7.91673126002822
"CGTGAGCCAAACGTGG-r17",11.2277329216679,11.2547869113523,11.2742581392872,11.322072052072,11.1719733368824,11.2227834794259,11.2301962512127,11.2614825812393,10.9475365806511,12.0142537982721,11.6341771647086,12.122490278404,11.4590200663577
"CGTTCTGAGCTAAGAT-r17",7.20089693938599,7.1245887711365,7.10849781139897,7.11466028393467,7.16629598211363,7.13907618731713,7.14580190419445,7.17410103272122,7.44469857968564,7.4217786202687,7.35132559371708,7.31197871167723,7.54631041108073
"CGTTCTGCATGTCTCC-r17",3.61559716752441,3.61891023197596,3.63348262492123,3.63569238173107,3.62344630849894,3.62110870461145,3.60579506981728,3.62540261009156,3.60978906566814,3.59880946149457,3.60724858107832,3.59071404812644,3.59723231816665
"CGTTGGGAGTTGCAGG-r17",2.97236526915411,2.98307240255748,2.97654163224543,2.97709685964406,2.97192370559922,2.97421884874499,2.97762199428807,2.9752565826783,2.99137271946018,2.99182870770908,2.99189210390532,3.00177864710617,2.9898147187466
"CGTTGGGCACCGATAT-r17",15.6839417133815,16.0883525054957,15.8384287711883,15.9085115738233,15.8763039442059,15.9948503247139,15.9976994160968,15.941039316081,12.0747361557751,12.0142537982721,12.6014147397891,12.5039733369102,12.1823297481723
"CTAAGACGTCACAAGG-r17",2.96392811720907,2.96870748725123,2.96607660335881,2.96610383558022,2.96380183941983,2.96458356365392,2.96641264918323,2.96509260896961,2.96166629747232,2.96246035901797,2.96232285418932,2.96129717728212,2.96223260330547
"CTAATGGAGCCAACAG-r17",6.5900400428227,6.62241660986739,6.61771461742946,6.61018742476691,6.68603077433268,6.65841390046074,6.6588157924557,6.73859084257177,6.33823376193804,6.21677016630633,6.17739494469107,6.20358236763846,6.75653605252653
"CTAATGGCACGTAAGG-r17",NA,NA,NA,NA,NA,NA,NA,NA,26.0733426111938,14.0848860793529,14.4073058349985,12.8793926665496,NA
"CTACACCAGCATGGCA-r17",NA,NA,NA,NA,NA,NA,NA,NA,NA,NA,NA,14.7684530210672,NA
"CTACGTCGTGGGTCAA-r17",NA,37.9905902114638,NA,NA,NA,NA,NA,NA,NA,NA,NA,NA,NA
"CTCACACGTACTCTCC-r17",11.5391325782883,11.6913370209033,11.6177067899845,11.6452232622661,11.6348296347634,11.649669601456,11.6790157012138,11.6692480151827,10.9475365806511,11.7813859240013,11.4832862213124,11.7350387472545,11.4590200663577
"CTCAGAAAGCTACCGC-r17",18.7815429930222,19.3234184797591,19.3638574090813,19.6833555649428,19.1023422911538,19.254214577779,19.3021484458827,19.2468169284582,NA,NA,NA,NA,NA
"CTCGAAAGTCACCTAA-r17",4.6692368951722,4.71571094769071,4.64887035046793,4.6510661214193,4.62650634199183,4.69130149469661,4.66294495479543,4.70934927696245,4.57801608936586,4.57575411164088,4.57092820512432,4.56627157513195,4.61216890454169
"CTCGAAATCACTCCTG-r17",2.78974516194869,2.78670435837655,2.79718819123269,2.78348773363145,2.78853887215827,2.79265844524517,2.78341582229364,2.79449720524347,2.82086394365959,2.81131726641453,2.8139907516802,2.81620855933522,2.80823595851083
"CTCGGAGAGCCAACAG-r17",11.565060338956,11.5197039634618,11.5131272843618,11.5319467966995,11.4998963130139,11.5353251701872,11.5393177730194,11.5286675620567,11.3177807743396,11.0542298977405,11.3585099412184,11.007555234889,11.0381368677723
"CTCGGGAAGCCGATTT-r17",NA,NA,23.1279254638456,NA,NA,NA,NA,NA,NA,NA,NA,NA,NA
"CTCGTACGTTGACGTT-r17",20.7876010960901,20.49224445771,20.6782206960959,20.5584294875487,20.5610885810507,20.6702861908634,20.6038630931275,20.5657941118648,NA,NA,NA,NA,NA
"CTCGTACTCTCGTATT-r17",13.7898447536631,13.5821567256583,13.8933758372323,13.8661165666777,13.5446961317195,13.6704816944747,13.6578063165702,13.6928367610451,12.362695634206,11.7908736274256,12.6017930816629,15.1606572757684,12.0227362302935
"CTCGTCAAGCGATAGC-r17",10.8680024198843,10.8250394052135,10.9056829723038,10.9131798289024,10.8513863654357,10.8697155845109,10.9014678130689,10.9500854962889,23.4537433932405,12.9156632736438,12.048913675209,12.3140914767809,12.0032085306543
"CTCTAATAGTCCGTAT-r17",23.0890091192542,NA,NA,NA,NA,NA,NA,NA,NA,NA,NA,NA,NA
"CTCTACGTCCTGCTTG-r17",4.58554050720838,4.54314274013417,4.56978245086846,4.57488889910522,4.55416475387573,4.54263052922002,4.58069238180843,4.55110726271503,4.67620566458577,4.64914050477206,4.63729875033436,4.63310458926917,4.69549645708048
"CTCTGGTCATGCCACG-r17",4.16876220383295,4.1596452285511,4.16503142554325,4.16630623258843,4.16108216732991,4.16175981721075,4.167126346278,4.16287974230688,4.20441970588224,4.20587930702899,4.19864699535374,4.20407815732105,4.21084344744843
"CTCTGGTGTAGGCATG-r17",1.89972962309063,1.90313839434112,1.90613235907526,1.90618591103291,1.90251326779346,1.90821901905273,1.90561658356439,1.90753597963003,1.93145978584266,1.93149694076179,1.93176031514942,1.93058433768417,1.92941100951979
"CTCTGGTTCCAGGGCT-r17",16.9090115474121,17.1693348209518,17.1076389215143,17.1273227569416,17.0142872260805,17.1416536263969,17.1455703057762,17.1123774308986,11.2884964356626,11.5675763745407,11.7064537934953,11.7350387472545,11.3781811220244
"CTGAAACCACATGTGT-r17",8.82137531760472,8.82115696060428,8.77741170926401,8.77304482973616,8.85166305398052,8.78421108042837,8.81814411550877,8.81708324380984,9.13893082529008,9.44141751434583,9.37468917313789,9.71874717220313,9.39895454194368
"CTGAAACCATATGCTG-r17",21.816328607767,21.6897156439822,21.8182791142432,21.7763514002775,22.0192466096354,21.8077904812491,21.7350355922873,21.7178487094455,NA,NA,NA,NA,NA
"CTGAAGTTCGTACCGG-r17",NA,NA,24.4798070769625,NA,NA,NA,NA,NA,NA,NA,NA,NA,NA
"CTGATAGAGCGTAATA-r17",4.15763736972251,4.14421228611921,4.15203646722707,4.15237458107129,4.14654263697658,4.14304912598577,4.15501054498378,4.14563761434964,4.13151920309872,4.13398912890442,4.13003507051429,4.13472819948492,4.1356772401322
"CTGATAGCACGCGAAA-r17",11.9506001140214,12.040362251356,11.9887211303693,12.015161909102,11.9623143064762,11.9906306502524,12.008951605307,12.0106880256386,11.139076023688,11.7908736274256,11.7064537934953,11.9293472432995,11.4590200663577
"CTGATAGCAGGCTGAA-r17",NA,NA,NA,NA,NA,NA,NA,NA,26.001803457247,NA,NA,NA,NA
"CTGCGGAAGTAAGTAC-r17",6.18324698588494,6.18597555051372,6.19662934516068,6.18979414161351,6.23647713961746,6.2444526816977,6.23461031681993,6.08206078248694,5.25328275240621,5.32939297600466,5.27907414259146,5.19930546826531,5.43924235604422
"CTGGTCTGTAATCGTC-r17",NA,NA,NA,NA,40.8725737577347,NA,NA,NA,NA,NA,NA,NA,NA
"CTGTGCTCATCACGAT-r17",7.78524404957025,7.93957240876371,7.85874032756308,7.87651382477443,8.01297989992852,7.8882151893321,7.93475491716013,7.9568250268146,8.60225244172172,8.97698589799023,8.69703294944869,7.6522739705938,8.87650178770645
"CTGTTTATCACTCCTG-r17",12.2694360920549,12.3847384720181,12.3062605069381,12.2915102567704,12.2457338288179,12.2785941951505,12.2902625302965,12.3220499586159,10.9475365806511,10.8950308747618,11.2564719405191,10.961154592902,10.7917396665792
"CTTAACTCAAGCCGCT-r17",2.06063792217819,2.06235365538162,2.0600738062009,2.06082699824226,2.06189668379756,2.06093934884372,2.06031612729701,2.06088396021499,2.09469594941031,2.09564416791178,2.09653510317687,2.09914691197982,2.09011377564316
"CTTAACTTCCTAGGGC-r17",3.1320201971445,3.13179715641048,3.11272738507811,3.11398826859129,3.13724219098182,3.14010029856342,3.11562860459124,3.14556508036927,3.13256221205228,3.132215821306,3.13530172559133,3.13108574418799,3.11690695758289
"CTTACCGAGGGTATCG-r17",10.2611453527818,10.2905899381371,10.2827307627341,10.3396429987221,10.2569748379081,10.3397118366157,10.3049554244973,10.3133120774864,11.2237291006659,11.4363333166813,11.4408203233341,11.6327436869805,11.4286149916987
"CTTAGGAAGGAGCGTT-r17",29.6739890929919,29.6834164152661,30.0059427144477,29.8433010687625,29.7474375722745,29.6906166397772,29.8289555385408,29.5955314830558,NA,NA,NA,NA,NA
"CTTAGGATCCTTGCCA-r17",15.7339445868534,16.436327656551,16.2801205210793,16.4377280243305,16.1260408013073,16.2784979356132,16.3579965940538,16.2419584034839,11.1700287074877,11.3440384167197,11.4832862213124,11.5396786430193,11.1932826567797
"CTTAGGATCGCGGATC-r17",20.5805821180656,20.7340000427515,20.9524186472528,20.6827718092447,20.7106690211925,20.8301449358391,20.8688345545149,20.8024189873174,NA,NA,NA,NA,NA
"CTTGGCTTCAACTCTT-r17",19.0995615349016,19.7306342338666,19.7345705163896,19.9989381482496,19.4718478618673,19.6356333053238,19.6687632870764,19.6034921966806,NA,NA,NA,NA,NA
"CTTTGCGTCAGTTAGC-r17",4.20134374600232,4.15930313595201,4.18507177154806,4.18569262206622,4.16720432545512,4.15562827239598,4.19353819195497,4.16375943214078,4.08042161898299,4.09390498787438,4.08982981300818,4.0982138375435,4.07895748816654
"GAAACTCAGGTGGGTT-r17",26.4795697778491,26.7220952453319,26.8511838099671,26.9761436787908,27.1573874856559,26.4673394933134,26.8082050001745,26.5493241214411,NA,NA,NA,NA,NA
"GAAATGAAGGGTTTCT-r17",NA,NA,NA,NA,39.9716240722126,NA,NA,NA,NA,NA,NA,NA,NA
"GAAATGACATAGACTC-r17",NA,NA,NA,NA,NA,NA,NA,NA,25.5547502816903,NA,NA,NA,NA
"GAAGCAGCACGTGAGA-r17",18.1392482311774,18.5564311894849,18.2187413879083,18.2736549539484,18.3928450520123,18.3981319524945,18.5756130069527,18.5211563348138,NA,NA,NA,NA,NA
"GACACGCGTAGAAGGA-r17",NA,21.1621292460261,NA,NA,NA,NA,NA,NA,NA,NA,NA,NA,NA
"GACAGAGGTGCGCTTG-r17",NA,NA,NA,NA,55.1565607805847,NA,NA,NA,NA,NA,NA,NA,NA
"GACCAATTCACTGGGC-r17",24.3431402932092,24.4665667403679,24.5691106519186,24.3771827712367,24.3587065980575,24.404700006783,24.4984899738862,24.40928420812,NA,NA,NA,NA,NA
"GACGCGTCATTAGCCA-r17",26.6196442192925,NA,NA,NA,NA,NA,NA,NA,NA,NA,NA,NA,NA
"GACGTGCCACATTTCT-r17",3.3391641575478,3.33920038917893,3.35902026755337,3.35988786170357,3.34424660454784,3.34589056528197,3.36519387361341,3.35074360506499,3.33882040082503,3.33429935179177,3.33671140994417,3.3406779075166,3.32487133720627
"GACGTTACATTCGACA-r17",5.4581053717802,5.41663184859722,5.4465334589486,5.44287800690692,5.45128732720722,5.49910816034239,5.47262046142296,5.54577632269155,4.99635515538466,4.98235237180934,4.98724802949909,4.95401924835375,4.99297844907605
"GACGTTAGTCTGATTG-r17",15.8911925854168,16.8395643698172,16.605367640757,16.6584732361333,16.5379270289034,16.6401184492247,16.7269668581282,16.6053297319866,NA,NA,NA,NA,NA
"GACTAACCAAGCTGGA-r17",6.88720309648846,6.88501167609912,6.88757831154459,6.88483674866894,6.8726046793929,6.87402425480219,6.87433576179895,6.87788977933989,6.81740808058096,6.82251680439022,6.81688884061537,6.82221376398224,6.83570779116751
"GACTAACGTTCGGGCT-r17",14.7089812529937,15.3606159334077,15.0948771522073,15.269470978935,15.138196683401,15.3568649915936,15.4678602667205,15.2833754887129,10.7254692518937,10.9521754689361,11.0370160771753,11.1464043189768,10.7734871084709
"GACTACAAGCCACCTG-r17",NA,NA,NA,NA,NA,NA,52.7033357072216,NA,NA,NA,NA,NA,NA
"GACTACATCAATAAGG-r17",16.877532796113,17.1150312358289,17.1306502778625,17.1419638753015,17.0769539441381,17.1601293052757,17.2845308049994,17.2502188008357,11.1618439975009,10.8742778244977,11.1815582228307,10.9344016872716,10.8726948095665
"GAGGTGAGTCATATCG-r17",NA,NA,NA,NA,34.7963541751938,NA,NA,NA,NA,NA,NA,NA,NA
"GAGTCCGAGACAGAGA-r17",3.9167643233643,3.92067200800299,3.90487585018586,3.90877266985719,3.92617571243342,3.92413138521134,3.91057485574311,3.92869208707945,3.99988771997126,3.98892763094511,3.98586034059964,3.99341643418261,3.98915766734038
"GATCAGTTCAACGGCC-r17",18.6009476511868,18.921104518537,19.0173635218529,18.7965253999859,18.6825284933021,18.7979752669105,18.8707117377621,18.8025322579792,NA,NA,NA,NA,NA
"GATCGCGAGTGCTGCC-r17",5.58933612194511,5.6301145232721,5.63551408115288,5.63625973814227,5.64150065971516,5.60246632467378,5.59357692803759,5.61578305629774,5.60631430196948,5.58195313453947,5.57459447290322,5.58863085604213,5.6376591592378
"GATCGCGTCAGCCTAA-r17",NA,NA,48.3579481790834,NA,NA,NA,NA,NA,NA,NA,NA,NA,NA
"GATCGTAAGCGTAGTG-r17",9.70301825055347,9.69768729045861,9.710971884832,9.68208825219741,9.63070643247977,9.7061595597301,9.73186144034571,9.73695698446732,10.8213865060651,12.8073265709775,23.4934085272914,11.999893907393,11.582203811299
"GATCGTAAGGACACCA-r17",7.46104958245559,7.47473274223315,7.47243974902792,7.47402802579044,7.49435591498699,7.48414196959895,7.49040129192091,7.49735449899573,7.56557294318536,7.57001524081345,7.5581807456668,7.638064854029,7.59012418108333
"GATGAAAGTAAATGTG-r17",14.776878995453,14.9703187136371,14.8363823388331,15.0692164242567,14.8930520814368,14.9863363543646,15.0366003958958,14.9555054822097,11.3753737032713,11.3440384167197,11.7064537934953,11.5396786430193,11.1932826567797
"GATGAAAGTCACTTCC-r17",5.47334849753777,5.46732701066638,5.47149229577979,5.47419298624055,5.4719688183907,5.47915981194703,5.47491950580055,5.48423035185952,5.51734236801233,5.54964399003815,5.52206386049569,5.495302797839,5.54634560881391
"GATGAAAGTGCGATAG-r17",7.75317462309211,7.82369651930016,7.80129404728144,7.80958853462453,7.72039545147727,7.80923725622034,7.83433396798468,7.71890476571295,7.92072506101056,8.25776402731735,8.02346159817074,8.84153541942296,8.37393253703989
"GATGAGGTCGGTGTCG-r17",12.2701850056365,12.4196177623081,12.3774055067857,12.3876306343942,12.405521623677,12.378661323,12.3714604997094,12.3965083270441,26.0511634578212,12.4155459838075,12.1533877954027,12.1611704763766,11.9915254176525
"GATTCAGTCATGTAGC-r17",11.403653910189,11.4683968695557,11.3902956142384,11.3879322693452,11.4687383462542,11.4913995656543,11.506278277683,11.4356430925036,21.4379540915712,13.1205471664443,12.4729238051167,12.5258880769432,12.5283093262648
"GCACATACATCCCATC-r17",4.73040565701648,4.76647648437812,4.71535724118309,4.71634402597398,4.79077331166459,4.7473418494731,4.72607710914755,4.7610176444692,4.66496759909677,4.64546666314205,4.63758977158513,4.63553507582378,4.6585298393524
"GCACTCTCACCTCGTT-r17",3.55632407132501,3.56050842915744,3.54468257803865,3.54533553003837,3.5646157575449,3.56231736264075,3.54810858238027,3.5663640100073,3.54943531597019,3.53435410454305,3.54766277934968,3.53838758628688,3.53874552571046
"GCAGCCAAGAATTGTG-r17",NA,NA,NA,NA,45.0873925596625,NA,NA,NA,NA,NA,NA,NA,NA
"GCAGCCAAGGGAGTAA-r17",31.9158392001762,27.8968349738054,27.6459362496501,28.1834792063517,27.0679057549052,27.345999154381,27.5956985285401,36.6393573646933,NA,NA,NA,NA,NA
"GCAGCCAGTACATGTC-r17",NA,NA,NA,NA,45.764044137915,NA,NA,NA,NA,NA,NA,NA,NA
"GCATGATGTGCTGTAT-r17",9.51704421461549,9.52928343523818,9.5142998870782,9.54630676030255,9.45223580561972,9.54674775492012,9.55617290077168,9.55834622345479,22.4959321224866,12.0142537982721,11.0507562198702,11.9293472432995,11.1932826567797
"GCATGTAAGTGGGCTA-r17",10.8051798322246,10.8250394052135,10.8463223340988,10.9041653299949,10.759496924186,10.800777081101,10.8238446558548,10.8611472244688,11.134521388611,12.2382205449965,11.9261383815978,12.122490278404,11.7249931034913
"GCCTCTATCGCGCCAA-r17",NA,NA,NA,40.1863294136099,NA,NA,NA,NA,NA,NA,NA,NA,NA
"GCGCAACAGAATGTGT-r17",20.9598795753674,NA,NA,NA,NA,NA,NA,NA,NA,NA,NA,NA,NA
"GCGCGATGTAACGCGA-r17",11.0477626090937,11.229098477441,11.0946924510651,11.1518471062687,11.1157847479829,11.190811296948,11.1510559020065,11.1647236677459,12.2878660293395,12.5190254745558,25.363992550558,12.3965417799531,12.426225526277
"GCGCGATGTGTGGTTT-r17",18.2849475859815,18.5935841326906,18.4369149522839,18.3640684392292,18.3810361761493,18.59219928784,18.4693526955054,18.4390700066587,NA,NA,NA,NA,NA
"GCGGGTTAGCGACGTA-r17",7.31151831855292,7.38673006236191,7.36012464466667,7.3463719931574,7.21936307759254,7.17248958734808,7.19356284993346,7.23487755614849,6.40540859292318,6.43299114396463,6.38626276111358,6.40031663253564,6.52749798527844
"GCGGGTTCATGTAAGA-r17",10.6941705943827,10.8250394052135,10.7301450832012,10.763794302655,10.7247585879984,10.7968441811069,10.7480352135888,10.7673837149101,10.7254692518937,11.9527396584962,11.0370160771753,11.7350387472545,11.3014934227365
"GCGGGTTTCAACGGCC-r17",NA,NA,NA,NA,NA,33.6385821731427,NA,NA,NA,NA,NA,NA,NA
"GCTCCTAAGTTAACGA-r17",5.95649534244476,6.02303116975997,5.95698469385952,5.9558440630012,5.9639688204716,5.97263921156513,5.9664272699162,5.99154674014452,5.80931102018362,5.83607342585178,5.79898144558276,5.74334053215879,5.8694396681302
"GCTCCTAGTAAATGAC-r17",4.71673501684631,4.72042281308453,4.71576086396384,4.71570956553335,4.71528273925484,4.71769966481516,4.71664327818149,4.71874107175439,4.67972221382756,4.68854019433954,4.68524842140319,4.68695616967812,4.67705050433735
"GCTCTGTAGAAGGTTT-r17",6.92476842962788,6.94673134189664,6.94323175251274,6.94231666254948,6.97128517049488,6.95482331366265,6.96349197439097,6.89325073810893,6.63311408972873,6.70274401005359,6.64498662701072,6.47226494948464,6.74156445646515
"GCTGCGATCGGAATCT-r17",4.98482572531299,4.93428148801602,4.97073863154297,4.97116622465096,4.96496879391825,4.91027561477904,4.98612368006362,4.92756370192558,4.82147438633229,4.82391626877512,4.82417703858542,4.80986368133227,4.86125566118648
"GCTTGAATCTCTAAGG-r17",15.0993727886171,14.8916762611087,14.8180634205195,14.7729280128684,14.6981559795707,14.8539510533973,14.8206432053386,14.8154756990816,11.8453767762848,11.5675763745407,12.1533877954027,11.9293472432995,11.525270579172
"GGAACTTGTTAAAGTG-r17",38.0531221845412,NA,NA,NA,NA,42.2783812455669,39.5702188923986,40.8374739289446,NA,NA,NA,NA,NA
"GGAACTTGTTGCGTTA-r17",NA,NA,NA,NA,43.8526349677848,NA,NA,NA,NA,NA,NA,NA,NA
"GGAATAAAGTATTGGA-r17",13.52301926942,13.5821567256583,13.5653801581868,13.5305197238414,13.546035784002,13.5768591792618,13.6578063165702,13.5962636031517,14.3984814460092,20.9819281053352,14.8607504728623,17.8472812337856,14.8333619104643
"GGACAAGAGGCCCTTG-r17",3.0278685356114,3.02920334488575,3.01295009404656,3.01312841386382,3.0330903569752,3.00473653813461,3.01522664667113,3.00756298351094,2.97098668398258,2.97641386209181,2.97617213586174,2.97698588518959,2.96999954605208
"GGACAAGCACTGTCGG-r17",11.0175419972185,11.0928446817093,11.0374610386469,11.0682499039488,11.0046011102656,11.1555098223366,11.089391140778,11.066373540273,21.5330223674498,14.5318672115272,19.4551220825029,12.6923229374005,13.8296254012131
"GGACAGAAGCTAGTCT-r17",4.17686340529411,4.14599503864452,4.16445326956412,4.16656880793697,4.15163401737401,4.14604325267026,4.17127376063532,4.15148700497836,4.16378960231241,4.15535315602108,4.15923641746785,4.15513663655783,4.16627809219333
"GGACATTCAAAGGCGT-r17",11.2055818435913,11.2993418770295,11.273864244672,11.2875034195758,11.2309885683944,11.2781775090757,11.2825925471767,11.2961711825855,12.075211071344,12.3347042606609,25.9228646298675,12.473593320623,12.1924647756045
"GGACATTCACCAACCG-r17",42.296150545672,NA,NA,NA,NA,NA,NA,NA,NA,NA,NA,NA,NA
"GGACGTCCACTGTCGG-r17",NA,NA,NA,48.031166013105,NA,NA,NA,NA,NA,NA,NA,NA,NA
"GGCAATTTCACGACTA-r17",6.09894925723925,6.10001772820489,6.10426893137813,6.10353085905222,6.13152464590187,6.01320797218666,5.99895889219466,6.04884358245748,5.90695374969172,5.93511053075346,5.90249159143503,5.84068806033282,5.99524488750021
"GGCGACTAGCCAGTTT-r17",41.9644081997813,NA,NA,NA,NA,NA,NA,NA,NA,NA,NA,NA,NA
"GGCGACTGTTCAGACT-r17",10.1565371149078,10.1553465395434,10.1781958230046,10.1838899976062,10.1428745054669,10.1794766810696,10.1453982591373,10.1409403173846,12.1226701766473,10.3237543452992,10.894691570593,10.0067357776335,10.8364414019313
"GGCTGGTAGGATGGTC-r17",3.5072850167578,3.50461571465264,3.50896188037757,3.5102093512372,3.5045968752353,3.50737447102061,3.50837196606817,3.50683383170588,3.56809462072641,3.56493986784277,3.56518663586196,3.56756504054367,3.56875699057063
"GGGAATGAGCCGGTAA-r17",20.8995228930669,20.9434860765963,20.9965966624342,21.0249091373926,20.6488351963277,20.9271591898082,20.964072019492,20.9049862802546,NA,NA,NA,NA,NA
"GGGACCTTCCTGCTTG-r17",10.1093556414841,9.98398222911429,10.1255998930664,10.0882858073858,10.0531591719647,10.0300946134561,10.0794343574398,10.1015796775702,19.8649921810442,14.8997161835569,19.0547664707075,12.6481395174574,14.220176912848
"GGGATGATCTTCATGT-r17",22.9010100226651,22.2441722993124,22.4428388165769,22.5133502391451,22.3459857577832,22.306453763514,22.2258534471981,22.3085999013019,NA,NA,NA,NA,NA
"GGGCACTAGCTATGCT-r17",24.2907893343507,NA,NA,NA,NA,NA,NA,NA,NA,NA,NA,NA,NA
"GGGCACTTCGGTCTAA-r17",6.4891234049806,6.49743682295075,6.50008745977927,6.5032863653569,6.54414289134447,6.42344659049295,6.41371894247181,6.45499978423726,6.75076955099539,6.71892505835695,6.66547289757123,6.62341967612841,6.76466826878393
"GGGTCTGGTTGAGTTC-r17",2.32547289639542,2.32237492003112,2.32194419178484,2.32248797790034,2.32348552858176,2.32714026776099,2.32238792334451,2.3220121536801,2.34199107317119,2.34277447498425,2.34349373268508,2.34491695031934,2.33767952705659
"GGGTTGCAGCGTAGTG-r17",13.9681711037374,14.4829911478303,14.2211683015959,14.415548851187,14.3112388560725,14.3520125878704,14.4362777220139,14.3486571252959,11.3935363312819,11.5675763745407,11.7064537934953,11.7350387472545,11.4590200663577
"GGTATTGTCCTCCTAG-r17",9.79787702817771,9.77532223308632,9.78701143594821,9.82050377839062,9.73767901953977,9.82034245209993,9.81711897656665,9.79958919889859,10.2263399461053,11.6242547472021,10.9339302920174,11.5634840794236,10.9366177695708
"GGTATTGTCTCGCTTG-r17",36.0159224657331,NA,NA,NA,NA,NA,NA,NA,NA,NA,NA,NA,NA
"GGTGAAGAGCTAGTCT-r17",NA,NA,NA,NA,NA,NA,NA,42.3062472122901,NA,NA,NA,NA,NA
"GGTGCGTCAATCTGCA-r17",NA,21.9699272674557,NA,NA,NA,NA,NA,NA,NA,NA,NA,NA,NA
"GTAACGTAGCAAATCA-r17",3.97171312915118,3.97518757791698,3.96631050000072,3.96754358067435,3.97760298736271,3.97460545601279,3.96916959169537,3.97672750756532,3.96860937966822,3.95700005932503,3.9629417676506,3.95669604487874,3.95819021373568
"GTACGTATCGAGGTAG-r17",11.1317295446424,11.1053123799379,11.1525055948141,11.196847990583,11.0943391381181,11.120711839278,11.1584654928473,11.1530015922081,12.1314012567794,11.0028407254762,12.0331546318477,15.3576249007644,11.344350707558
"GTACGTATCGCATGGC-r17",12.6455526680594,12.8528279265833,12.7066555046831,12.6833752554353,12.7058893611522,12.7030751945154,12.7196649023692,12.7387081814768,10.9475365806511,11.3440384167197,11.2912993528588,11.5396786430193,11.0888055830622
"GTACTCCGTTCCAACA-r17",NA,NA,NA,NA,NA,24.8968413791256,NA,NA,NA,NA,NA,NA,NA
"GTACTCCTCGAATGCT-r17",29.2357957669315,26.01361469693,26.3420043555825,26.170985251007,25.6882780252368,25.8933407213005,25.8815736208525,26.3240596161725,NA,NA,NA,NA,NA
"GTACTTTCACATCCAA-r17",10.045901138672,10.0833474449706,10.0779719763858,10.0898959889358,10.0564661453184,10.1095281995286,10.1138135610172,10.1157975170611,10.457842666216,11.8819943302807,11.1821850784194,11.7489463110618,11.1932826567797
"GTACTTTGTAAGGGCT-r17",25.4622580798197,25.5434970029685,25.571760128565,25.3772703858091,25.6429043525207,25.3525951114321,25.4450583768116,25.3952522349912,NA,NA,NA,NA,NA
"GTAGGCCCACCGATAT-r17",NA,NA,NA,23.2326340374491,NA,NA,NA,NA,NA,NA,NA,NA,NA
"GTAGTCACAGGAATCG-r17",5.78773729998579,5.77650498100351,5.7849751065257,5.78708177905567,5.80232283378348,5.81679160116384,5.80382130289794,5.74731906848598,5.74463922199904,5.7430997524582,5.72356650259635,5.73589426806696,5.80633510730834
"GTATCTTAGCAAATCA-r17",9.66003086782017,9.68558574680203,9.6535948317637,9.74100741245168,9.67344651164583,9.74536576890838,9.70949759102344,9.70834536751531,10.3915871813202,11.7908736274256,11.0819435550058,11.7830570672309,11.1932826567797
"GTATTCTCAATAGCGG-r17",14.3640808706939,14.6839683200941,14.5209843078362,14.511506108568,14.4869585052578,14.5479369684791,14.6056716374375,14.5131458222139,11.1700287074877,11.4660156413742,11.4502608600152,11.6865120474327,11.1932826567797
"GTATTCTCACTCAGGC-r17",NA,NA,NA,34.1336214250455,NA,NA,NA,NA,NA,NA,NA,NA,NA
"GTCACAACACCTATCC-r17",9.9491713709955,10.0332196148926,9.9656093144886,9.9882512242271,9.98354796549169,10.0433409899346,10.0316959101449,10.018274317984,10.3495364734187,10.8950308747618,10.6712586372385,11.1082541457381,10.6601915045691
"GTCATTTAGGCAATTA-r17",21.228608796577,21.1948678536534,21.3469229557034,21.1033131527833,21.204541793094,21.4310707040486,21.2180157271688,21.201733609596,NA,NA,NA,NA,NA
"GTCATTTCATTCGACA-r17",3.00629671761375,3.00622989628122,2.99733976887434,2.99815999677144,3.00899917667179,2.99383109558521,2.99871565704509,2.99529113759626,3.01000601401265,3.00707885365918,3.01076764166712,3.01073281639022,3.00305603139101
"GTCATTTTCCTCAATT-r17",NA,38.3426862586275,NA,NA,NA,NA,NA,NA,NA,NA,NA,NA,NA
"GTCTCGTCAAGCTGAG-r17",NA,NA,NA,NA,34.5051871338252,NA,NA,NA,NA,NA,NA,NA,NA
"GTCTTCGCACTTCGAA-r17",5.48576807021915,5.4837477973146,5.48546107259365,5.48522698065744,5.48638105233543,5.48869041280915,5.48722837893932,5.49137162321278,5.45051741443277,5.46242098231867,5.44873936289486,5.45403511978859,5.45722630042196
"GTGAAGGAGCTAAGAT-r17",4.66937111416072,4.68269630516626,4.66353299467224,4.66520728992041,4.65801317032463,4.67680677858861,4.66794207173198,4.68215747011009,4.68335374869125,4.67291257414537,4.66714191642748,4.67588490401408,4.68822829767443
"GTGAAGGAGGGCTTCC-r17",1.78417570336861,1.77923981892955,1.78173599352785,1.78190400025137,1.77878959462584,1.78350034730196,1.78138849268341,1.78296470874331,1.8086067858692,1.80861737344184,1.80975236347549,1.81185228926882,1.80366296275049
"GTGAAGGCAGCTGCTG-r17",11.1631121981354,11.2161521025564,11.2066111179181,11.2367807313567,11.2086731510658,11.2528672681137,11.2637650541399,11.2217495725583,10.7254692518937,10.850564085596,10.8137639610582,10.9490294164607,10.6601915045691
"GTGCAGCCATCTCGCT-r17",NA,NA,NA,39.4855905665119,NA,NA,NA,NA,NA,NA,NA,NA,NA
"GTGCAGCGTGCAACTT-r17",15.4772767416306,15.2862598516949,15.6909035667696,15.5196127603365,15.2045261099092,15.349013870026,15.3440210142722,15.3538720048335,12.7744610460546,12.0142537982721,13.0517641944753,15.3576249007644,12.5283093262648
"GTGCATAAGGAACTGC-r17",NA,NA,NA,NA,NA,NA,NA,40.1587956741744,NA,NA,NA,NA,NA
"GTGCGGTCATGACATC-r17",5.26018726133788,5.25448469130886,5.25840419383675,5.25892113989616,5.25714309080199,5.24764730656065,5.24345845849991,5.2510524459128,5.26181534778194,5.25285042628975,5.25984268006959,5.25484770956146,5.25518918220106
"GTGCTTCCAGCTGCTG-r17",10.5332475038109,10.4262391821,10.5482367194224,10.5002998813486,10.4935822973437,10.4725037975742,10.5167141747544,10.5498948268274,20.445685833293,14.5688172398367,19.1185959135202,12.5039733369102,13.7567733046856
"GTGCTTCCAGGTCGTC-r17",13.5417748287667,13.88742636824,13.6024561141352,13.6039992090758,13.6434612990083,13.6869084645735,13.6981187337008,13.6601534147612,11.6185133745586,11.7908736274256,11.7064537934953,12.122490278404,11.6923193250318
"GTGCTTCGTTCCACGG-r17",10.3797798034803,10.3729923867908,10.4328627692995,10.4905664797339,10.379192688631,10.4036689449938,10.4226250922357,10.446271387799,10.7701234391344,11.9454963638955,11.4832862213124,11.8239117265305,11.4590200663577
"GTGGGTCAGATGCCAG-r17",10.4282138647123,10.5672097506179,10.497620247647,10.5846022902574,10.506559830787,10.5635935786065,10.556904203497,10.5339141093113,10.2818284848614,11.1004085043974,10.8137639610582,11.1925921250157,10.6601915045691
"GTGGGTCTCGTGACAT-r17",NA,NA,NA,40.9029947975221,NA,NA,NA,NA,NA,NA,NA,NA,NA
"GTGTTAGAGAACTCGG-r17",50.8615514288282,NA,NA,NA,NA,NA,NA,NA,NA,NA,NA,NA,NA
"GTTAAGCAGAAACGCC-r17",38.9342805891544,NA,NA,NA,NA,NA,NA,NA,NA,NA,NA,NA,NA
"GTTAAGCAGAGTTGGC-r17",33.5198702821458,NA,NA,NA,NA,NA,NA,NA,NA,NA,NA,NA,NA
"GTTACAGAGGGTGTGT-r17",16.6932188337836,16.3288347766841,16.3870221012103,16.34934895566,16.2704025315237,16.3955011662316,16.3197728688853,16.3320824693693,NA,NA,NA,NA,NA
"GTTACAGAGTCGTACT-r17",22.0002884961848,21.9291776658682,22.0769697805909,21.8819228290753,21.9440737871162,21.973183655236,21.9943050492776,21.9557145277449,NA,NA,NA,NA,NA
"GTTACAGGTTGGAGGT-r17",2.85883241135784,2.85520811865482,2.87004066733225,2.87114076270142,2.85803588326439,2.86313660695433,2.87273409985143,2.86590905013547,2.87790198766144,2.88513809541924,2.88313082211893,2.89692647302757,2.87001321629837
"GTTCATTAGCACCGTC-r17",NA,NA,NA,NA,NA,NA,NA,NA,20.292026542623,14.7631338717751,19.9229810210145,NA,NA
"GTTCGGGTCACTGGGC-r17",24.6275048368867,NA,NA,NA,NA,NA,NA,NA,NA,NA,NA,NA,NA
"GTTCTCGAGAGAACAG-r17",NA,NA,NA,NA,NA,42.8179249393675,NA,40.7577191259889,NA,NA,NA,NA,NA
"TAAACCGAGAACAATC-r17",NA,39.9075757788057,NA,NA,NA,NA,NA,NA,NA,NA,NA,NA,NA
"TAAGAGAAGACTGTAA-r17",12.0109605883481,11.9902501334177,12.0785661136138,12.1580620919538,11.9401897407739,12.0330295393362,12.004978780952,12.0384131791123,13.2465385961337,11.6486750891583,13.2771539098032,15.9496135307691,12.7411388999204
"TAAGAGAAGGCCGAAT-r17",12.5940583842387,12.677786924555,12.6439765793341,12.6199088583323,12.6479997991898,12.6797294442255,12.7130486122267,12.6284214714246,11.1700287074877,11.6594590366439,11.7064537934953,11.9041386665028,11.4590200663577
"TACAGTGTCAAACCAC-r17",10.3300852069953,10.3729923867908,10.3856728914134,10.4020185050917,10.3312906055759,10.4036689449938,10.3811622727978,10.3925006955946,22.7737022628471,12.3374717998715,11.3329279177021,11.8287930211347,11.4541596181441
"TACGGATCACGACTCG-r17",11.5109591235304,11.529870849708,11.556344630305,11.5876941073683,11.4687383462542,11.585692584804,11.5227267201048,11.5671785914877,24.0533274261966,12.9349965680085,12.3773508506248,12.2097786017487,12.2592949951709
"TACGGATCAGGAATCG-r17",NA,NA,NA,NA,33.3534402041416,NA,NA,NA,NA,NA,NA,NA,NA
"TACGGATTCACGCATA-r17",5.46832070746283,5.43972889063714,5.45949166452628,5.46048801597358,5.46558382419693,5.49685296202914,5.47750686872636,5.5279585817357,5.3917950249301,5.32867323295158,5.32671157471659,5.33225256147376,5.45659227164282
"TACGGATTCCTGTAGA-r17",5.32063033443755,5.30447364238024,5.31569032515689,5.31867940545206,5.31932169211568,5.28650054736874,5.32496894235137,5.2954675859596,5.34362152717492,5.34942070410749,5.32151383665383,5.30940737727418,5.39832652614984
"TACGGTAGTGCCTGCA-r17",NA,NA,NA,NA,NA,32.3408605949883,NA,NA,NA,NA,NA,NA,NA
"TACGGTAGTTTGTGTG-r17",3.0483455929311,3.04812980597761,3.0359841921511,3.03684530928405,3.05179134253115,3.0305945209121,3.037821622697,3.03268664290682,3.05434493880941,3.04589440225684,3.04706416858109,3.0537175876569,3.04300596056087
"TACGGTATCCCACTTG-r17",NA,NA,NA,NA,NA,NA,NA,40.7665307143638,NA,NA,NA,NA,NA
"TACTCATGTACTTGAC-r17",14.8589523622177,14.6774390564469,14.9594148511333,14.9004535830849,14.5717304735917,14.7580955891205,14.7045694909351,14.7173357981541,NA,NA,NA,14.9641673877164,NA
"TACTCATTCACATACG-r17",12.539130189221,12.4049052162863,12.4949713803906,12.528645224088,12.405521623677,12.4654411180385,12.4527043805752,12.5296246476775,14.6477231701634,18.4377034018259,15.2626627558479,17.7438623170474,15.2741056999851
"TACTCGCTCCTAGGGC-r17",NA,NA,NA,NA,NA,34.65341237337,NA,NA,NA,NA,NA,NA,NA
"TACTTACCACTATCTT-r17",NA,NA,NA,NA,NA,40.5225134411106,NA,NA,NA,NA,NA,NA,NA
"TAGACCAGTACGACCC-r17",14.719675353181,14.4854692975501,14.420973704221,14.4772841828461,14.3366661281027,14.502821780832,14.4751321883652,14.4639425618788,11.6185133745586,11.3440384167197,11.9113320536243,11.5396786430193,11.3337227509251
"TAGACCATCCGGCACA-r17",42.3514422102115,NA,NA,NA,NA,NA,NA,NA,NA,NA,NA,NA,NA
"TAGAGCTAGACTCGGA-r17",8.82706180515897,8.82013985431821,8.75720698047914,8.75001323267601,8.86662733771738,8.75242087342372,8.8055618245244,8.80437508077644,9.27596462445777,8.95616260139289,8.95691683454324,8.67814855636022,8.93260423862134
"TAGAGCTTCTCCAGGG-r17",NA,NA,NA,NA,NA,NA,NA,42.412759143118,NA,NA,NA,NA,NA
"TAGCCGGGTGAGGGTT-r17",20.9328857445454,21.1154475785496,21.1684906681721,21.6425803446174,20.9452922671207,21.0472831251577,21.0402169355691,21.0743458332638,NA,NA,NA,NA,NA
"TAGGCATCAATACGCT-r17",7.8248386520903,7.88979530000471,7.8630385011166,7.87605977977471,7.92050961400894,7.87623843584442,7.89980865300913,7.91020936160561,7.97120100196054,8.47273906774064,8.21798176790868,8.46443825985206,8.60440871441489
"TAGTGGTAGATGCCAG-r17",12.5940583842387,12.628156414003,12.6648359926168,12.5752908883187,12.5625653284944,12.6423485006603,12.6337735089007,12.5901925055188,25.3545142606702,13.2792222585523,13.1292806996783,12.5039733369102,12.7323628783439
"TAGTTGGAGTGTTTGC-r17",6.47391025987567,6.4939889125227,6.49280503191257,6.48814512818289,6.3708243079599,6.37595719834811,6.36990001798088,6.41766360327133,5.96634871314764,6.03558353699703,5.98988332450284,5.86545404244619,6.05808216568841
"TATCAGGCAAGAAAGG-r17",5.12169210769155,5.12456868611643,5.12000152876601,5.12267923241676,5.12007490020117,5.12488164593449,5.12173735874649,5.12634307319304,5.21126156973008,5.20274584114274,5.19729996675293,5.19820248052946,5.22410815373846
"TATCAGGCAATAAGCA-r17",19.3182364009113,18.630336748549,18.8539505821416,18.896828177696,18.6038268630845,18.7659357427808,18.73515141501,18.772938004782,NA,NA,NA,NA,NA
"TATCTCAAGATGTGGC-r17",31.0943342332101,26.6070446436858,27.1616794785929,27.2240906411642,26.1189885963346,26.6436904505383,26.6360793335174,27.2216289382119,NA,NA,NA,NA,NA
"TATGCCCCATCACGAT-r17",11.4778538334058,11.5019620946293,11.4985404610993,11.5138026440541,11.4687383462542,11.5468585750989,11.5136619286706,11.4962363897967,11.1700287074877,11.7499558330224,11.4832862213124,11.7350387472545,11.4590200663577
"TATTACCAGTTGAGTA-r17",12.2111723040514,12.1927440217689,12.2382606359813,12.2095138074328,12.2376792911788,12.3290773973592,12.3341875035816,12.199567975896,14.8767065604656,18.0226896029036,15.4351175734449,18.0554508887991,15.6347812904554
"TCAACGAGTCGACTGC-r17",NA,NA,NA,35.2985133749008,NA,NA,NA,NA,NA,NA,NA,NA,NA
"TCAATCTGTTACAGAA-r17",NA,NA,NA,36.9593343703394,NA,NA,NA,NA,NA,NA,NA,NA,NA
"TCACAAGGTCGCATAT-r17",NA,NA,NA,NA,36.0057077333014,NA,NA,NA,NA,NA,NA,NA,NA
"TCACGAAAGTGGCACA-r17",3.14223225216656,3.1392941287399,3.13229409249701,3.13417482493965,3.14234437334538,3.14671002112447,3.13368742818387,3.1494826170854,3.20179252315437,3.19966254345687,3.20246079166631,3.20068813480243,3.18873686457059
"TCAGATGAGTTAGGTA-r17",5.43489459382899,5.41955764993719,5.43074525324464,5.42958720089697,5.43177743679436,5.44976617284749,5.44012473486674,5.40259836563324,5.30440805886303,5.3163049187549,5.31004199553003,5.32217089764122,5.35282635451099
"TCAGATGTCGATAGAA-r17",NA,NA,NA,NA,NA,NA,NA,NA,29.9578835376658,NA,NA,NA,NA
"TCAGCTCCAATTGCTG-r17",NA,NA,NA,NA,NA,NA,NA,NA,NA,NA,NA,15.7522552883165,NA
"TCAGGATTCGTACCGG-r17",36.702692382393,33.6530968433566,37.0969035465261,36.5933607990363,34.5827811711961,37.1817462214781,37.3183097784453,37.746338730184,NA,NA,NA,NA,NA
"TCAGGTATCCTAAGTG-r17",35.5945610340002,NA,NA,NA,NA,NA,NA,NA,NA,NA,NA,NA,NA
"TCCACACTCTTGAGAC-r17",4.87602551674639,4.87298070250239,4.87540141059127,4.87503095877642,4.87458396236419,4.87094750087363,4.87630324018781,4.87214478187501,4.85350646259506,4.85125750015193,4.85413533660621,4.85540768085395,4.85154243017403
"TCCCGATAGCTAGTCT-r17",31.3657635875189,31.7840032388194,32.4567892471379,30.4923311364903,29.9749805771843,32.5580819483359,30.4598741744654,30.5045647689668,NA,NA,NA,NA,NA
"TCCCGATTCTTTACAC-r17",3.29954648784576,3.29966621390169,3.3212601918802,3.32231238854542,3.30484708003353,3.3066916839426,3.32797310727323,3.31194530365064,3.28346730087292,3.2828739604903,3.28241326882224,3.29395324067322,3.27544174238321
"TCGGTAAAGGAGCGTT-r17",6.14036569633086,6.14366368455411,6.15355065930629,6.14399049515962,6.20206873113803,5.9632188642786,5.93799853861749,6.03392226521429,5.19881460479762,5.22732130394535,5.20550957490367,5.16587862909117,5.2168592877409
"TCGGTAACAGGAATCG-r17",11.4861055976391,11.680589458471,11.5877106201949,11.6134431030918,11.6145001803884,11.6252757361992,11.6557261139788,11.6580800739025,11.6185133745586,12.0142537982721,11.8664788407094,11.9293472432995,11.9915254176525
"TCGGTAATCCATGAGT-r17",1.36319966692304,1.36077825315595,1.36193891170324,1.3618780291195,1.36052723132753,1.36276715985883,1.36168825924631,1.36246964673493,1.37106209049685,1.37124841655704,1.37153084408141,1.37248629801607,1.36964740518686
"TCGTACCCAGACTCGC-r17",4.14786722308562,4.15196022489605,4.14913134035947,4.14916783115249,4.15102192927463,4.15222388455663,4.14833474566462,4.15136867373803,4.15801993190966,4.15742730303751,4.15514423023841,4.15828080076576,4.1562514872139
"TCGTAGAAGAAGGCCT-r17",13.5470293594521,13.8856427992355,13.7333625068513,13.8979097316631,13.7684857537804,13.8247418240268,13.8732341060302,13.8599170800802,11.6185133745586,11.3440384167197,11.7064537934953,11.5626706682249,11.4590200663577
"TCGTAGAAGGGTATCG-r17",6.21239414124475,6.21372314709084,6.21786523652537,6.21220113714298,6.23827430294284,6.24330473131203,6.2389495704721,6.27853606555386,5.85852756689221,5.80596051553084,5.7923256897552,5.81136380865394,5.93487733788263
"TCTATTGCATAGACTC-r17",3.44737070557579,3.44966230231008,3.44294236212751,3.44332155538967,3.45091722010573,3.44965102225047,3.4445595188387,3.44132465986233,3.43153969035679,3.43514455020681,3.43258131942256,3.4383211754822,3.43009947862982
"TCTATTGTCATCGATG-r17",4.21725885551454,4.18973919569498,4.2070704690394,4.20768898222549,4.19450725490597,4.2267319910094,4.21252809763793,4.19332971617007,4.16865283315441,4.16471978748889,4.16729592619053,4.16478570835531,4.17221605783427
"TCTATTGTCATTCACT-r17",9.97220098267112,10.0201610064548,9.95151849235927,9.96694980845953,9.91255000185098,9.91942629929665,9.97975696421095,9.96929270815906,11.2503844566387,10.0629684582545,10.534522410612,15.1606572757684,10.1918264658216
"TCTCTAACAGAGTGTG-r17",6.33947329852955,6.33790973439135,6.33701251328443,6.33739599054445,6.33061762204154,6.33248003197715,6.33374305284915,6.32561567778067,6.33116897070614,6.32360150030875,6.33131216430109,6.35812654313867,6.33675259912269
"TCTCTAAGTCTTTCAT-r17",43.412642581165,NA,NA,NA,NA,NA,NA,NA,NA,NA,NA,NA,NA
"TCTGAGAGTGCCTGTG-r17",NA,NA,NA,NA,NA,NA,NA,NA,30.8826247210908,NA,NA,NA,NA
"TCTTCGGGTCGCATCG-r17",52.0160651291357,NA,NA,NA,NA,NA,NA,NA,NA,NA,NA,NA,NA
"TGAAAGATCCTCATTA-r17",7.68091118473559,7.67097784420398,7.67801437942819,7.67903701521918,7.66624982307795,7.68047019986947,7.677090100266,7.67560401372079,7.66179379121194,7.65734938938071,7.62560068288489,7.79917100294107,7.74912436576691
"TGACAACTCTGCGACG-r17",NA,NA,24.5195934594865,NA,NA,NA,NA,NA,NA,NA,NA,NA,NA
"TGACGGCCAATCACAC-r17",NA,NA,20.8394512928474,NA,NA,NA,NA,NA,NA,NA,NA,NA,NA
"TGACTTTTCCAGTAGT-r17",25.7763785548499,25.0724308060838,25.4385924570144,25.2991012714428,24.7961163589101,25.2669247012976,25.1188658936366,25.1615298176288,NA,NA,NA,NA,NA
"TGACTTTTCGTGACAT-r17",29.4254568413563,29.6717346503336,29.8229100548513,29.8756209275934,29.614054552,29.4257963682085,29.9626658268866,29.6942241116161,NA,NA,NA,NA,NA
"TGAGAGGTCAAGGTAA-r17",NA,NA,NA,42.2246779652756,NA,NA,NA,NA,NA,NA,NA,NA,NA
"TGAGCATTCATCACCC-r17",12.1519788521166,12.4188572274678,12.2382606359813,12.2169292567106,12.2586609552555,12.2897955777286,12.3109325378038,12.2528996102673,11.6185133745586,11.7908736274256,29.0767233810963,11.9747541103072,11.7249931034913
"TGAGCCGAGTGAAGAG-r17",21.4542085027412,21.2863350698295,21.4403521264232,21.3159847150138,21.3095836290603,21.3298454654456,21.3592669918986,21.3295059774987,NA,NA,NA,NA,NA
"TGAGCCGCACGAGAGT-r17",13.9403558532817,13.8545914411591,13.7437007760414,13.8023853715478,13.7365538699551,13.8571751922522,13.8784881786171,13.8665030584129,11.3609679920442,11.1199028392005,11.4951812168449,11.1879888134356,11.0737984797723
"TGAGGGATCCTCATTA-r17",17.7404506852618,18.018365679337,18.143460254574,17.9159590403064,17.9181623089519,17.9713738073305,17.9784990154899,18.0861267817632,10.6910807552481,10.8295635184871,11.0370160771753,10.9490294164607,10.605470786311
"TGATTTCTCACCAGGC-r17",34.1692209613599,NA,NA,NA,NA,NA,NA,NA,NA,NA,NA,NA,NA
"TGATTTCTCAGGATCT-r17",11.2281041558717,11.3054800592961,11.3020412867449,11.3240802075077,11.2430558269871,11.2939015517025,11.3018152098032,11.3359681348504,12.5326158652777,12.9156632736438,25.7435483550243,12.8793926665496,12.6499687054771
"TGATTTCTCCGTACAA-r17",11.1704424468056,11.1038177120409,11.1780638109438,11.2404442375991,11.0689523129262,11.1487249282951,11.1545735309272,11.1608276996779,12.3209806212828,11.0721249353394,12.3268940561073,15.5548868555646,11.5028379386666
"TGCACCTAGCTGCAAG-r17",15.2118565514878,15.3651574672607,15.3918625241973,15.3533357579522,15.3678074415629,15.4216014471667,15.4935004275007,15.3683054503819,11.0488304103346,11.3109513269731,11.4375247374704,11.5396786430193,11.0750995070384
"TGCACCTGTCGTTGTA-r17",4.77570876536103,4.80150014104248,4.82918016167581,4.76672207328752,4.82594584609117,4.79221553948833,4.77184527176004,4.80365261899966,4.9026636842643,4.88323053151135,4.86514185486271,4.86547653230652,4.91468147518713
"TGCCAAAAGGAGTAGA-r17",22.9282397079266,23.0091014850524,23.1703945247301,22.9712017660005,22.7873500555927,23.0844863333483,23.0694399095308,23.0226025155233,NA,NA,NA,NA,NA
"TGCCAAAGTTATCACG-r17",11.0175419972185,10.9595774357896,11.0159040564543,11.0907509915179,10.9420554787458,11.0202599673688,11.0050339920065,10.9962414236425,12.496153262523,11.6813633911499,12.4793894680869,15.1606572757684,12.0428009696963
"TGCCCATCAGACTCGC-r17",13.8648281249047,13.7282396864095,13.5799219347839,13.6652907791375,13.5940155295175,13.6973743783307,13.7000819504549,13.6624014304525,11.3673198823638,11.3440384167197,11.6911647179821,11.544033004674,11.1932826567797
"TGCCCTACACCACCAG-r17",7.29842479690528,7.3207101185152,7.31482249977332,7.31247703525878,7.25446644795927,7.32490602795314,7.25331494191804,7.26808648227163,7.08683396453413,7.13999760803627,7.11053952091326,7.08098276126765,7.27397147102217
"TGCGCAGCACTGAAGG-r17",13.1635674351989,13.2948348464738,13.2468775759564,13.2423933409761,13.2010858353446,13.2618431528768,13.2926412997653,13.2436401313718,11.1700287074877,11.5675763745407,11.7064537934953,11.7350387472545,11.4052204458847
"TGCGCAGGTAAGTGTA-r17",NA,NA,22.4919494567095,NA,NA,NA,NA,NA,NA,NA,NA,NA,NA
"TGCGCAGGTCTCGTTC-r17",12.5090860350685,12.5443896468896,12.5651243147157,12.5520266212922,12.405521623677,12.460705380065,12.4598961518965,12.543373424401,24.9919497037666,13.2086324567079,12.9104343740091,12.6889331304958,12.7507138240498
"TGCGTGGAGGCTCAGA-r17",23.3334562788285,23.5376591807463,23.7538674781043,23.3657116694752,23.5676276657093,23.5311247286308,23.5895352980121,23.5447412137339,NA,NA,NA,NA,NA
"TGCGTGGAGGGATCTG-r17",11.4098395169644,11.5153827809966,11.4592417030798,11.4746882965263,11.4687383462542,11.5683502436396,11.5136619286706,11.4685533240357,13.0924356050041,13.3735159563538,25.6665548543954,13.0654313964554,13.0692818174158
"TGCGTGGTCCTCTAGC-r17",13.1795634186466,13.1164439776915,13.1221863213569,13.1555283989887,13.1396772709405,13.1762482667784,13.2256918393945,13.1794090615065,13.9523475230368,13.1439350397041,14.3794406406756,16.8626924115525,13.9836031260138
"TGCGTGGTCGCCATAA-r17",NA,NA,30.1640865967729,NA,NA,31.5473720576785,NA,NA,NA,NA,NA,NA,NA
"TGCTGCTTCCAAACTG-r17",NA,NA,NA,25.1330716439294,NA,NA,NA,NA,NA,NA,NA,NA,NA
"TGCTGCTTCTGTACGA-r17",3.00494531708703,3.00574497090657,2.99475086623874,2.99506345245409,3.00830940288209,2.98911940949613,2.99631987188947,2.99108520046871,2.98208274170026,2.98224319039713,2.98295954835981,2.97920711981289,2.98375945188885
"TGGCGCAAGAGGTTGC-r17",NA,48.9586595942374,NA,NA,NA,NA,NA,NA,NA,NA,NA,NA,NA
"TGGCGCAAGGTAAACT-r17",12.8109707945514,12.7335679558264,12.7168728407229,12.8245413910591,12.8138134230049,12.782773560013,12.7952689345087,12.8242748605303,14.3215125727894,13.8842331880243,14.7731883232233,17.2456585223876,14.365233118101
"TGGCGCATCTTACCTA-r17",NA,NA,23.0295700022304,NA,NA,NA,NA,NA,NA,NA,NA,NA,NA
"TGGGCGTAGTCATGCT-r17",4.74054674940384,4.79957720469409,4.71706559902809,4.71784576026233,4.83949303106842,4.76760365002991,4.73361640955643,4.78973172029496,4.57352466925356,4.58687100962306,4.57539663983943,4.57637218302345,4.61347080080152
"TGGGCGTTCTGCTGCT-r17",12.7402015881066,12.802244691212,12.8518490969635,12.8502463738052,12.8370376975881,12.7768749518343,12.7952689345087,12.8288035415868,25.5298168617136,13.3735159563538,13.2771539098032,12.6923229374005,12.8397258129702
"TGGTTAGAGACAGAGA-r17",NA,NA,NA,16.5811799366953,NA,NA,NA,NA,NA,NA,NA,NA,NA
"TGGTTAGAGGATGGTC-r17",NA,46.1684718445269,NA,NA,NA,NA,NA,NA,NA,NA,NA,NA,NA
"TGGTTAGGTGACAAAT-r17",8.49562936648059,8.82178732893034,8.66903991780645,8.67322290896069,8.92384556041159,9.00839100774825,8.78385658823979,8.78944594154912,9.96511254008881,10.4432823333105,10.4016044093767,10.7259982580715,10.1179488812414
"TGGTTCCAGCCGCCTA-r17",25.0943448788799,24.9339355429484,25.2770818446241,25.015889653587,25.0602286623038,25.0829902338957,25.1208699174344,25.0037697312906,NA,NA,NA,NA,NA
"TGGTTCCCACTGTGTA-r17",25.831525478135,NA,NA,NA,NA,NA,NA,NA,NA,NA,NA,NA,NA
"TGTCCCAGTGAGCGAT-r17",1.66320149184197,1.66527083291274,1.66218999074085,1.66223531543657,1.66509133847294,1.66291496176167,1.66202578995606,1.66268837461864,1.67254525709485,1.67185758333669,1.67207089041446,1.67402121154414,1.6707359543148
"TGTCCCATCAAGAAGT-r17",1.8391456055201,1.83738284234644,1.83835818189735,1.83850271982954,1.83730378946645,1.83898475466662,1.83828100429376,1.83882382669235,1.85448665803262,1.85509529390647,1.85562104686998,1.86025137806476,1.85020072335126
"TGTCCCATCGTTTGCC-r17",7.34376602089578,7.37128291679171,7.36315073327673,7.35869201977562,7.29070709892135,7.37717351357001,7.39207998342395,7.30097422186303,7.28459293843339,7.21277849718086,7.25575619794977,7.22508299437703,7.24300454866051
"TGTGGTACACCAGGTC-r17",4.92938987465928,4.87351469813581,4.91378072616601,4.91364286909578,4.90857699897403,4.84441829318321,4.93116053760358,4.86383380614778,4.68395795012713,4.72808378230312,4.65812712704041,4.6882919349677,4.69393915049819
"TGTGTTTCAGCTGTTA-r17",7.37369988817507,7.43598602990682,7.40639468541494,7.40466636826148,7.50471747199379,7.43686608053325,7.46063262186066,7.48269709408312,7.45045519293233,7.39258709507168,7.32341260930128,7.29639658140322,7.56455726553027
"TTATGCTCACCCATGG-r17",2.9116178016115,2.90642239879529,2.92753080706405,2.92925103795342,2.9102881629398,2.9175696362494,2.93107363893573,2.92145890281153,2.93970405561656,2.94404279474085,2.94513733608546,2.94431623447926,2.92664632550507
"TTATGCTTCTAACTCT-r17",21.6593611698564,21.5342008824657,21.6115716456663,21.6981400644637,21.4310358451266,21.5254086492311,21.5118861204253,21.5748778005419,NA,NA,NA,NA,NA
"TTCGAAGAGGGAAACA-r17",11.2127537608028,11.1857992850862,11.2734169248349,11.3270262007734,11.1322351013328,11.2061954333208,11.1991125923428,11.2326614946427,12.7397279985803,11.3589800435364,12.5649729517326,15.5407291480875,12.0216257330076
"TTCGAAGAGTGAAGAG-r17",37.1806197129577,NA,NA,NA,NA,NA,NA,NA,NA,NA,NA,NA,NA
"TTCGGTCTCAGTGTTG-r17",35.1117029256318,NA,NA,NA,NA,NA,NA,NA,NA,NA,NA,NA,NA
"TTCTACACAAAGGTGC-r17",42.5660310352608,NA,NA,NA,NA,NA,NA,NA,NA,NA,NA,NA,NA
"TTCTACACATCCAACA-r17",6.11435700102692,6.1154696624133,6.11821944781744,6.1136222913223,6.12737388006927,6.06432297227103,6.12899241676333,6.08351425696021,5.88736515746682,5.88883371032794,5.89491244186316,5.86489613468824,5.92698924268034
"TTCTCAATCCATGAAC-r17",11.0900274522687,11.0879658673227,11.1085226246834,11.1531188919983,11.0134030686443,11.144532518329,11.089391140778,11.098382113621,10.9475365806511,11.6875101630284,11.4832862213124,11.7740047792508,11.2810057597184
"TTCTCAATCTGTCAAG-r17",10.7945472823216,10.8250394052135,10.861495183698,10.9131798289024,10.7650662903344,10.8004469691382,10.8236722127266,10.8716130444057,12.1698457759378,12.7258192611577,25.1494601939606,12.6684213725174,12.4354424017011
"TTCTCCTTCTTAGAGC-r17",29.3281713880054,28.5359473239346,28.7458739307479,28.7546555448015,28.191570333911,28.2821654082012,28.3568093187832,28.3249855083117,NA,NA,NA,NA,NA
"TTGACTTTCGAGCCCA-r17",NA,NA,NA,NA,NA,43.4840583711526,NA,NA,NA,NA,NA,NA,NA
"TTGCCGTAGAGGTAGA-r17",14.4047727314218,15.1517762316656,14.6313571446043,14.4761540048413,14.6816728803909,14.8602355029223,14.8256393519813,14.7796341659516,11.3571099624999,11.5675763745407,31.604954375392,11.7350387472545,11.4590200663577
"TTGGAACGTTCGAATC-r17",4.74332712438825,4.75609123843641,4.73516159189046,4.7389879393228,4.77070783817653,4.75334943252358,4.74100010261599,4.75981310679441,4.8510599508731,4.86130166255204,4.84660452300144,4.8384969521704,4.89452679569678
"TTGGCAAAGTTAGCGG-r17",11.1260402561502,11.1320415511775,11.1376981360468,11.1708658859737,11.0947959085749,11.1559974573272,11.1575716846351,11.1531564885324,10.7254692518937,11.5675763745407,11.3258764996874,11.7350387472545,11.1932826567797
"TTGGCAACAAGAAGAG-r17",8.80384005991992,8.76329280384405,8.77293757863845,8.7693433694001,8.75919094130941,8.76464590703633,8.76356664455398,8.76616014207249,8.83332983900126,8.78916208977693,8.81904764021849,8.76344252303036,8.68283796484596
"TTGTAGGGTCTTCAAG-r17",8.90271833673298,8.89677503004343,9.00899554229634,9.00235568591273,8.9475696440412,9.00539820949245,8.88962033145562,8.88912555769658,9.80981311394165,9.95517724952282,10.0811221134541,10.2506545744874,9.9264110357678
"TTGTAGGGTCTTCTCG-r17",12.456394269685,12.4495194397581,12.5130126176802,12.410582009626,12.6381288987746,12.568561938441,12.5885375090867,12.4917607856891,10.5415962402167,10.6694600370982,10.8440315348661,10.7513222088656,10.4025460404403
"TTGTAGGTCCGCTGTT-r17",4.6660126733738,4.77635826820044,4.62085790090699,4.62295579736451,4.56745410992658,4.71609227163671,4.65273765379711,4.53748751150026,4.27657124254037,4.30373108751479,4.28824063461079,4.28938674679974,4.32241492825287
"TTGTAGGTCCTTGGTC-r17",15.5186110248359,15.3790831701654,15.1744176459408,15.3349727205178,15.2128170036812,15.3905260727444,15.3502864555393,15.3417243801132,11.3636603103936,11.2259723868289,11.7064537934953,11.4159759360585,11.1932826567797
"TTTACTGAGTGGGCTA-r17",11.794436030678,11.8631220835185,11.8960262467313,11.909851821566,11.8454740337229,11.8721885433237,11.8938321019575,11.870146182682,10.9475365806511,11.1199028392005,11.2601559139988,11.343360084764,11.0055474247992
"TTTACTGTCTCTGCTG-r17",3.42513699333474,3.42815426359953,3.41417190309557,3.41479995569483,3.40697236256762,3.40824370054057,3.41719959464914,3.4105239889075,3.41377459100408,3.41452265565396,3.41433022325168,3.42294428014901,3.40842618112204
"TTTCCTCCATTCTCAT-r17",9.8462946308141,9.83521341949977,9.84546696524005,9.83968329058482,9.80013695986683,9.8469009321005,9.82340852089193,9.8279162350795,10.2014520811888,10.1745146745263,10.0890502918785,10.2160635708705,10.2359718604507
"TTTCCTCGTCATTAGC-r17",12.9351779575314,12.7123980973854,12.8504451513183,12.9440903584616,12.8610746934451,12.8045164580428,12.7952689345087,12.8902327801821,14.8767065604656,18.8137633652097,15.4881659151539,17.8845424691038,15.3484233608487
"TTTCCTCGTCTCAACA-r17",11.9619043878609,12.0800784644855,11.9345129287908,11.9807809839366,11.9355811875669,11.9908877935039,11.9931648765569,11.9852361873864,11.6185133745586,11.5675763745407,28.9979461596129,11.9293472432995,11.4590200663577
"TTTGGTTCATGGTAGG-r17",29.3613754801723,29.5284958646831,30.0727349886327,31.2311159479077,31.203871916305,29.7425075030037,32.255294490388,30.0945378952105,NA,NA,NA,NA,NA
"TTTGTCAAGCACCGCT-r17",NA,46.82294581457,NA,NA,NA,NA,NA,NA,NA,NA,NA,NA,NA
"AAACGGGGTAGCACGA-b01",NA,NA,NA,26.8755399484058,NA,NA,NA,NA,NA,NA,NA,NA,NA
"AAACGGGTCGGTCCGA-b01",NA,NA,NA,NA,NA,NA,NA,54.669739683677,NA,NA,NA,NA,NA
"AAAGCAACAGATGGGT-b01",3.47333145612924,3.46921409324148,3.48054569838722,3.48103616399313,3.46724614114248,3.47058466600558,3.47860428440912,3.48517549357384,3.52270863306867,3.52941157176508,3.52777522366139,3.53192894757548,3.5285746116557
"AAATGCCCACAACGCC-b01",47.800864631325,NA,NA,NA,NA,NA,NA,NA,NA,NA,NA,NA,NA
"AAATGCCCATGCGCAC-b01",26.9561610893719,27.2539797816013,27.0306552433453,26.997276472241,26.7668531880504,27.0615088047582,26.9939141267316,26.8466848230897,NA,NA,NA,NA,NA
"AAATGCCGTCGCTTCT-b01",NA,NA,NA,53.5044777498372,NA,NA,NA,NA,NA,NA,NA,NA,NA
"AACACGTCATGGTTGT-b01",NA,NA,NA,NA,NA,53.7295036463384,NA,NA,NA,NA,NA,NA,NA
"AACACGTGTTGTTTGG-b01",33.1381085278979,26.4228762269806,26.8535337792001,27.3201315909867,25.8322175122795,26.9648817859359,26.6600175082962,39.0729689384535,NA,NA,NA,NA,NA
"AACCATGCATTAGCCA-b01",NA,50.2793119370078,NA,NA,NA,NA,NA,NA,NA,NA,NA,NA,NA
"AACTCAGAGATAGGAG-b01",NA,NA,NA,47.312871016698,NA,NA,NA,NA,NA,NA,NA,NA,NA
"AACTCAGTCCGTCAAA-b01",18.4040517308959,18.8482710761936,18.5228786157248,18.662536985478,18.6423424835808,18.7179084035754,18.7771310051396,18.7071805695314,NA,NA,NA,NA,NA
"AACTGGTAGATGTGGC-b01",NA,NA,NA,NA,52.8569505862026,NA,NA,NA,NA,NA,NA,NA,NA
"AACTGGTCAAACCTAC-b01",34.3034262732439,26.4495385785612,27.0976822796974,26.8942766725034,25.6900119854757,36.2242463934966,26.698399084485,35.9475687711551,NA,NA,NA,NA,NA
"AACTTTCAGTGAATTG-b01",4.05474666000018,4.04719273477772,4.03363595580831,4.03335818033361,4.04273865791311,4.04939059391685,4.04185020512765,4.04494453654918,4.07699703923934,4.08514010631052,4.07812829348843,4.08236843013209,4.08299352402125
"AACTTTCGTTCCACGG-b01",NA,NA,NA,NA,NA,NA,NA,42.4702120272748,NA,NA,NA,NA,NA
"AACTTTCTCGCTTAGA-b01",NA,NA,NA,NA,28.6822790785359,NA,NA,NA,NA,NA,NA,NA,NA
"AAGACCTAGCGTTCCG-b01",18.67878480582,18.26547938365,18.5349096391493,18.5373138045807,18.2356856530334,18.3818109287152,18.4430941426858,18.4200204410696,NA,NA,NA,NA,NA
"AAGACCTAGTCTCCTC-b01",NA,NA,NA,NA,NA,NA,NA,NA,28.2695093540793,NA,NA,NA,NA
"AAGACCTGTGTTGAGG-b01",24.2539400076248,23.9291785352848,24.0856832992203,24.1297195530053,23.7443402050596,23.8975432402832,23.8666854007028,23.8955667693792,NA,NA,NA,NA,NA
"AAGGAGCGTATGCTTG-b01",23.6149337151993,23.4010521816731,23.4997321453244,23.458550349986,23.3481922797616,23.590667141399,23.3603511821767,23.3850292006914,NA,NA,NA,NA,NA
"AAGGAGCTCAGCACAT-b01",NA,NA,20.4365373266845,NA,NA,NA,NA,NA,NA,NA,NA,NA,NA
"AAGGTTCCAATAGAGT-b01",NA,NA,NA,18.2454935374023,NA,NA,NA,NA,NA,NA,NA,NA,NA
"AATCCAGAGCTGCGAA-b01",5.41087778419084,5.40520043512831,5.40966787586097,5.40889401727488,5.41054897987869,5.41734078020052,5.41362474396683,5.39664001902173,5.31863432221908,5.3417678176508,5.32833151104153,5.31779166539198,5.34804351618685
"AATCCAGAGGGAGTAA-b01",7.64198717354631,7.59562805331248,7.58463921501748,7.58672769212634,7.63898008476493,7.59981586928695,7.60873090810425,7.62264292806215,7.72306147641378,7.77459305240478,7.72620598689743,7.79674807737209,7.78984207550349
"AATCCAGCAGCGATCC-b01",23.3713867777136,23.1242178946467,23.3191430659487,23.2211322940473,22.8211018457812,23.2556410005757,23.1742874120997,23.1434690952864,NA,NA,NA,NA,NA
"AATCGGTAGCGGATCA-b01",6.34056741691496,6.33796886291065,6.33628446225808,6.34045500592461,6.32483129258118,6.32390963351232,6.32576221554041,6.30380195687051,6.46107507488396,6.47623193231708,6.48600639599787,6.50797671160665,6.45115817510192
"ACACCGGGTGTAAGTA-b01",NA,NA,NA,NA,NA,NA,NA,49.0031477883054,NA,NA,NA,NA,NA
"ACACCGGGTTATCGGT-b01",NA,NA,NA,17.938108445165,NA,NA,NA,NA,NA,NA,NA,NA,NA
"ACACTGACAAGACACG-b01",NA,NA,NA,NA,46.2226932198865,NA,NA,NA,NA,NA,NA,NA,NA
"ACACTGATCCCTAATT-b01",NA,NA,NA,NA,NA,NA,42.5930874119862,NA,NA,NA,NA,NA,NA
"ACACTGATCTACCTGC-b01",39.8543815803366,NA,NA,NA,NA,NA,NA,NA,NA,NA,NA,NA,NA
"ACAGCCGCAAGTTGTC-b01",16.6179712161494,NA,16.846471372891,16.5886008502513,NA,NA,NA,NA,NA,NA,NA,NA,NA
"ACAGCCGTCAGCACAT-b01",NA,NA,NA,NA,61.4666161681944,NA,NA,NA,NA,NA,NA,NA,NA
"ACAGCCGTCAGGATCT-b01",NA,NA,NA,NA,NA,47.7474084643663,NA,NA,NA,NA,NA,NA,NA
"ACAGCTAGTTATCACG-b01",18.7139118307587,18.4715090881575,18.7047276872979,18.6960154366206,18.5012893171905,18.6691802018798,18.6564115402007,18.6291262420714,NA,25.8565131323867,NA,NA,NA
"ACAGCTATCTACTATC-b01",12.8184567374662,12.851851977869,12.9651782064678,12.8629929589345,12.998904240294,12.9049075596924,12.9716429460592,12.8743322116712,10.8223747133807,10.9606881851887,11.2178904670885,11.126000999878,10.9270470784959
"ACATACGAGAGTAATC-b01",13.6158261445603,13.4625318047255,13.5225911143992,13.514074238195,13.3917091730189,13.5768591792618,13.5747097114965,13.488710720599,14.6477231701634,20.9319412767664,15.3145194135103,18.663310694133,16.0292353997497
"ACATACGCAGGACCCT-b01",21.6106224645603,NA,NA,NA,NA,NA,NA,NA,NA,NA,NA,NA,NA
"ACATACGTCAGTTCGA-b01",10.2358697899666,10.3187570465054,10.2843618550404,10.3078615421447,10.1963371086578,10.3451891722171,10.2443677442756,10.2659423166699,21.8528509481705,13.1634316409448,11.3120736845623,11.9456486635816,11.7249931034913
"ACATCAGAGACAGACC-b01",12.6958466146351,12.7529866223315,12.6309882872139,12.7175923225436,12.744069732001,12.7060340148603,12.758959642175,12.7416214553969,10.8885664302204,11.143148985159,11.2601559139988,11.332551531272,10.9270470784959
"ACATGGTTCAGTTTGG-b01",10.6262554201513,10.6630051186971,10.650458475031,10.6885907137623,10.5486626537647,10.7481385618382,10.6663079605684,10.6474037409375,20.4231323805892,14.2999303809414,14.4959084154536,12.8793926665496,13.6259849435397
"ACCAGTATCTATCGCC-b01",26.7159013337418,26.8327957024572,27.083748254364,27.3768727555423,27.1500552843417,26.9333478430886,27.270336518268,26.9287431250614,NA,NA,NA,NA,NA
"ACCGTAAAGACACGAC-b01",10.3971424864194,10.4674791504392,10.3940781095263,10.3543220369952,10.4253631196878,10.3304482670325,10.4193428033806,10.388056166738,9.74955497938564,9.89160731297871,9.91902594691244,9.95821169135916,9.67668934154691
"ACCGTAAGTATAGGGC-b01",NA,NA,NA,NA,35.0871640810727,NA,NA,NA,NA,NA,NA,NA,NA
"ACCTTTAAGGCCGAAT-b01",27.2637914540847,27.1649569557244,27.3939876449905,27.6913661636635,27.2100606930161,27.2032467229578,27.6226048852989,27.2436661707717,NA,NA,NA,NA,NA
"ACCTTTATCCAGTATG-b01",20.7855353753579,20.6622895194424,20.9524186472528,20.804851515771,20.3893414146764,20.6299697872361,20.6852896490091,20.6200142064599,NA,NA,NA,NA,NA
"ACCTTTATCCATGAAC-b01",7.98118588233915,7.98017644150061,7.98136528541147,7.9744008887601,7.99351594332363,7.97754262978095,7.984689517318,7.98338020610177,7.87136180311022,7.81680402357327,7.78768368157646,7.72838258450524,7.82459612489699
"ACGAGGACATCACGAT-b01",18.8262255303783,NA,NA,NA,NA,NA,NA,NA,NA,NA,NA,NA,NA
"ACGAGGACATTGGGCC-b01",NA,NA,55.5650434783007,NA,NA,NA,NA,NA,NA,NA,NA,NA,NA
"ACGAGGAGTGCTAGCC-b01",23.9663346127979,NA,NA,NA,NA,NA,NA,NA,NA,NA,NA,NA,NA
"ACGATACCAGTGAGTG-b01",15.5245306038494,15.1907389352288,15.6919262214263,15.5266780432626,15.2289706199629,15.3150711460353,15.3766918355022,15.3609344105346,NA,NA,NA,14.9641673877164,12.7983211406767
"ACGCCAGTCTCGCATC-b01",NA,NA,NA,NA,57.638353964102,NA,NA,NA,NA,NA,NA,NA,NA
"ACGCCGAGTCTCCCTA-b01",36.4920768561884,NA,NA,NA,NA,NA,NA,NA,NA,NA,NA,NA,NA
"ACGCCGAGTTCGTGAT-b01",4.17413402301804,4.180012992782,4.17589331378888,4.17687197444639,4.17875112747056,4.18211392374158,4.1750683326385,4.18055768104831,4.22037330922435,4.22446841509237,4.2220354851063,4.223768634278,4.22546566174996
"ACGCCGATCAGCAACT-b01",4.90936208085035,4.91627200361211,4.91056323588503,4.91489546296668,4.91227007912384,4.92995017988526,4.90883566773917,4.92523953600406,5.08290709114708,5.08616979199785,5.07525111846208,5.08210491801471,5.08605894016711
"ACGCCGATCCGTTGTC-b01",NA,NA,NA,46.5091378012648,NA,NA,NA,NA,NA,NA,NA,NA,NA
"ACGGAGACATGTTCCC-b01",9.72627109193798,9.65469823619793,9.710971884832,9.6770249375408,9.63022929373693,9.68246220840764,9.71185278884031,9.71141096376652,9.83739356079186,10.1134834708253,10.084507918087,10.3399628786445,9.96744680642318
"ACGGAGATCTCGCATC-b01",NA,NA,NA,56.8636273527739,NA,NA,NA,NA,NA,NA,NA,NA,NA
"ACGGGCTTCAACACCA-b01",NA,NA,NA,NA,50.439582962377,NA,NA,NA,NA,NA,NA,NA,NA
"ACGGGCTTCAGTTTGG-b01",40.0564264753153,NA,NA,NA,NA,NA,NA,42.8957105012998,NA,NA,NA,NA,NA
"ACGGGTCGTACCGAGA-b01",10.9883750419627,10.9384476878404,11.0305325717281,11.0421759950213,10.9258655168711,10.9915669981618,10.9772562723052,10.9852219025567,12.8339964497351,10.8298792452741,12.8707699582057,15.7199931052054,12.0601897270606
"ACGGGTCGTCGAGATG-b01",8.715093393476,8.719921772561,8.73880408471134,8.72506762065345,8.71192224628831,8.72146827317302,8.72233780182857,8.7232087658774,8.78103905226941,8.74996469102978,8.75120990161876,8.83690954291422,8.60999301061024
"ACGGGTCGTGTTTGGT-b01",NA,NA,17.3962727174951,NA,NA,NA,NA,NA,NA,NA,NA,NA,NA
"ACTGAGTCAACTGCGC-b01",41.3693061324913,NA,NA,NA,NA,NA,NA,NA,NA,NA,NA,NA,NA
"ACTGAGTGTACTTAGC-b01",12.7686466201648,12.9384701884857,12.8940666788337,12.7894701440172,13.0993034533211,12.9625156007982,13.0486116996197,12.8778357670604,10.4470273966024,10.303008406904,10.5903454854417,10.3914362205994,10.2142030287589
"ACTGAGTGTCTCGTTC-b01",NA,NA,NA,23.9011175981726,NA,NA,NA,NA,NA,NA,NA,NA,NA
"ACTGAGTGTCTGATTG-b01",13.7596384024069,13.6880240969241,13.6782697746322,13.7506533198855,13.79145396545,13.7793159709677,13.7594818290842,13.8153078340837,14.6477231701634,20.5576580327058,15.2847835628805,18.536937192593,15.2655279974688
"ACTGAGTGTTGATTGC-b01",12.9913734176247,13.2970056496545,13.1394117247607,13.0652006849788,13.1119821813833,13.1610101693418,13.2018907220144,13.1310374343879,11.3935363312819,11.5675763745407,32.4293692605349,11.5396786430193,11.4590200663577
"ACTGATGGTTCGCGAC-b01",NA,NA,NA,NA,60.6170529552638,NA,NA,NA,NA,NA,NA,NA,NA
"ACTGATGTCACTCCTG-b01",5.71273311697604,5.71956121977935,5.71369362605437,5.71345311476434,5.70985114808658,5.73718463558227,5.70583132074249,5.73301512754762,5.73674646644678,5.72331090207749,5.73224160302711,5.73381075713089,5.73928685666915
"ACTGCTCAGCTCCCAG-b01",NA,NA,NA,NA,49.2825485761817,NA,NA,NA,NA,NA,NA,NA,NA
"ACTGCTCAGGTTCCTA-b01",5.39326089652574,5.36934605160962,5.38613992645061,5.38799878616955,5.38934845965393,5.41547580052096,5.39988750516105,5.35145747733079,5.3836058377865,5.33524752462313,5.3277174316841,5.34273582343157,5.4099118200954
"ACTGCTCAGTGTACGG-b01",11.3769472946074,11.2788786693485,11.3731118576778,11.3270262007734,11.2833609201529,11.3140617586019,11.3349510110799,11.3773354893398,12.3394567124665,12.1362473694477,12.5591708762221,11.6733759739653,12.3814887369944
"ACTGCTCGTGTCAATC-b01",7.58304063412796,7.59428885587507,7.60527774032908,7.60779658899533,7.58682770582952,7.5953510431889,7.59088576256882,7.58919833635045,7.61063487357955,7.65557129823295,7.63666997551876,7.39619948340504,7.60184662944762
"ACTGCTCTCTAGCACA-b01",12.5014478338564,12.3748089891154,12.5147056300657,12.5752908883187,12.4020463550387,12.427130478023,12.399695685387,12.4619898105149,12.970131211515,11.6318574208049,12.8755704652991,15.7522552883165,12.3562760718676
"ACTGTCCAGGGTTCCC-b01",NA,37.5705503305552,NA,NA,NA,NA,NA,NA,NA,NA,NA,NA,NA
"ACTGTCCAGTGATCGG-b01",13.8068265393709,13.8341917283254,13.8825512278272,13.8642616248418,13.8896762709616,13.8561348590375,13.9039739173966,13.8746725361494,11.5567515592304,12.1549619168838,12.1533877954027,11.9926756283359,11.9915254176525
"ACTTTCACAACTGCGC-b01",6.16996763552141,6.1694107153014,6.16976295800233,6.17172248531203,6.1619460556619,6.16066895060117,6.1621921381416,6.18350817702891,6.18807267479803,6.23385107317813,6.20170398443177,6.1227826968339,6.19528562805685
"ACTTTCACATTTCACT-b01",12.8448832592851,12.6949297733204,12.8869424894293,12.9706817615795,12.6898277740857,12.7768749518343,12.7952689345087,12.7857908587918,12.539484756944,11.7908736274256,12.6017930816629,15.1606572757684,12.2252931757099
"ACTTTCAGTACATCCA-b01",12.5061563103349,12.6040270640671,12.5276192826039,12.5563107184715,12.5283885570456,12.5671140528183,12.6003872349344,12.5677087227039,11.3144814346588,11.6042006323829,11.7064537934953,11.6096053667293,11.4590200663577
"ACTTTCATCTTGTTTG-b01",NA,NA,NA,45.3591229575291,NA,NA,NA,NA,NA,NA,NA,NA,NA
"AGAATAGAGTTTAGGA-b01",NA,NA,NA,NA,60.331215543559,NA,NA,NA,NA,NA,NA,NA,NA
"AGAATAGGTTCCAACA-b01",12.9913734176247,12.7309047950207,12.9018481522098,12.92547431154,12.86532034716,12.8401380520262,12.8066987592292,12.909401374613,14.8767065604656,18.9128047643071,15.526928110255,17.9864714088979,15.6930471835027
"AGAATAGTCCAAGTAC-b01",NA,NA,NA,NA,NA,NA,NA,NA,29.8933926037822,NA,NA,NA,NA
"AGAATAGTCTATCCTA-b01",33.4928945419758,26.1042731317933,26.2848464408592,26.1746183089788,25.6766137042766,26.2349437146124,25.5596156311465,25.9636564627426,NA,NA,NA,NA,NA
"AGACGTTCACCGCTAG-b01",NA,NA,NA,NA,58.1854595203536,NA,NA,NA,NA,NA,NA,NA,NA
"AGACGTTTCTTAACCT-b01",6.52905064929683,6.54042389751176,6.53737615655365,6.54306875785494,6.5662008028193,6.55605447192149,6.55367806770326,6.51256442500282,6.74728938586931,6.73965594376429,6.66515136266729,6.62649270351339,6.98337853109526
"AGAGCTTGTTCAGACT-b01",NA,NA,NA,NA,NA,NA,NA,NA,28.2770803491658,NA,NA,NA,NA
"AGAGCTTTCCAACCAA-b01",NA,NA,NA,48.1352633347766,NA,NA,NA,NA,NA,NA,NA,NA,NA
"AGAGCTTTCCAGGGCT-b01",18.7251391359947,18.2674271756866,18.4688740111342,18.6636794613059,18.3127984611575,18.4046400481242,18.421786689123,18.4446577004158,NA,NA,NA,NA,NA
"AGATCTGGTGCCTGCA-b01",NA,NA,NA,NA,50.589212811696,NA,NA,NA,NA,NA,NA,NA,NA
"AGATCTGTCAAACAAG-b01",12.429653041398,12.399675901708,12.4166557019063,12.4100779194244,12.405521623677,12.4145827967035,12.3989138091469,12.4193745900718,12.0309698416088,13.1025307569682,12.4499342633071,12.4283099812293,23.9765441599811
"AGATCTGTCTGTCTCG-b01",11.1562807947439,11.1746479112432,11.173263499111,11.1452008863994,11.2383847691604,11.1132471198608,11.2490895611014,11.1776542876959,10.1309147697671,10.4382642053286,10.4397323229994,10.4769425829604,10.1247267611336
"AGATTGCCATGTAGTC-b01",NA,NA,NA,NA,60.3302269170871,NA,NA,NA,NA,NA,NA,NA,NA
"AGCAGCCAGCAGACTG-b01",4.25884021834649,4.23963808355552,4.27133124633143,4.27149488474705,4.28622324271973,4.24850455688157,4.26514960813102,4.26646004612045,4.32385408913345,4.32066098011089,4.32043614511261,4.32423803006749,4.31322422927667
"AGCATACCACTTGGAT-b01",27.2411204435982,NA,26.6071668956953,26.3705678790556,NA,NA,NA,NA,NA,NA,NA,NA,NA
"AGCATACGTAGCGATG-b01",NA,NA,NA,NA,NA,NA,NA,NA,NA,22.1274832847516,NA,18.2805113468438,NA
"AGCCTAAAGGTTACCT-b01",14.6856706664251,14.6538760249383,14.7809477464311,14.6699140416664,14.7262023894166,14.7205671025306,14.7048729257838,14.6861293856888,14.9668073559775,14.4757248867071,14.8711433150084,13.4144460866428,14.5733686198216
"AGCGGTCCATGGTAGG-b01",6.04074542252423,6.03879626382675,6.03766689406154,6.0390403549025,6.03695230254649,6.08868874336165,6.08308752968697,6.06925209587653,6.12448681789228,6.10428514656852,6.1268228039483,6.14439753579579,6.11303848385597
"AGCGGTCGTGCAACTT-b01",NA,NA,NA,NA,53.3355462741491,NA,NA,NA,NA,NA,NA,NA,NA
"AGCGTATGTAGCGTCC-b01",43.0888847365071,NA,NA,NA,NA,NA,NA,NA,NA,NA,NA,NA,NA
"AGCGTCGTCTGGTTCC-b01",19.689648568306,19.1358830359411,19.3411106103019,19.2645457541867,19.1053103410372,19.3759518219166,19.2834164567289,19.3425339932161,NA,NA,NA,NA,NA
"AGCTCCTCACATGACT-b01",7.46732374908579,7.47290301906733,7.47353831946469,7.45872227812864,7.46522211687381,7.45766867414098,7.46214543642976,7.45526554144289,7.026072609359,7.01210290949818,6.99546120687177,6.95535188791418,6.95977145676397
"AGCTCCTGTGTTCGAT-b01",NA,NA,NA,NA,NA,28.3704023590467,NA,NA,NA,NA,NA,NA,NA
"AGCTCTCCAGCGATCC-b01",22.8671348121061,NA,NA,NA,NA,NA,NA,NA,NA,NA,NA,NA,NA
"AGCTTGAGTTGCGTTA-b01",26.8494932258332,27.167158486892,27.302977083209,27.2420975704002,27.1262829188251,26.9706736681513,27.3689288455307,27.0451683012791,NA,NA,NA,NA,NA
"AGGCCACAGCTTTGGT-b01",26.9311544067103,25.7422961676377,26.4045892339576,26.1028142605784,25.3762435316178,26.1702634940585,25.5772495840371,25.786512484257,NA,NA,NA,NA,NA
"AGGCCACAGTTAAGTG-b01",22.8661327993838,NA,NA,NA,NA,NA,NA,NA,NA,NA,NA,NA,NA
"AGGCCACCATTGGCGC-b01",44.5169215307834,NA,NA,NA,NA,NA,NA,NA,NA,NA,NA,NA,NA
"AGGCCGTAGAGCTGGT-b01",26.3646162283314,26.507967718951,26.5406770093648,26.3885582911481,26.1381126147366,26.4733401752905,26.5575523156388,26.4134256942205,NA,NA,NA,NA,NA
"AGGCCGTAGAGCTTCT-b01",NA,NA,NA,39.7393377195031,NA,NA,NA,NA,NA,NA,NA,NA,NA
"AGGCCGTCAAAGTCAA-b01",9.8949290939391,9.92262594039854,9.92232893373528,9.94539678839421,9.89852184181118,9.94564899085835,9.91754977759503,9.91768728120229,10.0597592279855,10.5131307176465,10.3677586283113,10.6391463332936,10.3115577271255
"AGGCCGTTCGGCGCAT-b01",41.0860389751137,NA,NA,NA,NA,45.437330381669,NA,45.2672708757045,NA,NA,NA,NA,NA
"AGGGAGTTCCGATATG-b01",33.8001684700382,26.6173735534511,27.562216149269,31.1619091251899,27.0690678757904,27.3613734914287,39.1404500929073,34.6197471006852,NA,NA,NA,NA,NA
"AGGGAGTTCCTCGCAT-b01",NA,52.4136894673141,NA,NA,NA,NA,NA,NA,NA,NA,NA,NA,NA
"AGGGATGCATGCCACG-b01",NA,NA,NA,23.1229062164945,NA,NA,NA,NA,NA,NA,NA,NA,NA
"AGGTCATCACTGTCGG-b01",18.0284438285617,NA,NA,NA,NA,NA,NA,NA,NA,NA,NA,NA,NA
"AGGTCCGAGAGTACCG-b01",14.491335689423,14.4377793198906,14.4783313976172,14.6779813989425,NA,14.40917683429,14.4944741490357,14.4410592215767,28.7099021311108,NA,NA,NA,NA
"AGGTCCGTCATTGCCC-b01",13.7898447536631,13.6228325570922,13.8931123053672,13.8334877954778,13.5496623234046,13.6950886225029,13.6714460263977,13.6993303469904,11.8453767762848,11.5675763745407,12.1145976740404,12.4027918714036,11.6559434194093
"AGTCTTTAGAACAATC-b01",7.39822507795388,7.51835319856884,7.45601880892914,7.44676515370761,7.636389675794,7.48859064755308,7.52330106951543,7.5622327416791,7.29669929362333,7.33138842693274,7.18130090107055,7.07292517682353,7.29473825196277
"AGTCTTTAGATCCCAT-b01",21.7840020449501,21.7422589830458,21.7172419439217,21.7633765527407,21.4199827008675,21.6163185251572,21.7392397781854,21.729109575084,NA,NA,NA,NA,NA
"AGTGGGAGTACCGTAT-b01",14.7367733572229,14.6178336096837,14.8921935242669,14.8047020930383,14.5025995693721,14.6730148467324,14.6377043582836,14.6412202576183,12.0747361557751,11.86088903534,12.2747640139942,13.5113846161794,11.9915254176525
"AGTGGGAGTGTCGCTG-b01",39.1405844302005,NA,NA,43.8814439638653,NA,NA,NA,42.8883627012518,NA,NA,NA,NA,NA
"AGTGGGAGTTCGAATC-b01",NA,46.0450281977339,NA,NA,NA,NA,NA,NA,NA,NA,NA,NA,NA
"AGTGTCAGTTCTGGTA-b01",15.6358938516266,15.6278032765886,15.7937060392817,15.8116985976712,15.6567751407578,15.7837615569151,15.7597273304918,15.7600764440477,11.6185133745586,11.7908736274256,12.1533877954027,12.1002227459607,11.7699882259511
"AGTTGGTTCAACACGT-b01",20.0583675544987,19.9256877764138,19.9665142264254,20.1134366329827,19.8832204464091,19.9129410005206,20.0127459855251,19.9739970250899,NA,NA,NA,NA,NA
"AGTTGGTTCTGCTGCT-b01",NA,NA,NA,16.5007509268906,NA,NA,NA,NA,NA,NA,NA,NA,NA
"ATAACGCCAATGTTGC-b01",NA,NA,NA,16.7792212944162,NA,NA,NA,NA,NA,NA,NA,NA,NA
"ATAAGAGAGCTACCTA-b01",14.3726069238985,14.2249783890133,14.4560562503633,14.3199887973047,14.2858815290398,14.3132448820347,14.3425731903852,14.3642541202767,11.567438944882,12.0142537982721,12.2151951060223,11.9607952848371,11.9087402565342
"ATAAGAGGTAAGTTCC-b01",14.1909864333797,14.5583750225123,14.3440378313079,14.3716182820205,14.5351204112357,14.4583249884436,14.5407166417377,14.4665739189808,24.6068691581895,12.6886478210324,12.8173817077618,12.4236430642668,12.5886272939522
"ATAGACCAGAAGATTC-b01",NA,NA,NA,NA,61.7054244056366,NA,NA,NA,NA,NA,NA,NA,NA
"ATAGACCCAGCTCGAC-b01",29.6008357068326,29.2129323123642,29.604441926188,29.0680826530948,28.025747994812,30.2901253293199,29.7935991349028,30.2006592664133,NA,NA,NA,NA,NA
"ATCACGAGTACAGTTC-b01",8.02154797513983,8.01291956837384,8.01532899470467,8.0099480347896,8.01925332331117,8.00970635758187,8.01272669239233,8.01575516365467,7.9942617352989,7.92178112404903,7.96706015096557,7.98123048402802,7.81080463104556
"ATCACGAGTAGCCTCG-b01",10.8467077336305,10.7525113161704,10.8979154893095,10.9305253135224,10.7263682672221,10.8085785265749,10.7923082132975,10.8110551833915,11.7637926281621,10.7641163374265,11.4003496932275,15.0157953434026,11.0212079859559
"ATCACGATCCGAATGT-b01",10.2358697899666,10.2244620281128,10.2726777197996,10.292003655808,10.1744083563571,10.2381979647751,10.2351790396245,10.2254600515748,12.4866126203766,10.2862322526551,10.6728667729921,15.3576249007644,10.7765542926826
"ATCATCTCAAGAAGAG-b01",22.7252832105154,22.7348781032678,22.8991954886056,22.9423110710466,22.6701762174525,22.8683358809048,22.8155897409127,22.731146856041,NA,NA,NA,NA,NA
"ATCTGCCCAATAGAGT-b01",NA,NA,NA,19.3837691087122,NA,NA,NA,NA,NA,NA,NA,NA,NA
"ATGAGGGAGGCAGTCA-b01",4.15569544587915,4.17862790298706,4.16391070878737,4.16494592524454,4.17443578234801,4.18250158939309,4.16000995071165,4.1776049833122,4.22936276888039,4.23785676664608,4.2276572009373,4.24673055268262,4.25121732243436
"ATGAGGGGTATCACCA-b01",3.74032877855922,3.76961406864336,3.75499758709339,3.75428491881594,3.76581093960385,3.76995881862126,3.74778422591666,3.76529738722596,3.82095928539142,3.81318436799614,3.81314732857241,3.8249933365624,3.81960704908895
"ATGAGGGTCGGCGGTT-b01",NA,NA,NA,NA,57.2410450694673,NA,NA,NA,NA,NA,NA,NA,NA
"ATGAGGGTCTGCTTGC-b01",5.55078903250915,5.51434556298235,5.55609077033756,5.5561762442702,5.55275068019765,5.53318370740474,5.5449608813205,5.5144545930628,5.55232440300862,5.60063708354299,5.59823901876609,5.56200696950754,5.58276547127845
"ATGCGATAGTTCGATC-b01",25.6544488340949,25.0494770457386,24.9138820657654,24.7770587981584,24.3975073471215,24.6767064627119,24.4775885262446,24.5834233730449,NA,NA,NA,NA,NA
"ATGCGATCACCAGGCT-b01",9.89922114348125,9.92262594039854,9.91329353790514,9.9675689235554,9.88078207778394,9.98562554712782,9.91432970681454,9.93012441717481,20.3256751539831,13.7077091404023,12.2562363266192,12.0285100119612,12.6166800267276
"ATGGGAGGTCTGATCA-b01",53.3466446855955,NA,NA,NA,NA,NA,NA,NA,NA,NA,NA,NA,NA
"ATTACTCGTGACCAAG-b01",14.3697668693714,14.4885383641917,14.4650695134357,14.4591747748149,14.482556194065,14.4945589486625,14.5570304702178,14.4749476944846,11.3935363312819,12.0142537982721,11.7064537934953,11.9293472432995,11.7249931034913
"ATTACTCGTTGGAGGT-b01",NA,NA,NA,42.8269348379849,NA,NA,NA,NA,NA,NA,NA,NA,NA
"ATTATCCGTAGCGTCC-b01",13.8926964141099,13.846879217291,13.8807710301399,14.0624075557305,13.9237272803411,13.9078802123599,13.9522240046339,13.9668836309689,11.1700287074877,11.3440384167197,11.4832862213124,11.343360084764,11.1932826567797
"ATTATCCTCAGGCAAG-b01",13.5730238168841,14.1964222746172,13.9955333769103,13.9164314420424,13.9653594267627,14.0331564011264,14.1418182200756,13.9927530656055,10.9475365806511,11.1199028392005,11.2601559139988,11.1877863787028,10.9270470784959
"ATTGGTGTCCGAGCCA-b01",NA,20.6405528533003,NA,NA,NA,NA,NA,NA,NA,NA,NA,NA,NA
"ATTTCTGAGAATTCCC-b01",4.20853263637442,4.19781845013868,4.20326302820165,4.20527405837498,4.19988349220036,4.21242663443602,4.20629459383356,4.20057880499791,4.23103724369884,4.22066787720717,4.22961446228505,4.22086682700817,4.22374753721606
"CAACCAAAGGACGAAA-b01",11.797327183778,11.7346869367468,11.7781827095445,11.7419796015935,11.6958858148293,11.7332069356839,11.7469484781264,11.7803722955726,20.8532165108442,14.0677579787562,13.361903136693,12.45094186798,13.2566753030018
"CAACCTCAGCCCAGCT-b01",17.2157677774885,16.7626337006822,16.9560311810217,17.1300059894984,16.7629718159497,16.8800532080306,16.8958193276763,16.8778182461928,NA,NA,NA,NA,NA
"CAACCTCAGGAGTCTG-b01",31.0226464048213,31.6453605782023,31.253123759553,30.2827490448567,29.798410407152,30.8198804254893,NA,NA,NA,NA,NA,NA,NA
"CAACCTCGTGCTAGCC-b01",12.7972420808025,12.6365563923064,12.601087549539,12.6527437056805,12.5602907776459,12.6437346883087,12.6481241818975,12.6099895574609,11.3471818661976,11.2498781973239,11.4832862213124,11.3184713965424,11.1932826567797
"CAACCTCTCACGATGT-b01",40.3672657420967,NA,NA,NA,NA,45.6169180562182,NA,44.4913819256402,NA,NA,NA,NA,NA
"CAACTAGCACGAAGCA-b01",8.47399021305914,8.46756915637427,8.4640934335591,8.44826882429977,8.4454390779281,8.4477315411174,8.47948502594693,8.4752876356533,8.35861530174342,8.24733166787066,8.30067273344848,8.34810797613708,8.20358341771028
"CAACTAGGTACCATCA-b01",7.73264077261314,7.74037293530467,7.75176295938152,7.75174741442435,7.7099352483053,7.73908482151738,7.7059276367784,7.70937258452084,7.46800775840191,7.5214308179516,7.46845359919694,7.14974736079143,7.52568656435163
"CAAGAAACATGCCTAA-b01",30.4922650168644,29.8661527182138,30.7301341407514,31.5783036601284,30.6153627047261,30.5368202066031,33.5935817526342,30.4605144929669,NA,NA,NA,NA,NA
"CAAGAAAGTATGGTTC-b01",10.5177269242157,10.4417016942274,10.4797398144252,10.4871995891221,10.4468317218608,10.490359394684,10.486457209066,10.4792921624806,10.3000068668377,10.744754619941,10.6185464091303,10.8262905040453,10.487441885778
"CAAGAAATCACGATGT-b01",12.1979976514534,12.232432359697,12.2880246481693,12.2291888051551,12.2773625230891,12.3088258754632,12.3650603470527,12.2321434734757,11.2127673661405,11.7809003427796,11.7064537934953,11.7350387472545,11.4590200663577
"CAAGATCAGAGGTACC-b01",8.98637139462155,8.96519452864391,8.98315422555782,8.98926935546836,8.94404849783803,8.9635222820402,8.98453279243801,8.9801461169614,9.11739702922721,8.93209168445829,9.00868467990004,8.49662406982139,8.99632197818345
"CAAGGCCGTCTGATCA-b01",16.9897518520227,17.2456862963474,17.201855933222,17.345614617338,17.0741088977086,17.1635582177235,17.2140640940927,17.1559839528225,11.6185133745586,11.7908736274256,11.9297917461,11.9293472432995,11.7249931034913
"CAAGGCCGTTCTGAAC-b01",NA,NA,NA,32.3771327154104,NA,NA,NA,NA,NA,NA,NA,NA,NA
"CAAGTTGCATTTCAGG-b01",35.1803033254539,34.6287866237216,38.402460880471,34.7387022653963,33.4193518733628,36.1948708617358,36.4716518627935,36.6469392476738,NA,NA,NA,NA,NA
"CACACAATCCAATGGT-b01",18.1190885367522,NA,NA,NA,NA,NA,NA,NA,NA,NA,NA,NA,NA
"CACACAATCGTTGCCT-b01",NA,NA,NA,NA,NA,46.2536503596259,NA,NA,NA,NA,NA,NA,NA
"CACACCTCAGAGCCAA-b01",NA,NA,NA,NA,NA,NA,56.863503172463,NA,NA,NA,NA,NA,NA
"CACACTCCACGGTGTC-b01",NA,60.7923612252562,NA,NA,NA,NA,NA,NA,NA,NA,NA,NA,NA
"CACAGGCGTGAGGGTT-b01",NA,50.9305200466549,NA,NA,NA,NA,NA,NA,NA,NA,NA,NA,NA
"CACAGGCTCATGTCCC-b01",NA,NA,NA,NA,61.2224926956134,NA,NA,NA,NA,NA,NA,NA,NA
"CACAGTAAGAAGGTGA-b01",NA,NA,NA,NA,NA,NA,NA,41.6904212261258,NA,NA,NA,NA,NA
"CACAGTAGTTTAAGCC-b01",14.0900207475795,14.184785580368,14.1650072717705,14.1703267956857,14.0614773244303,14.1640375724661,14.1910053592451,14.1420808191915,11.8453767762848,11.3966085776227,11.8574209946472,11.7350387472545,11.4661426843625
"CACATAGAGGATCGCA-b01",NA,56.587517052594,NA,NA,NA,NA,NA,NA,NA,NA,NA,NA,NA
"CACATAGCACTGTCGG-b01",NA,NA,NA,NA,42.2891255812231,NA,NA,NA,NA,NA,NA,NA,NA
"CACATAGTCTTGTACT-b01",11.6269725563812,12.0355117047477,11.6451730788313,11.9209032979894,12.1211536379547,11.813892776841,11.795721097728,11.956253742106,10.0446471538424,10.3351578455925,10.2389350235292,10.4018247153018,10.0782577514626
"CACATTTAGACGACGT-b01",NA,NA,NA,NA,NA,NA,NA,NA,25.4612452858331,14.0303677759277,13.9546451706519,12.8793926665496,13.424955606383
"CACCACTCACAGTCGC-b01",6.38173550350853,6.38142281968978,6.40248628062947,6.40504195816448,6.39788628225876,6.39484949300334,6.39637896513224,6.38493161085201,6.43319501112171,6.44675981350662,6.43161870417195,6.41968886362836,6.46321545894179
"CACCACTCAGCTTAAC-b01",18.4231540007714,18.5048422989489,18.5880000176439,18.7321431731661,18.4414590475923,18.4855075375407,18.5742939089127,18.5520683725469,NA,NA,NA,NA,NA
"CACCACTTCTTGAGGT-b01",35.7792173599343,NA,NA,NA,NA,NA,NA,NA,NA,NA,NA,NA,NA
"CACCAGGGTAAACCTC-b01",NA,NA,NA,NA,NA,NA,49.8311923625378,NA,NA,NA,NA,NA,NA
"CACCAGGGTCAAAGAT-b01",28.5020187603146,27.8606050122567,27.6689767335806,27.437517592134,26.7213532378288,27.7532667057881,27.0824056439748,27.257235733455,NA,NA,NA,NA,NA
"CACTCCACAGATCTGT-b01",NA,NA,NA,NA,NA,NA,49.4809110823895,NA,NA,NA,NA,NA,NA
"CAGAATCAGCGATAGC-b01",17.8399770348748,17.4724576336138,18.0226145922463,17.7323082794942,17.4133383698185,17.6438215637092,17.6145891425267,17.5822055199407,NA,NA,NA,NA,NA
"CAGAGAGTCCTTCAAT-b01",29.2624576298787,32.0706972805573,29.626997015562,28.6721295273752,28.270355179672,29.1134924408517,28.8506696542198,28.9183569056,NA,NA,NA,NA,NA
"CAGATCAGTGGAAAGA-b01",8.03625126209508,8.03574493919584,8.04898425088108,8.04034173581254,8.0371291547824,8.04765041192524,8.04622956318472,8.04233402676825,8.11726844735579,8.04269882543954,8.05181297598693,8.03997543794521,8.04413331855723
"CAGCAGCAGAGGGATA-b01",11.9037754931154,11.896782769351,11.8822555756761,11.8974764156719,11.8483175452962,11.898047454732,11.9067286462074,11.8747100760568,11.0818397481348,11.2146133076934,11.4832862213124,11.343360084764,11.1800522732467
"CAGCAGCTCCATGAGT-b01",12.9757113152553,12.8670403088567,12.9517422831871,12.9482708309481,12.8788530305169,12.9177998533168,12.9023912667111,12.9965241822995,14.6588440696694,19.365591737674,15.3145194135103,18.2111227506689,15.229693495391
"CAGCATAGTCTCTTTA-b01",NA,NA,NA,17.5480011102459,NA,NA,NA,NA,NA,NA,NA,NA,NA
"CAGCGACAGACACTAA-b01",6.02996139268358,6.03125267459325,6.02964927399742,6.03126454684663,6.03695230254649,6.05662915378444,6.06112996186447,6.04599105976384,6.03054138075486,6.08655182841296,6.06249164006457,6.01555957063476,6.08093450877216
"CAGCGACGTCGTCTTC-b01",NA,NA,NA,38.1523083755226,NA,NA,NA,NA,NA,NA,NA,NA,NA
"CAGCGACTCATTCACT-b01",NA,NA,38.1380052800193,NA,NA,37.0611396014027,NA,NA,NA,NA,NA,NA,NA
"CAGCTAAGTTGGTGGA-b01",13.5212746692262,13.4522059616414,13.4853360831151,13.4524143909843,13.347767815562,13.4633884704421,13.4768232764211,13.4521985891554,11.1700287074877,11.2316184066329,11.5056746723564,11.3395472069792,11.1932826567797
"CAGCTGGCACCTCGTT-b01",6.04231254945079,6.04107992278798,6.03749172530875,6.03949579202115,6.03695230254649,6.10549955942336,6.08308752968697,6.08051677692052,6.21337215940023,6.17729413905849,6.21917869997835,6.25839140425065,6.14460501044485
"CAGTAACCAGTATGCT-b01",11.8032844577894,11.7346869367468,11.8134603162401,11.7430966179811,11.7469247909733,11.7966006019367,11.8113557394487,11.7803722955726,22.9783306856237,13.4239796307885,13.2120621291784,12.5250642734241,12.8033156965841
"CAGTAACTCACCCTCA-b01",29.1301984112438,28.3130568983557,28.8809561035283,28.4665468283727,27.8673336826573,28.7378569459093,28.7686437079118,28.8870080903825,NA,NA,NA,NA,NA
"CATATGGAGGTAAACT-b01",18.9065678404162,NA,19.1497866373702,18.9253936907374,NA,NA,NA,NA,NA,NA,NA,NA,NA
"CATATGGAGTAACCCT-b01",4.24061238980307,4.22631014521959,4.25867322858034,4.25849272155683,4.2795761868798,4.22608488127032,4.24983902645639,4.26646004612045,4.32373518156866,4.30899852906969,4.31595953961583,4.31234666135889,4.30689627632932
"CATATTCGTATCACCA-b01",8.78219050311228,8.80518732017289,8.7149807171059,8.71495537887992,8.90695532355242,8.71352143479525,8.77729667507388,8.77810329337628,8.99720724553218,9.14406101387629,9.09635337444787,9.19933180324013,8.95062001719554
"CATATTCGTCCAAGTT-b01",NA,NA,NA,NA,23.2027882875176,NA,NA,NA,NA,NA,NA,NA,38.3829035942115
"CATCAAGGTAGCTAAA-b01",NA,NA,NA,NA,NA,NA,NA,54.3665871073085,NA,NA,NA,NA,NA
"CATCCACCAGCCACCA-b01",NA,NA,NA,NA,48.0669771265808,NA,NA,NA,NA,NA,NA,NA,NA
"CATCCACGTCTAGGTT-b01",NA,NA,NA,NA,NA,NA,NA,43.6082140050557,NA,NA,NA,NA,NA
"CATCGAAAGGGTTCCC-b01",NA,NA,57.2385759849569,NA,NA,NA,NA,NA,NA,NA,NA,NA,NA
"CATCGAAGTCCAAGTT-b01",NA,NA,NA,NA,NA,NA,55.3500092343215,NA,NA,NA,NA,NA,NA
"CATCGAATCATGTCCC-b01",12.4323852845285,12.3449008761578,12.5293218556202,12.4277869981196,12.3084052375273,12.3877793030618,12.3744247312818,12.3806995827131,11.3903569788805,11.6876975319402,11.8715938873823,12.0091650427141,11.4936837084587
"CATCGGGGTATGAATG-b01",12.5324058446835,12.8305604381681,12.8114567441538,12.749301395791,12.7637541912783,12.7020648469235,12.7479176327116,12.7535978027093,10.7254692518937,11.3440384167197,11.2601559139988,11.5396786430193,11.112323724987
"CATGACAAGTTAACGA-b01",8.25723943973986,8.31137291541417,8.28645987299957,8.28880415579999,8.30993830781106,8.28214794420483,8.29587720843446,8.29995860578747,8.21005689203555,8.51912349280108,8.416874935098,8.48649735597584,8.57153718704653
"CATGACAGTAAGTGTA-b01",5.11257768949119,5.08338430363716,5.11865784646581,5.11957037389423,5.12189487314565,5.10233087076937,5.1120085139631,5.09330793548578,5.16621292423371,5.16463844315959,5.15711116440129,5.17845992363245,5.17461468855489
"CATGCCTCACAGTCGC-b01",NA,NA,NA,49.4069293395586,NA,NA,NA,NA,NA,NA,NA,NA,NA
"CATGGCGAGAATTGTG-b01",12.9913734176247,12.8432674807492,13.0552230930663,13.1526163252942,12.8622993308376,12.9480385718143,12.9097944448932,12.9586738203277,12.3908111997179,11.5675763745407,12.6017930816629,15.3576249007644,11.9915254176525
"CATTATCCACGTCTCT-b01",11.0684033497451,11.1785497352076,11.1254847089869,11.1012883280001,11.2044342590774,11.1095794873729,11.2362750919403,11.1650636548932,10.2818284848614,10.6694600370982,10.5903454854417,10.7513222088656,10.3927445938831
"CATTATCTCCGCGGTA-b01",NA,NA,NA,NA,NA,NA,59.061387371868,NA,NA,NA,NA,NA,NA
"CCAATCCTCCAGAAGG-b01",5.75621008012233,5.755695072107,5.75511803736728,5.75596855102138,5.7575364372719,5.75454045142881,5.75447843045692,5.75803016667991,5.77711788906888,5.77100353485054,5.77272191170686,5.77390969419706,5.78471514335849
"CCACCTAAGCTCTCGG-b01",NA,NA,NA,NA,NA,NA,NA,46.5235839113647,NA,NA,NA,NA,NA
"CCACCTAAGTGAAGAG-b01",16.52716377822,NA,NA,NA,NA,NA,NA,NA,NA,NA,NA,NA,NA
"CCACCTACAGGTGCCT-b01",5.44030077817006,5.44054120737358,5.43971430995263,5.44371411117562,5.44210804499726,5.43911829497559,5.43870424059653,5.43659153954075,5.5779186382179,5.57603557999775,5.56778527935923,5.57674687841337,5.58276547127845
"CCACCTATCAGCTGGC-b01",6.34509589552136,6.33974291291354,6.33892170990805,6.34377507973005,6.31934161470148,6.31984500481106,6.32285746296701,6.29083190089602,6.47053073641611,6.50213143429493,6.51805148405856,6.53420155982444,6.44094345375496
"CCACCTATCCTGTACC-b01",12.6541563961019,12.6533126030738,12.6897697921157,12.6970345225025,12.6588592973141,12.7415581188153,12.7610189736003,12.6686737345386,11.6185133745586,11.938350609876,11.9297917461,11.9293472432995,11.7338271541001
"CCAGCGAAGGAATGGA-b01",NA,NA,NA,55.0412580991204,NA,NA,NA,NA,NA,NA,NA,NA,NA
"CCAGCGACATGTCGAT-b01",NA,NA,NA,NA,NA,NA,NA,45.1756297578721,NA,NA,NA,NA,NA
"CCATGTCAGCAAATCA-b01",19.6715102576698,18.764067398541,19.1625181274844,19.008207358143,18.8021923492942,18.91988863783,18.8939590196337,18.936049273868,NA,NA,NA,NA,NA
"CCATGTCTCACTTATC-b01",4.59709800988405,4.62698714382117,4.60676210742452,4.60758423987911,4.62009838402254,4.58608914321507,4.60005107994546,4.62775718890503,4.66306483969978,4.68864104578927,4.68715774614003,4.67223114837185,4.66669266398956
"CCCAATCAGCGTGTCC-b01",NA,NA,NA,NA,NA,NA,NA,NA,23.4220322986613,14.0677579787562,14.7331293721313,NA,13.7815892421906
"CCCAGTTCACCCATGG-b01",32.6743192614541,31.9225646788481,34.0115979996262,33.4655948702301,32.9506342600089,34.3535108062102,35.739713831275,33.6886673997122,NA,NA,NA,NA,NA
"CCCATACCACCAGCAC-b01",18.1990981069669,17.6141165920077,18.0903499151424,18.0910909339642,17.6260556652781,17.7778191959189,17.7394039263778,17.7783361918396,NA,NA,NA,NA,NA
"CCCATACCACGGCCAT-b01",NA,NA,NA,NA,38.3256218917518,NA,NA,NA,NA,NA,NA,NA,NA
"CCCATACGTTACGTCA-b01",NA,NA,NA,16.8060228920023,NA,NA,NA,NA,NA,NA,NA,NA,NA
"CCCTCCTCAATCAGAA-b01",3.38760960620188,3.38253262138926,3.40007898503846,3.40055119490961,3.40969262914249,3.41007764732175,3.39685172926723,3.40691666560316,3.45511749577052,3.4529641228692,3.45131782272211,3.45125773861344,3.4589556523051
"CCGGGATGTAGCACGA-b01",11.4264082515481,11.4371843838551,11.4988477735324,11.507327780774,11.4687383462542,11.585692584804,11.5136619286706,11.4800853991627,24.5173078482172,12.9214637656303,12.3773508506248,12.122490278404,12.2592949951709
"CCGTTCATCATCTGCC-b01",NA,NA,NA,NA,22.9955010993236,22.5857754294715,NA,22.4554701165721,NA,NA,NA,NA,NA
"CCGTTCATCTACTTAC-b01",11.347767678573,11.540439545585,11.4687879832539,11.4280924355828,11.5264500819668,11.4795506085661,11.5179371276976,11.472762197372,10.503669652593,11.3440384167197,11.0370160771753,11.343360084764,10.9270470784959
"CCTAAAGAGGACGAAA-b01",2.68492483475992,2.6838036125349,2.68381207832701,2.68420520569909,2.68434284797388,2.68553308951291,2.68397596152768,2.68425317276179,2.70249160175582,2.69955894498306,2.70177420330298,2.70242150282674,2.69636504071808
"CCTACACCACGGATAG-b01",NA,NA,NA,19.7994249880579,NA,NA,NA,NA,NA,NA,NA,NA,NA
"CCTACCAAGTGCGATG-b01",18.4175996412158,17.9975046314469,18.4724742597014,18.5356861691241,18.0700485677523,18.2254683600012,18.1689874643417,18.2030568339016,NA,NA,NA,28.5650186556248,NA
"CCTACCATCCAAACTG-b01",NA,NA,NA,NA,53.6982897670939,NA,NA,NA,NA,NA,NA,NA,NA
"CCTAGCTTCGGCATCG-b01",NA,NA,NA,57.027195715067,NA,NA,NA,NA,NA,NA,NA,NA,NA
"CCTATTAGTTGGTAAA-b01",NA,NA,NA,50.795694983384,NA,NA,NA,NA,NA,NA,NA,NA,NA
"CCTCTGAAGCGATATA-b01",13.6217042952608,13.542523551205,13.4975454369239,13.6710634431468,13.5493995099011,13.6389545014573,13.6854498236967,13.6060282362682,11.1700287074877,11.3440384167197,11.4832862213124,11.371913815852,11.1932826567797
"CCTTCCCAGTGCGATG-b01",20.3459165052724,20.1465093671409,20.0157266395466,20.3168395079195,19.9897079238149,20.0446469258293,20.0650034123131,20.0811125848548,NA,NA,NA,NA,NA
"CCTTCCCTCATCGCTC-b01",6.35377849473077,6.35697884026621,6.35408141226172,6.35414269224338,6.34706182162576,6.34051262989111,6.34363303447507,6.32527231623542,6.34053848817688,6.33270898162746,6.33798593366099,6.33723328846764,6.31682859115897
"CCTTCGAGTCGCGGTT-b01",17.9448355900979,NA,NA,NA,NA,NA,NA,NA,NA,NA,NA,NA,NA
"CCTTTCTGTGACGGTA-b01",NA,NA,NA,NA,40.6421008409388,NA,NA,NA,NA,NA,NA,NA,NA
"CGAACATCAGACAAAT-b01",7.91197899011423,7.90345117285402,7.92721484995374,7.92697421754844,7.87653709634637,7.91623270465353,7.90780072573665,7.90129476904065,7.78902014397586,7.83809319361259,7.80238248618923,7.55500956952311,7.87335418531389
"CGAACATTCGCACTCT-b01",NA,NA,NA,15.4455722012777,NA,NA,NA,NA,NA,NA,NA,NA,NA
"CGACCTTTCATGTCTT-b01",5.37621586992557,5.3864207357435,5.37901164770554,5.38057133774694,5.37941487641462,5.36653815878815,5.37270930599229,5.39939711321106,5.43906419970484,5.43743307696931,5.42899380006923,5.45118859169255,5.44310756207381
"CGACTTCCAGCTCGAC-b01",NA,NA,NA,35.4864401556948,NA,NA,NA,NA,NA,NA,NA,NA,NA
"CGACTTCCAGGACCCT-b01",15.1290786027599,15.2496053279182,15.1751298334159,15.2311450655776,15.2298213167902,15.3275237225251,15.3040921716121,15.3061353181528,11.3935363312819,11.7908736274256,11.8536783157991,11.9293472432995,11.7249931034913
"CGAGAAGCAAATTGCC-b01",6.38173550350853,6.38116138079417,6.37963080612175,6.38484564707368,6.36635933740105,6.3652105338775,6.36744616911679,6.34493002772979,6.46107507488396,6.50092926706643,6.48504542336313,6.38933334383244,6.43951867970299
"CGAGCACCATTAGCCA-b01",6.12520329650919,6.12164219211403,6.11930273272845,6.12306404808197,6.10009266452975,6.12245119995934,6.10311481332402,6.16587620751344,6.27206915765254,6.30391336554594,6.29569166303743,6.32869745224444,6.27168982646164
"CGAGCACGTTCTGAAC-b01",NA,NA,NA,NA,62.5781494664805,NA,NA,NA,NA,NA,NA,NA,NA
"CGATCGGGTCAGAAGC-b01",27.3984174811428,26.6382529640928,26.8895697380813,27.2269024904517,28.3716918608077,26.8933936574071,26.6767044734498,26.679023819433,NA,NA,NA,NA,NA
"CGATGGCGTTCGCGAC-b01",10.4942433697024,10.4062465417727,10.5364562641163,10.5596914940712,10.3836169682015,10.463430484774,10.4446999067389,10.458083363651,12.172319721565,10.4937827245865,11.355605052301,15.251028400841,10.851708398441
"CGATGTAGTATATCCG-b01",NA,NA,NA,55.8764997560452,NA,NA,NA,NA,NA,NA,NA,NA,NA
"CGATGTATCCGTCATC-b01",NA,NA,49.8244477989873,NA,NA,NA,NA,NA,NA,NA,NA,NA,NA
"CGATTGAGTGGAAAGA-b01",8.59886928031628,8.77372716149392,8.69311210836336,8.6773655230691,8.82873855890492,8.68269091822677,8.73920761496836,8.73789870001467,8.98198827470902,9.20987402016184,9.13676415451707,9.2552027118857,9.00741703762119
"CGATTGATCCTGTACC-b01",14.5738143441251,14.2524291608059,14.5640953212702,14.7936857965782,14.2820331912357,14.3820128704804,14.3715307111493,14.3873627838381,12.0747361557751,11.9067547765877,12.3773508506248,14.2970045140722,11.9915254176525
"CGCGGTACACCTATCC-b01",NA,NA,NA,NA,61.5069614799349,NA,NA,NA,NA,NA,NA,NA,NA
"CGCGGTACAGGATTGG-b01",NA,NA,NA,20.9898324278914,NA,NA,NA,NA,NA,NA,NA,NA,NA
"CGCGTTTAGGAACTGC-b01",NA,NA,NA,NA,26.8218826281951,NA,NA,NA,NA,NA,NA,NA,39.9241227112141
"CGCGTTTCATGGGACA-b01",NA,NA,33.1403832725073,32.9416824621171,35.3495302873373,32.5177949396358,33.1798522118142,NA,NA,NA,NA,NA,NA
"CGCGTTTTCGTGGACC-b01",NA,NA,NA,NA,59.8487869934978,NA,NA,NA,NA,NA,NA,NA,NA
"CGCTATCAGAGGTACC-b01",8.53018279964539,8.52574736847077,8.53387470179003,8.53059917468653,8.53016424946477,8.53807124614225,8.54781178986724,8.54270370320717,8.75848530492221,8.66331034439085,8.70887366165003,8.70317110211436,8.68306839683373
"CGCTATCCAATTCCTT-b01",4.77276974611098,4.75472027295564,4.77968298037938,4.7804642636446,4.74470692324174,4.76493027442549,4.7748780571726,4.75833647500386,4.82097663172627,4.80888570322578,4.8103354998561,4.82318007685104,4.7964479539263
"CGCTATCTCATGTAGC-b01",20.5847636394576,NA,NA,NA,NA,NA,NA,NA,NA,NA,NA,NA,NA
"CGCTGGAAGTGTTTGC-b01",19.685972861995,20.0572922999097,19.8960154741316,20.0752518196211,19.9328131621581,19.9151889576899,20.0302052859635,20.0182889708252,NA,NA,NA,NA,NA
"CGCTGGACAATGGAGC-b01",8.62922818740427,8.77065468870366,8.70400555770846,8.69907383165095,8.8217072280553,8.70793000609948,8.74728861441828,8.74676539531143,9.11098664077409,9.41742958230082,9.20258185752305,9.54916464137411,9.21802559620199
"CGGACACAGTATCTCG-b01",13.6986062096922,13.8269787600745,13.8179295608569,13.840799101779,13.8344831805688,13.8396355738608,13.876660541838,13.8153078340837,26.2165259340643,12.0142537982721,12.1234270768243,11.9293472432995,11.8550316451578
"CGGACACCACATTCGA-b01",NA,NA,NA,NA,NA,NA,52.716876630829,NA,NA,NA,NA,NA,NA
"CGGACTGGTGGTACAG-b01",NA,NA,NA,16.378852153541,NA,NA,NA,NA,NA,NA,NA,NA,NA
"CGGAGCTGTCCATGAT-b01",5.21501858514375,5.17005084201521,5.19426152009425,5.20542866766736,5.15933092901155,5.19986607429217,5.21419305085601,5.18741576067354,5.23216545018468,5.22221594291524,5.22856142206545,5.25817751033728,5.219791709107
"CGGAGTCCACGGATAG-b01",4.37656157762883,4.36342501807907,4.38484900125906,4.38554362162579,4.35907417297186,4.36998216335255,4.38097857128697,4.36433752795984,4.41421393998676,4.43052251937126,4.42914796911965,4.42950557139691,4.43319308477115
"CGGAGTCCATGGTCAT-b01",NA,NA,NA,47.9336021137404,NA,NA,NA,NA,NA,NA,NA,NA,NA
"CGGAGTCCATGGTCTA-b01",21.0025525682372,20.7209247827218,21.057680223298,20.874785418859,20.5023152788831,20.7406919079111,20.7413789941628,20.7419880652895,NA,NA,NA,NA,NA
"CGGAGTCGTTCCATGA-b01",14.8251530580722,14.6222363817948,14.7749293535753,14.8019101800118,14.6563593907051,14.7518857711578,14.7711052757924,14.7861808590311,11.6185133745586,11.523602108949,12.0820128317638,11.5396786430193,11.4590200663577
"CGGCTAGAGGGCTTGA-b01",9.23791198796812,9.21153463971178,9.2730708270803,9.26658054353903,9.17002298069377,9.22804685758473,9.25225596298749,9.25583613560775,9.56779225269289,11.0696148669075,10.3145850485996,11.1464043189768,10.3927445938831
"CGGGTCACAAGCTGGA-b01",13.1703381331729,13.5402076243149,13.3273119112807,13.3187638528894,13.3551648778256,13.3561564378129,13.3789434634818,13.3709777743323,12.0726566669571,12.0142537982721,31.6584700335604,12.122490278404,NA
"CGGGTCAGTTGGTGGA-b01",21.3386759040672,21.1948678536534,21.2998052915568,21.2792851113888,21.1808697242816,21.2708062960312,21.2265035984309,21.1899180340413,NA,NA,NA,NA,NA
"CGGTTAATCGCCGTGA-b01",32.1020135657725,32.0193277128079,32.8356653868481,32.1732126259935,31.8155512419884,32.8931065380366,33.7067480310289,33.2179368679332,NA,NA,NA,NA,NA
"CGTAGCGCACGGACAA-b01",18.9893726533601,18.5032544936261,18.6153060154612,18.696658596888,NA,18.5288249260956,NA,NA,NA,NA,NA,NA,NA
"CGTAGCGGTCGAACAG-b01",NA,NA,NA,14.0496299108772,NA,NA,NA,NA,NA,NA,NA,14.7380853079164,NA
"CGTCACTCAAACCCAT-b01",11.8032844577894,11.787961580262,11.8134603162401,11.767775003842,11.8186110345483,11.8478865067387,11.868496802686,11.7803722955726,21.8320030816364,12.9156632736438,12.1533877954027,12.163755404564,12.2592949951709
"CGTCACTCAGGTCCAC-b01",36.2276330473828,45.465805649976,NA,NA,NA,NA,NA,NA,NA,NA,NA,NA,NA
"CGTCACTTCTTACCGC-b01",NA,NA,NA,NA,33.3634906537428,NA,NA,NA,NA,NA,NA,NA,NA
"CGTCAGGCACGGACAA-b01",NA,NA,NA,NA,34.2064670854191,NA,NA,NA,NA,NA,NA,NA,NA
"CGTCAGGTCCCAACGG-b01",17.6730455825,17.6807424365237,17.8387359725388,17.8472060963332,17.7831528856517,17.7259326194697,17.7858856259537,17.7734213810714,NA,NA,NA,NA,NA
"CGTCTACTCTAACCGA-b01",7.65679893861204,7.58104627349404,7.56624493760849,7.71629983190305,7.64543590993913,7.59270599390152,7.60968773440536,7.63313228581276,8.35990295448687,8.55277635164304,8.50675863289539,8.44517583211459,8.55727939530126
"CGTGAGCCAAAGGCGT-b01",9.35791679697801,9.32225745769404,9.31258620767199,9.30473181995646,9.29375036533446,9.31428091939984,9.33146227855657,9.33231782676034,9.33315645544664,9.41145041552943,9.36227626214896,9.52376772059482,9.35880310865083
"CGTGAGCCAATCACAC-b01",NA,NA,NA,NA,50.6055952460021,NA,NA,NA,NA,NA,NA,NA,NA
"CGTGAGCTCGAGAACG-b01",NA,NA,NA,57.0099492888152,NA,NA,NA,NA,NA,NA,NA,NA,NA
"CGTGAGCTCTTGTCAT-b01",4.41814086600154,4.40225429919691,4.38842860307993,4.40129150756695,4.39653716882285,4.41062156547134,4.42313770523348,4.4039775720551,4.48484684626098,4.47512790198473,4.47732998952655,4.4785934856873,4.49717439198887
"CGTGTAATCAACGGGA-b01",9.19597393899343,9.22800073515828,9.1045551516082,9.08202058685517,9.33683373924476,9.08735376010265,9.18423773169421,9.1726275279547,9.27319742636334,9.22800959622677,9.34315118313679,9.34964462365877,8.98362516449702
"CGTGTCTAGGTCGGAT-b01",11.4418407453592,11.624469019823,11.5335740776166,11.5667169338947,11.515159710312,11.585692584804,11.5610051045248,11.5613651167043,11.4571046346963,11.5675763745407,28.7521745253991,11.6686113846172,11.4590200663577
"CGTTAGAAGTACGATA-b01",NA,NA,NA,NA,40.6034657597371,NA,NA,NA,NA,NA,NA,NA,NA
"CGTTAGACATCATCCC-b01",13.2354082685307,13.3054441865009,13.21923448576,13.1921185215002,13.1726022443666,13.2484266776724,13.267277050437,13.2201444269284,11.3935363312819,11.1199028392005,11.5084034248076,11.2382468808821,11.1814593012838
"CGTTCTGCATAACCTG-b01",NA,NA,NA,NA,NA,53.0907393213321,NA,NA,NA,NA,NA,NA,NA
"CGTTGGGGTCAATGTC-b01",33.8978857085787,30.8857172366476,34.5609401370006,31.4571547992515,29.8125291567604,34.3138509844245,32.3475799145245,34.218300532219,NA,NA,NA,NA,NA
"CTAACTTAGTGAAGAG-b01",NA,NA,NA,NA,NA,NA,56.3354694173377,NA,NA,NA,NA,NA,NA
"CTAAGACTCCGCGTTT-b01",22.2188686111137,22.2308077660229,22.3572094456246,22.3708717286074,22.6298307136939,22.2994703690748,22.3074598634187,22.261189074282,NA,NA,NA,NA,38.6086488409769
"CTAATGGCAGATCTGT-b01",2.89236920372346,2.8947223320177,2.88472654330903,2.8846002634523,2.89281736936116,2.8899022233681,2.88345913283879,2.88808039475582,2.88763473051083,2.88847953802102,2.88754202367934,2.88673718818744,2.89430302307792
"CTACACCAGCGATATA-b01",4.05798225716982,4.0433866784501,4.01514767435188,4.01442206487516,4.03469147509987,4.04701558960433,4.04185020512765,4.03815079211344,4.10809777325236,4.09947028769729,4.10230804666021,4.09667325134676,4.10318059250268
"CTACACCGTACATGTC-b01",NA,NA,15.7133903465582,NA,NA,NA,NA,NA,NA,NA,NA,NA,NA
"CTACATTCAAGCTGTT-b01",12.5940583842387,12.7529871452261,12.6648359926168,12.5752908883187,12.6314220623797,12.7021069018369,12.7220120701271,12.6045455837503,12.0747361557751,12.2382205449965,30.0801102403225,12.1803612725051,NA
"CTACATTGTGTGCCTG-b01",23.0553603036914,22.8463447468159,23.0176021280538,23.0605686336694,22.5911943024771,23.0217843834471,22.8056327991477,22.8723856205389,NA,NA,NA,NA,NA
"CTACCCACATGTTGAC-b01",33.9295536124248,NA,NA,37.8263540540095,NA,NA,NA,NA,NA,NA,NA,NA,NA
"CTACCCATCTTATCTG-b01",28.0813693884858,26.4200564864327,26.6963350478337,26.511461485944,25.7267145825188,26.6254881356761,26.3440018254936,26.7522609803881,NA,NA,NA,NA,NA
"CTACGTCTCAAGGTAA-b01",NA,38.9851122656283,NA,NA,NA,NA,NA,NA,NA,NA,NA,NA,NA
"CTACGTCTCCCGGATG-b01",NA,NA,NA,NA,36.3595101356285,NA,NA,NA,NA,NA,NA,NA,NA
"CTAGCCTAGGTCATCT-b01",41.9228715026135,NA,NA,NA,NA,NA,NA,NA,NA,NA,NA,NA,NA
"CTAGCCTCATAACCTG-b01",4.4388394679767,4.41518585424463,4.38943397276714,4.40129150756695,4.40625801450746,4.42794742730327,4.44718446937475,4.41775334543674,4.54115633613767,4.53604553604957,4.5370744092571,4.54173707685016,4.52434219080504
"CTAGCCTGTAGGGACT-b01",14.8401183336261,15.1970205910746,15.1924336095719,15.2079324185122,15.0711996154282,15.245780249691,15.2236933949296,15.2212016179126,11.2790568472683,11.4731444696709,11.4832862213124,11.5396786430193,11.1951775643419
"CTAGTGAGTCCGCTGA-b01",10.5635536689896,10.5529384590978,10.5482367194224,10.5477589881712,10.5414386838997,10.5575771457589,10.5719246500766,10.565210007302,10.6590411926319,10.733524237841,10.7065870354033,10.7513222088656,10.6601915045691
"CTCAGAACATTCACTT-b01",4.74248189589287,4.72713739301369,4.74810691859921,4.74905117293873,4.72315357287965,4.73600395256668,4.74418810429422,4.7305136544084,4.78632742145386,4.77872869534044,4.77553258943902,4.78600998154902,4.78867470865465
"CTCAGAAGTGAACCTT-b01",NA,NA,NA,NA,NA,NA,NA,45.0698888309318,NA,NA,NA,NA,NA
"CTCATTAAGGTGTGGT-b01",3.01232153099557,3.00760208867313,3.02332687133169,3.02511822306037,3.00504265382367,3.03330110435981,3.02164699926884,3.03043181040909,3.13174101123526,3.12783689102833,3.1284760431478,3.13090003871632,3.13174576698437
"CTCATTACAAGCGTAG-b01",10.4817869812166,10.4811541021358,10.5852728948268,10.471501120322,10.4510323840306,10.5008592763606,10.4752649837732,10.4752732002146,13.1725344385258,10.0175446206678,10.2118657759493,15.091551797022,12.3905446957936
"CTCATTAGTGAGCGAT-b01",NA,NA,NA,NA,NA,50.4807898247166,NA,NA,NA,NA,NA,NA,NA
"CTCGAGGCAAGCGTAG-b01",NA,NA,NA,36.7195991292732,NA,NA,NA,NA,NA,NA,NA,NA,NA
"CTCGAGGTCACCTCGT-b01",51.7156477970524,NA,NA,NA,NA,NA,NA,NA,NA,NA,NA,NA,NA
"CTCGGAGAGCTCAACT-b01",30.7678213565695,27.8926201136396,28.3923137287376,27.6869719527014,26.5730546561933,28.6375811055075,27.9273342040627,28.8728928394192,NA,NA,NA,NA,NA
"CTCGGAGTCACTCCTG-b01",23.009271459735,23.0384802209802,23.1430476168375,23.1156472219516,23.0747416992019,23.0561082446679,23.112379349725,23.0792599473279,NA,NA,NA,NA,NA
"CTCGGGACACGTCAGC-b01",NA,57.615717315526,NA,NA,NA,NA,NA,NA,NA,NA,NA,NA,NA
"CTCGGGATCCCAAGTA-b01",5.44031967194772,5.45054300440109,5.44329336557039,5.44317247945721,5.44296190455585,5.43017825568276,5.43687801770403,5.43629712723257,5.42352198895232,5.43908812551095,5.42932704912144,5.42772029138187,5.4323330609701
"CTCGTACCATGCCACG-b01",NA,NA,17.4436050711218,NA,NA,NA,NA,NA,NA,NA,NA,NA,NA
"CTCGTCACAGCGATCC-b01",12.3075347122302,12.467730198364,12.4508100718817,12.3855429037911,12.6416543045168,12.5118565333962,12.5622390160936,12.4446486016927,10.503669652593,10.7373139493672,10.8137639610582,10.8642475509987,10.6380640335628
"CTCGTCACAGCTTCGG-b01",NA,NA,NA,NA,NA,54.0591019055809,NA,NA,NA,NA,NA,NA,NA
"CTCTACGCAAGAAAGG-b01",11.7851499966412,11.7346869367468,11.8134603162401,11.7419796015935,11.7002140459335,11.7509667844559,11.7610948408693,11.7803722955726,12.9298827056346,13.3669940941851,24.4751932861594,12.8619766756062,13.105418881002
"CTCTGGTAGTTCGCAT-b01",3.92705470149673,3.91245871090251,3.94778415545368,3.94669210604076,3.90450516368404,3.9172248839565,3.93853660730406,3.90862306634938,4.00380294381347,4.00590910221097,3.99793104109539,4.01156370067619,3.99770936558167
"CTCTGGTTCTCAACTT-b01",6.94669744055938,6.96931886611629,6.96590351058166,6.96368935864073,6.99549101812069,6.97978770656379,6.98880005652628,6.91572200613685,6.73336154466866,6.72241177805363,6.67471448935761,6.60337492154735,6.82101075433427
"CTGAAGTTCGGTTAAC-b01",14.7915815300024,14.5986519881326,15.0528026651837,14.8897859593866,14.634482110405,14.7864680873541,14.7634186371099,14.7356563897259,12.7744610460546,12.2084033676603,13.0966907169621,15.0144053357647,12.6082316915234
"CTGATAGCAAAGGCGT-b01",NA,NA,NA,NA,NA,54.059860859819,NA,NA,NA,NA,NA,NA,NA
"CTGCCTACACTGTTAG-b01",23.1335723538009,22.6357651883467,22.7251798053084,22.791668884243,22.952831123652,22.6751661980153,22.6222342585149,22.6212443359758,NA,NA,NA,NA,37.8217326623652
"CTGCCTAGTCCGCTGA-b01",NA,NA,NA,14.6779813989425,NA,NA,NA,NA,NA,NA,NA,14.9641673877164,NA
"CTGCTGTCAGGCTCAC-b01",31.730836370074,31.9225646788481,33.3271188929808,32.6081094886617,32.2336545442975,33.0882171334409,34.2464820509058,32.967242149244,NA,NA,NA,NA,NA
"CTGCTGTGTAAACGCG-b01",16.2302817018335,15.9630772115366,16.5660641655442,16.3709219887357,15.9581016890071,16.1320940233533,16.1613970551061,16.1547907066311,NA,NA,NA,NA,NA
"CTGCTGTTCTGATTCT-b01",NA,NA,NA,NA,39.5652695505467,NA,NA,NA,NA,NA,NA,NA,NA
"CTGTGCTAGACTTTCG-b01",6.1046078941032,6.10393226499471,6.10375156714781,6.10382179544938,6.09262282295798,6.12245119995934,6.0927329551545,6.12644258480032,6.16728993045433,6.15432821822232,6.1698232789446,6.17286071627221,6.11303848385597
"CTGTGCTAGCGGCTTC-b01",NA,52.1624359641087,NA,NA,NA,NA,NA,NA,NA,NA,NA,NA,NA
"CTGTGCTCACGAAATA-b01",7.77648755428374,7.75026426279399,7.77098185747523,7.77308594262156,7.77994968793244,7.76424899531832,7.75744613900382,7.78816979919555,7.78636951677767,7.78428743862649,7.75944904070135,7.55500956952311,7.77471091355219
"CTGTTTAGTAATAGCA-b01",15.4009257691089,NA,NA,NA,NA,NA,NA,NA,NA,NA,NA,NA,NA
"CTTAACTAGTACACCT-b01",13.5914304980796,13.4769531503548,13.756643128626,13.687256805053,13.5659469170893,13.6849802481448,13.5678169887249,13.6445965340193,11.9522794829686,11.6201183282425,11.9771664234604,13.1737753932694,11.8295765237598
"CTTAACTAGTGCGATG-b01",6.38173550350853,6.38142281968978,6.38288138714471,6.38502625276841,6.3750107122817,6.36992962155698,6.37228250361888,6.35012041803113,6.46107507488396,6.47023757167593,6.47850327061018,6.49082451130611,6.3828381558134
"CTTACCGCAGATGGGT-b01",7.8261454993954,7.81044310311851,7.82344719690072,7.81939232356498,7.82711119839193,7.81868513669377,7.81647337695862,7.81790395720808,7.81953571730835,7.75145957562419,7.81585199294821,7.85177201428983,7.7092843577793
"CTTACCGGTTCGAATC-b01",NA,NA,NA,39.9646295634952,NA,NA,NA,NA,NA,NA,NA,NA,NA
"CTTAGGACACGCCAGT-b01",NA,NA,NA,NA,NA,NA,43.031909091922,NA,NA,NA,NA,NA,NA
"CTTAGGACATGTAGTC-b01",NA,NA,NA,NA,62.4077952159642,NA,NA,NA,NA,NA,NA,NA,NA
"CTTAGGATCTGGCGAC-b01",6.56759594191415,6.56644448436828,6.56667831509673,6.56303226647746,6.55921287579946,6.55815468250139,6.55972368515635,6.57593536252822,6.46286213323899,6.48156686983406,6.488525142429,6.49866327659839,6.42504868521612
"CTTCTCTCATCCGCGA-b01",NA,NA,NA,21.7365399040234,NA,NA,NA,NA,NA,NA,NA,NA,NA
"CTTCTCTGTAGAGCTG-b01",NA,NA,NA,NA,NA,NA,NA,56.6608182858098,NA,NA,NA,NA,NA
"CTTCTCTTCCGTCAAA-b01",NA,47.1437007834343,NA,NA,NA,NA,NA,NA,NA,NA,NA,NA,NA
"CTTGGCTTCATTCACT-b01",NA,NA,34.4966078037247,NA,NA,NA,NA,NA,NA,NA,NA,NA,NA
"CTTTGCGAGAAGGGTA-b01",5.29442689101805,5.2990330521477,5.29540347197809,5.29747208285425,5.29694195400673,5.31040074625016,5.29290677296239,5.30629521774396,5.34678871895239,5.37272366837376,5.36694535034706,5.33982505667592,5.3693103667264
"CTTTGCGTCACGACTA-b01",NA,NA,NA,NA,56.0811166525861,NA,NA,NA,NA,NA,NA,NA,NA
"CTTTGCGTCATAACCG-b01",7.71186649244383,7.87444046468001,7.7988358685521,7.80779461661262,7.99257286754906,7.82122572361166,7.8720786791996,7.6674157480401,8.4269605575605,8.5397007398119,8.4215984900434,8.08815023904569,8.37026252825734
"GAAACTCAGACCTAGG-b01",NA,NA,NA,NA,43.8690293545628,NA,NA,NA,NA,NA,NA,NA,NA
"GAAATGAAGGCCCTCA-b01",13.7725622557786,13.5521585114205,13.6068969485367,13.651990199175,13.4924255241058,13.5836905472427,13.5862708430451,13.5818412642639,11.9637487543197,12.4056310249287,12.5854112406777,12.8793926665496,12.2592949951709
"GAACATCAGAGCTTCT-b01",NA,NA,NA,36.108735092449,NA,NA,NA,NA,NA,NA,NA,NA,NA
"GAACATCGTCTAACGT-b01",NA,NA,NA,NA,50.5882755647266,NA,NA,NA,NA,NA,NA,NA,NA
"GAACCTATCCCTGACT-b01",6.33256057765401,6.33018994140612,6.33249494758549,6.33857679524661,6.34520230613406,6.34228866979798,6.33773119104343,6.3508416343236,6.58861666862549,6.61251249117588,6.57452720208445,6.5803239803703,6.69999258823511
"GAACCTATCGCATGAT-b01",NA,NA,NA,15.1018454163876,NA,NA,NA,NA,NA,NA,NA,NA,NA
"GAACCTATCGGATGGA-b01",NA,NA,NA,NA,65.0306514035382,NA,NA,NA,NA,NA,NA,NA,NA
"GAAGCAGCAGATTGCT-b01",8.23291838234264,8.31831583581024,8.29008862594833,8.28928673475825,8.36724569958113,8.2942242656377,8.32504050668192,8.33160211538153,8.9997905219005,9.39008501814215,9.29972439308246,9.61164868548108,9.16351278333061
"GAAGCAGGTTTGGGCC-b01",27.3794550661697,26.8896654571577,27.1181914673842,27.3379491354976,28.4205001234313,27.0708288265144,26.8704962429076,26.7896521726243,NA,NA,NA,NA,NA
"GAATAAGAGAGGTAGA-b01",11.4098395169644,11.3321582328347,11.3902956142384,11.3826344237694,11.374432938943,11.4086589196538,11.4305747213954,11.377423980148,12.7299901354113,12.8391564651951,25.0340740629052,13.0267659918731,12.7828492002793
"GAATGAACAAATTGCC-b01",NA,49.5511179319201,NA,NA,NA,NA,NA,NA,NA,NA,NA,NA,NA
"GACACGCTCATACGGT-b01",NA,NA,NA,48.3381503555843,NA,NA,NA,NA,NA,NA,NA,NA,NA
"GACAGAGCAAGCGTAG-b01",NA,NA,NA,56.5379853650139,NA,NA,NA,NA,NA,NA,NA,NA,NA
"GACAGAGCACGAAACG-b01",NA,NA,18.7608335222531,NA,NA,NA,NA,NA,NA,NA,NA,NA,NA
"GACAGAGGTTCGAATC-b01",33.4499932677823,26.9329287565096,37.021681903079,27.6838810919609,26.1477586146534,37.1019818654757,27.1211208654434,28.8475291485748,NA,NA,NA,NA,NA
"GACAGAGTCGTCTGCT-b01",6.06377607854082,6.06122870756065,6.06271056762967,6.06575949731422,6.05702440669586,6.081294126163,6.08308752968697,6.07405837476344,6.11173526621307,6.15058234470843,6.11898683905746,6.07827541889078,6.1189107588233
"GACCAATAGAGTACCG-b01",NA,NA,NA,NA,52.4690142689857,NA,NA,NA,NA,NA,NA,NA,NA
"GACCAATTCACTGGGC-b01",17.4740350099448,18.2207397986353,18.0427144126607,17.9462420790052,17.9385434832483,46.837595402233,18.1048055976949,46.2277301995752,NA,NA,NA,NA,NA
"GACGTGCGTCCAGTTA-b01",NA,NA,NA,NA,46.7613678866426,NA,NA,NA,NA,NA,NA,NA,NA
"GACGTTACAAATCCGT-b01",10.9239972179121,10.8250394052135,10.9329545152295,10.9131798289024,10.83795677979,10.8473831486254,10.8768448810839,10.9171046001311,18.312270029827,13.7031268288424,11.8410192305735,12.122490278404,12.9201947099758
"GACGTTACAGACAAGC-b01",NA,NA,NA,22.9429014724755,NA,NA,NA,NA,NA,NA,NA,NA,NA
"GACTACAGTGGTCTCG-b01",7.50426775453824,7.50474630301713,7.50790363823073,7.50268021100874,7.49474877225336,7.5020305440841,7.50150362598401,7.49821575643973,7.38549711655795,7.4176233532735,7.41482981582761,7.53060974343944,7.47380124818166
"GACTACATCACGCGGT-b01",18.2440445716248,NA,NA,NA,NA,NA,NA,NA,NA,NA,NA,NA,NA
"GACTACATCAGCGATT-b01",NA,NA,20.3146014070566,NA,NA,NA,NA,NA,NA,NA,NA,NA,NA
"GACTACATCTCCTATA-b01",NA,NA,NA,NA,38.6235492995195,NA,NA,NA,NA,NA,NA,NA,NA
"GACTGCGAGATCCCAT-b01",11.6983643160218,11.6641186489622,11.7496770440818,11.7419796015935,11.5373087227522,11.585692584804,11.6201386096734,11.7355885058703,21.9522149062454,14.5655431824445,15.5829724762254,12.8334896203123,14.1554115844018
"GACTGCGAGGGCTTCC-b01",42.6694290976014,NA,NA,NA,NA,NA,NA,NA,NA,NA,NA,NA,NA
"GACTGCGAGTTAGGTA-b01",21.4863185518669,21.6672347986416,21.8575539090225,21.7019639127735,21.5310490642584,21.7319319689597,21.7672079565124,21.7002324892036,NA,NA,NA,NA,NA
"GACTGCGGTCGCTTCT-b01",NA,NA,NA,42.2306753629444,NA,NA,NA,NA,NA,NA,NA,NA,NA
"GAGCAGAAGCTACCTA-b01",11.190446727999,11.1757169446424,11.2540041739241,11.2811546371735,11.1694825665829,11.2319622489001,11.2117614277416,11.2128546986357,12.6621686765473,10.5308482840587,12.4179330573611,15.7995069904074,11.2796560737465
"GAGCAGAAGGAGCGTT-b01",25.7546381483455,NA,NA,NA,NA,NA,NA,NA,NA,NA,NA,NA,NA
"GAGGTGAAGATGTTAG-b01",34.2217515418286,26.8992474335771,27.2486518235412,28.6514154762169,26.6480715293226,36.2452947672259,27.5523475394403,36.635424051159,NA,NA,NA,NA,NA
"GAGGTGATCGTAGGTT-b01",46.8489868044905,NA,NA,NA,NA,NA,NA,NA,NA,NA,NA,NA,NA
"GATCAGTAGATCCCGC-b01",25.9267795871544,26.1709397146731,26.261141493322,26.2059946582396,25.9843795402071,26.2112549002901,26.1966756946998,26.1081901707567,NA,NA,NA,NA,NA
"GATCAGTGTGACTCAT-b01",42.8884701674801,NA,NA,NA,NA,NA,NA,NA,NA,NA,NA,NA,NA
"GATCGATCAATCAGAA-b01",17.1467826081244,16.9278362574956,17.0049409646798,17.1809753225447,16.9627178349276,16.9803992102638,17.0458670966661,17.0106214008366,NA,NA,NA,NA,NA
"GATCGTACAACTTGAC-b01",14.1887773153415,14.2645046605636,14.290584656034,14.2844020926696,14.3167467629065,14.3351221322245,14.3855231486237,14.3241338265633,13.0102872497337,12.4628928075118,13.1259785903015,12.6923229374005,13.0485709522418
"GATCTAGCACCGAATT-b01",15.7169554416104,15.3730349903971,15.5746365266094,15.6672512400049,15.6145618671014,15.7045072593504,15.6114779396147,15.6688731552397,11.1700287074877,11.4866476334714,11.7064537934953,11.5396786430193,11.1932826567797
"GATGAGGAGACAGACC-b01",NA,NA,20.9524186472528,NA,NA,NA,NA,NA,NA,NA,NA,NA,NA
"GATGAGGTCTACCAGA-b01",9.23280313165908,9.2026362840237,9.24108520186957,9.24089324945929,9.17334497672941,9.22804685758473,9.22439736147695,9.22651452687622,9.5444334891066,9.70701722723498,9.43529960921465,9.80100777368299,9.79392236603385
"GATGCTAGTCGGCATC-b01",5.53536694723925,5.51434556298235,5.53687957364307,5.54117839921399,5.53695336985112,5.52943581330114,5.53281158341621,5.52076083539571,5.67035965538561,5.69711062219059,5.67332220035462,5.65558974823059,5.69449175470604
"GATTCAGCACGAGGTA-b01",6.03752928768815,6.03756361384547,6.03683799387719,6.03741217037147,6.03695230254649,6.06972253508803,6.07414387178617,6.0572345622218,6.11892484244425,6.09561362295503,6.11248713673183,6.14648180130326,6.11303848385597
"GCAAACTAGTAGCCGA-b01",40.3067600063283,NA,NA,NA,NA,NA,NA,NA,NA,NA,NA,NA,NA
"GCAAACTGTGGAAAGA-b01",21.3017367384934,21.0800679346977,21.2746815504347,21.3959208140158,21.4269007544758,21.1525690455776,21.0632912322639,21.2212189559311,NA,NA,NA,NA,NA
"GCAAACTGTTGTACAC-b01",NA,NA,NA,57.7951844663772,NA,NA,NA,NA,NA,NA,NA,NA,NA
"GCAATCATCCCTCAGT-b01",17.0986712943431,16.8836029135472,16.9866052271369,17.0788388008669,16.8937548641417,16.9297006804593,16.9986128166403,16.9678285589702,NA,NA,NA,NA,NA
"GCACATAAGCCCAATT-b01",NA,NA,NA,36.2635294696127,NA,NA,NA,NA,NA,NA,NA,NA,NA
"GCACATACACCAGTTA-b01",NA,54.9243401276982,NA,NA,NA,NA,NA,NA,NA,NA,NA,NA,NA
"GCACTCTTCCCGGATG-b01",16.3440958700753,15.7809072408627,16.0483620390734,16.0910199048592,15.7791120350625,15.9469119320983,15.8433854156588,15.8865635104746,NA,NA,NA,NA,NA
"GCAGCCAAGAAGGACA-b01",51.6259436407552,NA,NA,NA,NA,NA,NA,NA,NA,NA,NA,NA,NA
"GCAGCCAGTTCCGTCT-b01",NA,NA,NA,NA,NA,48.6047393857639,NA,NA,NA,NA,NA,NA,NA
"GCAGCCATCAGCGATT-b01",16.7426101241826,16.7630489204896,16.7495474415067,16.9333958882787,16.8184175721888,16.8534854159005,16.8819062210773,16.8383029985639,11.3935363312819,11.5675763745407,11.7064537934953,11.5396786430193,11.4590200663577
"GCAGTTACAAGAGGCT-b01",NA,NA,NA,NA,25.7773323500471,NA,NA,NA,NA,NA,NA,NA,39.9241227112141
"GCAGTTACATGAGCGA-b01",19.0401333127806,18.7829533416767,19.1998560643854,18.9703118301597,18.6045879287298,18.85968055101,18.8273473404127,18.8342815453224,NA,NA,NA,NA,NA
"GCATACAAGGTAAACT-b01",13.1913730744971,13.3302952753315,13.2999481593007,13.3308971514722,13.327398652684,13.3253444769283,13.4068428012246,13.304553243298,10.9497813699091,11.1389847153159,11.2601559139988,11.343360084764,11.0247241069428
"GCATGATAGTTGTAGA-b01",21.6012742710036,NA,NA,NA,NA,NA,NA,NA,NA,NA,NA,NA,NA
"GCATGATGTTTGACTG-b01",10.3355345427857,10.3729923867908,10.3606824079815,10.407096619851,10.32361071809,10.4036689449938,10.3676628241025,10.3807742462876,10.4011827232844,11.7101997576823,11.1775260240663,11.5760396383487,11.0995857044606
"GCATGTACACCCATGG-b01",NA,NA,39.6681816299895,NA,NA,NA,NA,38.7188590686965,NA,NA,NA,NA,NA
"GCCAAATCATGGATGG-b01",11.6325239921455,11.5458219056002,11.6234511259699,11.6615578664186,11.4896415516283,11.585692584804,11.5552016759515,11.5975603317633,12.0747361557751,11.8222346679376,12.4956924358131,12.3949331489177,12.0376398207022
"GCCTCTAAGCGTAATA-b01",NA,NA,NA,NA,49.5586961748014,NA,NA,NA,NA,NA,NA,NA,NA
"GCCTCTACATGGTAGG-b01",NA,NA,NA,NA,38.3026479545551,NA,NA,NA,NA,NA,NA,NA,NA
"GCGACCAGTAGCTTGT-b01",4.99904799903215,5.0251534558649,5.00542807519507,5.00908353732586,5.0096252990532,4.98714803814584,4.9976956817256,5.03561575369339,5.17250803777582,5.16463844315959,5.1541151031974,5.16756766968488,5.19376430022581
"GCGAGAACAAGCCGCT-b01",19.2524330607655,19.4824757419713,19.5050987610389,19.7060446709738,19.3953691135475,46.6893099077336,19.4416275001707,45.8525573714602,NA,NA,NA,NA,NA
"GCGAGAACACCAGATT-b01",NA,NA,NA,NA,28.9586518485597,NA,NA,NA,NA,NA,NA,NA,NA
"GCGAGAATCTGTTTGT-b01",7.57600050319821,7.52198977913901,7.50873483015502,7.51103176125196,7.57108355314596,7.52496783289752,7.5364632186389,7.55295192545443,7.6988887067934,7.6734651071846,7.6974853035995,7.51700387534032,7.65109992136602
"GCGCAGTTCCGCTGTT-b01",46.5957650426962,NA,NA,NA,NA,NA,NA,NA,NA,NA,NA,NA,NA
"GCTCCTAAGCCGGTAA-b01",7.96353899197517,7.93472755837308,7.92747285732838,7.93603198698775,7.95724552925361,7.93322725473558,7.94172822007218,7.94881747978676,8.1710992727956,8.2739649446297,8.23557783178205,8.22464356411289,8.21286527390057
"GCTCCTATCTCCTATA-b01",46.477508231122,NA,NA,NA,NA,NA,NA,NA,NA,NA,NA,NA,NA
"GCTCTGTTCCAACCAA-b01",NA,NA,NA,NA,NA,43.2083908534736,NA,NA,NA,NA,NA,NA,NA
"GCTGCAGCAGCGATCC-b01",6.68281021644126,6.67996443016259,6.6806619962721,6.68131818170455,6.6775495646785,6.67561803978596,6.67622483569004,6.66720425796719,6.68801445294557,6.69293346439929,6.67588765454946,6.69762730101123,6.67069190701187
"GCTGCGACACGGCCAT-b01",14.8225445546454,15.6318145831299,15.1618598198609,15.4495767655823,15.5221282535282,15.469485631008,15.6329756598166,15.5404299954892,11.1700287074877,11.3440384167197,11.4832862213124,11.5396786430193,11.1984385608076
"GCTGCTTTCACTATTC-b01",NA,NA,NA,NA,61.6849282714071,NA,NA,NA,NA,NA,NA,NA,NA
"GCTGGGTAGGTGACCA-b01",33.1395276773208,32.8601863787731,34.1915378537987,31.631930658526,30.738458050457,35.4539904735751,33.1971215675459,33.8541527519626,NA,NA,NA,NA,NA
"GCTTCCAAGGGATACC-b01",NA,NA,NA,NA,37.7757942115974,NA,NA,NA,NA,NA,NA,NA,NA
"GCTTGAAAGTCTCCTC-b01",24.7375779458546,24.8868237853143,25.0216433497496,24.9785053139317,24.9915080491149,24.9039153274445,24.9775248169481,24.8383460981343,NA,NA,NA,NA,NA
"GCTTGAACACGGACAA-b01",12.9913734176247,12.8969194134944,13.0080165026987,12.9935733550583,12.8788530305169,12.9665992325806,12.9440990875823,12.997131195819,24.9342582194505,13.8368537042647,14.1808717741602,12.8793926665496,13.5479287114727
"GCTTGAACACTTAAGC-b01",17.7601213343925,17.5620363440806,18.0190916902253,17.7969996261329,17.4382653544939,17.6481723901429,17.6145891425267,17.6026671283559,NA,NA,NA,NA,NA
"GCTTGAAGTAATCACC-b01",47.002739893981,NA,NA,NA,NA,NA,NA,NA,NA,NA,NA,NA,NA
"GCTTGAAGTTCGGGCT-b01",27.3331639148285,26.1429413267441,26.3248487630975,26.1437608767325,25.6679961662453,27.3480707135499,25.859250138974,26.008481909263,NA,NA,NA,NA,NA
"GGAAAGCGTCATGCCG-b01",9.45751580379599,9.44121765546344,9.45237512151656,9.4674144359991,9.43455811113098,9.45823963244656,9.43970088971554,9.43842648562573,9.61466815138241,9.76170162529475,9.8107272110633,9.85275288185452,9.65096162963797
"GGAAAGCTCATAAAGG-b01",NA,NA,NA,NA,NA,NA,NA,NA,23.7525978641344,14.5246379733421,15.4268057103048,NA,NA
"GGAACTTAGAAGCCCA-b01",15.8873039565984,15.6315489312349,15.785093481654,15.7181253571086,15.8498690733456,15.80544645667,15.7612526509431,15.7802093706191,11.4080053259306,11.2208386916691,11.7064537934953,11.2816851951902,11.2288391235735
"GGAACTTAGATGGGTC-b01",9.18082167865855,9.13067505968828,9.18392159110044,9.16747754209702,9.15897183720779,9.17027829423866,9.15637846208674,9.15579333389483,9.21401461273269,8.95772333952224,9.03220022045925,8.90599990785338,8.98351369224108
"GGAACTTAGGTAGCTG-b01",11.4098395169644,11.2788786693485,11.3902956142384,11.3270262007734,11.3601971051352,11.3636068581197,11.3919357004968,11.377423980148,11.0628671228113,12.2382205449965,11.5223628686213,11.9266651060406,11.6759325493691
"GGAATAACATGAGCGA-b01",20.9084636911824,20.5286903535733,20.6996145615604,20.551439039109,20.4574905311735,20.6452297391729,20.6364979754754,20.5964006201824,NA,NA,NA,NA,NA
"GGAATAATCTTAGCCC-b01",NA,NA,NA,NA,48.6311016130145,NA,NA,NA,NA,NA,NA,NA,NA
"GGACAAGTCCCTCTTT-b01",25.5531698314919,NA,NA,NA,NA,NA,NA,NA,NA,NA,NA,NA,NA
"GGACATTAGCGGATCA-b01",NA,NA,NA,NA,52.6913137248005,NA,NA,NA,NA,NA,NA,NA,NA
"GGACATTTCGATGAGG-b01",NA,NA,19.3347913023588,NA,NA,NA,NA,NA,NA,NA,NA,NA,NA
"GGACGTCAGTCCTCCT-b01",NA,NA,NA,NA,51.9309875460996,NA,NA,NA,NA,NA,NA,NA,NA
"GGACGTCTCATGTCTT-b01",28.8521859806984,29.8163621136774,29.3240809870956,28.9311316539098,28.5762545577594,29.1110954944456,28.9747083617538,28.7429696360145,NA,NA,NA,NA,NA
"GGACGTCTCCACGTTC-b01",6.98533929965177,6.96126917021439,6.97121817052435,6.96970365734765,6.92215963045577,6.94832823648098,6.94096884360276,7.00433373894353,6.91476652348665,6.92605558645705,6.9583035341505,6.9439816733304,6.90987425485987
"GGAGCAAGTACCGAGA-b01",NA,NA,NA,NA,39.4546374407913,NA,NA,NA,NA,NA,NA,NA,NA
"GGCAATTCAATAGAGT-b01",11.3538102719144,11.3810100680815,11.3734308074628,11.3586886989293,11.3864937526821,11.3804049975905,11.3918876196464,11.377423980148,10.5498675776786,11.8398352115436,11.2601559139988,11.7350387472545,11.2016464045785
"GGCCGATCAGGGCATA-b01",NA,NA,17.8158423180837,NA,NA,NA,NA,NA,NA,NA,NA,NA,NA
"GGCGACTTCCCTCTTT-b01",29.1934748784211,28.2287946394157,28.7371982283752,28.1458606116651,27.628931332655,28.7289153694828,28.478368347687,28.901869484526,NA,NA,NA,NA,NA
"GGCGACTTCTATCCTA-b01",NA,NA,NA,NA,47.6284587112337,NA,NA,NA,NA,NA,NA,NA,NA
"GGCGACTTCTTGCCGT-b01",44.3241705435242,NA,NA,NA,NA,NA,NA,NA,NA,NA,NA,NA,NA
"GGCGTGTGTCAGATAA-b01",NA,NA,NA,NA,NA,NA,NA,52.6272055444089,NA,NA,NA,NA,NA
"GGCGTGTTCAAAGTAG-b01",26.5983147866476,26.7220952453319,26.8484060788428,26.7728744018566,27.0765947551604,26.7010641468244,26.8104328776319,26.5493241214411,NA,NA,NA,NA,NA
"GGCTCGATCATCATTC-b01",NA,50.1419685329261,NA,NA,NA,NA,NA,NA,NA,NA,NA,NA,NA
"GGCTCGATCGAACGGA-b01",NA,NA,NA,36.8751952186823,34.5812978702982,37.0124135263847,40.5849593301234,36.9795463857792,NA,NA,NA,NA,NA
"GGCTCGATCTTCGAGA-b01",NA,NA,NA,NA,64.0202245928765,NA,NA,NA,NA,NA,NA,NA,NA
"GGGAATGAGCTGCGAA-b01",12.7744770151413,12.9488980901119,12.9494627806247,12.8795332078399,13.061284235319,12.9540166940668,13.0010075005183,12.9305656709958,10.9475365806511,11.7660320348065,11.4832862213124,11.7350387472545,11.4590200663577
"GGGACCTGTACAAGTA-b01",10.634323731853,10.7472242921925,10.6986211566518,10.76134655614,10.6324312566273,10.7968441811069,10.6663079605684,10.7146484113601,21.5280717343958,12.5411636318257,11.6567886204272,12.122490278404,11.8824321807971
"GGGACCTTCATGTAGC-b01",NA,NA,NA,14.8879373041891,NA,NA,NA,NA,NA,NA,NA,14.5739140291883,NA
"GGGAGATGTTATCCGA-b01",4.65847963284373,4.65406156200596,4.6628487520771,4.66390882963297,4.66981643578239,4.65395729113855,4.66011092339927,4.6558829402967,4.70549495845761,4.70146048056881,4.69608693180143,4.70302787277413,4.71015589464141
"GGGATGAGTTCGAATC-b01",12.1502370464721,12.1673912288066,12.236950831142,12.1818471661223,12.0834969531636,12.1620214769083,12.1852963279623,12.1845896468424,11.7311668698366,11.5675763745407,11.8503267928635,11.7350387472545,11.669721299008
"GGGATGATCTACTTAC-b01",NA,NA,56.0580860737618,NA,NA,NA,NA,NA,NA,NA,NA,NA,NA
"GGGCACTTCAGCTTAG-b01",NA,NA,NA,NA,NA,NA,NA,19.4253272262184,NA,NA,NA,NA,NA
"GGGCATCGTTGTCTTT-b01",5.83505969478287,5.84881358631115,5.83659763533166,5.8373524472122,5.82367639486427,5.80500616540203,5.81789471361147,5.82735003468363,5.92851423415475,5.8950149606772,5.92091594086085,5.96819576409334,5.84781058011602
"GGGCATCTCTGTGCAA-b01",50.3950037533193,NA,NA,NA,NA,NA,NA,NA,NA,NA,NA,NA,NA
"GGTGAAGCACCCATGG-b01",NA,NA,NA,NA,NA,NA,NA,NA,25.8385227353057,NA,NA,NA,NA
"GGTGCGTTCCATGCTC-b01",4.95742977921498,4.9622347180353,4.95839036971637,4.9610735966799,4.9593548383788,4.96827502560311,4.9573670766997,4.96727053669886,5.05134233987705,5.05453332604153,5.04592445146748,5.04691720513585,5.06098226116179
"GGTGTTACATAGGATA-b01",NA,NA,26.2311148340987,NA,NA,NA,NA,NA,NA,NA,NA,NA,NA
"GTAACGTAGCAGCCTC-b01",5.08843999786485,5.08338430363716,5.09318118767976,5.09522622745117,5.09560401915935,5.08102650349831,5.08813444168921,5.07364462664676,5.18449521539769,5.17230247348124,5.16956326470308,5.1887842161102,5.1907292830633
"GTAACGTGTATCTGCA-b01",26.8051303887823,26.5337210083151,26.879412000844,27.2635006075122,26.8802073020099,26.4419168549627,26.8179811571718,26.6482613909036,NA,NA,NA,NA,NA
"GTAACTGGTCCAGTGC-b01",5.04248796723091,5.05449475950951,5.04541887753301,5.04562614539356,5.04744553335188,5.03635457147387,5.04185746598144,5.04581861484011,5.05733661353483,5.05635837188331,5.05496035346159,5.05089187784408,5.0542138346817
"GTACGTACAAGTACCT-b01",4.48949107471082,4.49354471271301,4.47343240105608,4.47231642287359,4.48648070006266,4.49894907840898,4.46618298335909,4.49170395067126,4.49564876365161,4.4955658109741,4.49432439964743,4.49494326661048,4.51480098210136
"GTACTTTAGGCTATCT-b01",40.6715642510278,NA,NA,NA,NA,NA,NA,NA,NA,NA,NA,NA,NA
"GTAGGCCGTCTAGCCG-b01",NA,NA,NA,NA,49.664676686749,NA,NA,NA,NA,NA,NA,NA,NA
"GTAGTCAAGAATGTGT-b01",NA,NA,NA,NA,NA,NA,NA,44.354047149122,NA,NA,NA,NA,NA
"GTAGTCACATTTCAGG-b01",6.22217821450798,6.2224985285829,6.22120375173804,6.2199586151641,6.21681694533103,6.21153045450154,6.21379300634023,6.21900148841952,6.22920866290189,6.21974368675516,6.22396893541466,6.24867434547566,6.17593833254952
"GTAGTCATCTGAGGGA-b01",NA,NA,NA,NA,43.3449224458187,NA,NA,NA,NA,NA,NA,NA,NA
"GTATCTTAGGGAAACA-b01",NA,NA,NA,27.2188580058766,28.4382164805748,NA,NA,NA,NA,NA,NA,NA,NA
"GTATCTTGTGAAAGAG-b01",NA,NA,NA,23.529930825264,NA,NA,NA,NA,NA,NA,NA,NA,NA
"GTATTCTTCCAGGGCT-b01",NA,NA,NA,NA,NA,49.7673417215482,NA,NA,NA,NA,NA,NA,NA
"GTATTCTTCGGCGCTA-b01",NA,NA,NA,NA,53.813143472675,NA,NA,NA,NA,NA,NA,NA,NA
"GTCAAGTTCTTGAGAC-b01",NA,NA,NA,NA,NA,NA,NA,54.243229181824,NA,NA,NA,NA,NA
"GTCACAAAGCACACAG-b01",6.03754074966492,6.03769867123474,6.03568383900839,6.03488409424263,6.03695230254649,6.08500231852546,6.08308752968697,6.06571447710071,6.07881010217612,6.0895387758243,6.08159209025173,6.1227826968339,6.07896842611818
"GTCACAATCGCGTTTC-b01",7.08529042243316,7.11707221374623,7.10265860895721,7.09602879541589,7.14455404160066,7.12245986348684,7.1322532918742,7.15039821611532,6.86694613008835,6.89161572746027,6.8615073073381,6.89954239742589,7.03117279097705
"GTCACGGGTAGCGATG-b01",NA,NA,NA,NA,46.19487027613,NA,NA,NA,NA,NA,NA,NA,NA
"GTCATTTGTACCGTTA-b01",5.65247519211922,5.65433828492201,5.65239501352132,5.65339653738484,5.65245228669408,5.66542729073968,5.66863523829505,5.66029350219681,5.68739119541925,5.68988309233923,5.686185615699,5.68917926948767,5.6860850754845
"GTCCTCACACAAGCCC-b01",7.23707336791074,7.25557409780283,7.2369103098586,7.23086861179387,7.24939113683343,7.25214492722742,7.25030495485457,7.24516854257226,7.22327410047054,7.21477291425914,7.20938350151686,7.1890518551272,7.17034843855018
"GTCCTCAGTAAGGGCT-b01",NA,53.9115051599118,NA,NA,NA,NA,NA,NA,NA,NA,NA,NA,NA
"GTCGTAAGTCTAAACC-b01",NA,NA,NA,NA,NA,NA,53.6487229774452,NA,NA,NA,NA,NA,NA
"GTCTCGTCAGACGCCT-b01",15.9955977770877,15.7769079516797,16.0260517221874,15.9851653999155,15.9512940763354,16.0163681057694,16.0328890715316,16.0285822460628,12.2951177768298,12.2382205449965,12.7386567753279,12.122490278404,12.4175639235382
"GTCTCGTTCGAGAACG-b01",8.5347232816938,8.52305196348554,8.57181821489831,8.55936286509847,8.57659793419949,8.56002782038999,8.5203391085621,8.52753962897893,8.58328128569655,8.5537311844878,8.57006161259923,8.56324371873909,8.43376091752953
"GTCTTCGCAAGGCTCC-b01",NA,NA,NA,NA,NA,NA,46.5707553677676,NA,NA,NA,NA,NA,NA
"GTCTTCGTCTATCGCC-b01",NA,38.2318888130365,NA,NA,NA,NA,NA,NA,NA,NA,NA,NA,NA
"GTGAAGGAGCTAAGAT-b01",12.1979976514534,12.1927440217689,12.2382606359813,12.1915576286308,12.1611188992672,12.2174164270923,12.2395273359435,12.1845896468424,11.7373316866323,11.5675763745407,11.9297917461,11.5396786430193,11.7249931034913
"GTGAAGGTCAGTTGAC-b01",19.9295515843708,19.7266872762392,20.0770401376741,19.9970629529839,19.5553226571561,19.7616708149432,19.7983921352025,19.7333518276614,NA,NA,NA,NA,NA
"GTGAAGGTCCTACAGA-b01",18.9192854866599,NA,NA,NA,NA,NA,NA,NA,NA,NA,NA,NA,NA
"GTGCAGCAGAATTCCC-b01",NA,22.7399470512298,NA,NA,NA,NA,NA,NA,NA,NA,NA,NA,NA
"GTGCATACAAGTCATC-b01",17.4268382404138,NA,16.996080502039,16.9168148704345,NA,NA,NA,NA,NA,NA,NA,NA,NA
"GTGCATATCTTGTATC-b01",11.6932869399337,11.6316461754211,11.6876800271289,11.7316950870842,11.5561742195137,11.608548046938,11.6257247760974,11.7009952800941,14.4838140377044,14.4210601204935,14.9439783484302,16.6472235854093,14.4558442429774
"GTGCGGTAGCGTAATA-b01",NA,NA,NA,NA,NA,NA,NA,47.0961475592125,NA,NA,NA,NA,NA
"GTGCGGTTCTGTACGA-b01",NA,NA,NA,NA,NA,NA,NA,49.9132264334551,NA,NA,NA,NA,NA
"GTGCTTCAGCGCTTAT-b01",21.7317952866404,21.7870782080201,21.9304240868168,22.0341061554799,21.6143904008412,21.9299364926208,21.7939133809411,21.7678499133238,NA,NA,NA,NA,NA
"GTGGGTCTCGGCGGTT-b01",13.211651599137,13.1164439776915,13.2105950553437,13.2639393497309,13.1269865749983,13.1762482667784,13.2256918393945,13.1813368132563,11.8133222778281,12.4628928075118,12.6017930816629,12.4881185839855,12.2592949951709
"GTGTGCGAGTGTTAGA-b01",5.66292309981641,5.66707933243696,5.66246876900115,5.66572155822994,5.66009576225062,5.69792667028431,5.67300596832784,5.68552706876417,5.80353136118905,5.81407108622106,5.81298192228183,5.81762735832113,5.81749739721611
"GTGTTAGCACCTATCC-b01",NA,NA,NA,NA,NA,NA,44.5825040378479,NA,NA,NA,NA,NA,NA
"GTGTTAGCACGCCAGT-b01",NA,NA,NA,NA,NA,52.0235780223977,NA,NA,NA,NA,NA,NA,NA
"GTGTTAGCATACCATG-b01",8.63926957342445,8.70811360416041,8.68247668187074,8.67756503938905,8.65949219635088,8.670842755292,8.69595313156722,8.69680536758916,8.81973458208801,8.75515396789534,8.75684923873916,8.45316430004459,8.67008548901717
"GTTAAGCCAAGCCATT-b01",19.6066642946965,NA,NA,NA,NA,NA,NA,NA,NA,NA,NA,NA,NA
"GTTCATTGTCTCCACT-b01",NA,NA,NA,NA,NA,NA,50.7679186054383,NA,NA,NA,NA,NA,NA
"GTTCTCGGTCCAGTGC-b01",47.5487922121656,NA,NA,NA,NA,NA,NA,NA,NA,NA,NA,NA,NA
"GTTCTCGTCTCGATGA-b01",20.5588598948415,20.8500168624597,20.8517841699623,20.8423365561272,20.6796658743093,20.832901100777,20.8285530700859,20.8005782773124,NA,NA,NA,NA,NA
"TAAGAGAGTCCTCTTG-b01",8.92372688002768,8.92150167245229,8.90396872463317,8.91126591828904,8.87352856403239,8.91691364493474,8.95109769516853,8.94745599516228,19.7255563725955,13.6954802993907,9.28763629386714,10.0913255195447,9.97561788794349
"TAAGAGATCGATCCCT-b01",13.4569488352388,13.4960210596772,13.4145480727569,13.5112413977138,13.5692280143755,13.5188008153405,13.5915032216596,13.567064286364,11.1700287074877,11.1888860405827,11.4832862213124,11.343360084764,11.1932826567797
"TAAGCGTAGCGAAGGG-b01",10.3822879121716,10.2746445572137,10.3440473293285,10.3264947031614,10.373336231904,10.3005051782964,10.3992201101664,10.3540346843327,9.85357186102498,9.90214607767324,10.0206500432955,9.95821169135916,9.70439020461198
"TAAGCGTTCAGAGACG-b01",NA,NA,NA,37.2601230435153,NA,NA,NA,NA,NA,NA,NA,NA,NA
"TAAGTGCCATACGCCG-b01",NA,NA,NA,NA,40.0017725543558,NA,NA,NA,NA,NA,NA,NA,NA
"TAAGTGCGTAACGACG-b01",11.1890920451174,11.2431297701071,11.2788092038795,11.3270262007734,11.0942927346086,11.190811296948,11.1577977620863,11.2578159861822,20.8496151203772,14.9185318906193,19.2495064431999,13.0654313964554,14.4264511588
"TAAGTGCTCATTTGGG-b01",7.96913951124555,7.94263634614927,7.91376802825261,7.91412454589177,7.99235457301446,7.91720153588296,7.9367457582895,7.94927165489618,7.90255735150183,7.83347598624984,7.84385957344811,7.71393183117819,7.69712251051605
"TAAGTGCTCGTAGGAG-b01",23.0668923630645,NA,NA,NA,NA,NA,NA,NA,NA,NA,NA,NA,NA
"TACACGACAGACGCAA-b01",NA,NA,15.6919262214263,NA,NA,NA,NA,NA,NA,NA,NA,NA,NA
"TACAGTGTCGAGCCCA-b01",NA,NA,NA,58.6540805454278,NA,NA,NA,NA,NA,NA,NA,NA,NA
"TACCTATCAATCAGAA-b01",23.2986249935304,22.4344928323473,22.6245560313603,22.6550597129884,22.0741302914013,22.4094239954677,22.3467762887522,22.4329219410852,NA,NA,NA,NA,NA
"TACCTATGTAGAAGGA-b01",NA,NA,NA,44.7069989775357,NA,NA,NA,NA,NA,NA,NA,NA,NA
"TACCTATGTTATGTGC-b01",13.8991751492656,13.7687893250761,13.9237219370038,13.8770277053625,13.8344831805688,13.9408919109622,13.8867289975995,13.8153078340837,14.6477231701634,21.2737312236408,15.3102328618026,18.3955030550689,15.3484004582132
"TACCTATTCACCTTAT-b01",NA,NA,37.8202999121098,NA,NA,NA,NA,NA,NA,NA,NA,NA,NA
"TACGGGCGTACAGCAG-b01",NA,NA,NA,NA,NA,NA,NA,46.5323733216,NA,NA,NA,NA,NA
"TACGGTAGTAAGCACG-b01",21.5849107215501,20.9410510600452,21.0143736609506,21.1905834725311,20.6425679178468,20.9256511486874,20.9139170971358,20.9215650292147,NA,NA,NA,NA,NA
"TACGGTATCCTAAGTG-b01",10.8730567569117,11.0630049694796,11.0181521051854,10.9645302955417,11.0897326494966,10.9803380027065,10.9999254627411,11.0183505208822,10.2818284848614,10.4432823333105,10.4974985413443,10.5532918136225,10.272227380117
"TACTCATGTTGCGCAC-b01",NA,NA,NA,NA,NA,NA,46.5397943731051,NA,NA,NA,NA,NA,NA
"TACTCGCGTAAGGGAA-b01",26.5921700883697,26.44733683986,26.3573117860114,26.06346200935,25.7287776386101,26.2192718791675,26.0755866509231,26.0771771714903,NA,NA,NA,NA,NA
"TACTCGCGTCCAAGTT-b01",NA,NA,NA,NA,NA,49.1422858791377,NA,NA,NA,NA,NA,NA,NA
"TACTCGCTCTACCAGA-b01",NA,NA,NA,NA,NA,NA,NA,NA,24.5619867976435,NA,NA,NA,NA
"TACTTACTCATCGGAT-b01",11.7774597672488,11.7346869367468,11.8134603162401,11.7419796015935,11.6749959889991,11.7233875029405,11.7451459633187,11.7803722955726,21.3057241450592,14.9929920852851,17.7318843629901,13.0654313964554,14.5099958929269
"TACTTGTGTGATAAGT-b01",NA,NA,NA,NA,62.0297083165595,NA,NA,NA,NA,NA,NA,NA,NA
"TAGACCAGTCTGATCA-b01",NA,NA,NA,NA,57.2012076974928,NA,NA,NA,NA,NA,NA,NA,NA
"TAGACCATCCACGTTC-b01",16.0203418442244,15.7233707811744,16.202820735934,15.9523814368045,15.6726434515826,15.8453556482083,15.8433854156588,15.8743298772382,NA,NA,NA,14.4808068006446,NA
"TAGAGCTAGTGAAGAG-b01",11.7338682248943,11.6905328043952,11.8535373739466,11.8413267784735,11.796280372602,11.776086690212,11.781511185015,11.8269093721258,10.6754535472908,11.1199028392005,11.0370160771753,11.1464043189768,10.8072540827576
"TAGAGCTGTCGGCTCA-b01",NA,NA,NA,NA,54.3178949934811,NA,NA,NA,NA,NA,NA,NA,NA
"TAGAGCTTCCAACCAA-b01",32.500300446848,32.4152586633339,33.9762651352544,33.1053576543229,32.3877728045604,34.1966432756426,34.1263889253474,33.7617503772308,NA,NA,NA,NA,NA
"TAGCCGGTCAAACCGT-b01",NA,NA,NA,18.8321898819095,NA,NA,NA,NA,NA,NA,NA,NA,NA
"TAGGCATAGGCACATG-b01",5.03894631423009,5.05758841213437,5.04406472792269,5.04493783466749,5.04604831350689,5.03012046076981,5.03847114849499,5.04581861484011,5.09568527498429,5.10663329108542,5.0998770556854,5.08792541393855,5.08246932401143
"TAGGCATGTAGCGTGA-b01",NA,NA,NA,24.3215855874493,NA,NA,NA,NA,NA,NA,NA,NA,NA
"TAGGCATGTCCAAGTT-b01",16.7297771400789,16.1002302526981,16.3903525511411,16.378852153541,NA,16.2756055545555,16.2845000517738,16.3028263376746,NA,NA,NA,NA,NA
"TAGTGGTGTTACTGAC-b01",NA,NA,NA,16.266138917644,NA,NA,NA,NA,NA,NA,NA,NA,NA
"TAGTTGGGTCACTTCC-b01",5.12906055138098,5.09324202843683,5.13593593569947,5.13581764061104,5.13840625691634,5.11787244490024,5.12862227728766,5.10814116551827,5.17025293929569,5.16463844315959,5.16146528743106,5.18325696690871,5.1574198419449
"TAGTTGGTCCTAGTGA-b01",10.2358697899666,10.2829579637927,10.2507861852256,10.2823008531198,10.214317974313,10.2951016813791,10.2492351248535,10.2578459260751,10.3439710366905,11.3440384167197,11.0370160771753,11.343360084764,10.9270470784959
"TATCAGGAGTACGTTC-b01",NA,NA,NA,NA,NA,51.7453682431029,NA,NA,NA,NA,NA,NA,NA
"TATCAGGTCACTGGGC-b01",NA,NA,NA,NA,50.1378067766098,NA,NA,NA,NA,NA,NA,NA,NA
"TATCTCAGTAAGTTCC-b01",18.2807333085562,17.8210811521702,17.9352857845769,18.0312220615543,17.7508903900834,17.8584767463934,17.8616429532515,17.8779406638624,NA,NA,NA,NA,NA
"TATCTCATCGGCGCTA-b01",16.9180910204483,16.1098655652268,16.5133882502951,16.4297497125071,16.1623315946119,16.3281677931367,16.2846306646811,16.3048258510196,NA,NA,NA,NA,NA
"TATTACCGTGACTCAT-b01",6.35768692798738,6.35490970460828,6.352893000608,6.35597812187522,6.34164395468767,6.3405777210879,6.34217826673911,6.32205764791269,6.46107507488396,6.47867300468885,6.48970525180716,6.50933563404176,6.44362521344708
"TCAACGAAGCAACGGT-b01",NA,NA,NA,20.2045059218643,NA,NA,NA,NA,NA,NA,NA,NA,NA
"TCAACGATCGTATCAG-b01",44.4624833708409,NA,NA,NA,NA,NA,NA,NA,NA,NA,NA,NA,NA
"TCAATCTCAGCCAGAA-b01",NA,NA,NA,NA,NA,47.3910663964559,NA,NA,NA,NA,NA,NA,NA
"TCACAAGAGGGCTCTC-b01",13.124299860167,13.4753642162333,13.2704197876853,13.2827640920231,13.293787359682,13.3610832214076,13.4435519486545,13.3039805965471,10.7254692518937,10.8950308747618,10.8854051973501,10.9490294164607,10.6601915045691
"TCACAAGCACGTGAGA-b01",NA,NA,23.4457037956155,NA,NA,NA,NA,NA,NA,NA,NA,NA,NA
"TCACAAGTCACTGGGC-b01",NA,42.158858329206,NA,NA,NA,NA,NA,NA,NA,NA,NA,NA,NA
"TCACAAGTCGCAGGCT-b01",6.0695481580783,6.070287910973,6.06794662362156,6.0672814568929,6.05577061924981,6.11374845049177,6.08308752968697,6.0961405846208,6.12386389614748,6.09143496372982,6.12116417326109,6.1644888789858,6.09521154706379
"TCACGAAAGGGCATGT-b01",28.8460470698631,27.2980117898018,27.9262569114497,27.788337805173,27.0865937915008,27.7202868399059,27.7516810908355,27.9052316015427,NA,NA,NA,NA,NA
"TCACGAATCGTCTGAA-b01",11.4098395169644,11.4764156194465,11.4798847015516,11.4621438730309,11.4687383462542,11.5295671145096,11.5136619286706,11.4462260091766,13.6545738677663,13.5334976764798,25.1453631429987,13.3210075691282,13.4617188252793
"TCAGCAACAGGTGCCT-b01",25.1219777831326,NA,NA,NA,NA,NA,NA,NA,NA,NA,NA,NA,NA
"TCAGCAACATCCAACA-b01",11.1210504521357,11.1303352757571,11.1768854566102,11.2313585755755,11.0046011102656,11.190811296948,11.089391140778,11.1695559173703,20.9434049316487,15.1900785592678,18.1764745003393,13.0654313964554,14.6969288135898
"TCAGCAAGTCCATCCT-b01",42.6694290976014,NA,NA,NA,NA,NA,NA,NA,NA,NA,NA,NA,NA
"TCAGCTCCAAGAGGCT-b01",16.3356899640874,16.0942081320275,16.2537204986346,16.3128772077707,16.3233369879438,16.3174232537582,16.2569369813219,16.3374176921499,11.6427405105124,11.6100790287753,12.1533877954027,11.9238025390559,11.6311539667034
"TCAGCTCCAATGTTGC-b01",51.3485680793329,NA,NA,NA,NA,NA,NA,NA,NA,NA,NA,NA,NA
"TCAGCTCGTTGGACCC-b01",NA,NA,NA,NA,NA,NA,NA,NA,26.1243946477417,NA,NA,NA,NA
"TCAGGATGTTATTCTC-b01",4.86636616422346,4.88548478357477,4.86023749317829,4.86047253469526,4.8639091765065,4.90389425454681,4.85571431610449,4.89160692958255,4.95358135811505,4.94472100031506,4.95276995974703,4.96938925495576,4.94930563957627
"TCAGGATTCAAAGACA-b01",NA,NA,40.1989592306424,NA,NA,NA,NA,NA,NA,NA,NA,NA,NA
"TCAGGATTCAATAAGG-b01",NA,NA,NA,NA,NA,NA,NA,NA,29.793162217648,NA,NA,NA,NA
"TCAGGTAGTACCGGCT-b01",34.9147600158118,24.7775212927831,25.3918851261484,25.2975541263981,24.693991981506,24.9102812735651,24.5930697765165,25.0669009527889,NA,NA,NA,NA,NA
"TCATTACGTAGGGTAC-b01",4.78502382609653,4.75661062931156,4.7908535935758,4.79665726902713,4.73887131018815,4.7724916524163,4.78851625583415,4.76192540192839,4.85602428845563,4.832289525182,4.84574066125611,4.85422562525747,4.81480317068508
"TCATTACGTCGTCTTC-b01",NA,NA,NA,NA,61.616554902153,NA,NA,NA,NA,NA,NA,NA,NA
"TCATTACTCCCACTTG-b01",12.0000155435655,12.0222128919281,12.0105258326715,11.9984935590619,12.1468406695239,12.0919453089859,12.1124587219222,12.0346928391041,10.4188929631292,10.8539999892584,10.8137639610582,10.9490294164607,10.5631137280205
"TCGCGAGAGAGATGAG-b01",17.909044694138,17.4533381781961,17.6354189080317,17.709407037435,17.4874806046975,17.6045068211677,17.6764498438539,17.6630863411808,NA,NA,NA,NA,NA
"TCGCGAGCAACTGGCC-b01",10.5959614185722,10.5291519276922,10.5737866730918,10.5976750610822,10.5428444944296,10.5890416541784,10.6044223115921,10.5748502608535,10.7967583252544,11.468770029504,11.16564581507,11.3458242178331,11.1415075257102
"TCGGGACAGGCGACAT-b01",19.1076428897017,NA,NA,NA,NA,NA,NA,NA,NA,NA,NA,NA,NA
"TCGGGACTCCCTAATT-b01",5.04263595226329,5.06914378357271,5.04983480025223,5.05065139877054,5.05308006285942,5.03012817975313,5.04198854995992,5.04581861484011,5.10623282290086,5.12016402357244,5.12807471664014,5.12103906783786,5.09110172053956
"TCGGTAACAGCTGGCT-b01",15.4009257691089,NA,NA,NA,NA,NA,NA,NA,NA,NA,NA,NA,NA
"TCGGTAACATAAAGGT-b01",12.9724004086386,12.795319937128,12.9911628280897,12.9935733550583,12.8426243230937,12.8921157929274,12.9152359068663,12.9052890508943,11.2862924209067,11.4641981414214,11.7064537934953,11.5396786430193,11.4590200663577
"TCGGTAATCCAATGGT-b01",28.2595016657665,28.400521984255,28.591189109137,28.4004112185253,28.5291687002218,28.4070463839741,28.3723423272195,28.1183510361699,NA,NA,NA,NA,NA
"TCGTACCAGCAAATCA-b01",NA,NA,NA,NA,NA,NA,NA,NA,29.6349492419369,NA,NA,NA,NA
"TCGTACCCATTGAGCT-b01",NA,NA,NA,17.6622091482237,NA,NA,NA,NA,NA,NA,NA,NA,NA
"TCGTAGACACAAGACG-b01",14.5232225290839,14.409063474958,14.5028132534219,14.4725080552417,14.3708658152144,14.4527827871502,14.3840162229972,14.4282623320191,11.8453767762848,12.3122198762789,12.0051513260739,12.9281610168335,12.021095339821
"TCGTAGAGTGACGCCT-b01",9.51361804710243,9.39816019669529,9.46596844366433,9.49085217397104,9.40629801814414,9.44786747901115,9.47503670884474,9.47323631886098,9.93874469441099,9.36486707254719,9.593070436343,15.3576249007644,9.43527646348491
"TCTCATACAAGAAAGG-b01",NA,NA,NA,NA,NA,NA,NA,48.0175074823631,NA,NA,NA,NA,NA
"TCTCATATCTGCGGCA-b01",3.93591966473582,3.92203573996124,3.95532344348889,3.95406787076753,3.91483246546217,3.92627300553757,3.94634172949169,3.91822109584781,4.00150213783906,4.00590910221097,3.99481339034132,4.00488519145959,3.99624521823993
"TCTGGAACATTCGACA-b01",8.225305008506,8.21590466618684,8.23472467928508,8.22510923051967,8.22198791370456,8.22632742015392,8.22713014585394,8.22212943001086,8.07328477254984,8.02174203089462,8.05252775330334,7.97521686166637,8.07504491672325
"TCTGGAAGTAAGTAGT-b01",10.9787035041746,10.950479796669,10.9686062073754,10.9606252282493,10.964927953846,10.969535209952,10.9910246680254,10.9713389642435,10.503669652593,10.8212984131336,10.8137639610582,10.8869832766607,10.6601915045691
"TCTTCGGCAGGGAGAG-b01",NA,NA,NA,NA,NA,NA,NA,45.5163915919935,NA,NA,NA,NA,NA
"TCTTTCCAGCGTGAAC-b01",NA,51.3927801550591,NA,NA,NA,NA,NA,NA,NA,NA,NA,NA,NA
"TCTTTCCAGTGTACGG-b01",11.7328874655605,11.713952845098,11.8155527844126,11.8492621307683,11.6669988272625,11.7404654039695,11.7299701600534,11.7577305469455,12.3922783884708,11.3440384167197,12.2519586993731,15.1606572757684,11.7898876947228
"TCTTTCCGTCCGTGAC-b01",11.3097924725818,11.2788786693485,11.3199947211614,11.3270262007734,11.2969739539921,11.3028015213905,11.314928660047,11.3294942106757,11.0232728893278,11.6403438101225,11.4832862213124,11.5396786430193,11.4590200663577
"TGAAAGAAGTACGACG-b01",26.6481948312335,26.592498780184,26.855383000065,26.7744741975487,27.4867592289595,26.804942467821,26.8118918141553,26.6798887235923,NA,NA,NA,NA,NA
"TGAAAGACATATGAGA-b01",52.3090673305818,NA,NA,NA,NA,NA,NA,NA,NA,NA,NA,NA,NA
"TGAAAGACATCGATGT-b01",NA,NA,NA,26.4561850790963,NA,NA,NA,NA,NA,NA,NA,NA,NA
"TGAAAGATCCCTCAGT-b01",21.5458596404683,21.1724265173649,21.3211377087584,21.3721568054895,21.1548316680403,21.2547183711854,21.2066617107586,21.2103390500364,NA,NA,NA,NA,NA
"TGACAACAGTGGAGTC-b01",12.3732483866604,12.458392262796,12.4883089821805,12.5059376698963,12.405521623677,12.378661323,12.3695504939685,12.4537325458641,13.4121445188985,13.1439350397041,25.906946097945,13.5690361376976,13.3155453298271
"TGACAACCACATCCAA-b01",20.8830938016396,20.8476604675745,20.8819845841812,21.0033728988056,20.4569183770236,20.6611513880765,20.8012110152926,20.8004387408434,NA,NA,NA,NA,NA
"TGACAACTCTATCCCG-b01",12.9913734176247,12.7673800574924,12.980412593648,12.9935733550583,12.8788530305169,12.8977130627146,12.8665450645939,12.9681002072373,14.4306612527354,19.9068523102945,15.0876242723772,17.9864714088979,15.1753745296068
"TGACTAGGTCCCGACA-b01",7.02360526768144,6.9990110486848,7.01037469622445,7.00814235619536,6.97289575792023,6.9924791674711,6.9854488514978,7.00433373894353,7.03870947822306,7.01210290949818,7.00720007323899,7.09219223510918,6.95376820185111
"TGACTAGTCGGCATCG-b01",20.264156768485,NA,NA,NA,NA,NA,NA,NA,NA,NA,NA,NA,NA
"TGACTTTCATGTCTCC-b01",34.6578981941106,33.6104349995797,34.8547256205749,34.4658412151987,33.9092590846571,34.9506348231016,35.3072830429155,35.2575995179132,NA,NA,NA,NA,NA
"TGACTTTGTCGCGTGT-b01",12.1494616280793,12.0796198449879,12.1686822104473,12.1580620919538,11.9869416182331,12.0830294066667,12.1002230369374,12.1398385287667,12.3362212869618,11.7908736274256,12.5260883656147,12.1341887592311,12.2592949951709
"TGACTTTTCCACGCAG-b01",NA,NA,NA,NA,NA,NA,NA,46.938858836407,NA,NA,NA,NA,NA
"TGAGCATAGGCATGGT-b01",21.4955131057422,NA,NA,NA,NA,NA,NA,NA,NA,NA,NA,NA,NA
"TGAGCATGTATGAAAC-b01",29.5308160889785,28.9172987741058,29.5621113248904,29.7462354442764,29.3857924320513,29.4148745513488,30.1000267024564,29.1713027497839,NA,NA,NA,NA,NA
"TGAGCCGTCAACGAAA-b01",10.8416712093813,10.8250394052135,10.9032162633499,10.8957750867823,10.823819331835,10.8234542197062,10.8593586399412,10.8781633555563,11.092887312764,11.2551041555733,11.2601559139988,11.1464043189768,11.2074646067192
"TGAGGGAAGTATCGAA-b01",NA,NA,NA,NA,NA,NA,44.2995529027909,NA,NA,NA,NA,NA,NA
"TGATTTCGTCGCATCG-b01",13.8175560637512,13.6595120033356,13.9537858226181,14.0631576570018,13.6996865965545,13.8055875870812,13.7537037995844,13.8153078340837,NA,NA,12.3966304890722,14.668735120581,NA
"TGATTTCTCCAGAAGG-b01",22.1107151254637,22.124258727523,22.2168890893085,22.042429537401,22.0314439820247,22.3493647933107,22.0843639034919,22.090250719427,NA,NA,NA,NA,NA
"TGCACCTAGGTAGCCA-b01",23.7341479588378,23.0260742176367,23.3994540187494,23.3365389193401,22.8039850375122,23.325246737441,22.9285587973781,23.062006046447,NA,NA,NA,NA,NA
"TGCCCATAGCTAAACA-b01",47.4696581391153,NA,NA,NA,NA,NA,NA,NA,NA,NA,NA,NA,NA
"TGCCCATAGGAATCGC-b01",NA,NA,NA,NA,59.9380990260832,NA,NA,NA,NA,NA,NA,NA,NA
"TGCCCATGTGATGTGG-b01",43.4768757833965,NA,NA,NA,NA,NA,NA,NA,NA,NA,NA,NA,NA
"TGCCCATTCTTGTACT-b01",NA,55.9735810784203,NA,NA,NA,NA,NA,NA,NA,NA,NA,NA,NA
"TGCCCTAAGTTGAGTA-b01",NA,NA,NA,NA,NA,54.003200684045,NA,NA,NA,NA,NA,NA,NA
"TGCCCTATCGCTTAGA-b01",NA,NA,NA,19.8207683926004,NA,NA,NA,NA,NA,NA,NA,NA,NA
"TGCCCTATCTACTCAT-b01",NA,NA,NA,NA,NA,NA,NA,NA,26.7643867827083,NA,NA,NA,NA
"TGCGGGTAGAGACTAT-b01",12.9913734176247,13.0932174824954,13.0215908019116,12.9935733550583,12.9741305611405,13.034473387739,13.0588931665553,12.997131195819,22.5043127908969,12.4628928075118,11.9895327839841,12.122490278404,11.9915254176525
"TGCGGGTAGTAACCCT-b01",7.08762296926899,7.0776957321701,7.08411047404753,7.08326366531703,7.06606416915085,7.07516476260322,7.0710868623356,7.06426642357577,7.13661660874036,7.09938368963218,7.12850168251671,7.17159111653724,7.04497340106951
"TGCGGGTTCCGCTGTT-b01",NA,NA,NA,59.7788074547444,NA,NA,NA,NA,NA,NA,NA,NA,NA
"TGCGGGTTCGGACAAG-b01",21.1938161004236,20.8801515000648,21.0335082350492,21.022663406595,21.122115225081,20.912721066496,20.9195184901226,21.0516806803627,NA,NA,NA,NA,NA
"TGCGTGGAGAGCCCAA-b01",12.0423895728287,12.0229473599985,12.0540545118723,12.0337525360954,11.9355811875669,11.9816101999979,11.9940758110944,12.0363105617825,24.2867854571786,12.4628928075118,12.1533877954027,12.122490278404,11.9915254176525
"TGCGTGGTCGACAGCC-b01",NA,NA,NA,NA,NA,NA,54.9816434378434,NA,NA,NA,NA,NA,NA
"TGCTACCGTCAATACC-b01",25.9661112593214,26.0074216880714,26.0152918514232,25.944216721284,25.6727483954695,25.843156956168,25.9000737435452,25.7953345501482,NA,NA,NA,NA,NA
"TGCTACCGTTAAGACA-b01",3.92223856300909,3.90408599495847,3.94632133431541,3.94461398061462,3.89437793298211,3.90970432294903,3.93499406876309,3.89943743615179,4.01098089258936,4.00590910221097,3.9995733031931,4.01308952316521,4.00156256344158
"TGGACGCGTCGAGTTT-b01",29.9943868724447,31.7512990437951,30.2041462633101,30.1130355010872,30.7650901172429,31.0481131529009,30.6063301823394,30.1250419674258,NA,NA,NA,NA,NA
"TGGACGCGTGGTAACG-b01",NA,53.0354802326194,NA,NA,NA,NA,NA,NA,NA,NA,NA,NA,NA
"TGGCGCAGTGCCTTGG-b01",NA,NA,NA,NA,NA,NA,NA,45.3405296565595,NA,NA,NA,NA,NA
"TGGGAAGCATGCCCGA-b01",NA,NA,NA,NA,58.3606023783219,NA,NA,NA,NA,NA,NA,NA,NA
"TGGGAAGGTGCCTGCA-b01",NA,NA,NA,NA,NA,NA,NA,NA,21.7708691125146,14.8328719701054,16.296529911486,NA,NA
"TGGGAAGTCGGACAAG-b01",4.83472101341706,4.80628567276037,4.7908535935758,4.80309653299654,4.78957496950683,4.82264730610105,4.83823209436429,4.81221525461826,4.88439010320061,4.89573788299173,4.90564126360095,4.88889868947392,4.88490962152964
"TGGGCGTCAGTCGATT-b01",15.9905949277856,16.3249296432997,16.376585871817,16.4495124708699,16.4056785543696,16.3666210263417,16.4859741905698,16.4336476926828,11.1700287074877,11.3440384167197,11.4832862213124,11.5396786430193,11.1932826567797
"TGGTTAGAGGAGTTGC-b01",11.7103933956287,11.847043452856,11.9337727652922,11.9494225642731,11.7844231889205,11.8040115455698,11.8005994956799,11.8741032656079,10.503669652593,10.6694600370982,10.8137639610582,10.688543620586,10.3927445938831
"TGGTTAGAGTCAAGCG-b01",10.9606778851684,11.1735712515756,11.1602622050976,11.1468550188041,11.2488974568582,11.1129170101498,11.2404754887039,11.178670454468,10.2818284848614,10.4432823333105,10.5903454854417,10.5532918136225,10.2664382656487
"TGGTTAGCAAGCCATT-b01",NA,NA,NA,NA,50.4940781957704,NA,NA,NA,NA,NA,NA,NA,NA
"TGGTTAGCACGCGAAA-b01",NA,NA,NA,NA,44.9634776860246,NA,NA,NA,NA,NA,NA,NA,NA
"TGGTTAGCAGACAGGT-b01",21.4305575967539,21.5486032854645,21.5801247724458,21.7242437171098,21.1649351839166,21.4497380134173,21.4935034339884,21.5284645180396,NA,NA,NA,NA,NA
"TGGTTAGTCGCATGGC-b01",NA,NA,NA,40.3509733701627,NA,NA,NA,NA,NA,NA,NA,NA,NA
"TGTCCCAAGAATAGGG-b01",NA,NA,NA,34.8839828316146,NA,NA,NA,NA,NA,NA,NA,NA,NA
"TGTCCCAGTTCATGGT-b01",NA,NA,17.8825625757486,NA,NA,NA,NA,NA,NA,NA,NA,NA,NA
"TGTGGTAAGGGTTCCC-b01",10.3737300640657,10.3625052818836,10.431430353704,10.4095431787553,10.3349372113645,10.4036689449938,10.3847974788355,10.3867933706603,11.0294653847088,10.7456431617693,10.9081568223659,10.7523863994042,10.954316342252
"TGTGTTTCAAGCTGTT-b01",37.9129758985836,NA,NA,NA,NA,NA,NA,NA,NA,NA,NA,NA,NA
"TGTGTTTTCGGATGTT-b01",5.12161861117718,5.08338430363716,5.12970183314133,5.12884756657969,5.13360526306811,5.10735275013666,5.12087267192799,5.09577507726228,5.13099857167445,5.14090250838131,5.14780875369713,5.14411669188114,5.11543094927466
"TGTTCCGGTCAGCTAT-b01",3.20342066733443,3.20412064181745,3.19915021321711,3.19868136419569,3.20283477603537,3.20183525391427,3.20653470299829,3.20079104281974,3.19433721174608,3.19120810308646,3.19242046783924,3.18823805786757,3.19600512135365
"TTAACTCAGTTTGCGT-b01",17.8399770348748,NA,NA,NA,NA,NA,NA,NA,NA,NA,NA,NA,NA
"TTAACTCGTGCGAAAC-b01",10.6226834278775,10.5211386432427,10.5482367194224,10.552136587488,10.5428444944296,10.5728858026327,10.6237526621961,10.5748502608535,22.6155639854049,12.4628928075118,11.4832862213124,12.122490278404,11.6432483304695
"TTAGGACAGTACATGA-b01",10.7142481254118,10.5537069735927,10.6696727187358,10.7036053798314,10.4578020739848,10.5710172518219,10.5148622719754,10.4994574016456,10.0463274739093,10.1883383732337,10.232596374647,9.87512932199376,9.92466414207162
"TTAGGCACACATGGGA-b01",NA,NA,NA,57.1809282491738,NA,NA,NA,NA,NA,NA,NA,NA,NA
"TTCCCAGTCAGCGACC-b01",25.8568828296551,26.1260561162592,26.0918090074398,26.1377264856329,25.9639805524453,25.9872913778511,26.1238583971683,25.9261778066332,NA,NA,NA,NA,NA
"TTCGAAGAGCTACCGC-b01",10.6604135825982,10.6242767088119,10.6338208558467,10.657921373666,10.6161380834143,10.6708702124565,10.6667961485649,10.6595516226307,10.503669652593,11.1199028392005,10.973015242732,11.1464043189768,10.7363816955396
"TTCGAAGCACTGAAGG-b01",19.7045263545088,19.5526077935357,19.5777491434504,19.5354736588809,19.5274561103321,19.6617939971293,19.6824158830859,19.6264662298093,NA,NA,NA,NA,NA
"TTCGAAGCATTCCTGC-b01",21.868945953523,21.886091430903,22.0348940754652,21.911107631626,21.6968146713519,21.8737649692018,21.9723421559554,21.8695027185943,NA,NA,NA,NA,NA
"TTCGGTCCAGGGTATG-b01",34.7397846039718,21.938346010813,22.1487239566366,22.1117065077747,21.4268852022416,39.2210364486114,21.8321751154113,22.028634958778,NA,NA,NA,NA,NA
"TTCGGTCGTCTTGTCC-b01",28.7292492600665,28.7296955067648,28.3686400492444,28.1410611142798,27.6244919528437,28.3954904691236,28.0038324647967,28.0385699624573,NA,NA,NA,NA,NA
"TTCGGTCGTTGGTGGA-b01",31.5883593882262,NA,35.3643163570385,28.5578255977356,NA,29.8631807263418,NA,NA,NA,NA,NA,NA,NA
"TTCTACACAGTCGATT-b01",52.4972670320092,NA,NA,NA,NA,NA,NA,NA,NA,NA,NA,NA,NA
"TTGAACGAGTACATGA-b01",NA,NA,NA,NA,55.6915642194253,NA,NA,NA,NA,NA,NA,NA,NA
"TTGAACGCACCAGGTC-b01",8.89182608961458,9.23941093823599,9.06750080589212,9.02884366684408,9.85732852046936,9.0361903654285,9.16031507478264,9.15271875827138,8.97451156511599,9.04455641264043,8.98592500793616,9.30425765193003,8.840845861212
"TTGAACGGTCTAACGT-b01",11.9163826387554,11.8637145839578,11.916792510087,11.9471027526945,11.9355811875669,11.9816101999979,11.9392965359266,11.9700238195877,19.0330534741063,16.4635035096554,16.7361515346471,18.3289384532355,16.389272146622
"TTGACTTAGCTAGTTC-b01",14.3046833890907,14.3459977812331,14.2232809396603,14.3394838055192,14.379330442774,14.2851620749011,14.346975698141,14.3477432639448,11.1700287074877,11.5675763745407,11.309980851615,11.6036910759685,11.2435738218456
"TTGACTTCAATCTACG-b01",17.8649063672474,18.3566511677922,18.0182527319228,18.3074498446373,18.110605758692,18.3031662573491,18.3094517410068,18.2059328149593,NA,NA,NA,NA,NA
"TTGACTTGTCTGGTCG-b01",NA,NA,NA,44.9677109928315,NA,NA,NA,NA,NA,NA,NA,NA,NA
"TTGCCGTAGATATGCA-b01",NA,NA,NA,NA,NA,NA,NA,NA,25.5703538793904,13.6041883148065,NA,12.6923229374005,NA
"TTTATGCAGACACTAA-b01",43.689739216622,NA,NA,NA,NA,NA,NA,NA,NA,NA,NA,NA,NA
"TTTATGCCAGTTAACC-b01",41.4176335163045,NA,NA,NA,NA,NA,NA,NA,NA,NA,NA,NA,NA
"AAAGTAGCAACACCTA-b02",14.9464283424815,14.9966013735933,15.0477467093522,15.0602159694457,14.9766938836187,15.0569961041327,15.0946361534763,15.0538504210499,12.4022910804491,12.2382205449965,12.8266207751551,12.3864019024012,12.5283093262648
"AAAGTAGGTTCAGACT-b02",35.3406570799327,23.3421981642952,23.6994186926514,23.5994856301668,22.7615177831756,40.7999616678554,23.3234937714674,23.6306515470739,NA,NA,NA,NA,NA
"AACTCCCAGGTCGGAT-b02",15.1429864535513,15.060484319271,15.362525069268,15.4490812263739,14.9973305058472,15.1921106277138,15.1788078372099,15.1559299348705,NA,NA,NA,14.5739140291883,NA
"AACTTTCGTACACCGC-b02",NA,NA,NA,NA,48.2675450596529,NA,NA,NA,NA,NA,NA,NA,NA
"AAGACCTAGGCTCAGA-b02",6.31089796613961,6.31507313795307,6.31409687718569,6.31103728382468,6.31384639756376,6.30846406879317,6.31010774131656,6.30647002551702,6.25172414608246,6.262990764523,6.25605762488031,6.27271563457759,6.26920878303212
"ACACCCTGTCTTGCGG-b02",50.0550143299865,NA,NA,NA,NA,NA,NA,NA,NA,NA,NA,NA,NA
"ACAGCCGAGCGATATA-b02",6.56005945659547,6.57817056445406,6.5728495142259,6.5748357424523,6.61648960909227,6.6002102368988,6.59783023929592,6.52402790023824,6.78424661612185,6.84024164557556,6.66380859263724,6.6429516408161,7.02100201922707
"ACCAGTAGTCATCGGC-b02",NA,NA,NA,NA,NA,NA,57.8486227152918,NA,NA,NA,NA,NA,NA
"ACGATGTGTAATAGCA-b02",23.8934597951997,23.3992950175229,23.77617924569,23.7965263925201,23.058769233745,23.5221409176433,23.4219082870521,23.4573112560841,NA,NA,NA,NA,NA
"ACGGGTCTCAGTCAGT-b02",NA,NA,NA,NA,45.8320402937746,NA,NA,NA,NA,NA,NA,NA,NA
"ACTGAGTTCTTGTATC-b02",NA,54.3793182510171,NA,NA,NA,NA,NA,NA,NA,NA,NA,NA,NA
"ACTGATGCAAGCGATG-b02",NA,NA,NA,57.6663636521936,NA,NA,NA,NA,NA,NA,NA,NA,NA
"ACTTACTAGGGTGTTG-b02",NA,NA,NA,NA,40.0441962606287,NA,NA,NA,NA,NA,NA,NA,NA
"ACTTGTTGTGGCCCTA-b02",NA,NA,NA,NA,NA,NA,NA,49.9962484397233,NA,NA,NA,NA,NA
"AGCTCCTGTTATTCTC-b02",19.0625870202323,18.3835427824205,18.6464374806682,18.6870766965839,18.3422206185106,18.5061606087239,18.5055963599394,18.5045935418701,NA,NA,NA,NA,NA
"AGCTCCTTCAGCTCTC-b02",NA,NA,NA,19.5902749760002,NA,NA,NA,NA,NA,NA,NA,NA,NA
"AGCTTGATCTTGCAAG-b02",17.2556490418691,17.0121666994504,17.4436050711218,17.2786292281709,16.9574480249469,17.1544374135561,17.1703120060342,17.1449323186072,NA,NA,NA,NA,NA
"AGGTCATCACACCGCA-b02",17.3589395041958,16.9515193429982,17.2184991926855,17.1846158373494,16.9890975076025,17.0820322371695,17.1023893716781,17.1224947790412,NA,NA,NA,NA,NA
"AGTAGTCGTCGAATCT-b02",NA,NA,NA,NA,NA,NA,NA,53.029779590395,NA,NA,NA,NA,NA
"ATAACGCGTATGGTTC-b02",14.3530225713444,14.54174213732,14.4937463421507,14.4817422761481,14.4655976244051,14.5278704531431,14.5337433434801,14.5537177504873,NA,12.3943740166109,13.5027731961063,NA,NA
"ATCATGGGTCTAGTGT-b02",NA,NA,NA,NA,NA,NA,51.952704874854,NA,NA,NA,NA,NA,NA
"ATCATGGTCATGTCCC-b02",17.4518045696079,17.4834296399053,17.716800826755,17.587636010446,17.5387566785924,17.6054667820312,17.593281270051,17.6403258951054,NA,NA,NA,NA,NA
"ATCCGAAGTGGCTCCA-b02",NA,NA,NA,16.8192217438755,NA,NA,NA,NA,NA,NA,NA,NA,NA
"ATCGAGTGTCATCGGC-b02",12.5204525402439,12.662428039484,12.6751344109008,12.6563525110265,12.6100078238663,12.6358610606282,12.692238613723,12.6184714139766,10.9475365806511,11.1199028392005,11.2601559139988,11.2646803177061,10.9270470784959
"ATCTGCCCATCCCACT-b02",24.4785991275415,24.0993598424853,24.4364697093991,24.4382662448718,24.0445006332055,24.196649537838,24.2706799723997,24.225032540778,NA,NA,NA,NA,NA
"ATTGGACCATTCACTT-b02",20.9108961957596,20.2171449846609,20.4430373296853,20.5348598806376,20.1014542470258,20.3309237757621,20.2753331148003,20.2938637210647,NA,NA,NA,NA,NA
"ATTGGACGTTCCACGG-b02",12.2860693832574,12.5735945432355,12.5023776508321,12.4703396688426,12.4446588480477,12.476572688029,12.5163005209601,12.4903387341253,11.6185133745586,11.5179145076533,29.3218146070694,11.6317467416805,11.4925563828211
"ATTTCTGCAACGATCT-b02",NA,NA,NA,14.6692391489505,NA,NA,NA,NA,NA,NA,NA,14.9641673877164,NA
"ATTTCTGGTATTAGCC-b02",NA,NA,NA,NA,62.8947547736242,NA,NA,NA,NA,NA,NA,NA,NA
"CAACCTCTCACCCTCA-b02",19.2327617982463,19.8838119287308,19.7941903970187,19.9072099827397,19.482145203616,19.6519576639257,19.8143788023975,19.7604649746661,NA,NA,NA,NA,NA
"CAAGATCAGCCACCTG-b02",5.80177845230074,5.80188586597916,5.80097053727243,5.80604229120869,5.80260923089199,5.79943964602995,5.79905441093436,5.81564390953304,5.96745465396631,5.98682761416935,5.95684770854108,5.92396098984666,6.00714956028148
"CAAGGCCAGCGATAGC-b02",19.6810760856412,20.1537855688544,20.2314072767267,20.1902511369396,19.8708754754988,20.0434308142333,20.1842520083741,20.1778284154591,NA,NA,NA,NA,NA
"CAAGGCCTCAGCCTAA-b02",11.8032844577894,11.8590373252875,11.8385005924528,11.8043885200011,11.9355811875669,11.9624287084278,11.9392965359266,11.8462677989564,22.8319109566544,12.9156632736438,12.6235843229239,12.5039733369102,12.5451344543944
"CACACTCCAAAGCAAT-b02",NA,NA,NA,NA,NA,50.80350424867,NA,NA,NA,NA,NA,NA,NA
"CAGATCACATCGGGTC-b02",NA,NA,NA,21.7406366109274,NA,NA,NA,NA,NA,NA,NA,NA,NA
"CAGCAGCGTAGAGCTG-b02",28.4127841605761,26.7569910318188,27.1579933961185,26.799948092644,26.0173691662998,26.8987263013018,26.7051539871398,26.8131202812235,NA,NA,NA,NA,NA
"CAGCGACCACCAGGCT-b02",12.9913734176247,13.0031558835941,13.0124920323408,12.9935733550583,12.8896256617387,13.0073346702948,13.0330844235711,12.997131195819,11.8453767762848,11.5675763745407,12.0047757613227,11.703551370304,11.7249931034913
"CAGCGACTCCCAACGG-b02",15.3975062378769,16.0286378447481,15.7450402540225,15.7501593339735,15.6493732802641,15.7925915132722,15.8426474287369,15.7564409654559,11.3935363312819,11.3824313012968,34.7763007032891,11.5396786430193,11.4190036649127
"CAGCTAAGTCTTCGTC-b02",NA,57.6903540093057,NA,NA,NA,NA,NA,NA,NA,NA,NA,NA,NA
"CAGGTGCAGAGCTGCA-b02",12.6531103442434,12.8135805796331,12.8134031784096,12.7735931491796,12.7767213638798,12.7768749518343,12.8229432914838,12.7752580430993,10.9475365806511,11.3440384167197,11.2601559139988,11.343360084764,11.1747986142191
"CATATTCAGAGCTGGT-b02",9.34518221355346,9.34040196996569,9.44012697290889,9.45045307065215,9.36159011314035,9.3981027594583,9.33972684515795,9.4324654970691,9.8653936540041,9.67714902823476,9.83024808129872,8.91295940796156,9.67441573957954
"CATCGGGAGCACCGCT-b02",27.5978156473801,25.9777393213409,26.4252933469067,26.2138031393407,25.7887069516029,26.7064107577671,25.9012136700817,26.0567686457084,NA,NA,NA,NA,NA
"CATCGGGGTACCAGTT-b02",NA,NA,NA,18.6298392754734,NA,NA,NA,NA,NA,NA,NA,NA,NA
"CATGACAGTCAAGCGA-b02",11.2373436426721,11.2933095674282,11.2958583903584,11.2839681667794,11.3415704219671,11.3098483418486,11.3452336274097,11.2972021674174,10.503669652593,10.8950308747618,10.8815998887555,10.9490294164607,10.6601915045691
"CATGGCGAGAACTGTA-b02",17.6865728144698,17.5883327276495,17.6292758870201,17.7211360321318,17.6001448507771,17.6562135947562,17.7366555960681,17.6878760726167,NA,NA,NA,NA,NA
"CCACTACCAGTCTTCC-b02",21.7587225947137,20.9221739604929,21.1355515261088,21.3071713520412,20.7816376509905,21.0319736167946,21.0002709932736,21.0608203165016,NA,NA,NA,NA,NA
"CCATTCGTCAAAGACA-b02",14.2659252230753,14.6774228844601,14.5649490394031,14.4631917412566,14.5597867662272,14.5774944089385,14.6658323585083,14.5257038296419,11.1658825276362,11.5675763745407,11.3182964516409,11.5739107382954,11.2769245247342
"CCCATACCAGTGGAGT-b02",NA,NA,NA,NA,NA,NA,NA,NA,28.9072480210373,NA,NA,NA,NA
"CCGGGATGTTCTGTTT-b02",6.66586253447747,6.66766535483448,6.66636177199771,6.66799396159638,6.67748157280029,6.66981874656745,6.66863267767291,6.67678032309224,6.74222149525285,6.75278448813742,6.72337589051505,6.68852233761029,6.735504758714
"CCGTACTCAGGTTTCA-b02",16.522734809029,16.8376171609705,16.7172960576868,16.8855652493945,16.8266899305433,16.9047056524211,16.9451413094023,16.8692796914225,10.503669652593,10.6240482040072,10.8137639610582,10.6211909275466,10.3927445938831
"CCGTACTTCCAATGGT-b02",15.0192224893788,14.8514585481356,15.2189770950567,15.1005500173745,14.8017983217782,14.9064939022736,14.9614454774113,14.9470610861259,12.3060948017477,12.0142537982721,12.6017930816629,13.7431618411326,NA
"CCTATTAGTATCGCAT-b02",12.1490654750741,12.0765208280991,12.1205027765493,12.1152780218194,12.0595795256294,12.1061071027777,12.1287723004085,12.1270723057138,11.626240396856,11.3010209180164,11.8196489605922,11.2858546046188,11.4590200663577
"CGACCTTAGATGGCGT-b02",NA,NA,NA,NA,NA,NA,59.5042088807325,NA,NA,NA,NA,NA,NA
"CGACCTTAGTACGTTC-b02",23.2180758143666,22.8470478242998,22.9924048675388,23.3102780568764,22.8379570779256,22.8737688840251,22.7876652243828,22.9547203887905,NA,NA,NA,NA,NA
"CGACCTTGTAGCTGCC-b02",35.2830229068973,25.3049419409093,25.865760957555,38.2263653960943,25.3453745205852,25.7636743650247,25.4900071572708,26.2577380004881,NA,NA,NA,NA,NA
"CGACTTCGTGTGCGTC-b02",NA,NA,NA,NA,NA,NA,59.7880137241854,NA,NA,NA,NA,NA,NA
"CGCCAAGCAGCCTGTG-b02",NA,NA,NA,NA,NA,NA,55.7399349173081,NA,NA,NA,NA,NA,NA
"CGCGTTTGTTTGGGCC-b02",25.4182185366759,24.5626615025639,24.8072119081074,24.850964518439,24.0353361372056,24.6498540835076,24.5605678802297,24.6881590328793,NA,NA,NA,NA,NA
"CGCTATCTCCCTCTTT-b02",NA,NA,NA,NA,47.6156051371202,NA,NA,NA,NA,NA,NA,NA,NA
"CGCTGGAAGACGCTTT-b02",21.4699775401208,21.4308571501253,21.6974255681946,21.6124570975615,21.1872249271668,21.4215691348822,21.4079971965045,21.4024838143908,NA,NA,NA,NA,NA
"CGCTTCAAGGACCACA-b02",NA,NA,NA,NA,52.0121049245916,NA,NA,NA,NA,NA,NA,NA,NA
"CGTAGCGGTTACGACT-b02",NA,NA,NA,36.6097552667051,NA,NA,NA,NA,NA,NA,NA,NA,NA
"CGTCACTCAACGATCT-b02",6.51852484147685,6.52154491778462,6.52336833447374,6.51955860259763,6.52153391530112,6.51788607584211,6.519232167868,6.52538773874061,6.46438785427771,6.48570382834879,6.46343454187735,6.4553091283116,6.50302646335729
"CGTGTCTTCGAATGCT-b02",16.2455706668009,15.9742090876982,16.4881626556345,16.3024867157285,15.9081317300625,16.0780937579901,16.1003713329008,16.1195404232303,NA,NA,NA,NA,NA
"CTAACTTAGATCCCGC-b02",5.21387204161446,5.19503923750125,5.19426152009425,5.20542866766736,5.19441504183831,5.21049985916855,5.21345909249899,5.20609396276169,5.32510774308558,5.33968256212944,5.33342422367739,5.32954158967518,5.33752064492793
"CTAAGACGTCCCGACA-b02",NA,NA,25.8880944881037,25.7930966120663,NA,NA,NA,NA,NA,NA,NA,NA,NA
"CTACATTAGAGGTTGC-b02",13.1130814338522,13.4218538932854,13.3658409840199,13.2675908225382,13.3052857762088,13.3334687778376,13.4255900498516,13.2871700245058,10.8666652719335,11.1199028392005,11.0576224793484,11.1464043189768,10.9270470784959
"CTAGAGTAGTGAATTG-b02",18.917932567002,19.374480189648,19.2412615298375,19.408727554457,19.0870767459121,19.2581562470913,19.3387971810171,19.2515598318189,NA,NA,NA,NA,NA
"CTAGAGTGTCGCGAAA-b02",7.46806311398777,7.47257587910154,7.46978194520305,7.46851171944724,7.48305938075857,7.47318365333134,7.4738607831362,7.47614832188666,7.55310518851812,7.55766173354872,7.54225015401613,7.51314621359545,7.54672311511515
"CTAGCCTTCAACACAC-b02",23.6430598494546,23.2479031653611,23.4040756844833,23.4197592105558,22.5588852823273,23.1200872903988,23.1519228132998,23.2943152234232,NA,NA,NA,NA,NA
"CTAGCCTTCGCTAGCG-b02",14.2508981117976,14.06406618038,14.3417107932157,14.490797565438,14.0478115551458,14.2126473297215,14.1736077209454,14.226003795551,12.0747361557751,11.5675763745407,12.1533877954027,14.9641673877164,11.7249931034913
"CTCGAAAGTTTGGCGC-b02",43.4816512000143,NA,NA,NA,NA,NA,NA,NA,NA,NA,NA,NA,NA
"CTCGGAGTCCACGCAG-b02",13.7898447536631,14.1063894232376,13.9793325929952,14.0088762350659,13.9119868611552,13.9787757824045,14.0700913587869,13.9848772903315,NA,NA,31.2314214615447,NA,NA
"CTCGTCAAGCTGAAAT-b02",8.79142210416824,8.78263596936862,8.77761163410779,8.77538165340693,8.79607016775321,8.77671343653947,8.79056494292978,8.78989554578687,9.08041901417553,9.35848269154877,9.30899420514053,9.50206845067773,9.22982409190894
"CTCGTCAGTGACGCCT-b02",44.7949408002421,NA,NA,NA,NA,NA,NA,NA,NA,NA,NA,NA,NA
"CTCGTCATCATTTGGG-b02",11.4260159994331,11.5546813328583,11.5481185170975,11.5352437339477,11.5606952006331,11.538728541326,11.5926552180693,11.536501211853,10.7254692518937,10.8950308747618,11.0237529806817,10.9490294164607,10.6601915045691
"CTGATAGGTAGCGCTC-b02",6.17592461861092,6.17652089138147,6.17575134771163,6.17742877118658,6.16966409673998,6.16615917592307,6.1683301105131,6.19901936342227,6.24202752416082,6.25867104601481,6.24665225664285,6.26829452984373,6.26336775419886
"CTGCCTATCAGCTTAG-b02",NA,NA,NA,54.5851243814924,NA,NA,NA,NA,NA,NA,NA,NA,NA
"CTGTTTAGTAAAGTCA-b02",NA,NA,NA,NA,60.8989935500109,NA,NA,NA,NA,NA,NA,NA,NA
"CTTCTCTAGTACGTAA-b02",7.10356448808033,7.09287402059688,7.09978207475314,7.09561449033855,7.07770679050876,7.08506059830789,7.0824576698072,7.07027648318762,7.01885574143911,7.01210290949818,6.99808509552983,6.98691469744911,6.96936120405548
"CTTCTCTCACTCGACG-b02",NA,NA,NA,NA,60.1153519567138,NA,NA,NA,NA,NA,NA,NA,NA
"GAAACTCAGGAACTGC-b02",5.62238310052495,5.59989721199369,5.59872005198829,5.60831121527118,5.59723128539343,5.63274668593508,5.63923745673324,5.61970652737476,5.77671211757921,5.77126184757669,5.76921710494376,5.77346667765386,5.75846805423044
"GAAATGACACAGACTT-b02",NA,NA,NA,NA,NA,NA,56.0650918204901,NA,NA,NA,NA,NA,NA
"GAACATCGTCGACTAT-b02",4.82408703218192,4.80223205780429,4.79152721481255,4.80309653299654,4.79483898619074,4.81733409117148,4.82542469266343,4.81070270088357,4.95407751768247,4.93807348395785,4.93478560432543,4.9404121642806,4.97929931396828
"GAACATCTCAAGATCC-b02",NA,NA,NA,NA,58.2217406218274,NA,NA,NA,NA,NA,NA,NA,NA
"GAACCTAGTCACTGGC-b02",11.5894406412023,11.6392820829476,11.6117620506413,11.6254050492286,11.6534646190913,11.6676074678279,11.6836299855805,11.6549352435633,11.4752061535069,10.8948730251071,11.3232906900594,10.7513222088656,11.0603787256826
"GACGCGTCAATCCAAC-b02",44.9284485873375,NA,NA,NA,NA,NA,NA,NA,NA,NA,NA,NA,NA
"GACTGCGTCATCTGCC-b02",11.914598007061,11.9675073773725,11.9312149582655,11.9894204408629,11.9355811875669,11.9816101999979,11.9392965359266,12.0064826153653,22.0425915642736,13.8357126387695,14.314491370189,12.6923229374005,13.4462570183415
"GAGTCCGTCAGCCTAA-b02",6.8057017744102,6.81226064785125,6.81065405580767,6.81474181221684,6.81650681128024,6.81287653383994,6.81197244936642,6.81303384676872,6.8867903380291,6.93378254278583,6.88794091928276,6.77212830344106,6.91821374765394
"GATCGATTCTCCTATA-b02",10.2945777290936,10.3520019642723,10.3569721187368,10.3781044900854,10.2941544983717,10.4036689449938,10.3315392772579,10.3499335525401,21.2804366318085,12.8003718128469,11.538899360279,11.7350387472545,11.7431791027336
"GCACATACATGATCCA-b02",25.2276974921777,24.9544964998552,25.1404331513011,25.1437081366499,24.8129423010623,25.046735679755,24.9907612039077,24.9832399943039,NA,NA,NA,NA,NA
"GCACTCTGTTTGTGTG-b02",NA,NA,NA,NA,NA,NA,NA,52.0777341630199,NA,NA,NA,NA,NA
"GCATACATCCTCGCAT-b02",11.9952895815334,12.1299995236554,12.145577749154,12.1503949708853,12.093122596882,12.1179561912218,12.1601370915235,12.125462342013,10.9475365806511,11.1199028392005,11.2602666176745,11.2436739326364,10.9828243633143
"GCATGCGGTCGACTGC-b02",NA,NA,NA,15.5266780432626,NA,NA,NA,NA,NA,NA,NA,NA,NA
"GCCAAATTCCAACCAA-b02",NA,NA,NA,NA,55.3846674905993,NA,NA,NA,NA,NA,NA,NA,NA
"GCCTCTACAGCTTAAC-b02",NA,NA,NA,NA,NA,53.1911857357125,NA,NA,NA,NA,NA,NA,NA
"GCGCGATGTTAAGGGC-b02",25.3716016379682,24.8356073463775,25.0051122418855,24.8710796776233,24.447114223994,25.3376450656714,24.6998624331907,24.7912941803532,NA,NA,NA,NA,NA
"GCGCGATGTTTCGCTC-b02",39.0026258509756,NA,NA,39.8632499610152,NA,NA,NA,40.9262136191008,NA,NA,NA,NA,NA
"GCTGCAGAGGGTTTCT-b02",47.6073344691995,NA,NA,NA,NA,NA,NA,NA,NA,NA,NA,NA,NA
"GGACAAGGTAAGAGAG-b02",20.9969177647523,20.9286135779263,21.1926700411575,21.2503145957461,20.6642020721763,20.8999671455868,20.9358793741273,20.9326919721754,NA,NA,NA,NA,NA
"GGACAGACATGCTAGT-b02",8.27749889964613,8.29231894065901,8.29747333073553,8.30629694610357,8.28924533677385,8.29832109727199,8.30229500583782,8.30379586648096,8.60674744531345,8.92980145877684,8.83670345652903,8.87712557236585,8.89739650398545
"GGGAGATGTACCATCA-b02",12.9913734176247,13.0840003123202,13.0929479562849,12.9935733550583,12.968661645454,13.1028987783323,13.1108321320517,12.997131195819,24.7872806370621,13.1439350397041,13.2771539098032,12.5781007617911,12.7983211406767
"GGGTCTGTCCTCTAGC-b02",7.24277466287749,7.2558823141938,7.23058043327614,7.22853871594415,7.28465319207501,7.28217994243708,7.29103262421835,7.27433268128628,7.29924287155533,7.26924604544757,7.25050982094366,7.283033895053,7.25876821984644
"GGTGCGTCATTGGCGC-b02",NA,NA,NA,NA,58.6571140703391,NA,NA,NA,NA,NA,NA,NA,NA
"GTAACTGAGCAGACTG-b02",10.8094818057772,10.9536948536984,10.7889930026037,10.7408960552527,10.8766386385433,10.9050923399856,10.876865865386,10.8103370128752,9.83739356079186,9.92094195087633,10.0860801824406,9.93070848075815,9.80146788456532
"GTACTCCAGATGGGTC-b02",40.1403840711324,19.9765354062051,19.8075665248652,19.892358859612,19.5889978437666,45.7480370643759,19.7790131307354,45.3681447896845,NA,NA,NA,NA,NA
"GTACTCCTCATAGCAC-b02",22.2312572909514,22.110937053151,22.3839293605803,22.4222205051938,21.7355717923482,22.0816906899166,22.0700819467732,22.0929888787924,NA,NA,NA,NA,NA
"GTATTCTTCTCGCATC-b02",35.2933790085668,27.8569539173098,33.3224758879692,34.1471770240787,35.0086324854689,41.978342671861,36.8270642029358,39.0937146458194,NA,NA,NA,NA,NA
"GTCGGGTTCTTGTACT-b02",16.4566379491356,16.6156019646663,16.6323087434642,16.5751100360853,16.5761147881468,16.6473619901646,16.6358781450113,16.6238066963183,12.0747361557751,11.7908736274256,12.2964755486816,12.122490278404,11.8962369072564
"GTCTTCGGTCAAAGCG-b02",NA,NA,NA,NA,50.1645712399346,NA,NA,NA,NA,NA,NA,NA,NA
"GTGAAGGCACCAGATT-b02",NA,NA,NA,52.2782169407286,NA,NA,NA,NA,NA,NA,NA,NA,NA
"GTGCAGCCATGCCTTC-b02",12.692525100826,12.6424023057516,12.6377147993035,12.6032013818992,12.5304626946098,12.6233562727633,12.6253822551246,12.5901925055188,11.6100687801604,11.5675763745407,11.7064537934953,11.7350387472545,11.4590200663577
"GTGGGTCCAGTGGGAT-b02",13.086196744204,13.106207895278,13.1014290000423,13.117091625778,12.9880487645212,13.1343373437272,13.1584179660658,13.0399444615542,11.5555737564561,11.7195805487212,11.9297917461,11.7350387472545,11.7249931034913
"GTTAAGCGTAAACGCG-b02",11.1630444756837,11.1567874815541,11.2004688305481,11.1813531637429,11.152467998395,11.1662547519706,11.1921200391185,11.1711225052181,10.5834336296345,10.7623042472365,10.8730385945832,10.7513222088656,10.5685851016308
"GTTCATTAGGGATGGG-b02",NA,NA,NA,NA,NA,NA,NA,55.0633617282485,NA,NA,NA,NA,NA
"GTTCATTTCTTAGCCC-b02",NA,NA,NA,22.587340750071,NA,NA,NA,NA,NA,NA,NA,NA,NA
"GTTCTCGGTGGACGAT-b02",12.808195569389,12.8909456804927,12.9045286220444,12.9254782445801,12.8788530305169,12.8049632707504,12.8006565968691,12.8876685267566,13.0102872497337,12.6886478210324,27.6342258477981,13.1553345322507,12.8582396987604
"TACACGAAGGCATGGT-b02",10.2812185357455,10.2993733060105,10.3041689887221,10.3031505051238,10.2928531729161,10.3081977821371,10.3185409256854,10.3097224815024,11.0678786043361,10.2545373767265,10.6501536367867,10.0614039002553,10.5624575722104
"TACCTATGTGTTGGGA-b02",14.9777668265476,15.035804491365,14.9056505511326,15.0373181966042,14.870449337575,15.0338986212595,15.0467622005332,15.0031426466558,11.5153071779508,11.3440384167197,11.7064537934953,11.5396786430193,11.4590200663577
"TACGGTACAATCTACG-b02",NA,NA,NA,15.9729450125039,NA,NA,NA,NA,NA,NA,NA,NA,NA
"TAGACCACAAGCGATG-b02",NA,NA,NA,NA,NA,NA,NA,45.9664076615511,NA,NA,NA,NA,NA
"TAGGCATAGTACCGGA-b02",NA,NA,NA,57.749835345337,NA,NA,NA,NA,NA,NA,NA,NA,NA
"TATCAGGGTAAATGTG-b02",12.1979976514534,12.3657920480828,12.2549493458764,12.2913714251624,12.3190448859198,12.3679605799112,12.3664562538092,12.2756305571694,12.0747361557751,12.0142537982721,29.4214233839956,12.1550977595629,11.9915254176525
"TATTACCCACCGATAT-b02",22.5705492584771,22.3134089510146,22.5101543194622,22.542516347159,22.0250586306437,22.4732168455764,22.2250667754548,22.3278066377576,NA,NA,NA,NA,NA
"TCAATCTCAACACCTA-b02",18.2345653367532,17.5248555778004,17.8825625757486,17.7977822755646,17.5602487615135,17.6678658981426,17.6241225040023,17.6713665845521,NA,NA,NA,NA,NA
"TCAGATGGTTGCGTTA-b02",10.28801733695,10.3105909487608,10.319495561944,10.3266169734434,10.2667956975873,10.3382817129003,10.3055431544838,10.3135300168904,10.18904224924,11.6462084237987,10.9337739234886,11.4617783956758,10.9270470784959
"TCAGGTACACGGATAG-b02",11.2440168334893,11.2788786693485,11.3359126766507,11.3136974486203,11.236605486876,11.2761140631196,11.2820138977903,11.3018739701271,13.2922662596984,11.9009783126807,13.3105053499538,15.5631418400541,12.991584954738
"TCCCGATTCAACGCTA-b02",10.3493334320061,10.3514654944033,10.3654639012107,10.3774430715728,10.361830581841,10.3929703582308,10.3972342587764,10.3843021759608,10.503669652593,10.4751323329488,10.742593048684,10.5113775378076,10.5377468372953
"TCTATTGGTACGCTGC-b02",10.8566369464637,10.8250394052135,10.8609573149141,10.8905656576637,10.8413559048798,10.8415794008061,10.8571004759832,10.8656196998371,10.503669652593,11.1983538624215,10.9871519696848,11.1538664976268,10.9270470784959
"TCTCATATCTTCATGT-b02",13.3288945099087,13.2944980879006,13.3723950178989,13.3642786539271,13.3537791890977,13.3216892191482,13.3328598761717,13.369271485847,26.2440853175755,NA,NA,NA,NA
"TCTGGAAGTGGAAAGA-b02",NA,NA,NA,NA,NA,NA,NA,57.0289333446839,NA,NA,NA,NA,NA
"TGAAAGAAGCGTAATA-b02",12.3706648656423,12.6493721330138,12.5039711196103,12.4995182264526,12.5940044580383,12.5375329888581,12.59690476656,12.5318091853964,10.8223129069739,11.7888643778389,11.3552235472888,11.6992774567387,11.3100363561064
"TGACGGCTCCTACAGA-b02",10.8498044824231,10.8498543572047,10.8507779427971,10.8308855087702,10.8376527768603,10.8608045007814,10.8522458390985,10.8398366605439,10.4635262718853,10.6315846153727,10.6773875394279,10.559251513527,10.3054251808133
"TGAGAGGAGACTACAA-b02",18.8403768920892,19.7254742414906,19.4428271501167,19.5080751481645,19.3157397579695,19.419828372587,19.5658492344825,19.4881873917925,NA,NA,NA,NA,NA
"TGAGAGGCAGCTGCAC-b02",NA,NA,NA,17.7724501318881,NA,NA,NA,NA,NA,NA,NA,NA,NA
"TGAGGGATCGTACCGG-b02",16.9087681895611,17.260880294351,17.0579155329761,17.2480539830163,17.1051199382059,17.1240620363209,17.2202397218618,17.1449323186072,NA,NA,NA,NA,NA
"TGCCCATGTACACCGC-b02",7.38191520460718,7.39066048001202,7.38907776180581,7.38937678981896,7.39746818373894,7.39294001306391,7.39474893428066,7.38813889917898,7.46747655862164,7.50327426715295,7.47097272554679,7.48882846850051,7.54541000038838
"TGCCCATGTCCGTCAG-b02",19.5367964692946,19.1137531756727,19.249928815069,19.3938471618333,19.0268193114374,19.1830999877501,19.1597636574381,19.1891773905318,NA,NA,NA,NA,NA
"TGCTGCTGTAATCACC-b02",NA,NA,NA,NA,NA,NA,56.706305832686,NA,NA,NA,NA,NA,NA
"TGGCCAGGTAAGTTCC-b02",4.95380778653677,4.97353805837424,4.95876641025721,4.95971455161714,4.96184596011911,4.96827502560311,4.95284557226726,4.97768360326045,5.01421956154557,5.01043235843291,5.00855137510959,5.01188822792855,5.02719504028788
"TGGCGCATCAGCTGGC-b02",15.3482227718507,16.1233557685726,15.9018996927347,15.8484825356963,15.9985652914542,16.0396599147144,16.116553106957,16.007565645769,11.1700287074877,11.5675763745407,11.7064537934953,11.7350387472545,11.4590200663577
"TGGTTCCAGGTACTCT-b02",NA,NA,NA,NA,60.7417605876394,NA,NA,NA,NA,NA,NA,NA,NA
"TGTCCCAAGAGGTAGA-b02",12.5885121777941,12.4815514573978,12.5980106800011,12.5752908883187,12.405521623677,12.4610875824025,12.4457791646934,12.5600615207473,26.0836842673266,13.8562581144825,13.9853072533671,12.8793926665496,13.3406566347493
"TGTGTTTGTGCAGTAG-b02",NA,NA,NA,NA,52.3142234930799,NA,NA,NA,NA,NA,NA,NA,NA
"TTAGGCAGTATATCCG-b02",13.0343679224226,12.9543121556652,13.0660031291673,13.0318951267507,12.8788530305169,12.9551372557593,12.9492362381912,12.9617855731504,11.3935363312819,11.4770314105652,11.7788635553569,11.5668586985008,11.4540362790843
"TTGACTTTCTTATCTG-b02",6.63033092669735,6.63494975403351,6.63391778771627,6.63817717961586,6.6428631879549,6.63878563957207,6.63704705604361,6.64284090601995,6.81281752506825,6.84236227855975,6.80613605292126,6.84706346867818,6.94412961025348
"TTGCCGTTCCTTTACA-b02",25.8672373912357,25.4298548866647,25.8404768757665,25.8367981450414,25.3914488449206,25.6672018849993,25.6361098600462,25.5417544284102,NA,NA,NA,NA,NA
"TTGTAGGAGGGATACC-b02",12.9913734176247,12.9868947506891,13.0929479562849,12.9935733550583,12.8788530305169,13.002262861669,13.0181479896568,12.997131195819,26.7326034728485,12.1294899499616,12.3773508506248,12.1390394005295,11.9915254176525
"TTTATGCAGTGACTCT-b02",NA,NA,NA,NA,NA,50.7133074643682,NA,NA,NA,NA,NA,NA,NA
"AGAGTGGCAGCTGCTG-500.1.1",25.77690007801,NA,NA,NA,NA,NA,NA,NA,NA,NA,NA,NA,NA
"CAACCAAGTCTCCCTA-500.1.1",31.3486827666042,31.3290360600062,32.4692017542403,31.3637173741172,31.0898612005345,32.3214441566856,32.1819443589213,31.9630874945205,NA,NA,NA,NA,NA
"TTTCCTCTCTCACATT-500.1.1",NA,NA,NA,NA,NA,NA,47.8751918682708,NA,NA,NA,NA,NA,NA
"ACATCAGCAGTGGAGT-500.1.2",NA,52.8098126661943,NA,NA,NA,NA,NA,NA,NA,NA,NA,NA,NA
"ACTGATGAGACAAGCC-500.1.2",28.4101981467743,NA,NA,NA,NA,NA,NA,NA,NA,NA,NA,NA,NA
"AGTGAGGGTCGCCATG-500.1.2",NA,NA,NA,NA,NA,47.338689313344,NA,45.9038095520466,NA,NA,NA,NA,NA
"CCTCTGATCGTACGGC-500.1.2",NA,NA,NA,27.3701639400616,NA,NA,NA,NA,NA,NA,NA,NA,NA
"CGGAGCTTCTGTTTGT-500.1.2",NA,NA,NA,NA,NA,40.1765232289113,38.9966600490681,38.8771638997423,NA,NA,NA,NA,NA
"TACTTGTCATACGCCG-500.1.2",NA,NA,NA,NA,NA,42.2882395447185,40.9081757770231,41.2419583935306,NA,NA,NA,NA,NA
"TTGCCGTTCCTGTAGA-500.1.2",25.1353613418812,25.3483093933312,25.2770818446241,25.205018433566,25.0602286623038,25.1907229536603,25.3470717185242,25.2666423947171,NA,NA,NA,NA,NA
"CTGTTTAAGAGCAATT-500.1.3",NA,NA,NA,NA,NA,46.0226875866165,NA,NA,NA,NA,NA,NA,NA
"TCATTACTCGTGTAGT-500.1.3",42.1674132652647,NA,NA,NA,NA,NA,NA,NA,NA,NA,NA,NA,NA
"AAAGTAGAGGACGAAA-500.2.1",NA,NA,NA,NA,NA,NA,NA,57.763038451633,NA,NA,NA,NA,NA
"AAAGTAGGTAAAGTCA-500.2.1",51.4914473245593,NA,NA,NA,NA,NA,NA,NA,NA,NA,NA,NA,NA
"AAAGTAGGTCCTGCTT-500.2.1",29.8032107781716,29.3576095186253,29.6707107936085,29.2503116886641,28.7303016197411,29.4905905712281,29.4023180273863,29.4635364980702,NA,NA,NA,NA,NA
"AAATGCCGTATAAACG-500.2.1",NA,NA,NA,NA,NA,NA,57.0938859286862,NA,NA,NA,NA,NA,NA
"AACCATGCATGCCCGA-500.2.1",NA,NA,NA,NA,NA,NA,NA,57.6484723017953,NA,NA,NA,NA,NA
"AACCGCGAGGTGACCA-500.2.1",NA,NA,NA,NA,53.7719043103137,NA,NA,NA,NA,NA,NA,NA,NA
"AACTGGTTCGAATGGG-500.2.1",NA,53.1780209565993,NA,NA,NA,NA,NA,NA,NA,NA,NA,NA,NA
"AAGTCTGGTAGCACGA-500.2.1",54.026318490588,NA,NA,NA,NA,NA,NA,NA,NA,NA,NA,NA,NA
"AATCCAGTCGCCATAA-500.2.1",46.402368579716,NA,NA,NA,NA,NA,NA,NA,NA,NA,NA,NA,NA
"ACATCAGAGAATTGTG-500.2.1",NA,61.5632984121649,NA,NA,NA,NA,NA,NA,NA,NA,NA,NA,NA
"ACCAGTAAGTCGAGTG-500.2.1",NA,NA,NA,NA,NA,NA,53.602737226111,NA,NA,NA,NA,NA,NA
"ACGCCGACACAGAGGT-500.2.1",NA,NA,NA,NA,60.6513690633333,NA,NA,NA,NA,NA,NA,NA,NA
"ACGCCGAGTGTTGGGA-500.2.1",NA,NA,NA,NA,NA,46.8285933413571,NA,46.4591166249246,NA,NA,NA,NA,NA
"ACGGGCTCACGGTGTC-500.2.1",NA,NA,NA,NA,NA,49.2708198297596,NA,NA,NA,NA,NA,NA,NA
"ACGGGTCGTCACAAGG-500.2.1",NA,NA,NA,NA,54.0832091824099,NA,NA,NA,NA,NA,NA,NA,NA
"ACTGAACTCGCCATAA-500.2.1",NA,NA,NA,57.7932867818206,NA,NA,NA,NA,NA,NA,NA,NA,NA
"ACTTACTCAATTGCTG-500.2.1",37.4417350251879,NA,NA,NA,NA,NA,NA,NA,NA,NA,NA,NA,NA
"ACTTTCATCAAAGTAG-500.2.1",NA,NA,NA,NA,NA,53.7708263676252,NA,NA,NA,NA,NA,NA,NA
"ACTTTCATCTAGCACA-500.2.1",NA,NA,NA,NA,NA,55.9934666965426,NA,NA,NA,NA,NA,NA,NA
"AGAATAGAGCACAGGT-500.2.1",NA,NA,NA,26.9544357175159,NA,NA,NA,NA,NA,NA,NA,NA,NA
"AGACGTTCAATAAGCA-500.2.1",NA,NA,NA,NA,NA,NA,43.5045949465804,NA,NA,NA,NA,NA,NA
"AGACGTTTCAATCACG-500.2.1",NA,NA,NA,49.7269759844485,NA,NA,NA,NA,NA,NA,NA,NA,NA
"AGAGTGGGTCGAAAGC-500.2.1",NA,NA,NA,NA,NA,NA,44.9953088371703,NA,NA,NA,NA,NA,NA
"AGATTGCGTTACGGAG-500.2.1",NA,60.2949232851101,NA,NA,NA,NA,NA,NA,NA,NA,NA,NA,NA
"AGCGGTCAGGTGTTAA-500.2.1",26.0281266660906,25.5919654328845,25.8710658040663,26.0496967659992,25.7481603579068,25.6983168129646,25.8576960983981,25.8238031354397,NA,NA,NA,NA,NA
"AGCTCCTAGCTAAACA-500.2.1",NA,53.4681256440282,NA,NA,NA,NA,NA,NA,NA,NA,NA,NA,NA
"AGCTCCTCAAGTAGTA-500.2.1",26.0195420519948,25.5421735308304,25.9071556769816,25.6455099732991,25.3363357286711,25.5853110516159,25.6669863270392,25.7307120738194,NA,NA,NA,NA,NA
"AGCTCCTCACCAGTTA-500.2.1",NA,NA,NA,NA,60.0705669086023,NA,NA,NA,NA,NA,NA,NA,NA
"AGGCCGTGTGAGTGAC-500.2.1",37.9190426861105,NA,NA,NA,NA,42.1946244817659,NA,41.7628406173259,NA,NA,NA,NA,NA
"AGGTCCGAGCATCATC-500.2.1",NA,NA,NA,NA,NA,NA,NA,48.4497281973842,NA,NA,NA,NA,NA
"AGTTGGTCAGATCCAT-500.2.1",NA,NA,NA,NA,NA,55.3941383450893,NA,NA,NA,NA,NA,NA,NA
"ATCACGAAGAGCAATT-500.2.1",NA,NA,NA,NA,NA,55.3168031803766,NA,NA,NA,NA,NA,NA,NA
"ATCGAGTGTTGTACAC-500.2.1",NA,61.6933337868852,NA,NA,NA,NA,NA,NA,NA,NA,NA,NA,NA
"ATCTACTAGAAACCAT-500.2.1",NA,NA,NA,NA,NA,NA,NA,47.8070983028352,NA,NA,NA,NA,NA
"ATCTGCCAGATGCGAC-500.2.1",35.7469392231082,NA,36.9854682806872,33.7930588031158,NA,39.5891543995912,36.9482198687496,38.3642772840693,NA,NA,NA,NA,NA
"ATGCGATGTTCGCGAC-500.2.1",NA,NA,NA,NA,NA,NA,NA,49.4747567803798,NA,NA,NA,NA,NA
"ATGTGTGAGCACGCCT-500.2.1",NA,62.3866466347853,NA,NA,NA,NA,NA,NA,NA,NA,NA,NA,NA
"ATTATCCAGGCCCGTT-500.2.1",NA,NA,NA,NA,NA,NA,NA,45.5163915919935,NA,NA,NA,NA,NA
"CACACTCAGTCGTACT-500.2.1",33.0221881552342,29.6866561158942,30.9493794188297,30.4239871197607,29.2929342739172,31.1147416358579,30.9678911765924,33.459501175175,NA,NA,NA,NA,NA
"CACAGTAAGCTCAACT-500.2.1",NA,NA,NA,NA,NA,NA,NA,48.2299512643666,NA,NA,NA,NA,NA
"CACATAGAGGAACTGC-500.2.1",NA,NA,NA,NA,60.0168781735802,NA,NA,NA,NA,NA,NA,NA,NA
"CAGAATCCAACTTGAC-500.2.1",NA,NA,NA,NA,NA,NA,NA,49.0031477883054,NA,NA,NA,NA,NA
"CAGATCACACCAGATT-500.2.1",NA,NA,NA,NA,NA,NA,NA,53.2094878244255,NA,NA,NA,NA,NA
"CAGCAGCAGTTACGGG-500.2.1",NA,NA,NA,NA,57.7474631111233,NA,NA,NA,NA,NA,NA,NA,NA
"CAGCCGAGTCTCGTTC-500.2.1",51.8261890920008,NA,NA,NA,NA,NA,NA,NA,NA,NA,NA,NA,NA
"CATATTCGTTCAGCGC-500.2.1",38.2158953182789,NA,40.7627151460806,NA,NA,41.807225966208,NA,41.214312020111,NA,NA,NA,NA,NA
"CATCAGATCGGCGGTT-500.2.1",49.2460022495528,NA,NA,NA,NA,NA,NA,NA,NA,NA,NA,NA,NA
"CCACCTATCATGCTCC-500.2.1",40.0104988868362,NA,NA,NA,NA,NA,NA,NA,NA,NA,NA,NA,NA
"CCCTCCTCAAGCTGGA-500.2.1",NA,NA,NA,NA,NA,NA,56.109053314015,NA,NA,NA,NA,NA,NA
"CCCTCCTGTTATGTGC-500.2.1",NA,NA,NA,NA,NA,NA,NA,48.1004506276133,NA,NA,NA,NA,NA
"CCTAAAGGTTCAACCA-500.2.1",NA,NA,NA,NA,NA,NA,NA,54.9264678530126,NA,NA,NA,NA,NA
"CCTACCAGTCTAAAGA-500.2.1",NA,NA,NA,NA,NA,NA,NA,48.615724443805,NA,NA,NA,NA,NA
"CCTTACGCAAGACGTG-500.2.1",NA,NA,NA,NA,63.6574167202489,NA,NA,NA,NA,NA,NA,NA,NA
"CGATGTATCGCACTCT-500.2.1",NA,NA,NA,21.5082299547864,NA,NA,NA,NA,NA,NA,NA,NA,NA
"CGCTATCCACGGCTAC-500.2.1",36.1612818344969,29.5377577912088,36.6149769852737,31.1519646263569,28.5870103679414,39.1971518741684,36.0951631327707,37.4927235924091,NA,NA,NA,NA,NA
"CGGACGTTCCAACCAA-500.2.1",44.1111464520269,NA,NA,NA,NA,NA,NA,NA,NA,NA,NA,NA,NA
"CGGCTAGCAGCGAACA-500.2.1",NA,NA,NA,NA,NA,NA,NA,47.2614538628593,NA,NA,NA,NA,NA
"CGTAGCGAGATCCCAT-500.2.1",NA,NA,NA,NA,NA,54.7196249490202,NA,NA,NA,NA,NA,NA,NA
"CGTGAGCAGCGTCAAG-500.2.1",36.2214128713836,NA,37.9655814879645,NA,NA,39.9747042212106,37.7534398695814,38.648980816905,NA,NA,NA,NA,NA
"CGTTAGACACCAGCAC-500.2.1",50.3639034863569,NA,NA,NA,NA,NA,NA,NA,NA,NA,NA,NA,NA
"CGTTAGAGTCTGATTG-500.2.1",NA,NA,NA,NA,NA,NA,NA,43.5643481482936,NA,NA,NA,NA,NA
"CTAAGACGTTCGGGCT-500.2.1",NA,NA,NA,NA,NA,NA,NA,55.3581441390266,NA,NA,NA,NA,NA
"CTACACCCATCCGTGG-500.2.1",NA,NA,NA,NA,NA,54.8524643670892,NA,NA,NA,NA,NA,NA,NA
"CTACATTCACTTCTGC-500.2.1",NA,NA,NA,NA,NA,56.2015993587619,NA,NA,NA,NA,NA,NA,NA
"CTAGCCTTCGCGATCG-500.2.1",NA,NA,NA,NA,NA,NA,NA,41.4320973784202,NA,NA,NA,NA,NA
"CTCATTAGTCTAAACC-500.2.1",NA,NA,NA,51.5511861459075,NA,NA,NA,NA,NA,NA,NA,NA,NA
"CTCATTATCCAATGGT-500.2.1",NA,NA,NA,NA,NA,NA,NA,47.5793545419533,NA,NA,NA,NA,NA
"CTCGTCAGTGACGGTA-500.2.1",NA,NA,NA,55.6612685366613,NA,NA,NA,NA,NA,NA,NA,NA,NA
"CTGCCTAGTCAACATC-500.2.1",NA,NA,NA,NA,NA,NA,NA,48.5594286212598,NA,NA,NA,NA,NA
"CTGCTGTTCGTCTGCT-500.2.1",NA,NA,NA,57.7935383760372,NA,NA,NA,NA,NA,NA,NA,NA,NA
"CTGGTCTAGACTACAA-500.2.1",44.2757113861711,NA,NA,NA,NA,47.2246951948114,NA,46.6233509078725,NA,NA,NA,NA,NA
"CTGGTCTGTGCAGTAG-500.2.1",52.6238217214855,NA,NA,NA,NA,NA,NA,NA,NA,NA,NA,NA,NA
"CTTGGCTAGGGTTCCC-500.2.1",NA,NA,NA,NA,NA,NA,NA,58.446637224499,NA,NA,NA,NA,NA
"CTTTGCGTCAGTTCGA-500.2.1",38.3588649050301,NA,NA,NA,NA,NA,NA,40.3125627383315,NA,NA,NA,NA,NA
"GACCAATTCAAGGTAA-500.2.1",NA,NA,NA,53.004704367536,NA,NA,NA,NA,NA,NA,NA,NA,NA
"GATCAGTAGTACGTTC-500.2.1",NA,NA,NA,NA,NA,NA,NA,47.1137062106031,NA,NA,NA,NA,NA
"GATCAGTTCCTTTCGG-500.2.1",NA,NA,NA,NA,58.0011887649476,NA,NA,NA,NA,NA,NA,NA,NA
"GATCGCGGTTAAGGGC-500.2.1",NA,NA,NA,52.063283353058,NA,NA,NA,NA,NA,NA,NA,NA,NA
"GATGAAACATTAGGCT-500.2.1",36.5581140154125,32.5893448530693,36.066878434444,32.4459245258442,29.3674074637197,38.7596628599329,36.7197444492617,38.4034534102731,NA,NA,NA,NA,NA
"GCATGCGGTTCGGGCT-500.2.1",NA,NA,NA,NA,NA,NA,NA,46.2912261163734,NA,NA,NA,NA,NA
"GCATGTATCATGTAGC-500.2.1",NA,NA,NA,NA,NA,NA,57.1618782715265,NA,NA,NA,NA,NA,NA
"GCGCCAATCGGTTCGG-500.2.1",NA,NA,NA,NA,NA,NA,47.1748138064103,NA,NA,NA,NA,NA,NA
"GCTCTGTGTAATTGGA-500.2.1",NA,60.017989873233,NA,NA,NA,NA,NA,NA,NA,NA,NA,NA,NA
"GGAAAGCCATCTGGTA-500.2.1",NA,NA,NA,23.2580030677178,NA,NA,NA,NA,NA,NA,NA,NA,NA
"GGAACTTCACGGTAAG-500.2.1",45.1719128906345,NA,NA,NA,NA,NA,NA,NA,NA,NA,NA,NA,NA
"GGAGCAATCTAGCACA-500.2.1",45.7173892941671,NA,NA,NA,NA,NA,NA,NA,NA,NA,NA,NA,NA
"GGATGTTAGCGATAGC-500.2.1",47.5414802338642,NA,NA,NA,NA,NA,NA,NA,NA,NA,NA,NA,NA
"GGGACCTAGCGCCTTG-500.2.1",48.41522520152,NA,NA,NA,NA,NA,NA,NA,NA,NA,NA,NA,NA
"GGGATGACACGGACAA-500.2.1",NA,NA,NA,NA,52.3688398442219,NA,NA,NA,NA,NA,NA,NA,NA
"GGTGCGTCAAGCTGAG-500.2.1",NA,NA,NA,52.417975829142,NA,NA,NA,NA,NA,NA,NA,NA,NA
"GTAGGCCTCAACCAAC-500.2.1",37.4417350251879,NA,38.8606456300179,NA,NA,41.2897673069592,39.5027135161546,40.6343164737453,NA,NA,NA,NA,NA
"GTCATTTGTTTGCATG-500.2.1",33.4336637288596,24.6978326129566,25.0601474771148,25.1832970302481,24.239117046189,24.6499711804046,24.7078407677928,24.9666870008446,NA,NA,NA,NA,NA
"GTGAAGGCATGTAAGA-500.2.1",47.2015071408321,NA,NA,NA,NA,NA,NA,NA,NA,NA,NA,NA,NA
"GTGCTTCTCCGAGCCA-500.2.1",NA,51.7167135239329,NA,NA,NA,NA,NA,NA,NA,NA,NA,NA,NA
"TAAGAGACAAGAAAGG-500.2.1",44.1625573924717,NA,NA,NA,NA,NA,NA,NA,NA,NA,NA,NA,NA
"TACACGAAGGCGCTCT-500.2.1",NA,NA,NA,NA,NA,54.8024190459879,NA,NA,NA,NA,NA,NA,NA
"TACGGATGTTGCTCCT-500.2.1",NA,NA,NA,NA,NA,NA,50.6700699785884,NA,NA,NA,NA,NA,NA
"TACGGGCCACAACGCC-500.2.1",22.3824682905707,NA,NA,NA,NA,NA,NA,NA,NA,NA,NA,NA,NA
"TACTTACCATGGAATA-500.2.1",41.3054021817894,21.2368562145102,49.2983469587224,NA,NA,47.097016065975,NA,47.8234303102861,NA,NA,NA,NA,NA
"TAGACCAGTATCGCAT-500.2.1",44.4451970548779,NA,NA,NA,NA,NA,NA,NA,NA,NA,NA,NA,NA
"TAGACCATCGCTGATA-500.2.1",NA,NA,NA,NA,NA,NA,NA,47.6924403934563,NA,NA,NA,NA,NA
"TAGTTGGGTTATCCGA-500.2.1",39.5385490660446,NA,NA,NA,NA,NA,NA,NA,NA,NA,NA,NA,NA
"TATGCCCCATTGGTAC-500.2.1",NA,NA,NA,NA,NA,56.0177477953083,NA,NA,NA,NA,NA,NA,NA
"TCAACGAAGTTGCAGG-500.2.1",NA,NA,NA,NA,NA,55.0007330020202,NA,NA,NA,NA,NA,NA,NA
"TCACGAAAGGCATTGG-500.2.1",43.5731909705235,NA,NA,NA,NA,47.9858871565228,NA,47.6025882506579,NA,NA,NA,NA,NA
"TCAGATGTCCGAACGC-500.2.1",NA,NA,NA,NA,NA,NA,NA,48.4406791177514,NA,NA,NA,NA,NA
"TCAGCTCGTTCGTTGA-500.2.1",NA,NA,NA,NA,NA,NA,NA,48.6484126023959,NA,NA,NA,NA,NA
"TCAGGATTCAGGTTCA-500.2.1",41.8937993560284,NA,NA,NA,NA,NA,NA,NA,NA,NA,NA,NA,NA
"TCATTACTCACAGTAC-500.2.1",40.7006983461966,NA,NA,NA,NA,NA,NA,NA,NA,NA,NA,NA,NA
"TCGAGGCAGGGATCTG-500.2.1",NA,NA,NA,NA,NA,NA,NA,48.615724443805,NA,NA,NA,NA,NA
"TCGCGTTCATCGGAAG-500.2.1",NA,NA,NA,NA,NA,NA,NA,47.0660562261902,NA,NA,NA,NA,NA
"TCGCGTTGTGGGTATG-500.2.1",18.6734372736253,19.4001698197217,19.2206583519686,19.5033693538275,19.0512383669656,47.027310887923,19.3596944561821,46.5909850937489,NA,NA,NA,NA,NA
"TCGTAGAAGGTTCCTA-500.2.1",NA,NA,NA,NA,57.0389519332492,NA,NA,NA,NA,NA,NA,NA,NA
"TCTCTAAAGAGCAATT-500.2.1",NA,NA,NA,NA,NA,NA,NA,47.4268028644693,NA,NA,NA,NA,NA
"TGAGCCGGTAGCTCCG-500.2.1",47.8956504862758,NA,NA,NA,NA,NA,NA,NA,NA,NA,NA,NA,NA
"TGCCAAAAGCTAGTGG-500.2.1",NA,51.1094661709419,NA,NA,NA,NA,NA,NA,NA,NA,NA,NA,NA
"TGCCCTAAGGCTACGA-500.2.1",47.2906069178576,NA,NA,NA,NA,NA,NA,NA,NA,NA,NA,NA,NA
"TGCCCTAGTATGAATG-500.2.1",NA,NA,NA,53.6724769360835,NA,NA,NA,NA,NA,NA,NA,NA,NA
"TGCGGGTGTGATGTGG-500.2.1",NA,NA,NA,NA,NA,51.1080533590724,NA,NA,NA,NA,NA,NA,NA
"TGCTACCTCTACCAGA-500.2.1",NA,NA,NA,NA,NA,44.1437440858554,NA,NA,NA,NA,NA,NA,NA
"TGGGAAGAGAAGAAGC-500.2.1",NA,NA,NA,NA,NA,NA,51.973435159758,NA,NA,NA,NA,NA,NA
"TTAGTTCGTCTGCGGT-500.2.1",NA,NA,NA,NA,NA,NA,44.0793295066905,NA,NA,NA,NA,NA,NA
"TTCTACAAGTGACATA-500.2.1",NA,NA,NA,NA,NA,NA,NA,46.8555168693015,NA,NA,NA,NA,NA
"TTCTACATCGCCATAA-500.2.1",NA,NA,NA,NA,NA,NA,56.4066923698949,NA,NA,NA,NA,NA,NA
"TTCTCCTAGCTGATAA-500.2.1",44.8840735951238,NA,NA,NA,NA,NA,NA,NA,NA,NA,NA,NA,NA
"TTGAACGTCTGATTCT-500.2.1",21.8382128496261,21.7851310665074,21.8630178301946,22.1816861928585,21.4189151448105,21.6379971558266,21.6742383888657,21.7057545224663,NA,NA,NA,NA,NA
"TTGCCGTTCGGCGCTA-500.2.1",NA,NA,NA,NA,NA,NA,NA,56.041267122064,NA,NA,NA,NA,NA
"TTGGCAATCACGCATA-500.2.1",NA,NA,NA,NA,NA,NA,NA,46.4602218389127,NA,NA,NA,NA,NA
"TTTCCTCTCACAGGCC-500.2.1",NA,NA,NA,NA,NA,NA,NA,54.8573084465538,NA,NA,NA,NA,NA
"TTTGTCACAAAGGTGC-500.2.1",NA,57.8383137548144,NA,NA,NA,NA,NA,NA,NA,NA,NA,NA,NA
"AACCATGTCTGCGTAA-500.2.2",39.2179161663907,20.9468259783653,20.8348334507159,20.9385550634532,20.5427216876715,20.6880634768836,20.7934670204035,20.7258141948024,NA,NA,NA,NA,NA
"AACCGCGCATCATCCC-500.2.2",NA,58.0115663853522,NA,NA,NA,NA,NA,NA,NA,NA,NA,NA,NA
"ACACCAAAGCTAAGAT-500.2.2",NA,NA,NA,NA,NA,NA,NA,60.3229603416168,NA,NA,NA,NA,NA
"ACACTGAAGTCATCCA-500.2.2",NA,59.3055687823514,NA,NA,NA,NA,NA,NA,NA,NA,NA,NA,NA
"ACGAGGAGTGGTACAG-500.2.2",29.9604323830886,28.4532175598172,29.0045922965365,28.6080453780459,28.0718354442291,28.9629286430122,28.8671882050284,29.3961426156275,NA,NA,NA,NA,NA
"ACGCCAGAGGGTCTCC-500.2.2",29.7930909417852,28.9239138279881,29.6022767427732,28.8613245954142,28.6843602404561,29.1618664990027,29.2594726679521,29.2639464027981,NA,NA,NA,NA,NA
"ACGCCGACACTGTGTA-500.2.2",NA,NA,NA,NA,NA,50.9806613998663,NA,NA,NA,NA,NA,NA,NA
"ACGGCCACATCGGGTC-500.2.2",NA,NA,NA,NA,64.9242465941319,NA,NA,NA,NA,NA,NA,NA,NA
"ACGGCCATCCAGGGCT-500.2.2",NA,NA,NA,NA,NA,NA,49.1050422487971,NA,NA,NA,NA,NA,NA
"ACGGGCTAGCTAGTCT-500.2.2",NA,NA,NA,NA,NA,NA,56.2169823543247,NA,NA,NA,NA,NA,NA
"ACTATCTGTAAGGATT-500.2.2",NA,NA,NA,NA,NA,47.7300959036737,NA,46.099696110925,NA,NA,NA,NA,NA
"ACTTTCAAGTACGACG-500.2.2",NA,NA,NA,NA,NA,NA,NA,50.3564876977472,NA,NA,NA,NA,NA
"AGAGTGGCAAACGTGG-500.2.2",47.6489036926213,NA,NA,NA,NA,NA,NA,NA,NA,NA,NA,NA,NA
"AGAGTGGGTCAGTGGA-500.2.2",29.0010490393489,28.1853105653548,28.6091481172668,28.3331630232512,27.9002874451996,28.0894850217579,28.438754356254,28.6000737059094,NA,NA,NA,NA,NA
"AGATTGCCATGCCTAA-500.2.2",NA,NA,NA,NA,NA,49.3030288837946,NA,47.0660562261902,NA,NA,NA,NA,NA
"AGATTGCTCCACGACG-500.2.2",NA,18.2942830636359,NA,NA,NA,NA,18.0812578999237,49.7833324724626,NA,NA,NA,NA,NA
"AGCAGCCGTAAGTGTA-500.2.2",45.2824384065856,NA,NA,NA,NA,NA,NA,NA,NA,NA,NA,NA,NA
"AGCTTGATCTCGATGA-500.2.2",NA,NA,NA,NA,NA,53.339110399095,NA,NA,NA,NA,NA,NA,NA
"AGGGATGTCATTTGGG-500.2.2",37.3722704054251,NA,38.7746193273297,NA,NA,40.7499324895448,39.4975682224625,39.5399370021728,NA,NA,NA,NA,NA
"AGGTCCGTCTAACCGA-500.2.2",NA,NA,NA,NA,NA,50.6904563886308,NA,NA,NA,NA,NA,NA,NA
"AGTTGGTAGGCGATAC-500.2.2",46.7756882317465,NA,NA,NA,NA,NA,NA,NA,NA,NA,NA,NA,NA
"ATCATCTAGTGCGATG-500.2.2",NA,NA,NA,NA,NA,NA,NA,49.9666333668725,NA,NA,NA,NA,NA
"ATCTACTAGAAACGAG-500.2.2",NA,NA,NA,NA,NA,NA,57.1163466663641,NA,NA,NA,NA,NA,NA
"CAAGGCCCATAAAGGT-500.2.2",42.8176021151929,NA,NA,NA,NA,NA,NA,NA,NA,NA,NA,NA,NA
"CACACAACAAGCGATG-500.2.2",NA,NA,NA,NA,NA,48.7798213856507,NA,NA,NA,NA,NA,NA,NA
"CACACTCCAAGAAGAG-500.2.2",NA,NA,NA,NA,NA,NA,59.102333241799,NA,NA,NA,NA,NA,NA
"CACATAGAGCCAGAAC-500.2.2",NA,NA,NA,NA,60.9109123839935,NA,NA,NA,NA,NA,NA,NA,NA
"CACATAGGTCATGCCG-500.2.2",NA,NA,NA,NA,NA,NA,NA,49.1234954878714,NA,NA,NA,NA,NA
"CACCACTCATAAGACA-500.2.2",NA,61.8726937725432,NA,NA,NA,NA,NA,NA,NA,NA,NA,NA,NA
"CAGCATAAGACACGAC-500.2.2",37.156728011912,NA,38.4682196767914,NA,NA,40.6193963877529,38.4825877108941,39.8235565080072,NA,NA,NA,NA,NA
"CAGCTGGAGAAACGAG-500.2.2",NA,NA,NA,NA,NA,NA,NA,43.1242495959075,NA,NA,NA,NA,NA
"CATCCACCATGGAATA-500.2.2",29.6007204576647,25.7270607929711,26.0629133035471,25.9967604645673,25.1790457199306,26.1361007828186,25.4994528393086,25.8853941092912,NA,NA,NA,NA,NA
"CATGACAAGCAAATCA-500.2.2",NA,NA,NA,NA,NA,43.818875129415,NA,43.1852503411267,NA,NA,NA,NA,NA
"CATGGCGCATGCCTTC-500.2.2",NA,NA,NA,NA,58.758153034787,NA,NA,NA,NA,NA,NA,NA,NA
"CATTCGCCATATGCTG-500.2.2",24.2863447183863,NA,NA,NA,NA,NA,NA,NA,NA,NA,NA,NA,NA
"CCCTCCTTCACGCATA-500.2.2",NA,NA,NA,NA,NA,NA,53.60217204794,NA,NA,NA,NA,NA,NA
"CCTATTAAGTGTCCAT-500.2.2",NA,61.9239943590452,NA,NA,NA,NA,NA,NA,NA,NA,NA,NA,NA
"CGATCGGCACATAACC-500.2.2",50.0693773011377,NA,NA,NA,NA,NA,NA,NA,NA,NA,NA,NA,NA
"CGCCAAGGTGAGGCTA-500.2.2",53.185300600135,NA,NA,NA,NA,NA,NA,NA,NA,NA,NA,NA,NA
"CGCGGTATCTTTAGTC-500.2.2",NA,NA,NA,NA,NA,NA,43.2674662585218,NA,NA,NA,NA,NA,NA
"CGGACTGTCGTCCGTT-500.2.2",43.0427145789141,NA,NA,NA,NA,NA,NA,NA,NA,NA,NA,NA,NA
"CGGAGCTTCCTCAATT-500.2.2",53.788404080246,NA,NA,NA,NA,NA,NA,NA,NA,NA,NA,NA,NA
"CGGGTCATCGGCTTGG-500.2.2",NA,NA,NA,NA,NA,NA,NA,59.664911411496,NA,NA,NA,NA,NA
"CGGTTAACACGAAGCA-500.2.2",NA,NA,NA,NA,NA,53.4077209242043,NA,NA,NA,NA,NA,NA,NA
"CGGTTAACATGAGCGA-500.2.2",28.0820072911166,NA,NA,NA,NA,NA,NA,NA,NA,NA,NA,NA,NA
"CGTCAGGCACGGCTAC-500.2.2",35.4599338233159,33.3936588736298,36.3100856159663,33.7902118524254,NA,39.2006823244456,36.9083952296329,37.7033602218708,NA,NA,NA,NA,NA
"CGTCCATCAAAGCGGT-500.2.2",NA,NA,NA,NA,NA,NA,NA,48.6538850654717,NA,NA,NA,NA,NA
"CGTGTCTTCTACTATC-500.2.2",NA,NA,NA,NA,NA,NA,56.0681013760905,NA,NA,NA,NA,NA,NA
"CTAAGACCACACCGCA-500.2.2",52.9327486014923,NA,NA,NA,NA,NA,NA,NA,NA,NA,NA,NA,NA
"CTCGAGGCAGTTAACC-500.2.2",NA,NA,NA,NA,NA,NA,60.1060889708952,NA,NA,NA,NA,NA,NA
"CTTAGGACACAAGACG-500.2.2",NA,NA,NA,NA,NA,NA,NA,47.5377814128054,NA,NA,NA,NA,NA
"CTTGGCTCAGGTGCCT-500.2.2",NA,NA,NA,NA,NA,NA,NA,58.9503615536827,NA,NA,NA,NA,NA
"CTTTGCGTCTGATTCT-500.2.2",NA,NA,NA,NA,NA,NA,NA,55.1536165310972,NA,NA,NA,NA,NA
"GAACCTATCGTACCGG-500.2.2",NA,NA,NA,NA,65.0286437308666,NA,NA,NA,NA,NA,NA,NA,NA
"GAATAAGCAAAGGTGC-500.2.2",NA,NA,NA,NA,NA,NA,55.5062782974293,NA,NA,NA,NA,NA,NA
"GACACGCTCTGACCTC-500.2.2",NA,54.5314350034323,NA,NA,NA,NA,NA,NA,NA,NA,NA,NA,NA
"GACCTGGCATCACAAC-500.2.2",NA,NA,NA,NA,NA,NA,NA,59.4782638729562,NA,NA,NA,NA,NA
"GACGGCTCAGCTCGCA-500.2.2",NA,NA,NA,NA,NA,50.7416222185782,NA,NA,NA,NA,NA,NA,NA
"GATCGCGTCCAGAGGA-500.2.2",36.1901764661281,35.0275172860065,34.9121002994021,33.5781634829592,32.0556740319816,39.1043979297309,37.5888417883337,38.3395326454077,NA,NA,NA,NA,NA
"GCAGCCAAGGGTCTCC-500.2.2",NA,NA,NA,NA,NA,NA,NA,49.8854640125814,NA,NA,NA,NA,NA
"GCATGATTCGCCGTGA-500.2.2",NA,NA,NA,NA,NA,46.4903874024244,NA,45.6798729160666,NA,NA,NA,NA,NA
"GCCAAATTCGACGGAA-500.2.2",NA,NA,NA,NA,NA,NA,NA,44.7799108145164,NA,NA,NA,NA,NA
"GCGCAGTCACAGGCCT-500.2.2",NA,NA,NA,NA,NA,52.5520814234518,NA,NA,NA,NA,NA,NA,NA
"GCGCAGTGTCATCCCT-500.2.2",NA,NA,NA,NA,61.9194235209523,NA,NA,NA,NA,NA,NA,NA,NA
"GCGCGATTCTGAGTGT-500.2.2",48.7431907018871,NA,NA,NA,NA,NA,NA,NA,NA,NA,NA,NA,NA
"GGAATAAAGGCCCGTT-500.2.2",NA,NA,NA,NA,NA,NA,58.2141861098148,NA,NA,NA,NA,NA,NA
"GGATTACAGTACACCT-500.2.2",38.1896805609083,NA,NA,NA,NA,42.2882395447185,NA,41.5733950142592,NA,NA,NA,NA,NA
"GGATTACGTCGACTGC-500.2.2",NA,61.0074208924158,NA,NA,NA,NA,NA,NA,NA,NA,NA,NA,NA
"GGCGTGTGTCTTCGTC-500.2.2",37.2131720760213,22.3454096044999,22.4760324844162,23.3186205671659,21.8634012541255,22.2577338989607,22.2725524881974,22.3661723101354,NA,NA,NA,NA,NA
"GGTATTGCACATCCAA-500.2.2",NA,56.7404188224393,NA,NA,NA,NA,NA,NA,NA,NA,NA,NA,NA
"GGTGAAGGTAAAGTCA-500.2.2",34.2393370295223,31.688138788473,34.6478406566685,31.9495870890939,30.6245964854115,37.8141331071127,34.6599091151929,35.0333952695274,NA,NA,NA,NA,NA
"GTAGTCAAGACAGGCT-500.2.2",NA,NA,NA,NA,NA,NA,NA,47.8599660594899,NA,NA,NA,NA,NA
"GTAGTCACAGTACACT-500.2.2",NA,NA,NA,NA,NA,NA,NA,49.2405803183971,NA,NA,NA,NA,NA
"GTCACAAAGAGGGCTT-500.2.2",NA,NA,NA,NA,NA,NA,NA,49.7780051603073,NA,NA,NA,NA,NA
"GTCCTCATCCCTGACT-500.2.2",NA,NA,NA,NA,NA,NA,NA,41.1068085777135,NA,NA,NA,NA,NA
"GTCGTAACAGCTGTAT-500.2.2",51.3116844818792,NA,NA,NA,NA,NA,NA,NA,NA,NA,NA,NA,NA
"GTCGTAACATACGCCG-500.2.2",NA,NA,NA,45.1959982425163,NA,NA,NA,NA,NA,NA,NA,NA,NA
"GTCTCGTCAACGCACC-500.2.2",NA,NA,NA,NA,NA,NA,NA,48.615724443805,NA,NA,NA,NA,NA
"GTCTCGTGTTGATTGC-500.2.2",32.4208085428111,31.6361849511585,32.2091124528562,31.5460660343887,31.7071502914401,32.363591748,33.0383508545386,33.1657950367489,NA,NA,NA,NA,NA
"GTGCATATCCTCATTA-500.2.2",NA,NA,NA,NA,NA,NA,NA,58.6246024630783,NA,NA,NA,NA,NA
"GTGTTAGTCATGCTCC-500.2.2",38.4442460339605,NA,NA,NA,NA,42.1600914476989,NA,41.6036667061498,NA,NA,NA,NA,NA
"GTTAAGCGTAGAGCTG-500.2.2",44.1949722998173,NA,NA,NA,NA,47.2924252873088,NA,46.3363435507568,NA,NA,NA,NA,NA
"GTTCGGGAGCTACCGC-500.2.2",NA,NA,NA,NA,NA,NA,NA,55.105472172116,NA,NA,NA,NA,NA
"TACACGACACCGAAAG-500.2.2",NA,NA,NA,NA,NA,NA,NA,47.3709204874029,NA,NA,NA,NA,NA
"TACAGTGCAAGCGTAG-500.2.2",28.7396050454793,27.6098172132583,28.3137635997578,27.8537492201583,27.4065209186007,27.88458548877,27.819337240704,27.9886095484731,NA,NA,NA,NA,NA
"TACCTATTCCAGAGGA-500.2.2",NA,NA,NA,NA,NA,NA,NA,46.83347531646,NA,NA,NA,NA,NA
"TACTTACGTCAAGCGA-500.2.2",NA,NA,NA,NA,NA,51.4741524162337,NA,NA,NA,NA,NA,NA,NA
"TAGTGGTTCTCTGCTG-500.2.2",NA,NA,NA,NA,NA,NA,NA,46.2408062698588,NA,NA,NA,NA,NA
"TCAACGATCACGATGT-500.2.2",NA,NA,NA,NA,NA,50.3064505433894,NA,NA,NA,NA,NA,NA,NA
"TCAATCTAGGATGGAA-500.2.2",NA,NA,NA,NA,NA,NA,NA,48.1302109654285,NA,NA,NA,NA,NA
"TCAGCTCTCGTGGGAA-500.2.2",41.0119175046764,NA,NA,NA,NA,NA,NA,NA,NA,NA,NA,NA,NA
"TCGTACCAGCATGGCA-500.2.2",NA,NA,NA,NA,66.0354173439642,NA,NA,NA,NA,NA,NA,NA,NA
"TCTGGAAAGCGATGAC-500.2.2",NA,NA,NA,NA,NA,NA,NA,46.4916402093079,NA,NA,NA,NA,NA
"TGAAAGATCCGGCACA-500.2.2",NA,NA,NA,NA,NA,NA,NA,56.3873673720713,NA,NA,NA,NA,NA
"TGACTTTAGGCTCTTA-500.2.2",22.8215144730864,22.8300766118344,22.941776737046,22.8346340125662,22.5689942665469,22.7460551252201,22.8842587015682,22.8542565294213,NA,NA,NA,NA,NA
"TGACTTTGTACATCCA-500.2.2",NA,NA,NA,NA,NA,NA,60.450998112324,NA,NA,NA,NA,NA,NA
"TGAGAGGAGTTCGCGC-500.2.2",NA,NA,NA,NA,NA,49.5682725131694,NA,NA,NA,NA,NA,NA,NA
"TGATTTCAGTGCCAGA-500.2.2",NA,NA,NA,NA,NA,50.4622236741556,NA,NA,NA,NA,NA,NA,NA
"TGTGTTTCAGTGAGTG-500.2.2",NA,NA,NA,NA,61.9588432416458,NA,NA,NA,NA,NA,NA,NA,NA
"TGTTCCGCACGGTGTC-500.2.2",40.4067559172704,NA,NA,NA,NA,NA,NA,NA,NA,NA,NA,NA,NA
"TTAGGCAAGACATAAC-500.2.2",NA,NA,NA,NA,NA,51.1259707455934,NA,NA,NA,NA,NA,NA,NA
"TTTACTGTCAGGTTCA-500.2.2",24.571861299715,24.5355141275728,24.6589828163806,24.4247581004229,24.1725550950675,24.4589121375616,24.5688408337599,24.5431905345998,NA,NA,NA,NA,NA
"TTTGGTTCACAGCGTC-500.2.2",NA,NA,NA,NA,NA,NA,NA,45.8068843053023,NA,NA,NA,NA,NA
"AACCATGCAGTCTTCC-r17",16.4886329792766,16.6596205568383,16.8454086991472,16.7041806457536,16.5215685143758,16.6637688114949,16.6809134695192,16.6445994736607,11.3935363312819,11.3440384167197,11.7064537934953,11.693966816003,11.2941669472023
"AACCGCGTCGGACAAG-r17",16.0818511154776,15.9920521797763,16.0982718893416,16.0629793215415,15.8874514674074,16.0164947346218,16.0253880120926,16.0022871531333,11.8453767762848,11.4163715426688,12.1533877954027,11.9302233172594,11.7010859348689
"CGAGAAGAGTGGGATC-r17",21.8046267733508,21.6757280291864,21.8315410932845,21.6189959179844,21.7797367893351,21.8311000882529,21.7683356664848,21.7227776148672,NA,NA,NA,NA,NA
"CTTGGCTAGGTGTGGT-r17",32.962930251554,30.9440750253058,33.0602553873203,31.9249579409782,29.7299115811595,36.3672520518712,34.1997431172181,33.9935575029475,NA,NA,NA,NA,NA
"GCAAACTTCCCGACTT-r17",19.8155777859649,20.0304011899548,19.9469128374607,19.9080538730243,20.0320024512785,20.1045873727463,20.1409034621147,20.0578132040565,NA,NA,NA,NA,NA
"GGGAATGAGTGGTAAT-r17",17.7116688627738,17.7474817936818,17.5794870991048,17.8684480886686,17.6845581575519,17.7841546388516,17.8129947547288,17.7505860981181,NA,NA,NA,NA,NA
"GTTACAGAGAAGCCCA-r17",NA,49.3449577305052,NA,NA,NA,NA,NA,NA,NA,NA,NA,NA,NA
"TTAGGCAGTCACCTAA-r17",12.4078666497699,12.6108875261492,12.595844339673,12.5340791452131,12.6111248712706,12.5743654288452,12.6372874332107,12.5472194452954,10.7254692518937,11.1199028392005,11.0370160771753,11.1464043189768,10.9270470784959
"AAAGTAGCATTGAGCT-b01",47.586832628673,NA,NA,NA,NA,NA,NA,NA,NA,NA,NA,NA,NA
"AAATGCCAGGACAGAA-b01",32.442014194225,31.6551375337596,30.5437314251823,30.6838058427139,30.238355338071,33.1557873549801,31.8031716166698,33.8888580865294,NA,NA,NA,NA,NA
"AACCATGAGTGTACCT-b01",38.2804606861855,NA,NA,NA,NA,42.401816832985,39.9502192671593,41.561245200067,NA,NA,NA,NA,NA
"AACGTTGCAGTTCATG-b01",NA,NA,NA,NA,56.1232807428618,NA,NA,NA,NA,NA,NA,NA,NA
"AACTCTTGTCTGCCAG-b01",44.9840360561812,NA,NA,NA,NA,NA,NA,NA,NA,NA,NA,NA,NA
"AACTTTCCACGCATCG-b01",31.835689702537,28.7065329396519,28.4444987088252,28.2870360219586,26.8068631059819,31.9210030650136,28.4545000068886,30.126971369896,NA,NA,NA,NA,NA
"AAGTCTGGTCGGCATC-b01",23.3353350547292,23.3869560582799,23.6424485092258,23.7345441424496,23.5079812268638,23.5060104458599,23.5320653567745,23.5058872881345,NA,NA,NA,NA,NA
"AATCGGTCATACTACG-b01",NA,54.5307164107653,NA,NA,NA,NA,NA,NA,NA,NA,NA,NA,NA
"AATCGGTTCTGTCAAG-b01",51.7208878083329,NA,NA,NA,NA,NA,NA,NA,NA,NA,NA,NA,NA
"ACAGCTACACCAACCG-b01",48.8330894905812,NA,NA,NA,NA,NA,NA,NA,NA,NA,NA,NA,NA
"ACCGTAACATGCCACG-b01",18.4536535627419,NA,NA,NA,NA,NA,NA,NA,NA,NA,NA,NA,NA
"ACCGTAAGTGAGGGAG-b01",34.853003532867,NA,NA,NA,NA,NA,NA,NA,NA,NA,NA,NA,NA
"ACGAGGACATGGTCAT-b01",NA,NA,NA,NA,61.7959633853262,NA,NA,NA,NA,NA,NA,NA,NA
"ACGATGTAGGCGCTCT-b01",NA,NA,NA,NA,NA,51.8856520215811,NA,NA,NA,NA,NA,NA,NA
"ACTGAACGTTGAGTTC-b01",NA,NA,NA,NA,NA,NA,49.0304192622086,NA,NA,NA,NA,NA,NA
"ACTGAGTAGTGGAGTC-b01",NA,NA,NA,57.0247522275529,NA,NA,NA,NA,NA,NA,NA,NA,NA
"ACTGCTCCACGTTGGC-b01",NA,NA,NA,NA,NA,NA,NA,45.1291376068331,NA,NA,NA,NA,NA
"ACTTACTCACATGACT-b01",30.0064813922452,27.031319934505,27.6846179619225,27.0631860125445,26.2471314610502,33.9089404653453,27.2702238559238,27.9573064808052,NA,NA,NA,NA,NA
"ACTTGTTAGTCGATAA-b01",29.6195949001179,27.0821517393424,27.671352348647,27.3346983560629,26.3874523233355,27.3158185837134,27.5632381656652,28.1179729064798,NA,NA,NA,NA,NA
"ACTTGTTTCTTGAGAC-b01",51.4384864147865,NA,NA,NA,NA,NA,NA,NA,NA,NA,NA,NA,NA
"AGAGCTTAGGTGGGTT-b01",30.6576529720323,27.9129009063892,28.3618470667158,28.0941411898611,27.2824417244709,28.5698833617146,28.5897122910872,29.6967267272183,NA,NA,NA,NA,NA
"AGAGCTTGTTAGGGTG-b01",NA,NA,NA,22.1979215982308,NA,NA,NA,NA,NA,NA,NA,NA,NA
"AGATTGCTCCGAGCCA-b01",40.598585267943,NA,NA,NA,NA,NA,NA,41.9400443196964,NA,NA,NA,NA,NA
"AGCATACTCGACGGAA-b01",43.0909508026026,NA,NA,NA,NA,NA,NA,NA,NA,NA,NA,NA,NA
"AGCATACTCGAGGTAG-b01",19.4190185166501,20.2944472188028,20.2285006788596,20.139269886034,19.9052728117781,20.0775056777566,20.1451982800006,20.0890881382059,NA,NA,NA,NA,NA
"AGCGTATCATATGAGA-b01",25.2499914209097,25.0423473750269,25.1823969604135,24.9785053139317,24.6518904649965,25.2468642921883,25.0665747677597,25.0671134856404,NA,NA,NA,NA,NA
"AGCGTATGTGCCTGTG-b01",26.1414931540305,25.5449789696177,25.895297689522,25.6434528975948,25.3727366424545,25.8552157026542,25.6016179662623,25.6544300978908,NA,NA,NA,NA,NA
"AGCGTCGTCGGCGGTT-b01",NA,NA,NA,52.5194476710821,NA,NA,NA,NA,NA,NA,NA,NA,NA
"AGCTCTCGTCTCCCTA-b01",24.5715633680856,23.2055876528808,23.4834645602267,23.5159157853955,22.7394836307372,23.2536894064224,23.1971311257179,23.3118896007999,NA,NA,NA,NA,NA
"AGGCCACCAGGACGTA-b01",36.2074763793094,26.1570757214988,27.220169759202,35.4532091253808,27.1386566943225,38.7025448250826,40.7601561142667,38.2451787809849,NA,NA,NA,NA,NA
"AGGCCACTCCTGCAGG-b01",NA,51.9564939957254,NA,NA,NA,NA,NA,NA,NA,NA,NA,NA,NA
"AGGGATGGTCTTCAAG-b01",NA,52.0599907360987,NA,NA,NA,NA,NA,NA,NA,NA,NA,NA,NA
"AGTCTTTCAAGCCATT-b01",NA,55.0397971600628,NA,NA,NA,NA,NA,NA,NA,NA,NA,NA,NA
"AGTCTTTTCCCTAACC-b01",NA,NA,NA,58.3431263719638,NA,NA,NA,NA,NA,NA,NA,NA,NA
"AGTGAGGAGGATGCGT-b01",47.0228168500167,NA,NA,NA,NA,NA,NA,NA,NA,NA,NA,NA,NA
"ATCACGACAGATCCAT-b01",22.8763691279404,NA,NA,NA,NA,NA,NA,NA,NA,NA,NA,NA,NA
"ATCACGATCCTCAACC-b01",34.5099692460878,NA,NA,NA,NA,NA,NA,NA,NA,NA,NA,NA,NA
"ATCTACTGTAAAGTCA-b01",47.6535063597868,NA,NA,NA,NA,NA,NA,NA,NA,NA,NA,NA,NA
"ATTATCCGTACCATCA-b01",39.6831216092547,NA,NA,NA,NA,NA,NA,NA,NA,NA,NA,NA,NA
"ATTATCCGTGTGGCTC-b01",NA,NA,NA,NA,NA,39.880541479933,NA,NA,NA,NA,NA,NA,NA
"ATTGGACGTTAGAACA-b01",30.7157163839929,NA,NA,NA,NA,NA,NA,NA,NA,NA,NA,NA,NA
"ATTTCTGTCCCGACTT-b01",28.1107188854103,NA,NA,NA,NA,NA,NA,NA,NA,NA,NA,NA,NA
"CAACTAGTCAAGAAGT-b01",23.5896262527046,22.7915060519759,23.0253699686613,22.9907658231603,22.5943589266621,22.7749453894198,22.7690584595869,22.7959272167302,NA,NA,NA,NA,NA
"CAAGAAAAGCCAGAAC-b01",NA,NA,NA,NA,NA,51.1231910248682,NA,NA,NA,NA,NA,NA,NA
"CACAGGCAGTATGACA-b01",NA,NA,NA,NA,NA,NA,54.3342808096799,NA,NA,NA,NA,NA,NA
"CACATAGGTGTGACGA-b01",NA,NA,NA,NA,61.9140422333755,NA,NA,NA,NA,NA,NA,NA,NA
"CACCACTAGGGAGTAA-b01",NA,NA,NA,NA,NA,55.0770177348946,NA,NA,NA,NA,NA,NA,NA
"CACCACTCAAAGAATC-b01",NA,NA,NA,NA,NA,NA,55.5920954875063,NA,NA,NA,NA,NA,NA
"CACCACTTCGTAGGAG-b01",NA,NA,NA,NA,NA,49.0227723066137,NA,NA,NA,NA,NA,NA,NA
"CAGAATCAGCGACGTA-b01",51.9815136080845,NA,NA,NA,NA,NA,NA,NA,NA,NA,NA,NA,NA
"CAGATCAAGATGTCGG-b01",28.5791505159649,28.7407529151918,28.3190843337049,28.0279377109067,27.297336021297,28.6324417084608,28.3836609841112,28.5607224705049,NA,NA,NA,NA,NA
"CAGCCGATCGTCACGG-b01",NA,NA,NA,21.9069419746674,NA,NA,NA,NA,NA,NA,NA,NA,NA
"CAGGTGCCATGCAACT-b01",NA,NA,NA,45.377210426543,NA,NA,NA,NA,NA,NA,NA,NA,NA
"CAGTCCTCAGCCTTGG-b01",36.7905639090243,NA,NA,NA,NA,42.0508301137657,NA,40.0805471437635,NA,NA,NA,NA,NA
"CATCAGATCCGTAGTA-b01",46.4295064681371,NA,NA,NA,NA,NA,NA,NA,NA,NA,NA,NA,NA
"CATCGAACATGGTCTA-b01",NA,NA,NA,23.1882242820593,NA,NA,NA,NA,NA,NA,NA,NA,NA
"CATCGAAGTCAACTGT-b01",21.6359271044594,21.5726883714773,21.6440569081047,21.534396595965,21.3495152727991,21.5774101050812,21.6363588844293,21.5327389633205,NA,NA,NA,NA,NA
"CATTCGCGTTGAGGTG-b01",44.5358468712317,NA,NA,NA,NA,NA,NA,NA,NA,NA,NA,NA,NA
"CCGGTAGAGTAGGCCA-b01",NA,NA,NA,57.7909951779163,NA,NA,NA,NA,NA,NA,NA,NA,NA
"CCGTTCAAGAGTCTGG-b01",NA,NA,NA,50.0520049048013,NA,NA,NA,NA,NA,NA,NA,NA,NA
"CCTACACAGCCACGCT-b01",NA,NA,NA,NA,NA,49.542964212511,NA,48.1727567908035,NA,NA,NA,NA,NA
"CCTCTGAAGCAACGGT-b01",38.1694299619933,NA,NA,NA,NA,42.8809613859508,NA,41.9950211031297,NA,NA,NA,NA,NA
"CCTTCCCCACCTGGTG-b01",NA,NA,NA,NA,NA,NA,NA,49.912138384321,NA,NA,NA,NA,NA
"CCTTCGACATGTAGTC-b01",NA,NA,NA,NA,NA,NA,NA,43.9012155568937,NA,NA,NA,NA,NA
"CGAACATAGCCGTCGT-b01",NA,55.6738041867013,NA,NA,NA,NA,NA,NA,NA,NA,NA,NA,NA
"CGAACATTCTATCCCG-b01",26.5322246476876,NA,NA,NA,NA,NA,NA,NA,NA,NA,NA,NA,NA
"CGACCTTTCCAATGGT-b01",43.72562985454,NA,NA,NA,NA,NA,NA,NA,NA,NA,NA,NA,NA
"CGAGAAGCACTGAAGG-b01",NA,NA,NA,NA,NA,NA,NA,59.2525685853235,NA,NA,NA,NA,NA
"CGAGCCATCCCTTGCA-b01",NA,NA,NA,46.6065873170058,NA,NA,NA,NA,NA,NA,NA,NA,NA
"CGATTGATCACATACG-b01",25.0281396298636,24.7745918988012,25.0084378329855,25.1613049350237,24.8259951382722,24.8229980609915,24.91108169581,24.8870851696373,NA,NA,NA,NA,NA
"CGCTTCAAGTATGACA-b01",NA,NA,NA,NA,NA,48.141050000513,NA,NA,NA,NA,NA,NA,NA
"CGCTTCACAGATTGCT-b01",14.6595290414507,14.6059523248783,14.7456815457936,14.8376193778038,14.6782221815279,14.7484718452458,14.8168451095609,14.7508437841373,11.4831627584534,11.5675763745407,11.8721548556182,11.5528106630478,11.534113538596
"CGCTTCAGTGTAATGA-b01",36.5271563325341,23.7805803298232,24.2336937181079,24.7022525168407,23.2708110114331,40.2592692261772,23.6832880386686,41.8099937749986,NA,NA,NA,NA,NA
"CGGAGTCAGGGAACGG-b01",24.2199368144551,23.3305211470007,23.512798081577,23.5672885021275,22.9974173062664,23.3686214105924,23.321197925661,23.3364298105763,NA,NA,NA,NA,NA
"CGGAGTCTCGAACGGA-b01",NA,NA,NA,NA,NA,NA,NA,48.9673843060511,NA,NA,NA,NA,NA
"CGTAGCGGTGGTACAG-b01",35.2951662714822,23.8780261680673,24.2841148230572,24.3620833274659,23.3388843032441,24.0023773300166,23.7413700795223,24.0922731845625,NA,NA,NA,NA,NA
"CGTGAGCAGACGCACA-b01",NA,NA,NA,NA,NA,43.4183673516533,NA,NA,NA,NA,NA,NA,NA
"CGTGAGCTCCCTAATT-b01",NA,NA,NA,NA,NA,49.7624066719222,NA,NA,NA,NA,NA,NA,NA
"CGTGTAACACCCATTC-b01",16.2116548292341,NA,NA,NA,NA,NA,NA,NA,NA,NA,NA,NA,NA
"CGTGTCTAGGTGCTTT-b01",NA,NA,NA,NA,NA,52.2179051050474,NA,NA,NA,NA,NA,NA,NA
"CGTGTCTTCTTCTGGC-b01",NA,NA,NA,NA,NA,NA,47.9739954528399,NA,NA,NA,NA,NA,NA
"CTACGTCCAGTCTTCC-b01",27.3459374085504,26.6526077661403,27.1092008733626,26.8212104773852,26.5416586630089,27.0500565473316,26.8834792332912,26.9182519726472,NA,NA,NA,NA,NA
"CTCAGAATCCATGAAC-b01",18.1867597112077,18.6882924379137,18.541167596329,18.756745570022,18.4167659460595,18.57294826051,18.687238793804,18.5719039344303,NA,NA,NA,NA,NA
"CTCCTAGCATGTAAGA-b01",NA,NA,NA,NA,NA,52.1901002949064,NA,NA,NA,NA,NA,NA,NA
"CTCGAGGGTATGAATG-b01",47.2946774772377,NA,NA,NA,NA,NA,NA,NA,NA,NA,NA,NA,NA
"CTCGGGAAGTTCCACA-b01",NA,NA,NA,NA,NA,NA,NA,44.0698021135013,NA,NA,NA,NA,NA
"CTCGGGATCGTCTGAA-b01",12.7889237613693,13.2479265084903,12.9480359209098,12.8581995410353,13.1072506367083,13.0148933286901,13.0823331090582,13.1226998307917,10.4558090797091,10.6694600370982,10.6915428740268,10.7513222088656,10.3927445938831
"CTCTAATAGGGTATCG-b01",NA,NA,NA,NA,NA,NA,59.1303072598325,NA,NA,NA,NA,NA,NA
"CTCTACGGTCCAAGTT-b01",38.9270590174942,NA,NA,NA,NA,NA,NA,NA,NA,NA,NA,NA,NA
"CTGATAGGTTAAGGGC-b01",NA,NA,NA,NA,NA,NA,NA,44.6798723560484,NA,NA,NA,NA,NA
"CTGATCCAGATCTGAA-b01",NA,NA,NA,57.9890146949458,NA,NA,NA,NA,NA,NA,NA,NA,NA
"CTGATCCGTATATGGA-b01",NA,NA,NA,NA,NA,NA,NA,45.1305710280572,NA,NA,NA,NA,NA
"CTGCTGTAGGGAACGG-b01",38.7471239643009,NA,NA,NA,NA,NA,NA,NA,NA,NA,NA,NA,NA
"CTGGTCTTCCTAGTGA-b01",38.5908797414716,NA,NA,NA,NA,42.6714749813359,NA,41.6329199083153,NA,NA,NA,NA,NA
"CTTAACTGTTCAGGCC-b01",24.870822103543,23.8754277377094,24.1614787075682,24.7429161574326,23.9153678064522,23.9961951122648,23.9393591629752,24.0970650052262,NA,NA,NA,NA,NA
"CTTACCGAGCCAGGAT-b01",NA,50.8883182543224,NA,NA,NA,NA,NA,NA,NA,NA,NA,NA,NA
"CTTACCGCATTCCTCG-b01",NA,NA,NA,NA,61.7025326450843,NA,NA,NA,NA,NA,NA,NA,NA
"CTTTGCGCACAAGACG-b01",NA,NA,NA,NA,NA,49.0926502248863,NA,NA,NA,NA,NA,NA,NA
"GAAACTCCACGCCAGT-b01",19.6308013939971,20.049318930943,19.9216152032094,20.0261844060017,19.796700366375,19.9127862809873,20.0210269804992,19.970117434005,NA,NA,NA,NA,NA
"GAACATCTCGTAGGTT-b01",47.6270921694583,NA,NA,NA,NA,NA,NA,NA,NA,NA,NA,NA,NA
"GACACGCCAACGATCT-b01",31.9621115936035,27.4753196411286,27.9859068043671,27.3939555717583,26.3463767479487,28.1663242577604,27.1139809071799,27.4775897437505,NA,NA,NA,NA,NA
"GACCTGGGTCCGAACC-b01",NA,NA,NA,NA,NA,NA,NA,58.13006896458,NA,NA,NA,NA,NA
"GACGCGTCACCGAATT-b01",35.4321599977768,35.1558931388107,34.1863859146941,32.8952368517382,29.4588978148247,37.5474044499865,34.7704656698553,37.4912338194342,NA,NA,NA,NA,NA
"GACGTGCGTGTTGAGG-b01",NA,NA,NA,NA,NA,NA,NA,53.7159905478103,NA,NA,NA,NA,NA
"GACTAACGTCTAGAGG-b01",25.7777546033967,25.0839151862579,25.3803078227492,25.1298699510954,24.6253717558058,25.0431195056595,25.0783001248438,25.1446515266716,NA,NA,NA,NA,NA
"GACTAACGTGCCTGTG-b01",NA,NA,NA,NA,NA,NA,NA,47.0660562261902,NA,NA,NA,NA,NA
"GACTACATCACTGGGC-b01",NA,NA,NA,NA,NA,NA,NA,53.5333122591458,NA,NA,NA,NA,NA
"GAGCAGACAATCTGCA-b01",11.7922242065131,11.9363233954512,11.9656754253115,11.9258911964249,11.9083852444687,11.9229943564678,11.9601791406122,11.9047366673769,10.8606586159668,10.8990274678331,11.0370160771753,11.1012181401025,10.8794247833738
"GAGCAGACAGGCTGAA-b01",19.4734401268993,NA,18.8689340191158,18.9454737640088,NA,18.7845807152934,NA,18.7834806916196,NA,NA,NA,NA,NA
"GAGGTGAGTAGAGCTG-b01",36.6951993954011,NA,NA,NA,NA,NA,NA,NA,NA,NA,NA,NA,NA
"GAGTCCGGTAATCGTC-b01",18.3957075153941,18.704036930997,18.5392954259184,18.723854392802,18.4627523837419,18.634894070472,18.700131061237,18.6337396347283,NA,NA,NA,NA,NA
"GATCGCGTCTGCTGCT-b01",NA,NA,NA,NA,NA,NA,NA,45.4120836509925,NA,NA,NA,NA,NA
"GATCTAGGTATGGTTC-b01",21.2424349157103,NA,NA,NA,NA,NA,NA,NA,NA,NA,NA,NA,NA
"GATCTAGTCCACGTGG-b01",25.7012543316312,25.4197523285847,25.5717849493306,25.5096798667689,25.1021050313764,25.3729107487311,25.4358537734602,25.3939260542448,NA,NA,NA,NA,NA
"GATGAAATCCGAAGAG-b01",43.3436706154084,NA,NA,NA,NA,NA,NA,NA,NA,NA,NA,NA,NA
"GATGAGGAGGTTCCTA-b01",41.6067606213272,NA,NA,NA,NA,NA,40.8326502107788,41.1350787066652,NA,NA,NA,NA,NA
"GATGAGGCATTGGTAC-b01",25.191546496122,25.144496450666,25.2746383835637,25.1456495118198,24.8759116642313,25.0894130885407,25.2085343562319,25.0999468220544,NA,NA,NA,NA,NA
"GCACTCTGTGGGTCAA-b01",NA,NA,NA,NA,NA,NA,NA,46.9434675484221,NA,NA,NA,NA,NA
"GCAGTTAGTCGAACAG-b01",NA,NA,NA,NA,NA,NA,NA,56.6488716685204,NA,NA,NA,NA,NA
"GCATGATTCGCTTGTC-b01",26.0195827843637,24.5841131951966,24.8102177244091,24.9268330021155,24.0849777952255,24.5139720971994,24.495978145834,24.5836594368935,NA,NA,NA,NA,NA
"GCCAAATGTACCAGTT-b01",NA,NA,NA,NA,NA,NA,NA,47.4534710202723,NA,NA,NA,NA,NA
"GCGAGAAGTCGGCATC-b01",36.6036731793984,NA,NA,NA,NA,NA,NA,NA,NA,NA,NA,NA,NA
"GCGAGAAGTGAGGCTA-b01",NA,NA,NA,NA,NA,NA,NA,42.0231608023575,NA,NA,NA,NA,NA
"GCGAGAAGTTAAGGGC-b01",35.3749918216733,23.9134027236902,24.281704535913,24.6776506815284,23.841621572119,24.0759773957045,23.7997986407064,24.132364735567,NA,NA,NA,NA,NA
"GCGCAACAGTTGTAGA-b01",NA,NA,NA,NA,62.6887068464642,NA,NA,NA,NA,NA,NA,NA,NA
"GCGCAGTCAGTATGCT-b01",15.5786724117566,16.0630045852071,15.9260327170872,15.9814484086933,15.8122427943912,15.9010784345699,15.9183410830929,15.9136964216456,11.3935363312819,11.5675763745407,11.4907242539144,11.7350387472545,11.4590200663577
"GCGCGATAGGACATTA-b01",27.2437132461293,26.9970134942583,27.2152098385872,27.5088763936091,26.9763608567432,26.9697364748855,27.4059707085973,26.9751729912542,NA,NA,NA,NA,NA
"GCTGCAGAGAGGACGG-b01",34.6920916930161,23.7638478719579,24.1087703034033,24.307467295822,23.2051349224068,39.0222267937317,23.6515878772445,23.8562859743959,NA,NA,NA,NA,NA
"GCTGCAGAGATGTGGC-b01",NA,NA,NA,NA,NA,NA,NA,55.5251767436592,NA,NA,NA,NA,NA
"GCTGCTTAGGCATTGG-b01",NA,NA,NA,NA,NA,NA,54.9487759714582,NA,NA,NA,NA,NA,NA
"GCTGCTTCAAATCCGT-b01",18.7395950965653,18.4447175797246,18.5005847948697,18.7438647360934,18.3422835704498,18.4800527467414,18.5427225715346,18.497367289444,NA,NA,NA,NA,NA
"GGAACTTGTAATCGTC-b01",NA,NA,NA,NA,NA,NA,NA,49.9042470947329,NA,NA,NA,NA,NA
"GGACAGAAGATAGTCA-b01",NA,58.4169042707898,NA,NA,NA,NA,NA,NA,NA,NA,NA,NA,NA
"GGACGTCTCGCGATCG-b01",26.8480841606895,26.3238126006132,26.437946167181,26.360781922049,26.2067924442303,26.208702326225,26.2810818360727,26.2436048257204,NA,NA,NA,NA,NA
"GGATTACTCCCGACTT-b01",25.7922423400684,25.7264302634448,25.9743048459334,26.1992693094465,25.8325396348632,25.8153383178018,26.001436059654,25.7918480261552,NA,NA,NA,NA,NA
"GGCTGGTTCCGGCACA-b01",40.1646864433077,21.019451274564,21.0536722770178,46.3983202873254,20.6183201915695,44.1428807155923,20.8747910653148,46.5178679389133,NA,NA,NA,NA,NA
"GGGCACTCAATCCGAT-b01",NA,NA,NA,NA,NA,NA,NA,48.5386650681721,NA,NA,NA,NA,NA
"GGGCACTCAGGACCCT-b01",26.018003008267,26.0976292141628,26.1208784529494,25.997689432878,25.7562690796373,25.8715764511154,26.1186653396568,25.9640820154651,NA,NA,NA,NA,NA
"GGGCATCGTGCACGAA-b01",33.1465642133949,29.1388428771268,32.2068538297971,30.6944356382878,28.4705084726631,35.9815892033408,32.6659401194791,33.3362822888617,NA,NA,NA,NA,NA
"GGGTCTGAGGTGCTTT-b01",35.8092127021565,27.3182894878872,33.7070789499492,34.1517894142502,26.168122757309,39.2454299599591,36.4313327887378,38.1516752647307,NA,NA,NA,NA,NA
"GGGTTGCGTAGAGTGC-b01",23.3156443031856,23.3387385993081,23.7226736189678,23.8935161467279,23.3499944795397,23.5128151430145,23.5206601204342,23.4949516135103,NA,NA,NA,NA,NA
"GTACTTTGTCATTAGC-b01",NA,NA,NA,NA,NA,NA,NA,57.9324621376054,NA,NA,NA,NA,NA
"GTCACAACATTGGCGC-b01",NA,NA,NA,NA,NA,NA,NA,48.3849959163861,NA,NA,NA,NA,NA
"GTCACGGCATGGTCTA-b01",NA,NA,NA,NA,NA,NA,55.7634226936124,NA,NA,NA,NA,NA,NA
"GTCCTCACAGTCCTTC-b01",40.7419708373604,NA,NA,NA,NA,NA,NA,NA,NA,NA,NA,NA,NA
"GTCTTCGCAACTGCGC-b01",46.902019547774,NA,NA,NA,NA,NA,NA,NA,NA,NA,NA,NA,NA
"GTGCATAAGGTGCACA-b01",23.3632148735739,23.402446899095,23.5342180301977,23.3478114434174,23.153487151384,23.3599105001127,23.484398989364,23.409567202165,NA,NA,NA,NA,NA
"GTGCTTCGTGTGACGA-b01",27.4332406827162,26.6173801110232,27.3089591136046,27.6146767126358,27.3345955437078,26.9314256381624,27.1903448510947,26.9005939181969,NA,NA,NA,NA,NA
"GTGCTTCTCCTTAATC-b01",NA,NA,NA,20.7523733487884,NA,NA,NA,NA,NA,NA,NA,NA,NA
"GTGGGTCCACAGGCCT-b01",46.7756882317465,NA,NA,NA,NA,NA,NA,NA,NA,NA,NA,NA,NA
"GTTAAGCGTTAAGGGC-b01",NA,NA,NA,NA,NA,40.2731560557417,NA,NA,NA,NA,NA,NA,NA
"GTTCGGGAGATCCGAG-b01",24.8334060703146,24.3490171725751,24.5559107397982,24.704021510418,24.1912642100479,24.3862574613762,24.4553446577672,24.5427304974736,NA,NA,NA,NA,NA
"GTTCTCGAGAGGTAGA-b01",NA,NA,NA,46.4259215040807,NA,NA,NA,NA,NA,NA,NA,NA,NA
"GTTCTCGAGTGGGTTG-b01",NA,NA,NA,NA,NA,54.5589072445842,NA,NA,NA,NA,NA,NA,NA
"TAAACCGAGAAACGAG-b01",NA,NA,NA,NA,NA,45.2641793290878,NA,44.1493252772873,NA,NA,NA,NA,NA
"TACACGAGTACAAGTA-b01",NA,NA,NA,NA,NA,52.7489101504365,NA,NA,NA,NA,NA,NA,NA
"TACGGTATCTTCCTTC-b01",17.2943629765855,17.9503307635453,17.875545220535,17.8097031195418,17.6464162009819,17.7969938845065,17.9191042756298,17.7780092852338,NA,NA,NA,NA,NA
"TACTCATAGATACACA-b01",35.3433068379089,22.9346673405803,23.0119193626629,23.1326989458969,22.3823845408828,22.7731412785648,22.85732327154,23.0049811295542,NA,NA,NA,NA,NA
"TACTCGCCACGTAAGG-b01",NA,NA,NA,NA,NA,NA,44.3893827845652,NA,NA,NA,NA,NA,NA
"TAGTGGTGTGTTAAGA-b01",24.733165106726,24.7496631379256,24.8597857709583,24.5999510213481,24.7202512779718,24.7032768332638,24.8361951934681,24.8060505997473,NA,NA,NA,NA,NA
"TATGCCCCAGGTCGTC-b01",NA,NA,NA,56.782022366474,NA,NA,NA,NA,NA,NA,NA,NA,NA
"TCAACGATCCTATGTT-b01",39.566089146461,NA,NA,NA,NA,NA,NA,NA,NA,NA,NA,NA,NA
"TCAACGATCTAACCGA-b01",19.5261311516354,19.7652262788338,19.8568587950659,20.2857441737233,19.4640524177169,19.7229287896379,19.7906887101998,19.7057215287135,NA,NA,NA,NA,NA
"TCAATCTCAGGGTTAG-b01",34.4185636099338,32.1673385606365,34.9640229533861,33.6274044848926,31.6060220750116,35.4224354297088,34.7148976427998,36.3101827772083,NA,NA,NA,NA,NA
"TCAGCAAAGCTAACTC-b01",34.4796408482332,24.2683095226953,24.5996789582858,24.4651559455407,23.5028598518493,40.6094843894736,24.1198332132906,24.5770780714993,NA,NA,NA,NA,NA
"TCAGCTCCAGACAAAT-b01",NA,NA,NA,NA,NA,NA,NA,48.2644327032733,NA,NA,NA,NA,NA
"TCAGGATGTGGACGAT-b01",35.8173800997685,NA,NA,NA,NA,40.199093345783,36.8253217273024,38.240453698894,NA,NA,NA,NA,NA
"TCATTACGTCCAGTAT-b01",25.4362721951553,25.4287370632275,25.5823784419968,25.4507811977098,25.0602286623038,25.3013068806978,25.5123075660248,25.3837208811658,NA,NA,NA,NA,NA
"TCCACACCACACAGAG-b01",NA,NA,38.6322545562004,NA,NA,40.0970187593605,NA,NA,NA,NA,NA,NA,NA
"TCCACACGTGCAACGA-b01",37.692789668889,NA,38.8202310989358,NA,NA,40.7181551143986,39.0250899984096,39.661481281456,NA,NA,NA,NA,NA
"TCGGTAAGTCATCGGC-b01",32.4294205108099,29.9349485278089,30.5793926090156,29.9115413677704,28.8605466587076,31.0300584521639,31.0349155318449,33.8672498025594,NA,NA,NA,NA,NA
"TCGTAGATCATCGGAT-b01",25.963068932976,25.4852659929471,25.788872886278,25.483685253378,25.1547985079933,25.4521297987038,25.5369475063882,25.5144775305906,NA,NA,NA,NA,NA
"TCTTCGGGTTCCTCCA-b01",NA,NA,NA,NA,NA,NA,NA,48.0169987104656,NA,NA,NA,NA,NA
"TCTTTCCGTAGCCTCG-b01",39.2333441427921,NA,NA,NA,NA,NA,NA,NA,NA,NA,NA,NA,NA
"TCTTTCCGTATAGTAG-b01",36.5165045736973,NA,NA,NA,NA,NA,NA,NA,NA,NA,NA,NA,NA
"TGAGCCGTCTTCGAGA-b01",35.4844441000111,25.0324339945656,25.5023330269026,25.5405569338698,24.2534256426903,39.881506976091,24.9411250410061,38.2672736228787,NA,NA,NA,NA,NA
"TGAGGGATCATGGTCA-b01",22.6247437916706,22.5941946821221,22.7762314603035,23.0777476038492,22.2250472588243,22.5561376900497,22.5867149633001,22.5950041055558,NA,NA,NA,NA,NA
"TGATTTCAGACTAAGT-b01",NA,53.9713764032146,NA,NA,NA,NA,NA,NA,NA,NA,NA,NA,NA
"TGCACCTTCGTGGTCG-b01",38.104178758253,NA,NA,NA,NA,NA,NA,NA,NA,NA,NA,NA,NA
"TGCGCAGAGGCCATAG-b01",48.2689685300079,NA,NA,NA,NA,NA,NA,NA,NA,NA,NA,NA,NA
"TGCGCAGTCAAGGCTT-b01",18.4781858609686,18.5896014926184,18.5342866814829,18.6240145043313,18.4190032565342,18.5016023135791,18.6116385223161,18.5667472537544,NA,NA,NA,NA,NA
"TGCGGGTCATGTTCCC-b01",30.7328587443815,30.3935953529726,30.3328176677245,30.0686255581373,29.6462062643419,30.8257112245561,30.6591990026433,30.8483502966738,NA,NA,NA,NA,NA
"TGGCGCACATCCTAGA-b01",26.0336953047155,25.180214961993,25.423995930615,25.7702143131734,25.2036760543295,25.2131064430381,25.3625056983964,25.4739468243781,NA,NA,NA,NA,NA
"TGGCTGGGTGAGGCTA-b01",29.9402053278552,28.3783671953375,29.2000411425137,29.7185243970964,29.2635472236326,29.1238779427251,31.8027952183633,29.614644101446,NA,NA,NA,NA,NA
"TGGCTGGTCTGCTGTC-b01",NA,NA,NA,NA,NA,NA,41.7777803340072,NA,NA,NA,NA,NA,NA
"TGGGCGTGTCAAAGAT-b01",39.4325128877496,NA,NA,NA,NA,NA,NA,42.1720139150792,NA,NA,NA,NA,NA
"TGTCCCAGTTAAGAAC-b01",27.6749871549814,27.4793510913425,27.8077610630348,27.4000837491828,27.0082653639766,27.424762378531,27.6597567447144,27.6000492977079,NA,NA,NA,NA,NA
"TTCGAAGCATTGGGCC-b01",NA,NA,NA,NA,NA,NA,NA,44.0244422877999,NA,NA,NA,NA,NA
"TTCTCAAGTCAGCTAT-b01",21.1180063881732,21.1496544746231,21.3156221367249,21.1145298753386,20.9418949673108,21.1039352105171,21.2445069428714,21.1568445135292,NA,NA,NA,NA,NA
"TTGGAACAGTATCTCG-b01",46.5289874854017,NA,NA,NA,NA,NA,NA,NA,NA,NA,NA,NA,NA
"TTGTAGGCAAGCTGAG-b01",36.4323936828767,NA,NA,NA,NA,NA,NA,NA,NA,NA,NA,NA,NA
"TTGTAGGGTTACTGAC-b01",NA,NA,NA,29.0198316354615,NA,NA,NA,NA,NA,NA,NA,NA,NA
"AACACGTGTACAAGTA-b02",NA,NA,NA,NA,NA,47.4893831922191,NA,NA,NA,NA,NA,NA,NA
"AAGGCAGGTTCACGGC-b02",NA,NA,NA,NA,NA,NA,NA,56.2801959764392,NA,NA,NA,NA,NA
"ACACCCTGTATTCTCT-b02",NA,NA,NA,59.0563489954685,NA,NA,NA,NA,NA,NA,NA,NA,NA
"ACATACGCATGGGAAC-b02",50.191343132547,NA,NA,NA,NA,NA,NA,NA,NA,NA,NA,NA,NA
"ACATCAGGTAAGTTCC-b02",NA,NA,NA,NA,NA,NA,NA,54.5624443285627,NA,NA,NA,NA,NA
"ACATGGTCAAGTTAAG-b02",NA,NA,NA,NA,NA,49.0976941456851,NA,NA,NA,NA,NA,NA,NA
"ACATGGTGTTATGCGT-b02",44.3913124247586,NA,NA,NA,NA,NA,NA,NA,NA,NA,NA,NA,NA
"ACGCCGAAGAGTCTGG-b02",NA,NA,NA,47.6961814344675,NA,NA,NA,NA,NA,NA,NA,NA,NA
"ACGTCAACAATCTGCA-b02",NA,NA,NA,51.9718920064207,NA,NA,NA,NA,NA,NA,NA,NA,NA
"ACTGAGTGTTCCACGG-b02",NA,NA,NA,NA,NA,NA,NA,43.1367989903547,NA,NA,NA,NA,NA
"AGCGGTCCATCCTTGC-b02",51.3790493664785,NA,NA,NA,NA,NA,NA,NA,NA,NA,NA,NA,NA
"AGGCCACGTCCAGTAT-b02",NA,NA,NA,46.3466465312507,NA,NA,NA,NA,NA,NA,NA,NA,NA
"ATCATGGCAGTTAACC-b02",16.7150821627114,17.5413131564262,17.3495252537655,17.3310921573484,17.2565417152946,17.3114600691274,17.4722061831913,17.3150133811597,NA,NA,NA,NA,NA
"ATCCGAACACAGGAGT-b02",36.9851408171413,NA,NA,NA,NA,NA,NA,NA,NA,NA,NA,NA,NA
"ATCGAGTTCAGCTTAG-b02",24.1457063559713,23.7640204617808,23.9911681677812,23.9026836791402,23.4330472911731,23.8691474519887,23.8445169975362,23.801716226157,NA,NA,NA,NA,NA
"ATCGAGTTCTGTGCAA-b02",45.0332717239832,NA,NA,NA,NA,NA,NA,NA,NA,NA,NA,NA,NA
"ATGGGAGCATCGTCGG-b02",NA,NA,NA,NA,NA,52.3564125987658,NA,NA,NA,NA,NA,NA,NA
"ATTATCCGTTGGGACA-b02",30.3410222676499,NA,NA,NA,NA,NA,NA,NA,NA,NA,NA,NA,NA
"ATTCTACGTATCAGTC-b02",NA,NA,NA,NA,NA,NA,NA,55.565367547725,NA,NA,NA,NA,NA
"CAACTAGCATCCCACT-b02",NA,NA,NA,NA,NA,47.8459014365922,NA,NA,NA,NA,NA,NA,NA
"CACAGGCGTCTCTCGT-b02",NA,NA,NA,NA,NA,NA,NA,46.5510909489051,NA,NA,NA,NA,NA
"CACCACTAGTGACTCT-b02",NA,NA,NA,NA,59.2819552018038,NA,NA,NA,NA,NA,NA,NA,NA
"CACTCCAAGCCTTGAT-b02",NA,NA,NA,NA,NA,NA,44.936422529505,NA,NA,NA,NA,NA,NA
"CAGTCCTCACAGACTT-b02",41.5833694908322,NA,NA,NA,NA,NA,NA,NA,NA,NA,NA,NA,NA
"CATATGGAGATCACGG-b02",NA,NA,NA,NA,NA,48.9509019356346,NA,NA,NA,NA,NA,NA,NA
"CATCCACTCCCTAACC-b02",42.0287287336361,NA,NA,NA,NA,NA,NA,NA,NA,NA,NA,NA,NA
"CATCGAACACGTCAGC-b02",24.0175453219038,23.7260573835322,23.9751683624552,23.9223911767081,23.6461260423758,23.8835044918084,23.835186014718,23.8106910495912,NA,NA,NA,NA,NA
"CATTATCTCCTTAATC-b02",19.4997909871743,20.0741893322468,20.0580241344518,20.1585282153971,19.705390223565,19.847265696444,19.9933116073648,19.940288088007,NA,NA,NA,NA,NA
"CCACGGAAGAAACCAT-b02",NA,NA,NA,NA,NA,NA,NA,44.4449488710498,NA,NA,NA,NA,NA
"CCAGCGATCGAATGCT-b02",NA,NA,NA,NA,NA,NA,NA,52.0092259097775,NA,NA,NA,NA,NA
"CCATTCGGTGTGAAAT-b02",NA,NA,NA,NA,NA,45.6107548738069,NA,NA,NA,NA,NA,NA,NA
"CCTACACGTCATGCCG-b02",13.877677116726,14.0503200208618,13.9537858226181,14.0662390871855,13.9676663663682,14.0175342097811,14.0916842125811,14.0265208401466,11.8453767762848,11.7908736274256,12.1533877954027,11.9263163273856,11.9915254176525
"CGAATGTCACTGAAGG-b02",NA,NA,NA,NA,NA,NA,NA,49.1107682820559,NA,NA,NA,NA,NA
"CGAGAAGCATTGTGCA-b02",24.1039292461663,23.576078518858,23.8236141919386,23.7298861041948,23.277393611597,23.6827584836114,23.6241779063831,23.6385632156742,NA,NA,NA,NA,NA
"CGAGCACTCCCTAATT-b02",NA,NA,NA,NA,NA,NA,NA,18.2192723004163,NA,NA,NA,NA,NA
"CGGACACCAAGGACTG-b02",NA,NA,NA,NA,NA,NA,NA,47.4868231728987,NA,NA,NA,NA,NA
"CGTAGCGCACCCTATC-b02",22.8403142041059,22.8047734722475,23.0109725535875,23.1516868780535,22.7907136073475,22.7353252012047,22.870739511957,22.9059668393458,NA,NA,NA,NA,NA
"CGTAGCGGTCATCGGC-b02",NA,NA,NA,NA,NA,NA,NA,56.4201714302392,NA,NA,NA,NA,NA
"CGTCAGGGTCGAGTTT-b02",20.258441217207,20.5451272966319,20.608266674803,20.6102727999697,20.2234600807375,20.5423933017851,20.5667748984887,20.5173680404661,NA,NA,NA,NA,NA
"CTCACACCAACACCTA-b02",NA,NA,NA,NA,59.0843895069205,NA,NA,NA,NA,NA,NA,NA,NA
"CTCACACCACCAGGTC-b02",42.4528598789432,NA,NA,NA,NA,NA,NA,NA,NA,NA,NA,NA,NA
"CTCATTACACATGTGT-b02",45.678893960545,NA,NA,NA,NA,NA,NA,NA,NA,NA,NA,NA,NA
"CTCGAGGTCAGATAAG-b02",NA,NA,NA,NA,NA,55.2816696977869,NA,NA,NA,NA,NA,NA,NA
"CTGGTCTGTATCGCAT-b02",NA,NA,NA,NA,61.5121593882605,NA,NA,NA,NA,NA,NA,NA,NA
"CTTCTCTCATCCTTGC-b02",NA,NA,NA,NA,NA,NA,NA,53.8994228560385,NA,NA,NA,NA,NA
"GACACGCCAGCTTCGG-b02",33.3956116994688,27.9078904782274,29.7034197924248,28.1525415755886,27.1797922870358,36.2751310392762,27.6204391640902,28.4257146105937,NA,NA,NA,NA,NA
"GATTCAGGTTCACCTC-b02",NA,NA,NA,NA,NA,NA,NA,46.6143050448091,NA,NA,NA,NA,NA
"GCATGATTCAGTCCCT-b02",NA,NA,NA,NA,NA,47.8287430971322,NA,NA,NA,NA,NA,NA,NA
"GCATGATTCAGTGTTG-b02",NA,NA,NA,52.063488138213,NA,NA,NA,NA,NA,NA,NA,NA,NA
"GCATGTATCGTTTATC-b02",21.6723392208924,21.6984882029099,21.9097405018648,21.8634873154742,21.6968146713519,21.8077939168634,21.7799817164794,21.793803579131,NA,NA,NA,NA,NA
"GCGCAACAGTTATCGC-b02",28.1213888185583,26.6262851774367,26.7998366868752,26.8123656493013,25.803957967672,26.5170704194583,26.6729000838011,26.8800501594879,NA,NA,NA,NA,NA
"GCGCAGTTCGCCAGCA-b02",38.7330500204658,NA,NA,NA,NA,43.0855814650324,NA,42.5821214737747,NA,NA,NA,NA,NA
"GCTGCGATCTTCTGGC-b02",NA,56.4399967271993,NA,NA,NA,NA,NA,NA,NA,NA,NA,NA,NA
"GCTGGGTAGCAATCTC-b02",NA,NA,NA,NA,NA,49.7677657593465,NA,NA,NA,NA,NA,NA,NA
"GCTGGGTCATACGCCG-b02",51.7632226818724,NA,NA,NA,NA,NA,NA,NA,NA,NA,NA,NA,NA
"GGACAAGGTGTTGGGA-b02",24.51628941817,23.9214195532561,24.2369352062518,24.1977711873919,23.4663575098748,23.9971620533961,23.9825979279203,24.0416711697989,NA,NA,NA,NA,NA
"GGACAGAAGAAGGTTT-b02",NA,NA,28.3826096514896,NA,NA,33.853720751278,NA,NA,NA,NA,NA,NA,NA
"GGCAATTGTGTAATGA-b02",13.5577727182536,14.1136329453877,13.8140912827524,13.9468798075014,13.9227794642491,13.8991597979462,13.9956697491004,13.9485244934248,10.9475365806511,11.1199028392005,11.2601559139988,11.1464043189768,10.9270470784959
"GGCGTGTCATCGGGTC-b02",16.91413484093,16.8943698165859,17.0049409646798,16.8941272799421,16.8257215575611,16.94579356042,16.9657187512322,16.9346450714513,NA,NA,NA,NA,NA
"GGGAATGCACAAGTAA-b02",49.2725793012402,NA,NA,NA,NA,NA,NA,NA,NA,NA,NA,NA,NA
"GGGCACTAGCCTTGAT-b02",NA,60.0105888037522,NA,NA,NA,NA,NA,NA,NA,NA,NA,NA,NA
"GTACTTTGTTACTGAC-b02",22.0524613229743,22.0710587047584,22.1820674756271,22.2761083180102,21.6968146713519,22.1417119334223,22.0700516254092,22.0653126052232,NA,NA,NA,NA,NA
"GTAGGCCCAGATCGGA-b02",32.7889526392002,25.1011749216388,25.5990181233137,25.7274654277654,24.8619698646081,25.3305297416171,25.0477707335801,25.4517830451208,NA,NA,NA,NA,NA
"GTAGTCACACTCAGGC-b02",24.2437875992045,24.1154353483803,24.3607886533387,24.6513939577744,24.1734278532296,24.1948139871202,24.1936436722302,24.2806619261246,NA,NA,NA,NA,NA
"GTCACGGAGAGGTAGA-b02",NA,NA,NA,55.2799176086567,NA,NA,NA,NA,NA,NA,NA,NA,NA
"GTGCATACAACTGCGC-b02",37.102912306583,NA,37.4116343623501,NA,NA,40.763896261556,38.9326747697867,39.7312077233282,NA,NA,NA,NA,NA
"TACCTATAGTTAGGTA-b02",18.3149712288718,19.2611916300458,18.9873672352577,19.1693433811466,18.9352056875118,19.0325770583333,19.1434278471738,19.0479102052937,NA,NA,NA,NA,NA
"TAGACCAAGATCTGAA-b02",49.936976144678,NA,NA,NA,NA,NA,NA,NA,NA,NA,NA,NA,NA
"TAGAGCTAGTACGCGA-b02",20.333639445253,20.5764023936974,20.6893032801739,20.5931724651368,20.5417281789931,20.6100981065693,20.6474953787723,20.6352947502904,NA,NA,NA,NA,NA
"TATTACCGTCCAGTTA-b02",18.4111906345459,18.9970491497891,18.988079818038,18.9883139773863,18.7035558365653,18.9190700629586,19.0202262403264,18.9006734981942,NA,NA,NA,NA,NA
"TCAGATGAGATGGGTC-b02",36.4148423900096,NA,36.8414950581184,34.9138368242114,30.7745427914355,37.5957723474389,36.8618420169579,37.0578808712927,NA,NA,NA,NA,NA
"TCAGATGGTAGAGCTG-b02",46.1809870272564,NA,NA,NA,NA,NA,NA,NA,NA,NA,NA,NA,NA
"TCCCGATTCGCCGTGA-b02",40.5273905167504,20.6547045618893,20.5871472669024,20.7416709747826,20.2879256163294,20.5221225151706,20.5425467967065,20.5254969315195,NA,NA,NA,NA,NA
"TCGTACCTCAACGCTA-b02",NA,NA,NA,NA,NA,NA,NA,17.1449323186072,NA,NA,NA,NA,NA
"TGATTTCCAGTCTTCC-b02",43.1765953347042,NA,NA,NA,NA,NA,NA,NA,NA,NA,NA,NA,NA
"TGCGCAGCAGGATTGG-b02",NA,NA,NA,58.893448244129,NA,NA,NA,NA,NA,NA,NA,NA,NA
"TGCGCAGTCCCTGACT-b02",NA,NA,NA,NA,NA,NA,58.830091947476,NA,NA,NA,NA,NA,NA
"TGCGGGTAGTACTTGC-b02",23.6933765140784,23.2880418573143,23.437889392921,23.7657540674343,22.5694635722016,23.1810917274893,23.2147866557884,23.3845085625809,NA,NA,NA,NA,NA
"TTTGTCAAGTACACCT-b02",NA,NA,NA,NA,NA,52.1678129381376,NA,NA,NA,NA,NA,NA,NA
