obs_name,leiden,dpt_pseudotime,embryo_time_numeric,cell.type,lineage,time.point,embryo.time.bin,embryo.time,batch
AAACCTGCAAGACGTG-300.1.1,0,0.23201449,350,AFD,ABalpppapav/ABpraaaapav,300_minutes,330-390,350,Waterston_300_minutes
AAACCTGGTGTGAATA-300.1.1,1,0.0288606,190,,ABalppppa/ABpraaapa,300_minutes,170-210,190,Waterston_300_minutes
AAACCTGTCGGCCGAT-300.1.1,4,0.05100316,245,,ABpxpaaaaa,300_minutes,210-270,245,Waterston_300_minutes
AAAGATGGTTCGTTGA-300.1.1,4,0.04405432,225,,,300_minutes,210-270,225,Waterston_300_minutes
AACCATGAGAAACCTA-300.1.1,5,0.12417172,325,ASK_parent,ABalpppappp/ABpraaaappp,300_minutes,270-330,325,Waterston_300_minutes
AACCATGAGTTGAGAT-300.1.1,6,0.11806211,670,ASEL,ABalppppppaa/ABpraaapppaa,300_minutes,> 650,670,Waterston_300_minutes
AACGTTGAGTAAGTAC-300.1.1,4,0.057429794,260,,,300_minutes,210-270,260,Waterston_300_minutes
AACTCAGTCTTATCTG-300.1.1,1,0.027026862,170,,ABalpppap/ABpraaaap,300_minutes,170-210,170,Waterston_300_minutes
AACTCCCAGTGTACTC-300.1.1,3,0.016981423,260,,,300_minutes,210-270,260,Waterston_300_minutes
AACTGGTAGGCAATTA-300.1.1,8,0.06484213,300,Neuroblast_AFD_RMD,ABalpppapa/ABpraaaapa,300_minutes,270-330,300,Waterston_300_minutes
AACTTTCGTCTTCAAG-300.1.1,3,0.010177624,260,Neuroblast_ADF_AWB,ABalpppppa/ABpraaappa,300_minutes,210-270,260,Waterston_300_minutes
AAGCCGCTCAGAGACG-300.1.1,2,0.065147325,260,Neuroblast_ASE_ASJ_AUA,ABalpppppp/ABpraaappp,300_minutes,210-270,260,Waterston_300_minutes
AAGGCAGGTGGGTATG-300.1.1,4,0.027204122,200,,ABpxpaaaap,300_minutes,170-210,200,Waterston_300_minutes
AAGTCTGTCCAAATGC-300.1.1,5,0.08885321,290,ASK_parent,ABalpppappp/ABpraaaappp,300_minutes,270-330,290,Waterston_300_minutes
AAGTCTGTCTAACTCT-300.1.1,9,0.14079058,300,ASE_parent,ABalppppppa/ABpraaapppa,300_minutes,270-330,300,Waterston_300_minutes
AATCGGTAGCGAGAAA-300.1.1,10,0.1350057,290,Neuroblast_ASJ_AUA,ABalppppppp/ABpraaapppp,300_minutes,270-330,290,Waterston_300_minutes
ACACCAAAGTTCCACA-300.1.1,4,0.046046812,240,,,300_minutes,210-270,240,Waterston_300_minutes
ACACCCTCAAACGTGG-300.1.1,3,0.010214984,230,,,300_minutes,210-270,230,Waterston_300_minutes
ACATGGTCAGTAGAGC-300.1.1,11,0.11179042,260,Neuroblast_AFD_RMD,ABalpppapa/ABpraaaapa,300_minutes,210-270,260,Waterston_300_minutes
ACCAGTATCGTAGGTT-300.1.1,8,0.09947041,300,AFD,ABalpppapav/ABpraaaapav,300_minutes,270-330,300,Waterston_300_minutes
ACCTTTAAGATATGCA-300.1.1,2,0.039450776,175,,,300_minutes,170-210,175,Waterston_300_minutes
ACGAGCCGTGAACCTT-300.1.1,1,0.03522047,195,,ABalpppapp/ABpraaaapp,300_minutes,170-210,195,Waterston_300_minutes
ACGAGGACATCCTAGA-300.1.1,1,0.01960363,170,,ABalpppppp/ABpraaappp,300_minutes,170-210,170,Waterston_300_minutes
ACGATACTCGCGTAGC-300.1.1,8,0.05500165,265,Neuroblast_AFD_RMD,ABalpppapa/ABpraaaapa,300_minutes,210-270,265,Waterston_300_minutes
ACGCAGCAGTGCGATG-300.1.1,7,0.044999976,300,Neuroblast_ASG_AWA,ABpxaapapa,300_minutes,270-330,300,Waterston_300_minutes
ACGCAGCGTTCGCTAA-300.1.1,7,0.037823986,280,Neuroblast_ASG_AWA,ABpxaapapa,300_minutes,270-330,280,Waterston_300_minutes
ACGCCAGGTTAAGGGC-300.1.1,2,0.037036605,260,Neuroblast_ASE_ASJ_AUA,ABalpppppp/ABpraaappp,300_minutes,210-270,260,Waterston_300_minutes
ACGGAGAAGACACTAA-300.1.1,3,0.04693399,310,Neuroblast_ADF_AWB,ABalpppppa/ABpraaappa,300_minutes,270-330,310,Waterston_300_minutes
ACGGAGACAATAGCAA-300.1.1,7,0.0149278445,270,Neuroblast_ASG_AWA,ABpxaapapa,300_minutes,270-330,270,Waterston_300_minutes
ACGGAGACACACTGCG-300.1.1,4,0.06033716,230,,ABpxpaaaaa,300_minutes,210-270,230,Waterston_300_minutes
ACGGGCTAGGAGTAGA-300.1.1,3,0.019500775,260,,ABpxpaappa,300_minutes,210-270,260,Waterston_300_minutes
ACTATCTAGTGCAAGC-300.1.1,2,0.034694463,260,Neuroblast_ASE_ASJ_AUA,ABalpppppp/ABpraaappp,300_minutes,210-270,260,Waterston_300_minutes
ACTATCTCAAACGTGG-300.1.1,12,0.3166366,405,ADL,ABalppppaad/ABpraaapaad,300_minutes,390-450,405,Waterston_300_minutes
ACTGCTCTCTTACCTA-300.1.1,0,0.1354591,270,Neuroblast_AFD_RMD,ABalpppapa/ABpraaaapa,300_minutes,270-330,270,Waterston_300_minutes
ACTTACTGTGTAACGG-300.1.1,3,0.015755665,225,,,300_minutes,210-270,225,Waterston_300_minutes
ACTTGTTTCAGGTAAA-300.1.1,1,0.029354818,175,,ABalpppppp/ABpraaappp,300_minutes,170-210,175,Waterston_300_minutes
ACTTTCACAAGTTGTC-300.1.1,11,0.22888137,260,ADL_parent,ABalppppaa/ABpraaapaa,300_minutes,210-270,260,Waterston_300_minutes
AGACGTTAGGCCCGTT-300.1.1,2,0.030419987,210,Neuroblast_ASE_ASJ_AUA,ABalpppppp/ABpraaappp,300_minutes,210-270,210,Waterston_300_minutes
AGAGCTTAGCGTGAAC-300.1.1,7,0.04673277,300,Neuroblast_ASG_AWA,ABpxaapapa,300_minutes,270-330,300,Waterston_300_minutes
AGAGCTTCATGGAATA-300.1.1,4,0.017593388,170,,,300_minutes,170-210,170,Waterston_300_minutes
AGAGTGGGTGGCAAAC-300.1.1,2,0.021744935,190,,ABalpppppp/ABpraaappp,300_minutes,170-210,190,Waterston_300_minutes
AGCAGCCTCATAACCG-300.1.1,7,0.0629352,300,ASG_AWA,,300_minutes,270-330,300,Waterston_300_minutes
AGCGTATAGTCGTTTG-300.1.1,8,0.022485422,220,,ABalpppapa/ABpraaaapa,300_minutes,210-270,220,Waterston_300_minutes
AGCGTATTCGTCTGAA-300.1.1,4,0.020254793,170,,,300_minutes,170-210,170,Waterston_300_minutes
AGCTCTCGTACTTCTT-300.1.1,10,0.16543205,310,Neuroblast_ASJ_AUA,ABalppppppp/ABpraaapppp,300_minutes,270-330,310,Waterston_300_minutes
AGGCCACCAGGTGGAT-300.1.1,3,0.0127724325,180,,,300_minutes,170-210,180,Waterston_300_minutes
AGGCCGTCACTAGTAC-300.1.1,11,0.2817941,260,ADL_parent,ABalppppaa/ABpraaapaa,300_minutes,210-270,260,Waterston_300_minutes
AGGGAGTCACCTATCC-300.1.1,11,0.24442789,245,ADL_parent,ABalppppaa/ABpraaapaa,300_minutes,210-270,245,Waterston_300_minutes
AGGGAGTTCTGATTCT-300.1.1,4,0.06540945,245,,,300_minutes,210-270,245,Waterston_300_minutes
AGGGATGAGCCGCCTA-300.1.1,3,0.026824756,270,,,300_minutes,270-330,270,Waterston_300_minutes
AGGGATGGTCCGTCAG-300.1.1,1,0.012521132,205,,ABpxapppa,300_minutes,170-210,205,Waterston_300_minutes
AGGGTGAAGCGTGAGT-300.1.1,4,0.054785226,230,,,300_minutes,210-270,230,Waterston_300_minutes
AGGTCCGAGACGACGT-300.1.1,8,0.039348066,230,Neuroblast_AFD_RMD,ABalpppapa/ABpraaaapa,300_minutes,210-270,230,Waterston_300_minutes
AGGTCCGAGGCTCTTA-300.1.1,1,0.025688265,170,,ABalppppa/ABpraaapa,300_minutes,170-210,170,Waterston_300_minutes
AGGTCCGGTCGCCATG-300.1.1,13,0.19161877,390,ASH,ABpxpaappaa,300_minutes,390-450,390,Waterston_300_minutes
AGGTCCGTCAACGGGA-300.1.1,8,0.04247778,260,Neuroblast_AFD_RMD,ABalpppapa/ABpraaaapa,300_minutes,210-270,260,Waterston_300_minutes
AGTTGGTAGCCAGTAG-300.1.1,4,0.054496292,245,,,300_minutes,210-270,245,Waterston_300_minutes
ATAACGCCATGTAGTC-300.1.1,3,0.010961976,260,Neuroblast_ASG_AWA,ABpxaapapa,300_minutes,210-270,260,Waterston_300_minutes
ATCACGAGTCGAGTTT-300.1.1,3,0.017292509,260,,,300_minutes,210-270,260,Waterston_300_minutes
ATCACGATCGCCAGCA-300.1.1,4,0.045603354,230,,,300_minutes,210-270,230,Waterston_300_minutes
ATCACGATCGGCATCG-300.1.1,3,0.027801655,265,,,300_minutes,210-270,265,Waterston_300_minutes
ATCCGAAAGCTACCGC-300.1.1,14,0.17050529,420,ADF,ABalpppppaa/ABpraaappaa,300_minutes,390-450,420,Waterston_300_minutes
ATCCGAAAGCTATGCT-300.1.1,2,0.038707685,285,Neuroblast_ASJ_AUA,ABalppppppp/ABpraaapppp,300_minutes,270-330,285,Waterston_300_minutes
ATGAGGGAGGCTAGAC-300.1.1,7,0.03112376,280,Neuroblast_ASG_AWA,ABpxaapapa,300_minutes,270-330,280,Waterston_300_minutes
ATGAGGGTCCTATGTT-300.1.1,4,0.053142186,230,,,300_minutes,210-270,230,Waterston_300_minutes
ATGTGTGCAGTCAGAG-300.1.1,10,0.13706718,300,Neuroblast_ASJ_AUA,ABalppppppp/ABpraaapppp,300_minutes,270-330,300,Waterston_300_minutes
ATTATCCCACCACCAG-300.1.1,4,0.03556008,200,,ABpxpaaaa,300_minutes,170-210,200,Waterston_300_minutes
ATTATCCGTGACCAAG-300.1.1,4,0.04025688,230,,ABalppappa/ABarappppa,300_minutes,210-270,230,Waterston_300_minutes
ATTGGACCAGTAACGG-300.1.1,10,0.08413638,290,ASI_parent,ABpxaapappp,300_minutes,270-330,290,Waterston_300_minutes
CAACCTCGTCCAGTGC-300.1.1,1,0.02456142,190,,,300_minutes,170-210,190,Waterston_300_minutes
CAAGGCCGTCACACGC-300.1.1,1,0.02650884,200,,ABalppppap/ABpraaapap,300_minutes,170-210,200,Waterston_300_minutes
CAAGGCCGTCCTCTTG-300.1.1,4,0.057044894,275,,,300_minutes,270-330,275,Waterston_300_minutes
CAAGTTGTCTCCGGTT-300.1.1,3,0.02155788,260,,,300_minutes,210-270,260,Waterston_300_minutes
CACACCTCACATGTGT-300.1.1,10,0.07886464,300,ASI_parent,ABpxaapappp,300_minutes,270-330,300,Waterston_300_minutes
CACACTCGTACCATCA-300.1.1,4,0.013373875,170,,,300_minutes,170-210,170,Waterston_300_minutes
CACAGGCTCACCCTCA-300.1.1,12,0.30553994,340,ADL,ABalppppaad/ABpraaapaad,300_minutes,330-390,340,Waterston_300_minutes
CACATAGTCAAGGTAA-300.1.1,9,0.13732134,310,ASE_parent,ABalppppppa/ABpraaapppa,300_minutes,270-330,310,Waterston_300_minutes
CAGCATATCCACGACG-300.1.1,15,0.10921233,345,ASI_parent,ABpxaapappp,300_minutes,330-390,345,Waterston_300_minutes
CAGCCGAGTGACTACT-300.1.1,2,0.019478137,200,Neuroblast_ASE_ASJ_AUA,ABalpppppp/ABpraaappp,300_minutes,170-210,200,Waterston_300_minutes
CAGCGACTCTGAGTGT-300.1.1,4,0.05970457,230,,ABpxpaaaaa,300_minutes,210-270,230,Waterston_300_minutes
CAGCTAATCCGTTGCT-300.1.1,3,0.025096137,265,,,300_minutes,210-270,265,Waterston_300_minutes
CAGCTAATCTTCATGT-300.1.1,3,0.03380942,270,,,300_minutes,270-330,270,Waterston_300_minutes
CATATGGCAGACAAGC-300.1.1,4,0.048820306,260,,,300_minutes,210-270,260,Waterston_300_minutes
CATATGGCATTTGCCC-300.1.1,5,0.12322106,365,ASK_parent,ABalpppappp/ABpraaaappp,300_minutes,330-390,365,Waterston_300_minutes
CATGACACATTAACCG-300.1.1,12,0.2944125,380,ADL,ABalppppaad/ABpraaapaad,300_minutes,330-390,380,Waterston_300_minutes
CATGACATCGATCCCT-300.1.1,2,0.017813288,220,Neuroblast_ASE_ASJ_AUA,ABalpppppp/ABpraaappp,300_minutes,210-270,220,Waterston_300_minutes
CATGCCTCATATGGTC-300.1.1,11,0.05902615,220,,ABalppppaa/ABpraaapaa,300_minutes,210-270,220,Waterston_300_minutes
CATGCCTGTTAAGGGC-300.1.1,5,0.112111226,330,ASK_parent,ABalpppappp/ABpraaaappp,300_minutes,330-390,330,Waterston_300_minutes
CATGGCGTCGGCGCAT-300.1.1,3,0.01744367,265,Neuroblast_ADF_AWB,ABalpppppa/ABpraaappa,300_minutes,210-270,265,Waterston_300_minutes
CATTATCGTTGGGACA-300.1.1,1,0.012685086,205,,ABpxaapapp,300_minutes,170-210,205,Waterston_300_minutes
CCAATCCAGATGCCTT-300.1.1,0,0.17020857,325,AFD,ABalpppapav/ABpraaaapav,300_minutes,270-330,325,Waterston_300_minutes
CCAATCCCACCTCGTT-300.1.1,4,0.061326202,270,,,300_minutes,270-330,270,Waterston_300_minutes
CCACGGATCTTGTTTG-300.1.1,7,0.055709463,310,Neuroblast_ASG_AWA,ABpxaapapa,300_minutes,270-330,310,Waterston_300_minutes
CCAGCGAGTTAGTGGG-300.1.1,11,0.2927168,300,ADL_parent,ABalppppaa/ABpraaapaa,300_minutes,270-330,300,Waterston_300_minutes
CCCAATCAGATCCCGC-300.1.1,12,0.29738826,370,ADL,ABalppppaad/ABpraaapaad,300_minutes,330-390,370,Waterston_300_minutes
CCCAGTTTCCTTTCGG-300.1.1,15,0.086496316,290,ASI_parent,ABpxaapappp,300_minutes,270-330,290,Waterston_300_minutes
CCCATACAGCGCCTTG-300.1.1,11,0.23537816,230,ADL_parent,ABalppppaa/ABpraaapaa,300_minutes,210-270,230,Waterston_300_minutes
CCCTCCTAGAGAGCTC-300.1.1,2,0.030324329,180,,,300_minutes,170-210,180,Waterston_300_minutes
CCCTCCTCACCCATGG-300.1.1,11,0.30183545,300,ADL_parent,ABalppppaa/ABpraaapaa,300_minutes,270-330,300,Waterston_300_minutes
CCGTACTGTCGCGGTT-300.1.1,4,0.04900534,225,,,300_minutes,210-270,225,Waterston_300_minutes
CCGTGGACACCTCGTT-300.1.1,1,0.008621947,200,,ABpxaapapp,300_minutes,170-210,200,Waterston_300_minutes
CCGTTCAAGACGCACA-300.1.1,4,0.057543177,245,,ABpxpaaaaa,300_minutes,210-270,245,Waterston_300_minutes
CCTATTATCTACTTAC-300.1.1,8,0.050293807,260,Neuroblast_AFD_RMD,ABalpppapa/ABpraaaapa,300_minutes,210-270,260,Waterston_300_minutes
CCTCAGTAGTGTGAAT-300.1.1,11,0.049139112,225,,ABalppppaa/ABpraaapaa,300_minutes,210-270,225,Waterston_300_minutes
CCTCAGTGTTGTCGCG-300.1.1,10,0.108449124,290,Neuroblast_ASJ_AUA,ABalppppppp/ABpraaapppp,300_minutes,270-330,290,Waterston_300_minutes
CCTCTGAAGCTCAACT-300.1.1,12,0.30408847,360,ADL,ABalppppaad/ABpraaapaad,300_minutes,330-390,360,Waterston_300_minutes
CCTCTGATCCTCGCAT-300.1.1,3,0.019199748,260,Neuroblast_ADF_AWB,ABalpppppa/ABpraaappa,300_minutes,210-270,260,Waterston_300_minutes
CCTTCCCCATCGGAAG-300.1.1,11,0.21550259,230,ADL_parent,ABalppppaa/ABpraaapaa,300_minutes,210-270,230,Waterston_300_minutes
CCTTTCTCAATTCCTT-300.1.1,18,0.20679396,370,AWC,ABpxpaaaaap,300_minutes,330-390,370,Waterston_300_minutes
CGAGCCAGTAAGTGTA-300.1.1,5,0.094365895,270,ASK_parent,ABalpppappp/ABpraaaappp,300_minutes,270-330,270,Waterston_300_minutes
CGAGCCATCGGCGCAT-300.1.1,7,0.022597142,270,Neuroblast_ASG_AWA,ABpxaapapa,300_minutes,270-330,270,Waterston_300_minutes
CGCCAAGCAGATAATG-300.1.1,1,0.040864427,175,,ABalpppap/ABpraaaap,300_minutes,170-210,175,Waterston_300_minutes
CGCGGTAAGCGTAGTG-300.1.1,3,0.01358962,260,Neuroblast_ADF_AWB,ABalpppppa/ABpraaappa,300_minutes,210-270,260,Waterston_300_minutes
CGCGTTTCAGGAACGT-300.1.1,2,0.037171,245,Neuroblast_ASE_ASJ_AUA,ABalpppppp/ABpraaappp,300_minutes,210-270,245,Waterston_300_minutes
CGCTATCCAGTAAGAT-300.1.1,11,0.3131586,315,ADL_parent,ABalppppaa/ABpraaapaa,300_minutes,270-330,315,Waterston_300_minutes
CGCTATCTCTGCTGCT-300.1.1,7,0.020542145,190,,,300_minutes,170-210,190,Waterston_300_minutes
CGCTGGACACTAAGTC-300.1.1,3,0.025250696,270,,,300_minutes,270-330,270,Waterston_300_minutes
CGCTGGACAGACGCAA-300.1.1,14,0.069583334,345,ADF_AWB,,300_minutes,330-390,345,Waterston_300_minutes
CGCTGGAGTCGGCTCA-300.1.1,3,0.013511467,260,,ABpxpaappa,300_minutes,210-270,260,Waterston_300_minutes
CGCTGGAGTTAAGACA-300.1.1,10,0.1812164,350,ASJ,ABalpppppppa/ABpraaappppa,300_minutes,330-390,350,Waterston_300_minutes
CGCTTCAGTTATCCGA-300.1.1,3,0.035998628,275,Neuroblast_ADF_AWB,ABalpppppa/ABpraaappa,300_minutes,270-330,275,Waterston_300_minutes
CGGACGTAGTACGTAA-300.1.1,9,0.08519978,260,Neuroblast_ASE_ASJ_AUA,ABalpppppp/ABpraaappp,300_minutes,210-270,260,Waterston_300_minutes
CGGACGTAGTGGTCCC-300.1.1,2,0.043145735,270,ASI_parent,ABpxaapappp,300_minutes,270-330,270,Waterston_300_minutes
CGGAGCTCAATGGAAT-300.1.1,9,0.08920756,300,ASE_parent,ABalppppppa/ABpraaapppa,300_minutes,270-330,300,Waterston_300_minutes
CGGAGTCAGTCGCCGT-300.1.1,7,0.03143186,260,Neuroblast_ASG_AWA,ABpxaapapa,300_minutes,210-270,260,Waterston_300_minutes
CGGAGTCTCTGTACGA-300.1.1,8,0.025279647,230,Neuroblast_AFD_RMD,ABalpppapa/ABpraaaapa,300_minutes,210-270,230,Waterston_300_minutes
CGGCTAGCAACTTGAC-300.1.1,3,0.03825574,215,,,300_minutes,210-270,215,Waterston_300_minutes
CGTCACTCATGTTCCC-300.1.1,1,0.037397016,195,,ABalpppap/ABpraaaap,300_minutes,170-210,195,Waterston_300_minutes
CGTCAGGGTAAGGATT-300.1.1,9,0.24816702,405,ASE,ABalppppppaa/ABpraaapppaa,300_minutes,390-450,405,Waterston_300_minutes
CGTCTACTCCAGTAGT-300.1.1,12,0.3175204,365,ADL,ABalppppaad/ABpraaapaad,300_minutes,330-390,365,Waterston_300_minutes
CGTGTAATCGTTACGA-300.1.1,8,0.039867897,260,Neuroblast_AFD_RMD,ABalpppapa/ABpraaaapa,300_minutes,210-270,260,Waterston_300_minutes
CGTTAGAAGGCGTACA-300.1.1,11,0.253353,270,ADL_parent,ABalppppaa/ABpraaapaa,300_minutes,270-330,270,Waterston_300_minutes
CTAAGACAGCACCGCT-300.1.1,7,0.01879331,260,Neuroblast_ASG_AWA,ABpxaapapa,300_minutes,210-270,260,Waterston_300_minutes
CTAAGACCAGCTTCGG-300.1.1,4,0.060235985,260,,,300_minutes,210-270,260,Waterston_300_minutes
CTAAGACTCTCTAGGA-300.1.1,4,0.02424561,230,,,300_minutes,210-270,230,Waterston_300_minutes
CTAATGGAGGGCTTCC-300.1.1,1,0.027944865,180,,ABalppppa/ABpraaapa,300_minutes,170-210,180,Waterston_300_minutes
CTAATGGAGTACCGGA-300.1.1,9,0.13053112,310,ASE_parent,ABalppppppa/ABpraaapppa,300_minutes,270-330,310,Waterston_300_minutes
CTACCCACAATGGACG-300.1.1,19,0.118986376,370,ASH,ABpxpaappaa,300_minutes,330-390,370,Waterston_300_minutes
CTACCCAGTCTGGAGA-300.1.1,7,0.049610347,320,Neuroblast_ASG_AWA,ABpxaapapa,300_minutes,270-330,320,Waterston_300_minutes
CTACCCATCTGGGCCA-300.1.1,2,0.025908066,205,Neuroblast_ASE_ASJ_AUA,ABalpppppp/ABpraaappp,300_minutes,170-210,205,Waterston_300_minutes
CTAGTGATCCGCGCAA-300.1.1,11,0.3044792,300,ADL_parent,ABalppppaa/ABpraaapaa,300_minutes,270-330,300,Waterston_300_minutes
CTCATTACAGTATGCT-300.1.1,1,0.018599806,200,,ABalpppppp/ABpraaappp,300_minutes,170-210,200,Waterston_300_minutes
CTCCTAGTCACCTTAT-300.1.1,7,0.052249156,320,Neuroblast_ASG_AWA,ABpxaapapa,300_minutes,270-330,320,Waterston_300_minutes
CTCGAGGAGGAGTTGC-300.1.1,8,0.034127414,230,Neuroblast_AFD_RMD,ABalpppapa/ABpraaaapa,300_minutes,210-270,230,Waterston_300_minutes
CTCGAGGAGTGATCGG-300.1.1,11,0.19875178,210,,ABalppppaa/ABpraaapaa,300_minutes,210-270,210,Waterston_300_minutes
CTCGAGGGTCTTCGTC-300.1.1,3,0.011759986,195,,ABpxpaaapp,300_minutes,170-210,195,Waterston_300_minutes
CTCGTCAAGTCTCCTC-300.1.1,7,0.013641974,260,Neuroblast_ASG_AWA,ABpxaapapa,300_minutes,210-270,260,Waterston_300_minutes
CTGAAACCAGCCAATT-300.1.1,12,0.29989928,350,ADL,ABalppppaad/ABpraaapaad,300_minutes,330-390,350,Waterston_300_minutes
CTGAAGTCACCAGGCT-300.1.1,20,0.79613507,585,ADL,ABalppppaad/ABpraaapaad,300_minutes,580-650,585,Waterston_300_minutes
CTGATAGAGAGCTGGT-300.1.1,14,0.18846762,425,ADF,ABalpppppaa/ABpraaappaa,300_minutes,390-450,425,Waterston_300_minutes
CTGCCTAAGGGTCGAT-300.1.1,3,0.04728521,285,,,300_minutes,270-330,285,Waterston_300_minutes
CTGCTGTAGCAGGCTA-300.1.1,4,0.039662987,245,,,300_minutes,210-270,245,Waterston_300_minutes
CTGCTGTAGTTGTAGA-300.1.1,11,0.17879489,220,ADL_parent,ABalppppaa/ABpraaapaa,300_minutes,210-270,220,Waterston_300_minutes
CTGCTGTCAGAGTGTG-300.1.1,12,0.3383089,380,ADL,ABalppppaad/ABpraaapaad,300_minutes,330-390,380,Waterston_300_minutes
CTGCTGTTCAAGCCTA-300.1.1,1,0.020443816,180,,ABpxaapap,300_minutes,170-210,180,Waterston_300_minutes
CTGGTCTGTTCCACAA-300.1.1,4,0.054878026,260,,,300_minutes,210-270,260,Waterston_300_minutes
CTGGTCTTCGGCGGTT-300.1.1,3,0.024058236,270,,,300_minutes,270-330,270,Waterston_300_minutes
CTGTGCTAGCTTTGGT-300.1.1,7,0.012908753,230,,,300_minutes,210-270,230,Waterston_300_minutes
CTGTGCTGTTGGGACA-300.1.1,4,0.043406043,230,,,300_minutes,210-270,230,Waterston_300_minutes
CTTACCGCATGCCTTC-300.1.1,3,0.03647999,270,,,300_minutes,270-330,270,Waterston_300_minutes
CTTACCGTCCGTCATC-300.1.1,12,0.36342362,405,ADL,ABalppppaad/ABpraaapaad,300_minutes,390-450,405,Waterston_300_minutes
CTTACCGTCGTACGGC-300.1.1,10,0.19752671,350,ASJ,ABalpppppppa/ABpraaappppa,300_minutes,330-390,350,Waterston_300_minutes
CTTAGGACATCATCCC-300.1.1,4,0.02876608,200,,ABpxpaaaap,300_minutes,170-210,200,Waterston_300_minutes
CTTAGGAGTAGCTTGT-300.1.1,2,0.02760836,200,,ABalpppppp/ABpraaappp,300_minutes,170-210,200,Waterston_300_minutes
CTTAGGAGTAGGAGTC-300.1.1,5,0.11243715,310,ASK_parent,ABalpppappp/ABpraaaappp,300_minutes,270-330,310,Waterston_300_minutes
CTTAGGAGTTAGTGGG-300.1.1,1,0.012799473,190,,ABpxaapap,300_minutes,170-210,190,Waterston_300_minutes
CTTCTCTGTTACTGAC-300.1.1,1,0.026609208,200,,ABalppppap/ABpraaapap,300_minutes,170-210,200,Waterston_300_minutes
CTTTGCGCAACGCACC-300.1.1,2,0.02949986,200,,ABalpppppp/ABpraaappp,300_minutes,170-210,200,Waterston_300_minutes
GACAGAGCATGCTAGT-300.1.1,11,0.250851,275,ADL_parent,ABalppppaa/ABpraaapaa,300_minutes,270-330,275,Waterston_300_minutes
GACGCGTAGAAGGCCT-300.1.1,4,0.04261578,225,,,300_minutes,210-270,225,Waterston_300_minutes
GACGCGTTCTTCTGGC-300.1.1,1,0.007983249,195,,,300_minutes,170-210,195,Waterston_300_minutes
GACGGCTGTAGTGAAT-300.1.1,13,0.21790664,390,ASH,ABpxpaappaa,300_minutes,390-450,390,Waterston_300_minutes
GACGTGCTCGTGGACC-300.1.1,4,0.055912163,275,,,300_minutes,270-330,275,Waterston_300_minutes
GACGTTACAAACAACA-300.1.1,9,0.23863482,390,ASE,ABalppppppaa/ABpraaapppaa,300_minutes,390-450,390,Waterston_300_minutes
GAGCAGAAGGCTCTTA-300.1.1,4,0.05953136,245,,ABpxpaaaaa,300_minutes,210-270,245,Waterston_300_minutes
GAGTCCGCAGCTTCGG-300.1.1,9,0.1577619,350,ASE_parent,ABalppppppa/ABpraaapppa,300_minutes,330-390,350,Waterston_300_minutes
GATCGTACAACTGCGC-300.1.1,1,0.015162114,285,ASK_parent,ABalpppappp/ABpraaaappp,300_minutes,270-330,285,Waterston_300_minutes
GATGCTACAACACCCG-300.1.1,4,0.05476561,270,,,300_minutes,270-330,270,Waterston_300_minutes
GCAAACTAGAGTACCG-300.1.1,7,0.03398747,300,Neuroblast_ADF_AWB,ABalpppppa/ABpraaappa,300_minutes,270-330,300,Waterston_300_minutes
GCACATACATTTCACT-300.1.1,3,0.015302467,260,,ABpxpaappa,300_minutes,210-270,260,Waterston_300_minutes
GCACATAGTTTGGCGC-300.1.1,4,0.05883756,270,,,300_minutes,270-330,270,Waterston_300_minutes
GCACTCTAGGCGTACA-300.1.1,7,0.046022587,280,Neuroblast_ASG_AWA,ABpxaapapa,300_minutes,270-330,280,Waterston_300_minutes
GCAGCCAAGAAGGTGA-300.1.1,7,0.013026246,230,,ABpxaapapa,300_minutes,210-270,230,Waterston_300_minutes
GCAGTTAAGCGAGAAA-300.1.1,5,0.100712486,285,ASK_parent,ABalpppappp/ABpraaaappp,300_minutes,270-330,285,Waterston_300_minutes
GCATACAAGGCCGAAT-300.1.1,7,0.039582387,280,Neuroblast_ASG_AWA,ABpxaapapa,300_minutes,270-330,280,Waterston_300_minutes
GCATGTAGTACATCCA-300.1.1,2,0.029605038,175,,ABalpppppp/ABpraaappp,300_minutes,170-210,175,Waterston_300_minutes
GCATGTATCAAACCGT-300.1.1,7,0.057686403,300,ASG_AWA,,300_minutes,270-330,300,Waterston_300_minutes
GCGACCAAGAGCCTAG-300.1.1,4,0.06321887,260,,,300_minutes,210-270,260,Waterston_300_minutes
GCGAGAAAGCCGTCGT-300.1.1,2,0.03211677,230,Neuroblast_ASE_ASJ_AUA,ABalpppppp/ABpraaappp,300_minutes,210-270,230,Waterston_300_minutes
GCTCCTACAGCCAATT-300.1.1,3,0.0154305715,230,,ABpxapppa,300_minutes,210-270,230,Waterston_300_minutes
GCTGCGAAGTCAAGGC-300.1.1,1,0.006927053,200,,ABpxaapapp,300_minutes,170-210,200,Waterston_300_minutes
GCTGCGATCTATCCCG-300.1.1,3,0.020294772,260,,,300_minutes,210-270,260,Waterston_300_minutes
GCTGGGTAGGACACCA-300.1.1,7,0.01303051,260,Neuroblast_ASG_AWA,ABpxaapapa,300_minutes,210-270,260,Waterston_300_minutes
GCTTGAACAAGCCATT-300.1.1,4,0.05260521,215,,,300_minutes,210-270,215,Waterston_300_minutes
GCTTGAACAGATGGGT-300.1.1,4,0.016798198,215,,,300_minutes,210-270,215,Waterston_300_minutes
GGACAGAAGGCATGTG-300.1.1,11,0.19127929,200,,ABalppppaa/ABpraaapaa,300_minutes,170-210,200,Waterston_300_minutes
GGAGCAATCGTTTAGG-300.1.1,11,0.30434734,285,ADL_parent,ABalppppaa/ABpraaapaa,300_minutes,270-330,285,Waterston_300_minutes
GGATGTTCACTTCTGC-300.1.1,9,0.15321448,350,ASE_parent,ABalppppppa/ABpraaapppa,300_minutes,330-390,350,Waterston_300_minutes
GGATTACAGCCAGTAG-300.1.1,7,0.052680496,320,Neuroblast_ASG_AWA,ABpxaapapa,300_minutes,270-330,320,Waterston_300_minutes
GGCGACTAGACGACGT-300.1.1,11,0.24909982,300,ADL_parent,ABalppppaa/ABpraaapaa,300_minutes,270-330,300,Waterston_300_minutes
GGCTCGACACACAGAG-300.1.1,3,0.012827175,225,,ABpxpaappa,300_minutes,210-270,225,Waterston_300_minutes
GGCTCGATCATCATTC-300.1.1,4,0.04638154,225,,,300_minutes,210-270,225,Waterston_300_minutes
GGGACCTCACCGAAAG-300.1.1,11,0.12131351,260,,,300_minutes,210-270,260,Waterston_300_minutes
GGGACCTGTCTACCTC-300.1.1,7,0.025161939,270,Neuroblast_ASG_AWA,ABpxaapapa,300_minutes,270-330,270,Waterston_300_minutes
GGGATGACAGCTCGCA-300.1.1,2,0.020149963,190,,ABalpppppp/ABpraaappp,300_minutes,170-210,190,Waterston_300_minutes
GGGCATCCATACTACG-300.1.1,8,0.043218397,270,Neuroblast_AFD_RMD,ABalpppapa/ABpraaaapa,300_minutes,270-330,270,Waterston_300_minutes
GGGTTGCAGCCCAACC-300.1.1,1,0.035231758,170,,,300_minutes,170-210,170,Waterston_300_minutes
GGGTTGCTCCTTTACA-300.1.1,8,0.06768217,270,Neuroblast_AFD_RMD,ABalpppapa/ABpraaaapa,300_minutes,270-330,270,Waterston_300_minutes
GGTATTGAGAGTTGGC-300.1.1,3,0.036945406,265,Neuroblast_ADF_AWB,ABalpppppa/ABpraaappa,300_minutes,210-270,265,Waterston_300_minutes
GGTATTGAGTCATCCA-300.1.1,7,0.015910372,260,Neuroblast_ASG_AWA,ABpxaapapa,300_minutes,210-270,260,Waterston_300_minutes
GGTGAAGAGAAACCGC-300.1.1,8,0.07454852,270,Neuroblast_AFD_RMD,ABalpppapa/ABpraaaapa,300_minutes,270-330,270,Waterston_300_minutes
GGTGAAGGTCCATGAT-300.1.1,10,0.14973448,320,,,300_minutes,270-330,320,Waterston_300_minutes
GGTGAAGTCATAAAGG-300.1.1,13,0.19614145,385,ASH,ABpxpaappaa,300_minutes,330-390,385,Waterston_300_minutes
GGTGAAGTCGCAGGCT-300.1.1,1,0.019786108,180,,ABalppppa/ABpraaapa,300_minutes,170-210,180,Waterston_300_minutes
GTAGGCCAGCTAGCCC-300.1.1,1,0.028711133,170,,ABpxaapap,300_minutes,170-210,170,Waterston_300_minutes
GTAGGCCTCCTTTCTC-300.1.1,4,0.06053047,230,,,300_minutes,210-270,230,Waterston_300_minutes
GTAGTCATCTGCAAGT-300.1.1,15,0.10076111,330,ASI_parent,ABpxaapappp,300_minutes,330-390,330,Waterston_300_minutes
GTATTCTGTAAGGGCT-300.1.1,11,0.108796395,185,,ABalppppaa/ABpraaapaa,300_minutes,170-210,185,Waterston_300_minutes
GTCTCGTTCTTCTGGC-300.1.1,1,0.027303286,190,,ABalpppap/ABpraaaap,300_minutes,170-210,190,Waterston_300_minutes
GTGCAGCGTGATGATA-300.1.1,1,0.035986286,180,,ABalpppap/ABpraaaap,300_minutes,170-210,180,Waterston_300_minutes
GTGCAGCTCAGCTCTC-300.1.1,8,0.015515319,205,,ABalpppapa/ABpraaaapa,300_minutes,170-210,205,Waterston_300_minutes
GTGCATATCGTCCGTT-300.1.1,1,0.040092804,190,,ABalppppa/ABpraaapa,300_minutes,170-210,190,Waterston_300_minutes
GTGCGGTGTAAATGTG-300.1.1,3,0.017354785,260,Neuroblast_ADF_AWB,ABalpppppa/ABpraaappa,300_minutes,210-270,260,Waterston_300_minutes
GTGTTAGAGAGCCCAA-300.1.1,15,0.10919602,370,,,300_minutes,330-390,370,Waterston_300_minutes
GTTACAGAGCTAAGAT-300.1.1,4,0.055785894,230,,ABpxpaaaaa,300_minutes,210-270,230,Waterston_300_minutes
GTTCTCGGTCGCCATG-300.1.1,7,0.030123563,265,Neuroblast_ASG_AWA,ABpxaapapa,300_minutes,210-270,265,Waterston_300_minutes
TACACGAAGTCCTCCT-300.1.1,11,0.20388958,230,ADL_parent,ABalppppaa/ABpraaapaa,300_minutes,210-270,230,Waterston_300_minutes
TACCTATAGTGAAGAG-300.1.1,7,0.040158037,300,Neuroblast_ASG_AWA,ABpxaapapa,300_minutes,270-330,300,Waterston_300_minutes
TACCTATAGTGTGAAT-300.1.1,13,0.21504958,385,ASH,ABpxpaappaa,300_minutes,330-390,385,Waterston_300_minutes
TACTTGTTCGCTAGCG-300.1.1,3,0.010155459,230,,ABpxaapapa,300_minutes,210-270,230,Waterston_300_minutes
TAGCCGGAGCCCAATT-300.1.1,4,0.051226947,260,,,300_minutes,210-270,260,Waterston_300_minutes
TATCTCAGTTTAAGCC-300.1.1,7,0.038193982,300,Neuroblast_ASG_AWA,ABpxaapapa,300_minutes,270-330,300,Waterston_300_minutes
TATGCCCCAATAGCGG-300.1.1,18,0.23527667,450,AUA,ABalpppppppp/ABpraaappppp,300_minutes,450-510,450,Waterston_300_minutes
TATTACCCAGGCTGAA-300.1.1,14,0.15614063,390,ADF_AWB,,300_minutes,390-450,390,Waterston_300_minutes
TATTACCTCCATGCTC-300.1.1,0,0.24968019,360,AFD,ABalpppapav/ABpraaaapav,300_minutes,330-390,360,Waterston_300_minutes
TCAATCTAGAGCTATA-300.1.1,13,0.21692938,385,ASH,ABpxpaappaa,300_minutes,330-390,385,Waterston_300_minutes
TCAATCTAGGTGCACA-300.1.1,4,0.031212045,200,,ABpxpaaaa,300_minutes,170-210,200,Waterston_300_minutes
TCACGAATCGATGAGG-300.1.1,10,0.23059617,380,ASJ,ABalpppppppa/ABpraaappppa,300_minutes,330-390,380,Waterston_300_minutes
TCAGGTAAGTACGTAA-300.1.1,7,0.019607075,230,,ABpxaapapa,300_minutes,210-270,230,Waterston_300_minutes
TCATTACAGCAACGGT-300.1.1,4,0.05963847,260,,,300_minutes,210-270,260,Waterston_300_minutes
TCCACACGTGTAACGG-300.1.1,3,0.02142871,260,,,300_minutes,210-270,260,Waterston_300_minutes
TCCCGATCACCAACCG-300.1.1,3,0.030808445,270,,,300_minutes,270-330,270,Waterston_300_minutes
TCGAGGCAGGAGTACC-300.1.1,8,0.033697903,230,Neuroblast_AFD_RMD,ABalpppapa/ABpraaaapa,300_minutes,210-270,230,Waterston_300_minutes
TCGGGACAGTGGAGAA-300.1.1,2,0.022899488,200,,,300_minutes,170-210,200,Waterston_300_minutes
TCGTAGAGTAGCGCTC-300.1.1,11,0.09955926,195,,ABalppppaa/ABpraaapaa,300_minutes,170-210,195,Waterston_300_minutes
TCTCATAAGCGATCCC-300.1.1,9,0.24618223,410,ASE,ABalppppppaa/ABpraaapppaa,300_minutes,390-450,410,Waterston_300_minutes
TCTCATACAAGGTGTG-300.1.1,3,0.009901896,260,Neuroblast_ADF_AWB,ABalpppppa/ABpraaappa,300_minutes,210-270,260,Waterston_300_minutes
TCTGGAATCTTCGAGA-300.1.1,4,0.059355333,270,,,300_minutes,270-330,270,Waterston_300_minutes
TCTTCGGAGACAAGCC-300.1.1,2,0.02314632,180,,,300_minutes,170-210,180,Waterston_300_minutes
TCTTCGGAGCCCTAAT-300.1.1,5,0.10546785,290,ASK_parent,ABalpppappp/ABpraaaappp,300_minutes,270-330,290,Waterston_300_minutes
TGAAAGAAGGTGCACA-300.1.1,11,0.03987487,290,,,300_minutes,270-330,290,Waterston_300_minutes
TGACAACCAATGAATG-300.1.1,15,0.10239138,350,ASI_parent,ABpxaapappp,300_minutes,330-390,350,Waterston_300_minutes
TGAGCCGGTCTCTTTA-300.1.1,3,0.010098688,215,,,300_minutes,210-270,215,Waterston_300_minutes
TGCACCTAGAGGTAGA-300.1.1,3,0.018498877,265,,,300_minutes,210-270,265,Waterston_300_minutes
TGCCCATAGGGCTTGA-300.1.1,1,0.009996714,195,,ABpxaapapp,300_minutes,170-210,195,Waterston_300_minutes
TGCCCATGTCAATGTC-300.1.1,12,0.43510705,450,ADL,ABalppppaad/ABpraaapaad,300_minutes,450-510,450,Waterston_300_minutes
TGCCCTATCAGGTTCA-300.1.1,7,0.014617414,260,Neuroblast_ASG_AWA,ABpxaapapa,300_minutes,210-270,260,Waterston_300_minutes
TGCGGGTTCATTGCGA-300.1.1,11,0.30377546,320,ADL_parent,ABalppppaa/ABpraaapaa,300_minutes,270-330,320,Waterston_300_minutes
TGCGTGGAGCAGCGTA-300.1.1,5,0.09618833,340,ASI_parent,ABpxaapappp,300_minutes,330-390,340,Waterston_300_minutes
TGCTACCAGGCGATAC-300.1.1,1,0.031716008,200,,ABalppppap/ABpraaapap,300_minutes,170-210,200,Waterston_300_minutes
TGGCTGGAGTCCATAC-300.1.1,7,0.017206702,185,,ABpxaapapa,300_minutes,170-210,185,Waterston_300_minutes
TGGTTAGTCTGCCAGG-300.1.1,15,0.097792104,320,ASI_parent,ABpxaapappp,300_minutes,270-330,320,Waterston_300_minutes
TGGTTCCTCGTTACGA-300.1.1,7,0.013357092,230,,ABpxaapapa,300_minutes,210-270,230,Waterston_300_minutes
TGTGGTATCTGCTTGC-300.1.1,11,0.2719542,290,ADL_parent,ABalppppaa/ABpraaapaa,300_minutes,270-330,290,Waterston_300_minutes
TTAACTCAGTACACCT-300.1.1,7,0.063993365,300,Neuroblast_ASG_AWA,ABpxaapapa,300_minutes,270-330,300,Waterston_300_minutes
TTAACTCCATCGGTTA-300.1.1,4,0.044534206,260,,ABalppappa/ABarappppa,300_minutes,210-270,260,Waterston_300_minutes
TTAGGACGTCATCGGC-300.1.1,3,0.032929704,260,,,300_minutes,210-270,260,Waterston_300_minutes
TTATGCTAGCCGGTAA-300.1.1,3,0.035559967,270,,,300_minutes,270-330,270,Waterston_300_minutes
TTATGCTCATGCCCGA-300.1.1,5,0.114403725,310,ASK_parent,ABalpppappp/ABpraaaappp,300_minutes,270-330,310,Waterston_300_minutes
TTATGCTTCAACGGCC-300.1.1,13,0.118937515,380,ASH,ABpxpaappaa,300_minutes,330-390,380,Waterston_300_minutes
TTCGGTCTCGGCTTGG-300.1.1,8,0.017945634,230,,ABalpppapa/ABpraaaapa,300_minutes,210-270,230,Waterston_300_minutes
TTCTACAAGTCGAGTG-300.1.1,3,0.029558716,270,,,300_minutes,270-330,270,Waterston_300_minutes
TTCTCAATCGCACTCT-300.1.1,3,0.036174536,280,,,300_minutes,270-330,280,Waterston_300_minutes
TTCTTAGCAAACAACA-300.1.1,15,0.098457284,300,ASI_parent,ABpxaapappp,300_minutes,270-330,300,Waterston_300_minutes
TTCTTAGTCACGCGGT-300.1.1,7,0.019931663,270,Neuroblast_ASG_AWA,ABpxaapapa,300_minutes,270-330,270,Waterston_300_minutes
TTCTTAGTCCAAGTAC-300.1.1,3,0.04501065,275,Neuroblast_ADF_AWB,ABalpppppa/ABpraaappa,300_minutes,270-330,275,Waterston_300_minutes
TTGAACGAGAAACCTA-300.1.1,11,0.2244659,230,ADL_parent,ABalppppaa/ABpraaapaa,300_minutes,210-270,230,Waterston_300_minutes
TTGCCGTGTAAGCACG-300.1.1,11,0.22689931,290,ADL_parent,ABalppppaa/ABpraaapaa,300_minutes,270-330,290,Waterston_300_minutes
TTGGAACCAGATCGGA-300.1.1,2,0.037546825,260,Neuroblast_ASE_ASJ_AUA,ABalpppppp/ABpraaappp,300_minutes,210-270,260,Waterston_300_minutes
AAACCTGGTTCCAACA-300.1.2,0,0.08659982,265,Neuroblast_AFD_RMD,ABalpppapa/ABpraaaapa,300_minutes,210-270,265,Waterston_300_minutes
AAAGATGTCGATAGAA-300.1.2,4,0.041167896,170,,,300_minutes,170-210,170,Waterston_300_minutes
AACACGTAGATCCCAT-300.1.2,1,0.036623262,185,,ABalpppap/ABpraaaap,300_minutes,170-210,185,Waterston_300_minutes
AACGTTGGTATTAGCC-300.1.2,0,0.24330972,350,AFD,ABalpppapav/ABpraaaapav,300_minutes,330-390,350,Waterston_300_minutes
AACTCTTAGGCCCTCA-300.1.2,4,0.0438016,230,,ABalppappa/ABarappppa,300_minutes,210-270,230,Waterston_300_minutes
AACTCTTGTACAGCAG-300.1.2,4,0.026844747,230,,ABalapxpaa,300_minutes,210-270,230,Waterston_300_minutes
AACTCTTGTGGCGAAT-300.1.2,11,0.0877513,225,,ABalppppaa/ABpraaapaa,300_minutes,210-270,225,Waterston_300_minutes
AACTGGTAGTCTTGCA-300.1.2,1,0.025102576,195,,ABalppppap/ABpraaapap,300_minutes,170-210,195,Waterston_300_minutes
AACTTTCCAAGGCTCC-300.1.2,1,0.007001069,230,,ABpxaapap,300_minutes,210-270,230,Waterston_300_minutes
AAGACCTTCGCGCCAA-300.1.2,4,0.058543958,260,,,300_minutes,210-270,260,Waterston_300_minutes
AAGCCGCCAGGTCTCG-300.1.2,13,0.11324565,350,ASH,ABpxpaappaa,300_minutes,330-390,350,Waterston_300_minutes
AAGGAGCTCTTATCTG-300.1.2,3,0.022440042,260,,,300_minutes,210-270,260,Waterston_300_minutes
AAGGCAGTCGCCTGTT-300.1.2,8,0.024971891,220,,ABalpppapa/ABpraaaapa,300_minutes,210-270,220,Waterston_300_minutes
AAGGTTCGTCAAAGAT-300.1.2,2,0.023474677,215,Neuroblast_ASE_ASJ_AUA,ABalpppppp/ABpraaappp,300_minutes,210-270,215,Waterston_300_minutes
AAGTCTGAGGCTAGAC-300.1.2,3,0.028409665,270,Neuroblast_ADF_AWB,ABalpppppa/ABpraaappa,300_minutes,270-330,270,Waterston_300_minutes
AAGTCTGGTAAGTTCC-300.1.2,2,0.018649394,260,Neuroblast_ASE_ASJ_AUA,ABalpppppp/ABpraaappp,300_minutes,210-270,260,Waterston_300_minutes
ACACCCTAGTGTCTCA-300.1.2,14,0.0894204,350,ADF_AWB,,300_minutes,330-390,350,Waterston_300_minutes
ACACTGAAGGACACCA-300.1.2,2,0.027183825,215,Neuroblast_ASE_ASJ_AUA,ABalpppppp/ABpraaappp,300_minutes,210-270,215,Waterston_300_minutes
ACATCAGAGCGATATA-300.1.2,2,0.024149667,220,Neuroblast_ASE_ASJ_AUA,ABalpppppp/ABpraaappp,300_minutes,210-270,220,Waterston_300_minutes
ACATGGTAGGGTGTTG-300.1.2,2,0.015307906,185,,ABalpppppp/ABpraaappp,300_minutes,170-210,185,Waterston_300_minutes
ACATGGTTCACCGGGT-300.1.2,7,0.013410843,260,Neuroblast_ASG_AWA,ABpxaapapa,300_minutes,210-270,260,Waterston_300_minutes
ACCCACTAGACTTGAA-300.1.2,4,0.04904295,230,,,300_minutes,210-270,230,Waterston_300_minutes
ACCCACTCAGCCTGTG-300.1.2,12,0.40318868,450,ADL,ABalppppaad/ABpraaapaad,300_minutes,450-510,450,Waterston_300_minutes
ACCTTTAAGGGTCGAT-300.1.2,7,0.02555201,260,Neuroblast_ASG_AWA,ABpxaapapa,300_minutes,210-270,260,Waterston_300_minutes
ACGCAGCCATGCATGT-300.1.2,7,0.05305011,300,Neuroblast_ASG_AWA,ABpxaapapa,300_minutes,270-330,300,Waterston_300_minutes
ACGCAGCTCAGAGGTG-300.1.2,5,0.11435599,310,ASK_parent,ABalpppappp/ABpraaaappp,300_minutes,270-330,310,Waterston_300_minutes
ACGGAGAGTAACGACG-300.1.2,9,0.13304679,310,ASE_parent,ABalppppppa/ABpraaapppa,300_minutes,270-330,310,Waterston_300_minutes
ACGGGTCTCAGTGTTG-300.1.2,1,0.01703414,200,,ABpxaapapp,300_minutes,170-210,200,Waterston_300_minutes
ACGTCAAGTGTGAATA-300.1.2,8,0.062437303,270,Neuroblast_AFD_RMD,ABalpppapa/ABpraaaapa,300_minutes,270-330,270,Waterston_300_minutes
ACTATCTGTAGCCTCG-300.1.2,7,0.01607541,260,Neuroblast_ASG_AWA,ABpxaapapa,300_minutes,210-270,260,Waterston_300_minutes
ACTGATGGTGACGGTA-300.1.2,10,0.23814669,350,ASJ,ABalpppppppa/ABpraaappppa,300_minutes,330-390,350,Waterston_300_minutes
ACTGATGGTTTGGCGC-300.1.2,11,0.3082006,300,ADL_parent,ABalppppaa/ABpraaapaa,300_minutes,270-330,300,Waterston_300_minutes
ACTTGTTAGGCTCAGA-300.1.2,5,0.11486451,320,ASK_parent,ABalpppappp/ABpraaaappp,300_minutes,270-330,320,Waterston_300_minutes
AGAGCTTAGTTTCCTT-300.1.2,7,0.03685206,275,Neuroblast_ASG_AWA,ABpxaapapa,300_minutes,270-330,275,Waterston_300_minutes
AGAGTGGTCCCTCAGT-300.1.2,1,0.008694619,175,,ABpxapppa,300_minutes,170-210,175,Waterston_300_minutes
AGATTGCAGTCTCCTC-300.1.2,1,0.03294135,180,,ABalppppp/ABpraaapp,300_minutes,170-210,180,Waterston_300_minutes
AGCGTATCACTTGGAT-300.1.2,1,0.04165347,170,,ABalpppap/ABpraaaap,300_minutes,170-210,170,Waterston_300_minutes
AGCGTATTCCTTTCTC-300.1.2,11,0.2338569,220,ADL_parent,ABalppppaa/ABpraaapaa,300_minutes,210-270,220,Waterston_300_minutes
AGCGTCGCATATGCTG-300.1.2,9,0.13456309,375,ASH,ABpxpaappaa,300_minutes,330-390,375,Waterston_300_minutes
AGCTCCTTCGGGAGTA-300.1.2,4,0.017332451,230,,,300_minutes,210-270,230,Waterston_300_minutes
AGCTCTCCAATAAGCA-300.1.2,4,0.05748135,270,,,300_minutes,270-330,270,Waterston_300_minutes
AGCTCTCTCCAAGTAC-300.1.2,11,0.29731342,300,ADL_parent,ABalppppaa/ABpraaapaa,300_minutes,270-330,300,Waterston_300_minutes
AGGCCACAGGCCCGTT-300.1.2,11,0.11395947,185,,ABalppppaa/ABpraaapaa,300_minutes,170-210,185,Waterston_300_minutes
AGGTCATGTCGCCATG-300.1.2,1,0.03291965,215,,ABalppppap/ABpraaapap,300_minutes,210-270,215,Waterston_300_minutes
AGGTCATTCAACCATG-300.1.2,11,0.13157375,200,,ABalapxpaa,300_minutes,170-210,200,Waterston_300_minutes
AGTAGTCCAACACGCC-300.1.2,4,0.040854074,260,,,300_minutes,210-270,260,Waterston_300_minutes
ATAACGCCACGAAATA-300.1.2,12,0.3238032,300,ADL_parent,ABalppppaa/ABpraaapaa,300_minutes,270-330,300,Waterston_300_minutes
ATAAGAGCACTGTCGG-300.1.2,8,0.036078747,230,Neuroblast_AFD_RMD,ABalpppapa/ABpraaaapa,300_minutes,210-270,230,Waterston_300_minutes
ATAGACCGTGACTACT-300.1.2,10,0.2381413,390,ASJ,ABalpppppppa/ABpraaappppa,300_minutes,390-450,390,Waterston_300_minutes
ATCATGGTCCCAAGTA-300.1.2,4,0.05966445,270,,,300_minutes,270-330,270,Waterston_300_minutes
ATCCACCAGTCCATAC-300.1.2,3,0.016982619,260,,,300_minutes,210-270,260,Waterston_300_minutes
ATCCACCAGTGGGATC-300.1.2,10,0.19073938,350,Neuroblast_ASJ_AUA,ABalppppppp/ABpraaapppp,300_minutes,330-390,350,Waterston_300_minutes
ATCGAGTCAGGGAGAG-300.1.2,4,0.063855745,230,,,300_minutes,210-270,230,Waterston_300_minutes
ATCGAGTGTGATAAGT-300.1.2,11,0.2911048,270,ADL_parent,ABalppppaa/ABpraaapaa,300_minutes,270-330,270,Waterston_300_minutes
ATGCGATCATGACGGA-300.1.2,2,0.034119416,260,Neuroblast_ASE_ASJ_AUA,ABalpppppp/ABpraaappp,300_minutes,210-270,260,Waterston_300_minutes
ATGCGATTCTTGTATC-300.1.2,8,0.068421654,270,Neuroblast_AFD_RMD,ABalpppapa/ABpraaaapa,300_minutes,270-330,270,Waterston_300_minutes
ATGGGAGGTTTGTGTG-300.1.2,1,0.009306538,200,,ABpxaapapp,300_minutes,170-210,200,Waterston_300_minutes
ATTACTCTCTGTCAAG-300.1.2,0,0.23529147,330,AFD,ABalpppapav/ABpraaaapav,300_minutes,330-390,330,Waterston_300_minutes
ATTATCCCACAGCCCA-300.1.2,1,0.023988947,175,,ABalppppp/ABpraaapp,300_minutes,170-210,175,Waterston_300_minutes
ATTGGACCACGCTTTC-300.1.2,1,0.029455043,175,,ABalppppa/ABpraaapa,300_minutes,170-210,175,Waterston_300_minutes
CAACCAATCGTTGACA-300.1.2,1,0.039428603,200,,ABalppppap/ABpraaapap,300_minutes,170-210,200,Waterston_300_minutes
CAACCTCCACGAGGTA-300.1.2,11,0.27766067,265,ADL_parent,ABalppppaa/ABpraaapaa,300_minutes,210-270,265,Waterston_300_minutes
CAAGAAACATTCTCAT-300.1.2,4,0.06192948,265,,,300_minutes,210-270,265,Waterston_300_minutes
CAAGATCCACGCCAGT-300.1.2,9,0.13568066,325,ASE_parent,ABalppppppa/ABpraaapppa,300_minutes,270-330,325,Waterston_300_minutes
CAAGTTGGTCACCCAG-300.1.2,13,0.11540183,350,ASH,ABpxpaappaa,300_minutes,330-390,350,Waterston_300_minutes
CACAAACTCATCACCC-300.1.2,13,0.13537213,380,ASH,ABpxpaappaa,300_minutes,330-390,380,Waterston_300_minutes
CACACCTTCTTAGCCC-300.1.2,2,0.029998876,175,,,300_minutes,170-210,175,Waterston_300_minutes
CACAGTAAGATCCTGT-300.1.2,7,0.016402727,260,Neuroblast_ASG_AWA,ABpxaapapa,300_minutes,210-270,260,Waterston_300_minutes
CACAGTAGTAGCGATG-300.1.2,13,0.18858598,380,ASH,ABpxpaappaa,300_minutes,330-390,380,Waterston_300_minutes
CACAGTAGTCAGAAGC-300.1.2,1,0.030072307,195,,ABalpppapp/ABpraaaapp,300_minutes,170-210,195,Waterston_300_minutes
CACAGTAGTTCTCATT-300.1.2,15,0.11145773,375,ASI_parent,ABpxaapappp,300_minutes,330-390,375,Waterston_300_minutes
CACATAGCACAACGTT-300.1.2,3,0.03514471,270,Neuroblast_ADF_AWB,ABalpppppa/ABpraaappa,300_minutes,270-330,270,Waterston_300_minutes
CACATTTTCAGTTAGC-300.1.2,7,0.03335546,280,Neuroblast_ASG_AWA,ABpxaapapa,300_minutes,270-330,280,Waterston_300_minutes
CACATTTTCATGTCCC-300.1.2,11,0.29994896,300,ADL_parent,ABalppppaa/ABpraaapaa,300_minutes,270-330,300,Waterston_300_minutes
CACCACTCAGAGCCAA-300.1.2,1,0.029515643,205,,ABalppppap/ABpraaapap,300_minutes,170-210,205,Waterston_300_minutes
CACCAGGTCATCTGCC-300.1.2,8,0.03863864,230,Neuroblast_AFD_RMD,ABalpppapa/ABpraaaapa,300_minutes,210-270,230,Waterston_300_minutes
CAGAGAGCACTTCTGC-300.1.2,3,0.047248706,280,,,300_minutes,270-330,280,Waterston_300_minutes
CAGCATAAGTGGGTTG-300.1.2,8,0.055158284,270,Neuroblast_AFD_RMD,ABalpppapa/ABpraaaapa,300_minutes,270-330,270,Waterston_300_minutes
CAGCATAGTGCAGTAG-300.1.2,5,0.17152014,420,ASK,ABalpppapppa/ABpraaaapppa,300_minutes,390-450,420,Waterston_300_minutes
CAGCGACCATCACCCT-300.1.2,3,0.06782306,275,,,300_minutes,270-330,275,Waterston_300_minutes
CAGCTAAAGGAATGGA-300.1.2,11,0.23578055,260,ADL_parent,ABalppppaa/ABpraaapaa,300_minutes,210-270,260,Waterston_300_minutes
CAGCTAACAATAGAGT-300.1.2,11,0.28931275,260,ADL_parent,ABalppppaa/ABpraaapaa,300_minutes,210-270,260,Waterston_300_minutes
CAGTAACGTCGCTTCT-300.1.2,0,0.13122445,295,Neuroblast_AFD_RMD,ABalpppapa/ABpraaaapa,300_minutes,270-330,295,Waterston_300_minutes
CAGTCCTCATACGCCG-300.1.2,3,0.016364446,270,,,300_minutes,270-330,270,Waterston_300_minutes
CATATGGCACAGCCCA-300.1.2,3,0.010911146,190,,ABpxapppa,300_minutes,170-210,190,Waterston_300_minutes
CATATGGCAGGCTCAC-300.1.2,3,0.011806531,225,,,300_minutes,210-270,225,Waterston_300_minutes
CATCAAGGTCGCTTCT-300.1.2,8,0.03694778,230,Neuroblast_AFD_RMD,ABalpppapa/ABpraaaapa,300_minutes,210-270,230,Waterston_300_minutes
CATCGGGTCACTCTTA-300.1.2,8,0.029506207,230,Neuroblast_AFD_RMD,ABalpppapa/ABpraaaapa,300_minutes,210-270,230,Waterston_300_minutes
CATGACATCATCGGAT-300.1.2,7,0.031886853,280,Neuroblast_ASG_AWA,ABpxaapapa,300_minutes,270-330,280,Waterston_300_minutes
CATGCCTGTTGTCTTT-300.1.2,7,0.052833665,300,Neuroblast_ASG_AWA,ABpxaapapa,300_minutes,270-330,300,Waterston_300_minutes
CATGGCGCAAAGAATC-300.1.2,11,0.24305877,210,ADL_parent,ABalppppaa/ABpraaapaa,300_minutes,210-270,210,Waterston_300_minutes
CATTCGCGTGATAAAC-300.1.2,11,0.27644476,280,ADL_parent,ABalppppaa/ABpraaapaa,300_minutes,270-330,280,Waterston_300_minutes
CCAATCCTCATCGGAT-300.1.2,15,0.23193364,450,ASI,ABpxaapapppa,300_minutes,450-510,450,Waterston_300_minutes
CCACCTAAGCTTTGGT-300.1.2,5,0.12505487,360,ASK_parent,ABalpppappp/ABpraaaappp,300_minutes,330-390,360,Waterston_300_minutes
CCACGGAAGACCGGAT-300.1.2,4,0.053611383,230,,ABpxpaaaaa,300_minutes,210-270,230,Waterston_300_minutes
CCATGTCGTACAGTTC-300.1.2,2,0.060834482,260,Neuroblast_ASE_ASJ_AUA,ABalpppppp/ABpraaappp,300_minutes,210-270,260,Waterston_300_minutes
CCCAATCGTAGCGCTC-300.1.2,4,0.047211103,240,,,300_minutes,210-270,240,Waterston_300_minutes
CCCAATCTCCACGTTC-300.1.2,7,0.064238474,300,Neuroblast_ASG_AWA,ABpxaapapa,300_minutes,270-330,300,Waterston_300_minutes
CCCAGTTAGGCCCTTG-300.1.2,11,0.3004643,300,ADL_parent,ABalppppaa/ABpraaapaa,300_minutes,270-330,300,Waterston_300_minutes
CCCTCCTTCGCCAGCA-300.1.2,1,0.03857069,200,,ABalpppapp/ABpraaaapp,300_minutes,170-210,200,Waterston_300_minutes
CCGGGATGTCACACGC-300.1.2,2,0.023685459,215,Neuroblast_ASE_ASJ_AUA,ABalpppppp/ABpraaappp,300_minutes,210-270,215,Waterston_300_minutes
CCGTGGAAGGGCTCTC-300.1.2,3,0.017159708,260,Neuroblast_ADF_AWB,ABalpppppa/ABpraaappa,300_minutes,210-270,260,Waterston_300_minutes
CCGTTCACACATGGGA-300.1.2,7,0.05106791,300,Neuroblast_ASG_AWA,ABpxaapapa,300_minutes,270-330,300,Waterston_300_minutes
CCGTTCATCCAGAGGA-300.1.2,9,0.11279737,260,,,300_minutes,210-270,260,Waterston_300_minutes
CCTAAAGTCGGAATCT-300.1.2,7,0.055129103,300,ASG_AWA,,300_minutes,270-330,300,Waterston_300_minutes
CCTAGCTAGTCCGTAT-300.1.2,7,0.054727674,320,Neuroblast_ASG_AWA,ABpxaapapa,300_minutes,270-330,320,Waterston_300_minutes
CCTATTACATTGTGCA-300.1.2,13,0.11200157,350,ASH,ABpxpaappaa,300_minutes,330-390,350,Waterston_300_minutes
CCTTCCCTCCTAGAAC-300.1.2,4,0.030799827,200,,ABpxpaaaa,300_minutes,170-210,200,Waterston_300_minutes
CCTTTCTTCGCCATAA-300.1.2,3,0.027560143,275,,,300_minutes,270-330,275,Waterston_300_minutes
CGAACATAGAGTTGGC-300.1.2,3,0.03230739,275,Neuroblast_ADF_AWB,ABalpppppa/ABpraaappa,300_minutes,270-330,275,Waterston_300_minutes
CGAACATAGTAGGTGC-300.1.2,7,0.039352212,275,Neuroblast_ASG_AWA,ABpxaapapa,300_minutes,270-330,275,Waterston_300_minutes
CGAACATCAGTCGATT-300.1.2,0,0.59418446,530,AFD,ABalpppapav/ABpraaaapav,300_minutes,510-580,530,Waterston_300_minutes
CGACCTTAGGAATGGA-300.1.2,4,0.0611592,245,,,300_minutes,210-270,245,Waterston_300_minutes
CGACTTCAGTGCCAGA-300.1.2,4,0.057568036,275,,,300_minutes,270-330,275,Waterston_300_minutes
CGATGGCTCCTCATTA-300.1.2,9,0.13144986,300,ASE_parent,ABalppppppa/ABpraaapppa,300_minutes,270-330,300,Waterston_300_minutes
CGATTGAGTAACGACG-300.1.2,4,0.055817112,270,,,300_minutes,270-330,270,Waterston_300_minutes
CGCTTCAAGGCATGGT-300.1.2,3,0.023678761,260,,,300_minutes,210-270,260,Waterston_300_minutes
CGGACACCATTGGTAC-300.1.2,21,0.28562507,420,ASK,ABalpppapppa/ABpraaaapppa,300_minutes,390-450,420,Waterston_300_minutes
CGGAGCTTCAATAAGG-300.1.2,11,0.28172496,265,ADL_parent,ABalppppaa/ABpraaapaa,300_minutes,210-270,265,Waterston_300_minutes
CGGAGTCAGAGAACAG-300.1.2,10,0.19998191,350,ASJ,ABalpppppppa/ABpraaappppa,300_minutes,330-390,350,Waterston_300_minutes
CGGAGTCCAAATTGCC-300.1.2,2,0.02514226,200,,ABalpppppp/ABpraaappp,300_minutes,170-210,200,Waterston_300_minutes
CGGAGTCCAACACGCC-300.1.2,2,0.03410072,230,Neuroblast_ASE_ASJ_AUA,ABalpppppp/ABpraaappp,300_minutes,210-270,230,Waterston_300_minutes
CGGCTAGGTCCGCTGA-300.1.2,13,0.12135066,350,ASH,ABpxpaappaa,300_minutes,330-390,350,Waterston_300_minutes
CGGTTAAAGATCTGCT-300.1.2,11,0.2361606,260,ADL_parent,ABalppppaa/ABpraaapaa,300_minutes,210-270,260,Waterston_300_minutes
CGGTTAACAAGTAGTA-300.1.2,5,0.11677267,330,ASK_parent,ABalpppappp/ABpraaaappp,300_minutes,330-390,330,Waterston_300_minutes
CGTAGCGAGGCTATCT-300.1.2,3,0.04293309,285,,,300_minutes,270-330,285,Waterston_300_minutes
CGTAGGCAGCGCCTTG-300.1.2,1,0.010906515,165,,,300_minutes,130-170,165,Waterston_300_minutes
CGTAGGCGTTCCCTTG-300.1.2,11,0.26998875,300,ADL_parent,ABalppppaa/ABpraaapaa,300_minutes,270-330,300,Waterston_300_minutes
CGTCACTAGGCTCATT-300.1.2,0,0.124464996,260,Neuroblast_AFD_RMD,ABalpppapa/ABpraaaapa,300_minutes,210-270,260,Waterston_300_minutes
CGTCACTAGTACATGA-300.1.2,11,0.15074421,190,,ABalppppaa/ABpraaapaa,300_minutes,170-210,190,Waterston_300_minutes
CGTCACTAGTAGTGCG-300.1.2,3,0.018444672,260,,ABpxpaappa,300_minutes,210-270,260,Waterston_300_minutes
CGTCAGGAGATCGGGT-300.1.2,12,0.34304988,380,ADL,ABalppppaad/ABpraaapaad,300_minutes,330-390,380,Waterston_300_minutes
CGTCAGGCACCGATAT-300.1.2,3,0.019821167,270,Neuroblast_ADF_AWB,ABalpppppa/ABpraaappa,300_minutes,270-330,270,Waterston_300_minutes
CGTCAGGGTTACAGAA-300.1.2,4,0.060292237,270,,,300_minutes,270-330,270,Waterston_300_minutes
CGTGTAAAGAGTACCG-300.1.2,5,0.105046846,270,ASK_parent,ABalpppappp/ABpraaaappp,300_minutes,270-330,270,Waterston_300_minutes
CGTTAGATCGGCGCAT-300.1.2,7,0.043505814,280,Neuroblast_ASG_AWA,ABpxaapapa,300_minutes,270-330,280,Waterston_300_minutes
CGTTGGGAGAGTGAGA-300.1.2,4,0.060549375,260,,,300_minutes,210-270,260,Waterston_300_minutes
CGTTGGGTCACCCGAG-300.1.2,7,0.034480106,290,Neuroblast_ASG_AWA,ABpxaapapa,300_minutes,270-330,290,Waterston_300_minutes
CTAATGGAGAACAACT-300.1.2,9,0.09645032,285,,,300_minutes,270-330,285,Waterston_300_minutes
CTACATTGTTGGAGGT-300.1.2,11,0.09596667,225,,ABalppppaa/ABpraaapaa,300_minutes,210-270,225,Waterston_300_minutes
CTACGTCAGACTAGGC-300.1.2,8,0.025233105,230,Neuroblast_AFD_RMD,ABalpppapa/ABpraaaapa,300_minutes,210-270,230,Waterston_300_minutes
CTAGCCTGTACATCCA-300.1.2,3,0.013418902,260,Neuroblast_ADF_AWB,ABalpppppa/ABpraaappa,300_minutes,210-270,260,Waterston_300_minutes
CTAGCCTGTTCGAATC-300.1.2,11,0.28467858,290,ADL_parent,ABalppppaa/ABpraaapaa,300_minutes,270-330,290,Waterston_300_minutes
CTAGTGAAGGCATTGG-300.1.2,1,0.042626012,180,,ABalppppap/ABpraaapap,300_minutes,170-210,180,Waterston_300_minutes
CTAGTGACATAACCTG-300.1.2,2,0.027486674,260,Neuroblast_ASE_ASJ_AUA,ABalpppppp/ABpraaappp,300_minutes,210-270,260,Waterston_300_minutes
CTCCTAGCAATAAGCA-300.1.2,4,0.048476335,230,,,300_minutes,210-270,230,Waterston_300_minutes
CTCGAAACAGCATACT-300.1.2,7,0.014077357,265,Neuroblast_ASG_AWA,ABpxaapapa,300_minutes,210-270,265,Waterston_300_minutes
CTCGAGGTCGTTGCCT-300.1.2,3,0.021269567,180,,,300_minutes,170-210,180,Waterston_300_minutes
CTCGGGACAATAGCAA-300.1.2,11,0.10568804,210,,ABalppppaa/ABpraaapaa,300_minutes,210-270,210,Waterston_300_minutes
CTCGTCAAGTTACCCA-300.1.2,4,0.06014879,270,,,300_minutes,270-330,270,Waterston_300_minutes
CTCTAATAGAGGTACC-300.1.2,3,0.027288374,275,Neuroblast_ADF_AWB,ABalpppppa/ABpraaappa,300_minutes,270-330,275,Waterston_300_minutes
CTCTAATCATGGTCTA-300.1.2,0,0.13137048,265,Neuroblast_AFD_RMD,ABalpppapa/ABpraaaapa,300_minutes,210-270,265,Waterston_300_minutes
CTCTACGAGTCACGCC-300.1.2,13,0.12003596,345,ASH,ABpxpaappaa,300_minutes,330-390,345,Waterston_300_minutes
CTGAAGTGTACAGTTC-300.1.2,11,0.21899283,260,ADL_parent,ABalppppaa/ABpraaapaa,300_minutes,210-270,260,Waterston_300_minutes
CTGATCCCACATTCGA-300.1.2,11,0.18891306,200,,ABalppppaa/ABpraaapaa,300_minutes,170-210,200,Waterston_300_minutes
CTGCCTAGTTGCGTTA-300.1.2,1,0.032744665,200,,ABalppppap/ABpraaapap,300_minutes,170-210,200,Waterston_300_minutes
CTGCGGAAGCTATGCT-300.1.2,4,0.05985491,265,,,300_minutes,210-270,265,Waterston_300_minutes
CTGCTGTGTAGCCTCG-300.1.2,2,0.07593588,260,Neuroblast_ASE_ASJ_AUA,ABalpppppp/ABpraaappp,300_minutes,210-270,260,Waterston_300_minutes
CTGGTCTAGCGTTGCC-300.1.2,11,0.29286358,265,ADL_parent,ABalppppaa/ABpraaapaa,300_minutes,210-270,265,Waterston_300_minutes
CTGTGCTCACGACGAA-300.1.2,3,0.011310229,260,Neuroblast_ADF_AWB,ABalpppppa/ABpraaappa,300_minutes,210-270,260,Waterston_300_minutes
CTGTTTACAGCTGTGC-300.1.2,4,0.028222602,170,,,300_minutes,170-210,170,Waterston_300_minutes
CTGTTTACATTGCGGC-300.1.2,10,0.11925143,300,Neuroblast_ASJ_AUA,ABalppppppp/ABpraaapppp,300_minutes,270-330,300,Waterston_300_minutes
GAAATGATCTCGAGTA-300.1.2,1,0.009882891,200,,,300_minutes,170-210,200,Waterston_300_minutes
GAACATCCAGTACACT-300.1.2,4,0.037896596,230,,ABalppappa/ABarappppa,300_minutes,210-270,230,Waterston_300_minutes
GAATGAAAGATATACG-300.1.2,11,0.060614977,175,,ABalppppaa/ABpraaapaa,300_minutes,170-210,175,Waterston_300_minutes
GAATGAAGTCATACTG-300.1.2,3,0.019264514,260,,,300_minutes,210-270,260,Waterston_300_minutes
GACACGCAGGGAAACA-300.1.2,5,0.102211185,300,ASK_parent,ABalpppappp/ABpraaaappp,300_minutes,270-330,300,Waterston_300_minutes
GACGCGTAGTTGCAGG-300.1.2,10,0.14963645,300,ASE_parent,ABalppppppa/ABpraaapppa,300_minutes,270-330,300,Waterston_300_minutes
GACGGCTGTATATGAG-300.1.2,13,0.119143374,350,ASH,ABpxpaappaa,300_minutes,330-390,350,Waterston_300_minutes
GACGGCTGTGCACTTA-300.1.2,11,0.18880099,270,,,300_minutes,270-330,270,Waterston_300_minutes
GACTAACGTCTTGATG-300.1.2,4,0.02299725,215,,,300_minutes,210-270,215,Waterston_300_minutes
GACTGCGCAATGGATA-300.1.2,4,0.054828446,270,,,300_minutes,270-330,270,Waterston_300_minutes
GAGGTGAAGGGATCTG-300.1.2,4,0.035340678,385,AWA,ABpxaapapaa,300_minutes,330-390,385,Waterston_300_minutes
GATCAGTAGCCAGGAT-300.1.2,0,0.26104954,420,AFD,ABalpppapav/ABpraaaapav,300_minutes,390-450,420,Waterston_300_minutes
GATCAGTTCAAGCCTA-300.1.2,7,0.017352669,270,Neuroblast_ASG_AWA,ABpxaapapa,300_minutes,270-330,270,Waterston_300_minutes
GATCGATTCTTGAGGT-300.1.2,7,0.054807942,300,Neuroblast_ASG_AWA,ABpxaapapa,300_minutes,270-330,300,Waterston_300_minutes
GATCGCGTCAACGGCC-300.1.2,8,0.06633545,275,Neuroblast_AFD_RMD,ABalpppapa/ABpraaaapa,300_minutes,270-330,275,Waterston_300_minutes
GATGAGGCACCATCCT-300.1.2,4,0.03374512,220,,ABalppappa/ABarappppa,300_minutes,210-270,220,Waterston_300_minutes
GATGCTAAGAGGTACC-300.1.2,10,0.12129284,290,Neuroblast_ASJ_AUA,ABalppppppp/ABpraaapppp,300_minutes,270-330,290,Waterston_300_minutes
GATTCAGAGATATACG-300.1.2,4,0.062360577,215,,,300_minutes,210-270,215,Waterston_300_minutes
GATTCAGAGCGCTCCA-300.1.2,3,0.020429732,260,,,300_minutes,210-270,260,Waterston_300_minutes
GATTCAGGTACCCAAT-300.1.2,4,0.050069775,230,,,300_minutes,210-270,230,Waterston_300_minutes
GCAATCAGTAGCAAAT-300.1.2,0,0.1595333,320,AFD,ABalpppapav/ABpraaaapav,300_minutes,270-330,320,Waterston_300_minutes
GCAATCAGTCCAGTAT-300.1.2,8,0.024262805,230,Neuroblast_AFD_RMD,ABalpppapa/ABpraaaapa,300_minutes,210-270,230,Waterston_300_minutes
GCACTCTAGTCTTGCA-300.1.2,0,0.23211227,340,AFD,ABalpppapav/ABpraaaapav,300_minutes,330-390,340,Waterston_300_minutes
GCAGCCATCAGGCGAA-300.1.2,7,0.01478654,260,Neuroblast_ASG_AWA,ABpxaapapa,300_minutes,210-270,260,Waterston_300_minutes
GCAGTTATCAGGCAAG-300.1.2,3,0.02898474,260,Neuroblast_ADF_AWB,ABalpppppa/ABpraaappa,300_minutes,210-270,260,Waterston_300_minutes
GCATACAAGCCGATTT-300.1.2,7,0.047832783,300,Neuroblast_ASG_AWA,ABpxaapapa,300_minutes,270-330,300,Waterston_300_minutes
GCATGATAGATGAGAG-300.1.2,1,0.03294245,175,,ABalpppap/ABpraaaap,300_minutes,170-210,175,Waterston_300_minutes
GCGACCACACCACCAG-300.1.2,13,0.2032186,375,ASH,ABpxpaappaa,300_minutes,330-390,375,Waterston_300_minutes
GCGACCATCGTTGCCT-300.1.2,11,0.30536407,300,ADL_parent,ABalppppaa/ABpraaapaa,300_minutes,270-330,300,Waterston_300_minutes
GCGAGAACAACTTGAC-300.1.2,4,0.035047777,190,,,300_minutes,170-210,190,Waterston_300_minutes
GCGAGAACACTTGGAT-300.1.2,11,0.31272322,300,ADL_parent,ABalppppaa/ABpraaapaa,300_minutes,270-330,300,Waterston_300_minutes
GCGCAACAGCTAGGCA-300.1.2,0,0.34407067,390,AFD,ABalpppapav/ABpraaaapav,300_minutes,390-450,390,Waterston_300_minutes
GCGCAACCACCCAGTG-300.1.2,3,0.022892023,410,ASI,ABpxaapapppa,300_minutes,390-450,410,Waterston_300_minutes
GCGCGATTCTGCAGTA-300.1.2,1,0.036239974,180,,ABalppppp/ABpraaapp,300_minutes,170-210,180,Waterston_300_minutes
GCGGGTTTCCGCGTTT-300.1.2,8,0.027594103,230,Neuroblast_AFD_RMD,ABalpppapa/ABpraaaapa,300_minutes,210-270,230,Waterston_300_minutes
GCTGCGACACGGCGTT-300.1.2,8,0.059053425,275,Neuroblast_AFD_RMD,ABalpppapa/ABpraaaapa,300_minutes,270-330,275,Waterston_300_minutes
GCTGGGTAGATAGTCA-300.1.2,10,0.09685142,320,,,300_minutes,270-330,320,Waterston_300_minutes
GCTTGAAGTAAGAGAG-300.1.2,4,0.048013914,210,,,300_minutes,210-270,210,Waterston_300_minutes
GGAAAGCAGTCCGGTC-300.1.2,11,0.2831145,290,ADL_parent,ABalppppaa/ABpraaapaa,300_minutes,270-330,290,Waterston_300_minutes
GGAAAGCCAGGCTGAA-300.1.2,8,0.04369427,230,Neuroblast_AFD_RMD,ABalpppapa/ABpraaaapa,300_minutes,210-270,230,Waterston_300_minutes
GGAAAGCGTAGCCTCG-300.1.2,7,0.05790382,300,Neuroblast_ASG_AWA,ABpxaapapa,300_minutes,270-330,300,Waterston_300_minutes
GGAACTTTCTTATCTG-300.1.2,1,0.03367421,190,,ABalpppap/ABpraaaap,300_minutes,170-210,190,Waterston_300_minutes
GGAATAATCACGGTTA-300.1.2,2,0.07295077,300,ASE_parent,ABalppppppa/ABpraaapppa,300_minutes,270-330,300,Waterston_300_minutes
GGACAAGGTCGCTTCT-300.1.2,7,0.011104667,230,,,300_minutes,210-270,230,Waterston_300_minutes
GGACAGAGTAGCGTAG-300.1.2,9,0.11993519,320,ASE_parent,ABalppppppa/ABpraaapppa,300_minutes,270-330,320,Waterston_300_minutes
GGACATTCATGTAAGA-300.1.2,11,0.267827,260,ADL_parent,ABalppppaa/ABpraaapaa,300_minutes,210-270,260,Waterston_300_minutes
GGCGACTGTTGTACAC-300.1.2,4,0.059851527,260,,,300_minutes,210-270,260,Waterston_300_minutes
GGCTCGATCCACTCCA-300.1.2,10,0.17712247,350,AUA,ABalpppppppp/ABpraaappppp,300_minutes,330-390,350,Waterston_300_minutes
GGCTGGTTCAGCTTAG-300.1.2,3,0.02730941,270,,ABpxpaappa,300_minutes,270-330,270,Waterston_300_minutes
GGGAGATTCCGAACGC-300.1.2,11,0.30300444,300,ADL_parent,ABalppppaa/ABpraaapaa,300_minutes,270-330,300,Waterston_300_minutes
GGGCACTTCGGAAATA-300.1.2,3,0.025567068,270,,,300_minutes,270-330,270,Waterston_300_minutes
GGGTTGCGTCAATACC-300.1.2,7,0.03907324,320,Neuroblast_ASG_AWA,ABpxaapapa,300_minutes,270-330,320,Waterston_300_minutes
GGTATTGAGAGTCGGT-300.1.2,3,0.023477135,270,,,300_minutes,270-330,270,Waterston_300_minutes
GGTATTGAGAGTGAGA-300.1.2,11,0.19044726,200,,ABalppppaa/ABpraaapaa,300_minutes,170-210,200,Waterston_300_minutes
GGTATTGCACGCGAAA-300.1.2,11,0.23192157,260,ADL_parent,ABalppppaa/ABpraaapaa,300_minutes,210-270,260,Waterston_300_minutes
GGTGAAGGTGGGTATG-300.1.2,3,0.010733927,260,Neuroblast_ADF_AWB,ABalpppppa/ABpraaappa,300_minutes,210-270,260,Waterston_300_minutes
GGTGCGTGTAGCCTAT-300.1.2,3,0.00839071,175,,,300_minutes,170-210,175,Waterston_300_minutes
GGTGTTACAACCGCCA-300.1.2,3,0.04236347,275,,,300_minutes,270-330,275,Waterston_300_minutes
GGTGTTACATTAACCG-300.1.2,3,0.04243675,280,,,300_minutes,270-330,280,Waterston_300_minutes
GTAACTGTCACTATTC-300.1.2,11,0.3050061,310,ADL_parent,ABalppppaa/ABpraaapaa,300_minutes,270-330,310,Waterston_300_minutes
GTACTTTCATGGTCTA-300.1.2,18,0.25952142,425,AWC,ABpxpaaaaap,300_minutes,390-450,425,Waterston_300_minutes
GTAGTCACAGAAGCAC-300.1.2,8,0.021154799,220,,ABalpppapa/ABpraaaapa,300_minutes,210-270,220,Waterston_300_minutes
GTATTCTTCGCGGATC-300.1.2,2,0.036146693,260,Neuroblast_ASE_ASJ_AUA,ABalpppppp/ABpraaappp,300_minutes,210-270,260,Waterston_300_minutes
GTCAAGTGTCAAGCGA-300.1.2,8,0.06298326,285,Neuroblast_AFD_RMD,ABalpppapa/ABpraaaapa,300_minutes,270-330,285,Waterston_300_minutes
GTCACAACAGGGCATA-300.1.2,18,0.21806437,415,AWC,ABpxpaaaaap,300_minutes,390-450,415,Waterston_300_minutes
GTCACGGCACACCGCA-300.1.2,4,0.06211896,225,,,300_minutes,210-270,225,Waterston_300_minutes
GTCACGGGTCATCCCT-300.1.2,4,0.062923685,225,,,300_minutes,210-270,225,Waterston_300_minutes
GTCCTCACAGTTCCCT-300.1.2,13,0.15282822,350,ASH,ABpxpaappaa,300_minutes,330-390,350,Waterston_300_minutes
GTCTTCGAGGTGCTAG-300.1.2,0,0.22333312,325,AFD,ABalpppapav/ABpraaaapav,300_minutes,270-330,325,Waterston_300_minutes
GTGAAGGTCCCACTTG-300.1.2,8,0.057672217,260,Neuroblast_AFD_RMD,ABalpppapa/ABpraaaapa,300_minutes,210-270,260,Waterston_300_minutes
GTGCAGCCAGGATCGA-300.1.2,4,0.034984365,225,,ABalppappa/ABarappppa,300_minutes,210-270,225,Waterston_300_minutes
GTGCGGTAGTAGGCCA-300.1.2,9,0.11833999,300,ASE_parent,ABalppppppa/ABpraaapppa,300_minutes,270-330,300,Waterston_300_minutes
GTGCTTCAGAGGACGG-300.1.2,8,0.050351754,260,Neuroblast_AFD_RMD,ABalpppapa/ABpraaaapa,300_minutes,210-270,260,Waterston_300_minutes
GTGCTTCTCAACGGCC-300.1.2,3,0.024640672,270,,,300_minutes,270-330,270,Waterston_300_minutes
GTGGGTCAGCAACGGT-300.1.2,6,0.050075814,280,ASI_parent,ABpxaapappp,300_minutes,270-330,280,Waterston_300_minutes
GTGGGTCGTTCCATGA-300.1.2,3,0.035609636,270,Neuroblast_ADF_AWB,ABalpppppa/ABpraaappa,300_minutes,270-330,270,Waterston_300_minutes
GTGTTAGCAATAGCAA-300.1.2,4,0.058351927,265,,,300_minutes,210-270,265,Waterston_300_minutes
GTTAAGCAGAAGGTGA-300.1.2,4,0.053916205,260,,,300_minutes,210-270,260,Waterston_300_minutes
GTTAAGCTCGTAGGAG-300.1.2,15,0.081045695,270,ASK_parent,ABalpppappp/ABpraaaappp,300_minutes,270-330,270,Waterston_300_minutes
TAAGTGCAGCTAAACA-300.1.2,11,0.25182697,270,ADL_parent,ABalppppaa/ABpraaapaa,300_minutes,270-330,270,Waterston_300_minutes
TACAGTGAGGCTAGCA-300.1.2,8,0.05579683,260,Neuroblast_AFD_RMD,ABalpppapa/ABpraaaapa,300_minutes,210-270,260,Waterston_300_minutes
TACCTATCATCTGGTA-300.1.2,5,0.107150994,325,ASK_parent,ABalpppappp/ABpraaaappp,300_minutes,270-330,325,Waterston_300_minutes
TACCTATTCAGCGATT-300.1.2,10,0.1851426,340,Neuroblast_ASJ_AUA,ABalppppppp/ABpraaapppp,300_minutes,330-390,340,Waterston_300_minutes
TACGGATTCCAAACTG-300.1.2,3,0.052346464,280,,,300_minutes,270-330,280,Waterston_300_minutes
TACTTACAGTATCTCG-300.1.2,4,0.0204444,245,,ABpxpapaa,300_minutes,210-270,245,Waterston_300_minutes
TACTTACTCTTCGAGA-300.1.2,11,0.27261212,300,ADL_parent,ABalppppaa/ABpraaapaa,300_minutes,270-330,300,Waterston_300_minutes
TACTTGTCACACCGAC-300.1.2,1,0.04106891,190,,ABalppppap/ABpraaapap,300_minutes,170-210,190,Waterston_300_minutes
TAGAGCTTCTTGACGA-300.1.2,9,0.12648222,300,ASE_parent,ABalppppppa/ABpraaapppa,300_minutes,270-330,300,Waterston_300_minutes
TAGTGGTAGGATTCGG-300.1.2,3,0.015458242,260,,ABpxpaappa,300_minutes,210-270,260,Waterston_300_minutes
TATCAGGAGCGATCCC-300.1.2,3,0.02401142,210,,ABalpppppa/ABpraaappa,300_minutes,210-270,210,Waterston_300_minutes
TATCAGGAGGGCACTA-300.1.2,14,0.17051926,420,ADF,ABalpppppaa/ABpraaappaa,300_minutes,390-450,420,Waterston_300_minutes
TCAGATGCAGTTCCCT-300.1.2,2,0.02537802,170,,ABalpppppp/ABpraaappp,300_minutes,170-210,170,Waterston_300_minutes
TCAGCAACACAGATTC-300.1.2,1,0.024846356,200,,ABalppppap/ABpraaapap,300_minutes,170-210,200,Waterston_300_minutes
TCAGCTCTCCAAAGTC-300.1.2,11,0.28795063,295,ADL_parent,ABalppppaa/ABpraaapaa,300_minutes,270-330,295,Waterston_300_minutes
TCATTACGTTGAGGTG-300.1.2,4,0.061440695,260,,,300_minutes,210-270,260,Waterston_300_minutes
TCATTTGTCTCTAAGG-300.1.2,4,0.04666554,260,,,300_minutes,210-270,260,Waterston_300_minutes
TCATTTGTCTGCCCTA-300.1.2,4,0.05498799,260,,ABpxpaaaaa,300_minutes,210-270,260,Waterston_300_minutes
TCCACACAGGACAGCT-300.1.2,11,0.10697459,190,,ABalppppaa/ABpraaapaa,300_minutes,170-210,190,Waterston_300_minutes
TCCCGATCAGACGTAG-300.1.2,3,0.019976258,260,Neuroblast_ASG_AWA,ABpxaapapa,300_minutes,210-270,260,Waterston_300_minutes
TCCCGATTCGGAAACG-300.1.2,11,0.29201275,290,ADL_parent,ABalppppaa/ABpraaapaa,300_minutes,270-330,290,Waterston_300_minutes
TCGCGAGGTATCGCAT-300.1.2,3,0.018701412,230,,,300_minutes,210-270,230,Waterston_300_minutes
TCGCGTTGTCGTCTTC-300.1.2,12,0.31116498,350,ADL,ABalppppaad/ABpraaapaad,300_minutes,330-390,350,Waterston_300_minutes
TCGTAGACAATCAGAA-300.1.2,4,0.043884818,230,,,300_minutes,210-270,230,Waterston_300_minutes
TGACTAGCATGTTCCC-300.1.2,11,0.23784694,260,ADL_parent,ABalppppaa/ABpraaapaa,300_minutes,210-270,260,Waterston_300_minutes
TGACTTTAGTTCCACA-300.1.2,8,0.055346966,270,Neuroblast_AFD_RMD,ABalpppapa/ABpraaaapa,300_minutes,270-330,270,Waterston_300_minutes
TGAGAGGGTAAACACA-300.1.2,9,0.29121694,470,ASE,ABalppppppaa/ABpraaapppaa,300_minutes,450-510,470,Waterston_300_minutes
TGAGCCGAGTTCGCAT-300.1.2,4,0.055957258,265,,,300_minutes,210-270,265,Waterston_300_minutes
TGAGCCGCAGCGAACA-300.1.2,15,0.031720612,200,,ABarpapaa/ABplaaaaa,300_minutes,170-210,200,Waterston_300_minutes
TGAGCCGGTGAGTGAC-300.1.2,12,0.3604533,415,ADL,ABalppppaad/ABpraaapaad,300_minutes,390-450,415,Waterston_300_minutes
TGAGGGAGTCTAGTCA-300.1.2,10,0.21967356,350,ASJ,ABalpppppppa/ABpraaappppa,300_minutes,330-390,350,Waterston_300_minutes
TGATTTCAGCGTAATA-300.1.2,2,0.042057898,260,Neuroblast_ASE_ASJ_AUA,ABalpppppp/ABpraaappp,300_minutes,210-270,260,Waterston_300_minutes
TGCACCTAGCGATATA-300.1.2,3,0.033897873,280,Neuroblast_ADF_AWB,ABalpppppa/ABpraaappa,300_minutes,270-330,280,Waterston_300_minutes
TGCACCTAGTTGTCGT-300.1.2,12,0.29833516,360,ADL,ABalppppaad/ABpraaapaad,300_minutes,330-390,360,Waterston_300_minutes
TGCACCTAGTTTGCGT-300.1.2,4,0.061167963,270,,,300_minutes,270-330,270,Waterston_300_minutes
TGCTACCGTGGACGAT-300.1.2,5,0.10772293,300,ASK_parent,ABalpppappp/ABpraaaappp,300_minutes,270-330,300,Waterston_300_minutes
TGCTACCTCAACACCA-300.1.2,11,0.29382694,290,ADL_parent,ABalppppaa/ABpraaapaa,300_minutes,270-330,290,Waterston_300_minutes
TGGGCGTTCAGATAAG-300.1.2,7,0.03461201,270,Neuroblast_ASG_AWA,ABpxaapapa,300_minutes,270-330,270,Waterston_300_minutes
TGGTTAGCATATACCG-300.1.2,2,0.022037048,200,,ABalpppppp/ABpraaappp,300_minutes,170-210,200,Waterston_300_minutes
TGGTTAGGTTATGTGC-300.1.2,1,0.04253306,200,,ABalpppapp/ABpraaaapp,300_minutes,170-210,200,Waterston_300_minutes
TGTCCCATCTCCAGGG-300.1.2,7,0.081530124,350,ASG_AWA,,300_minutes,330-390,350,Waterston_300_minutes
TGTGTTTGTAATTGGA-300.1.2,4,0.025443956,200,,ABpxpaaaap,300_minutes,170-210,200,Waterston_300_minutes
TGTGTTTGTCGCGTGT-300.1.2,4,0.06740683,275,,,300_minutes,270-330,275,Waterston_300_minutes
TGTTCCGTCATCTGTT-300.1.2,4,0.0448084,260,,,300_minutes,210-270,260,Waterston_300_minutes
TTATGCTAGGACAGCT-300.1.2,4,0.038495403,260,,,300_minutes,210-270,260,Waterston_300_minutes
TTCCCAGAGCTATGCT-300.1.2,8,0.026068782,195,,ABalpppppa/ABpraaappa,300_minutes,170-210,195,Waterston_300_minutes
TTCGAAGGTTGCCTCT-300.1.2,11,0.1955541,225,ADL_parent,ABalppppaa/ABpraaapaa,300_minutes,210-270,225,Waterston_300_minutes
TTCTCAATCCGTACAA-300.1.2,2,0.03393086,230,Neuroblast_ASE_ASJ_AUA,ABalpppppp/ABpraaappp,300_minutes,210-270,230,Waterston_300_minutes
TTCTCCTAGTACGATA-300.1.2,19,0.13273597,390,AWA,ABpxaapapaa,300_minutes,390-450,390,Waterston_300_minutes
TTCTTAGCACGCATCG-300.1.2,8,0.062887385,270,Neuroblast_AFD_RMD,ABalpppapa/ABpraaaapa,300_minutes,270-330,270,Waterston_300_minutes
TTGAACGCAGGGTACA-300.1.2,1,0.02647437,170,,ABalpppap/ABpraaaap,300_minutes,170-210,170,Waterston_300_minutes
TTGACTTAGCGTGTCC-300.1.2,8,0.04930489,260,Neuroblast_AFD_RMD,ABalpppapa/ABpraaaapa,300_minutes,210-270,260,Waterston_300_minutes
TTGACTTCACGAGAGT-300.1.2,1,0.009703482,180,,ABalaapppp/ABalapaapp,300_minutes,170-210,180,Waterston_300_minutes
TTGCCGTCAAACGTGG-300.1.2,7,0.023420243,230,,ABpxaapapa,300_minutes,210-270,230,Waterston_300_minutes
TTGCGTCGTAGCGCTC-300.1.2,3,0.012105909,260,Neuroblast_ADF_AWB,ABalpppppa/ABpraaappa,300_minutes,210-270,260,Waterston_300_minutes
TTTATGCCATATACGC-300.1.2,11,0.1383268,230,,ABalppppaa/ABpraaapaa,300_minutes,210-270,230,Waterston_300_minutes
TTTCCTCTCTCTTATG-300.1.2,4,0.055591367,260,,,300_minutes,210-270,260,Waterston_300_minutes
TTTGGTTGTTGATTGC-300.1.2,12,0.31580982,300,ADL_parent,ABalppppaa/ABpraaapaa,300_minutes,270-330,300,Waterston_300_minutes
AAAGATGTCGATCCCT-300.1.3,1,0.05546239,185,,,300_minutes,170-210,185,Waterston_300_minutes
AAAGCAAGTAGGAGTC-300.1.3,6,0.054239754,180,,,300_minutes,170-210,180,Waterston_300_minutes
AAATGCCAGAAGGTGA-300.1.3,6,0.05580041,245,,ABpxpaaaap,300_minutes,210-270,245,Waterston_300_minutes
AACCATGGTGCAGTAG-300.1.3,8,0.06670726,270,Neuroblast_AFD_RMD,ABalpppapa/ABpraaaapa,300_minutes,270-330,270,Waterston_300_minutes
AACGTTGGTTGAGGTG-300.1.3,12,0.30990192,380,ADL,ABalppppaad/ABpraaapaad,300_minutes,330-390,380,Waterston_300_minutes
AACTCCCAGAAACCAT-300.1.3,3,0.023216298,270,Neuroblast_ADF_AWB,ABalpppppa/ABpraaappa,300_minutes,270-330,270,Waterston_300_minutes
AACTCCCCACTAAGTC-300.1.3,13,0.117515646,350,ASH,ABpxpaappaa,300_minutes,330-390,350,Waterston_300_minutes
AACTGGTAGGACACCA-300.1.3,2,0.032504164,245,Neuroblast_ASE_ASJ_AUA,ABalpppppp/ABpraaappp,300_minutes,210-270,245,Waterston_300_minutes
AACTGGTGTAGCCTCG-300.1.3,4,0.0328075,200,,ABpxpaaaa,300_minutes,170-210,200,Waterston_300_minutes
AACTGGTGTCTTCTCG-300.1.3,7,0.036810886,295,Neuroblast_ASG_AWA,ABpxaapapa,300_minutes,270-330,295,Waterston_300_minutes
AAGCCGCGTTACGACT-300.1.3,11,0.24472941,270,ADL_parent,ABalppppaa/ABpraaapaa,300_minutes,270-330,270,Waterston_300_minutes
AAGGAGCTCAGTTTGG-300.1.3,0,0.19684382,405,ASE,ABalppppppaa/ABpraaapppaa,300_minutes,390-450,405,Waterston_300_minutes
AAGTCTGTCGTAGGTT-300.1.3,9,0.11869749,320,ASE_parent,ABalppppppa/ABpraaapppa,300_minutes,270-330,320,Waterston_300_minutes
AATCCAGGTCCAGTAT-300.1.3,9,0.12835835,300,ASE_parent,ABalppppppa/ABpraaapppa,300_minutes,270-330,300,Waterston_300_minutes
AATCGGTAGAAGCCCA-300.1.3,1,0.029546253,170,,ABpxaapaa,300_minutes,170-210,170,Waterston_300_minutes
ACACTGAGTTCAGTAC-300.1.3,11,0.26900658,260,ADL_parent,ABalppppaa/ABpraaapaa,300_minutes,210-270,260,Waterston_300_minutes
ACATACGTCTTGTCAT-300.1.3,4,0.060140435,270,,,300_minutes,270-330,270,Waterston_300_minutes
ACGAGGACAACTTGAC-300.1.3,0,0.11345402,295,Neuroblast_AFD_RMD,ABalpppapa/ABpraaaapa,300_minutes,270-330,295,Waterston_300_minutes
ACGAGGACATCCAACA-300.1.3,9,0.26537588,470,ASE,ABalppppppaa/ABpraaapppaa,300_minutes,450-510,470,Waterston_300_minutes
ACGAGGAGTCATATCG-300.1.3,14,0.09572128,350,ADF_AWB,,300_minutes,330-390,350,Waterston_300_minutes
ACGGAGAAGAAAGTGG-300.1.3,8,0.054896787,260,Neuroblast_AFD_RMD,ABalpppapa/ABpraaaapa,300_minutes,210-270,260,Waterston_300_minutes
ACGGAGACATCCAACA-300.1.3,1,0.03932816,170,,ABalppppa/ABpraaapa,300_minutes,170-210,170,Waterston_300_minutes
ACGGCCACAGGACGTA-300.1.3,4,0.040116962,230,,,300_minutes,210-270,230,Waterston_300_minutes
ACGGGCTCAGCTTAAC-300.1.3,8,0.060904782,230,Neuroblast_AFD_RMD,ABalpppapa/ABpraaaapa,300_minutes,210-270,230,Waterston_300_minutes
ACGGGCTTCTACTATC-300.1.3,3,0.016089536,260,Neuroblast_ADF_AWB,ABalpppppa/ABpraaappa,300_minutes,210-270,260,Waterston_300_minutes
ACGTCAAAGCCCAATT-300.1.3,11,0.1552249,200,,ABalppppaa/ABpraaapaa,300_minutes,170-210,200,Waterston_300_minutes
ACGTCAACAGGGTTAG-300.1.3,12,0.24713816,300,ASK_parent,ABalpppappp/ABpraaaappp,300_minutes,270-330,300,Waterston_300_minutes
ACTGAGTCATAGTAAG-300.1.3,11,0.24873996,260,ADL_parent,ABalppppaa/ABpraaapaa,300_minutes,210-270,260,Waterston_300_minutes
ACTGCTCCAGGGTACA-300.1.3,1,0.010832473,200,,ABpxaapapp,300_minutes,170-210,200,Waterston_300_minutes
ACTGTCCAGTACGATA-300.1.3,4,0.03002373,200,,ABpxpaaaa,300_minutes,170-210,200,Waterston_300_minutes
ACTTGTTCAATGGTCT-300.1.3,3,0.03456439,280,Neuroblast_ADF_AWB,ABalpppppa/ABpraaappa,300_minutes,270-330,280,Waterston_300_minutes
AGACGTTGTCCTGCTT-300.1.3,11,0.21583496,260,ADL_parent,ABalppppaa/ABpraaapaa,300_minutes,210-270,260,Waterston_300_minutes
AGAGCGAAGGGTCGAT-300.1.3,3,0.0099191,190,,ABpxapppa,300_minutes,170-210,190,Waterston_300_minutes
AGAGCTTAGTAGCGGT-300.1.3,10,0.18390523,350,Neuroblast_ASJ_AUA,ABalppppppp/ABpraaapppp,300_minutes,330-390,350,Waterston_300_minutes
AGAGCTTCAATGGAAT-300.1.3,2,0.03181565,175,,,300_minutes,170-210,175,Waterston_300_minutes
AGATTGCAGTGCCAGA-300.1.3,5,0.10517137,290,ASK_parent,ABalpppappp/ABpraaaappp,300_minutes,270-330,290,Waterston_300_minutes
AGATTGCGTTATGCGT-300.1.3,2,0.03319749,190,,ABalpppppp/ABpraaappp,300_minutes,170-210,190,Waterston_300_minutes
AGCGGTCTCCTTTACA-300.1.3,3,0.015119314,195,,ABpxpaappa,300_minutes,170-210,195,Waterston_300_minutes
AGCGTCGCATATGCTG-300.1.3,13,0.1626108,390,ASH,ABpxpaappaa,300_minutes,390-450,390,Waterston_300_minutes
AGCTCTCAGACACGAC-300.1.3,0,0.15358377,310,AFD,ABalpppapav/ABpraaaapav,300_minutes,270-330,310,Waterston_300_minutes
AGCTTGAGTGGCAAAC-300.1.3,11,0.27819705,300,ADL_parent,ABalppppaa/ABpraaapaa,300_minutes,270-330,300,Waterston_300_minutes
AGGCCACGTCTTGATG-300.1.3,21,0.25944468,420,ASK,ABalpppapppa/ABpraaaapppa,300_minutes,390-450,420,Waterston_300_minutes
AGGCCGTGTGGAAAGA-300.1.3,8,0.05122367,260,Neuroblast_AFD_RMD,ABalpppapa/ABpraaaapa,300_minutes,210-270,260,Waterston_300_minutes
AGGCCGTTCAGTACGT-300.1.3,3,0.016416509,230,,ABpxpaappa,300_minutes,210-270,230,Waterston_300_minutes
AGTCTTTAGTGTACGG-300.1.3,4,0.062857084,260,,,300_minutes,210-270,260,Waterston_300_minutes
AGTGTCACACAGCCCA-300.1.3,18,0.57119626,620,AWC,ABpxpaaaaap,300_minutes,580-650,620,Waterston_300_minutes
ATAAGAGTCCCACTTG-300.1.3,7,0.042279106,300,Neuroblast_ASG_AWA,ABpxaapapa,300_minutes,270-330,300,Waterston_300_minutes
ATAGACCTCTAACGGT-300.1.3,1,0.024687132,195,,ABpxaapap,300_minutes,170-210,195,Waterston_300_minutes
ATCATCTCATCACGTA-300.1.3,4,0.025343325,205,,ABpxpaaaa,300_minutes,170-210,205,Waterston_300_minutes
ATCATGGTCTGAAAGA-300.1.3,3,0.03844885,280,Neuroblast_ADF_AWB,ABalpppppa/ABpraaappa,300_minutes,270-330,280,Waterston_300_minutes
ATCATGGTCTGAGTGT-300.1.3,11,0.2248183,225,ADL_parent,ABalppppaa/ABpraaapaa,300_minutes,210-270,225,Waterston_300_minutes
ATCCGAAAGCGTCTAT-300.1.3,11,0.19447334,210,ADL_parent,ABalppppaa/ABpraaapaa,300_minutes,210-270,210,Waterston_300_minutes
ATCCGAACATTGGGCC-300.1.3,11,0.18624347,230,ADL_parent,ABalppppaa/ABpraaapaa,300_minutes,210-270,230,Waterston_300_minutes
ATCTACTTCAACCATG-300.1.3,4,0.06024428,270,,,300_minutes,270-330,270,Waterston_300_minutes
ATCTGCCAGCCAGAAC-300.1.3,3,0.03724252,280,Neuroblast_ADF_AWB,ABalpppppa/ABpraaappa,300_minutes,270-330,280,Waterston_300_minutes
ATCTGCCCAATGGTCT-300.1.3,1,0.03817404,210,,ABalpppapp/ABpraaaapp,300_minutes,210-270,210,Waterston_300_minutes
ATCTGCCGTCGTGGCT-300.1.3,7,0.042894054,300,Neuroblast_ASG_AWA,ABpxaapapa,300_minutes,270-330,300,Waterston_300_minutes
ATGAGGGAGCTGCCCA-300.1.3,3,0.019181505,270,Neuroblast_ADF_AWB,ABalpppppa/ABpraaappa,300_minutes,270-330,270,Waterston_300_minutes
ATGTGTGGTTACGTCA-300.1.3,10,0.14614359,290,Neuroblast_ASJ_AUA,ABalppppppp/ABpraaapppp,300_minutes,270-330,290,Waterston_300_minutes
ATTACTCGTGCTGTAT-300.1.3,3,0.012248789,230,Neuroblast_AFD_RMD,ABalpppapa/ABpraaaapa,300_minutes,210-270,230,Waterston_300_minutes
ATTACTCTCTGCTTGC-300.1.3,3,0.030193262,275,Neuroblast_ADF_AWB,ABalpppppa/ABpraaappa,300_minutes,270-330,275,Waterston_300_minutes
CAACCTCGTCTGGTCG-300.1.3,13,0.13052538,350,ASH,ABpxpaappaa,300_minutes,330-390,350,Waterston_300_minutes
CAAGGCCCAACTGCGC-300.1.3,2,0.05208623,260,Neuroblast_ASE_ASJ_AUA,ABalpppppp/ABpraaappp,300_minutes,210-270,260,Waterston_300_minutes
CACACAATCGTACGGC-300.1.3,4,0.062364925,260,,,300_minutes,210-270,260,Waterston_300_minutes
CACACCTGTTCCACGG-300.1.3,1,0.04366566,195,,ABalpppapp/ABpraaaapp,300_minutes,170-210,195,Waterston_300_minutes
CACACTCTCCTTGACC-300.1.3,3,0.016086254,260,Neuroblast_ADF_AWB,ABalpppppa/ABpraaappa,300_minutes,210-270,260,Waterston_300_minutes
CACAGTAGTAGCTGCC-300.1.3,9,0.21365152,390,ASE,ABalppppppaa/ABpraaapppaa,300_minutes,390-450,390,Waterston_300_minutes
CACAGTAGTCATCCCT-300.1.3,4,0.042294342,220,,ABalppappa/ABarappppa,300_minutes,210-270,220,Waterston_300_minutes
CACATAGGTGGCGAAT-300.1.3,7,0.015758537,230,,,300_minutes,210-270,230,Waterston_300_minutes
CACCAGGCACATGTGT-300.1.3,5,0.0866248,270,ASK_parent,ABalpppappp/ABpraaaappp,300_minutes,270-330,270,Waterston_300_minutes
CACCTTGGTTCTGTTT-300.1.3,4,0.056881815,260,,,300_minutes,210-270,260,Waterston_300_minutes
CACTCCATCTCGAGTA-300.1.3,7,0.020295942,270,Neuroblast_ASG_AWA,ABpxaapapa,300_minutes,270-330,270,Waterston_300_minutes
CAGCAGCCATGGTCTA-300.1.3,11,0.20291677,205,,ABalppppaa/ABpraaapaa,300_minutes,170-210,205,Waterston_300_minutes
CAGGTGCTCTCGTATT-300.1.3,9,0.13183722,300,ASE_parent,ABalppppppa/ABpraaapppa,300_minutes,270-330,300,Waterston_300_minutes
CAGTAACCATCGGTTA-300.1.3,8,0.033747546,230,Neuroblast_AFD_RMD,ABalpppapa/ABpraaaapa,300_minutes,210-270,230,Waterston_300_minutes
CAGTAACGTACTCTCC-300.1.3,4,0.0415904,220,,ABalppappa/ABarappppa,300_minutes,210-270,220,Waterston_300_minutes
CATATGGGTTGGTGGA-300.1.3,3,0.055136014,265,,,300_minutes,210-270,265,Waterston_300_minutes
CATCAAGGTACAGTGG-300.1.3,8,0.04811905,230,Neuroblast_AFD_RMD,ABalpppapa/ABpraaaapa,300_minutes,210-270,230,Waterston_300_minutes
CATCAGAAGTATCGAA-300.1.3,1,0.017397644,190,,,300_minutes,170-210,190,Waterston_300_minutes
CATCGGGGTCCGAAGA-300.1.3,4,0.046252586,220,,,300_minutes,210-270,220,Waterston_300_minutes
CATTCGCCAGTACACT-300.1.3,10,0.23143166,390,ASJ,ABalpppppppa/ABpraaappppa,300_minutes,390-450,390,Waterston_300_minutes
CCACGGACAGGTCCAC-300.1.3,2,0.023192663,215,Neuroblast_ASE_ASJ_AUA,ABalpppppp/ABpraaappp,300_minutes,210-270,215,Waterston_300_minutes
CCACTACGTAAATGTG-300.1.3,7,0.016533792,230,,,300_minutes,210-270,230,Waterston_300_minutes
CCATGTCTCAACGGGA-300.1.3,4,0.057375766,260,,,300_minutes,210-270,260,Waterston_300_minutes
CCATTCGCAGACACTT-300.1.3,9,0.13575678,320,ASE_parent,ABalppppppa/ABpraaapppa,300_minutes,270-330,320,Waterston_300_minutes
CCATTCGCATGGTCAT-300.1.3,3,0.018858228,270,Neuroblast_ADF_AWB,ABalpppppa/ABpraaappa,300_minutes,270-330,270,Waterston_300_minutes
CCCAATCGTAATCACC-300.1.3,14,0.05886332,300,Neuroblast_ADF_AWB,ABalpppppa/ABpraaappa,300_minutes,270-330,300,Waterston_300_minutes
CCCAGTTCAGTATCTG-300.1.3,11,0.31023884,300,ADL_parent,ABalppppaa/ABpraaapaa,300_minutes,270-330,300,Waterston_300_minutes
CCCATACCATACGCTA-300.1.3,2,0.03639575,260,Neuroblast_ASE_ASJ_AUA,ABalpppppp/ABpraaappp,300_minutes,210-270,260,Waterston_300_minutes
CCGGTAGCATCATCCC-300.1.3,15,0.103755616,320,ASI_parent,ABpxaapappp,300_minutes,270-330,320,Waterston_300_minutes
CCTAGCTGTAAATGTG-300.1.3,11,0.18514779,215,ADL_parent,ABalppppaa/ABpraaapaa,300_minutes,210-270,215,Waterston_300_minutes
CCTTACGAGTACACCT-300.1.3,11,0.2315483,260,ADL_parent,ABalppppaa/ABpraaapaa,300_minutes,210-270,260,Waterston_300_minutes
CCTTACGTCCCAACGG-300.1.3,12,0.28786352,450,ADL,ABalppppaad/ABpraaapaad,300_minutes,450-510,450,Waterston_300_minutes
CCTTACGTCTCCAACC-300.1.3,4,0.059454605,280,,,300_minutes,270-330,280,Waterston_300_minutes
CCTTCGAGTGCAACGA-300.1.3,1,0.029344043,170,,ABpxaapapa,300_minutes,170-210,170,Waterston_300_minutes
CGAATGTGTTATCGGT-300.1.3,12,0.3314262,350,ADL,ABalppppaad/ABpraaapaad,300_minutes,330-390,350,Waterston_300_minutes
CGACTTCCACGCCAGT-300.1.3,9,0.11233926,320,ASE_parent,ABalppppppa/ABpraaapppa,300_minutes,270-330,320,Waterston_300_minutes
CGAGCACTCGGCTTGG-300.1.3,10,0.110610664,330,ASK_parent,ABalpppappp/ABpraaaappp,300_minutes,330-390,330,Waterston_300_minutes
CGAGCCAGTCAAAGCG-300.1.3,3,0.025394268,215,,,300_minutes,210-270,215,Waterston_300_minutes
CGATGGCAGTCATCCA-300.1.3,2,0.04126453,260,Neuroblast_ASE_ASJ_AUA,ABalpppppp/ABpraaappp,300_minutes,210-270,260,Waterston_300_minutes
CGATGTAAGTAGGTGC-300.1.3,9,0.14346631,335,ASE_parent,ABalppppppa/ABpraaapppa,300_minutes,330-390,335,Waterston_300_minutes
CGATGTAAGTGGAGAA-300.1.3,4,0.03973893,225,,,300_minutes,210-270,225,Waterston_300_minutes
CGATGTAGTCACTGGC-300.1.3,3,0.042421073,285,,,300_minutes,270-330,285,Waterston_300_minutes
CGATGTAGTGAGGCTA-300.1.3,8,0.062538154,260,Neuroblast_AFD_RMD,ABalpppapa/ABpraaaapa,300_minutes,210-270,260,Waterston_300_minutes
CGATTGAGTTATGTGC-300.1.3,3,0.015581354,190,,ABpxapppa,300_minutes,170-210,190,Waterston_300_minutes
CGCCAAGCAAGCTGTT-300.1.3,11,0.14495002,350,Neuroblast_ASJ_AUA,ABalppppppp/ABpraaapppp,300_minutes,330-390,350,Waterston_300_minutes
CGCGGTATCAAGGTAA-300.1.3,3,0.03451898,265,,,300_minutes,210-270,265,Waterston_300_minutes
CGCGTTTAGTGGAGTC-300.1.3,4,0.02839112,200,,ABpxpaaaa,300_minutes,170-210,200,Waterston_300_minutes
CGCGTTTCAGCTGTAT-300.1.3,0,0.2205309,360,AFD,ABalpppapav/ABpraaaapav,300_minutes,330-390,360,Waterston_300_minutes
CGGACACGTCACTGGC-300.1.3,1,0.023874175,170,,ABalpppap/ABpraaaap,300_minutes,170-210,170,Waterston_300_minutes
CGGACACGTTTGCATG-300.1.3,11,0.2405006,270,ADL_parent,ABalppppaa/ABpraaapaa,300_minutes,270-330,270,Waterston_300_minutes
CGGACGTTCTGATTCT-300.1.3,12,0.25230625,350,ADF_AWB,,300_minutes,330-390,350,Waterston_300_minutes
CGGAGCTTCTCAAACG-300.1.3,9,0.25328058,405,ASE,ABalppppppaa/ABpraaapppaa,300_minutes,390-450,405,Waterston_300_minutes
CGGAGTCCACACCGCA-300.1.3,13,0.17609248,380,ASH,ABpxpaappaa,300_minutes,330-390,380,Waterston_300_minutes
CGGTTAAGTATAGGTA-300.1.3,15,0.10095511,345,ASI_parent,ABpxaapappp,300_minutes,330-390,345,Waterston_300_minutes
CGTCAGGCAATGGAGC-300.1.3,1,0.03116366,170,,ABalppppa/ABpraaapa,300_minutes,170-210,170,Waterston_300_minutes
CGTCAGGGTCAGAATA-300.1.3,4,0.042096976,260,,,300_minutes,210-270,260,Waterston_300_minutes
CGTCCATCACAGGTTT-300.1.3,4,0.06276798,260,,,300_minutes,210-270,260,Waterston_300_minutes
CGTCCATCAGTAACGG-300.1.3,4,0.04466036,225,,ABalppappa/ABarappppa,300_minutes,210-270,225,Waterston_300_minutes
CGTCTACGTGACCAAG-300.1.3,3,0.033951193,330,,,300_minutes,330-390,330,Waterston_300_minutes
CGTCTACTCAGCATGT-300.1.3,4,0.029805863,225,,ABpxpaaaa,300_minutes,210-270,225,Waterston_300_minutes
CGTGAGCCACGCGAAA-300.1.3,1,0.030473033,175,,,300_minutes,170-210,175,Waterston_300_minutes
CGTGAGCTCCTTAATC-300.1.3,2,0.04048971,260,Neuroblast_ASE_ASJ_AUA,ABalpppppp/ABpraaappp,300_minutes,210-270,260,Waterston_300_minutes
CGTGTCTCAAAGCGGT-300.1.3,3,0.015783152,260,Neuroblast_ADF_AWB,ABalpppppa/ABpraaappa,300_minutes,210-270,260,Waterston_300_minutes
CGTTCTGAGTGCCATT-300.1.3,4,0.03339756,200,,ABalppappa/ABarappppa,300_minutes,170-210,200,Waterston_300_minutes
CGTTGGGAGCTGCCCA-300.1.3,11,0.23478688,260,ADL_parent,ABalppppaa/ABpraaapaa,300_minutes,210-270,260,Waterston_300_minutes
CTAACTTAGCTTTGGT-300.1.3,2,0.02969639,180,,ABalpppppp/ABpraaappp,300_minutes,170-210,180,Waterston_300_minutes
CTAACTTAGGCGTACA-300.1.3,12,0.5562472,490,ADL,ABalppppaad/ABpraaapaad,300_minutes,450-510,490,Waterston_300_minutes
CTAAGACAGCTGAACG-300.1.3,7,0.041350383,300,Neuroblast_ASG_AWA,ABpxaapapa,300_minutes,270-330,300,Waterston_300_minutes
CTAAGACCAAGGACAC-300.1.3,18,0.1597053,360,AWC,ABpxpaaaaap,300_minutes,330-390,360,Waterston_300_minutes
CTAGCCTCATGCCTAA-300.1.3,1,0.040242944,185,,ABalppppa/ABpraaapa,300_minutes,170-210,185,Waterston_300_minutes
CTAGCCTGTGGTCTCG-300.1.3,15,0.0856922,300,ASI_parent,ABpxaapappp,300_minutes,270-330,300,Waterston_300_minutes
CTAGCCTTCACCGGGT-300.1.3,12,0.3012637,385,ADL,ABalppppaad/ABpraaapaad,300_minutes,330-390,385,Waterston_300_minutes
CTAGCCTTCTATGTGG-300.1.3,0,0.30047166,380,AFD,ABalpppapav/ABpraaaapav,300_minutes,330-390,380,Waterston_300_minutes
CTCAGAATCGGATGTT-300.1.3,15,0.080134936,265,ASI_parent,ABpxaapappp,300_minutes,210-270,265,Waterston_300_minutes
CTCATTAAGCAGCGTA-300.1.3,3,0.025944456,260,Neuroblast_ADF_AWB,ABalpppppa/ABpraaappa,300_minutes,210-270,260,Waterston_300_minutes
CTCGTACTCATGTCTT-300.1.3,8,0.03896263,230,Neuroblast_AFD_RMD,ABalpppapa/ABpraaaapa,300_minutes,210-270,230,Waterston_300_minutes
CTCGTCATCTTGAGAC-300.1.3,1,0.032753874,200,,ABalppppap/ABpraaapap,300_minutes,170-210,200,Waterston_300_minutes
CTCTGGTTCTACGAGT-300.1.3,5,0.12690619,355,ASK_parent,ABalpppappp/ABpraaaappp,300_minutes,330-390,355,Waterston_300_minutes
CTGAAACGTCGCGGTT-300.1.3,11,0.30770257,300,ADL_parent,ABalppppaa/ABpraaapaa,300_minutes,270-330,300,Waterston_300_minutes
CTGATAGGTGAGGGAG-300.1.3,1,0.037525095,205,,,300_minutes,170-210,205,Waterston_300_minutes
CTGCCTAAGCTGCCCA-300.1.3,4,0.0317213,225,,,300_minutes,210-270,225,Waterston_300_minutes
CTGCCTATCATTGCGA-300.1.3,10,0.14304715,300,ASE_parent,ABalppppppa/ABpraaapppa,300_minutes,270-330,300,Waterston_300_minutes
CTGTGCTCACAGATTC-300.1.3,1,0.031455766,185,,ABalppppa/ABpraaapa,300_minutes,170-210,185,Waterston_300_minutes
CTGTTTATCATGCAAC-300.1.3,15,0.11145132,340,ASI_parent,ABpxaapappp,300_minutes,330-390,340,Waterston_300_minutes
CTGTTTATCTAACCGA-300.1.3,12,0.2973289,325,ADL_parent,ABalppppaa/ABpraaapaa,300_minutes,270-330,325,Waterston_300_minutes
CTTAACTCATGGGAAC-300.1.3,1,0.040941875,190,,ABalpppapp/ABpraaaapp,300_minutes,170-210,190,Waterston_300_minutes
CTTACCGGTCATCCCT-300.1.3,11,0.29443374,300,ADL_parent,ABalppppaa/ABpraaapaa,300_minutes,270-330,300,Waterston_300_minutes
CTTCTCTGTCCAACTA-300.1.3,4,0.042258687,245,,ABpxpaaaaa,300_minutes,210-270,245,Waterston_300_minutes
CTTGGCTAGCCCAATT-300.1.3,14,0.08810334,350,,,300_minutes,330-390,350,Waterston_300_minutes
GAACATCTCAGAGCTT-300.1.3,11,0.2518852,290,ADL_parent,ABalppppaa/ABpraaapaa,300_minutes,270-330,290,Waterston_300_minutes
GAACCTACAAGGGTCA-300.1.3,0,0.22481483,320,AFD,ABalpppapav/ABpraaaapav,300_minutes,270-330,320,Waterston_300_minutes
GAACGGATCACCTTAT-300.1.3,0,0.22009106,355,AFD,ABalpppapav/ABpraaaapav,300_minutes,330-390,355,Waterston_300_minutes
GACCAATCATTGGTAC-300.1.3,1,0.035444345,170,,ABalpppap/ABpraaaap,300_minutes,170-210,170,Waterston_300_minutes
GACCTGGAGTATGACA-300.1.3,4,0.032435045,205,,ABpxpaaaa,300_minutes,170-210,205,Waterston_300_minutes
GACCTGGGTTATCGGT-300.1.3,9,0.26479682,420,ASE,ABalppppppaa/ABpraaapppaa,300_minutes,390-450,420,Waterston_300_minutes
GACGTTAAGATGAGAG-300.1.3,5,0.11214086,310,ASK_parent,ABalpppappp/ABpraaaappp,300_minutes,270-330,310,Waterston_300_minutes
GACTAACAGCGCTCCA-300.1.3,1,0.024814643,170,,ABpxaapap,300_minutes,170-210,170,Waterston_300_minutes
GACTAACTCTACTCAT-300.1.3,1,0.044789825,185,,ABalppppap/ABpraaapap,300_minutes,170-210,185,Waterston_300_minutes
GAGCAGACATCACAAC-300.1.3,2,0.029739399,260,Neuroblast_ASE_ASJ_AUA,ABalpppppp/ABpraaappp,300_minutes,210-270,260,Waterston_300_minutes
GAGGTGAGTGTGAAAT-300.1.3,12,0.24768634,365,ADL,ABalppppaad/ABpraaapaad,300_minutes,330-390,365,Waterston_300_minutes
GATCAGTCACGACGAA-300.1.3,4,0.055214226,260,,ABpxpaaaaa,300_minutes,210-270,260,Waterston_300_minutes
GATCGCGAGGGAACGG-300.1.3,1,0.048198294,200,,ABalppppap/ABpraaapap,300_minutes,170-210,200,Waterston_300_minutes
GCATGATAGCGTAATA-300.1.3,2,0.012558483,180,,,300_minutes,170-210,180,Waterston_300_minutes
GCATGCGGTCTCCCTA-300.1.3,7,0.029718379,300,Neuroblast_ASG_AWA,ABpxaapapa,300_minutes,270-330,300,Waterston_300_minutes
GCATGCGTCTTGCATT-300.1.3,3,0.021802614,260,Neuroblast_ADF_AWB,ABalpppppa/ABpraaappa,300_minutes,210-270,260,Waterston_300_minutes
GCCTCTAAGGACAGCT-300.1.3,4,0.0444497,345,ASH,ABpxpaappaa,300_minutes,330-390,345,Waterston_300_minutes
GCGACCACATCTCCCA-300.1.3,4,0.026663702,200,,ABpxpaaaap,300_minutes,170-210,200,Waterston_300_minutes
GCGACCATCGTGGGAA-300.1.3,7,0.05114496,300,Neuroblast_ASG_AWA,ABpxaapapa,300_minutes,270-330,300,Waterston_300_minutes
GCGCGATGTGATGCCC-300.1.3,2,0.03787802,260,Neuroblast_ASE_ASJ_AUA,ABalpppppp/ABpraaappp,300_minutes,210-270,260,Waterston_300_minutes
GCTGGGTCATCCGTGG-300.1.3,2,0.038330704,260,Neuroblast_ASE_ASJ_AUA,ABalpppppp/ABpraaappp,300_minutes,210-270,260,Waterston_300_minutes
GCTTCCAAGCTCCCAG-300.1.3,10,0.14374119,320,Neuroblast_ASJ_AUA,ABalppppppp/ABpraaapppp,300_minutes,270-330,320,Waterston_300_minutes
GGAAAGCAGGCTCAGA-300.1.3,9,0.13305995,300,ASE_parent,ABalppppppa/ABpraaapppa,300_minutes,270-330,300,Waterston_300_minutes
GGAAAGCTCTTCGGTC-300.1.3,2,0.03938005,260,Neuroblast_ASE_ASJ_AUA,ABalpppppp/ABpraaappp,300_minutes,210-270,260,Waterston_300_minutes
GGAACTTTCGTCTGAA-300.1.3,4,0.052547477,245,,ABpxpaaaaa,300_minutes,210-270,245,Waterston_300_minutes
GGAATAATCCAAATGC-300.1.3,4,0.027425624,200,,ABpxpaaaap,300_minutes,170-210,200,Waterston_300_minutes
GGAGCAAGTTTAGCTG-300.1.3,11,0.1706437,210,,ABalppppaa/ABpraaapaa,300_minutes,210-270,210,Waterston_300_minutes
GGCAATTAGGCCCTCA-300.1.3,12,0.32247934,380,ADL,ABalppppaad/ABpraaapaad,300_minutes,330-390,380,Waterston_300_minutes
GGCAATTGTAATCGTC-300.1.3,1,0.026608054,200,,ABalppppap/ABpraaapap,300_minutes,170-210,200,Waterston_300_minutes
GGCGACTTCTCGCATC-300.1.3,3,0.011808808,260,Neuroblast_ADF_AWB,ABalpppppa/ABpraaappa,300_minutes,210-270,260,Waterston_300_minutes
GGCTCGATCGCAAGCC-300.1.3,3,0.066496626,275,,,300_minutes,270-330,275,Waterston_300_minutes
GGGAATGAGTGTACCT-300.1.3,1,0.026789103,170,,ABalppppa/ABpraaapa,300_minutes,170-210,170,Waterston_300_minutes
GGGAGATAGGCCATAG-300.1.3,3,0.026943697,330,,,300_minutes,330-390,330,Waterston_300_minutes
GGGAGATAGTGAAGAG-300.1.3,2,0.022885703,215,Neuroblast_ASE_ASJ_AUA,ABalpppppp/ABpraaappp,300_minutes,210-270,215,Waterston_300_minutes
GGGCACTGTTGTCGCG-300.1.3,12,0.3321967,380,ADL,ABalppppaad/ABpraaapaad,300_minutes,330-390,380,Waterston_300_minutes
GGGTCTGAGCCGATTT-300.1.3,1,0.034051526,190,,ABalppppa/ABpraaapa,300_minutes,170-210,190,Waterston_300_minutes
GGGTTGCTCAGGTAAA-300.1.3,1,0.03168884,175,,ABalpppap/ABpraaaap,300_minutes,170-210,175,Waterston_300_minutes
GGGTTGCTCATGTAGC-300.1.3,7,0.02048431,190,,ABpxaapapa,300_minutes,170-210,190,Waterston_300_minutes
GTAACTGCAATGGACG-300.1.3,3,0.03926354,275,Neuroblast_ADF_AWB,ABalpppppa/ABpraaappa,300_minutes,270-330,275,Waterston_300_minutes
GTACTTTCAAGTAGTA-300.1.3,1,0.027472552,200,,ABalppppap/ABpraaapap,300_minutes,170-210,200,Waterston_300_minutes
GTCACGGCAATGAAAC-300.1.3,3,0.020695461,260,Neuroblast_ADF_AWB,ABalpppppa/ABpraaappa,300_minutes,210-270,260,Waterston_300_minutes
GTCATTTGTACAAGTA-300.1.3,3,0.03320263,245,,,300_minutes,210-270,245,Waterston_300_minutes
GTGCAGCCAGGAACGT-300.1.3,14,0.17734298,415,ADF,ABalpppppaa/ABpraaappaa,300_minutes,390-450,415,Waterston_300_minutes
GTGCAGCTCTATCCCG-300.1.3,8,0.066310115,270,Neuroblast_AFD_RMD,ABalpppapa/ABpraaaapa,300_minutes,270-330,270,Waterston_300_minutes
GTGCGGTTCTTAGCCC-300.1.3,7,0.052029207,300,ASG_AWA,,300_minutes,270-330,300,Waterston_300_minutes
GTGGGTCTCATGCAAC-300.1.3,9,0.14075063,320,ASE_parent,ABalppppppa/ABpraaapppa,300_minutes,270-330,320,Waterston_300_minutes
GTTAAGCAGGTGCACA-300.1.3,4,0.05902987,260,,,300_minutes,210-270,260,Waterston_300_minutes
GTTACAGTCTGATTCT-300.1.3,3,0.029572457,270,,,300_minutes,270-330,270,Waterston_300_minutes
GTTCGGGTCATGGTCA-300.1.3,12,0.2945299,345,ADL,ABalppppaad/ABpraaapaad,300_minutes,330-390,345,Waterston_300_minutes
GTTCTCGCAACAACCT-300.1.3,12,0.30289558,300,ADL_parent,ABalppppaa/ABpraaapaa,300_minutes,270-330,300,Waterston_300_minutes
GTTCTCGCAATCCGAT-300.1.3,1,0.03261381,185,,ABpxaapap,300_minutes,170-210,185,Waterston_300_minutes
GTTTCTACAACAACCT-300.1.3,3,0.014418668,260,Neuroblast_ADF_AWB,ABalpppppa/ABpraaappa,300_minutes,210-270,260,Waterston_300_minutes
TAAGAGACATGTTCCC-300.1.3,4,0.057054285,260,,,300_minutes,210-270,260,Waterston_300_minutes
TACAGTGCAATTCCTT-300.1.3,14,0.08286117,355,,,300_minutes,330-390,355,Waterston_300_minutes
TACAGTGTCTGAAAGA-300.1.3,4,0.058112904,210,,,300_minutes,210-270,210,Waterston_300_minutes
TACCTATTCCATGAGT-300.1.3,4,0.05836966,270,,,300_minutes,270-330,270,Waterston_300_minutes
TACCTTAAGACTTGAA-300.1.3,10,0.1396207,295,Neuroblast_ASJ_AUA,ABalppppppp/ABpraaapppp,300_minutes,270-330,295,Waterston_300_minutes
TACCTTAAGGCTAGAC-300.1.3,2,0.019226853,215,Neuroblast_ASE_ASJ_AUA,ABalpppppp/ABpraaappp,300_minutes,210-270,215,Waterston_300_minutes
TACCTTAGTCTGCGGT-300.1.3,12,0.29905996,300,ADL_parent,ABalppppaa/ABpraaapaa,300_minutes,270-330,300,Waterston_300_minutes
TACCTTAGTTCGAATC-300.1.3,1,0.029942775,200,,ABalppppap/ABpraaapap,300_minutes,170-210,200,Waterston_300_minutes
TACGGATAGCCAGTTT-300.1.3,1,0.032102343,185,,ABalppppap/ABpraaapap,300_minutes,170-210,185,Waterston_300_minutes
TACGGATCATGGATGG-300.1.3,8,0.061653666,270,Neuroblast_AFD_RMD,ABalpppapa/ABpraaaapa,300_minutes,270-330,270,Waterston_300_minutes
TACGGTAGTTCAACCA-300.1.3,9,0.139523,310,ASE_parent,ABalppppppa/ABpraaapppa,300_minutes,270-330,310,Waterston_300_minutes
TACTCGCCATCGGGTC-300.1.3,7,0.055482995,280,Neuroblast_ASG_AWA,ABpxaapapa,300_minutes,270-330,280,Waterston_300_minutes
TACTCGCTCGCCAGCA-300.1.3,8,0.02436802,220,,ABalpppapa/ABpraaaapa,300_minutes,210-270,220,Waterston_300_minutes
TACTTGTAGGGTCTCC-300.1.3,4,0.033768132,200,,,300_minutes,170-210,200,Waterston_300_minutes
TACTTGTGTTGTACAC-300.1.3,11,0.23100302,270,ADL_parent,ABalppppaa/ABpraaapaa,300_minutes,270-330,270,Waterston_300_minutes
TAGACCAGTCCCTACT-300.1.3,4,0.055188227,230,,,300_minutes,210-270,230,Waterston_300_minutes
TAGCCGGGTGCTCTTC-300.1.3,11,0.26054984,290,ADL_parent,ABalppppaa/ABpraaapaa,300_minutes,270-330,290,Waterston_300_minutes
TAGTGGTCATCGATTG-300.1.3,7,0.05000744,310,Neuroblast_ASG_AWA,ABpxaapapa,300_minutes,270-330,310,Waterston_300_minutes
TAGTGGTCATCGGTTA-300.1.3,11,0.3033983,300,ADL_parent,ABalppppaa/ABpraaapaa,300_minutes,270-330,300,Waterston_300_minutes
TAGTGGTTCCCAGGTG-300.1.3,13,0.08148562,345,ASH,ABpxpaappaa,300_minutes,330-390,345,Waterston_300_minutes
TAGTTGGCATCAGTCA-300.1.3,12,0.3160452,350,ADL,ABalppppaad/ABpraaapaad,300_minutes,330-390,350,Waterston_300_minutes
TATCAGGTCCCACTTG-300.1.3,9,0.2352069,390,ASE,ABalppppppaa/ABpraaapppaa,300_minutes,390-450,390,Waterston_300_minutes
TATCTCACAGTCCTTC-300.1.3,5,0.11007641,300,ASK_parent,ABalpppappp/ABpraaaappp,300_minutes,270-330,300,Waterston_300_minutes
TATTACCAGTGCTGCC-300.1.3,8,0.04892268,260,Neuroblast_AFD_RMD,ABalpppapa/ABpraaaapa,300_minutes,210-270,260,Waterston_300_minutes
TATTACCCACGGTGTC-300.1.3,4,0.062457472,260,,,300_minutes,210-270,260,Waterston_300_minutes
TCAACGAGTCGAACAG-300.1.3,13,0.113694,320,,,300_minutes,270-330,320,Waterston_300_minutes
TCAACGATCCTTTCTC-300.1.3,1,0.040904123,195,,ABalpppapp/ABpraaaapp,300_minutes,170-210,195,Waterston_300_minutes
TCAATCTTCCTGTAGA-300.1.3,4,0.048986938,225,,,300_minutes,210-270,225,Waterston_300_minutes
TCAGCAAAGTATCTCG-300.1.3,11,0.30625433,320,ADL_parent,ABalppppaa/ABpraaapaa,300_minutes,270-330,320,Waterston_300_minutes
TCAGCTCAGCCCTAAT-300.1.3,11,0.2617282,245,ADL_parent,ABalppppaa/ABpraaapaa,300_minutes,210-270,245,Waterston_300_minutes
TCAGCTCCACCGAAAG-300.1.3,3,0.01659815,260,,,300_minutes,210-270,260,Waterston_300_minutes
TCGTACCAGAGGTAGA-300.1.3,1,0.023461793,175,,,300_minutes,170-210,175,Waterston_300_minutes
TCGTAGAAGTGAAGTT-300.1.3,3,0.014789858,225,,ABpxpaappa,300_minutes,210-270,225,Waterston_300_minutes
TCGTAGACACTGTTAG-300.1.3,9,0.27836555,430,ASE,ABalppppppaa/ABpraaapppaa,300_minutes,390-450,430,Waterston_300_minutes
TCTATTGTCGGAAACG-300.1.3,0,0.24833778,345,AFD,ABalpppapav/ABpraaaapav,300_minutes,330-390,345,Waterston_300_minutes
TCTCATATCTGTCAAG-300.1.3,4,0.05746718,265,,,300_minutes,210-270,265,Waterston_300_minutes
TCTTTCCGTCGGATCC-300.1.3,1,0.02765148,170,,ABpxaapap,300_minutes,170-210,170,Waterston_300_minutes
TGAAAGACACGAAATA-300.1.3,4,0.043270994,230,,,300_minutes,210-270,230,Waterston_300_minutes
TGACAACGTATAATGG-300.1.3,14,0.104375154,365,ADF_AWB,,300_minutes,330-390,365,Waterston_300_minutes
TGACAACTCATGTCTT-300.1.3,5,0.103182584,290,ASK_parent,ABalpppappp/ABpraaaappp,300_minutes,270-330,290,Waterston_300_minutes
TGACGGCTCTACTTAC-300.1.3,2,0.031014036,175,,ABalpppppp/ABpraaappp,300_minutes,170-210,175,Waterston_300_minutes
TGACTAGGTCATATCG-300.1.3,4,0.05752081,260,,,300_minutes,210-270,260,Waterston_300_minutes
TGAGAGGAGTTACCCA-300.1.3,7,0.021069746,270,Neuroblast_ASG_AWA,ABpxaapapa,300_minutes,270-330,270,Waterston_300_minutes
TGAGGGAAGTGTTAGA-300.1.3,8,0.060438346,265,Neuroblast_AFD_RMD,ABalpppapa/ABpraaaapa,300_minutes,210-270,265,Waterston_300_minutes
TGAGGGACACATGTGT-300.1.3,1,0.02738429,170,,ABpxaapap,300_minutes,170-210,170,Waterston_300_minutes
TGCACCTGTACAAGTA-300.1.3,1,0.034264613,170,,ABalpppap/ABpraaaap,300_minutes,170-210,170,Waterston_300_minutes
TGCCCATTCTCGATGA-300.1.3,2,0.032733902,215,Neuroblast_ASE_ASJ_AUA,ABalpppppp/ABpraaappp,300_minutes,210-270,215,Waterston_300_minutes
TGCGCAGGTCCGAAGA-300.1.3,8,0.03970863,230,Neuroblast_AFD_RMD,ABalpppapa/ABpraaaapa,300_minutes,210-270,230,Waterston_300_minutes
TGCGTGGGTTGTGGAG-300.1.3,10,0.15161382,300,Neuroblast_ASJ_AUA,ABalppppppp/ABpraaapppp,300_minutes,270-330,300,Waterston_300_minutes
TGGCCAGCACTGTTAG-300.1.3,11,0.3082285,300,ADL_parent,ABalppppaa/ABpraaapaa,300_minutes,270-330,300,Waterston_300_minutes
TGGCGCACATTTGCTT-300.1.3,10,0.11956196,290,,,300_minutes,270-330,290,Waterston_300_minutes
TGGCGCAGTTTACTCT-300.1.3,1,0.03321157,170,,ABalpppap/ABpraaaap,300_minutes,170-210,170,Waterston_300_minutes
TGGCTGGTCGTTGACA-300.1.3,3,0.01927272,270,Neuroblast_ADF_AWB,ABalpppppa/ABpraaappa,300_minutes,270-330,270,Waterston_300_minutes
TGGGCGTTCACAGTAC-300.1.3,7,0.03331334,270,Neuroblast_ASG_AWA,ABpxaapapa,300_minutes,270-330,270,Waterston_300_minutes
TGGTTAGAGACCCACC-300.1.3,11,0.2956077,300,ADL_parent,ABalppppaa/ABpraaapaa,300_minutes,270-330,300,Waterston_300_minutes
TGTCCCAAGAAAGTGG-300.1.3,8,0.027970387,230,Neuroblast_AFD_RMD,ABalpppapa/ABpraaaapa,300_minutes,210-270,230,Waterston_300_minutes
TGTCCCACAAGCCATT-300.1.3,1,0.012190083,550,AWA,ABpxaapapaa,300_minutes,510-580,550,Waterston_300_minutes
TGTGGTAAGGTTCCTA-300.1.3,11,0.27754125,290,ADL_parent,ABalppppaa/ABpraaapaa,300_minutes,270-330,290,Waterston_300_minutes
TGTGGTACAATCACAC-300.1.3,3,0.022838777,260,,,300_minutes,210-270,260,Waterston_300_minutes
TTAGGCAGTATTCTCT-300.1.3,1,0.020611173,190,,ABalppppa/ABpraaapa,300_minutes,170-210,190,Waterston_300_minutes
TTAGTTCGTTGTCGCG-300.1.3,7,0.026986508,270,Neuroblast_ASG_AWA,ABpxaapapa,300_minutes,270-330,270,Waterston_300_minutes
TTCCCAGGTTCAGCGC-300.1.3,3,0.031795483,260,,,300_minutes,210-270,260,Waterston_300_minutes
TTCGGTCCAAGCGATG-300.1.3,12,0.29793233,320,ADL_parent,ABalppppaa/ABpraaapaa,300_minutes,270-330,320,Waterston_300_minutes
TTCGGTCCACGGCTAC-300.1.3,7,0.0218213,190,,ABpxaapap,300_minutes,170-210,190,Waterston_300_minutes
TTCTCAACATGAAGTA-300.1.3,3,0.044794835,280,Neuroblast_ADF_AWB,ABalpppppa/ABpraaappa,300_minutes,270-330,280,Waterston_300_minutes
TTCTTAGTCAATCTCT-300.1.3,7,0.057939168,350,ASG_AWA,,300_minutes,330-390,350,Waterston_300_minutes
TTGAACGCATAAGACA-300.1.3,7,0.02815583,270,Neuroblast_ASG_AWA,ABpxaapapa,300_minutes,270-330,270,Waterston_300_minutes
TTGTAGGTCTCCGGTT-300.1.3,2,0.028590633,185,,ABalpppppp/ABpraaappp,300_minutes,170-210,185,Waterston_300_minutes
TTTATGCTCTCTGTCG-300.1.3,1,0.030325204,190,,ABalppppa/ABpraaapa,300_minutes,170-210,190,Waterston_300_minutes
TTTCCTCTCAGAGACG-300.1.3,7,0.011352915,260,Neuroblast_ASG_AWA,ABpxaapapa,300_minutes,210-270,260,Waterston_300_minutes
TTTGGTTAGATCCCGC-300.1.3,14,0.06290871,300,Neuroblast_ADF_AWB,ABalpppppa/ABpraaappa,300_minutes,270-330,300,Waterston_300_minutes
AAACGGGGTGCCTGGT-400.2.1,1,0.03984066,180,,ABalppppa/ABpraaapa,400_minutes,170-210,180,Waterston_400_minutes
AAAGATGGTGGCTCCA-400.2.1,3,0.012620052,245,,,400_minutes,210-270,245,Waterston_400_minutes
AAAGCAATCGGTGTTA-400.2.1,2,0.035550397,215,Neuroblast_ASE_ASJ_AUA,ABalpppppp/ABpraaappp,400_minutes,210-270,215,Waterston_400_minutes
AAAGTAGCAGACACTT-400.2.1,15,0.09010694,340,ASI_parent,ABpxaapappp,400_minutes,330-390,340,Waterston_400_minutes
AAAGTAGGTTGGTAAA-400.2.1,13,0.13907713,380,ASH,ABpxpaappaa,400_minutes,330-390,380,Waterston_400_minutes
AAATGCCCAGGACGTA-400.2.1,2,0.02528439,200,Neuroblast_ASE_ASJ_AUA,ABalpppppp/ABpraaappp,400_minutes,170-210,200,Waterston_400_minutes
AAATGCCGTTATCGGT-400.2.1,13,0.19575761,390,ASH,ABpxpaappaa,400_minutes,390-450,390,Waterston_400_minutes
AACACGTCATGCAACT-400.2.1,14,0.097840115,365,ADF_AWB,,400_minutes,330-390,365,Waterston_400_minutes
AACACGTTCGGAAACG-400.2.1,0,0.70656425,700,AFD,ABalpppapav/ABpraaaapav,400_minutes,> 650,700,Waterston_400_minutes
AACCATGAGGGTATCG-400.2.1,4,0.04804932,245,,,400_minutes,210-270,245,Waterston_400_minutes
AACCGCGTCGTAGGAG-400.2.1,7,0.057251584,300,Neuroblast_ASG_AWA,ABpxaapapa,400_minutes,270-330,300,Waterston_400_minutes
AACTCAGTCCCATTTA-400.2.1,19,0.11415203,375,ASG_AWA,,400_minutes,330-390,375,Waterston_400_minutes
AACTGGTTCCGCAAGC-400.2.1,18,0.38344994,440,AWC,ABpxpaaaaap,400_minutes,390-450,440,Waterston_400_minutes
AACTGGTTCTAACTGG-400.2.1,11,0.18844113,200,,ABalppppaa/ABpraaapaa,400_minutes,170-210,200,Waterston_400_minutes
AAGACCTTCTTAGAGC-400.2.1,11,0.29031575,310,ADL_parent,ABalppppaa/ABpraaapaa,400_minutes,270-330,310,Waterston_400_minutes
AAGCCGCTCGTAGATC-400.2.1,4,0.09583008,260,,,400_minutes,210-270,260,Waterston_400_minutes
AAGGAGCCACATGACT-400.2.1,12,0.30270004,325,ADL_parent,ABalppppaa/ABpraaapaa,400_minutes,270-330,325,Waterston_400_minutes
AAGGCAGCAGCCTTTC-400.2.1,0,0.22735547,320,AFD,ABalpppapav/ABpraaaapav,400_minutes,270-330,320,Waterston_400_minutes
AAGGCAGCAGTGAGTG-400.2.1,9,0.12409362,360,ASE,ABalppppppaa/ABpraaapppaa,400_minutes,330-390,360,Waterston_400_minutes
AAGTCTGTCTCGTATT-400.2.1,1,0.020235064,205,,ABpxaapapp,400_minutes,170-210,205,Waterston_400_minutes
AATCCAGCACTGAAGG-400.2.1,9,0.15103242,350,ASE_parent,ABalppppppa/ABpraaapppa,400_minutes,330-390,350,Waterston_400_minutes
AATCCAGGTTACGACT-400.2.1,14,0.06789013,300,Neuroblast_ADF_AWB,ABalpppppa/ABpraaappa,400_minutes,270-330,300,Waterston_400_minutes
AATCCAGTCTGCAGTA-400.2.1,20,0.715201,500,ADL,ABalppppaad/ABpraaapaad,400_minutes,450-510,500,Waterston_400_minutes
ACACCCTAGTAGATGT-400.2.1,4,0.058059294,245,,,400_minutes,210-270,245,Waterston_400_minutes
ACACCGGTCGTAGATC-400.2.1,15,0.1177746,355,ASI_parent,ABpxaapappp,400_minutes,330-390,355,Waterston_400_minutes
ACACTGATCACGCGGT-400.2.1,13,0.11462002,350,ASH,ABpxpaappaa,400_minutes,330-390,350,Waterston_400_minutes
ACACTGATCAGTTCGA-400.2.1,12,0.3372332,380,ADL,ABalppppaad/ABpraaapaad,400_minutes,330-390,380,Waterston_400_minutes
ACAGCCGAGCCTATGT-400.2.1,4,0.06342318,295,,,400_minutes,270-330,295,Waterston_400_minutes
ACAGCCGGTGCTGTAT-400.2.1,4,0.043600313,260,,,400_minutes,210-270,260,Waterston_400_minutes
ACATACGAGGGCTTCC-400.2.1,3,0.05114814,280,,,400_minutes,270-330,280,Waterston_400_minutes
ACATACGGTGGGTATG-400.2.1,3,0.024363086,170,,ABalpppppp/ABpraaappp,400_minutes,170-210,170,Waterston_400_minutes
ACATACGTCTGTCCGT-400.2.1,9,0.12261818,300,ASE_parent,ABalppppppa/ABpraaapppa,400_minutes,270-330,300,Waterston_400_minutes
ACATCAGAGATATGGT-400.2.1,7,0.021190954,260,Neuroblast_ASG_AWA,ABpxaapapa,400_minutes,210-270,260,Waterston_400_minutes
ACATCAGGTTTGGCGC-400.2.1,13,0.13143976,350,ASH,ABpxpaappaa,400_minutes,330-390,350,Waterston_400_minutes
ACATGGTCATTAGGCT-400.2.1,15,0.10818013,320,ASI_parent,ABpxaapappp,400_minutes,270-330,320,Waterston_400_minutes
ACCCACTTCCTAGAAC-400.2.1,13,0.3248505,425,ASH,ABpxpaappaa,400_minutes,390-450,425,Waterston_400_minutes
ACCTTTAGTACGACCC-400.2.1,15,0.26891887,450,ASI,ABpxaapapppa,400_minutes,450-510,450,Waterston_400_minutes
ACGAGGACACGTCTCT-400.2.1,11,0.28749838,300,ADL_parent,ABalppppaa/ABpraaapaa,400_minutes,270-330,300,Waterston_400_minutes
ACGCAGCAGCGGATCA-400.2.1,4,0.0540702,265,,,400_minutes,210-270,265,Waterston_400_minutes
ACGCAGCCAAGTAATG-400.2.1,5,0.10457225,290,ASK_parent,ABalpppappp/ABpraaaappp,400_minutes,270-330,290,Waterston_400_minutes
ACGCAGCTCTTTAGGG-400.2.1,19,0.15730068,410,AWA,ABpxaapapaa,400_minutes,390-450,410,Waterston_400_minutes
ACGCCAGGTCCGTTAA-400.2.1,17,0.19082816,450,AWB,ABalpppppap/ABpraaappap,400_minutes,450-510,450,Waterston_400_minutes
ACGCCGAAGAAGGGTA-400.2.1,15,0.12091778,370,ASI_parent,ABpxaapappp,400_minutes,330-390,370,Waterston_400_minutes
ACGGAGACAAAGTCAA-400.2.1,3,0.039059427,270,Neuroblast_ADF_AWB,ABalpppppa/ABpraaappa,400_minutes,270-330,270,Waterston_400_minutes
ACGGAGAGTATAATGG-400.2.1,13,0.1957315,390,ASH,ABpxpaappaa,400_minutes,390-450,390,Waterston_400_minutes
ACGGCCAGTTCCACAA-400.2.1,3,0.040153265,260,,,400_minutes,210-270,260,Waterston_400_minutes
ACGGGTCGTGAAATCA-400.2.1,10,0.26970327,405,ASJ,ABalpppppppa/ABpraaappppa,400_minutes,390-450,405,Waterston_400_minutes
ACGGGTCGTGACGGTA-400.2.1,1,0.041417263,220,,ABalppppap/ABpraaapap,400_minutes,210-270,220,Waterston_400_minutes
ACGGGTCTCATCGGAT-400.2.1,3,0.036907595,280,Neuroblast_ADF_AWB,ABalpppppa/ABpraaappa,400_minutes,270-330,280,Waterston_400_minutes
ACGTCAACAAGAGTCG-400.2.1,0,0.33003575,390,AFD,ABalpppapav/ABpraaaapav,400_minutes,390-450,390,Waterston_400_minutes
ACGTCAATCACTATTC-400.2.1,10,0.2100365,340,Neuroblast_ASJ_AUA,ABalppppppp/ABpraaapppp,400_minutes,330-390,340,Waterston_400_minutes
ACTATCTTCTCGCTTG-400.2.1,12,0.31382483,405,ADL,ABalppppaad/ABpraaapaad,400_minutes,390-450,405,Waterston_400_minutes
ACTGAACTCCGCAGTG-400.2.1,23,0.289386,510,ASG,ABpxaapapap,400_minutes,510-580,510,Waterston_400_minutes
ACTGAGTTCTCATTCA-400.2.1,7,0.05222209,295,Neuroblast_ASG_AWA,ABpxaapapa,400_minutes,270-330,295,Waterston_400_minutes
ACTGATGCAACTGGCC-400.2.1,4,0.04551994,220,,,400_minutes,210-270,220,Waterston_400_minutes
ACTGCTCCAAGACGTG-400.2.1,19,0.23641467,450,AWA,ABpxaapapaa,400_minutes,450-510,450,Waterston_400_minutes
ACTGCTCGTAATTGGA-400.2.1,18,0.22475766,405,AWC,ABpxpaaaaap,400_minutes,390-450,405,Waterston_400_minutes
ACTGTCCCAATGCCAT-400.2.1,4,0.056998786,270,,,400_minutes,270-330,270,Waterston_400_minutes
ACTGTCCCAGCTTAAC-400.2.1,4,0.047216,220,,ABpxpaaaaa,400_minutes,210-270,220,Waterston_400_minutes
ACTGTCCCATCGGAAG-400.2.1,0,0.2641213,390,AFD,ABalpppapav/ABpraaaapav,400_minutes,390-450,390,Waterston_400_minutes
ACTTACTCAGCTGGCT-400.2.1,12,0.29674807,325,ADL_parent,ABalppppaa/ABpraaapaa,400_minutes,270-330,325,Waterston_400_minutes
ACTTGTTCAAGGGTCA-400.2.1,17,0.17049512,420,AWB,ABalpppppap/ABpraaappap,400_minutes,390-450,420,Waterston_400_minutes
ACTTTCACAGGCGATA-400.2.1,19,0.09661542,310,ASG_AWA,,400_minutes,270-330,310,Waterston_400_minutes
AGAGCTTTCCGTCATC-400.2.1,3,0.022284137,265,,,400_minutes,210-270,265,Waterston_400_minutes
AGAGCTTTCTTGACGA-400.2.1,3,0.03704862,275,Neuroblast_ADF_AWB,ABalpppppa/ABpraaappa,400_minutes,270-330,275,Waterston_400_minutes
AGAGTGGCAGGCAGTA-400.2.1,13,0.1715459,380,ASH,ABpxpaappaa,400_minutes,330-390,380,Waterston_400_minutes
AGATCTGGTATAGGTA-400.2.1,4,0.05063043,230,,ABpxpaaaaa,400_minutes,210-270,230,Waterston_400_minutes
AGATTGCCAAGCGATG-400.2.1,4,0.05440744,270,,,400_minutes,270-330,270,Waterston_400_minutes
AGCGGTCTCAAGATCC-400.2.1,15,0.12323649,360,ASI_parent,ABpxaapappp,400_minutes,330-390,360,Waterston_400_minutes
AGCGTATTCGGATGGA-400.2.1,3,0.05969496,295,Neuroblast_ADF_AWB,ABalpppppa/ABpraaappa,400_minutes,270-330,295,Waterston_400_minutes
AGCGTATTCTCCCTGA-400.2.1,10,0.24847353,405,ASJ,ABalpppppppa/ABpraaappppa,400_minutes,390-450,405,Waterston_400_minutes
AGCTCCTGTAACGTTC-400.2.1,19,0.10931314,350,ASG_AWA,,400_minutes,330-390,350,Waterston_400_minutes
AGCTCTCAGATCCCAT-400.2.1,3,0.031033626,280,Neuroblast_ADF_AWB,ABalpppppa/ABpraaappa,400_minutes,270-330,280,Waterston_400_minutes
AGCTCTCGTATCACCA-400.2.1,14,0.13435742,385,ADF_AWB,,400_minutes,330-390,385,Waterston_400_minutes
AGCTTGACAGTCCTTC-400.2.1,19,0.12583496,410,ASG_AWA,,400_minutes,390-450,410,Waterston_400_minutes
AGCTTGACATCCTAGA-400.2.1,11,0.26706594,270,ADL_parent,ABalppppaa/ABpraaapaa,400_minutes,270-330,270,Waterston_400_minutes
AGCTTGAGTACTCTCC-400.2.1,0,0.20378926,320,AFD,ABalpppapav/ABpraaaapav,400_minutes,270-330,320,Waterston_400_minutes
AGCTTGATCGCGGATC-400.2.1,0,0.24860685,360,AFD,ABalpppapav/ABpraaaapav,400_minutes,330-390,360,Waterston_400_minutes
AGGCCACCACACATGT-400.2.1,13,0.19372472,380,ASH,ABpxpaappaa,400_minutes,330-390,380,Waterston_400_minutes
AGGCCGTGTAATTGGA-400.2.1,14,0.14501809,390,AWB,ABalpppppap/ABpraaappap,400_minutes,390-450,390,Waterston_400_minutes
AGGCCGTGTTTGTGTG-400.2.1,9,0.14013317,320,ASE_parent,ABalppppppa/ABpraaapppa,400_minutes,270-330,320,Waterston_400_minutes
AGGGAGTAGAATTGTG-400.2.1,5,0.13523847,380,ASK_parent,ABalpppappp/ABpraaaappp,400_minutes,330-390,380,Waterston_400_minutes
AGGGTGATCGCCGTGA-400.2.1,3,0.032074008,270,Neuroblast_ADF_AWB,ABalpppppa/ABpraaappa,400_minutes,270-330,270,Waterston_400_minutes
AGGTCATAGACGCAAC-400.2.1,0,0.22554758,390,AFD,ABalpppapav/ABpraaaapav,400_minutes,390-450,390,Waterston_400_minutes
AGGTCCGCATCGGTTA-400.2.1,4,0.049063075,260,,,400_minutes,210-270,260,Waterston_400_minutes
AGTAGTCAGAGTAAGG-400.2.1,0,0.15907674,300,AFD,ABalpppapav/ABpraaaapav,400_minutes,270-330,300,Waterston_400_minutes
AGTAGTCCACTTAAGC-400.2.1,19,0.12566048,350,ASG_AWA,,400_minutes,330-390,350,Waterston_400_minutes
AGTCTTTGTGAGTGAC-400.2.1,10,0.16679622,320,Neuroblast_ASJ_AUA,ABalppppppp/ABpraaapppp,400_minutes,270-330,320,Waterston_400_minutes
AGTGAGGAGGTGTGGT-400.2.1,0,0.2189427,385,AFD,ABalpppapav/ABpraaaapav,400_minutes,330-390,385,Waterston_400_minutes
AGTGGGACAGCTGTTA-400.2.1,12,0.3493209,385,ADL,ABalppppaad/ABpraaapaad,400_minutes,330-390,385,Waterston_400_minutes
AGTGGGAGTTGTTTGG-400.2.1,18,0.13350289,290,,,400_minutes,270-330,290,Waterston_400_minutes
AGTGGGATCATCTGTT-400.2.1,5,0.14087789,340,ASK_parent,ABalpppappp/ABpraaaappp,400_minutes,330-390,340,Waterston_400_minutes
AGTGTCAAGCGATTCT-400.2.1,3,0.03505203,265,,,400_minutes,210-270,265,Waterston_400_minutes
AGTGTCAAGGCGATAC-400.2.1,13,0.59718263,670,ASH,ABpxpaappaa,400_minutes,> 650,670,Waterston_400_minutes
AGTGTCAGTCTTGCGG-400.2.1,3,0.010501854,200,,ABalpppppa/ABpraaappa,400_minutes,170-210,200,Waterston_400_minutes
ATCATCTAGCCAACAG-400.2.1,9,0.16143313,350,ASE_parent,ABalppppppa/ABpraaapppa,400_minutes,330-390,350,Waterston_400_minutes
ATCATCTGTCGTCTTC-400.2.1,11,0.26580238,300,ADL_parent,ABalppppaa/ABpraaapaa,400_minutes,270-330,300,Waterston_400_minutes
ATCCACCAGTAGATGT-400.2.1,9,0.13849238,300,ASE_parent,ABalppppppa/ABpraaapppa,400_minutes,270-330,300,Waterston_400_minutes
ATCCACCAGTGGTAGC-400.2.1,3,0.04336271,280,,,400_minutes,270-330,280,Waterston_400_minutes
ATCGAGTTCTCCCTGA-400.2.1,14,0.1124469,350,,,400_minutes,330-390,350,Waterston_400_minutes
ATCTACTTCGTCCAGG-400.2.1,3,0.021551913,270,,,400_minutes,270-330,270,Waterston_400_minutes
ATGGGAGAGAGATGAG-400.2.1,19,0.12057162,390,ASG_AWA,,400_minutes,390-450,390,Waterston_400_minutes
ATGGGAGAGGCTATCT-400.2.1,0,0.24160263,360,AFD,ABalpppapav/ABpraaaapav,400_minutes,330-390,360,Waterston_400_minutes
ATGGGAGAGGGTCTCC-400.2.1,2,0.04861634,260,Neuroblast_ASE_ASJ_AUA,ABalpppppp/ABpraaappp,400_minutes,210-270,260,Waterston_400_minutes
ATGTGTGGTAAACCTC-400.2.1,10,0.22591718,350,ASJ,ABalpppppppa/ABpraaappppa,400_minutes,330-390,350,Waterston_400_minutes
ATGTGTGTCTCAAACG-400.2.1,3,0.024711806,270,,,400_minutes,270-330,270,Waterston_400_minutes
ATGTGTGTCTCTTATG-400.2.1,20,0.7816403,620,ADL,ABalppppaad/ABpraaapaad,400_minutes,580-650,620,Waterston_400_minutes
ATTCTACCAAGAAGAG-400.2.1,12,0.31126413,370,ADL,ABalppppaad/ABpraaapaad,400_minutes,330-390,370,Waterston_400_minutes
ATTCTACTCGTTGCCT-400.2.1,1,0.009517254,175,,ABalaapppp/ABalapaapp,400_minutes,170-210,175,Waterston_400_minutes
ATTGGACCAGGAACGT-400.2.1,10,0.10059387,295,ASE_parent,ABalppppppa/ABpraaapppa,400_minutes,270-330,295,Waterston_400_minutes
ATTTCTGTCTCGATGA-400.2.1,15,0.27276966,450,ASI,ABpxaapapppa,400_minutes,450-510,450,Waterston_400_minutes
CAACCAAAGGCATTGG-400.2.1,14,0.075537354,300,Neuroblast_ADF_AWB,ABalpppppa/ABpraaappa,400_minutes,270-330,300,Waterston_400_minutes
CAACCAATCGTGGGAA-400.2.1,3,0.06016277,285,,,400_minutes,270-330,285,Waterston_400_minutes
CAACCTCGTGATAAAC-400.2.1,18,0.2365742,405,AWC,ABpxpaaaaap,400_minutes,390-450,405,Waterston_400_minutes
CAACTAGGTCGTGGCT-400.2.1,7,0.045780722,280,Neuroblast_ASG_AWA,ABpxaapapa,400_minutes,270-330,280,Waterston_400_minutes
CAAGAAAAGTGTTAGA-400.2.1,4,0.057797305,270,,,400_minutes,270-330,270,Waterston_400_minutes
CAAGAAAGTTACCAGT-400.2.1,13,0.19712998,390,ASH,ABpxpaappaa,400_minutes,390-450,390,Waterston_400_minutes
CAAGAAAGTTAGGGTG-400.2.1,3,0.013267828,260,Neuroblast_ADF_AWB,ABalpppppa/ABpraaappa,400_minutes,210-270,260,Waterston_400_minutes
CAAGTTGCAGGCTGAA-400.2.1,19,0.23189394,550,AWA,ABpxaapapaa,400_minutes,510-580,550,Waterston_400_minutes
CAAGTTGGTTGTTTGG-400.2.1,7,0.05891268,320,ASG_AWA,,400_minutes,270-330,320,Waterston_400_minutes
CACAAACAGTAGCCGA-400.2.1,4,0.041569285,230,,ABalppappa/ABarappppa,400_minutes,210-270,230,Waterston_400_minutes
CACAAACTCGATAGAA-400.2.1,18,0.44924662,585,AWC,ABpxpaaaaap,400_minutes,580-650,585,Waterston_400_minutes
CACACAAGTCCGAGTC-400.2.1,18,0.33045134,415,AWC,ABpxpaaaaap,400_minutes,390-450,415,Waterston_400_minutes
CACAGGCAGGCAGGTT-400.2.1,15,0.077021606,290,,ABpxaapapp,400_minutes,270-330,290,Waterston_400_minutes
CACAGGCTCCCTCAGT-400.2.1,2,0.03159984,185,,,400_minutes,170-210,185,Waterston_400_minutes
CACATAGTCACTTATC-400.2.1,13,0.1879311,380,ASH,ABpxpaappaa,400_minutes,330-390,380,Waterston_400_minutes
CACATAGTCATTGCCC-400.2.1,18,0.5121138,435,AWC,ABpxpaaaaap,400_minutes,390-450,435,Waterston_400_minutes
CACATTTAGTTTAGGA-400.2.1,7,0.03444842,285,Neuroblast_ASG_AWA,ABpxaapapa,400_minutes,270-330,285,Waterston_400_minutes
CACATTTCAGCCTATA-400.2.1,11,0.24014767,200,,,400_minutes,170-210,200,Waterston_400_minutes
CACATTTGTCAGAGGT-400.2.1,19,0.12132447,385,ASG_AWA,,400_minutes,330-390,385,Waterston_400_minutes
CACCACTAGTACCGGA-400.2.1,18,0.67594045,700,AWC,ABpxpaaaaap,400_minutes,> 650,700,Waterston_400_minutes
CACCAGGCACGGTAGA-400.2.1,9,0.2842348,450,ASE,ABalppppppaa/ABpraaapppaa,400_minutes,450-510,450,Waterston_400_minutes
CACTCCACACCTCGGA-400.2.1,13,0.25230688,405,ASH,ABpxpaappaa,400_minutes,390-450,405,Waterston_400_minutes
CAGAGAGAGCCAGAAC-400.2.1,2,0.029117594,215,Neuroblast_ASE_ASJ_AUA,ABalpppppp/ABpraaappp,400_minutes,210-270,215,Waterston_400_minutes
CAGAGAGCACATGTGT-400.2.1,10,0.22056131,350,ASJ,ABalpppppppa/ABpraaappppa,400_minutes,330-390,350,Waterston_400_minutes
CAGAGAGTCCAAGCCG-400.2.1,9,0.23500255,410,ASE,ABalppppppaa/ABpraaapppaa,400_minutes,390-450,410,Waterston_400_minutes
CAGATCAAGAGCTTCT-400.2.1,18,0.20337667,400,AWC,ABpxpaaaaap,400_minutes,390-450,400,Waterston_400_minutes
CAGCAGCCATCACGAT-400.2.1,9,0.15249772,365,ASE_parent,ABalppppppa/ABpraaapppa,400_minutes,330-390,365,Waterston_400_minutes
CAGCAGCGTGTCAATC-400.2.1,12,0.28749868,350,ADL,ABalppppaad/ABpraaapaad,400_minutes,330-390,350,Waterston_400_minutes
CAGCAGCGTTTGTTTC-400.2.1,12,0.46953073,450,ADL,ABalppppaad/ABpraaapaad,400_minutes,450-510,450,Waterston_400_minutes
CAGCATACACCAGGTC-400.2.1,1,0.03847242,175,,ABalppppa/ABpraaapa,400_minutes,170-210,175,Waterston_400_minutes
CAGCATAGTGCCTGGT-400.2.1,6,0.036351644,205,,,400_minutes,170-210,205,Waterston_400_minutes
CAGCCGAGTAGGGTAC-400.2.1,3,0.016853336,230,,,400_minutes,210-270,230,Waterston_400_minutes
CAGCCGATCTCTAAGG-400.2.1,9,0.23492488,405,ASE,ABalppppppaa/ABpraaapppaa,400_minutes,390-450,405,Waterston_400_minutes
CAGCGACTCAGCACAT-400.2.1,10,0.17107722,325,Neuroblast_ASJ_AUA,ABalppppppp/ABpraaapppp,400_minutes,270-330,325,Waterston_400_minutes
CAGCGACTCAGTTCGA-400.2.1,18,0.2752894,415,AWC,ABpxpaaaaap,400_minutes,390-450,415,Waterston_400_minutes
CAGCTAAAGTGCGATG-400.2.1,11,0.113252334,190,,ABalppppaa/ABpraaapaa,400_minutes,170-210,190,Waterston_400_minutes
CAGCTGGCACCATGTA-400.2.1,17,0.17134416,450,AWB,ABalpppppap/ABpraaappap,400_minutes,450-510,450,Waterston_400_minutes
CAGCTGGGTTACGTCA-400.2.1,3,0.016363205,260,Neuroblast_ADF_AWB,ABalpppppa/ABpraaappa,400_minutes,210-270,260,Waterston_400_minutes
CAGCTGGTCCTCATTA-400.2.1,1,0.024036646,170,,,400_minutes,170-210,170,Waterston_400_minutes
CAGGTGCCAAACGTGG-400.2.1,19,0.12233677,385,AWA,ABpxaapapaa,400_minutes,330-390,385,Waterston_400_minutes
CAGGTGCTCGGTCTAA-400.2.1,5,0.098015256,295,,,400_minutes,270-330,295,Waterston_400_minutes
CAGTAACGTCGAGATG-400.2.1,9,0.13681778,320,ASE_parent,ABalppppppa/ABpraaapppa,400_minutes,270-330,320,Waterston_400_minutes
CAGTCCTTCAAACCGT-400.2.1,1,0.010336337,190,,ABalpppap/ABpraaaap,400_minutes,170-210,190,Waterston_400_minutes
CATATGGCATCGGTTA-400.2.1,13,0.23563404,370,ASH,ABpxpaappaa,400_minutes,330-390,370,Waterston_400_minutes
CATATTCCACCGATAT-400.2.1,19,0.1260375,390,ASG_AWA,,400_minutes,390-450,390,Waterston_400_minutes
CATATTCCACGGTAAG-400.2.1,19,0.16036537,420,AWA,ABpxaapapaa,400_minutes,390-450,420,Waterston_400_minutes
CATCAGAAGGGTATCG-400.2.1,4,0.05281594,245,,,400_minutes,210-270,245,Waterston_400_minutes
CATCAGACAATTCCTT-400.2.1,19,0.20177348,470,AWA,ABpxaapapaa,400_minutes,450-510,470,Waterston_400_minutes
CATCCACAGGCCGAAT-400.2.1,9,0.15347907,350,ASE_parent,ABalppppppa/ABpraaapppa,400_minutes,330-390,350,Waterston_400_minutes
CATCGAAAGTTATCGC-400.2.1,0,0.43941638,425,AFD,ABalpppapav/ABpraaaapav,400_minutes,390-450,425,Waterston_400_minutes
CATCGGGTCAGTTGAC-400.2.1,18,0.23367643,410,AWC,ABpxpaaaaap,400_minutes,390-450,410,Waterston_400_minutes
CATGACAGTGAAAGAG-400.2.1,13,0.09002802,345,ASH,ABpxpaappaa,400_minutes,330-390,345,Waterston_400_minutes
CATGCCTAGCGATTCT-400.2.1,0,0.2989531,390,AFD,ABalpppapav/ABpraaaapav,400_minutes,390-450,390,Waterston_400_minutes
CATGCCTCAGCGTCCA-400.2.1,19,0.1431995,410,ASG_AWA,,400_minutes,390-450,410,Waterston_400_minutes
CATGCCTGTCGAGTTT-400.2.1,23,0.34963512,640,ASG,ABpxaapapap,400_minutes,580-650,640,Waterston_400_minutes
CATTATCCAAATTGCC-400.2.1,23,0.24280639,490,ASG,ABpxaapapap,400_minutes,450-510,490,Waterston_400_minutes
CATTATCCATAGACTC-400.2.1,18,0.34055933,450,AWC,ABpxpaaaaap,400_minutes,450-510,450,Waterston_400_minutes
CATTATCGTTTCCACC-400.2.1,21,0.4858599,490,ASK,ABalpppapppa/ABpraaaapppa,400_minutes,450-510,490,Waterston_400_minutes
CATTCGCAGGCATGTG-400.2.1,18,0.29553813,425,AWC,ABpxpaaaaap,400_minutes,390-450,425,Waterston_400_minutes
CATTCGCAGGTGCTAG-400.2.1,0,0.30348763,405,AFD,ABalpppapav/ABpraaaapav,400_minutes,390-450,405,Waterston_400_minutes
CATTCGCCAAAGTGCG-400.2.1,4,0.062411353,245,,,400_minutes,210-270,245,Waterston_400_minutes
CATTCGCCAAGCCTAT-400.2.1,5,0.102735616,290,ASK_parent,ABalpppappp/ABpraaaappp,400_minutes,270-330,290,Waterston_400_minutes
CATTCGCCAGAGTGTG-400.2.1,8,0.060058318,295,Neuroblast_AFD_RMD,ABalpppapa/ABpraaaapa,400_minutes,270-330,295,Waterston_400_minutes
CCACCTACAATCCGAT-400.2.1,15,0.20385762,450,ASI,ABpxaapapppa,400_minutes,450-510,450,Waterston_400_minutes
CCACGGAGTGTGCGTC-400.2.1,13,0.17083073,380,ASH,ABpxpaappaa,400_minutes,330-390,380,Waterston_400_minutes
CCACTACCACAGCGTC-400.2.1,1,0.03410769,190,,ABalppppa/ABpraaapa,400_minutes,170-210,190,Waterston_400_minutes
CCACTACTCACATACG-400.2.1,1,0.039349906,170,,ABalpppap/ABpraaaap,400_minutes,170-210,170,Waterston_400_minutes
CCAGCGACATTGGCGC-400.2.1,8,0.044215247,260,Neuroblast_AFD_RMD,ABalpppapa/ABpraaaapa,400_minutes,210-270,260,Waterston_400_minutes
CCAGCGATCGGAATCT-400.2.1,1,0.031676736,190,,,400_minutes,170-210,190,Waterston_400_minutes
CCAGCGATCTCTTGAT-400.2.1,14,0.095926896,345,ADF_AWB,,400_minutes,330-390,345,Waterston_400_minutes
CCATGTCCAGGGAGAG-400.2.1,5,0.099246375,290,ASK_parent,ABalpppappp/ABpraaaappp,400_minutes,270-330,290,Waterston_400_minutes
CCATGTCGTCAAACTC-400.2.1,24,0.5770451,550,ASJ,ABalpppppppa/ABpraaappppa,400_minutes,510-580,550,Waterston_400_minutes
CCATTCGAGCCGATTT-400.2.1,14,0.08823104,350,ADF_AWB,,400_minutes,330-390,350,Waterston_400_minutes
CCATTCGGTGCTGTAT-400.2.1,2,0.04534231,200,,ABalpppppp/ABpraaappp,400_minutes,170-210,200,Waterston_400_minutes
CCCAATCTCGTACGGC-400.2.1,9,0.18219517,365,ASE,ABalppppppaa/ABpraaapppaa,400_minutes,330-390,365,Waterston_400_minutes
CCCAGTTAGACTTGAA-400.2.1,7,0.040512633,300,Neuroblast_ASG_AWA,ABpxaapapa,400_minutes,270-330,300,Waterston_400_minutes
CCGGGATTCACTTACT-400.2.1,4,0.040712662,225,,ABalppappa/ABarappppa,400_minutes,210-270,225,Waterston_400_minutes
CCGGTAGCACAGACTT-400.2.1,13,0.41583073,500,ASH,ABpxpaappaa,400_minutes,450-510,500,Waterston_400_minutes
CCGGTAGGTGAGGCTA-400.2.1,1,0.009978393,170,,,400_minutes,170-210,170,Waterston_400_minutes
CCGTACTAGAGAACAG-400.2.1,3,0.019437257,265,Neuroblast_ADF_AWB,ABalpppppa/ABpraaappa,400_minutes,210-270,265,Waterston_400_minutes
CCGTACTAGTTCGATC-400.2.1,18,0.19433434,360,AWC,ABpxpaaaaap,400_minutes,330-390,360,Waterston_400_minutes
CCGTACTTCTATCCCG-400.2.1,19,0.12463669,385,ASG_AWA,,400_minutes,330-390,385,Waterston_400_minutes
CCGTGGAGTATCTGCA-400.2.1,13,0.21228336,380,ASH,ABpxpaappaa,400_minutes,330-390,380,Waterston_400_minutes
CCGTTCAGTTCCGTCT-400.2.1,3,0.036802296,270,Neuroblast_ADF_AWB,ABalpppppa/ABpraaappa,400_minutes,270-330,270,Waterston_400_minutes
CCTACACCATTGCGGC-400.2.1,1,0.05333388,180,,,400_minutes,170-210,180,Waterston_400_minutes
CCTACACGTTCATGGT-400.2.1,7,0.04754302,300,Neuroblast_ASG_AWA,ABpxaapapa,400_minutes,270-330,300,Waterston_400_minutes
CCTACACTCGCACTCT-400.2.1,19,0.16141339,425,AWA,ABpxaapapaa,400_minutes,390-450,425,Waterston_400_minutes
CCTACACTCTTGTCAT-400.2.1,13,0.18958414,380,ASH,ABpxpaappaa,400_minutes,330-390,380,Waterston_400_minutes
CCTACCAGTACGAAAT-400.2.1,11,0.23653468,275,ADL_parent,ABalppppaa/ABpraaapaa,400_minutes,270-330,275,Waterston_400_minutes
CCTACCATCTAACTGG-400.2.1,11,0.24620025,265,ADL_parent,ABalppppaa/ABpraaapaa,400_minutes,210-270,265,Waterston_400_minutes
CCTATTATCTCTTGAT-400.2.1,1,0.04452114,190,,ABpxaapap,400_minutes,170-210,190,Waterston_400_minutes
CCTCAGTAGCAGCCTC-400.2.1,1,0.021648169,175,,ABpxaapap,400_minutes,170-210,175,Waterston_400_minutes
CCTCAGTAGTGCGTGA-400.2.1,3,0.035122808,260,,,400_minutes,210-270,260,Waterston_400_minutes
CCTCAGTTCAGGCAAG-400.2.1,4,0.01916624,180,,,400_minutes,170-210,180,Waterston_400_minutes
CCTTCCCGTGGCCCTA-400.2.1,9,0.13525319,300,ASE_parent,ABalppppppa/ABpraaapppa,400_minutes,270-330,300,Waterston_400_minutes
CCTTCGACATAGGATA-400.2.1,1,0.032514777,190,,ABpxaapap,400_minutes,170-210,190,Waterston_400_minutes
CCTTCGAGTATGCTTG-400.2.1,13,0.17141463,380,ASH,ABpxpaappaa,400_minutes,330-390,380,Waterston_400_minutes
CGAACATGTAGCGTGA-400.2.1,9,0.1309802,320,ASE_parent,ABalppppppa/ABpraaapppa,400_minutes,270-330,320,Waterston_400_minutes
CGAACATTCTCAAGTG-400.2.1,19,0.14194418,405,ASG_AWA,,400_minutes,390-450,405,Waterston_400_minutes
CGACTTCAGTAGATGT-400.2.1,20,0.7996157,550,ADL,ABalppppaad/ABpraaapaad,400_minutes,510-580,550,Waterston_400_minutes
CGACTTCAGTCGCCGT-400.2.1,4,0.04828624,230,,,400_minutes,210-270,230,Waterston_400_minutes
CGAGAAGTCCGCAAGC-400.2.1,2,0.03840367,260,Neuroblast_ASE_ASJ_AUA,ABalpppppp/ABpraaappp,400_minutes,210-270,260,Waterston_400_minutes
CGAGCACGTACAGTTC-400.2.1,4,0.057441626,245,,,400_minutes,210-270,245,Waterston_400_minutes
CGAGCACTCCTAGAAC-400.2.1,12,0.3362432,380,ADL,ABalppppaad/ABpraaapaad,400_minutes,330-390,380,Waterston_400_minutes
CGAGCCAAGGTCATCT-400.2.1,4,0.020995492,170,,,400_minutes,170-210,170,Waterston_400_minutes
CGATCGGGTGCTTCTC-400.2.1,11,0.29059163,300,ADL_parent,ABalppppaa/ABpraaapaa,400_minutes,270-330,300,Waterston_400_minutes
CGATGGCAGATCCGAG-400.2.1,1,0.02749256,195,,ABalpppap/ABpraaaap,400_minutes,170-210,195,Waterston_400_minutes
CGATGGCAGGTGATTA-400.2.1,19,0.091728605,350,ASH,ABpxpaappaa,400_minutes,330-390,350,Waterston_400_minutes
CGATGTACAAGTTAAG-400.2.1,12,0.41253725,450,ADL,ABalppppaad/ABpraaapaad,400_minutes,450-510,450,Waterston_400_minutes
CGATGTAGTATGAAAC-400.2.1,2,0.03289793,245,Neuroblast_ASE_ASJ_AUA,ABalpppppp/ABpraaappp,400_minutes,210-270,245,Waterston_400_minutes
CGATGTATCAAGGCTT-400.2.1,3,0.010300964,260,Neuroblast_ASG_AWA,ABpxaapapa,400_minutes,210-270,260,Waterston_400_minutes
CGATGTATCTTTCCTC-400.2.1,5,0.098497316,270,ASK_parent,ABalpppappp/ABpraaaappp,400_minutes,270-330,270,Waterston_400_minutes
CGCGTTTGTCACACGC-400.2.1,19,0.118408285,385,ASG,ABpxaapapap,400_minutes,330-390,385,Waterston_400_minutes
CGCGTTTTCACCTCGT-400.2.1,2,0.045633733,260,Neuroblast_ASE_ASJ_AUA,ABalpppppp/ABpraaappp,400_minutes,210-270,260,Waterston_400_minutes
CGGACACCAATAGAGT-400.2.1,18,0.30589402,425,AWC,ABpxpaaaaap,400_minutes,390-450,425,Waterston_400_minutes
CGGACGTAGGTGATTA-400.2.1,4,0.04356754,260,,,400_minutes,210-270,260,Waterston_400_minutes
CGGACTGAGACGCTTT-400.2.1,14,0.1562912,400,ADF_AWB,,400_minutes,390-450,400,Waterston_400_minutes
CGGACTGTCTGGTGTA-400.2.1,19,0.17637254,450,ASG,ABpxaapapap,400_minutes,450-510,450,Waterston_400_minutes
CGGAGTCAGTCAAGGC-400.2.1,8,0.07174482,300,Neuroblast_AFD_RMD,ABalpppapa/ABpraaaapa,400_minutes,270-330,300,Waterston_400_minutes
CGGAGTCCACACATGT-400.2.1,7,0.009858596,230,,,400_minutes,210-270,230,Waterston_400_minutes
CGGCTAGCAGCTGTTA-400.2.1,10,0.2532825,380,ASJ,ABalpppppppa/ABpraaappppa,400_minutes,330-390,380,Waterston_400_minutes
CGGGTCACATCGATTG-400.2.1,0,0.59241515,530,AFD,ABalpppapav/ABpraaaapav,400_minutes,510-580,530,Waterston_400_minutes
CGTAGCGTCATTATCC-400.2.1,9,0.28901792,450,ASE,ABalppppppaa/ABpraaapppaa,400_minutes,450-510,450,Waterston_400_minutes
CGTCACTAGTGACTCT-400.2.1,19,0.17840146,435,ASG,ABpxaapapap,400_minutes,390-450,435,Waterston_400_minutes
CGTCTACCACGAAGCA-400.2.1,19,0.1291998,390,ASG_AWA,,400_minutes,390-450,390,Waterston_400_minutes
CGTGTAACAAGCGTAG-400.2.1,5,0.12171072,350,ASK_parent,ABalpppappp/ABpraaaappp,400_minutes,330-390,350,Waterston_400_minutes
CGTTCTGAGACTAAGT-400.2.1,10,0.1756993,345,Neuroblast_ASJ_AUA,ABalppppppp/ABpraaapppp,400_minutes,330-390,345,Waterston_400_minutes
CGTTCTGCACCAGATT-400.2.1,9,0.1143478,310,ASE_parent,ABalppppppa/ABpraaapppa,400_minutes,270-330,310,Waterston_400_minutes
CTAACTTAGGATCGCA-400.2.1,17,0.17188624,415,AWB,ABalpppppap/ABpraaappap,400_minutes,390-450,415,Waterston_400_minutes
CTAAGACGTAGGCTGA-400.2.1,0,0.23507446,360,AFD,ABalpppapav/ABpraaaapav,400_minutes,330-390,360,Waterston_400_minutes
CTAATGGCATTTGCTT-400.2.1,4,0.02954853,230,,ABalppappa/ABarappppa,400_minutes,210-270,230,Waterston_400_minutes
CTACACCAGCTGCGAA-400.2.1,10,0.15311223,320,Neuroblast_ASJ_AUA,ABalppppppp/ABpraaapppp,400_minutes,270-330,320,Waterston_400_minutes
CTACATTTCAGAGACG-400.2.1,15,0.05645666,300,ASI_parent,ABpxaapappp,400_minutes,270-330,300,Waterston_400_minutes
CTACCCAAGCCACTAT-400.2.1,13,0.14250721,350,ASH,ABpxpaappaa,400_minutes,330-390,350,Waterston_400_minutes
CTACCCAAGCCCAGCT-400.2.1,4,0.04359534,260,,,400_minutes,210-270,260,Waterston_400_minutes
CTACCCACAGGTCGTC-400.2.1,5,0.11341953,320,ASK_parent,ABalpppappp/ABpraaaappp,400_minutes,270-330,320,Waterston_400_minutes
CTACCCATCTTCTGGC-400.2.1,15,0.13728298,360,ASI_parent,ABpxaapappp,400_minutes,330-390,360,Waterston_400_minutes
CTACGTCGTACGCACC-400.2.1,18,0.14863434,350,AWC,ABpxpaaaaap,400_minutes,330-390,350,Waterston_400_minutes
CTACGTCGTAGGACAC-400.2.1,10,0.1411419,320,Neuroblast_ASJ_AUA,ABalppppppp/ABpraaapppp,400_minutes,270-330,320,Waterston_400_minutes
CTACGTCGTATGAAAC-400.2.1,4,0.027646901,200,,ABpxpaaaa,400_minutes,170-210,200,Waterston_400_minutes
CTAGAGTAGAGGTAGA-400.2.1,13,0.13729797,350,ASH,ABpxpaappaa,400_minutes,330-390,350,Waterston_400_minutes
CTAGCCTTCTGCAAGT-400.2.1,5,0.10952915,290,ASK_parent,ABalpppappp/ABpraaaappp,400_minutes,270-330,290,Waterston_400_minutes
CTCAGAAAGACATAAC-400.2.1,18,0.16244939,370,ASG_AWA,,400_minutes,330-390,370,Waterston_400_minutes
CTCAGAAGTTACGGAG-400.2.1,18,0.5647244,550,AWC,ABpxpaaaaap,400_minutes,510-580,550,Waterston_400_minutes
CTCCTAGTCGGCTTGG-400.2.1,9,0.1559346,350,ASE_parent,ABalppppppa/ABpraaapppa,400_minutes,330-390,350,Waterston_400_minutes
CTCCTAGTCTTGTTTG-400.2.1,18,0.22441821,415,AWC,ABpxpaaaaap,400_minutes,390-450,415,Waterston_400_minutes
CTCGAAACAAGGTGTG-400.2.1,9,0.13928865,310,ASE_parent,ABalppppppa/ABpraaapppa,400_minutes,270-330,310,Waterston_400_minutes
CTCGAAACAGCCAGAA-400.2.1,9,0.20304932,380,ASE,ABalppppppaa/ABpraaapppaa,400_minutes,330-390,380,Waterston_400_minutes
CTCGAAAGTTCGCGAC-400.2.1,9,0.33196908,470,ASE,ABalppppppaa/ABpraaapppaa,400_minutes,450-510,470,Waterston_400_minutes
CTCGAGGCATTCGACA-400.2.1,2,0.07184904,350,ADF_AWB,,400_minutes,330-390,350,Waterston_400_minutes
CTCGGAGAGTTCGCAT-400.2.1,11,0.07005378,230,,,400_minutes,210-270,230,Waterston_400_minutes
CTCGGAGGTCCGAATT-400.2.1,15,0.095329896,310,ASI_parent,ABpxaapappp,400_minutes,270-330,310,Waterston_400_minutes
CTCGGAGTCAACCAAC-400.2.1,19,0.14771321,405,ASG_AWA,,400_minutes,390-450,405,Waterston_400_minutes
CTCGTACAGCGACGTA-400.2.1,14,0.098073445,350,ADF_AWB,,400_minutes,330-390,350,Waterston_400_minutes
CTCGTCAGTATAGGTA-400.2.1,4,0.04375899,260,,,400_minutes,210-270,260,Waterston_400_minutes
CTCGTCATCATGTCCC-400.2.1,5,0.19995281,390,ASK,ABalpppapppa/ABpraaaapppa,400_minutes,390-450,390,Waterston_400_minutes
CTCTACGCATGTAAGA-400.2.1,10,0.14263727,320,Neuroblast_ASJ_AUA,ABalppppppp/ABpraaapppp,400_minutes,270-330,320,Waterston_400_minutes
CTCTGGTCACCGTTGG-400.2.1,1,0.033274077,190,,ABalppppap/ABpraaapap,400_minutes,170-210,190,Waterston_400_minutes
CTCTGGTGTTCAGGCC-400.2.1,10,0.14747997,300,Neuroblast_ASJ_AUA,ABalppppppp/ABpraaapppp,400_minutes,270-330,300,Waterston_400_minutes
CTCTGGTGTTCGCTAA-400.2.1,15,0.14282647,380,ASI_parent,ABpxaapappp,400_minutes,330-390,380,Waterston_400_minutes
CTGAAACTCACCCTCA-400.2.1,10,0.21432252,350,ASJ,ABalpppppppa/ABpraaappppa,400_minutes,330-390,350,Waterston_400_minutes
CTGATAGTCTGTGCAA-400.2.1,19,0.17629829,440,ASG,ABpxaapapap,400_minutes,390-450,440,Waterston_400_minutes
CTGATCCCAAGGTTTC-400.2.1,12,0.29940894,320,ADL_parent,ABalppppaa/ABpraaapaa,400_minutes,270-330,320,Waterston_400_minutes
CTGCCTAGTAGAAAGG-400.2.1,7,0.027154652,260,Neuroblast_ASG_AWA,ABpxaapapa,400_minutes,210-270,260,Waterston_400_minutes
CTGCCTAGTATCTGCA-400.2.1,1,0.026574582,170,,ABalpppppp/ABpraaappp,400_minutes,170-210,170,Waterston_400_minutes
CTGCGGATCGTGGTCG-400.2.1,4,0.03606418,260,,,400_minutes,210-270,260,Waterston_400_minutes
CTGCTGTAGCTAGTGG-400.2.1,14,0.16576773,390,ADF_AWB,,400_minutes,390-450,390,Waterston_400_minutes
CTGCTGTCATGGTCAT-400.2.1,4,0.060406055,265,,,400_minutes,210-270,265,Waterston_400_minutes
CTGCTGTGTCACAAGG-400.2.1,13,0.28149894,400,ASH,ABpxpaappaa,400_minutes,390-450,400,Waterston_400_minutes
CTGGTCTAGCCACTAT-400.2.1,2,0.039754666,210,Neuroblast_ASE_ASJ_AUA,ABalpppppp/ABpraaappp,400_minutes,210-270,210,Waterston_400_minutes
CTGGTCTAGCTAGCCC-400.2.1,9,0.31201622,450,ASE,ABalppppppaa/ABpraaapppaa,400_minutes,450-510,450,Waterston_400_minutes
CTGGTCTCATGCCCGA-400.2.1,15,0.11753457,360,ASI_parent,ABpxaapappp,400_minutes,330-390,360,Waterston_400_minutes
CTGGTCTCATTGCGGC-400.2.1,10,0.2674479,405,ASJ,ABalpppppppa/ABpraaappppa,400_minutes,390-450,405,Waterston_400_minutes
CTGTGCTTCTCCAACC-400.2.1,14,0.15687029,410,ADF_AWB,,400_minutes,390-450,410,Waterston_400_minutes
CTGTTTAGTCCGTCAG-400.2.1,3,0.054237165,275,,,400_minutes,270-330,275,Waterston_400_minutes
CTGTTTATCCCATTTA-400.2.1,12,0.32381496,350,ADL,ABalppppaad/ABpraaapaad,400_minutes,330-390,350,Waterston_400_minutes
CTTACCGAGCCAGGAT-400.2.1,1,0.015671272,200,,ABpxaapapp,400_minutes,170-210,200,Waterston_400_minutes
CTTACCGCAGACGCTC-400.2.1,14,0.06662254,295,Neuroblast_ADF_AWB,ABalpppppa/ABpraaappa,400_minutes,270-330,295,Waterston_400_minutes
CTTCTCTCAGAGCCAA-400.2.1,4,0.05443441,260,,,400_minutes,210-270,260,Waterston_400_minutes
CTTCTCTCATAACCTG-400.2.1,18,0.29254654,415,AWC,ABpxpaaaaap,400_minutes,390-450,415,Waterston_400_minutes
GAAACTCCAGGGCATA-400.2.1,21,0.34603617,450,ASK,ABalpppapppa/ABpraaaapppa,400_minutes,450-510,450,Waterston_400_minutes
GAAACTCGTGGCTCCA-400.2.1,16,0.40084627,620,ASI,ABpxaapapppa,400_minutes,580-650,620,Waterston_400_minutes
GAAATGAAGACGCAAC-400.2.1,9,0.24043569,405,ASE,ABalppppppaa/ABpraaapppaa,400_minutes,390-450,405,Waterston_400_minutes
GAAATGACAATCTGCA-400.2.1,4,0.040426504,225,,ABalppappa/ABarappppa,400_minutes,210-270,225,Waterston_400_minutes
GAACATCAGGCCCTCA-400.2.1,18,0.33523265,450,AWC,ABpxpaaaaap,400_minutes,450-510,450,Waterston_400_minutes
GAACATCCAATCACAC-400.2.1,5,0.09527696,270,ASK_parent,ABalpppappp/ABpraaaappp,400_minutes,270-330,270,Waterston_400_minutes
GAACATCGTCCGACGT-400.2.1,6,0.06756104,245,,ABprpappa,400_minutes,210-270,245,Waterston_400_minutes
GAACGGACACATGACT-400.2.1,19,0.12196295,390,ASG_AWA,,400_minutes,390-450,390,Waterston_400_minutes
GAAGCAGAGTGAACAT-400.2.1,0,0.24665281,380,AFD,ABalpppapav/ABpraaaapav,400_minutes,330-390,380,Waterston_400_minutes
GAAGCAGGTGACCAAG-400.2.1,8,0.033338726,230,Neuroblast_AFD_RMD,ABalpppapa/ABpraaaapa,400_minutes,210-270,230,Waterston_400_minutes
GAATAAGCAACACGCC-400.2.1,4,0.04325324,260,,,400_minutes,210-270,260,Waterston_400_minutes
GAATGAAAGTGTCCCG-400.2.1,19,0.19110505,425,ASG,ABpxaapapap,400_minutes,390-450,425,Waterston_400_minutes
GAATGAATCTGCGGCA-400.2.1,7,0.07032831,300,Neuroblast_ASG_AWA,ABpxaapapa,400_minutes,270-330,300,Waterston_400_minutes
GACAGAGCAGATTGCT-400.2.1,8,0.039696332,220,,ABalpppap/ABpraaaap,400_minutes,210-270,220,Waterston_400_minutes
GACGCGTCACGCATCG-400.2.1,18,0.20762816,365,AWC,ABpxpaaaaap,400_minutes,330-390,365,Waterston_400_minutes
GACGTGCGTCCGCTGA-400.2.1,12,0.32202664,320,ADL_parent,ABalppppaa/ABpraaapaa,400_minutes,270-330,320,Waterston_400_minutes
GACTAACCAATGTTGC-400.2.1,1,0.004242576,170,,,400_minutes,170-210,170,Waterston_400_minutes
GACTAACGTATAGGGC-400.2.1,9,0.15032215,345,ASE_parent,ABalppppppa/ABpraaapppa,400_minutes,330-390,345,Waterston_400_minutes
GACTACACAGATCCAT-400.2.1,0,0.34792125,405,AFD,ABalpppapav/ABpraaaapav,400_minutes,390-450,405,Waterston_400_minutes
GAGGTGACACAACTGT-400.2.1,2,0.03173142,200,Neuroblast_ASE_ASJ_AUA,ABalpppppp/ABpraaappp,400_minutes,170-210,200,Waterston_400_minutes
GAGTCCGTCTGCTGTC-400.2.1,23,0.27696,550,ASG,ABpxaapapap,400_minutes,510-580,550,Waterston_400_minutes
GATCAGTAGGCGATAC-400.2.1,4,0.05971876,265,,,400_minutes,210-270,265,Waterston_400_minutes
GATCAGTTCCAGGGCT-400.2.1,18,0.18382823,410,,,400_minutes,390-450,410,Waterston_400_minutes
GATCGCGAGTACGCGA-400.2.1,13,0.26923105,405,ASH,ABpxpaappaa,400_minutes,390-450,405,Waterston_400_minutes
GATCGTACAAGCCGTC-400.2.1,12,0.41567373,450,ADL,ABalppppaad/ABpraaapaad,400_minutes,450-510,450,Waterston_400_minutes
GATCTAGGTTGTTTGG-400.2.1,18,0.2015343,380,AWC,ABpxpaaaaap,400_minutes,330-390,380,Waterston_400_minutes
GATGAAAAGGGATGGG-400.2.1,19,0.21047384,470,AWA,ABpxaapapaa,400_minutes,450-510,470,Waterston_400_minutes
GATGAAAAGTGTTAGA-400.2.1,0,0.58467823,550,AFD,ABalpppapav/ABpraaaapav,400_minutes,510-580,550,Waterston_400_minutes
GATGAGGAGCTAGTTC-400.2.1,10,0.14788757,300,Neuroblast_ASJ_AUA,ABalppppppp/ABpraaapppp,400_minutes,270-330,300,Waterston_400_minutes
GATGAGGCACGGCTAC-400.2.1,3,0.03187975,260,,,400_minutes,210-270,260,Waterston_400_minutes
GATGCTAGTTGTACAC-400.2.1,3,0.041872304,260,,,400_minutes,210-270,260,Waterston_400_minutes
GCAAACTAGAAACCTA-400.2.1,4,0.0347489,230,,ABpxpaaaaa,400_minutes,210-270,230,Waterston_400_minutes
GCAAACTAGATGCCAG-400.2.1,17,0.17678389,400,AWB,ABalpppppap/ABpraaappap,400_minutes,390-450,400,Waterston_400_minutes
GCAATCAAGATCACGG-400.2.1,8,0.053417943,260,Neuroblast_AFD_RMD,ABalpppapa/ABpraaaapa,400_minutes,210-270,260,Waterston_400_minutes
GCAATCAAGCTAGCCC-400.2.1,12,0.30468744,360,ADL,ABalppppaad/ABpraaapaad,400_minutes,330-390,360,Waterston_400_minutes
GCAATCATCATGCTCC-400.2.1,15,0.19902194,450,ASI,ABpxaapapppa,400_minutes,450-510,450,Waterston_400_minutes
GCACATAAGGGTGTGT-400.2.1,10,0.31269848,450,ASJ,ABalpppppppa/ABpraaappppa,400_minutes,450-510,450,Waterston_400_minutes
GCACTCTGTCACCTAA-400.2.1,10,0.17864911,365,AUA,ABalpppppppp/ABpraaappppp,400_minutes,330-390,365,Waterston_400_minutes
GCAGTTACAATCTGCA-400.2.1,9,0.26333168,420,ASE,ABalppppppaa/ABpraaapppaa,400_minutes,390-450,420,Waterston_400_minutes
GCATACATCACATACG-400.2.1,0,0.7402658,620,AFD,ABalpppapav/ABpraaaapav,400_minutes,580-650,620,Waterston_400_minutes
GCATGCGTCGCCAGCA-400.2.1,3,0.0139416335,260,Neuroblast_ADF_AWB,ABalpppppa/ABpraaappa,400_minutes,210-270,260,Waterston_400_minutes
GCCAAATAGGCTAGAC-400.2.1,11,0.25178245,270,ADL_parent,ABalppppaa/ABpraaapaa,400_minutes,270-330,270,Waterston_400_minutes
GCGACCATCAGAGGTG-400.2.1,15,0.09609067,310,ASI_parent,ABpxaapappp,400_minutes,270-330,310,Waterston_400_minutes
GCGAGAAAGAATGTTG-400.2.1,4,0.032436527,225,,,400_minutes,210-270,225,Waterston_400_minutes
GCGAGAACAGCTGTTA-400.2.1,0,0.23938467,350,AFD,ABalpppapav/ABpraaaapav,400_minutes,330-390,350,Waterston_400_minutes
GCGAGAATCCGTACAA-400.2.1,4,0.04682405,290,,,400_minutes,270-330,290,Waterston_400_minutes
GCGCCAACATTAACCG-400.2.1,4,0.060902163,260,,ABpxpaaaaa,400_minutes,210-270,260,Waterston_400_minutes
GCTCCTAAGGATGCGT-400.2.1,13,0.39152265,430,ASH,ABpxpaappaa,400_minutes,390-450,430,Waterston_400_minutes
GCTCCTAAGGCTACGA-400.2.1,1,0.028017104,200,,ABalppppap/ABpraaapap,400_minutes,170-210,200,Waterston_400_minutes
GCTCCTAGTAAGGGAA-400.2.1,3,0.039680123,280,Neuroblast_ADF_AWB,ABalpppppa/ABpraaappa,400_minutes,270-330,280,Waterston_400_minutes
GCTCCTAGTCGCATAT-400.2.1,18,0.18145801,350,AWC,ABpxpaaaaap,400_minutes,330-390,350,Waterston_400_minutes
GCTCCTATCAGCGACC-400.2.1,15,0.15715507,380,ASI_parent,ABpxaapappp,400_minutes,330-390,380,Waterston_400_minutes
GCTCTGTTCAGCTCTC-400.2.1,2,0.04198793,260,Neuroblast_ASE_ASJ_AUA,ABalpppppp/ABpraaappp,400_minutes,210-270,260,Waterston_400_minutes
GCTCTGTTCTGCGACG-400.2.1,18,0.21392366,410,AWC,ABpxpaaaaap,400_minutes,390-450,410,Waterston_400_minutes
GCTGCAGAGTACGACG-400.2.1,10,0.16559078,390,AUA,ABalpppppppp/ABpraaappppp,400_minutes,390-450,390,Waterston_400_minutes
GCTGCGATCTTACCTA-400.2.1,0,0.30658814,380,AFD,ABalpppapav/ABpraaaapav,400_minutes,330-390,380,Waterston_400_minutes
GCTGGGTCATCGGGTC-400.2.1,8,0.06650258,260,Neuroblast_AFD_RMD,ABalpppapa/ABpraaaapa,400_minutes,210-270,260,Waterston_400_minutes
GCTGGGTGTTAGGGTG-400.2.1,1,0.03480209,190,,ABalppppa/ABpraaapa,400_minutes,170-210,190,Waterston_400_minutes
GCTGGGTTCTGATACG-400.2.1,20,0.7290702,550,ADL,ABalppppaad/ABpraaapaad,400_minutes,510-580,550,Waterston_400_minutes
GGAAAGCGTCACTTCC-400.2.1,15,0.122456886,350,ASI_parent,ABpxaapappp,400_minutes,330-390,350,Waterston_400_minutes
GGAAAGCGTCGCATCG-400.2.1,2,0.036239576,210,,ABalpppppp/ABpraaappp,400_minutes,210-270,210,Waterston_400_minutes
GGAACTTAGTGCAAGC-400.2.1,0,0.17882428,320,AFD,ABalpppapav/ABpraaaapav,400_minutes,270-330,320,Waterston_400_minutes
GGAACTTGTTCAGGCC-400.2.1,9,0.13949151,345,ASE_parent,ABalppppppa/ABpraaapppa,400_minutes,330-390,345,Waterston_400_minutes
GGAACTTTCGACCAGC-400.2.1,9,0.1494525,325,ASE_parent,ABalppppppa/ABpraaapppa,400_minutes,270-330,325,Waterston_400_minutes
GGAATAACATTGCGGC-400.2.1,9,0.11529984,300,ASE_parent,ABalppppppa/ABpraaapppa,400_minutes,270-330,300,Waterston_400_minutes
GGACAAGAGTAGTGCG-400.2.1,12,0.34858036,385,ADL,ABalppppaad/ABpraaapaad,400_minutes,330-390,385,Waterston_400_minutes
GGACAAGTCTTCATGT-400.2.1,7,0.016461521,260,Neuroblast_ASG_AWA,ABpxaapapa,400_minutes,210-270,260,Waterston_400_minutes
GGACAGAAGAGGTAGA-400.2.1,4,0.036823228,230,,ABpxpaaaa,400_minutes,210-270,230,Waterston_400_minutes
GGACAGAAGTGGACGT-400.2.1,4,0.047741454,230,,,400_minutes,210-270,230,Waterston_400_minutes
GGACATTTCTCGGACG-400.2.1,11,0.28844762,265,ADL_parent,ABalppppaa/ABpraaapaa,400_minutes,210-270,265,Waterston_400_minutes
GGACGTCAGACATAAC-400.2.1,5,0.13771752,365,ASK_parent,ABalpppappp/ABpraaaappp,400_minutes,330-390,365,Waterston_400_minutes
GGAGCAATCAGCTTAG-400.2.1,0,0.646072,550,AFD,ABalpppapav/ABpraaaapav,400_minutes,510-580,550,Waterston_400_minutes
GGATTACAGTAGATGT-400.2.1,3,0.014704365,260,Neuroblast_ADF_AWB,ABalpppppa/ABpraaappa,400_minutes,210-270,260,Waterston_400_minutes
GGATTACGTATGAATG-400.2.1,14,0.17022444,400,ADF_AWB,,400_minutes,390-450,400,Waterston_400_minutes
GGCAATTGTACGCTGC-400.2.1,2,0.024706498,175,,ABalpppppp/ABpraaappp,400_minutes,170-210,175,Waterston_400_minutes
GGCCGATTCAGAGACG-400.2.1,10,0.24750584,345,Neuroblast_ASJ_AUA,ABalppppppp/ABpraaapppp,400_minutes,330-390,345,Waterston_400_minutes
GGCCGATTCGAATCCA-400.2.1,0,0.24092008,350,AFD,ABalpppapav/ABpraaaapav,400_minutes,330-390,350,Waterston_400_minutes
GGCGACTAGAACAACT-400.2.1,12,0.29945603,380,ADL,ABalppppaad/ABpraaapaad,400_minutes,330-390,380,Waterston_400_minutes
GGCGACTTCTGAAAGA-400.2.1,10,0.3197301,415,ASJ,ABalpppppppa/ABpraaappppa,400_minutes,390-450,415,Waterston_400_minutes
GGCTCGATCTCAACTT-400.2.1,19,0.1276184,380,AWA,ABpxaapapaa,400_minutes,330-390,380,Waterston_400_minutes
GGCTGGTCATCGATGT-400.2.1,15,0.24313004,530,ASI,ABpxaapapppa,400_minutes,510-580,530,Waterston_400_minutes
GGGAATGCAGACAAGC-400.2.1,15,0.10434895,340,ASI_parent,ABpxaapappp,400_minutes,330-390,340,Waterston_400_minutes
GGGAGATGTCCAGTGC-400.2.1,1,0.009494372,220,,,400_minutes,210-270,220,Waterston_400_minutes
GGGCATCAGGTGATAT-400.2.1,15,0.122529946,365,ASI_parent,ABpxaapappp,400_minutes,330-390,365,Waterston_400_minutes
GGGTCTGCACATGACT-400.2.1,18,0.18060821,365,AWC,ABpxpaaaaap,400_minutes,330-390,365,Waterston_400_minutes
GGGTCTGTCTGGCGAC-400.2.1,12,0.34308997,355,ADL,ABalppppaad/ABpraaapaad,400_minutes,330-390,355,Waterston_400_minutes
GGGTTGCAGCGATTCT-400.2.1,11,0.12512137,170,,ABalppppaa/ABpraaapaa,400_minutes,170-210,170,Waterston_400_minutes
GGTATTGAGATCCGAG-400.2.1,2,0.022495938,200,Neuroblast_ASE_ASJ_AUA,ABalpppppp/ABpraaappp,400_minutes,170-210,200,Waterston_400_minutes
GGTATTGCAGTTTACG-400.2.1,1,0.049734104,190,,ABalppppa/ABpraaapa,400_minutes,170-210,190,Waterston_400_minutes
GGTATTGGTCTTGATG-400.2.1,19,0.12275338,385,ASG_AWA,,400_minutes,330-390,385,Waterston_400_minutes
GGTGAAGCACGGACAA-400.2.1,10,0.22381145,350,ASJ,ABalpppppppa/ABpraaappppa,400_minutes,330-390,350,Waterston_400_minutes
GGTGCGTAGCTTCGCG-400.2.1,7,0.03156644,300,Neuroblast_ASG_AWA,ABpxaapapa,400_minutes,270-330,300,Waterston_400_minutes
GTAACGTCATTCTCAT-400.2.1,23,0.29675207,550,ASG,ABpxaapapap,400_minutes,510-580,550,Waterston_400_minutes
GTAACTGCACAGACAG-400.2.1,3,0.013356445,245,,,400_minutes,210-270,245,Waterston_400_minutes
GTAACTGGTTTGACTG-400.2.1,13,0.12625499,340,ASH,ABpxpaappaa,400_minutes,330-390,340,Waterston_400_minutes
GTACTCCGTAGCGTCC-400.2.1,11,0.29327467,290,ADL_parent,ABalppppaa/ABpraaapaa,400_minutes,270-330,290,Waterston_400_minutes
GTACTCCGTCAGGACA-400.2.1,13,0.22758126,415,ASH,ABpxpaappaa,400_minutes,390-450,415,Waterston_400_minutes
GTAGGCCAGGGAACGG-400.2.1,0,0.61877674,550,AFD,ABalpppapav/ABpraaaapav,400_minutes,510-580,550,Waterston_400_minutes
GTATCTTAGGAGCGAG-400.2.1,15,0.12980455,370,ASI_parent,ABpxaapappp,400_minutes,330-390,370,Waterston_400_minutes
GTATCTTGTGGTCCGT-400.2.1,0,0.25651595,360,AFD,ABalpppapav/ABpraaaapav,400_minutes,330-390,360,Waterston_400_minutes
GTCAAGTCAAAGCAAT-400.2.1,9,0.1564553,335,ASE_parent,ABalppppppa/ABpraaapppa,400_minutes,330-390,335,Waterston_400_minutes
GTCCTCACACGCGAAA-400.2.1,1,0.0040860423,175,,,400_minutes,170-210,175,Waterston_400_minutes
GTCGGGTAGAATGTTG-400.2.1,15,0.08309454,270,ASK_parent,ABalpppappp/ABpraaaappp,400_minutes,270-330,270,Waterston_400_minutes
GTCGGGTTCTTGCCGT-400.2.1,15,0.113614194,350,ASI_parent,ABpxaapappp,400_minutes,330-390,350,Waterston_400_minutes
GTCTTCGTCTGACCTC-400.2.1,3,0.016729102,260,Neuroblast_ADF_AWB,ABalpppppa/ABpraaappa,400_minutes,210-270,260,Waterston_400_minutes
GTGAAGGAGTTAAGTG-400.2.1,11,0.06710432,200,,ABalppppa/ABpraaapa,400_minutes,170-210,200,Waterston_400_minutes
GTGCAGCTCGGCATCG-400.2.1,11,0.27455798,300,ADL_parent,ABalppppaa/ABpraaapaa,400_minutes,270-330,300,Waterston_400_minutes
GTGCAGCTCGTTTGCC-400.2.1,10,0.13771394,285,Neuroblast_ASJ_AUA,ABalppppppp/ABpraaapppp,400_minutes,270-330,285,Waterston_400_minutes
GTGCATAAGAACAACT-400.2.1,4,0.02942855,220,,ABalppappp/ABarappppp,400_minutes,210-270,220,Waterston_400_minutes
GTGCGGTAGTGGGTTG-400.2.1,11,0.12886539,190,,ABalppppaa/ABpraaapaa,400_minutes,170-210,190,Waterston_400_minutes
GTGGGTCAGATCTGAA-400.2.1,9,0.14059126,310,ASE_parent,ABalppppppa/ABpraaapppa,400_minutes,270-330,310,Waterston_400_minutes
GTGGGTCCACAGATTC-400.2.1,19,0.11931463,360,ASG_AWA,,400_minutes,330-390,360,Waterston_400_minutes
GTGGGTCCATAGGATA-400.2.1,5,0.12833798,360,ASK_parent,ABalpppappp/ABpraaaappp,400_minutes,330-390,360,Waterston_400_minutes
GTGTGCGAGATCTGAA-400.2.1,14,0.10797548,375,ADF_AWB,,400_minutes,330-390,375,Waterston_400_minutes
GTGTTAGTCTTGTTTG-400.2.1,8,0.04871471,260,Neuroblast_AFD_RMD,ABalpppapa/ABpraaaapa,400_minutes,210-270,260,Waterston_400_minutes
GTTACAGGTCGTTGTA-400.2.1,7,0.048127793,300,Neuroblast_ASG_AWA,ABpxaapapa,400_minutes,270-330,300,Waterston_400_minutes
GTTCTCGAGGTACTCT-400.2.1,4,0.055507034,270,,,400_minutes,270-330,270,Waterston_400_minutes
TAAACCGTCGTCTGCT-400.2.1,23,0.28627253,550,ASG,ABpxaapapap,400_minutes,510-580,550,Waterston_400_minutes
TAAGAGACACGAAAGC-400.2.1,14,0.1468167,390,ADF_AWB,,400_minutes,390-450,390,Waterston_400_minutes
TAAGCGTCAGCTCGCA-400.2.1,17,0.18553677,415,AWB,ABalpppppap/ABpraaappap,400_minutes,390-450,415,Waterston_400_minutes
TAAGCGTGTGCACGAA-400.2.1,7,0.058168937,300,Neuroblast_ASG_AWA,ABpxaapapa,400_minutes,270-330,300,Waterston_400_minutes
TAAGTGCAGATGTAAC-400.2.1,9,0.14414738,330,ASE_parent,ABalppppppa/ABpraaapppa,400_minutes,330-390,330,Waterston_400_minutes
TACACGACAATGAATG-400.2.1,5,0.15153329,365,ASK_parent,ABalpppappp/ABpraaaappp,400_minutes,330-390,365,Waterston_400_minutes
TACACGATCAAGATCC-400.2.1,7,0.04859563,285,Neuroblast_ASG_AWA,ABpxaapapa,400_minutes,270-330,285,Waterston_400_minutes
TACAGTGAGCAAATCA-400.2.1,0,0.3602321,390,AFD,ABalpppapav/ABpraaaapav,400_minutes,390-450,390,Waterston_400_minutes
TACCTATCATTCACTT-400.2.1,13,0.48153996,520,ASH,ABpxpaappaa,400_minutes,510-580,520,Waterston_400_minutes
TACCTATGTGTTTGGT-400.2.1,9,0.3041755,450,ASE,ABalppppppaa/ABpraaapppaa,400_minutes,450-510,450,Waterston_400_minutes
TACCTATGTTACTGAC-400.2.1,3,0.01937643,260,,,400_minutes,210-270,260,Waterston_400_minutes
TACCTTATCTGTCTCG-400.2.1,3,0.03534177,270,Neuroblast_ADF_AWB,ABalpppppa/ABpraaappa,400_minutes,270-330,270,Waterston_400_minutes
TACGGTAGTTCAGACT-400.2.1,18,0.21365732,380,AWC,ABpxpaaaaap,400_minutes,330-390,380,Waterston_400_minutes
TACTCATAGGCCATAG-400.2.1,4,0.059698343,245,,ABpxpaaaaa,400_minutes,210-270,245,Waterston_400_minutes
TACTCATGTGTGACCC-400.2.1,2,0.033811923,230,Neuroblast_ASE_ASJ_AUA,ABalpppppp/ABpraaappp,400_minutes,210-270,230,Waterston_400_minutes
TACTCATTCGGAAACG-400.2.1,14,0.19459768,450,ADF,ABalpppppaa/ABpraaappaa,400_minutes,450-510,450,Waterston_400_minutes
TACTTACAGTAGCCGA-400.2.1,3,0.008390645,260,Neuroblast_ADF_AWB,ABalpppppa/ABpraaappa,400_minutes,210-270,260,Waterston_400_minutes
TACTTGTAGACAAGCC-400.2.1,2,0.041455097,260,Neuroblast_ASE_ASJ_AUA,ABalpppppp/ABpraaappp,400_minutes,210-270,260,Waterston_400_minutes
TACTTGTCACACATGT-400.2.1,13,0.46873042,620,ASH,ABpxpaappaa,400_minutes,580-650,620,Waterston_400_minutes
TACTTGTCAGACAAAT-400.2.1,14,0.07555185,300,Neuroblast_ADF_AWB,ABalpppppa/ABpraaappa,400_minutes,270-330,300,Waterston_400_minutes
TAGCCGGTCGGCATCG-400.2.1,14,0.2016985,425,ADF,ABalpppppaa/ABpraaappaa,400_minutes,390-450,425,Waterston_400_minutes
TAGGCATAGGCTCAGA-400.2.1,3,0.075140215,350,ASH,ABpxpaappaa,400_minutes,330-390,350,Waterston_400_minutes
TAGGCATGTAGAGCTG-400.2.1,14,0.18326615,425,ADF,ABalpppppaa/ABpraaappaa,400_minutes,390-450,425,Waterston_400_minutes
TATCAGGTCAACCATG-400.2.1,7,0.043549698,270,Neuroblast_ASG_AWA,ABpxaapapa,400_minutes,270-330,270,Waterston_400_minutes
TATCTCAGTGATGCCC-400.2.1,14,0.07378366,300,Neuroblast_ADF_AWB,ABalpppppa/ABpraaappa,400_minutes,270-330,300,Waterston_400_minutes
TCAACGAAGGCACATG-400.2.1,19,0.13073118,390,ASG_AWA,,400_minutes,390-450,390,Waterston_400_minutes
TCACAAGGTCACTGGC-400.2.1,14,0.06273285,300,Neuroblast_ADF_AWB,ABalpppppa/ABpraaappa,400_minutes,270-330,300,Waterston_400_minutes
TCACGAAAGATCTGCT-400.2.1,8,0.09032366,280,Neuroblast_AFD_RMD,ABalpppapa/ABpraaaapa,400_minutes,270-330,280,Waterston_400_minutes
TCAGATGAGAATTCCC-400.2.1,10,0.17750223,385,AUA,ABalpppppppp/ABpraaappppp,400_minutes,330-390,385,Waterston_400_minutes
TCAGCTCTCCACGTTC-400.2.1,9,0.18512872,360,ASE_parent,ABalppppppa/ABpraaapppa,400_minutes,330-390,360,Waterston_400_minutes
TCAGGATTCGCTGATA-400.2.1,9,0.15496658,330,ASE_parent,ABalppppppa/ABpraaapppa,400_minutes,330-390,330,Waterston_400_minutes
TCATTACAGTACGCGA-400.2.1,15,0.1442234,370,ASI_parent,ABpxaapappp,400_minutes,330-390,370,Waterston_400_minutes
TCATTACCACCATCCT-400.2.1,9,0.36922523,620,ASE,ABalppppppaa/ABpraaapppaa,400_minutes,580-650,620,Waterston_400_minutes
TCATTTGAGATCGGGT-400.2.1,8,0.06439358,265,Neuroblast_AFD_RMD,ABalpppapa/ABpraaaapa,400_minutes,210-270,265,Waterston_400_minutes
TCATTTGCAGGCAGTA-400.2.1,4,0.063345686,245,,,400_minutes,210-270,245,Waterston_400_minutes
TCATTTGGTAGTGAAT-400.2.1,3,0.024628634,260,,,400_minutes,210-270,260,Waterston_400_minutes
TCATTTGTCCGCGTTT-400.2.1,12,0.3161723,350,ADL,ABalppppaad/ABpraaapaad,400_minutes,330-390,350,Waterston_400_minutes
TCCACACCAAAGTGCG-400.2.1,3,0.024286928,260,Neuroblast_ADF_AWB,ABalpppppa/ABpraaappa,400_minutes,210-270,260,Waterston_400_minutes
TCCACACGTGAAATCA-400.2.1,12,0.3247084,380,ADL,ABalppppaad/ABpraaapaad,400_minutes,330-390,380,Waterston_400_minutes
TCGAGGCGTGCCTGTG-400.2.1,21,0.33905467,420,ASK,ABalpppapppa/ABpraaaapppa,400_minutes,390-450,420,Waterston_400_minutes
TCGAGGCTCAGCTCGG-400.2.1,10,0.17475572,390,AUA,ABalpppppppp/ABpraaappppp,400_minutes,390-450,390,Waterston_400_minutes
TCGCGTTAGTTACCCA-400.2.1,8,0.03594716,220,,ABalppppa/ABpraaapa,400_minutes,210-270,220,Waterston_400_minutes
TCGCGTTGTCCCGACA-400.2.1,4,0.047396448,245,,,400_minutes,210-270,245,Waterston_400_minutes
TCGGGACAGTCGTACT-400.2.1,2,0.023094447,215,Neuroblast_ASE_ASJ_AUA,ABalpppppp/ABpraaappp,400_minutes,210-270,215,Waterston_400_minutes
TCGGGACCAATCCGAT-400.2.1,13,0.14493819,375,ASH,ABpxpaappaa,400_minutes,330-390,375,Waterston_400_minutes
TCGGGACCATTCTTAC-400.2.1,1,0.02045923,240,Neuroblast_AFD_RMD,ABalpppapa/ABpraaaapa,400_minutes,210-270,240,Waterston_400_minutes
TCGGGACGTTTGGCGC-400.2.1,8,0.052195713,245,Neuroblast_AFD_RMD,ABalpppapa/ABpraaaapa,400_minutes,210-270,245,Waterston_400_minutes
TCGTAGACAAAGGCGT-400.2.1,0,0.560447,510,AFD,ABalpppapav/ABpraaaapav,400_minutes,510-580,510,Waterston_400_minutes
TCTATTGGTCTAGCCG-400.2.1,0,0.20822148,360,AFD,ABalpppapav/ABpraaaapav,400_minutes,330-390,360,Waterston_400_minutes
TCTCTAAAGGGTCGAT-400.2.1,15,0.12205552,345,ASI_parent,ABpxaapappp,400_minutes,330-390,345,Waterston_400_minutes
TCTCTAAGTCGACTGC-400.2.1,10,0.34023386,410,ASJ,ABalpppppppa/ABpraaappppa,400_minutes,390-450,410,Waterston_400_minutes
TCTGAGAAGGGAACGG-400.2.1,2,0.06221965,300,ASE_parent,ABalppppppa/ABpraaapppa,400_minutes,270-330,300,Waterston_400_minutes
TCTGGAAAGAGTCGGT-400.2.1,13,0.15054435,360,ASH,ABpxpaappaa,400_minutes,330-390,360,Waterston_400_minutes
TCTGGAAGTGTTTGTG-400.2.1,9,0.13721286,330,ASE_parent,ABalppppppa/ABpraaapppa,400_minutes,330-390,330,Waterston_400_minutes
TCTTCGGAGAGGACGG-400.2.1,17,0.161101,380,AWB,ABalpppppap/ABpraaappap,400_minutes,330-390,380,Waterston_400_minutes
TCTTTCCAGATATGCA-400.2.1,8,0.06123181,275,Neuroblast_AFD_RMD,ABalpppapa/ABpraaaapa,400_minutes,270-330,275,Waterston_400_minutes
TCTTTCCAGGTGTGGT-400.2.1,0,0.18831353,320,AFD,ABalpppapav/ABpraaaapav,400_minutes,270-330,320,Waterston_400_minutes
TCTTTCCCAAATACAG-400.2.1,14,0.19679447,450,ADF,ABalpppppaa/ABpraaappaa,400_minutes,450-510,450,Waterston_400_minutes
TGACTAGGTTCACCTC-400.2.1,10,0.13793755,290,Neuroblast_ASJ_AUA,ABalppppppp/ABpraaapppp,400_minutes,270-330,290,Waterston_400_minutes
TGACTTTTCTATCCCG-400.2.1,14,0.1041295,345,,,400_minutes,330-390,345,Waterston_400_minutes
TGAGCATTCGCAAACT-400.2.1,14,0.06959587,310,Neuroblast_ADF_AWB,ABalpppppa/ABpraaappa,400_minutes,270-330,310,Waterston_400_minutes
TGAGGGAAGAAGGCCT-400.2.1,4,0.017046152,185,,,400_minutes,170-210,185,Waterston_400_minutes
TGAGGGATCAAGATCC-400.2.1,0,0.70405823,585,AFD,ABalpppapav/ABpraaaapav,400_minutes,580-650,585,Waterston_400_minutes
TGCCCTAAGGATTCGG-400.2.1,19,0.1194344,385,ASG_AWA,,400_minutes,330-390,385,Waterston_400_minutes
TGCCCTACACATCCAA-400.2.1,18,0.19757369,370,AWC,ABpxpaaaaap,400_minutes,330-390,370,Waterston_400_minutes
TGGCCAGGTAGGGTAC-400.2.1,10,0.25236493,380,ASJ,ABalpppppppa/ABpraaappppa,400_minutes,330-390,380,Waterston_400_minutes
TGGCCAGTCGAGGTAG-400.2.1,10,0.16973588,345,Neuroblast_ASJ_AUA,ABalppppppp/ABpraaapppp,400_minutes,330-390,345,Waterston_400_minutes
TGGCGCAAGACATAAC-400.2.1,10,0.27055508,400,ASJ,ABalpppppppa/ABpraaappppa,400_minutes,390-450,400,Waterston_400_minutes
TGGCGCAGTGAAATCA-400.2.1,7,0.04872155,275,Neuroblast_ASG_AWA,ABpxaapapa,400_minutes,270-330,275,Waterston_400_minutes
TGGCTGGCACGTAAGG-400.2.1,19,0.1080774,350,ASG_AWA,,400_minutes,330-390,350,Waterston_400_minutes
TGGCTGGTCGAGAGCA-400.2.1,1,0.017410483,190,,,400_minutes,170-210,190,Waterston_400_minutes
TGGGAAGAGACACGAC-400.2.1,22,0.46227014,700,ASER,ABalppppppaa/ABpraaapppaa,400_minutes,> 650,700,Waterston_400_minutes
TGGGCGTTCAGGCCCA-400.2.1,18,0.32631868,425,AWC,ABpxpaaaaap,400_minutes,390-450,425,Waterston_400_minutes
TGGTTAGAGATACACA-400.2.1,12,0.31717625,350,ADL,ABalppppaad/ABpraaapaad,400_minutes,330-390,350,Waterston_400_minutes
TGGTTAGGTAGCCTCG-400.2.1,11,0.2717199,290,ADL_parent,ABalppppaa/ABpraaapaa,400_minutes,270-330,290,Waterston_400_minutes
TGGTTCCCAGAAGCAC-400.2.1,13,0.1787321,380,ASH,ABpxpaappaa,400_minutes,330-390,380,Waterston_400_minutes
TGGTTCCGTCGACTAT-400.2.1,4,0.05585726,270,,,400_minutes,270-330,270,Waterston_400_minutes
TGTATTCCAGAGTGTG-400.2.1,8,0.06405993,245,Neuroblast_AFD_RMD,ABalpppapa/ABpraaaapa,400_minutes,210-270,245,Waterston_400_minutes
TGTATTCGTAAACACA-400.2.1,12,0.29839098,320,ADL,ABalppppaad/ABpraaapaad,400_minutes,270-330,320,Waterston_400_minutes
TGTGGTAGTGAGTATA-400.2.1,18,0.5765657,520,AWC,ABpxpaaaaap,400_minutes,510-580,520,Waterston_400_minutes
TGTGTTTAGAGGTTAT-400.2.1,15,0.08078142,295,ASI_parent,ABpxaapappp,400_minutes,270-330,295,Waterston_400_minutes
TGTGTTTGTGTTTGGT-400.2.1,14,0.10044517,385,ADF_AWB,,400_minutes,330-390,385,Waterston_400_minutes
TGTTCCGAGACTAAGT-400.2.1,13,0.13692287,350,ASH,ABpxpaappaa,400_minutes,330-390,350,Waterston_400_minutes
TTAACTCCAGAGTGTG-400.2.1,21,0.7134173,700,ASK,ABalpppapppa/ABpraaaapppa,400_minutes,> 650,700,Waterston_400_minutes
TTAGGCATCACGACTA-400.2.1,4,0.027055535,220,,,400_minutes,210-270,220,Waterston_400_minutes
TTAGTTCAGTAGCGGT-400.2.1,13,0.5822594,640,ASH,ABpxpaappaa,400_minutes,580-650,640,Waterston_400_minutes
TTATGCTGTCGGATCC-400.2.1,20,0.80065656,585,ADL,ABalppppaad/ABpraaapaad,400_minutes,580-650,585,Waterston_400_minutes
TTCGGTCTCCCTAATT-400.2.1,6,0.043586824,270,ASI_parent,ABpxaapappp,400_minutes,270-330,270,Waterston_400_minutes
TTCTCCTGTGACGCCT-400.2.1,10,0.2396295,380,ASJ,ABalpppppppa/ABpraaappppa,400_minutes,330-390,380,Waterston_400_minutes
TTCTCCTGTTCACGGC-400.2.1,5,0.14039461,355,ASK_parent,ABalpppappp/ABpraaaappp,400_minutes,330-390,355,Waterston_400_minutes
TTCTCCTTCCTAGAAC-400.2.1,14,0.0932994,370,ADF_AWB,,400_minutes,330-390,370,Waterston_400_minutes
TTCTTAGAGGCCATAG-400.2.1,13,0.25595987,405,ASH,ABpxpaappaa,400_minutes,390-450,405,Waterston_400_minutes
TTGCCGTAGACAATAC-400.2.1,5,0.12126054,295,ASK_parent,ABalpppappp/ABpraaaappp,400_minutes,270-330,295,Waterston_400_minutes
TTGGAACAGGCAATTA-400.2.1,1,0.013796142,195,,ABpxaapapp,400_minutes,170-210,195,Waterston_400_minutes
TTGGAACGTTCACCTC-400.2.1,8,0.050300322,260,Neuroblast_AFD_RMD,ABalpppapa/ABpraaaapa,400_minutes,210-270,260,Waterston_400_minutes
TTGGCAAAGATCTGAA-400.2.1,2,0.029570105,215,Neuroblast_ASE_ASJ_AUA,ABalpppppp/ABpraaappp,400_minutes,210-270,215,Waterston_400_minutes
TTGGCAAAGCAAATCA-400.2.1,10,0.16960903,320,Neuroblast_ASJ_AUA,ABalppppppp/ABpraaapppp,400_minutes,270-330,320,Waterston_400_minutes
TTGGCAACAGACTCGC-400.2.1,15,0.10691147,300,ASI_parent,ABpxaapappp,400_minutes,270-330,300,Waterston_400_minutes
TTTACTGGTAGCTCCG-400.2.1,4,0.06142643,260,,,400_minutes,210-270,260,Waterston_400_minutes
TTTATGCGTCAGCTAT-400.2.1,15,0.25005308,435,ASI,ABpxaapapppa,400_minutes,390-450,435,Waterston_400_minutes
TTTGGTTCATTCGACA-400.2.1,15,0.104954205,330,ASI_parent,ABpxaapappp,400_minutes,330-390,330,Waterston_400_minutes
TTTGTCATCTGCGGCA-400.2.1,2,0.037631888,260,Neuroblast_ASE_ASJ_AUA,ABalpppppp/ABpraaappp,400_minutes,210-270,260,Waterston_400_minutes
AAACCTGCAGATGAGC-400.2.2,4,0.056592852,260,,,400_minutes,210-270,260,Waterston_400_minutes
AAACGGGAGCCCTAAT-400.2.2,12,0.31546444,360,ADL,ABalppppaad/ABpraaapaad,400_minutes,330-390,360,Waterston_400_minutes
AAACGGGCACACGCTG-400.2.2,1,0.04832088,190,,ABalppppa/ABpraaapa,400_minutes,170-210,190,Waterston_400_minutes
AAACGGGTCCGAACGC-400.2.2,13,0.113687865,345,ASH,ABpxpaappaa,400_minutes,330-390,345,Waterston_400_minutes
AAAGATGAGCCCAATT-400.2.2,0,0.48430383,450,AFD,ABalpppapav/ABpraaaapav,400_minutes,450-510,450,Waterston_400_minutes
AAAGATGTCATCGCTC-400.2.2,3,0.014004088,260,,,400_minutes,210-270,260,Waterston_400_minutes
AAAGATGTCCACGCAG-400.2.2,14,0.21351552,470,ADF,ABalpppppaa/ABpraaappaa,400_minutes,450-510,470,Waterston_400_minutes
AAAGCAATCCTCATTA-400.2.2,4,0.048873384,230,,ABpxpaaaaa,400_minutes,210-270,230,Waterston_400_minutes
AAAGTAGCATGGTTGT-400.2.2,3,0.020995118,175,,ABalpppppp/ABpraaappp,400_minutes,170-210,175,Waterston_400_minutes
AAAGTAGTCGTCTGCT-400.2.2,3,0.016900197,260,Neuroblast_ADF_AWB,ABalpppppa/ABpraaappa,400_minutes,210-270,260,Waterston_400_minutes
AAATGCCGTAGAGTGC-400.2.2,2,0.027863832,220,Neuroblast_ASE_ASJ_AUA,ABalpppppp/ABpraaappp,400_minutes,210-270,220,Waterston_400_minutes
AAATGCCGTAGGGACT-400.2.2,12,0.3823213,410,ADL,ABalppppaad/ABpraaapaad,400_minutes,390-450,410,Waterston_400_minutes
AAATGCCTCTTACCGC-400.2.2,3,0.012328075,230,,,400_minutes,210-270,230,Waterston_400_minutes
AACCATGAGGACGAAA-400.2.2,12,0.1639513,370,ADL,ABalppppaad/ABpraaapaad,400_minutes,330-390,370,Waterston_400_minutes
AACCGCGGTCGCGTGT-400.2.2,1,0.0246553,200,,ABalpppapp/ABpraaaapp,400_minutes,170-210,200,Waterston_400_minutes
AACCGCGGTCTTTCAT-400.2.2,10,0.13741319,290,Neuroblast_ASJ_AUA,ABalppppppp/ABpraaapppp,400_minutes,270-330,290,Waterston_400_minutes
AACCGCGGTGTGACGA-400.2.2,10,0.24068405,350,ASJ,ABalpppppppa/ABpraaappppa,400_minutes,330-390,350,Waterston_400_minutes
AACTCCCCACCGCTAG-400.2.2,3,0.013128454,260,Neuroblast_ADF_AWB,ABalpppppa/ABpraaappa,400_minutes,210-270,260,Waterston_400_minutes
AACTCTTAGACACGAC-400.2.2,4,0.036088217,220,,,400_minutes,210-270,220,Waterston_400_minutes
AACTCTTCAAGGTTTC-400.2.2,13,0.31429142,415,ASH,ABpxpaappaa,400_minutes,390-450,415,Waterston_400_minutes
AACTCTTGTGTGAATA-400.2.2,18,0.30557007,425,AWC,ABpxpaaaaap,400_minutes,390-450,425,Waterston_400_minutes
AACTGGTCAAACCCAT-400.2.2,2,0.039596155,185,,ABalpppppp/ABpraaappp,400_minutes,170-210,185,Waterston_400_minutes
AACTGGTTCCCTGACT-400.2.2,4,0.06320233,230,,ABpxpaaaaa,400_minutes,210-270,230,Waterston_400_minutes
AAGGAGCCACATGACT-400.2.2,17,0.1849843,450,AWB,ABalpppppap/ABpraaappap,400_minutes,450-510,450,Waterston_400_minutes
AAGGCAGAGACTGTAA-400.2.2,11,0.18971308,215,,ABalppppaa/ABpraaapaa,400_minutes,210-270,215,Waterston_400_minutes
AAGGCAGGTCTCTCGT-400.2.2,10,0.13723753,290,Neuroblast_ASJ_AUA,ABalppppppp/ABpraaapppp,400_minutes,270-330,290,Waterston_400_minutes
AAGGCAGGTTAAGAAC-400.2.2,9,0.13918462,340,ASE_parent,ABalppppppa/ABpraaapppa,400_minutes,330-390,340,Waterston_400_minutes
AAGGCAGTCGCAAGCC-400.2.2,4,0.055323336,260,,,400_minutes,210-270,260,Waterston_400_minutes
AAGGTTCAGTCTTGCA-400.2.2,13,0.22101046,390,ASH,ABpxpaappaa,400_minutes,390-450,390,Waterston_400_minutes
AAGGTTCCAGTGGGAT-400.2.2,19,0.15849866,425,ASG,ABpxaapapap,400_minutes,390-450,425,Waterston_400_minutes
AAGGTTCTCGTTTGCC-400.2.2,3,0.07418062,290,,,400_minutes,270-330,290,Waterston_400_minutes
AAGTCTGCAATCGAAA-400.2.2,4,0.060336623,260,,,400_minutes,210-270,260,Waterston_400_minutes
AAGTCTGCAGCCAATT-400.2.2,5,0.1004282,290,ASK_parent,ABalpppappp/ABpraaaappp,400_minutes,270-330,290,Waterston_400_minutes
AAGTCTGGTTCCTCCA-400.2.2,14,0.15902695,400,ADF_AWB,,400_minutes,390-450,400,Waterston_400_minutes
AATCCAGCATTGAGCT-400.2.2,4,0.058369268,285,,,400_minutes,270-330,285,Waterston_400_minutes
AATCGGTAGACTGTAA-400.2.2,18,0.20869133,405,AWC,ABpxpaaaaap,400_minutes,390-450,405,Waterston_400_minutes
AATCGGTCAAGGTTCT-400.2.2,11,0.26719895,260,ADL_parent,ABalppppaa/ABpraaapaa,400_minutes,210-270,260,Waterston_400_minutes
ACACCAATCATACGGT-400.2.2,8,0.057357226,260,,ABalppppaa/ABpraaapaa,400_minutes,210-270,260,Waterston_400_minutes
ACACCCTAGGAATTAC-400.2.2,1,0.018814709,170,,,400_minutes,170-210,170,Waterston_400_minutes
ACACCCTCATATGAGA-400.2.2,1,0.029294355,170,,ABpxaapap,400_minutes,170-210,170,Waterston_400_minutes
ACACCCTCATCTCCCA-400.2.2,0,0.57246494,510,AFD,ABalpppapav/ABpraaaapav,400_minutes,510-580,510,Waterston_400_minutes
ACACCGGCACTCGACG-400.2.2,7,0.03425667,275,Neuroblast_ASG_AWA,ABpxaapapa,400_minutes,270-330,275,Waterston_400_minutes
ACACTGAAGAGTCGGT-400.2.2,4,0.021140937,215,,,400_minutes,210-270,215,Waterston_400_minutes
ACAGCTACACGGCTAC-400.2.2,2,0.0412636,260,Neuroblast_ASE_ASJ_AUA,ABalpppppp/ABpraaappp,400_minutes,210-270,260,Waterston_400_minutes
ACCCACTTCAATACCG-400.2.2,14,0.23526148,490,ADF,ABalpppppaa/ABpraaappaa,400_minutes,450-510,490,Waterston_400_minutes
ACCCACTTCGCGGATC-400.2.2,14,0.06691354,285,Neuroblast_ADF_AWB,ABalpppppa/ABpraaappa,400_minutes,270-330,285,Waterston_400_minutes
ACCGTAACAAACCCAT-400.2.2,9,0.12921253,300,ASE_parent,ABalppppppa/ABpraaapppa,400_minutes,270-330,300,Waterston_400_minutes
ACCGTAACACGGTTTA-400.2.2,11,0.22513571,270,ADL_parent,ABalppppaa/ABpraaapaa,400_minutes,270-330,270,Waterston_400_minutes
ACCGTAAGTAATCGTC-400.2.2,10,0.13836609,300,Neuroblast_ASJ_AUA,ABalppppppp/ABpraaapppp,400_minutes,270-330,300,Waterston_400_minutes
ACCGTAAGTATAATGG-400.2.2,12,0.6174502,450,ADL,ABalppppaad/ABpraaapaad,400_minutes,450-510,450,Waterston_400_minutes
ACCGTAATCATTGCCC-400.2.2,9,0.3773727,550,ASE,ABalppppppaa/ABpraaapppaa,400_minutes,510-580,550,Waterston_400_minutes
ACGAGCCTCCGTAGGC-400.2.2,6,0.07562672,190,,,400_minutes,170-210,190,Waterston_400_minutes
ACGAGGAAGGGTCGAT-400.2.2,8,0.026815653,220,,ABalpppapa/ABpraaaapa,400_minutes,210-270,220,Waterston_400_minutes
ACGATACGTGAGGGTT-400.2.2,10,0.17807655,365,AUA,ABalpppppppp/ABpraaappppp,400_minutes,330-390,365,Waterston_400_minutes
ACGATGTAGATCCCAT-400.2.2,13,0.46121046,550,ASH,ABpxpaappaa,400_minutes,510-580,550,Waterston_400_minutes
ACGATGTCATAAGACA-400.2.2,11,0.09477452,200,,ABalppppaa/ABpraaapaa,400_minutes,170-210,200,Waterston_400_minutes
ACGCAGCAGGAGTAGA-400.2.2,7,0.044895712,300,Neuroblast_ASG_AWA,ABpxaapapa,400_minutes,270-330,300,Waterston_400_minutes
ACGCCGATCCGTACAA-400.2.2,15,0.13570914,385,ASI_parent,ABpxaapappp,400_minutes,330-390,385,Waterston_400_minutes
ACGGAGACATGGTCTA-400.2.2,5,0.17986836,390,ASK,ABalpppapppa/ABpraaaapppa,400_minutes,390-450,390,Waterston_400_minutes
ACGGAGATCTCCAACC-400.2.2,10,0.23314281,330,,,400_minutes,330-390,330,Waterston_400_minutes
ACGGAGATCTTAACCT-400.2.2,8,0.050832286,270,Neuroblast_AFD_RMD,ABalpppapa/ABpraaaapa,400_minutes,270-330,270,Waterston_400_minutes
ACGGCCATCACCCTCA-400.2.2,15,0.1363386,360,ASI_parent,ABpxaapappp,400_minutes,330-390,360,Waterston_400_minutes
ACTATCTTCACAGTAC-400.2.2,3,0.015116925,260,Neuroblast_ADF_AWB,ABalpppppa/ABpraaappa,400_minutes,210-270,260,Waterston_400_minutes
ACTGAACGTCATACTG-400.2.2,8,0.06722339,270,Neuroblast_AFD_RMD,ABalpppapa/ABpraaaapa,400_minutes,270-330,270,Waterston_400_minutes
ACTGAACGTCTGCCAG-400.2.2,8,0.029544804,230,Neuroblast_AFD_RMD,ABalpppapa/ABpraaaapa,400_minutes,210-270,230,Waterston_400_minutes
ACTGAACGTTGGTAAA-400.2.2,20,0.70291823,500,ADL,ABalppppaad/ABpraaapaad,400_minutes,450-510,500,Waterston_400_minutes
ACTGAGTCATTCCTCG-400.2.2,5,0.121968165,270,ASK_parent,ABalpppappp/ABpraaaappp,400_minutes,270-330,270,Waterston_400_minutes
ACTGTCCAGAGTACCG-400.2.2,4,0.04542927,225,,ABalppappa/ABarappppa,400_minutes,210-270,225,Waterston_400_minutes
ACTGTCCCATAGACTC-400.2.2,5,0.112148084,330,ASK_parent,ABalpppappp/ABpraaaappp,400_minutes,330-390,330,Waterston_400_minutes
ACTGTCCTCGAACGGA-400.2.2,3,0.030792389,270,Neuroblast_ADF_AWB,ABalpppppa/ABpraaappa,400_minutes,270-330,270,Waterston_400_minutes
ACTTACTGTAAGCACG-400.2.2,13,0.09453118,340,ASH,ABpxpaappaa,400_minutes,330-390,340,Waterston_400_minutes
ACTTGTTCAACTGCTA-400.2.2,15,0.12672986,360,ASI_parent,ABpxaapappp,400_minutes,330-390,360,Waterston_400_minutes
ACTTGTTTCTGTTGAG-400.2.2,0,0.35692438,390,AFD,ABalpppapav/ABpraaaapav,400_minutes,390-450,390,Waterston_400_minutes
ACTTTCAGTGGGTATG-400.2.2,19,0.083013125,300,Neuroblast_ASG_AWA,ABpxaapapa,400_minutes,270-330,300,Waterston_400_minutes
AGAGTGGGTTTCCACC-400.2.2,2,0.035793804,260,Neuroblast_ASE_ASJ_AUA,ABalpppppp/ABpraaappp,400_minutes,210-270,260,Waterston_400_minutes
AGAGTGGTCATTATCC-400.2.2,3,0.015793286,260,Neuroblast_ADF_AWB,ABalpppppa/ABpraaappa,400_minutes,210-270,260,Waterston_400_minutes
AGCAGCCTCAACCAAC-400.2.2,13,0.24421728,390,ASH,ABpxpaappaa,400_minutes,390-450,390,Waterston_400_minutes
AGCATACAGAGACTTA-400.2.2,0,0.5872307,550,AFD,ABalpppapav/ABpraaaapav,400_minutes,510-580,550,Waterston_400_minutes
AGCATACAGATGTGGC-400.2.2,1,0.013234418,200,,ABalpppppp/ABpraaappp,400_minutes,170-210,200,Waterston_400_minutes
AGCGGTCCACATGGGA-400.2.2,9,0.26421833,450,ASE,ABalppppppaa/ABpraaapppaa,400_minutes,450-510,450,Waterston_400_minutes
AGCGTATGTTCCGTCT-400.2.2,4,0.045026865,260,,,400_minutes,210-270,260,Waterston_400_minutes
AGCTCCTGTCCGCTGA-400.2.2,5,0.11374893,320,ASK_parent,ABalpppappp/ABpraaaappp,400_minutes,270-330,320,Waterston_400_minutes
AGCTCCTGTGATGTGG-400.2.2,15,0.07451495,275,,,400_minutes,270-330,275,Waterston_400_minutes
AGCTCTCAGCATCATC-400.2.2,19,0.15240481,400,AWA,ABpxaapapaa,400_minutes,390-450,400,Waterston_400_minutes
AGCTCTCTCTTAGAGC-400.2.2,1,0.03148843,190,,ABalppppap/ABpraaapap,400_minutes,170-210,190,Waterston_400_minutes
AGCTTGAAGCTGTTCA-400.2.2,0,0.26178664,350,AFD,ABalpppapav/ABpraaaapav,400_minutes,330-390,350,Waterston_400_minutes
AGCTTGAGTAGGAGTC-400.2.2,11,0.17889142,230,,ABalppppaa/ABpraaapaa,400_minutes,210-270,230,Waterston_400_minutes
AGGCCACAGTTTCCTT-400.2.2,7,0.010428437,215,,ABalpppppa/ABpraaappa,400_minutes,210-270,215,Waterston_400_minutes
AGGGAGTAGGGCTTCC-400.2.2,12,0.43171564,450,ADL,ABalppppaad/ABpraaapaad,400_minutes,450-510,450,Waterston_400_minutes
AGGGAGTAGTACCGGA-400.2.2,19,0.12683575,320,ASG_AWA,,400_minutes,270-330,320,Waterston_400_minutes
AGGGATGTCAGTACGT-400.2.2,9,0.14307855,345,ASE_parent,ABalppppppa/ABpraaapppa,400_minutes,330-390,345,Waterston_400_minutes
AGGGTGAGTCAAACTC-400.2.2,13,0.14984323,360,ASH,ABpxpaappaa,400_minutes,330-390,360,Waterston_400_minutes
AGGTCATGTCTAGGTT-400.2.2,4,0.05604368,230,,,400_minutes,210-270,230,Waterston_400_minutes
AGGTCATTCGCCCTTA-400.2.2,0,0.21702257,320,AFD,ABalpppapav/ABpraaaapav,400_minutes,270-330,320,Waterston_400_minutes
AGGTCCGGTCCATCCT-400.2.2,18,0.19729106,360,AWC,ABpxpaaaaap,400_minutes,330-390,360,Waterston_400_minutes
AGTAGTCTCTACCTGC-400.2.2,1,0.034938402,190,,ABalppppa/ABpraaapa,400_minutes,170-210,190,Waterston_400_minutes
AGTCTTTCAGTAAGAT-400.2.2,9,0.29456043,470,ASE,ABalppppppaa/ABpraaapppaa,400_minutes,450-510,470,Waterston_400_minutes
AGTCTTTTCCCTTGCA-400.2.2,11,0.14804624,205,,ABalppppaa/ABpraaapaa,400_minutes,170-210,205,Waterston_400_minutes
AGTGGGAAGGGAACGG-400.2.2,19,0.14281893,385,AWA,ABpxaapapaa,400_minutes,330-390,385,Waterston_400_minutes
AGTGGGATCGGCTACG-400.2.2,7,0.022568036,260,Neuroblast_ASG_AWA,ABpxaapapa,400_minutes,210-270,260,Waterston_400_minutes
AGTTGGTAGGGAGTAA-400.2.2,9,0.20048691,390,ASE,ABalppppppaa/ABpraaapppaa,400_minutes,390-450,390,Waterston_400_minutes
AGTTGGTGTTTGTGTG-400.2.2,15,0.07329048,290,ASI_parent,ABpxaapappp,400_minutes,270-330,290,Waterston_400_minutes
ATAACGCAGCAGGCTA-400.2.2,15,0.120605715,365,ASI_parent,ABpxaapappp,400_minutes,330-390,365,Waterston_400_minutes
ATAACGCAGCGTGTCC-400.2.2,3,0.049022626,285,Neuroblast_ADF_AWB,ABalpppppa/ABpraaappa,400_minutes,270-330,285,Waterston_400_minutes
ATAACGCTCGTTGACA-400.2.2,8,0.062310006,265,Neuroblast_AFD_RMD,ABalpppapa/ABpraaaapa,400_minutes,210-270,265,Waterston_400_minutes
ATAGACCAGCATCATC-400.2.2,0,0.13836841,290,Neuroblast_AFD_RMD,ABalpppapa/ABpraaaapa,400_minutes,270-330,290,Waterston_400_minutes
ATCACGAAGAATGTGT-400.2.2,10,0.30320197,420,ASJ,ABalpppppppa/ABpraaappppa,400_minutes,390-450,420,Waterston_400_minutes
ATCATCTAGTACTTGC-400.2.2,1,0.02167809,190,,ABpxaapap,400_minutes,170-210,190,Waterston_400_minutes
ATCATCTCAAGTCTAC-400.2.2,1,0.0573018,170,,,400_minutes,170-210,170,Waterston_400_minutes
ATCATCTTCTAACGGT-400.2.2,2,0.03731065,245,Neuroblast_ASE_ASJ_AUA,ABalpppppp/ABpraaappp,400_minutes,210-270,245,Waterston_400_minutes
ATCATGGTCCGAATGT-400.2.2,4,0.06282462,270,,,400_minutes,270-330,270,Waterston_400_minutes
ATCCACCTCTGAAAGA-400.2.2,14,0.23085803,490,ADF,ABalpppppaa/ABpraaappaa,400_minutes,450-510,490,Waterston_400_minutes
ATCCGAATCATCTGCC-400.2.2,8,0.08498631,275,Neuroblast_AFD_RMD,ABalpppapa/ABpraaaapa,400_minutes,270-330,275,Waterston_400_minutes
ATCGAGTAGATCGGGT-400.2.2,8,0.028255748,230,Neuroblast_AFD_RMD,ABalpppapa/ABpraaaapa,400_minutes,210-270,230,Waterston_400_minutes
ATCGAGTGTACATGTC-400.2.2,11,0.29859954,300,ADL_parent,ABalppppaa/ABpraaapaa,400_minutes,270-330,300,Waterston_400_minutes
ATCTACTAGAGGTTAT-400.2.2,3,0.014008171,260,Neuroblast_ADF_AWB,ABalpppppa/ABpraaappa,400_minutes,210-270,260,Waterston_400_minutes
ATCTACTCAATGCCAT-400.2.2,0,0.6927072,550,AFD,ABalpppapav/ABpraaaapav,400_minutes,510-580,550,Waterston_400_minutes
ATCTACTGTCCCTACT-400.2.2,3,0.01122753,230,,ABalpppppa/ABpraaappa,400_minutes,210-270,230,Waterston_400_minutes
ATCTGCCCATCACAAC-400.2.2,0,0.2138337,390,AFD,ABalpppapav/ABpraaaapav,400_minutes,390-450,390,Waterston_400_minutes
ATCTGCCTCAGCAACT-400.2.2,11,0.20417078,275,,,400_minutes,270-330,275,Waterston_400_minutes
ATGAGGGGTTTGGCGC-400.2.2,4,0.057093192,260,,,400_minutes,210-270,260,Waterston_400_minutes
ATGCGATAGTGTACGG-400.2.2,1,0.013771472,200,,ABalppppp/ABpraaapp,400_minutes,170-210,200,Waterston_400_minutes
ATGCGATTCGCACTCT-400.2.2,13,0.20137854,390,ASH,ABpxpaappaa,400_minutes,390-450,390,Waterston_400_minutes
ATGTGTGCACGCGAAA-400.2.2,19,0.17569351,450,AWA,ABpxaapapaa,400_minutes,450-510,450,Waterston_400_minutes
ATTACTCAGTGACTCT-400.2.2,14,0.17159812,415,ADF,ABalpppppaa/ABpraaappaa,400_minutes,390-450,415,Waterston_400_minutes
ATTATCCCAATGGACG-400.2.2,9,0.17000082,350,ASE_parent,ABalppppppa/ABpraaapppa,400_minutes,330-390,350,Waterston_400_minutes
ATTATCCCAATTGCTG-400.2.2,4,0.050854795,270,,,400_minutes,270-330,270,Waterston_400_minutes
ATTATCCCACTACAGT-400.2.2,10,0.15934554,300,Neuroblast_ASJ_AUA,ABalppppppp/ABpraaapppp,400_minutes,270-330,300,Waterston_400_minutes
ATTATCCGTCTAGTGT-400.2.2,19,0.09116686,360,,,400_minutes,330-390,360,Waterston_400_minutes
ATTATCCGTTCTGTTT-400.2.2,9,0.16066778,360,ASE_parent,ABalppppppa/ABpraaapppa,400_minutes,330-390,360,Waterston_400_minutes
ATTATCCTCGCGTAGC-400.2.2,21,0.43420258,500,ASK,ABalpppapppa/ABpraaaapppa,400_minutes,450-510,500,Waterston_400_minutes
ATTCTACTCTCAAACG-400.2.2,0,0.23131818,350,AFD,ABalpppapav/ABpraaaapav,400_minutes,330-390,350,Waterston_400_minutes
ATTGGACAGACACTAA-400.2.2,8,0.093085855,260,Neuroblast_AFD_RMD,ABalpppapa/ABpraaaapa,400_minutes,210-270,260,Waterston_400_minutes
ATTGGACAGAGACTAT-400.2.2,5,0.10335284,320,ASK_parent,ABalpppappp/ABpraaaappp,400_minutes,270-330,320,Waterston_400_minutes
ATTGGACCACGGATAG-400.2.2,10,0.19183551,350,ASJ,ABalpppppppa/ABpraaappppa,400_minutes,330-390,350,Waterston_400_minutes
ATTGGACGTACCAGTT-400.2.2,7,0.05699344,300,Neuroblast_ASG_AWA,ABpxaapapa,400_minutes,270-330,300,Waterston_400_minutes
ATTGGACGTTATGTGC-400.2.2,13,0.18131253,380,ASH,ABpxpaappaa,400_minutes,330-390,380,Waterston_400_minutes
ATTTCTGAGACAGGCT-400.2.2,15,0.12079018,360,ASI_parent,ABpxaapappp,400_minutes,330-390,360,Waterston_400_minutes
ATTTCTGCAAAGGAAG-400.2.2,0,0.14697911,275,Neuroblast_AFD_RMD,ABalpppapa/ABpraaaapa,400_minutes,270-330,275,Waterston_400_minutes
ATTTCTGGTCTAGTGT-400.2.2,1,0.02895133,190,,ABpxaapapa,400_minutes,170-210,190,Waterston_400_minutes
CAACCAAAGGGAACGG-400.2.2,13,0.14229174,360,,,400_minutes,330-390,360,Waterston_400_minutes
CAACCAAGTAAGGATT-400.2.2,3,0.025713312,270,Neuroblast_ADF_AWB,ABalpppppa/ABpraaappa,400_minutes,270-330,270,Waterston_400_minutes
CAACCAATCCGCATAA-400.2.2,24,0.6392847,585,ASJ,ABalpppppppa/ABpraaappppa,400_minutes,580-650,585,Waterston_400_minutes
CAACTAGAGATCCGAG-400.2.2,6,0.04843779,215,,ABpxapppa,400_minutes,210-270,215,Waterston_400_minutes
CAAGATCTCAGAGGTG-400.2.2,18,0.11050579,380,AWC,ABpxpaaaaap,400_minutes,330-390,380,Waterston_400_minutes
CAAGATCTCCACGACG-400.2.2,1,0.030577922,190,,ABalppppa/ABpraaapa,400_minutes,170-210,190,Waterston_400_minutes
CAAGGCCTCCTGTACC-400.2.2,9,0.17080021,380,ASE,ABalppppppaa/ABpraaapppaa,400_minutes,330-390,380,Waterston_400_minutes
CAAGTTGGTACCGTTA-400.2.2,17,0.16376784,415,AWB,ABalpppppap/ABpraaappap,400_minutes,390-450,415,Waterston_400_minutes
CAAGTTGGTCACTGGC-400.2.2,12,0.3034825,350,ADL,ABalppppaad/ABpraaapaad,400_minutes,330-390,350,Waterston_400_minutes
CAAGTTGGTGCAACTT-400.2.2,15,0.09656881,300,ASI_parent,ABpxaapappp,400_minutes,270-330,300,Waterston_400_minutes
CAAGTTGTCCTGCTTG-400.2.2,10,0.40661603,450,ASJ,ABalpppppppa/ABpraaappppa,400_minutes,450-510,450,Waterston_400_minutes
CACACTCCAGGGTACA-400.2.2,15,0.1300519,415,ASJ,ABalpppppppa/ABpraaappppa,400_minutes,390-450,415,Waterston_400_minutes
CACACTCGTGTGACGA-400.2.2,2,0.036722627,450,ASE,ABalppppppaa/ABpraaapppaa,400_minutes,450-510,450,Waterston_400_minutes
CACAGGCAGTTGAGTA-400.2.2,15,0.11266874,320,ASI_parent,ABpxaapappp,400_minutes,270-330,320,Waterston_400_minutes
CACAGGCCATAGTAAG-400.2.2,10,0.37033942,450,ASJ,ABalpppppppa/ABpraaappppa,400_minutes,450-510,450,Waterston_400_minutes
CACAGGCTCCGCGTTT-400.2.2,19,0.14530726,410,ASG,ABpxaapapap,400_minutes,390-450,410,Waterston_400_minutes
CACAGTAGTCCCTACT-400.2.2,8,0.035777286,230,Neuroblast_AFD_RMD,ABalpppapa/ABpraaaapa,400_minutes,210-270,230,Waterston_400_minutes
CACAGTATCTCGTTTA-400.2.2,11,0.19924335,260,ADL_parent,ABalppppaa/ABpraaapaa,400_minutes,210-270,260,Waterston_400_minutes
CACATAGAGGCTAGAC-400.2.2,9,0.27160883,420,ASE,ABalppppppaa/ABpraaapppaa,400_minutes,390-450,420,Waterston_400_minutes
CACATAGGTTTAAGCC-400.2.2,4,0.042225853,230,,,400_minutes,210-270,230,Waterston_400_minutes
CACATTTAGCTCAACT-400.2.2,9,0.17073503,355,ASE_parent,ABalppppppa/ABpraaapppa,400_minutes,330-390,355,Waterston_400_minutes
CACATTTGTGGTACAG-400.2.2,1,0.035825055,170,,ABalpppap/ABpraaaap,400_minutes,170-210,170,Waterston_400_minutes
CACATTTTCTCAAGTG-400.2.2,9,0.15651567,350,ASE_parent,ABalppppppa/ABpraaapppa,400_minutes,330-390,350,Waterston_400_minutes
CACCACTAGCCCTAAT-400.2.2,4,0.04344882,230,,,400_minutes,210-270,230,Waterston_400_minutes
CACCACTAGCGATGAC-400.2.2,10,0.2197645,360,ASJ,ABalpppppppa/ABpraaappppa,400_minutes,330-390,360,Waterston_400_minutes
CACCACTTCGTAGGTT-400.2.2,19,0.10056527,490,AWA,ABpxaapapaa,400_minutes,450-510,490,Waterston_400_minutes
CACCAGGCAACGATCT-400.2.2,15,0.08513603,290,ASI_parent,ABpxaapappp,400_minutes,270-330,290,Waterston_400_minutes
CACCAGGTCTGCTTGC-400.2.2,9,0.30429184,450,ASE,ABalppppppaa/ABpraaapppaa,400_minutes,450-510,450,Waterston_400_minutes
CACCTTGCATTGCGGC-400.2.2,11,0.31488612,310,ADL_parent,ABalppppaa/ABpraaapaa,400_minutes,270-330,310,Waterston_400_minutes
CACTCCACACGCTTTC-400.2.2,2,0.03459969,195,,ABalpppppp/ABpraaappp,400_minutes,170-210,195,Waterston_400_minutes
CAGATCAAGGAGCGTT-400.2.2,10,0.21437003,340,Neuroblast_ASJ_AUA,ABalppppppp/ABpraaapppp,400_minutes,330-390,340,Waterston_400_minutes
CAGATCATCGGTGTCG-400.2.2,24,0.6169038,550,ASJ,ABalpppppppa/ABpraaappppa,400_minutes,510-580,550,Waterston_400_minutes
CAGCAGCTCTTTAGTC-400.2.2,3,0.037808705,270,Neuroblast_ADF_AWB,ABalpppppa/ABpraaappa,400_minutes,270-330,270,Waterston_400_minutes
CAGCATAGTCCAACTA-400.2.2,12,0.5914314,490,ADL,ABalppppaad/ABpraaapaad,400_minutes,450-510,490,Waterston_400_minutes
CAGCATATCAAACCGT-400.2.2,3,0.051316846,270,,,400_minutes,270-330,270,Waterston_400_minutes
CAGCATATCGTTTGCC-400.2.2,7,0.026457781,275,Neuroblast_ASG_AWA,ABpxaapapa,400_minutes,270-330,275,Waterston_400_minutes
CAGCCGACACCATGTA-400.2.2,14,0.05874331,300,Neuroblast_ADF_AWB,ABalpppppa/ABpraaappa,400_minutes,270-330,300,Waterston_400_minutes
CAGCCGACAGACAGGT-400.2.2,1,0.03229998,200,,ABalppppap/ABpraaapap,400_minutes,170-210,200,Waterston_400_minutes
CAGCCGACAGCTGTTA-400.2.2,15,0.09134093,295,ASI_parent,ABpxaapappp,400_minutes,270-330,295,Waterston_400_minutes
CAGCCGACATGAGCGA-400.2.2,13,0.2145872,385,ASH,ABpxpaappaa,400_minutes,330-390,385,Waterston_400_minutes
CAGCCGAGTAGGAGTC-400.2.2,15,0.10819426,415,ASI,ABpxaapapppa,400_minutes,390-450,415,Waterston_400_minutes
CAGCGACAGAAACCTA-400.2.2,11,0.035603795,205,,ABalppppaa/ABpraaapaa,400_minutes,170-210,205,Waterston_400_minutes
CAGCGACAGACAATAC-400.2.2,15,0.08817554,310,ASI_parent,ABpxaapappp,400_minutes,270-330,310,Waterston_400_minutes
CAGCTGGGTGAGGCTA-400.2.2,14,0.16634333,395,ADF_AWB,,400_minutes,390-450,395,Waterston_400_minutes
CAGGTGCAGCCACGCT-400.2.2,14,0.090231985,345,ADF_AWB,,400_minutes,330-390,345,Waterston_400_minutes
CAGTAACGTTGGTAAA-400.2.2,2,0.036525287,245,Neuroblast_ASE_ASJ_AUA,ABalpppppp/ABpraaappp,400_minutes,210-270,245,Waterston_400_minutes
CAGTAACTCGCAAACT-400.2.2,12,0.320594,370,ADL,ABalppppaad/ABpraaapaad,400_minutes,330-390,370,Waterston_400_minutes
CAGTCCTCACGGCGTT-400.2.2,19,0.116115995,380,ASG_AWA,,400_minutes,330-390,380,Waterston_400_minutes
CAGTCCTCATACTACG-400.2.2,13,0.1106938,300,,,400_minutes,270-330,300,Waterston_400_minutes
CATATGGTCCTTTCTC-400.2.2,10,0.12971646,290,Neuroblast_ASJ_AUA,ABalppppppp/ABpraaapppp,400_minutes,270-330,290,Waterston_400_minutes
CATCAAGAGTTAGCGG-400.2.2,10,0.17952284,340,Neuroblast_ASJ_AUA,ABalppppppp/ABpraaapppp,400_minutes,330-390,340,Waterston_400_minutes
CATCAAGGTGCCTGCA-400.2.2,18,0.18805522,350,AWC,ABpxpaaaaap,400_minutes,330-390,350,Waterston_400_minutes
CATCAAGGTTATCCGA-400.2.2,14,0.2071325,450,ADF,ABalpppppaa/ABpraaappaa,400_minutes,450-510,450,Waterston_400_minutes
CATCAAGTCTACTATC-400.2.2,24,0.5007084,490,ASJ,ABalpppppppa/ABpraaappppa,400_minutes,450-510,490,Waterston_400_minutes
CATCAAGTCTGTGCAA-400.2.2,9,0.23044845,385,ASE,ABalppppppaa/ABpraaapppaa,400_minutes,330-390,385,Waterston_400_minutes
CATCAGAAGCAGCCTC-400.2.2,14,0.06825474,370,ADF_AWB,,400_minutes,330-390,370,Waterston_400_minutes
CATCAGAAGGATGCGT-400.2.2,15,0.097336896,300,ASI_parent,ABpxaapappp,400_minutes,270-330,300,Waterston_400_minutes
CATCCACCAGTAAGCG-400.2.2,6,0.09986642,380,,,400_minutes,330-390,380,Waterston_400_minutes
CATCGAAAGGACTGGT-400.2.2,9,0.28730854,425,ASE,ABalppppppaa/ABpraaapppaa,400_minutes,390-450,425,Waterston_400_minutes
CATCGGGGTCCGAACC-400.2.2,19,0.10899114,365,ASG_AWA,,400_minutes,330-390,365,Waterston_400_minutes
CATCGGGTCAACCAAC-400.2.2,3,0.010254092,230,,ABpxapppa,400_minutes,210-270,230,Waterston_400_minutes
CATGCCTAGTAAGTAC-400.2.2,5,0.13830252,360,ASK_parent,ABalpppappp/ABpraaaappp,400_minutes,330-390,360,Waterston_400_minutes
CATGCCTCACTTCTGC-400.2.2,3,0.019702438,265,,,400_minutes,210-270,265,Waterston_400_minutes
CATGGCGAGCGTTCCG-400.2.2,11,0.094498344,210,,ABalppppaa/ABpraaapaa,400_minutes,210-270,210,Waterston_400_minutes
CATTATCCAATAGCAA-400.2.2,12,0.3208783,300,ADL_parent,ABalppppaa/ABpraaapaa,400_minutes,270-330,300,Waterston_400_minutes
CCACCTAGTATATGGA-400.2.2,13,0.16497801,380,ASH,ABpxpaappaa,400_minutes,330-390,380,Waterston_400_minutes
CCACGGATCTGTCAAG-400.2.2,1,0.008538529,200,,ABpxaapapp,400_minutes,170-210,200,Waterston_400_minutes
CCAGCGACACGACTCG-400.2.2,13,0.49393186,550,ASH,ABpxpaappaa,400_minutes,510-580,550,Waterston_400_minutes
CCAGCGACAGCATGAG-400.2.2,14,0.07038855,285,Neuroblast_ADF_AWB,ABalpppppa/ABpraaappa,400_minutes,270-330,285,Waterston_400_minutes
CCAGCGACAGCTTAAC-400.2.2,14,0.06910867,320,Neuroblast_ADF_AWB,ABalpppppa/ABpraaappa,400_minutes,270-330,320,Waterston_400_minutes
CCAGCGACATACCATG-400.2.2,13,0.21590835,450,ASH,ABpxpaappaa,400_minutes,450-510,450,Waterston_400_minutes
CCATGTCGTTGCTCCT-400.2.2,13,0.20789856,370,ASH,ABpxpaappaa,400_minutes,330-390,370,Waterston_400_minutes
CCATGTCTCCGCAAGC-400.2.2,9,0.23112956,410,ASE,ABalppppppaa/ABpraaapppaa,400_minutes,390-450,410,Waterston_400_minutes
CCATTCGAGCACCGTC-400.2.2,24,0.44008243,450,ASJ,ABalpppppppa/ABpraaappppa,400_minutes,450-510,450,Waterston_400_minutes
CCATTCGGTTTGGCGC-400.2.2,8,0.05859348,245,Neuroblast_AFD_RMD,ABalpppapa/ABpraaaapa,400_minutes,210-270,245,Waterston_400_minutes
CCCAATCAGACACTAA-400.2.2,10,0.14462768,275,Neuroblast_ASJ_AUA,ABalppppppp/ABpraaapppp,400_minutes,270-330,275,Waterston_400_minutes
CCCAATCAGGCATTGG-400.2.2,15,0.12103961,365,ASI_parent,ABpxaapappp,400_minutes,330-390,365,Waterston_400_minutes
CCCAGTTCAGATAATG-400.2.2,13,0.41092867,490,ASH,ABpxpaappaa,400_minutes,450-510,490,Waterston_400_minutes
CCCTCCTAGAGACTTA-400.2.2,18,0.63794935,640,AWC,ABpxpaaaaap,400_minutes,580-650,640,Waterston_400_minutes
CCCTCCTAGTGACATA-400.2.2,1,0.0305179,170,,,400_minutes,170-210,170,Waterston_400_minutes
CCCTCCTGTGCAACTT-400.2.2,4,0.027053744,190,,,400_minutes,170-210,190,Waterston_400_minutes
CCCTCCTTCAGGTAAA-400.2.2,18,0.29264486,420,AWC,ABpxpaaaaap,400_minutes,390-450,420,Waterston_400_minutes
CCGGGATTCCAGATCA-400.2.2,15,0.16239811,410,ASI,ABpxaapapppa,400_minutes,390-450,410,Waterston_400_minutes
CCGGTAGAGCGATGAC-400.2.2,14,0.19130303,450,ADF,ABalpppppaa/ABpraaappaa,400_minutes,450-510,450,Waterston_400_minutes
CCGGTAGAGCTAGTGG-400.2.2,0,0.56517446,510,AFD,ABalpppapav/ABpraaaapav,400_minutes,510-580,510,Waterston_400_minutes
CCGGTAGCAAAGTGCG-400.2.2,10,0.25273415,380,ASJ,ABalpppppppa/ABpraaappppa,400_minutes,330-390,380,Waterston_400_minutes
CCGGTAGTCTGCTTGC-400.2.2,11,0.29052916,300,ADL_parent,ABalppppaa/ABpraaapaa,400_minutes,270-330,300,Waterston_400_minutes
CCGTACTTCCAAGCCG-400.2.2,20,0.71621084,550,ADL,ABalppppaad/ABpraaapaad,400_minutes,510-580,550,Waterston_400_minutes
CCGTGGAAGGTGTGGT-400.2.2,3,0.039952934,280,Neuroblast_ADF_AWB,ABalpppppa/ABpraaappa,400_minutes,270-330,280,Waterston_400_minutes
CCGTGGACACATTAGC-400.2.2,0,0.20108387,325,AFD,ABalpppapav/ABpraaaapav,400_minutes,270-330,325,Waterston_400_minutes
CCGTGGAGTAGCTGCC-400.2.2,8,0.08394101,270,Neuroblast_AFD_RMD,ABalpppapa/ABpraaaapa,400_minutes,270-330,270,Waterston_400_minutes
CCGTGGAGTCCAGTTA-400.2.2,4,0.06165833,265,,,400_minutes,210-270,265,Waterston_400_minutes
CCGTTCACAGACAAGC-400.2.2,2,0.02972114,190,,ABalpppppp/ABpraaappp,400_minutes,170-210,190,Waterston_400_minutes
CCGTTCAGTGCAGGTA-400.2.2,1,0.036456708,175,,ABpxaapap,400_minutes,170-210,175,Waterston_400_minutes
CCGTTCATCGCTAGCG-400.2.2,5,0.11403238,320,ASK_parent,ABalpppappp/ABpraaaappp,400_minutes,270-330,320,Waterston_400_minutes
CCTAAAGGTCGAGTTT-400.2.2,10,0.14903897,300,Neuroblast_ASJ_AUA,ABalppppppp/ABpraaapppp,400_minutes,270-330,300,Waterston_400_minutes
CCTAAAGTCAACCATG-400.2.2,4,0.03406886,200,,ABpxpaaaa,400_minutes,170-210,200,Waterston_400_minutes
CCTAAAGTCGACCAGC-400.2.2,1,0.029587014,180,,ABpxaapapa,400_minutes,170-210,180,Waterston_400_minutes
CCTACACAGAAGGTGA-400.2.2,13,0.17883047,380,ASH,ABpxpaappaa,400_minutes,330-390,380,Waterston_400_minutes
CCTACACAGACATAAC-400.2.2,14,0.28881758,550,ADF,ABalpppppaa/ABpraaappaa,400_minutes,510-580,550,Waterston_400_minutes
CCTACACAGCGTTTAC-400.2.2,0,0.1893869,320,AFD,ABalpppapav/ABpraaaapav,400_minutes,270-330,320,Waterston_400_minutes
CCTACACCAAGTCTAC-400.2.2,2,0.04161371,260,Neuroblast_ASE_ASJ_AUA,ABalpppppp/ABpraaappp,400_minutes,210-270,260,Waterston_400_minutes
CCTACACCACACAGAG-400.2.2,7,0.011038732,260,Neuroblast_ASG_AWA,ABpxaapapa,400_minutes,210-270,260,Waterston_400_minutes
CCTACCATCACTGGGC-400.2.2,19,0.12562537,380,ASG_AWA,,400_minutes,330-390,380,Waterston_400_minutes
CCTATTAGTCCGAAGA-400.2.2,1,0.033456706,170,,ABpxaapapa,400_minutes,170-210,170,Waterston_400_minutes
CCTCAGTCATCATCCC-400.2.2,15,0.11551252,370,ASI_parent,ABpxaapappp,400_minutes,330-390,370,Waterston_400_minutes
CCTCAGTGTAGCGATG-400.2.2,9,0.16716553,330,ASE_parent,ABalppppppa/ABpraaapppa,400_minutes,330-390,330,Waterston_400_minutes
CCTCTGAAGTGGCACA-400.2.2,7,0.03340715,260,Neuroblast_ASG_AWA,ABpxaapapa,400_minutes,210-270,260,Waterston_400_minutes
CCTCTGACATTAGGCT-400.2.2,12,0.53747493,470,ADL,ABalppppaad/ABpraaapaad,400_minutes,450-510,470,Waterston_400_minutes
CCTCTGACATTATCTC-400.2.2,1,0.017815448,195,,ABpxaapapp,400_minutes,170-210,195,Waterston_400_minutes
CCTCTGAGTCATCCCT-400.2.2,24,0.6897628,620,ASJ,ABalpppppppa/ABpraaappppa,400_minutes,580-650,620,Waterston_400_minutes
CCTCTGAGTTTAAGCC-400.2.2,7,0.013650985,230,,,400_minutes,210-270,230,Waterston_400_minutes
CCTTACGCACAGACAG-400.2.2,0,0.3017678,420,AFD,ABalpppapav/ABpraaaapav,400_minutes,390-450,420,Waterston_400_minutes
CCTTCCCCATACAGCT-400.2.2,14,0.17248544,420,ADF,ABalpppppaa/ABpraaappaa,400_minutes,390-450,420,Waterston_400_minutes
CCTTCCCGTAGATTAG-400.2.2,6,0.080079064,295,,ABalaapap/ABalppaap,400_minutes,270-330,295,Waterston_400_minutes
CCTTCCCTCCTAAGTG-400.2.2,0,0.15929468,350,AFD,ABalpppapav/ABpraaaapav,400_minutes,330-390,350,Waterston_400_minutes
CCTTCGATCGCTAGCG-400.2.2,14,0.14659454,380,ADF_AWB,,400_minutes,330-390,380,Waterston_400_minutes
CGAACATGTACCATCA-400.2.2,18,0.13376698,280,,,400_minutes,270-330,280,Waterston_400_minutes
CGACTTCCAGACAAGC-400.2.2,3,0.030384809,280,Neuroblast_ADF_AWB,ABalpppppa/ABpraaappa,400_minutes,270-330,280,Waterston_400_minutes
CGACTTCGTGCACGAA-400.2.2,18,0.2862197,415,AWC,ABpxpaaaaap,400_minutes,390-450,415,Waterston_400_minutes
CGAGAAGAGAATTGTG-400.2.2,3,0.028325541,260,,,400_minutes,210-270,260,Waterston_400_minutes
CGAGCACAGGCATTGG-400.2.2,19,0.12819186,390,AWA,ABpxaapapaa,400_minutes,390-450,390,Waterston_400_minutes
CGAGCACTCTTGCATT-400.2.2,18,0.34644946,450,AWC,ABpxpaaaaap,400_minutes,450-510,450,Waterston_400_minutes
CGAGCCAAGTACGTTC-400.2.2,19,0.09907874,360,ASG_AWA,,400_minutes,330-390,360,Waterston_400_minutes
CGAGCCAGTTAGGGTG-400.2.2,0,0.17058882,350,AFD,ABalpppapav/ABpraaaapav,400_minutes,330-390,350,Waterston_400_minutes
CGATCGGAGGTAGCTG-400.2.2,12,0.3088927,350,ADL,ABalppppaad/ABpraaapaad,400_minutes,330-390,350,Waterston_400_minutes
CGATCGGGTCTCGTTC-400.2.2,4,0.061724894,260,,ABpxpaaaaa,400_minutes,210-270,260,Waterston_400_minutes
CGATTGAAGATCGGGT-400.2.2,12,0.33384916,350,ADL,ABalppppaad/ABpraaapaad,400_minutes,330-390,350,Waterston_400_minutes
CGATTGAGTTGATTGC-400.2.2,14,0.1436997,390,ADF_AWB,,400_minutes,390-450,390,Waterston_400_minutes
CGCCAAGCAGCTGCTG-400.2.2,18,0.21292062,385,AWC,ABpxpaaaaap,400_minutes,330-390,385,Waterston_400_minutes
CGCGGTATCTACCAGA-400.2.2,17,0.19212429,420,AWB,ABalpppppap/ABpraaappap,400_minutes,390-450,420,Waterston_400_minutes
CGCGTTTTCGTGGTCG-400.2.2,4,0.03180298,220,,,400_minutes,210-270,220,Waterston_400_minutes
CGCTATCAGTCCGGTC-400.2.2,4,0.04393726,225,,,400_minutes,210-270,225,Waterston_400_minutes
CGCTATCTCGCCAGCA-400.2.2,3,0.019052856,260,,,400_minutes,210-270,260,Waterston_400_minutes
CGCTTCAGTACAGTTC-400.2.2,0,0.24269462,345,AFD,ABalpppapav/ABpraaaapav,400_minutes,330-390,345,Waterston_400_minutes
CGGACACAGCCGGTAA-400.2.2,4,0.026730742,230,,ABpxpapaa,400_minutes,210-270,230,Waterston_400_minutes
CGGACACCAGTATAAG-400.2.2,14,0.15962088,410,ADF_AWB,,400_minutes,390-450,410,Waterston_400_minutes
CGGACACTCACCGTAA-400.2.2,3,0.028049063,270,Neuroblast_ADF_AWB,ABalpppppa/ABpraaappa,400_minutes,270-330,270,Waterston_400_minutes
CGGACGTGTGTGAATA-400.2.2,5,0.17042188,410,ASK,ABalpppapppa/ABpraaaapppa,400_minutes,390-450,410,Waterston_400_minutes
CGGAGCTAGATATGCA-400.2.2,18,0.36887503,435,AWC,ABpxpaaaaap,400_minutes,390-450,435,Waterston_400_minutes
CGGAGCTCAGGAATCG-400.2.2,1,0.030951276,170,,ABalpppap/ABpraaaap,400_minutes,170-210,170,Waterston_400_minutes
CGGCTAGAGCGCCTCA-400.2.2,4,0.057757597,280,,,400_minutes,270-330,280,Waterston_400_minutes
CGGCTAGTCCCAACGG-400.2.2,18,0.27626693,415,AWC,ABpxpaaaaap,400_minutes,390-450,415,Waterston_400_minutes
CGGTTAAGTACGCACC-400.2.2,9,0.10706253,325,ASE_parent,ABalppppppa/ABpraaapppa,400_minutes,270-330,325,Waterston_400_minutes
CGGTTAAGTCCAGTAT-400.2.2,4,0.059125446,275,,,400_minutes,270-330,275,Waterston_400_minutes
CGTAGCGCAGATTGCT-400.2.2,1,0.01256918,195,,ABpxaapap,400_minutes,170-210,195,Waterston_400_minutes
CGTCACTAGTCAATAG-400.2.2,12,0.59716314,490,ADL,ABalppppaad/ABpraaapaad,400_minutes,450-510,490,Waterston_400_minutes
CGTCACTCAAGGCTCC-400.2.2,17,0.16787364,550,AWB,ABalpppppap/ABpraaappap,400_minutes,510-580,550,Waterston_400_minutes
CGTCACTTCACTCCTG-400.2.2,18,0.075265504,285,,,400_minutes,270-330,285,Waterston_400_minutes
CGTCAGGCATTGTGCA-400.2.2,5,0.14462596,325,ASK_parent,ABalpppappp/ABpraaaappp,400_minutes,270-330,325,Waterston_400_minutes
CGTCAGGTCAAGGTAA-400.2.2,18,0.09463867,310,,,400_minutes,270-330,310,Waterston_400_minutes
CGTCAGGTCCTAGGGC-400.2.2,4,0.050144892,260,,,400_minutes,210-270,260,Waterston_400_minutes
CGTCCATCATTCCTCG-400.2.2,1,0.021808252,190,,ABpxaapapa,400_minutes,170-210,190,Waterston_400_minutes
CGTCTACAGTCCCACG-400.2.2,20,0.6863686,520,ADL,ABalppppaad/ABpraaapaad,400_minutes,510-580,520,Waterston_400_minutes
CGTCTACCACAGCCCA-400.2.2,1,0.03200931,170,,ABalpppap/ABpraaaap,400_minutes,170-210,170,Waterston_400_minutes
CGTCTACCATGGTAGG-400.2.2,8,0.07470788,275,Neuroblast_AFD_RMD,ABalpppapa/ABpraaaapa,400_minutes,270-330,275,Waterston_400_minutes
CGTCTACGTTAAGATG-400.2.2,10,0.24890581,410,ASJ,ABalpppppppa/ABpraaappppa,400_minutes,390-450,410,Waterston_400_minutes
CGTGAGCAGAATTCCC-400.2.2,13,0.18661919,390,ASH,ABpxpaappaa,400_minutes,390-450,390,Waterston_400_minutes
CGTGAGCCATCATCCC-400.2.2,9,0.12053295,320,ASE_parent,ABalppppppa/ABpraaapppa,400_minutes,270-330,320,Waterston_400_minutes
CGTGAGCGTCTCTTTA-400.2.2,2,0.03927339,215,Neuroblast_ASE_ASJ_AUA,ABalpppppp/ABpraaappp,400_minutes,210-270,215,Waterston_400_minutes
CGTGTAATCTGATACG-400.2.2,11,0.302987,300,ADL_parent,ABalppppaa/ABpraaapaa,400_minutes,270-330,300,Waterston_400_minutes
CGTGTCTCACCCAGTG-400.2.2,9,0.13873683,320,ASE_parent,ABalppppppa/ABpraaapppa,400_minutes,270-330,320,Waterston_400_minutes
CGTTAGACATACTCTT-400.2.2,0,0.26648077,380,AFD,ABalpppapav/ABpraaaapav,400_minutes,330-390,380,Waterston_400_minutes
CGTTCTGGTCCAGTAT-400.2.2,13,0.4754062,520,ASH,ABpxpaappaa,400_minutes,510-580,520,Waterston_400_minutes
CGTTGGGCATCTGGTA-400.2.2,6,0.06336019,245,,,400_minutes,210-270,245,Waterston_400_minutes
CGTTGGGTCAACACGT-400.2.2,14,0.14031138,385,ADF_AWB,,400_minutes,330-390,385,Waterston_400_minutes
CGTTGGGTCACAATGC-400.2.2,0,0.286596,380,AFD,ABalpppapav/ABpraaaapav,400_minutes,330-390,380,Waterston_400_minutes
CTAACTTGTGTAACGG-400.2.2,0,0.17140996,320,AFD,ABalpppapav/ABpraaaapav,400_minutes,270-330,320,Waterston_400_minutes
CTAAGACGTCATGCCG-400.2.2,14,0.14797626,390,ADF_AWB,,400_minutes,390-450,390,Waterston_400_minutes
CTAATGGAGGACACCA-400.2.2,14,0.11302161,375,ADF_AWB,,400_minutes,330-390,375,Waterston_400_minutes
CTAATGGAGGCCCTCA-400.2.2,9,0.13060245,300,ASE_parent,ABalppppppa/ABpraaapppa,400_minutes,270-330,300,Waterston_400_minutes
CTACACCAGTTCCACA-400.2.2,15,0.1075015,345,ASI_parent,ABpxaapappp,400_minutes,330-390,345,Waterston_400_minutes
CTACACCCATCTACGA-400.2.2,14,0.30277273,630,ADF,ABalpppppaa/ABpraaappaa,400_minutes,580-650,630,Waterston_400_minutes
CTACACCCATTGGCGC-400.2.2,0,0.23021038,300,AFD,ABalpppapav/ABpraaaapav,400_minutes,270-330,300,Waterston_400_minutes
CTACATTCAAGTAGTA-400.2.2,4,0.04831452,230,,ABpxpaaaap,400_minutes,210-270,230,Waterston_400_minutes
CTACATTGTGCAGACA-400.2.2,14,0.110383116,370,ADF_AWB,,400_minutes,330-390,370,Waterston_400_minutes
CTACATTTCCGCTGTT-400.2.2,12,0.33130443,380,ADL,ABalppppaad/ABpraaapaad,400_minutes,330-390,380,Waterston_400_minutes
CTACCCACATCAGTAC-400.2.2,17,0.17896266,415,AWB,ABalpppppap/ABpraaappap,400_minutes,390-450,415,Waterston_400_minutes
CTACGTCCATAAGACA-400.2.2,12,0.31033218,350,ADL,ABalppppaad/ABpraaapaad,400_minutes,330-390,350,Waterston_400_minutes
CTAGAGTGTGTAATGA-400.2.2,6,0.045833163,245,,,400_minutes,210-270,245,Waterston_400_minutes
CTAGAGTTCCTCTAGC-400.2.2,0,0.23569757,350,AFD,ABalpppapav/ABpraaaapav,400_minutes,330-390,350,Waterston_400_minutes
CTAGCCTCAATGGTCT-400.2.2,18,0.18538496,370,AWC,ABpxpaaaaap,400_minutes,330-390,370,Waterston_400_minutes
CTAGTGAGTTAAAGTG-400.2.2,21,0.3572414,440,ASK,ABalpppapppa/ABpraaaapppa,400_minutes,390-450,440,Waterston_400_minutes
CTAGTGATCACAACGT-400.2.2,17,0.15202929,420,AWB,ABalpppppap/ABpraaappap,400_minutes,390-450,420,Waterston_400_minutes
CTCAGAACAGTCAGAG-400.2.2,5,0.090954915,270,ASK_parent,ABalpppappp/ABpraaaappp,400_minutes,270-330,270,Waterston_400_minutes
CTCAGAAGTAGGAGTC-400.2.2,7,0.01339147,230,,ABpxaapapa,400_minutes,210-270,230,Waterston_400_minutes
CTCATTAAGTACGTAA-400.2.2,14,0.16235901,395,ADF_AWB,,400_minutes,390-450,395,Waterston_400_minutes
CTCATTACAATCAGAA-400.2.2,10,0.18419147,355,AUA,ABalpppppppp/ABpraaappppp,400_minutes,330-390,355,Waterston_400_minutes
CTCATTATCCTTTCGG-400.2.2,10,0.13251254,300,Neuroblast_ASJ_AUA,ABalppppppp/ABpraaapppp,400_minutes,270-330,300,Waterston_400_minutes
CTCGGGAGTGAACCTT-400.2.2,4,0.062281307,270,,,400_minutes,270-330,270,Waterston_400_minutes
CTCGGGAGTTAGAACA-400.2.2,15,0.118831486,355,ASI_parent,ABpxaapappp,400_minutes,330-390,355,Waterston_400_minutes
CTCGTACAGTGCGTGA-400.2.2,2,0.019241039,215,Neuroblast_ASE_ASJ_AUA,ABalpppppp/ABpraaappp,400_minutes,210-270,215,Waterston_400_minutes
CTCGTACGTACCGTAT-400.2.2,0,0.60359216,550,AFD,ABalpppapav/ABpraaaapav,400_minutes,510-580,550,Waterston_400_minutes
CTCGTACGTGAGCGAT-400.2.2,13,0.37594765,440,ASH,ABpxpaappaa,400_minutes,390-450,440,Waterston_400_minutes
CTCGTCAAGTATCTCG-400.2.2,5,0.12479622,330,ASK_parent,ABalpppappp/ABpraaaappp,400_minutes,330-390,330,Waterston_400_minutes
CTCGTCACATGCGCAC-400.2.2,3,0.015940726,260,Neuroblast_ADF_AWB,ABalpppppa/ABpraaappa,400_minutes,210-270,260,Waterston_400_minutes
CTCTAATGTATGAAAC-400.2.2,11,0.11883377,225,,ABalppppaa/ABpraaapaa,400_minutes,210-270,225,Waterston_400_minutes
CTCTAATGTCAGAATA-400.2.2,10,0.17866799,355,AUA,ABalpppppppp/ABpraaappppp,400_minutes,330-390,355,Waterston_400_minutes
CTCTAATGTTTGACAC-400.2.2,13,0.14939474,350,ASH,ABpxpaappaa,400_minutes,330-390,350,Waterston_400_minutes
CTCTAATTCATAAAGG-400.2.2,17,0.16085923,390,AWB,ABalpppppap/ABpraaappap,400_minutes,390-450,390,Waterston_400_minutes
CTCTAATTCTCGTTTA-400.2.2,1,0.036310934,170,,ABalppppa/ABpraaapa,400_minutes,170-210,170,Waterston_400_minutes
CTCTGGTCAGGTCCAC-400.2.2,11,0.31650144,300,ADL_parent,ABalppppaa/ABpraaapaa,400_minutes,270-330,300,Waterston_400_minutes
CTCTGGTTCGTGACAT-400.2.2,5,0.10150311,295,ASK_parent,ABalpppappp/ABpraaaappp,400_minutes,270-330,295,Waterston_400_minutes
CTGAAACTCTCGCTTG-400.2.2,0,0.23599233,350,AFD,ABalpppapav/ABpraaaapav,400_minutes,330-390,350,Waterston_400_minutes
CTGATCCAGGTGCTTT-400.2.2,0,0.20471254,390,AFD,ABalpppapav/ABpraaaapav,400_minutes,390-450,390,Waterston_400_minutes
CTGATCCTCTGCTGTC-400.2.2,1,0.03877746,175,,,400_minutes,170-210,175,Waterston_400_minutes
CTGCCTAGTTGGTAAA-400.2.2,18,0.50284755,585,AWC,ABpxpaaaaap,400_minutes,580-650,585,Waterston_400_minutes
CTGCCTATCGTTACAG-400.2.2,8,0.060529165,285,Neuroblast_AFD_RMD,ABalpppapa/ABpraaaapa,400_minutes,270-330,285,Waterston_400_minutes
CTGGTCTCACGACGAA-400.2.2,0,0.2179535,350,AFD,ABalpppapav/ABpraaaapav,400_minutes,330-390,350,Waterston_400_minutes
CTGGTCTCAGACGTAG-400.2.2,14,0.07390989,320,Neuroblast_ADF_AWB,ABalpppppa/ABpraaappa,400_minutes,270-330,320,Waterston_400_minutes
CTGGTCTCATAGGATA-400.2.2,18,0.16428722,350,AWC,ABpxpaaaaap,400_minutes,330-390,350,Waterston_400_minutes
CTGGTCTGTTGCGTTA-400.2.2,5,0.13441135,330,ASK_parent,ABalpppappp/ABpraaaappp,400_minutes,330-390,330,Waterston_400_minutes
CTTAACTGTTGCCTCT-400.2.2,5,0.08359163,390,ADF_AWB,,400_minutes,390-450,390,Waterston_400_minutes
CTTAGGAAGCAGATCG-400.2.2,9,0.24012126,415,ASE,ABalppppppaa/ABpraaapppaa,400_minutes,390-450,415,Waterston_400_minutes
CTTCTCTGTTTCCACC-400.2.2,4,0.052607622,230,,,400_minutes,210-270,230,Waterston_400_minutes
CTTTGCGAGCCAGTAG-400.2.2,9,0.14199547,350,ASE_parent,ABalppppppa/ABpraaapppa,400_minutes,330-390,350,Waterston_400_minutes
GAAATGAAGGGCTCTC-400.2.2,19,0.13108256,390,ASG,ABpxaapapap,400_minutes,390-450,390,Waterston_400_minutes
GAACCTAAGGTGACCA-400.2.2,3,0.019666152,260,,,400_minutes,210-270,260,Waterston_400_minutes
GAACGGACAAGGACTG-400.2.2,15,0.12245041,360,ASI_parent,ABpxaapappp,400_minutes,330-390,360,Waterston_400_minutes
GAACGGATCTTTACGT-400.2.2,18,0.21478504,410,AWC,ABpxpaaaaap,400_minutes,390-450,410,Waterston_400_minutes
GAATAAGAGATGCCTT-400.2.2,15,0.13018107,370,ASI_parent,ABpxaapappp,400_minutes,330-390,370,Waterston_400_minutes
GAATGAATCATGCTCC-400.2.2,24,0.6376813,500,ASJ,ABalpppppppa/ABpraaappppa,400_minutes,450-510,500,Waterston_400_minutes
GACACGCCAGTCAGAG-400.2.2,11,0.14844921,230,,ABalppppaa/ABpraaapaa,400_minutes,210-270,230,Waterston_400_minutes
GACACGCGTCCGTGAC-400.2.2,10,0.38589033,440,ASJ,ABalpppppppa/ABpraaappppa,400_minutes,390-450,440,Waterston_400_minutes
GACAGAGCAAGTCTAC-400.2.2,10,0.14716169,400,AUA,ABalpppppppp/ABpraaappppp,400_minutes,390-450,400,Waterston_400_minutes
GACAGAGCATCACGAT-400.2.2,9,0.21454757,370,ASE,ABalppppppaa/ABpraaapppaa,400_minutes,330-390,370,Waterston_400_minutes
GACAGAGTCGGAGGTA-400.2.2,11,0.27304825,300,ADL_parent,ABalppppaa/ABpraaapaa,400_minutes,270-330,300,Waterston_400_minutes
GACGCGTAGGATCGCA-400.2.2,1,0.03522576,170,,,400_minutes,170-210,170,Waterston_400_minutes
GACGGCTTCCCATTTA-400.2.2,3,0.022136664,230,Neuroblast_AFD_RMD,ABalpppapa/ABpraaaapa,400_minutes,210-270,230,Waterston_400_minutes
GACTACACAGCGTTCG-400.2.2,18,0.23264404,405,AWC,ABpxpaaaaap,400_minutes,390-450,405,Waterston_400_minutes
GACTACACAGTATAAG-400.2.2,15,0.13179697,365,ASI_parent,ABpxaapappp,400_minutes,330-390,365,Waterston_400_minutes
GAGCAGATCAGAGGTG-400.2.2,9,0.22585078,415,ASE,ABalppppppaa/ABpraaapppaa,400_minutes,390-450,415,Waterston_400_minutes
GAGCAGATCTTCATGT-400.2.2,12,0.477475,440,ADL,ABalppppaad/ABpraaapaad,400_minutes,390-450,440,Waterston_400_minutes
GAGGTGAAGGATGGAA-400.2.2,2,0.037363734,260,Neuroblast_ASE_ASJ_AUA,ABalpppppp/ABpraaappp,400_minutes,210-270,260,Waterston_400_minutes
GAGGTGACATTCTCAT-400.2.2,18,0.20971555,405,AWC,ABpxpaaaaap,400_minutes,390-450,405,Waterston_400_minutes
GAGGTGAGTCTAGCCG-400.2.2,10,0.1719933,345,Neuroblast_ASJ_AUA,ABalppppppp/ABpraaapppp,400_minutes,330-390,345,Waterston_400_minutes
GAGGTGATCCCTAATT-400.2.2,14,0.15316865,390,ADF_AWB,,400_minutes,390-450,390,Waterston_400_minutes
GATCAGTAGGATTCGG-400.2.2,14,0.15954717,405,ADF_AWB,,400_minutes,390-450,405,Waterston_400_minutes
GATCAGTAGTGCAAGC-400.2.2,3,0.01303536,260,,,400_minutes,210-270,260,Waterston_400_minutes
GATCAGTTCCAACCAA-400.2.2,18,0.1992654,390,AWC,ABpxpaaaaap,400_minutes,390-450,390,Waterston_400_minutes
GATCGATGTGTAATGA-400.2.2,9,0.13592783,315,ASE_parent,ABalppppppa/ABpraaapppa,400_minutes,270-330,315,Waterston_400_minutes
GATCGCGAGCTGAAAT-400.2.2,11,0.089476384,230,,ABalppppaa/ABpraaapaa,400_minutes,210-270,230,Waterston_400_minutes
GATCGCGAGTGTACCT-400.2.2,12,0.31282005,300,ADL_parent,ABalppppaa/ABpraaapaa,400_minutes,270-330,300,Waterston_400_minutes
GATCGCGGTTTGACTG-400.2.2,14,0.097709216,365,,,400_minutes,330-390,365,Waterston_400_minutes
GATCGTACACCAGCAC-400.2.2,12,0.29672182,340,ADL,ABalppppaad/ABpraaapaad,400_minutes,330-390,340,Waterston_400_minutes
GATCTAGTCTGTCTCG-400.2.2,4,0.05016235,340,,,400_minutes,330-390,340,Waterston_400_minutes
GATGCTACAGGGAGAG-400.2.2,15,0.26265106,490,ASI,ABpxaapapppa,400_minutes,450-510,490,Waterston_400_minutes
GATTCAGGTTGAACTC-400.2.2,3,0.02285435,260,Neuroblast_ADF_AWB,ABalpppppa/ABpraaappa,400_minutes,210-270,260,Waterston_400_minutes
GCAAACTAGTGGGCTA-400.2.2,11,0.31262976,270,ADL_parent,ABalppppaa/ABpraaapaa,400_minutes,270-330,270,Waterston_400_minutes
GCAAACTTCCGATATG-400.2.2,1,0.02657439,190,,ABpxaapap,400_minutes,170-210,190,Waterston_400_minutes
GCACTCTAGATTACCC-400.2.2,5,0.11781615,310,ASK_parent,ABalpppappp/ABpraaaappp,400_minutes,270-330,310,Waterston_400_minutes
GCACTCTCAGGGTACA-400.2.2,4,0.03656984,205,,ABpxpaaaa,400_minutes,170-210,205,Waterston_400_minutes
GCACTCTTCACCCTCA-400.2.2,3,0.038187478,270,Neuroblast_ADF_AWB,ABalpppppa/ABpraaappa,400_minutes,270-330,270,Waterston_400_minutes
GCAGCCAAGTGCGTGA-400.2.2,19,0.26268858,500,AWA,ABpxaapapaa,400_minutes,450-510,500,Waterston_400_minutes
GCAGTTAAGCGTAGTG-400.2.2,15,0.11513609,345,ASI_parent,ABpxaapappp,400_minutes,330-390,345,Waterston_400_minutes
GCAGTTATCGGAAATA-400.2.2,1,0.025558427,165,,ABpxpppap,400_minutes,130-170,165,Waterston_400_minutes
GCATACACATCTATGG-400.2.2,4,0.05354111,225,,,400_minutes,210-270,225,Waterston_400_minutes
GCATGATAGCGACGTA-400.2.2,0,0.2615629,360,AFD,ABalpppapav/ABpraaaapav,400_minutes,330-390,360,Waterston_400_minutes
GCATGATAGTACTTGC-400.2.2,13,0.12225571,350,ASH,ABpxpaappaa,400_minutes,330-390,350,Waterston_400_minutes
GCATGATCAATTGCTG-400.2.2,5,0.11808953,300,ASK_parent,ABalpppappp/ABpraaaappp,400_minutes,270-330,300,Waterston_400_minutes
GCATGATGTGTGGTTT-400.2.2,12,0.28285798,310,ADL_parent,ABalppppaa/ABpraaapaa,400_minutes,270-330,310,Waterston_400_minutes
GCATGCGCAACACGCC-400.2.2,18,0.17334074,365,AWC,ABpxpaaaaap,400_minutes,330-390,365,Waterston_400_minutes
GCATGTAAGTAGTGCG-400.2.2,18,0.16191167,350,AWC,ABpxpaaaaap,400_minutes,330-390,350,Waterston_400_minutes
GCATGTATCCGCAGTG-400.2.2,19,0.10346517,350,ASG_AWA,,400_minutes,330-390,350,Waterston_400_minutes
GCCAAATGTCACCCAG-400.2.2,5,0.10850444,310,ASK_parent,ABalpppappp/ABpraaaappp,400_minutes,270-330,310,Waterston_400_minutes
GCGAGAACACCAGGCT-400.2.2,19,0.11374614,380,ASG_AWA,,400_minutes,330-390,380,Waterston_400_minutes
GCGAGAAGTTACAGAA-400.2.2,8,0.058453638,270,Neuroblast_AFD_RMD,ABalpppapa/ABpraaaapa,400_minutes,270-330,270,Waterston_400_minutes
GCGCAACAGGATCGCA-400.2.2,11,0.0657343,195,,ABalppppaa/ABpraaapaa,400_minutes,170-210,195,Waterston_400_minutes
GCGCAACGTCCTCTTG-400.2.2,20,0.65329456,490,ADL,ABalppppaad/ABpraaapaad,400_minutes,450-510,490,Waterston_400_minutes
GCGCAGTTCAACGGCC-400.2.2,15,0.14384708,370,ASI_parent,ABpxaapappp,400_minutes,330-390,370,Waterston_400_minutes
GCGCCAATCTCATTCA-400.2.2,5,0.16202542,425,ASK,ABalpppapppa/ABpraaaapppa,400_minutes,390-450,425,Waterston_400_minutes
GCGCGATCAAGTTAAG-400.2.2,19,0.14147212,390,AWA,ABpxaapapaa,400_minutes,390-450,390,Waterston_400_minutes
GCTCCTAAGTGTCCCG-400.2.2,7,0.013528763,260,Neuroblast_ASG_AWA,ABpxaapapa,400_minutes,210-270,260,Waterston_400_minutes
GCTCCTATCAGGTAAA-400.2.2,7,0.04821108,300,Neuroblast_ASG_AWA,ABpxaapapa,400_minutes,270-330,300,Waterston_400_minutes
GCTGCGATCCTCAACC-400.2.2,0,0.5951736,530,AFD,ABalpppapav/ABpraaaapav,400_minutes,510-580,530,Waterston_400_minutes
GCTGCTTTCAGTACGT-400.2.2,15,0.095246665,310,ASI_parent,ABpxaapappp,400_minutes,270-330,310,Waterston_400_minutes
GCTTCCATCAGGCCCA-400.2.2,12,0.3175518,300,ADL_parent,ABalppppaa/ABpraaapaa,400_minutes,270-330,300,Waterston_400_minutes
GCTTGAACATGTAGTC-400.2.2,12,0.30701536,320,ADL_parent,ABalppppaa/ABpraaapaa,400_minutes,270-330,320,Waterston_400_minutes
GCTTGAATCCGAAGAG-400.2.2,10,0.185453,350,ASJ,ABalpppppppa/ABpraaappppa,400_minutes,330-390,350,Waterston_400_minutes
GGAAAGCTCGCTGATA-400.2.2,3,0.037010655,270,,,400_minutes,270-330,270,Waterston_400_minutes
GGAATAAAGATGCCTT-400.2.2,14,0.15413953,410,ADF_AWB,,400_minutes,390-450,410,Waterston_400_minutes
GGAATAAGTGCGAAAC-400.2.2,4,0.037254095,210,,ABpxpaaaaa,400_minutes,210-270,210,Waterston_400_minutes
GGAATAATCAAACGGG-400.2.2,1,0.017405016,195,,ABpxaapap,400_minutes,170-210,195,Waterston_400_minutes
GGAATAATCTCTTATG-400.2.2,8,0.023860931,220,,ABalpppapa/ABpraaaapa,400_minutes,210-270,220,Waterston_400_minutes
GGACAAGAGAGAACAG-400.2.2,19,0.11125768,380,ASG_AWA,,400_minutes,330-390,380,Waterston_400_minutes
GGACAAGAGCCACTAT-400.2.2,18,0.16158463,350,AWC,ABpxpaaaaap,400_minutes,330-390,350,Waterston_400_minutes
GGACAAGTCGAGAGCA-400.2.2,3,0.01840679,260,Neuroblast_ADF_AWB,ABalpppppa/ABpraaappa,400_minutes,210-270,260,Waterston_400_minutes
GGACAGAAGGTAGCCA-400.2.2,13,0.22294131,370,ASH,ABpxpaappaa,400_minutes,330-390,370,Waterston_400_minutes
GGACAGATCACCCGAG-400.2.2,19,0.1417441,380,AWA,ABpxaapapaa,400_minutes,330-390,380,Waterston_400_minutes
GGACATTAGAGCCTAG-400.2.2,19,0.1945525,450,ASG,ABpxaapapap,400_minutes,450-510,450,Waterston_400_minutes
GGACATTGTATCAGTC-400.2.2,14,0.08601105,300,Neuroblast_ADF_AWB,ABalpppppa/ABpraaappa,400_minutes,270-330,300,Waterston_400_minutes
GGACATTGTGGTCTCG-400.2.2,7,0.02509577,290,Neuroblast_ASG_AWA,ABpxaapapa,400_minutes,270-330,290,Waterston_400_minutes
GGATGTTTCCGCGTTT-400.2.2,10,0.3912754,450,ASJ,ABalpppppppa/ABpraaappppa,400_minutes,450-510,450,Waterston_400_minutes
GGATTACAGAGCAATT-400.2.2,10,0.13674006,420,AUA,ABalpppppppp/ABpraaappppp,400_minutes,390-450,420,Waterston_400_minutes
GGCAATTCAGCTCGAC-400.2.2,2,0.02550745,200,,ABalpppppp/ABpraaappp,400_minutes,170-210,200,Waterston_400_minutes
GGCAATTTCTGTCCGT-400.2.2,9,0.25334963,420,ASE,ABalppppppaa/ABpraaapppaa,400_minutes,390-450,420,Waterston_400_minutes
GGCCGATAGGCTAGAC-400.2.2,10,0.18244244,355,AUA,ABalpppppppp/ABpraaappppp,400_minutes,330-390,355,Waterston_400_minutes
GGCCGATCACATGGGA-400.2.2,10,0.26413068,410,ASJ,ABalpppppppa/ABpraaappppa,400_minutes,390-450,410,Waterston_400_minutes
GGCCGATGTAAGAGGA-400.2.2,12,0.5503757,450,ADL,ABalppppaad/ABpraaapaad,400_minutes,450-510,450,Waterston_400_minutes
GGCTCGACAATCGAAA-400.2.2,4,0.054432873,260,,,400_minutes,210-270,260,Waterston_400_minutes
GGCTCGACATGTTGAC-400.2.2,13,0.121643275,345,ASH,ABpxpaappaa,400_minutes,330-390,345,Waterston_400_minutes
GGCTGGTGTGCCTGCA-400.2.2,1,0.034795456,170,,ABalpppap/ABpraaaap,400_minutes,170-210,170,Waterston_400_minutes
GGCTGGTTCTTTAGGG-400.2.2,10,0.29134062,415,ASJ,ABalpppppppa/ABpraaappppa,400_minutes,390-450,415,Waterston_400_minutes
GGGAATGAGACAAGCC-400.2.2,18,0.5626003,620,AWC,ABpxpaaaaap,400_minutes,580-650,620,Waterston_400_minutes
GGGAGATGTACAGCAG-400.2.2,0,0.13458546,310,AFD,ABalpppapav/ABpraaaapav,400_minutes,270-330,310,Waterston_400_minutes
GGGCACTGTCAAAGAT-400.2.2,11,0.28457502,300,ADL_parent,ABalppppaa/ABpraaapaa,400_minutes,270-330,300,Waterston_400_minutes
GGGTCTGAGTTTAGGA-400.2.2,0,0.41526917,450,AFD,ABalpppapav/ABpraaaapav,400_minutes,450-510,450,Waterston_400_minutes
GGGTCTGGTATATCCG-400.2.2,12,0.43846455,450,ADL,ABalppppaad/ABpraaapaad,400_minutes,450-510,450,Waterston_400_minutes
GGGTCTGGTCATATGC-400.2.2,19,0.13277365,390,AWA,ABpxaapapaa,400_minutes,390-450,390,Waterston_400_minutes
GGGTTGCAGAGCCCAA-400.2.2,19,0.16688855,410,ASG,ABpxaapapap,400_minutes,390-450,410,Waterston_400_minutes
GGGTTGCCAAGCTGAG-400.2.2,13,0.14455749,350,ASH,ABpxpaappaa,400_minutes,330-390,350,Waterston_400_minutes
GGTATTGAGGCGACAT-400.2.2,10,0.21803054,360,ASJ,ABalpppppppa/ABpraaappppa,400_minutes,330-390,360,Waterston_400_minutes
GGTATTGGTATAAACG-400.2.2,18,0.5288974,490,AWC,ABpxpaaaaap,400_minutes,450-510,490,Waterston_400_minutes
GGTATTGGTCGTCTTC-400.2.2,12,0.30894196,360,ADL,ABalppppaad/ABpraaapaad,400_minutes,330-390,360,Waterston_400_minutes
GGTGAAGGTGCTTCTC-400.2.2,4,0.033657566,220,,,400_minutes,210-270,220,Waterston_400_minutes
GGTGTTACAGCCTTGG-400.2.2,12,0.5110158,440,ADL,ABalppppaad/ABpraaapaad,400_minutes,390-450,440,Waterston_400_minutes
GGTGTTATCTGCTTGC-400.2.2,3,0.021604355,455,AUA,ABpxpaappa,400_minutes,450-510,455,Waterston_400_minutes
GTACTCCTCACCGGGT-400.2.2,0,0.24265523,320,AFD,ABalpppapav/ABpraaaapav,400_minutes,270-330,320,Waterston_400_minutes
GTACTTTCATCGTCGG-400.2.2,4,0.048477646,215,,,400_minutes,210-270,215,Waterston_400_minutes
GTACTTTGTAGCGTCC-400.2.2,1,0.019088449,180,,,400_minutes,170-210,180,Waterston_400_minutes
GTATCTTAGCCGGTAA-400.2.2,13,0.31789163,440,ASH,ABpxpaappaa,400_minutes,390-450,440,Waterston_400_minutes
GTATCTTGTACTCTCC-400.2.2,8,0.06869692,265,Neuroblast_AFD_RMD,ABalpppapa/ABpraaaapa,400_minutes,210-270,265,Waterston_400_minutes
GTATCTTGTTTAAGCC-400.2.2,4,0.06147064,265,,,400_minutes,210-270,265,Waterston_400_minutes
GTATTCTGTCAGTGGA-400.2.2,3,0.036014136,270,Neuroblast_ADF_AWB,ABalpppppa/ABpraaappa,400_minutes,270-330,270,Waterston_400_minutes
GTCAAGTCACCAGCAC-400.2.2,12,0.34835228,425,ADL,ABalppppaad/ABpraaapaad,400_minutes,390-450,425,Waterston_400_minutes
GTCACAAAGTGTTAGA-400.2.2,13,0.13820094,345,ASH,ABpxpaappaa,400_minutes,330-390,345,Waterston_400_minutes
GTCACAATCAGAGCTT-400.2.2,18,0.175079,345,AWC,ABpxpaaaaap,400_minutes,330-390,345,Waterston_400_minutes
GTCACAATCATCTGTT-400.2.2,5,0.13117422,375,ASK_parent,ABalpppappp/ABpraaaappp,400_minutes,330-390,375,Waterston_400_minutes
GTCATTTAGAGGGATA-400.2.2,2,0.042319465,190,,ABalpppppp/ABpraaappp,400_minutes,170-210,190,Waterston_400_minutes
GTCATTTGTATTACCG-400.2.2,1,0.03191433,195,,ABpxaapap,400_minutes,170-210,195,Waterston_400_minutes
GTCATTTTCTTAGAGC-400.2.2,1,0.023810929,190,,ABpxaapap,400_minutes,170-210,190,Waterston_400_minutes
GTCGGGTTCACCGTAA-400.2.2,3,0.01706378,260,Neuroblast_ADF_AWB,ABalpppppa/ABpraaappa,400_minutes,210-270,260,Waterston_400_minutes
GTCGGGTTCGGATGGA-400.2.2,18,0.20564726,385,AWC,ABpxpaaaaap,400_minutes,330-390,385,Waterston_400_minutes
GTGCAGCCACTTGGAT-400.2.2,3,0.045788553,270,Neuroblast_ADF_AWB,ABalpppppa/ABpraaappa,400_minutes,270-330,270,Waterston_400_minutes
GTGCAGCTCAAACAAG-400.2.2,14,0.12298194,375,ADF_AWB,,400_minutes,330-390,375,Waterston_400_minutes
GTGCAGCTCGCGTAGC-400.2.2,5,0.096135944,290,ASK_parent,ABalpppappp/ABpraaaappp,400_minutes,270-330,290,Waterston_400_minutes
GTGCATACACGGTGTC-400.2.2,1,0.0,160,,,400_minutes,130-170,160,Waterston_400_minutes
GTGCGGTCAAATCCGT-400.2.2,19,0.12578087,350,ASG_AWA,,400_minutes,330-390,350,Waterston_400_minutes
GTGCGGTTCTGGAGCC-400.2.2,9,0.17388313,360,ASE,ABalppppppaa/ABpraaapppaa,400_minutes,330-390,360,Waterston_400_minutes
GTGCTTCGTGATGATA-400.2.2,10,0.13818948,500,AUA,ABalpppppppp/ABpraaappppp,400_minutes,450-510,500,Waterston_400_minutes
GTGCTTCGTTGTGGCC-400.2.2,3,0.0171643,260,,,400_minutes,210-270,260,Waterston_400_minutes
GTGTGCGAGCCAACAG-400.2.2,12,0.29680213,300,ADL_parent,ABalppppaa/ABpraaapaa,400_minutes,270-330,300,Waterston_400_minutes
GTGTGCGAGCTGGAAC-400.2.2,1,0.024853626,190,,ABalpppapp/ABpraaaapp,400_minutes,170-210,190,Waterston_400_minutes
GTGTGCGTCCGCAAGC-400.2.2,12,0.32884318,385,ADL,ABalppppaad/ABpraaapaad,400_minutes,330-390,385,Waterston_400_minutes
GTGTGCGTCGAATCCA-400.2.2,9,0.28277233,425,ASE,ABalppppppaa/ABpraaapppaa,400_minutes,390-450,425,Waterston_400_minutes
GTGTGCGTCTTGACGA-400.2.2,7,0.015075346,260,Neuroblast_ASG_AWA,ABpxaapapa,400_minutes,210-270,260,Waterston_400_minutes
GTGTTAGAGACGCTTT-400.2.2,10,0.14448845,330,Neuroblast_ASJ_AUA,ABalppppppp/ABpraaapppp,400_minutes,330-390,330,Waterston_400_minutes
GTGTTAGCACCTCGTT-400.2.2,2,0.045225278,260,Neuroblast_ASE_ASJ_AUA,ABalpppppp/ABpraaappp,400_minutes,210-270,260,Waterston_400_minutes
GTGTTAGCATGGGACA-400.2.2,15,0.09367592,340,ASI_parent,ABpxaapappp,400_minutes,330-390,340,Waterston_400_minutes
GTTAAGCAGGAACTGC-400.2.2,5,0.1554493,355,ASK_parent,ABalpppappp/ABpraaaappp,400_minutes,330-390,355,Waterston_400_minutes
GTTAAGCCATTGTGCA-400.2.2,14,0.17611146,420,ADF,ABalpppppaa/ABpraaappaa,400_minutes,390-450,420,Waterston_400_minutes
GTTAAGCGTAGCTAAA-400.2.2,8,0.03342815,245,Neuroblast_AFD_RMD,ABalpppapa/ABpraaaapa,400_minutes,210-270,245,Waterston_400_minutes
GTTAAGCTCATGTCCC-400.2.2,14,0.23051532,490,ADF,ABalpppppaa/ABpraaappaa,400_minutes,450-510,490,Waterston_400_minutes
GTTACAGGTAGTAGTA-400.2.2,2,0.036154874,260,Neuroblast_ASE_ASJ_AUA,ABalpppppp/ABpraaappp,400_minutes,210-270,260,Waterston_400_minutes
GTTCATTAGATAGGAG-400.2.2,15,0.17474456,410,ASI,ABpxaapapppa,400_minutes,390-450,410,Waterston_400_minutes
GTTCATTTCAGCTCGG-400.2.2,9,0.17593254,375,ASE,ABalppppppaa/ABpraaapppaa,400_minutes,330-390,375,Waterston_400_minutes
GTTCGGGAGAGGTTAT-400.2.2,4,0.045759596,205,,,400_minutes,170-210,205,Waterston_400_minutes
GTTCTCGAGAGCTGCA-400.2.2,18,0.18623571,375,AWC,ABpxpaaaaap,400_minutes,330-390,375,Waterston_400_minutes
GTTCTCGAGGCAGTCA-400.2.2,5,0.11584754,300,ASK_parent,ABalpppappp/ABpraaaappp,400_minutes,270-330,300,Waterston_400_minutes
GTTCTCGTCCCTGACT-400.2.2,3,0.041192386,280,,,400_minutes,270-330,280,Waterston_400_minutes
TAAACCGAGCGCCTCA-400.2.2,0,0.24310043,380,AFD,ABalpppapav/ABpraaaapav,400_minutes,330-390,380,Waterston_400_minutes
TAAGCGTCAATGGATA-400.2.2,19,0.12549034,380,ASG_AWA,,400_minutes,330-390,380,Waterston_400_minutes
TAAGTGCAGACGCACA-400.2.2,3,0.01690892,185,,ABpxaapap,400_minutes,170-210,185,Waterston_400_minutes
TAAGTGCAGATCCCGC-400.2.2,2,0.02603038,210,Neuroblast_ASE_ASJ_AUA,ABalpppppp/ABpraaappp,400_minutes,210-270,210,Waterston_400_minutes
TAAGTGCAGGCTAGAC-400.2.2,2,0.018099643,215,Neuroblast_ASE_ASJ_AUA,ABalpppppp/ABpraaappp,400_minutes,210-270,215,Waterston_400_minutes
TAAGTGCGTACTCGCG-400.2.2,14,0.14429699,385,,,400_minutes,330-390,385,Waterston_400_minutes
TAAGTGCGTCGGCACT-400.2.2,9,0.13964094,320,ASE_parent,ABalppppppa/ABpraaapppa,400_minutes,270-330,320,Waterston_400_minutes
TAAGTGCGTGGTCTCG-400.2.2,9,0.16955289,365,ASE_parent,ABalppppppa/ABpraaapppa,400_minutes,330-390,365,Waterston_400_minutes
TAAGTGCTCCATTCTA-400.2.2,5,0.094016396,290,ASK_parent,ABalpppappp/ABpraaaappp,400_minutes,270-330,290,Waterston_400_minutes
TACACGAGTGGTCTCG-400.2.2,10,0.23725428,360,ASJ,ABalpppppppa/ABpraaappppa,400_minutes,330-390,360,Waterston_400_minutes
TACAGTGGTAGAAAGG-400.2.2,10,0.39870366,450,ASJ,ABalpppppppa/ABpraaappppa,400_minutes,450-510,450,Waterston_400_minutes
TACCTATAGTACGCCC-400.2.2,10,0.18684861,320,Neuroblast_ASJ_AUA,ABalppppppp/ABpraaapppp,400_minutes,270-330,320,Waterston_400_minutes
TACCTATGTGCGCTTG-400.2.2,14,0.17346212,400,ADF_AWB,,400_minutes,390-450,400,Waterston_400_minutes
TACCTATTCGCCAAAT-400.2.2,7,0.02295252,260,Neuroblast_ASG_AWA,ABpxaapapa,400_minutes,210-270,260,Waterston_400_minutes
TACCTTACAACACGCC-400.2.2,12,0.28075123,310,ADL_parent,ABalppppaa/ABpraaapaa,400_minutes,270-330,310,Waterston_400_minutes
TACGGATCAAAGCAAT-400.2.2,21,0.5037672,490,ASK,ABalpppapppa/ABpraaaapppa,400_minutes,450-510,490,Waterston_400_minutes
TACGGGCCATCAGTCA-400.2.2,12,0.33051464,355,ADL,ABalppppaad/ABpraaapaad,400_minutes,330-390,355,Waterston_400_minutes
TACGGTAAGACATAAC-400.2.2,13,0.18863885,380,ASH,ABpxpaappaa,400_minutes,330-390,380,Waterston_400_minutes
TACGGTACAAACAACA-400.2.2,21,0.24311288,420,ASK,ABalpppapppa/ABpraaaapppa,400_minutes,390-450,420,Waterston_400_minutes
TACGGTACAAGCTGGA-400.2.2,4,0.042251304,320,ASE_parent,ABalppppppa/ABpraaapppa,400_minutes,270-330,320,Waterston_400_minutes
TACGGTAGTCATATGC-400.2.2,5,0.18742968,390,ASK,ABalpppapppa/ABpraaaapppa,400_minutes,390-450,390,Waterston_400_minutes
TACGGTATCGGCTTGG-400.2.2,2,0.062289584,290,Neuroblast_ASJ_AUA,ABalppppppp/ABpraaapppp,400_minutes,270-330,290,Waterston_400_minutes
TACTCATCAGCTGCAC-400.2.2,0,0.62579364,550,AFD,ABalpppapav/ABpraaaapav,400_minutes,510-580,550,Waterston_400_minutes
TACTCGCCACGAAAGC-400.2.2,7,0.0148466565,265,Neuroblast_ASG_AWA,ABpxaapapa,400_minutes,210-270,265,Waterston_400_minutes
TACTCGCTCACTATTC-400.2.2,10,0.17991675,320,Neuroblast_ASJ_AUA,ABalppppppp/ABpraaapppp,400_minutes,270-330,320,Waterston_400_minutes
TACTTGTGTCCGAACC-400.2.2,4,0.06031118,260,,,400_minutes,210-270,260,Waterston_400_minutes
TAGACCAGTCCAGTTA-400.2.2,3,0.04940175,285,,,400_minutes,270-330,285,Waterston_400_minutes
TAGACCATCTATGTGG-400.2.2,11,0.29405016,290,ADL_parent,ABalppppaa/ABpraaapaa,400_minutes,270-330,290,Waterston_400_minutes
TAGAGCTAGCTGCAAG-400.2.2,11,0.15712486,215,,ABalppppaa/ABpraaapaa,400_minutes,210-270,215,Waterston_400_minutes
TAGAGCTGTACAGTTC-400.2.2,18,0.35632107,450,AWC,ABpxpaaaaap,400_minutes,450-510,450,Waterston_400_minutes
TAGGCATCACCGAAAG-400.2.2,9,0.12259383,300,ASE_parent,ABalppppppa/ABpraaapppa,400_minutes,270-330,300,Waterston_400_minutes
TAGTTGGCATGCAATC-400.2.2,9,0.1523582,350,ASE_parent,ABalppppppa/ABpraaapppa,400_minutes,330-390,350,Waterston_400_minutes
TAGTTGGGTCATACTG-400.2.2,7,0.03035523,280,Neuroblast_ASG_AWA,ABpxaapapa,400_minutes,270-330,280,Waterston_400_minutes
TAGTTGGTCAACACAC-400.2.2,13,0.15572739,390,AFD,ABalpppapav/ABpraaaapav,400_minutes,390-450,390,Waterston_400_minutes
TATCTCAAGTGACATA-400.2.2,12,0.31005248,350,ADL,ABalppppaad/ABpraaapaad,400_minutes,330-390,350,Waterston_400_minutes
TATGCCCCAATGGACG-400.2.2,10,0.22224414,380,ASJ,ABalpppppppa/ABpraaappppa,400_minutes,330-390,380,Waterston_400_minutes
TATGCCCCACAGGTTT-400.2.2,7,0.010263959,260,Neuroblast_ASG_AWA,ABpxaapapa,400_minutes,210-270,260,Waterston_400_minutes
TATTACCGTTGGTGGA-400.2.2,15,0.1521623,380,ASI_parent,ABpxaapappp,400_minutes,330-390,380,Waterston_400_minutes
TCAACGATCACGAAGG-400.2.2,10,0.106769994,280,Neuroblast_ASJ_AUA,ABalppppppp/ABpraaapppp,400_minutes,270-330,280,Waterston_400_minutes
TCAATCTCACCGAAAG-400.2.2,3,0.028064746,270,Neuroblast_ADF_AWB,ABalpppppa/ABpraaappa,400_minutes,270-330,270,Waterston_400_minutes
TCAATCTCACTTAACG-400.2.2,4,0.044786274,230,,,400_minutes,210-270,230,Waterston_400_minutes
TCACAAGTCATCGATG-400.2.2,10,0.17397569,360,AUA,ABalpppppppp/ABpraaappppp,400_minutes,330-390,360,Waterston_400_minutes
TCAGCAAAGATGCCTT-400.2.2,6,0.041554213,180,,ABpxpaaap,400_minutes,170-210,180,Waterston_400_minutes
TCAGCAAGTATGGTTC-400.2.2,12,0.38483953,410,ADL,ABalppppaad/ABpraaapaad,400_minutes,390-450,410,Waterston_400_minutes
TCAGCTCTCAACACAC-400.2.2,11,0.31325197,300,ADL_parent,ABalppppaa/ABpraaapaa,400_minutes,270-330,300,Waterston_400_minutes
TCAGGTATCGAACTGT-400.2.2,15,0.12081653,360,ASI_parent,ABpxaapappp,400_minutes,330-390,360,Waterston_400_minutes
TCATTTGGTCTCTTAT-400.2.2,13,0.18495384,390,ASH,ABpxpaappaa,400_minutes,390-450,390,Waterston_400_minutes
TCGAGGCGTAGCGATG-400.2.2,3,0.032507047,270,Neuroblast_ADF_AWB,ABalpppppa/ABpraaappa,400_minutes,270-330,270,Waterston_400_minutes
TCGAGGCGTTTGCATG-400.2.2,4,0.040659256,225,,,400_minutes,210-270,225,Waterston_400_minutes
TCGCGAGGTTATCCGA-400.2.2,9,0.20100442,380,ASE,ABalppppppaa/ABpraaapppaa,400_minutes,330-390,380,Waterston_400_minutes
TCGCGAGTCTTGTACT-400.2.2,15,0.073746584,295,ASI_parent,ABpxaapappp,400_minutes,270-330,295,Waterston_400_minutes
TCGCGTTAGGCTCTTA-400.2.2,18,0.5061847,490,AWC,ABpxpaaaaap,400_minutes,450-510,490,Waterston_400_minutes
TCGGGACCAGATAATG-400.2.2,12,0.38897863,405,ADL,ABalppppaad/ABpraaapaad,400_minutes,390-450,405,Waterston_400_minutes
TCGGGACCAGTATAAG-400.2.2,3,0.026689868,280,Neuroblast_ADF_AWB,ABalpppppa/ABpraaappa,400_minutes,270-330,280,Waterston_400_minutes
TCGGGACTCCTTTACA-400.2.2,10,0.18876603,320,ASE_parent,ABalppppppa/ABpraaapppa,400_minutes,270-330,320,Waterston_400_minutes
TCGGTAAGTAGGACAC-400.2.2,2,0.028603427,190,,,400_minutes,170-210,190,Waterston_400_minutes
TCGTAGAAGGCTATCT-400.2.2,2,0.07151777,260,,,400_minutes,210-270,260,Waterston_400_minutes
TCTATTGGTATGGTTC-400.2.2,7,0.044246167,320,Neuroblast_ASG_AWA,ABpxaapapa,400_minutes,270-330,320,Waterston_400_minutes
TCTCTAAAGCGTTTAC-400.2.2,19,0.1342247,385,AWA,ABpxaapapaa,400_minutes,330-390,385,Waterston_400_minutes
TCTCTAAAGTCACGCC-400.2.2,2,0.09993882,285,Neuroblast_ASJ_AUA,ABalppppppp/ABpraaapppp,400_minutes,270-330,285,Waterston_400_minutes
TCTGAGAAGTGAACAT-400.2.2,1,0.016753407,170,,ABpxaapap,400_minutes,170-210,170,Waterston_400_minutes
TCTGAGAGTAAGAGGA-400.2.2,7,0.028897451,270,Neuroblast_ASG_AWA,ABpxaapapa,400_minutes,270-330,270,Waterston_400_minutes
TCTGGAAGTGTAATGA-400.2.2,15,0.09557305,300,ASI_parent,ABpxaapappp,400_minutes,270-330,300,Waterston_400_minutes
TCTTTCCCATGTCCTC-400.2.2,4,0.054620042,290,,,400_minutes,270-330,290,Waterston_400_minutes
TGAAAGAAGCAGGTCA-400.2.2,3,0.014137404,260,,ABpxpaappa,400_minutes,210-270,260,Waterston_400_minutes
TGAAAGAAGCCTCGTG-400.2.2,0,0.4279064,415,AFD,ABalpppapav/ABpraaaapav,400_minutes,390-450,415,Waterston_400_minutes
TGACGGCCACAACGTT-400.2.2,15,0.063752286,275,ASI_parent,ABpxaapappp,400_minutes,270-330,275,Waterston_400_minutes
TGACGGCCACTCAGGC-400.2.2,4,0.047577452,230,,,400_minutes,210-270,230,Waterston_400_minutes
TGACGGCGTCCGAGTC-400.2.2,18,0.21870771,405,AWC,ABpxpaaaaap,400_minutes,390-450,405,Waterston_400_minutes
TGACTAGGTTTGTGTG-400.2.2,4,0.031897783,260,,,400_minutes,210-270,260,Waterston_400_minutes
TGACTTTAGTACGCCC-400.2.2,3,0.05046636,260,,,400_minutes,210-270,260,Waterston_400_minutes
TGACTTTCAGACAAAT-400.2.2,12,0.3128394,380,ADL,ABalppppaad/ABpraaapaad,400_minutes,330-390,380,Waterston_400_minutes
TGACTTTGTTGCGTTA-400.2.2,14,0.18813737,435,ADF,ABalpppppaa/ABpraaappaa,400_minutes,390-450,435,Waterston_400_minutes
TGAGAGGAGATGCGAC-400.2.2,14,0.21230996,450,ADF,ABalpppppaa/ABpraaappaa,400_minutes,450-510,450,Waterston_400_minutes
TGAGAGGAGGGAAACA-400.2.2,14,0.19273,450,ADF,ABalpppppaa/ABpraaappaa,400_minutes,450-510,450,Waterston_400_minutes
TGAGAGGTCAGATAAG-400.2.2,0,0.69949085,550,AFD,ABalpppapav/ABpraaaapav,400_minutes,510-580,550,Waterston_400_minutes
TGAGCATGTTCCGGCA-400.2.2,9,0.28329808,450,ASE,ABalppppppaa/ABpraaapppaa,400_minutes,450-510,450,Waterston_400_minutes
TGAGGGAAGCGTCAAG-400.2.2,3,0.04764368,285,,,400_minutes,270-330,285,Waterston_400_minutes
TGAGGGAGTCTTGATG-400.2.2,4,0.06332873,245,,,400_minutes,210-270,245,Waterston_400_minutes
TGAGGGAGTGGTACAG-400.2.2,5,0.1251005,360,ASK_parent,ABalpppappp/ABpraaaappp,400_minutes,330-390,360,Waterston_400_minutes
TGAGGGATCCCTGACT-400.2.2,10,0.20659894,355,AUA,ABalpppppppp/ABpraaappppp,400_minutes,330-390,355,Waterston_400_minutes
TGATTTCCACATGTGT-400.2.2,5,0.2016175,390,ASK,ABalpppapppa/ABpraaaapppa,400_minutes,390-450,390,Waterston_400_minutes
TGATTTCGTATCTGCA-400.2.2,8,0.049542595,245,Neuroblast_AFD_RMD,ABalpppapa/ABpraaaapa,400_minutes,210-270,245,Waterston_400_minutes
TGCACCTGTAGTAGTA-400.2.2,8,0.026453583,195,,ABalppppa/ABpraaapa,400_minutes,170-210,195,Waterston_400_minutes
TGCACCTGTCAACTGT-400.2.2,19,0.12969312,380,AWA,ABpxaapapaa,400_minutes,330-390,380,Waterston_400_minutes
TGCACCTGTCCAGTAT-400.2.2,11,0.2620152,265,ADL_parent,ABalppppaa/ABpraaapaa,400_minutes,210-270,265,Waterston_400_minutes
TGCCAAAAGGTTCCTA-400.2.2,19,0.13603577,380,AWA,ABpxaapapaa,400_minutes,330-390,380,Waterston_400_minutes
TGCCCATAGGAGTCTG-400.2.2,19,0.10651213,350,ASH,ABpxpaappaa,400_minutes,330-390,350,Waterston_400_minutes
TGCCCTAAGCTAGTGG-400.2.2,14,0.16916753,395,ADF_AWB,,400_minutes,390-450,395,Waterston_400_minutes
TGCGCAGTCAATAAGG-400.2.2,4,0.057327606,230,,,400_minutes,210-270,230,Waterston_400_minutes
TGCGGGTAGTCAAGCG-400.2.2,8,0.06630256,270,Neuroblast_AFD_RMD,ABalpppapa/ABpraaaapa,400_minutes,270-330,270,Waterston_400_minutes
TGCGTGGGTGGCCCTA-400.2.2,12,0.31998482,375,ADL,ABalppppaad/ABpraaapaad,400_minutes,330-390,375,Waterston_400_minutes
TGCGTGGTCCACGTTC-400.2.2,3,0.037052993,290,Neuroblast_ADF_AWB,ABalpppppa/ABpraaappa,400_minutes,270-330,290,Waterston_400_minutes
TGCTACCAGGAGCGTT-400.2.2,1,0.014225887,180,,,400_minutes,170-210,180,Waterston_400_minutes
TGCTACCTCCTCAACC-400.2.2,3,0.03630681,270,,,400_minutes,270-330,270,Waterston_400_minutes
TGGACGCGTCTTGATG-400.2.2,0,0.64622575,550,AFD,ABalpppapav/ABpraaaapav,400_minutes,510-580,550,Waterston_400_minutes
TGGACGCTCTCTAAGG-400.2.2,8,0.017310034,220,,ABalppppa/ABpraaapa,400_minutes,210-270,220,Waterston_400_minutes
TGGACGCTCTTTACGT-400.2.2,18,0.19122739,360,AWC,ABpxpaaaaap,400_minutes,330-390,360,Waterston_400_minutes
TGGCCAGGTATAAACG-400.2.2,11,0.2305597,290,ADL_parent,ABalppppaa/ABpraaapaa,400_minutes,270-330,290,Waterston_400_minutes
TGGCTGGCACGTCTCT-400.2.2,7,0.013000212,230,,,400_minutes,210-270,230,Waterston_400_minutes
TGGCTGGTCACTTATC-400.2.2,8,0.06562136,275,Neuroblast_AFD_RMD,ABalpppapa/ABpraaaapa,400_minutes,270-330,275,Waterston_400_minutes
TGGGCGTGTCTGATCA-400.2.2,10,0.17089145,330,Neuroblast_ASJ_AUA,ABalppppppp/ABpraaapppp,400_minutes,330-390,330,Waterston_400_minutes
TGGTTAGGTGTTCGAT-400.2.2,15,0.12226343,360,ASI_parent,ABpxaapappp,400_minutes,330-390,360,Waterston_400_minutes
TGGTTCCTCATCGATG-400.2.2,14,0.14912486,395,ADF_AWB,,400_minutes,390-450,395,Waterston_400_minutes
TGGTTCCTCTCCGGTT-400.2.2,13,0.34163338,415,ASH,ABpxpaappaa,400_minutes,390-450,415,Waterston_400_minutes
TGTATTCAGTTACCCA-400.2.2,4,0.050194416,290,,,400_minutes,270-330,290,Waterston_400_minutes
TGTATTCGTACACCGC-400.2.2,23,0.28642434,550,ASG,ABpxaapapap,400_minutes,510-580,550,Waterston_400_minutes
TGTGGTAAGCTAACAA-400.2.2,13,0.38699496,470,ASH,ABpxpaappaa,400_minutes,450-510,470,Waterston_400_minutes
TGTGGTAGTCTAGCCG-400.2.2,9,0.19397971,380,ASE,ABalppppppaa/ABpraaapppaa,400_minutes,330-390,380,Waterston_400_minutes
TGTGTTTCACCATCCT-400.2.2,10,0.16484988,370,AUA,ABalpppppppp/ABpraaappppp,400_minutes,330-390,370,Waterston_400_minutes
TGTGTTTCATTGGTAC-400.2.2,9,0.12682092,300,ASE_parent,ABalppppppa/ABpraaapppa,400_minutes,270-330,300,Waterston_400_minutes
TGTGTTTGTGTTGAGG-400.2.2,19,0.11582414,345,ASG_AWA,,400_minutes,330-390,345,Waterston_400_minutes
TGTTCCGTCACCGTAA-400.2.2,15,0.12920567,350,ASI_parent,ABpxaapappp,400_minutes,330-390,350,Waterston_400_minutes
TGTTCCGTCATTGCGA-400.2.2,2,0.035781983,285,Neuroblast_ASJ_AUA,ABalppppppp/ABpraaapppp,400_minutes,270-330,285,Waterston_400_minutes
TTAACTCAGATCGATA-400.2.2,13,0.3412343,450,ASH,ABpxpaappaa,400_minutes,450-510,450,Waterston_400_minutes
TTAACTCGTCGCATAT-400.2.2,9,0.12343433,330,ASE_parent,ABalppppppa/ABpraaapppa,400_minutes,330-390,330,Waterston_400_minutes
TTAACTCTCTCTTATG-400.2.2,3,0.017262204,225,,,400_minutes,210-270,225,Waterston_400_minutes
TTAGGCAAGGATATAC-400.2.2,11,0.28809065,300,ADL_parent,ABalppppaa/ABpraaapaa,400_minutes,270-330,300,Waterston_400_minutes
TTATGCTAGAGACTTA-400.2.2,1,0.03779342,170,,ABpxaapap,400_minutes,170-210,170,Waterston_400_minutes
TTCGAAGAGCTGCCCA-400.2.2,4,0.045115404,245,,ABalppappa/ABarappppa,400_minutes,210-270,245,Waterston_400_minutes
TTCGAAGCAAAGCAAT-400.2.2,9,0.20652288,385,ASE,ABalppppppaa/ABpraaapppaa,400_minutes,330-390,385,Waterston_400_minutes
TTCGAAGTCGAATCCA-400.2.2,9,0.15259853,335,ASE_parent,ABalppppppa/ABpraaapppa,400_minutes,330-390,335,Waterston_400_minutes
TTCGGTCAGGTAGCCA-400.2.2,19,0.13803741,420,AWB,ABalpppppap/ABpraaappap,400_minutes,390-450,420,Waterston_400_minutes
TTCGGTCGTTGCGCAC-400.2.2,23,0.22818615,490,ASG,ABpxaapapap,400_minutes,450-510,490,Waterston_400_minutes
TTCTACAAGCCTATGT-400.2.2,10,0.18440102,345,Neuroblast_ASJ_AUA,ABalppppppp/ABpraaapppp,400_minutes,330-390,345,Waterston_400_minutes
TTCTACAGTGCAACTT-400.2.2,1,0.0070538376,190,,ABpxaapap,400_minutes,170-210,190,Waterston_400_minutes
TTCTCAACACGAAGCA-400.2.2,19,0.0911927,360,ADF_AWB,,400_minutes,330-390,360,Waterston_400_minutes
TTCTCCTCAAGAGGCT-400.2.2,7,0.016122451,260,Neuroblast_ASG_AWA,ABpxaapapa,400_minutes,210-270,260,Waterston_400_minutes
TTCTCCTTCGCAGGCT-400.2.2,7,0.016681198,270,Neuroblast_ASG_AWA,ABpxaapapa,400_minutes,270-330,270,Waterston_400_minutes
TTGCGTCGTACGACCC-400.2.2,19,0.13950306,385,AWA,ABpxaapapaa,400_minutes,330-390,385,Waterston_400_minutes
TTGGAACAGTACGACG-400.2.2,6,0.09170368,760,ASJ,ABalpppppppa/ABpraaappppa,400_minutes,> 650,760,Waterston_400_minutes
TTGGAACGTACATGTC-400.2.2,12,0.29475993,300,Neuroblast_ASJ_AUA,ABalppppppp/ABpraaapppp,400_minutes,270-330,300,Waterston_400_minutes
TTGTAGGAGCCACTAT-400.2.2,12,0.5213378,440,ADL,ABalppppaad/ABpraaapaad,400_minutes,390-450,440,Waterston_400_minutes
TTGTAGGCACATTTCT-400.2.2,10,0.23303144,350,Neuroblast_ASJ_AUA,ABalppppppp/ABpraaapppp,400_minutes,330-390,350,Waterston_400_minutes
TTGTAGGGTTGCTCCT-400.2.2,4,0.056442477,265,,,400_minutes,210-270,265,Waterston_400_minutes
TTGTAGGTCCACGAAT-400.2.2,11,0.30101925,300,ADL_parent,ABalppppaa/ABpraaapaa,400_minutes,270-330,300,Waterston_400_minutes
TTTACTGAGTAGGTGC-400.2.2,10,0.20844258,350,Neuroblast_ASJ_AUA,ABalppppppp/ABpraaapppp,400_minutes,330-390,350,Waterston_400_minutes
TTTATGCAGAAGGGTA-400.2.2,12,0.58242816,490,ADL,ABalppppaad/ABpraaapaad,400_minutes,450-510,490,Waterston_400_minutes
TTTATGCGTAAACGCG-400.2.2,0,0.13590087,310,AFD,ABalpppapav/ABpraaaapav,400_minutes,270-330,310,Waterston_400_minutes
TTTATGCTCGCGCCAA-400.2.2,10,0.15852478,355,AUA,ABalpppppppp/ABpraaappppp,400_minutes,330-390,355,Waterston_400_minutes
TTTCCTCCAATAGAGT-400.2.2,13,0.1334751,350,ASH,ABpxpaappaa,400_minutes,330-390,350,Waterston_400_minutes
TTTGCGCAGAGCCCAA-400.2.2,0,0.47082067,430,AFD,ABalpppapav/ABpraaaapav,400_minutes,390-450,430,Waterston_400_minutes
TTTGCGCCAGTAGAGC-400.2.2,0,0.7123003,585,AFD,ABalpppapav/ABpraaaapav,400_minutes,580-650,585,Waterston_400_minutes
TTTGGTTAGTCCCACG-400.2.2,2,0.054811705,300,ASI_parent,ABpxaapappp,400_minutes,270-330,300,Waterston_400_minutes
TTTGGTTCACGACGAA-400.2.2,15,0.0950003,300,ASI_parent,ABpxaapappp,400_minutes,270-330,300,Waterston_400_minutes
TTTGTCATCCAGTAGT-400.2.2,15,0.24897939,450,ASI,ABpxaapapppa,400_minutes,450-510,450,Waterston_400_minutes
AAACCTGAGACAATAC-400.2.3,6,0.064225964,270,,ABpxppppaa,400_minutes,270-330,270,Waterston_400_minutes
AAACCTGCAGATAATG-400.2.3,9,0.1311311,320,ASE_parent,ABalppppppa/ABpraaapppa,400_minutes,270-330,320,Waterston_400_minutes
AAACCTGTCCCGACTT-400.2.3,10,0.1483092,300,Neuroblast_ASJ_AUA,ABalppppppp/ABpraaapppp,400_minutes,270-330,300,Waterston_400_minutes
AAACGGGAGCTGAAAT-400.2.3,4,0.045549206,220,,,400_minutes,210-270,220,Waterston_400_minutes
AAACGGGCATGGGACA-400.2.3,11,0.18743657,190,,ABalppppaa/ABpraaapaa,400_minutes,170-210,190,Waterston_400_minutes
AAAGATGAGCGATCCC-400.2.3,7,0.050745133,300,Neuroblast_ASG_AWA,ABpxaapapa,400_minutes,270-330,300,Waterston_400_minutes
AAAGATGGTAATCACC-400.2.3,1,0.039763924,175,,ABalppppa/ABpraaapa,400_minutes,170-210,175,Waterston_400_minutes
AAAGCAAAGAGACTAT-400.2.3,21,0.29501498,415,ASK,ABalpppapppa/ABpraaaapppa,400_minutes,390-450,415,Waterston_400_minutes
AAAGCAAGTAGCAAAT-400.2.3,12,0.33516714,360,ADL,ABalppppaad/ABpraaapaad,400_minutes,330-390,360,Waterston_400_minutes
AAAGCAATCCGCAAGC-400.2.3,4,0.058405172,270,,,400_minutes,270-330,270,Waterston_400_minutes
AAAGTAGCAGTAAGAT-400.2.3,19,0.1317655,385,AWA,ABpxaapapaa,400_minutes,330-390,385,Waterston_400_minutes
AAAGTAGGTGTCGCTG-400.2.3,10,0.18357413,360,AUA,ABalpppppppp/ABpraaappppp,400_minutes,330-390,360,Waterston_400_minutes
AACACGTAGAGGTACC-400.2.3,18,0.17356996,345,AWC,ABpxpaaaaap,400_minutes,330-390,345,Waterston_400_minutes
AACACGTGTTCTCATT-400.2.3,13,0.58819664,635,ASH,ABpxpaappaa,400_minutes,580-650,635,Waterston_400_minutes
AACCGCGTCGGCTACG-400.2.3,12,0.3528963,385,ADL,ABalppppaad/ABpraaapaad,400_minutes,330-390,385,Waterston_400_minutes
AACCGCGTCTATCCCG-400.2.3,8,0.03242257,245,Neuroblast_AFD_RMD,ABalpppapa/ABpraaaapa,400_minutes,210-270,245,Waterston_400_minutes
AACGTTGCATCCCATC-400.2.3,15,0.10050704,335,ASI_parent,ABpxaapappp,400_minutes,330-390,335,Waterston_400_minutes
AACTCAGAGTCTCAAC-400.2.3,3,0.014141055,260,Neuroblast_ADF_AWB,ABalpppppa/ABpraaappa,400_minutes,210-270,260,Waterston_400_minutes
AACTCAGCACATCCGG-400.2.3,9,0.120442286,320,ASE_parent,ABalppppppa/ABpraaapppa,400_minutes,270-330,320,Waterston_400_minutes
AACTCAGGTGTTGGGA-400.2.3,0,0.74935484,640,AFD,ABalpppapav/ABpraaaapav,400_minutes,580-650,640,Waterston_400_minutes
AACTCAGTCGTCTGCT-400.2.3,4,0.055945393,260,,,400_minutes,210-270,260,Waterston_400_minutes
AACTCCCCATATACCG-400.2.3,7,0.01889671,225,,,400_minutes,210-270,225,Waterston_400_minutes
AACTCTTCAGAGTGTG-400.2.3,0,0.20210244,340,AFD,ABalpppapav/ABpraaaapav,400_minutes,330-390,340,Waterston_400_minutes
AACTCTTGTAAATACG-400.2.3,11,0.29247516,300,ADL_parent,ABalppppaa/ABpraaapaa,400_minutes,270-330,300,Waterston_400_minutes
AACTTTCCAGATAATG-400.2.3,3,0.03562134,280,Neuroblast_ADF_AWB,ABalpppppa/ABpraaappa,400_minutes,270-330,280,Waterston_400_minutes
AACTTTCTCTGTCTCG-400.2.3,0,0.2840542,375,AFD,ABalpppapav/ABpraaaapav,400_minutes,330-390,375,Waterston_400_minutes
AAGACCTCATGTAAGA-400.2.3,13,0.11117827,350,ASH,ABpxpaappaa,400_minutes,330-390,350,Waterston_400_minutes
AAGCCGCAGCGCCTCA-400.2.3,19,0.19262506,450,ASG,ABpxaapapap,400_minutes,450-510,450,Waterston_400_minutes
AAGCCGCGTCTCTTAT-400.2.3,19,0.14936896,405,AWA,ABpxaapapaa,400_minutes,390-450,405,Waterston_400_minutes
AAGCCGCGTTCAGCGC-400.2.3,15,0.09836608,325,ASI_parent,ABpxaapappp,400_minutes,270-330,325,Waterston_400_minutes
AAGGAGCAGCCCGAAA-400.2.3,19,0.14340918,395,ASG_AWA,,400_minutes,390-450,395,Waterston_400_minutes
AAGGAGCCATCACCCT-400.2.3,11,0.31730077,320,ADL_parent,ABalppppaa/ABpraaapaa,400_minutes,270-330,320,Waterston_400_minutes
AAGGAGCGTTCTGGTA-400.2.3,10,0.13315658,300,Neuroblast_ASJ_AUA,ABalppppppp/ABpraaapppp,400_minutes,270-330,300,Waterston_400_minutes
AAGGAGCGTTGCGTTA-400.2.3,7,0.057972882,300,Neuroblast_ASG_AWA,ABpxaapapa,400_minutes,270-330,300,Waterston_400_minutes
AAGGAGCGTTTGACAC-400.2.3,2,0.042340964,185,,ABpxaapapa,400_minutes,170-210,185,Waterston_400_minutes
AAGGCAGGTCCGCTGA-400.2.3,8,0.06495667,275,Neuroblast_AFD_RMD,ABalpppapa/ABpraaaapa,400_minutes,270-330,275,Waterston_400_minutes
AAGGCAGTCAGCATGT-400.2.3,5,0.17116806,375,ASK_parent,ABalpppappp/ABpraaaappp,400_minutes,330-390,375,Waterston_400_minutes
AAGGTTCCAGTTTACG-400.2.3,18,0.19856176,350,AWC,ABpxpaaaaap,400_minutes,330-390,350,Waterston_400_minutes
AAGGTTCTCAGTTCGA-400.2.3,1,0.040600456,170,,ABalpppap/ABpraaaap,400_minutes,170-210,170,Waterston_400_minutes
AAGTCTGAGAAGATTC-400.2.3,8,0.027494712,230,Neuroblast_AFD_RMD,ABalpppapa/ABpraaaapa,400_minutes,210-270,230,Waterston_400_minutes
AAGTCTGAGCAATATG-400.2.3,18,0.19673958,380,AWC,ABpxpaaaaap,400_minutes,330-390,380,Waterston_400_minutes
AAGTCTGCAGACGCCT-400.2.3,12,0.3388673,390,ADL,ABalppppaad/ABpraaapaad,400_minutes,390-450,390,Waterston_400_minutes
AAGTCTGGTGAGTGAC-400.2.3,7,0.012173836,260,Neuroblast_ASG_AWA,ABpxaapapa,400_minutes,210-270,260,Waterston_400_minutes
AATCGGTAGTTCGATC-400.2.3,3,0.024376918,265,,,400_minutes,210-270,265,Waterston_400_minutes
AATCGGTCACCAGATT-400.2.3,12,0.48760542,450,ADL,ABalppppaad/ABpraaapaad,400_minutes,450-510,450,Waterston_400_minutes
ACACCAATCAAACGGG-400.2.3,9,0.13300766,300,ASE_parent,ABalppppppa/ABpraaapppa,400_minutes,270-330,300,Waterston_400_minutes
ACACCCTAGTTGCAGG-400.2.3,9,0.18660903,375,ASE,ABalppppppaa/ABpraaapppaa,400_minutes,330-390,375,Waterston_400_minutes
ACACCGGAGCGATCCC-400.2.3,9,0.25181237,420,ASE,ABalppppppaa/ABpraaapppaa,400_minutes,390-450,420,Waterston_400_minutes
ACACTGACACGGTAAG-400.2.3,18,0.44814798,450,AWC,ABpxpaaaaap,400_minutes,450-510,450,Waterston_400_minutes
ACACTGATCTGATTCT-400.2.3,13,0.23331408,390,ASH,ABpxpaappaa,400_minutes,390-450,390,Waterston_400_minutes
ACAGCCGCATATGGTC-400.2.3,8,0.060511645,245,Neuroblast_AFD_RMD,ABalpppapa/ABpraaaapa,400_minutes,210-270,245,Waterston_400_minutes
ACAGCCGCATGAAGTA-400.2.3,17,0.18763728,450,AWB,ABalpppppap/ABpraaappap,400_minutes,450-510,450,Waterston_400_minutes
ACAGCTAAGTACGACG-400.2.3,19,0.1288116,390,AWA,ABpxaapapaa,400_minutes,390-450,390,Waterston_400_minutes
ACATACGAGTAACCCT-400.2.3,17,0.19913988,450,AWB,ABalpppppap/ABpraaappap,400_minutes,450-510,450,Waterston_400_minutes
ACATACGTCTTTAGTC-400.2.3,13,0.5290777,640,ASH,ABpxpaappaa,400_minutes,580-650,640,Waterston_400_minutes
ACATCAGAGTGCTGCC-400.2.3,9,0.19164991,380,ASE,ABalppppppaa/ABpraaapppaa,400_minutes,330-390,380,Waterston_400_minutes
ACATCAGGTAGCGCAA-400.2.3,4,0.061938714,260,,ABpxpaaaaa,400_minutes,210-270,260,Waterston_400_minutes
ACATCAGTCTCGCTTG-400.2.3,13,0.184804,380,ASH,ABpxpaappaa,400_minutes,330-390,380,Waterston_400_minutes
ACATCAGTCTTAACCT-400.2.3,9,0.24281415,410,ASE,ABalppppppaa/ABpraaapppaa,400_minutes,390-450,410,Waterston_400_minutes
ACATGGTCATCACGAT-400.2.3,10,0.22791357,340,Neuroblast_ASJ_AUA,ABalppppppp/ABpraaapppp,400_minutes,330-390,340,Waterston_400_minutes
ACATGGTTCAACCATG-400.2.3,4,0.055362016,290,,,400_minutes,270-330,290,Waterston_400_minutes
ACCAGTAAGCTGAAAT-400.2.3,9,0.15333426,310,ASE_parent,ABalppppppa/ABpraaapppa,400_minutes,270-330,310,Waterston_400_minutes
ACCAGTAAGTGGAGAA-400.2.3,0,0.24449918,350,AFD,ABalpppapav/ABpraaaapav,400_minutes,330-390,350,Waterston_400_minutes
ACCAGTACAATGGACG-400.2.3,0,0.23000284,320,AFD,ABalpppapav/ABpraaaapav,400_minutes,270-330,320,Waterston_400_minutes
ACCAGTAGTCAGTGGA-400.2.3,7,0.026702695,260,Neuroblast_ASG_AWA,ABpxaapapa,400_minutes,210-270,260,Waterston_400_minutes
ACCCACTAGCGTCTAT-400.2.3,12,0.3047784,320,ADL_parent,ABalppppaa/ABpraaapaa,400_minutes,270-330,320,Waterston_400_minutes
ACCGTAAGTCACTTCC-400.2.3,4,0.043212872,230,,,400_minutes,210-270,230,Waterston_400_minutes
ACCTTTACAAATCCGT-400.2.3,12,0.30000183,350,ADL,ABalppppaad/ABpraaapaad,400_minutes,330-390,350,Waterston_400_minutes
ACGAGGAGTATGAATG-400.2.3,3,0.027536659,260,Neuroblast_ADF_AWB,ABalpppppa/ABpraaappa,400_minutes,210-270,260,Waterston_400_minutes
ACGATACAGACAGAGA-400.2.3,10,0.21264352,350,ASJ,ABalpppppppa/ABpraaappppa,400_minutes,330-390,350,Waterston_400_minutes
ACGATGTCATCACCCT-400.2.3,5,0.24532387,420,ASK,ABalpppapppa/ABpraaaapppa,400_minutes,390-450,420,Waterston_400_minutes
ACGCAGCCACTAAGTC-400.2.3,18,0.12479155,310,,,400_minutes,270-330,310,Waterston_400_minutes
ACGCAGCCAGTTAACC-400.2.3,14,0.17284195,420,ADF,ABalpppppaa/ABpraaappaa,400_minutes,390-450,420,Waterston_400_minutes
ACGCAGCTCGGCTACG-400.2.3,3,0.008704863,170,,ABpxaapap,400_minutes,170-210,170,Waterston_400_minutes
ACGCCAGAGGGTTCCC-400.2.3,3,0.032816928,260,,,400_minutes,210-270,260,Waterston_400_minutes
ACGCCAGTCACCACCT-400.2.3,7,0.025311178,205,,,400_minutes,170-210,205,Waterston_400_minutes
ACGCCGAAGCCACTAT-400.2.3,1,0.010125414,200,,ABpxaapapp,400_minutes,170-210,200,Waterston_400_minutes
ACGGAGAAGTTATCGC-400.2.3,11,0.28165472,295,ADL_parent,ABalppppaa/ABpraaapaa,400_minutes,270-330,295,Waterston_400_minutes
ACGGCCAAGATAGCAT-400.2.3,10,0.41193992,435,ASJ,ABalpppppppa/ABpraaappppa,400_minutes,390-450,435,Waterston_400_minutes
ACGGGCTCATCGATTG-400.2.3,7,0.05950461,295,Neuroblast_ASG_AWA,ABpxaapapa,400_minutes,270-330,295,Waterston_400_minutes
ACGGGCTGTAGCGATG-400.2.3,7,0.007821556,160,,,400_minutes,130-170,160,Waterston_400_minutes
ACGGGCTTCAACCAAC-400.2.3,15,0.14803404,380,ASI_parent,ABpxaapappp,400_minutes,330-390,380,Waterston_400_minutes
ACGTCAAAGGTAGCTG-400.2.3,17,0.21493347,500,AWB,ABalpppppap/ABpraaappap,400_minutes,450-510,500,Waterston_400_minutes
ACGTCAAAGTAATCCC-400.2.3,13,0.24442974,415,ASH,ABpxpaappaa,400_minutes,390-450,415,Waterston_400_minutes
ACGTCAACAACTGGCC-400.2.3,7,0.07638993,260,,,400_minutes,210-270,260,Waterston_400_minutes
ACTGAACAGCACAGGT-400.2.3,17,0.17017815,420,AWB,ABalpppppap/ABpraaappap,400_minutes,390-450,420,Waterston_400_minutes
ACTGAACAGTGGAGAA-400.2.3,7,0.0183603,265,Neuroblast_ASG_AWA,ABpxaapapa,400_minutes,210-270,265,Waterston_400_minutes
ACTGAGTTCGCAGGCT-400.2.3,17,0.16686961,390,AWB,ABalpppppap/ABpraaappap,400_minutes,390-450,390,Waterston_400_minutes
ACTGCTCAGACTGGGT-400.2.3,9,0.18365215,350,ASE_parent,ABalppppppa/ABpraaapppa,400_minutes,330-390,350,Waterston_400_minutes
ACTGTCCTCGCCTGAG-400.2.3,5,0.13458128,360,ASK_parent,ABalpppappp/ABpraaaappp,400_minutes,330-390,360,Waterston_400_minutes
ACTGTCCTCTTGAGGT-400.2.3,18,0.21251675,385,AWC,ABpxpaaaaap,400_minutes,330-390,385,Waterston_400_minutes
ACTTTCAGTCCATGAT-400.2.3,1,0.018062107,190,,,400_minutes,170-210,190,Waterston_400_minutes
ACTTTCATCTCGCTTG-400.2.3,3,0.013198742,260,Neuroblast_ADF_AWB,ABalpppppa/ABpraaappa,400_minutes,210-270,260,Waterston_400_minutes
AGAATAGAGTTCCACA-400.2.3,13,0.22147502,385,ASH,ABpxpaappaa,400_minutes,330-390,385,Waterston_400_minutes
AGAATAGGTTTGTGTG-400.2.3,10,0.16258276,320,,,400_minutes,270-330,320,Waterston_400_minutes
AGACGTTGTAGCGTCC-400.2.3,3,0.012623622,260,Neuroblast_ADF_AWB,ABalpppppa/ABpraaappa,400_minutes,210-270,260,Waterston_400_minutes
AGAGCGAAGGAGTACC-400.2.3,1,0.037692174,170,,,400_minutes,170-210,170,Waterston_400_minutes
AGAGCGAGTCTCTCTG-400.2.3,0,0.21715699,310,AFD,ABalpppapav/ABpraaaapav,400_minutes,270-330,310,Waterston_400_minutes
AGAGCTTCATGGTAGG-400.2.3,10,0.2534869,380,ASJ,ABalpppppppa/ABpraaappppa,400_minutes,330-390,380,Waterston_400_minutes
AGATCTGCATTATCTC-400.2.3,7,0.04888875,295,Neuroblast_ASG_AWA,ABpxaapapa,400_minutes,270-330,295,Waterston_400_minutes
AGATTGCAGAAGATTC-400.2.3,1,0.04407569,175,,ABalpppap/ABpraaaap,400_minutes,170-210,175,Waterston_400_minutes
AGATTGCAGATCACGG-400.2.3,19,0.12843002,390,AWA,ABpxaapapaa,400_minutes,390-450,390,Waterston_400_minutes
AGCATACAGTAGGTGC-400.2.3,4,0.05845266,220,,,400_minutes,210-270,220,Waterston_400_minutes
AGCATACAGTCACGCC-400.2.3,19,0.13027188,385,AWA,ABpxaapapaa,400_minutes,330-390,385,Waterston_400_minutes
AGCATACCAGATCCAT-400.2.3,2,0.030441057,200,Neuroblast_ASE_ASJ_AUA,ABalpppppp/ABpraaappp,400_minutes,170-210,200,Waterston_400_minutes
AGCCTAAAGAAGGTTT-400.2.3,12,0.31678662,350,ADL,ABalppppaad/ABpraaapaad,400_minutes,330-390,350,Waterston_400_minutes
AGCCTAATCACTTATC-400.2.3,6,0.06209182,410,AWA,ABpxaapapaa,400_minutes,390-450,410,Waterston_400_minutes
AGCCTAATCGTCCGTT-400.2.3,3,0.029534793,270,Neuroblast_ADF_AWB,ABalpppppa/ABpraaappa,400_minutes,270-330,270,Waterston_400_minutes
AGCGGTCGTGTCTGAT-400.2.3,10,0.13315281,325,Neuroblast_ASJ_AUA,ABalppppppp/ABpraaapppp,400_minutes,270-330,325,Waterston_400_minutes
AGCGTATAGTTAGGTA-400.2.3,2,0.047972623,260,Neuroblast_ASE_ASJ_AUA,ABalpppppp/ABpraaappp,400_minutes,210-270,260,Waterston_400_minutes
AGCGTATCAAAGCAAT-400.2.3,19,0.13462108,380,AWA,ABpxaapapaa,400_minutes,330-390,380,Waterston_400_minutes
AGCGTATGTCGCGGTT-400.2.3,3,0.015073542,260,Neuroblast_ADF_AWB,ABalpppppa/ABpraaappa,400_minutes,210-270,260,Waterston_400_minutes
AGCGTATTCTGTCTAT-400.2.3,0,0.46124592,450,AFD,ABalpppapav/ABpraaaapav,400_minutes,450-510,450,Waterston_400_minutes
AGCGTCGAGATGCCAG-400.2.3,1,0.024024775,180,,ABalppppa/ABpraaapa,400_minutes,170-210,180,Waterston_400_minutes
AGCTCCTCATACCATG-400.2.3,10,0.39785427,435,ASJ,ABalpppppppa/ABpraaappppa,400_minutes,390-450,435,Waterston_400_minutes
AGCTCCTTCCGAGCCA-400.2.3,7,0.012358141,260,Neuroblast_ASG_AWA,ABpxaapapa,400_minutes,210-270,260,Waterston_400_minutes
AGCTCCTTCCGTCAAA-400.2.3,14,0.0906364,340,ADF_AWB,,400_minutes,330-390,340,Waterston_400_minutes
AGCTCCTTCTTGTACT-400.2.3,5,0.1241017,345,ASK_parent,ABalpppappp/ABpraaaappp,400_minutes,330-390,345,Waterston_400_minutes
AGCTCTCCAAGTTGTC-400.2.3,8,0.0314206,260,Neuroblast_ASG_AWA,ABpxaapapa,400_minutes,210-270,260,Waterston_400_minutes
AGCTTGACACGACTCG-400.2.3,9,0.2568527,415,ASE,ABalppppppaa/ABpraaapppaa,400_minutes,390-450,415,Waterston_400_minutes
AGGCCGTAGGAGTCTG-400.2.3,14,0.11457871,370,ADF_AWB,,400_minutes,330-390,370,Waterston_400_minutes
AGGCCGTGTGAAGGCT-400.2.3,10,0.26978877,390,ASJ,ABalpppppppa/ABpraaappppa,400_minutes,390-450,390,Waterston_400_minutes
AGGGAGTTCAAGCCTA-400.2.3,14,0.19299999,450,ADF,ABalpppppaa/ABpraaappaa,400_minutes,450-510,450,Waterston_400_minutes
AGGGATGGTAGTGAAT-400.2.3,19,0.18537197,450,ASG,ABpxaapapap,400_minutes,450-510,450,Waterston_400_minutes
AGGGTGACACCAGGCT-400.2.3,12,0.33324414,380,ADL,ABalppppaad/ABpraaapaad,400_minutes,330-390,380,Waterston_400_minutes
AGGGTGACAGATCTGT-400.2.3,7,0.014408282,200,,,400_minutes,170-210,200,Waterston_400_minutes
AGGGTGACATGAGCGA-400.2.3,10,0.41454703,500,ASJ,ABalpppppppa/ABpraaappppa,400_minutes,450-510,500,Waterston_400_minutes
AGGTCATGTCACCTAA-400.2.3,11,0.26912746,270,ADL_parent,ABalppppaa/ABpraaapaa,400_minutes,270-330,270,Waterston_400_minutes
AGGTCCGAGACAAAGG-400.2.3,3,0.025989063,260,Neuroblast_ADF_AWB,ABalpppppa/ABpraaappa,400_minutes,210-270,260,Waterston_400_minutes
AGGTCCGAGAGCTTCT-400.2.3,4,0.056865796,270,,,400_minutes,270-330,270,Waterston_400_minutes
AGTAGTCGTGGACGAT-400.2.3,18,0.21650316,405,AWC,ABpxpaaaaap,400_minutes,390-450,405,Waterston_400_minutes
AGTAGTCTCAACACCA-400.2.3,10,0.2530885,360,ASJ,ABalpppppppa/ABpraaappppa,400_minutes,330-390,360,Waterston_400_minutes
AGTAGTCTCTTCTGGC-400.2.3,12,0.32438898,300,ADL_parent,ABalppppaa/ABpraaapaa,400_minutes,270-330,300,Waterston_400_minutes
AGTCTTTAGATGAGAG-400.2.3,13,0.1206476,350,ASH,ABpxpaappaa,400_minutes,330-390,350,Waterston_400_minutes
AGTCTTTTCGTAGGAG-400.2.3,12,0.32257968,340,ADL,ABalppppaad/ABpraaapaad,400_minutes,330-390,340,Waterston_400_minutes
AGTCTTTTCTGTCTCG-400.2.3,2,0.028902428,175,,ABalpppppp/ABpraaappp,400_minutes,170-210,175,Waterston_400_minutes
AGTGAGGCACTGAAGG-400.2.3,0,0.23619975,350,AFD,ABalpppapav/ABpraaaapav,400_minutes,330-390,350,Waterston_400_minutes
AGTGGGAAGCGATCCC-400.2.3,19,0.15308374,410,AWA,ABpxaapapaa,400_minutes,390-450,410,Waterston_400_minutes
AGTGGGAGTTGCTCCT-400.2.3,10,0.31761637,400,ASJ,ABalpppppppa/ABpraaappppa,400_minutes,390-450,400,Waterston_400_minutes
AGTGTCAAGTTGAGTA-400.2.3,3,0.022551449,260,Neuroblast_ADF_AWB,ABalpppppa/ABpraaappa,400_minutes,210-270,260,Waterston_400_minutes
AGTGTCATCCTGTACC-400.2.3,14,0.118413694,360,ADF_AWB,,400_minutes,330-390,360,Waterston_400_minutes
AGTTGGTCAAGGACAC-400.2.3,10,0.29981297,435,ASJ,ABalpppppppa/ABpraaappppa,400_minutes,390-450,435,Waterston_400_minutes
ATAACGCAGAAGAAGC-400.2.3,11,0.20920472,220,ADL_parent,ABalppppaa/ABpraaapaa,400_minutes,210-270,220,Waterston_400_minutes
ATAACGCAGATCCGAG-400.2.3,10,0.24602345,350,ASJ,ABalpppppppa/ABpraaappppa,400_minutes,330-390,350,Waterston_400_minutes
ATAGACCAGCTGAACG-400.2.3,2,0.036867972,260,Neuroblast_ASE_ASJ_AUA,ABalpppppp/ABpraaappp,400_minutes,210-270,260,Waterston_400_minutes
ATCACGACAAGTAGTA-400.2.3,11,0.28724158,290,ADL_parent,ABalppppaa/ABpraaapaa,400_minutes,270-330,290,Waterston_400_minutes
ATCACGAGTTCGCTAA-400.2.3,14,0.06946432,300,Neuroblast_ADF_AWB,ABalpppppa/ABpraaappa,400_minutes,270-330,300,Waterston_400_minutes
ATCACGATCCGGGTGT-400.2.3,13,0.21847816,385,ASH,ABpxpaappaa,400_minutes,330-390,385,Waterston_400_minutes
ATCATGGAGACTAGAT-400.2.3,9,0.17030713,380,ASE,ABalppppppaa/ABpraaapppaa,400_minutes,330-390,380,Waterston_400_minutes
ATCATGGAGATGTAAC-400.2.3,3,0.03532904,270,Neuroblast_ADF_AWB,ABalpppppa/ABpraaappa,400_minutes,270-330,270,Waterston_400_minutes
ATCCACCTCTCTGCTG-400.2.3,8,0.062324125,270,Neuroblast_AFD_RMD,ABalpppapa/ABpraaaapa,400_minutes,270-330,270,Waterston_400_minutes
ATCCGAACAAGGTGTG-400.2.3,20,0.61787343,520,ADL,ABalppppaad/ABpraaapaad,400_minutes,510-580,520,Waterston_400_minutes
ATCCGAACAATGACCT-400.2.3,7,0.0433764,300,Neuroblast_ASG_AWA,ABpxaapapa,400_minutes,270-330,300,Waterston_400_minutes
ATCCGAACATCCGGGT-400.2.3,12,0.30753398,300,ADL_parent,ABalppppaa/ABpraaapaa,400_minutes,270-330,300,Waterston_400_minutes
ATCGAGTTCAGTCAGT-400.2.3,15,0.10013612,295,,,400_minutes,270-330,295,Waterston_400_minutes
ATCGAGTTCATCATTC-400.2.3,4,0.055176016,260,,,400_minutes,210-270,260,Waterston_400_minutes
ATCTACTTCTTGTACT-400.2.3,0,0.63696027,550,AFD,ABalpppapav/ABpraaaapav,400_minutes,510-580,550,Waterston_400_minutes
ATCTGCCCATAAGACA-400.2.3,5,0.12953654,360,ASK_parent,ABalpppappp/ABpraaaappp,400_minutes,330-390,360,Waterston_400_minutes
ATCTGCCCATCAGTAC-400.2.3,10,0.16930887,345,Neuroblast_ASJ_AUA,ABalppppppp/ABpraaapppp,400_minutes,330-390,345,Waterston_400_minutes
ATCTGCCGTTCGGCAC-400.2.3,2,0.030579574,185,,ABalpppppp/ABpraaappp,400_minutes,170-210,185,Waterston_400_minutes
ATGAGGGAGAGGTAGA-400.2.3,9,0.18356846,375,ASE,ABalppppppaa/ABpraaapppaa,400_minutes,330-390,375,Waterston_400_minutes
ATGAGGGAGTCACGCC-400.2.3,21,0.47507513,550,ASK,ABalpppapppa/ABpraaaapppa,400_minutes,510-580,550,Waterston_400_minutes
ATGAGGGGTGCCTGCA-400.2.3,15,0.104346976,300,ASI_parent,ABpxaapappp,400_minutes,270-330,300,Waterston_400_minutes
ATGAGGGTCTGGGCCA-400.2.3,7,0.053424753,320,Neuroblast_ASG_AWA,ABpxaapapa,400_minutes,270-330,320,Waterston_400_minutes
ATGCGATCACAGGTTT-400.2.3,10,0.14880912,300,Neuroblast_ASJ_AUA,ABalppppppp/ABpraaapppp,400_minutes,270-330,300,Waterston_400_minutes
ATGGGAGCATTGCGGC-400.2.3,4,0.05882059,260,,,400_minutes,210-270,260,Waterston_400_minutes
ATGTGTGCAATCTGCA-400.2.3,9,0.1990101,380,ASE,ABalppppppaa/ABpraaapppaa,400_minutes,330-390,380,Waterston_400_minutes
ATGTGTGGTTATGCGT-400.2.3,13,0.11946234,380,ASH,ABpxpaappaa,400_minutes,330-390,380,Waterston_400_minutes
ATTACTCCAAAGCGGT-400.2.3,9,0.20071627,390,ASE,ABalppppppaa/ABpraaapppaa,400_minutes,390-450,390,Waterston_400_minutes
ATTATCCTCCGAATGT-400.2.3,1,0.007847579,190,,,400_minutes,170-210,190,Waterston_400_minutes
ATTGGACCAGGTCCAC-400.2.3,10,0.4007806,470,ASJ,ABalpppppppa/ABpraaappppa,400_minutes,450-510,470,Waterston_400_minutes
ATTGGACGTCCCGACA-400.2.3,14,0.24461901,700,ADF,ABalpppppaa/ABpraaappaa,400_minutes,> 650,700,Waterston_400_minutes
ATTGGACGTTGGTTTG-400.2.3,9,0.14191563,310,ASE_parent,ABalppppppa/ABpraaapppa,400_minutes,270-330,310,Waterston_400_minutes
ATTGGACTCCCTTGTG-400.2.3,18,0.22430006,405,AWC,ABpxpaaaaap,400_minutes,390-450,405,Waterston_400_minutes
ATTTCTGAGGACTGGT-400.2.3,4,0.04169535,265,,,400_minutes,210-270,265,Waterston_400_minutes
ATTTCTGTCCACGTTC-400.2.3,10,0.18023461,345,Neuroblast_ASJ_AUA,ABalppppppp/ABpraaapppp,400_minutes,330-390,345,Waterston_400_minutes
ATTTCTGTCCTAGGGC-400.2.3,15,0.22735684,420,ASI,ABpxaapapppa,400_minutes,390-450,420,Waterston_400_minutes
CAACCTCCACACATGT-400.2.3,9,0.13223521,325,ASE_parent,ABalppppppa/ABpraaapppa,400_minutes,270-330,325,Waterston_400_minutes
CAACCTCTCCTCAACC-400.2.3,14,0.15711816,375,ADF_AWB,,400_minutes,330-390,375,Waterston_400_minutes
CAACTAGAGCAGCGTA-400.2.3,0,0.19976053,320,AFD,ABalpppapav/ABpraaaapav,400_minutes,270-330,320,Waterston_400_minutes
CAAGAAAAGAGTACAT-400.2.3,5,0.19837527,390,ASK,ABalpppapppa/ABpraaaapppa,400_minutes,390-450,390,Waterston_400_minutes
CAAGAAAGTACCATCA-400.2.3,11,0.0649625,195,,ABalppppaa/ABpraaapaa,400_minutes,170-210,195,Waterston_400_minutes
CAAGATCAGACCACGA-400.2.3,15,0.09831172,335,ASI_parent,ABpxaapappp,400_minutes,330-390,335,Waterston_400_minutes
CAAGATCAGTTCCACA-400.2.3,4,0.05099304,220,,,400_minutes,210-270,220,Waterston_400_minutes
CAAGGCCAGAAGAAGC-400.2.3,5,0.1382982,355,ASK_parent,ABalpppappp/ABpraaaappp,400_minutes,330-390,355,Waterston_400_minutes
CAAGTTGGTCTGCGGT-400.2.3,14,0.24497409,490,ADF,ABalpppppaa/ABpraaappaa,400_minutes,450-510,490,Waterston_400_minutes
CACACCTAGCTACCGC-400.2.3,8,0.024967685,230,Neuroblast_AFD_RMD,ABalpppapa/ABpraaaapa,400_minutes,210-270,230,Waterston_400_minutes
CACACCTCATGTAAGA-400.2.3,4,0.05036335,245,,,400_minutes,210-270,245,Waterston_400_minutes
CACACCTCATTAACCG-400.2.3,10,0.17600073,330,Neuroblast_ASJ_AUA,ABalppppppp/ABpraaapppp,400_minutes,330-390,330,Waterston_400_minutes
CACACTCCAAGCCGCT-400.2.3,14,0.15156433,390,ADF_AWB,,400_minutes,390-450,390,Waterston_400_minutes
CACAGGCAGATCCCAT-400.2.3,3,0.022928912,260,,,400_minutes,210-270,260,Waterston_400_minutes
CACAGTAGTCATATCG-400.2.3,1,0.017513629,175,,ABalppppap/ABpraaapap,400_minutes,170-210,175,Waterston_400_minutes
CACAGTAGTCGGCATC-400.2.3,12,0.4690201,450,ADL,ABalppppaad/ABpraaapaad,400_minutes,450-510,450,Waterston_400_minutes
CACATAGCACACTGCG-400.2.3,4,0.063628204,270,,,400_minutes,270-330,270,Waterston_400_minutes
CACATAGCACATTTCT-400.2.3,19,0.22334455,450,AWA,ABpxaapapaa,400_minutes,450-510,450,Waterston_400_minutes
CACATTTGTAGGCATG-400.2.3,3,0.022698523,260,Neuroblast_ADF_AWB,ABalpppppa/ABpraaappa,400_minutes,210-270,260,Waterston_400_minutes
CACCACTAGTACGCCC-400.2.3,1,0.008335167,200,,ABpxaapapp,400_minutes,170-210,200,Waterston_400_minutes
CACCACTTCATCGCTC-400.2.3,11,0.3101637,310,ADL_parent,ABalppppaa/ABpraaapaa,400_minutes,270-330,310,Waterston_400_minutes
CACCAGGTCCTCCTAG-400.2.3,9,0.15507895,350,ASE_parent,ABalppppppa/ABpraaapppa,400_minutes,330-390,350,Waterston_400_minutes
CACCTTGCACAGATTC-400.2.3,0,0.5038394,450,AFD,ABalpppapav/ABpraaaapav,400_minutes,450-510,450,Waterston_400_minutes
CACCTTGGTAGAGTGC-400.2.3,10,0.17535883,355,AUA,ABalpppppppp/ABpraaappppp,400_minutes,330-390,355,Waterston_400_minutes
CACTCCAGTCAAAGCG-400.2.3,2,0.022349209,175,,ABalpppppp/ABpraaappp,400_minutes,170-210,175,Waterston_400_minutes
CAGAATCCACAAGCCC-400.2.3,14,0.10010974,340,ADF_AWB,,400_minutes,330-390,340,Waterston_400_minutes
CAGAATCCAGCTGCAC-400.2.3,3,0.018486874,260,Neuroblast_ADF_AWB,ABalpppppa/ABpraaappa,400_minutes,210-270,260,Waterston_400_minutes
CAGAATCGTGGGTATG-400.2.3,3,0.04428633,275,Neuroblast_ADF_AWB,ABalpppppa/ABpraaappa,400_minutes,270-330,275,Waterston_400_minutes
CAGAGAGGTACGCACC-400.2.3,18,0.31450927,420,AWC,ABpxpaaaaap,400_minutes,390-450,420,Waterston_400_minutes
CAGAGAGGTTCTGTTT-400.2.3,12,0.28577784,390,ADL,ABalppppaad/ABpraaapaad,400_minutes,390-450,390,Waterston_400_minutes
CAGATCAGTAGCTAAA-400.2.3,4,0.05282233,230,,ABpxpaaaaa,400_minutes,210-270,230,Waterston_400_minutes
CAGCAGCGTTAGGGTG-400.2.3,12,0.58490926,490,ADL,ABalppppaad/ABpraaapaad,400_minutes,450-510,490,Waterston_400_minutes
CAGCATAAGATATGCA-400.2.3,3,0.049878415,270,,,400_minutes,270-330,270,Waterston_400_minutes
CAGCATAGTATTAGCC-400.2.3,0,0.4462223,450,AFD,ABalpppapav/ABpraaaapav,400_minutes,450-510,450,Waterston_400_minutes
CAGCATATCCCTAACC-400.2.3,2,0.03622447,260,Neuroblast_ASE_ASJ_AUA,ABalpppppp/ABpraaappp,400_minutes,210-270,260,Waterston_400_minutes
CAGCCGACAAGTTGTC-400.2.3,4,0.028067764,200,,ABpxpppaa,400_minutes,170-210,200,Waterston_400_minutes
CAGCCGACAGGCTCAC-400.2.3,12,0.3338343,340,ADL,ABalppppaad/ABpraaapaad,400_minutes,330-390,340,Waterston_400_minutes
CAGCGACCAAGCCGCT-400.2.3,7,0.035115518,270,Neuroblast_ASG_AWA,ABpxaapapa,400_minutes,270-330,270,Waterston_400_minutes
CAGCGACTCTGATTCT-400.2.3,1,0.04294063,175,,ABpxaapap,400_minutes,170-210,175,Waterston_400_minutes
CAGCTAACAGCTGTTA-400.2.3,4,0.030638075,225,,ABalppppaa/ABpraaapaa,400_minutes,210-270,225,Waterston_400_minutes
CAGCTGGAGCGTGTCC-400.2.3,5,0.09971793,290,ASK_parent,ABalpppappp/ABpraaaappp,400_minutes,270-330,290,Waterston_400_minutes
CAGGTGCAGCGATGAC-400.2.3,4,0.05387482,230,,ABpxpaaaaa,400_minutes,210-270,230,Waterston_400_minutes
CAGGTGCCACTGTGTA-400.2.3,2,0.04384762,260,Neuroblast_ASE_ASJ_AUA,ABalpppppp/ABpraaappp,400_minutes,210-270,260,Waterston_400_minutes
CAGGTGCGTCAATGTC-400.2.3,12,0.47942463,450,ADL,ABalppppaad/ABpraaapaad,400_minutes,450-510,450,Waterston_400_minutes
CAGGTGCTCACTGGGC-400.2.3,3,0.03393789,290,Neuroblast_ADF_AWB,ABalpppppa/ABpraaappa,400_minutes,270-330,290,Waterston_400_minutes
CAGTAACTCCTTCAAT-400.2.3,15,0.23077449,440,ASI,ABpxaapapppa,400_minutes,390-450,440,Waterston_400_minutes
CATATGGGTCGACTGC-400.2.3,9,0.09290956,300,ASE_parent,ABalppppppa/ABpraaapppa,400_minutes,270-330,300,Waterston_400_minutes
CATATGGTCACGATGT-400.2.3,3,0.023665883,265,Neuroblast_ADF_AWB,ABalpppppa/ABpraaappa,400_minutes,210-270,265,Waterston_400_minutes
CATCAAGTCGAATGCT-400.2.3,4,0.062704265,325,,,400_minutes,270-330,325,Waterston_400_minutes
CATCGAACAGCCAGAA-400.2.3,11,0.26322755,270,ADL_parent,ABalppppaa/ABpraaapaa,400_minutes,270-330,270,Waterston_400_minutes
CATCGGGCAGCTTAAC-400.2.3,12,0.32442304,380,ADL,ABalppppaad/ABpraaapaad,400_minutes,330-390,380,Waterston_400_minutes
CATCGGGTCAAGGCTT-400.2.3,6,0.08306055,270,,,400_minutes,270-330,270,Waterston_400_minutes
CATGACAAGTGCGTGA-400.2.3,10,0.10952339,285,Neuroblast_ASJ_AUA,ABalppppppp/ABpraaapppp,400_minutes,270-330,285,Waterston_400_minutes
CATGACACATGCTGGC-400.2.3,12,0.3684592,405,ADL,ABalppppaad/ABpraaapaad,400_minutes,390-450,405,Waterston_400_minutes
CATGACAGTGCAACTT-400.2.3,2,0.027717557,195,,ABalpppppp/ABpraaappp,400_minutes,170-210,195,Waterston_400_minutes
CATGGCGCAAATTGCC-400.2.3,11,0.111797646,190,,ABalppppaa/ABpraaapaa,400_minutes,170-210,190,Waterston_400_minutes
CATGGCGTCTAACGGT-400.2.3,1,0.028816741,175,,ABpxapaaa,400_minutes,170-210,175,Waterston_400_minutes
CATTCGCAGCGAAGGG-400.2.3,19,0.15568884,410,AWA,ABpxaapapaa,400_minutes,390-450,410,Waterston_400_minutes
CCAATCCGTAGTGAAT-400.2.3,1,0.038447414,190,,ABalppppap/ABpraaapap,400_minutes,170-210,190,Waterston_400_minutes
CCAATCCTCTACTTAC-400.2.3,9,0.13514812,330,ASE_parent,ABalppppppa/ABpraaapppa,400_minutes,330-390,330,Waterston_400_minutes
CCACCTATCTACCAGA-400.2.3,10,0.14241548,295,Neuroblast_ASJ_AUA,ABalppppppp/ABpraaapppp,400_minutes,270-330,295,Waterston_400_minutes
CCACGGATCACCCTCA-400.2.3,9,0.13521236,310,ASE_parent,ABalppppppa/ABpraaapppa,400_minutes,270-330,310,Waterston_400_minutes
CCACGGATCCTAAGTG-400.2.3,7,0.046097703,260,,,400_minutes,210-270,260,Waterston_400_minutes
CCACTACCACTCGACG-400.2.3,3,0.024265205,205,,ABpxppppaa,400_minutes,170-210,205,Waterston_400_minutes
CCACTACTCACTGGGC-400.2.3,3,0.023627399,260,,,400_minutes,210-270,260,Waterston_400_minutes
CCAGCGAAGCGTTCCG-400.2.3,15,0.09502074,300,ASI_parent,ABpxaapappp,400_minutes,270-330,300,Waterston_400_minutes
CCATGTCCACCATCCT-400.2.3,15,0.09631184,300,ASI_parent,ABpxaapappp,400_minutes,270-330,300,Waterston_400_minutes
CCCAATCCACCGAAAG-400.2.3,7,0.056424797,295,Neuroblast_ASG_AWA,ABpxaapapa,400_minutes,270-330,295,Waterston_400_minutes
CCCATACTCCCATTAT-400.2.3,18,0.20910154,380,AWC,ABpxpaaaaap,400_minutes,330-390,380,Waterston_400_minutes
CCCTCCTCAGTATGCT-400.2.3,4,0.041484993,230,,ABpxpaaaaa,400_minutes,210-270,230,Waterston_400_minutes
CCGGTAGCAGCTGTGC-400.2.3,13,0.44134927,550,ASH,ABpxpaappaa,400_minutes,510-580,550,Waterston_400_minutes
CCGGTAGGTTGTACAC-400.2.3,3,0.03001838,270,,,400_minutes,270-330,270,Waterston_400_minutes
CCGTACTAGATGTGTA-400.2.3,19,0.0933471,325,ASG_AWA,,400_minutes,270-330,325,Waterston_400_minutes
CCGTTCAGTCGGCTCA-400.2.3,10,0.13778146,450,AWB,ABalpppppap/ABpraaappap,400_minutes,450-510,450,Waterston_400_minutes
CCTAAAGAGTACGCGA-400.2.3,12,0.3209599,320,ADL_parent,ABalppppaa/ABpraaapaa,400_minutes,270-330,320,Waterston_400_minutes
CCTAAAGCAATCAGAA-400.2.3,14,0.28229368,585,ADF,ABalpppppaa/ABpraaappaa,400_minutes,580-650,585,Waterston_400_minutes
CCTAAAGGTAAGTGTA-400.2.3,7,0.01974511,280,Neuroblast_ASG_AWA,ABpxaapapa,400_minutes,270-330,280,Waterston_400_minutes
CCTAAAGGTTCCGTCT-400.2.3,24,0.53846616,520,ASJ,ABalpppppppa/ABpraaappppa,400_minutes,510-580,520,Waterston_400_minutes
CCTACACCACATTAGC-400.2.3,4,0.042413726,230,,ABalppappa/ABarappppa,400_minutes,210-270,230,Waterston_400_minutes
CCTACACGTTAAAGAC-400.2.3,13,0.22989243,400,ASH,ABpxpaappaa,400_minutes,390-450,400,Waterston_400_minutes
CCTACACGTTCGCTAA-400.2.3,9,0.10970737,300,ASE_parent,ABalppppppa/ABpraaapppa,400_minutes,270-330,300,Waterston_400_minutes
CCTACCAAGTCGTTTG-400.2.3,18,0.14363882,355,,,400_minutes,330-390,355,Waterston_400_minutes
CCTACCATCACCCGAG-400.2.3,4,0.07061201,260,,,400_minutes,210-270,260,Waterston_400_minutes
CCTAGCTCACAGGCCT-400.2.3,10,0.16785845,370,AUA,ABalpppppppp/ABpraaappppp,400_minutes,330-390,370,Waterston_400_minutes
CCTAGCTCATCATCCC-400.2.3,5,0.07747054,270,ASK_parent,ABalpppappp/ABpraaaappp,400_minutes,270-330,270,Waterston_400_minutes
CCTATTATCACTTCAT-400.2.3,14,0.1952635,440,ADF,ABalpppppaa/ABpraaappaa,400_minutes,390-450,440,Waterston_400_minutes
CCTATTATCAGTTCGA-400.2.3,2,0.07187544,330,Neuroblast_ASJ_AUA,ABalppppppp/ABpraaapppp,400_minutes,330-390,330,Waterston_400_minutes
CCTTACGAGGGAACGG-400.2.3,12,0.3643688,415,ADL,ABalppppaad/ABpraaapaad,400_minutes,390-450,415,Waterston_400_minutes
CCTTACGGTCTAGAGG-400.2.3,7,0.06902801,300,Neuroblast_ASG_AWA,ABpxaapapa,400_minutes,270-330,300,Waterston_400_minutes
CCTTACGTCTTGGGTA-400.2.3,12,0.4212105,450,ADL,ABalppppaad/ABpraaapaad,400_minutes,450-510,450,Waterston_400_minutes
CCTTCCCAGCGCCTTG-400.2.3,11,0.3067372,285,ADL_parent,ABalppppaa/ABpraaapaa,400_minutes,270-330,285,Waterston_400_minutes
CCTTCGAAGCGTGAAC-400.2.3,12,0.28637218,350,ADL,ABalppppaad/ABpraaapaad,400_minutes,330-390,350,Waterston_400_minutes
CGAATGTAGCCGATTT-400.2.3,5,0.1450103,360,ASK_parent,ABalpppappp/ABpraaaappp,400_minutes,330-390,360,Waterston_400_minutes
CGAATGTCACTGAAGG-400.2.3,7,0.018129177,260,Neuroblast_ASG_AWA,ABpxaapapa,400_minutes,210-270,260,Waterston_400_minutes
CGACCTTCAGTAGAGC-400.2.3,12,0.31500706,340,ADL,ABalppppaad/ABpraaapaad,400_minutes,330-390,340,Waterston_400_minutes
CGACCTTGTAGCTGCC-400.2.3,19,0.09924849,390,AWA,ABpxaapapaa,400_minutes,390-450,390,Waterston_400_minutes
CGACTTCCACGGATAG-400.2.3,5,0.10408659,300,ASK_parent,ABalpppappp/ABpraaaappp,400_minutes,270-330,300,Waterston_400_minutes
CGAGAAGAGGTTACCT-400.2.3,4,0.038713567,230,,ABalppappa/ABarappppa,400_minutes,210-270,230,Waterston_400_minutes
CGAGAAGGTACGCTGC-400.2.3,23,0.24776958,510,ASG,ABpxaapapap,400_minutes,510-580,510,Waterston_400_minutes
CGAGCCATCCAACCAA-400.2.3,0,0.29558867,390,AFD,ABalpppapav/ABpraaaapav,400_minutes,390-450,390,Waterston_400_minutes
CGATCGGCATCCCACT-400.2.3,2,0.016659936,185,,ABalpppppp/ABpraaappp,400_minutes,170-210,185,Waterston_400_minutes
CGATCGGTCAATCTCT-400.2.3,24,0.6868441,550,ASJ,ABalpppppppa/ABpraaappppa,400_minutes,510-580,550,Waterston_400_minutes
CGATCGGTCACCGTAA-400.2.3,12,0.36201343,410,ADL,ABalppppaad/ABpraaapaad,400_minutes,390-450,410,Waterston_400_minutes
CGATCGGTCATGCTCC-400.2.3,12,0.3184944,350,ADL,ABalppppaad/ABpraaapaad,400_minutes,330-390,350,Waterston_400_minutes
CGATGGCGTCCAGTAT-400.2.3,14,0.07219288,330,ADF_AWB,,400_minutes,330-390,330,Waterston_400_minutes
CGATGTACACATGACT-400.2.3,17,0.19366162,415,AWB,ABalpppppap/ABpraaappap,400_minutes,390-450,415,Waterston_400_minutes
CGATTGAAGAGTACAT-400.2.3,18,0.40556303,470,AWC,ABpxpaaaaap,400_minutes,450-510,470,Waterston_400_minutes
CGCCAAGAGGCCCGTT-400.2.3,2,0.025957286,200,Neuroblast_ASE_ASJ_AUA,ABalpppppp/ABpraaappp,400_minutes,170-210,200,Waterston_400_minutes
CGCGGTAAGAGAACAG-400.2.3,8,0.035913587,230,Neuroblast_AFD_RMD,ABalpppapa/ABpraaaapa,400_minutes,210-270,230,Waterston_400_minutes
CGCGGTATCTGACCTC-400.2.3,6,0.054417923,290,ASI_parent,ABpxaapappp,400_minutes,270-330,290,Waterston_400_minutes
CGCGGTATCTTCCTTC-400.2.3,4,0.053095836,260,,ABpxpaaaaa,400_minutes,210-270,260,Waterston_400_minutes
CGCGTTTAGGATGCGT-400.2.3,21,0.36082667,450,ASK,ABalpppapppa/ABpraaaapppa,400_minutes,450-510,450,Waterston_400_minutes
CGCGTTTGTCAATGTC-400.2.3,2,0.030635064,210,Neuroblast_ASE_ASJ_AUA,ABalpppppp/ABpraaappp,400_minutes,210-270,210,Waterston_400_minutes
CGCTGGATCCTACAGA-400.2.3,7,0.05854486,295,Neuroblast_ASG_AWA,ABpxaapapa,400_minutes,270-330,295,Waterston_400_minutes
CGCTTCAAGTTAGGTA-400.2.3,18,0.17259805,355,AWC,ABpxpaaaaap,400_minutes,330-390,355,Waterston_400_minutes
CGCTTCATCTAGAGTC-400.2.3,0,0.5746977,510,AFD,ABalpppapav/ABpraaaapav,400_minutes,510-580,510,Waterston_400_minutes
CGGACACAGGAATCGC-400.2.3,7,0.04852702,300,Neuroblast_ASG_AWA,ABpxaapapa,400_minutes,270-330,300,Waterston_400_minutes
CGGACACAGGGAAACA-400.2.3,24,0.505837,490,ASJ,ABalpppppppa/ABpraaappppa,400_minutes,450-510,490,Waterston_400_minutes
CGGACACTCTGCAAGT-400.2.3,18,0.20128173,375,AWC,ABpxpaaaaap,400_minutes,330-390,375,Waterston_400_minutes
CGGACGTGTCTCCCTA-400.2.3,5,0.10880375,320,ASK_parent,ABalpppappp/ABpraaaappp,400_minutes,270-330,320,Waterston_400_minutes
CGGAGCTGTAATAGCA-400.2.3,21,0.3633393,490,ASK,ABalpppapppa/ABpraaaapppa,400_minutes,450-510,490,Waterston_400_minutes
CGGAGTCCACAAGTAA-400.2.3,21,0.31052396,420,ASK,ABalpppapppa/ABpraaaapppa,400_minutes,390-450,420,Waterston_400_minutes
CGGAGTCTCATGCATG-400.2.3,24,0.674515,620,ASJ,ABalpppppppa/ABpraaappppa,400_minutes,580-650,620,Waterston_400_minutes
CGGGTCAAGATAGCAT-400.2.3,3,0.015075155,230,,ABpxppapp,400_minutes,210-270,230,Waterston_400_minutes
CGGGTCAAGGTGCTAG-400.2.3,4,0.042555794,245,,ABalppappa/ABarappppa,400_minutes,210-270,245,Waterston_400_minutes
CGGGTCAGTCATCCCT-400.2.3,14,0.13980341,405,ADF_AWB,,400_minutes,390-450,405,Waterston_400_minutes
CGGGTCAGTCGCTTTC-400.2.3,4,0.040743146,230,,,400_minutes,210-270,230,Waterston_400_minutes
CGGTTAAAGGGCTTGA-400.2.3,7,0.059460703,300,Neuroblast_ASG_AWA,ABpxaapapa,400_minutes,270-330,300,Waterston_400_minutes
CGGTTAACACGGCCAT-400.2.3,5,0.10343023,280,ASK_parent,ABalpppappp/ABpraaaappp,400_minutes,270-330,280,Waterston_400_minutes
CGGTTAAGTGTTTGGT-400.2.3,5,0.1288627,360,ASK_parent,ABalpppappp/ABpraaaappp,400_minutes,330-390,360,Waterston_400_minutes
CGTAGCGAGATGGCGT-400.2.3,3,0.026694411,260,Neuroblast_ADF_AWB,ABalpppppa/ABpraaappa,400_minutes,210-270,260,Waterston_400_minutes
CGTAGCGAGCTTTGGT-400.2.3,15,0.10273546,300,ASI_parent,ABpxaapappp,400_minutes,270-330,300,Waterston_400_minutes
CGTAGCGGTAGATTAG-400.2.3,1,0.037846275,180,,ABalppppap/ABpraaapap,400_minutes,170-210,180,Waterston_400_minutes
CGTCACTAGTTTAGGA-400.2.3,14,0.22418606,470,ADF,ABalpppppaa/ABpraaappaa,400_minutes,450-510,470,Waterston_400_minutes
CGTCTACCATTTCAGG-400.2.3,12,0.34815216,385,ADL,ABalppppaad/ABpraaapaad,400_minutes,330-390,385,Waterston_400_minutes
CGTGAGCAGGAGCGTT-400.2.3,5,0.11948529,300,ASK_parent,ABalpppappp/ABpraaaappp,400_minutes,270-330,300,Waterston_400_minutes
CGTGAGCGTGTTGGGA-400.2.3,13,0.35181317,440,ASH,ABpxpaappaa,400_minutes,390-450,440,Waterston_400_minutes
CGTGAGCTCACTTCAT-400.2.3,14,0.09414346,365,ADF_AWB,,400_minutes,330-390,365,Waterston_400_minutes
CGTGAGCTCTTAACCT-400.2.3,9,0.14917688,350,ASE_parent,ABalppppppa/ABpraaapppa,400_minutes,330-390,350,Waterston_400_minutes
CGTGTAAAGGACATTA-400.2.3,18,0.27941006,425,AWC,ABpxpaaaaap,400_minutes,390-450,425,Waterston_400_minutes
CGTGTCTAGGTACTCT-400.2.3,8,0.06594525,270,Neuroblast_AFD_RMD,ABalpppapa/ABpraaaapa,400_minutes,270-330,270,Waterston_400_minutes
CGTTAGAAGGCTAGCA-400.2.3,15,0.12651694,350,ASI_parent,ABpxaapappp,400_minutes,330-390,350,Waterston_400_minutes
CGTTAGACAGCTTCGG-400.2.3,5,0.11306079,300,ASK_parent,ABalpppappp/ABpraaaappp,400_minutes,270-330,300,Waterston_400_minutes
CGTTAGAGTCGCATAT-400.2.3,3,0.036794174,270,Neuroblast_ADF_AWB,ABalpppppa/ABpraaappa,400_minutes,270-330,270,Waterston_400_minutes
CGTTCTGGTAGCTCCG-400.2.3,0,0.607106,550,AFD,ABalpppapav/ABpraaaapav,400_minutes,510-580,550,Waterston_400_minutes
CGTTCTGGTTAAGACA-400.2.3,4,0.057794243,205,,ABpxpaaaaa,400_minutes,170-210,205,Waterston_400_minutes
CGTTGGGAGATAGGAG-400.2.3,2,0.061280552,285,Neuroblast_ASJ_AUA,ABalppppppp/ABpraaapppp,400_minutes,270-330,285,Waterston_400_minutes
CTAACTTCATCGGTTA-400.2.3,2,0.0404887,260,Neuroblast_ASE_ASJ_AUA,ABalpppppp/ABpraaappp,400_minutes,210-270,260,Waterston_400_minutes
CTAACTTTCTGCTGTC-400.2.3,6,0.11047692,550,ASK,ABalpppapppa/ABpraaaapppa,400_minutes,510-580,550,Waterston_400_minutes
CTACACCAGCCCAATT-400.2.3,18,0.2077991,375,AWC,ABpxpaaaaap,400_minutes,330-390,375,Waterston_400_minutes
CTACACCCAGTCACTA-400.2.3,19,0.14429325,400,AWA,ABpxaapapaa,400_minutes,390-450,400,Waterston_400_minutes
CTACACCTCAAGGTAA-400.2.3,13,0.107704595,345,ASH,ABpxpaappaa,400_minutes,330-390,345,Waterston_400_minutes
CTACATTTCAGTGCAT-400.2.3,15,0.122520305,345,ASI_parent,ABpxaapappp,400_minutes,330-390,345,Waterston_400_minutes
CTACCCACACCGGAAA-400.2.3,15,0.07106001,285,,,400_minutes,270-330,285,Waterston_400_minutes
CTACCCATCAGTACGT-400.2.3,5,0.11865488,310,ASK_parent,ABalpppappp/ABpraaaappp,400_minutes,270-330,310,Waterston_400_minutes
CTACCCATCCGGGTGT-400.2.3,3,0.035672747,290,,,400_minutes,270-330,290,Waterston_400_minutes
CTACGTCAGGGTTCCC-400.2.3,7,0.034934957,260,Neuroblast_ADF_AWB,ABalpppppa/ABpraaappa,400_minutes,210-270,260,Waterston_400_minutes
CTACGTCTCGATCCCT-400.2.3,15,0.09700605,300,ASI_parent,ABpxaapappp,400_minutes,270-330,300,Waterston_400_minutes
CTCAGAAGTCTTCAAG-400.2.3,4,0.02955211,225,,,400_minutes,210-270,225,Waterston_400_minutes
CTCCTAGGTCCGAGTC-400.2.3,0,0.22698298,320,AFD,ABalpppapav/ABpraaaapav,400_minutes,270-330,320,Waterston_400_minutes
CTCGAAACATACGCCG-400.2.3,5,0.20723948,375,ASK_parent,ABalpppappp/ABpraaaappp,400_minutes,330-390,375,Waterston_400_minutes
CTCGAGGTCGTCCGTT-400.2.3,12,0.3254312,350,ADL,ABalppppaad/ABpraaapaad,400_minutes,330-390,350,Waterston_400_minutes
CTCGAGGTCTGAGGGA-400.2.3,3,0.047710873,280,,,400_minutes,270-330,280,Waterston_400_minutes
CTCGGAGAGTGGTAGC-400.2.3,9,0.29446685,450,ASE,ABalppppppaa/ABpraaapppaa,400_minutes,450-510,450,Waterston_400_minutes
CTCGGAGGTCCCGACA-400.2.3,1,0.015062885,205,,,400_minutes,170-210,205,Waterston_400_minutes
CTCGGAGGTCGTTGTA-400.2.3,2,0.052052006,260,Neuroblast_ASE_ASJ_AUA,ABalpppppp/ABpraaappp,400_minutes,210-270,260,Waterston_400_minutes
CTCGGAGGTGTCGCTG-400.2.3,0,0.22738057,340,AFD,ABalpppapav/ABpraaaapav,400_minutes,330-390,340,Waterston_400_minutes
CTCGTACGTGATGTCT-400.2.3,14,0.08531423,350,ADF_AWB,,400_minutes,330-390,350,Waterston_400_minutes
CTCGTACTCCACGCAG-400.2.3,7,0.040653028,300,Neuroblast_ASG_AWA,ABpxaapapa,400_minutes,270-330,300,Waterston_400_minutes
CTCGTCACAGCCTTTC-400.2.3,12,0.32239714,380,ADL,ABalppppaad/ABpraaapaad,400_minutes,330-390,380,Waterston_400_minutes
CTCGTCAGTTCCACTC-400.2.3,13,0.31545898,450,ASH,ABpxpaappaa,400_minutes,450-510,450,Waterston_400_minutes
CTCGTCATCAGATAAG-400.2.3,12,0.31471634,370,ADL,ABalppppaad/ABpraaapaad,400_minutes,330-390,370,Waterston_400_minutes
CTCGTCATCCTCTAGC-400.2.3,4,0.06813124,230,,ABpxpaaaaa,400_minutes,210-270,230,Waterston_400_minutes
CTCTAATAGCTTATCG-400.2.3,12,0.32747838,340,ADL,ABalppppaad/ABpraaapaad,400_minutes,330-390,340,Waterston_400_minutes
CTCTAATCATCGTCGG-400.2.3,21,0.3167337,420,ASK,ABalpppapppa/ABpraaaapppa,400_minutes,390-450,420,Waterston_400_minutes
CTCTAATGTTCTCATT-400.2.3,7,0.07143282,280,Neuroblast_ASG_AWA,ABpxaapapa,400_minutes,270-330,280,Waterston_400_minutes
CTCTAATTCTCGAGTA-400.2.3,20,0.6482385,450,ADL,ABalppppaad/ABpraaapaad,400_minutes,450-510,450,Waterston_400_minutes
CTCTACGAGAGTAAGG-400.2.3,7,0.03269413,280,Neuroblast_ASG_AWA,ABpxaapapa,400_minutes,270-330,280,Waterston_400_minutes
CTCTACGAGCGTTTAC-400.2.3,3,0.04364666,325,,,400_minutes,270-330,325,Waterston_400_minutes
CTCTGGTAGCTAACAA-400.2.3,1,0.033552296,200,,ABalpppapp/ABpraaaapp,400_minutes,170-210,200,Waterston_400_minutes
CTCTGGTCATTAACCG-400.2.3,4,0.040735614,220,,ABalppappa/ABarappppa,400_minutes,210-270,220,Waterston_400_minutes
CTGATAGAGCGAGAAA-400.2.3,13,0.12686442,350,ASH,ABpxpaappaa,400_minutes,330-390,350,Waterston_400_minutes
CTGATAGAGGCCGAAT-400.2.3,10,0.11285092,320,,,400_minutes,270-330,320,Waterston_400_minutes
CTGATAGGTCAAAGCG-400.2.3,4,0.020827292,190,,ABpxpaapp,400_minutes,170-210,190,Waterston_400_minutes
CTGATCCAGACCACGA-400.2.3,10,0.30497548,410,ASJ,ABalpppppppa/ABpraaappppa,400_minutes,390-450,410,Waterston_400_minutes
CTGATCCTCATCTGCC-400.2.3,19,0.11593478,350,ASG_AWA,,400_minutes,330-390,350,Waterston_400_minutes
CTGCCTAGTTTGTGTG-400.2.3,8,0.0714453,275,Neuroblast_AFD_RMD,ABalpppapa/ABpraaaapa,400_minutes,270-330,275,Waterston_400_minutes
CTGCCTATCAGCTTAG-400.2.3,19,0.12786007,380,ASG_AWA,,400_minutes,330-390,380,Waterston_400_minutes
CTGCCTATCTTACCTA-400.2.3,4,0.04253971,225,,,400_minutes,210-270,225,Waterston_400_minutes
CTGCTGTAGCACAGGT-400.2.3,14,0.08259511,345,Neuroblast_ADF_AWB,ABalpppppa/ABpraaappa,400_minutes,330-390,345,Waterston_400_minutes
CTGCTGTGTATATGAG-400.2.3,7,0.017238216,230,Neuroblast_AFD_RMD,ABalpppapa/ABpraaaapa,400_minutes,210-270,230,Waterston_400_minutes
CTGTGCTAGTTCGCGC-400.2.3,11,0.05986617,220,,,400_minutes,210-270,220,Waterston_400_minutes
CTGTGCTCATCGGACC-400.2.3,5,0.078936525,270,ASK_parent,ABalpppappp/ABpraaaappp,400_minutes,270-330,270,Waterston_400_minutes
CTGTGCTTCCAAACTG-400.2.3,4,0.044982128,230,,ABalppappa/ABarappppa,400_minutes,210-270,230,Waterston_400_minutes
CTGTTTAAGATCTGCT-400.2.3,10,0.15944764,310,Neuroblast_ASJ_AUA,ABalppppppp/ABpraaapppp,400_minutes,270-330,310,Waterston_400_minutes
CTTAACTCAGCCTTGG-400.2.3,11,0.24887165,260,ADL_parent,ABalppppaa/ABpraaapaa,400_minutes,210-270,260,Waterston_400_minutes
CTTAACTGTTGTTTGG-400.2.3,10,0.20346785,350,ASJ,ABalpppppppa/ABpraaappppa,400_minutes,330-390,350,Waterston_400_minutes
CTTACCGCAGACAAGC-400.2.3,15,0.096122354,310,ASI_parent,ABpxaapappp,400_minutes,270-330,310,Waterston_400_minutes
CTTACCGTCGAGAACG-400.2.3,15,0.09510035,335,ASI_parent,ABpxaapappp,400_minutes,330-390,335,Waterston_400_minutes
CTTAGGAGTTATGCGT-400.2.3,12,0.34856108,385,ADL,ABalppppaad/ABpraaapaad,400_minutes,330-390,385,Waterston_400_minutes
CTTAGGATCAGAAATG-400.2.3,13,0.16518715,380,ASH,ABpxpaappaa,400_minutes,330-390,380,Waterston_400_minutes
CTTCTCTCAATCAGAA-400.2.3,14,0.18933338,425,ADF,ABalpppppaa/ABpraaappaa,400_minutes,390-450,425,Waterston_400_minutes
CTTCTCTGTCATCGGC-400.2.3,1,0.016324136,180,,ABalppppap/ABpraaapap,400_minutes,170-210,180,Waterston_400_minutes
CTTTGCGAGAGTACCG-400.2.3,18,0.37720796,440,AWC,ABpxpaaaaap,400_minutes,390-450,440,Waterston_400_minutes
CTTTGCGTCTGTCAAG-400.2.3,3,0.05543658,320,Neuroblast_ADF_AWB,ABalpppppa/ABpraaappa,400_minutes,270-330,320,Waterston_400_minutes
GAAACTCAGTGTACTC-400.2.3,8,0.048629697,265,Neuroblast_AFD_RMD,ABalpppapa/ABpraaaapa,400_minutes,210-270,265,Waterston_400_minutes
GAAACTCTCGAGCCCA-400.2.3,11,0.14217637,200,,ABalppppaa/ABpraaapaa,400_minutes,170-210,200,Waterston_400_minutes
GAACATCAGATAGGAG-400.2.3,4,0.017061062,195,,,400_minutes,170-210,195,Waterston_400_minutes
GAACATCGTTACGGAG-400.2.3,2,0.019342039,200,Neuroblast_ASE_ASJ_AUA,ABalpppppp/ABpraaappp,400_minutes,170-210,200,Waterston_400_minutes
GAACCTATCGTCCAGG-400.2.3,17,0.1782637,415,AWB,ABalpppppap/ABpraaappap,400_minutes,390-450,415,Waterston_400_minutes
GAACGGACACGAAGCA-400.2.3,3,0.019719899,260,,,400_minutes,210-270,260,Waterston_400_minutes
GAACGGAGTTGAGTTC-400.2.3,8,0.08122333,295,Neuroblast_AFD_RMD,ABalpppapa/ABpraaaapa,400_minutes,270-330,295,Waterston_400_minutes
GAATAAGAGGATGGAA-400.2.3,12,0.30929103,370,ADL,ABalppppaad/ABpraaapaad,400_minutes,330-390,370,Waterston_400_minutes
GAATGAATCACTTCAT-400.2.3,9,0.111987986,310,ASE_parent,ABalppppppa/ABpraaapppa,400_minutes,270-330,310,Waterston_400_minutes
GACACGCAGAACTGTA-400.2.3,0,0.31068033,390,AFD,ABalpppapav/ABpraaaapav,400_minutes,390-450,390,Waterston_400_minutes
GACACGCCACGAAATA-400.2.3,4,0.058096554,230,,ABpxpaaaaa,400_minutes,210-270,230,Waterston_400_minutes
GACACGCGTAGCGCAA-400.2.3,5,0.109028384,320,ASK_parent,ABalpppappp/ABpraaaappp,400_minutes,270-330,320,Waterston_400_minutes
GACCAATAGGCTCAGA-400.2.3,8,0.027614145,230,Neuroblast_AFD_RMD,ABalpppapa/ABpraaaapa,400_minutes,210-270,230,Waterston_400_minutes
GACCAATGTTCATGGT-400.2.3,23,0.24579608,510,ASG,ABpxaapapap,400_minutes,510-580,510,Waterston_400_minutes
GACCAATTCCCTCTTT-400.2.3,9,0.13996997,300,ASE_parent,ABalppppppa/ABpraaapppa,400_minutes,270-330,300,Waterston_400_minutes
GACCTGGCACCGTTGG-400.2.3,10,0.36424994,400,ASJ,ABalpppppppa/ABpraaappppa,400_minutes,390-450,400,Waterston_400_minutes
GACGCGTAGCATGGCA-400.2.3,5,0.15001343,360,ASK_parent,ABalpppappp/ABpraaaappp,400_minutes,330-390,360,Waterston_400_minutes
GACGCGTCACCTGGTG-400.2.3,9,0.25911012,415,ASE,ABalppppppaa/ABpraaapppaa,400_minutes,390-450,415,Waterston_400_minutes
GACGCGTCAGATCGGA-400.2.3,11,0.30481777,300,ADL_parent,ABalppppaa/ABpraaapaa,400_minutes,270-330,300,Waterston_400_minutes
GACGCGTCAGGCGATA-400.2.3,4,0.051903404,275,,,400_minutes,270-330,275,Waterston_400_minutes
GACGCGTGTCAAAGCG-400.2.3,7,0.047942296,275,Neuroblast_ASG_AWA,ABpxaapapa,400_minutes,270-330,275,Waterston_400_minutes
GACGGCTGTATCTGCA-400.2.3,3,0.016001984,260,,,400_minutes,210-270,260,Waterston_400_minutes
GACGGCTTCAAGGCTT-400.2.3,1,0.041283824,170,,,400_minutes,170-210,170,Waterston_400_minutes
GACGTGCAGTGTACCT-400.2.3,9,0.23489355,380,ASE,ABalppppppaa/ABpraaapppaa,400_minutes,330-390,380,Waterston_400_minutes
GACGTGCGTTATTCTC-400.2.3,5,0.112527356,300,ASK_parent,ABalpppappp/ABpraaaappp,400_minutes,270-330,300,Waterston_400_minutes
GACGTGCGTTGTCGCG-400.2.3,19,0.14133595,390,AWA,ABpxaapapaa,400_minutes,390-450,390,Waterston_400_minutes
GACTAACGTTTGGCGC-400.2.3,18,0.17880641,350,AWC,ABpxpaaaaap,400_minutes,330-390,350,Waterston_400_minutes
GACTACATCAGAAATG-400.2.3,10,0.16410454,390,AUA,ABalpppppppp/ABpraaappppp,400_minutes,390-450,390,Waterston_400_minutes
GACTACATCGTCGTTC-400.2.3,2,0.025102641,200,,ABalpppppp/ABpraaappp,400_minutes,170-210,200,Waterston_400_minutes
GACTGCGCACTTCGAA-400.2.3,19,0.121555485,380,ASG_AWA,,400_minutes,330-390,380,Waterston_400_minutes
GACTGCGGTCCCTTGT-400.2.3,11,0.26828095,290,ADL_parent,ABalppppaa/ABpraaapaa,400_minutes,270-330,290,Waterston_400_minutes
GACTGCGGTCTAACGT-400.2.3,4,0.034743678,195,,,400_minutes,170-210,195,Waterston_400_minutes
GAGCAGAGTGGGTCAA-400.2.3,1,0.047350217,210,,ABalppppap/ABpraaapap,400_minutes,210-270,210,Waterston_400_minutes
GAGCAGATCTGCCCTA-400.2.3,15,0.1516084,410,ASI,ABpxaapapppa,400_minutes,390-450,410,Waterston_400_minutes
GAGTCCGAGTGGACGT-400.2.3,11,0.08164365,200,,ABalppppa/ABpraaapa,400_minutes,170-210,200,Waterston_400_minutes
GAGTCCGTCCGTAGGC-400.2.3,4,0.056718275,280,,,400_minutes,270-330,280,Waterston_400_minutes
GATCAGTAGCTACCGC-400.2.3,2,0.03733284,245,Neuroblast_ASE_ASJ_AUA,ABalpppppp/ABpraaappp,400_minutes,210-270,245,Waterston_400_minutes
GATCAGTTCCAGAAGG-400.2.3,2,0.041017152,170,,ABalppppp/ABpraaapp,400_minutes,170-210,170,Waterston_400_minutes
GATCGATCATATACCG-400.2.3,10,0.26067063,400,ASJ,ABalpppppppa/ABpraaappppa,400_minutes,390-450,400,Waterston_400_minutes
GATCGATGTAGATTAG-400.2.3,13,0.1584586,350,ASH,ABpxpaappaa,400_minutes,330-390,350,Waterston_400_minutes
GATCGCGAGCTGAACG-400.2.3,5,0.036522187,585,AFD,ABalpppapp/ABpraaaapp,400_minutes,580-650,585,Waterston_400_minutes
GATCGCGGTGCAGACA-400.2.3,20,0.69059193,500,ADL,ABalppppaad/ABpraaapaad,400_minutes,450-510,500,Waterston_400_minutes
GATCGTACAAAGGTGC-400.2.3,13,0.15289801,355,ASH,ABpxpaappaa,400_minutes,330-390,355,Waterston_400_minutes
GATGAAACAGTCCTTC-400.2.3,9,0.12489084,320,ASE_parent,ABalppppppa/ABpraaapppa,400_minutes,270-330,320,Waterston_400_minutes
GATGAGGTCAGTTGAC-400.2.3,17,0.19773163,430,AWB,ABalpppppap/ABpraaappap,400_minutes,390-450,430,Waterston_400_minutes
GATGAGGTCTCTTGAT-400.2.3,1,0.03868145,170,,ABalpppap/ABpraaaap,400_minutes,170-210,170,Waterston_400_minutes
GCAATCATCTTCATGT-400.2.3,9,0.11040577,300,ASE_parent,ABalppppppa/ABpraaapppa,400_minutes,270-330,300,Waterston_400_minutes
GCACATACAGTCAGAG-400.2.3,12,0.45256197,450,ADL,ABalppppaad/ABpraaapaad,400_minutes,450-510,450,Waterston_400_minutes
GCACATAGTATAGGTA-400.2.3,3,0.024142886,265,,,400_minutes,210-270,265,Waterston_400_minutes
GCAGCCACAGATGGCA-400.2.3,3,0.017126534,260,,ABpxpaappa,400_minutes,210-270,260,Waterston_400_minutes
GCAGCCAGTACCGTAT-400.2.3,3,0.009675193,220,,ABpxpaaaa,400_minutes,210-270,220,Waterston_400_minutes
GCAGCCATCTTGTTTG-400.2.3,9,0.12523983,300,ASE_parent,ABalppppppa/ABpraaapppa,400_minutes,270-330,300,Waterston_400_minutes
GCATACAAGTGAATTG-400.2.3,10,0.17114572,320,Neuroblast_ASJ_AUA,ABalppppppp/ABpraaapppp,400_minutes,270-330,320,Waterston_400_minutes
GCATACACAGGACCCT-400.2.3,19,0.24868403,585,AWA,ABpxaapapaa,400_minutes,580-650,585,Waterston_400_minutes
GCATACAGTACCTACA-400.2.3,11,0.28969198,295,ADL_parent,ABalppppaa/ABpraaapaa,400_minutes,270-330,295,Waterston_400_minutes
GCATGATGTTGTCTTT-400.2.3,13,0.29346776,420,ASH,ABpxpaappaa,400_minutes,390-450,420,Waterston_400_minutes
GCATGCGCACGAAATA-400.2.3,4,0.04140971,260,,,400_minutes,210-270,260,Waterston_400_minutes
GCATGCGGTCCAGTAT-400.2.3,9,0.13575898,320,ASE_parent,ABalppppppa/ABpraaapppa,400_minutes,270-330,320,Waterston_400_minutes
GCATGCGGTGACTACT-400.2.3,5,0.13185872,360,ASK_parent,ABalpppappp/ABpraaaappp,400_minutes,330-390,360,Waterston_400_minutes
GCATGTAAGACTACAA-400.2.3,5,0.10158671,285,ASK_parent,ABalpppappp/ABpraaaappp,400_minutes,270-330,285,Waterston_400_minutes
GCATGTAGTCACAAGG-400.2.3,4,0.05658221,280,,,400_minutes,270-330,280,Waterston_400_minutes
GCATGTAGTCACACGC-400.2.3,5,0.21573922,390,ASK,ABalpppapppa/ABpraaaapppa,400_minutes,390-450,390,Waterston_400_minutes
GCCTCTAAGAATTCCC-400.2.3,1,0.049342416,200,,ABalppppaa/ABpraaapaa,400_minutes,170-210,200,Waterston_400_minutes
GCGAGAATCGGCGCAT-400.2.3,0,0.31511557,385,AFD,ABalpppapav/ABpraaaapav,400_minutes,330-390,385,Waterston_400_minutes
GCGCAACCAGCTGTAT-400.2.3,18,0.31164578,420,AWC,ABpxpaaaaap,400_minutes,390-450,420,Waterston_400_minutes
GCGCAGTTCGGTCCGA-400.2.3,7,0.04844325,300,Neuroblast_ASG_AWA,ABpxaapapa,400_minutes,270-330,300,Waterston_400_minutes
GCGCCAACAGCCTATA-400.2.3,15,0.19007081,410,ASI,ABpxaapapppa,400_minutes,390-450,410,Waterston_400_minutes
GCGGGTTTCGGAAACG-400.2.3,11,0.19079773,230,ADL_parent,ABalppppaa/ABpraaapaa,400_minutes,210-270,230,Waterston_400_minutes
GCTCCTACAATCCGAT-400.2.3,11,0.15263958,220,ADL_parent,ABalppppaa/ABpraaapaa,400_minutes,210-270,220,Waterston_400_minutes
GCTCCTATCAAACAAG-400.2.3,10,0.15421024,320,Neuroblast_ASJ_AUA,ABalppppppp/ABpraaapppp,400_minutes,270-330,320,Waterston_400_minutes
GCTCTGTAGGCTCTTA-400.2.3,3,0.027035782,285,,,400_minutes,270-330,285,Waterston_400_minutes
GCTCTGTTCACAAACC-400.2.3,3,0.05120766,270,,,400_minutes,270-330,270,Waterston_400_minutes
GCTCTGTTCATAAAGG-400.2.3,8,0.070339054,270,Neuroblast_AFD_RMD,ABalpppapa/ABpraaaapa,400_minutes,270-330,270,Waterston_400_minutes
GCTGCAGCACTCTGTC-400.2.3,12,0.5492326,450,ADL,ABalppppaad/ABpraaapaad,400_minutes,450-510,450,Waterston_400_minutes
GCTGCTTAGATGCCAG-400.2.3,8,0.021987362,230,Neuroblast_AFD_RMD,ABalpppapa/ABpraaaapa,400_minutes,210-270,230,Waterston_400_minutes
GCTGCTTTCGCTTAGA-400.2.3,4,0.06290644,230,,,400_minutes,210-270,230,Waterston_400_minutes
GGAATAAGTCGTTGTA-400.2.3,15,0.12026333,370,ASI_parent,ABpxaapappp,400_minutes,330-390,370,Waterston_400_minutes
GGAATAAGTTCAGCGC-400.2.3,15,0.10059189,300,ASI_parent,ABpxaapappp,400_minutes,270-330,300,Waterston_400_minutes
GGACGTCTCGGTGTTA-400.2.3,10,0.14065267,300,Neuroblast_ASJ_AUA,ABalppppppp/ABpraaapppp,400_minutes,270-330,300,Waterston_400_minutes
GGACGTCTCGTAGATC-400.2.3,10,0.29765302,415,ASJ,ABalpppppppa/ABpraaappppa,400_minutes,390-450,415,Waterston_400_minutes
GGAGCAATCCAGTAGT-400.2.3,13,0.14811394,350,ASH,ABpxpaappaa,400_minutes,330-390,350,Waterston_400_minutes
GGATGTTAGACTTGAA-400.2.3,13,0.25499073,405,ASH,ABpxpaappaa,400_minutes,390-450,405,Waterston_400_minutes
GGATTACGTGTTCGAT-400.2.3,17,0.20074785,410,AWB,ABalpppppap/ABpraaappap,400_minutes,390-450,410,Waterston_400_minutes
GGCCGATAGGGCATGT-400.2.3,7,0.010206786,230,,,400_minutes,210-270,230,Waterston_400_minutes
GGCGACTCAATGGAGC-400.2.3,10,0.26553708,395,ASJ,ABalpppppppa/ABpraaappppa,400_minutes,390-450,395,Waterston_400_minutes
GGCGACTTCCACGACG-400.2.3,1,0.035940986,170,,ABalpppap/ABpraaaap,400_minutes,170-210,170,Waterston_400_minutes
GGCGACTTCGATGAGG-400.2.3,5,0.18724531,390,ASK,ABalpppapppa/ABpraaaapppa,400_minutes,390-450,390,Waterston_400_minutes
GGCTCGATCTCAACTT-400.2.3,12,0.31677735,350,ADL,ABalppppaad/ABpraaapaad,400_minutes,330-390,350,Waterston_400_minutes
GGCTGGTAGGGAACGG-400.2.3,20,0.73050714,620,ADL,ABalppppaad/ABpraaapaad,400_minutes,580-650,620,Waterston_400_minutes
GGCTGGTCAATGAATG-400.2.3,8,0.05463729,230,Neuroblast_AFD_RMD,ABalpppapa/ABpraaaapa,400_minutes,210-270,230,Waterston_400_minutes
GGCTGGTGTACCGAGA-400.2.3,1,0.03797059,175,,ABalpppap/ABpraaaap,400_minutes,170-210,175,Waterston_400_minutes
GGCTGGTTCATACGGT-400.2.3,12,0.3080846,340,ADL,ABalppppaad/ABpraaapaad,400_minutes,330-390,340,Waterston_400_minutes
GGGACCTCACCGTTGG-400.2.3,3,0.034809716,270,Neuroblast_ADF_AWB,ABalpppppa/ABpraaappa,400_minutes,270-330,270,Waterston_400_minutes
GGGACCTGTGCTAGCC-400.2.3,4,0.06298108,220,,,400_minutes,210-270,220,Waterston_400_minutes
GGGACCTTCGACCAGC-400.2.3,3,0.013995829,260,Neuroblast_ADF_AWB,ABalpppppa/ABpraaappa,400_minutes,210-270,260,Waterston_400_minutes
GGGAGATAGAAACGCC-400.2.3,14,0.104574494,360,ADF_AWB,,400_minutes,330-390,360,Waterston_400_minutes
GGGAGATCAGTCGATT-400.2.3,5,0.11317277,300,ASK_parent,ABalpppappp/ABpraaaappp,400_minutes,270-330,300,Waterston_400_minutes
GGGATGAGTCGGATCC-400.2.3,19,0.14660284,380,AWA,ABpxaapapaa,400_minutes,330-390,380,Waterston_400_minutes
GGGCACTAGCGCCTTG-400.2.3,8,0.02725403,220,,ABalppppa/ABpraaapa,400_minutes,210-270,220,Waterston_400_minutes
GGGCATCAGACTACAA-400.2.3,3,0.05000429,280,Neuroblast_ADF_AWB,ABalpppppa/ABpraaappa,400_minutes,270-330,280,Waterston_400_minutes
GGGCATCGTCAGAATA-400.2.3,18,0.537717,585,AWC,ABpxpaaaaap,400_minutes,580-650,585,Waterston_400_minutes
GGGCATCGTTGAGTTC-400.2.3,4,0.05990882,230,,,400_minutes,210-270,230,Waterston_400_minutes
GGGTTGCGTGCACTTA-400.2.3,7,0.04656264,300,Neuroblast_ASG_AWA,ABpxaapapa,400_minutes,270-330,300,Waterston_400_minutes
GGTATTGGTGACGCCT-400.2.3,17,0.1968434,450,AWB,ABalpppppap/ABpraaappap,400_minutes,450-510,450,Waterston_400_minutes
GGTGAAGCAAAGTGCG-400.2.3,14,0.20285673,450,ADF,ABalpppppaa/ABpraaappaa,400_minutes,450-510,450,Waterston_400_minutes
GGTGCGTTCACCGTAA-400.2.3,1,0.01993329,190,,ABalpppapp/ABpraaaapp,400_minutes,170-210,190,Waterston_400_minutes
GGTGTTAAGAGCCCAA-400.2.3,9,0.12332983,300,ASE_parent,ABalppppppa/ABpraaapppa,400_minutes,270-330,300,Waterston_400_minutes
GGTGTTACACACCGCA-400.2.3,13,0.16409005,350,ASH,ABpxpaappaa,400_minutes,330-390,350,Waterston_400_minutes
GTAACGTGTACCGAGA-400.2.3,13,0.18824594,380,ASH,ABpxpaappaa,400_minutes,330-390,380,Waterston_400_minutes
GTAACGTGTAGCTGCC-400.2.3,15,0.23309036,450,ASI,ABpxaapapppa,400_minutes,450-510,450,Waterston_400_minutes
GTAACGTTCCCTTGTG-400.2.3,5,0.093350865,290,ASI_parent,ABpxaapappp,400_minutes,270-330,290,Waterston_400_minutes
GTAACGTTCTAACTGG-400.2.3,7,0.06277862,300,ASG_AWA,,400_minutes,270-330,300,Waterston_400_minutes
GTAACTGCATAGACTC-400.2.3,5,0.14207926,365,ASK_parent,ABalpppappp/ABpraaaappp,400_minutes,330-390,365,Waterston_400_minutes
GTACGTACACAGTCGC-400.2.3,11,0.306024,300,ADL_parent,ABalppppaa/ABpraaapaa,400_minutes,270-330,300,Waterston_400_minutes
GTACGTATCGCGCCAA-400.2.3,3,0.029845405,270,,,400_minutes,270-330,270,Waterston_400_minutes
GTACGTATCTTTACAC-400.2.3,14,0.17876881,420,ADF,ABalpppppaa/ABpraaappaa,400_minutes,390-450,420,Waterston_400_minutes
GTACTCCAGTTGTCGT-400.2.3,10,0.16705215,325,Neuroblast_ASJ_AUA,ABalppppppp/ABpraaapppp,400_minutes,270-330,325,Waterston_400_minutes
GTACTCCTCGCTTAGA-400.2.3,3,0.015757725,260,,,400_minutes,210-270,260,Waterston_400_minutes
GTACTTTTCATCTGTT-400.2.3,4,0.02627984,200,,ABpxpaaaap,400_minutes,170-210,200,Waterston_400_minutes
GTAGTCAGTAGCGTGA-400.2.3,1,0.014196059,185,,ABpxaapap,400_minutes,170-210,185,Waterston_400_minutes
GTATCTTAGATAGTCA-400.2.3,14,0.09970034,375,ADF_AWB,,400_minutes,330-390,375,Waterston_400_minutes
GTATCTTAGATGGCGT-400.2.3,15,0.12552412,380,ASI_parent,ABpxaapappp,400_minutes,330-390,380,Waterston_400_minutes
GTATTCTAGGGTGTGT-400.2.3,7,0.07103702,310,Neuroblast_ASG_AWA,ABpxaapapa,400_minutes,270-330,310,Waterston_400_minutes
GTCAAGTCACCACCAG-400.2.3,10,0.11986471,290,Neuroblast_ASJ_AUA,ABalppppppp/ABpraaapppp,400_minutes,270-330,290,Waterston_400_minutes
GTCAAGTCAGCTCCGA-400.2.3,19,0.12522067,390,ASG_AWA,,400_minutes,390-450,390,Waterston_400_minutes
GTCACAACACGAAAGC-400.2.3,15,0.10553361,330,ASI_parent,ABpxaapappp,400_minutes,330-390,330,Waterston_400_minutes
GTCACAATCCCTTGCA-400.2.3,3,0.03946608,280,Neuroblast_ADF_AWB,ABalpppppa/ABpraaappa,400_minutes,270-330,280,Waterston_400_minutes
GTCACGGCACACGCTG-400.2.3,15,0.10969298,320,ASI_parent,ABpxaapappp,400_minutes,270-330,320,Waterston_400_minutes
GTCACGGTCATCGGAT-400.2.3,14,0.13812868,390,ADF_AWB,,400_minutes,390-450,390,Waterston_400_minutes
GTCATTTGTGAAGGCT-400.2.3,4,0.048197936,230,,,400_minutes,210-270,230,Waterston_400_minutes
GTCCTCATCGCTTAGA-400.2.3,2,0.036226626,175,,ABalpppppp/ABpraaappp,400_minutes,170-210,175,Waterston_400_minutes
GTCGGGTTCTGGTATG-400.2.3,1,0.027702102,190,,ABpxaapap,400_minutes,170-210,190,Waterston_400_minutes
GTCTCGTAGTTAAGTG-400.2.3,3,0.017360747,245,Neuroblast_ADF_AWB,ABalpppppa/ABpraaappa,400_minutes,210-270,245,Waterston_400_minutes
GTCTCGTTCCATGCTC-400.2.3,10,0.18197764,320,Neuroblast_ASJ_AUA,ABalppppppp/ABpraaapppp,400_minutes,270-330,320,Waterston_400_minutes
GTGAAGGCATTGGTAC-400.2.3,0,0.39707616,415,AFD,ABalpppapav/ABpraaaapav,400_minutes,390-450,415,Waterston_400_minutes
GTGAAGGTCTGCGACG-400.2.3,1,0.03619253,175,,ABalppppap/ABpraaapap,400_minutes,170-210,175,Waterston_400_minutes
GTGCAGCCAAGTCTAC-400.2.3,15,0.15535812,415,ASI,ABpxaapapppa,400_minutes,390-450,415,Waterston_400_minutes
GTGCAGCTCCTGTAGA-400.2.3,3,0.026925955,265,,,400_minutes,210-270,265,Waterston_400_minutes
GTGCGGTCAGCTGCAC-400.2.3,15,0.12171063,370,ASI_parent,ABpxaapappp,400_minutes,330-390,370,Waterston_400_minutes
GTGCGGTCATCCCACT-400.2.3,10,0.14298375,300,Neuroblast_ASJ_AUA,ABalppppppp/ABpraaapppp,400_minutes,270-330,300,Waterston_400_minutes
GTGCGGTTCATAAAGG-400.2.3,24,0.5940344,500,ASJ,ABalpppppppa/ABpraaappppa,400_minutes,450-510,500,Waterston_400_minutes
GTGCTTCAGCGTCAAG-400.2.3,8,0.054965224,270,Neuroblast_AFD_RMD,ABalpppapa/ABpraaaapa,400_minutes,270-330,270,Waterston_400_minutes
GTGCTTCTCACCGTAA-400.2.3,7,0.013827847,225,,,400_minutes,210-270,225,Waterston_400_minutes
GTGTGCGCATCACGTA-400.2.3,10,0.2411327,360,ASJ,ABalpppppppa/ABpraaappppa,400_minutes,330-390,360,Waterston_400_minutes
GTGTGCGGTACAAGTA-400.2.3,4,0.05823882,265,,,400_minutes,210-270,265,Waterston_400_minutes
GTGTGCGTCCTCATTA-400.2.3,12,0.36290395,385,ADL,ABalppppaad/ABpraaapaad,400_minutes,330-390,385,Waterston_400_minutes
GTGTTAGTCAGCTGGC-400.2.3,9,0.1483917,325,ASE_parent,ABalppppppa/ABpraaapppa,400_minutes,270-330,325,Waterston_400_minutes
GTGTTAGTCGCCAAAT-400.2.3,13,0.14753747,350,,,400_minutes,330-390,350,Waterston_400_minutes
GTTAAGCAGATGTCGG-400.2.3,23,0.24558246,470,ASG,ABpxaapapap,400_minutes,450-510,470,Waterston_400_minutes
GTTACAGTCTCTGTCG-400.2.3,9,0.22932808,385,ASE,ABalppppppaa/ABpraaapppaa,400_minutes,330-390,385,Waterston_400_minutes
GTTCGGGCAATGGAGC-400.2.3,11,0.20728692,225,ADL_parent,ABalppppaa/ABpraaapaa,400_minutes,210-270,225,Waterston_400_minutes
GTTCTCGTCGTCCGTT-400.2.3,11,0.090066366,225,,ABalapxpaa,400_minutes,210-270,225,Waterston_400_minutes
GTTCTCGTCTGTCTCG-400.2.3,19,0.22488831,450,AWA,ABpxaapapaa,400_minutes,450-510,450,Waterston_400_minutes
TAAACCGGTCGGCACT-400.2.3,9,0.12086718,300,ASE_parent,ABalppppppa/ABpraaapppa,400_minutes,270-330,300,Waterston_400_minutes
TAAACCGTCAAAGACA-400.2.3,3,0.019750282,270,,,400_minutes,270-330,270,Waterston_400_minutes
TAAGCGTAGCAACGGT-400.2.3,12,0.30088347,300,ADL_parent,ABalppppaa/ABpraaapaa,400_minutes,270-330,300,Waterston_400_minutes
TAAGCGTAGGCGCTCT-400.2.3,8,0.026758434,260,,,400_minutes,210-270,260,Waterston_400_minutes
TAAGCGTGTCATATGC-400.2.3,21,0.37138057,440,ASK,ABalpppapppa/ABpraaaapppa,400_minutes,390-450,440,Waterston_400_minutes
TACACGAAGACCGGAT-400.2.3,12,0.43924862,450,ADL,ABalppppaad/ABpraaapaad,400_minutes,450-510,450,Waterston_400_minutes
TACAGTGAGACGCAAC-400.2.3,10,0.38911843,405,ASJ,ABalpppppppa/ABpraaappppa,400_minutes,390-450,405,Waterston_400_minutes
TACAGTGTCTGTGCAA-400.2.3,7,0.019698765,260,Neuroblast_ASG_AWA,ABpxaapapa,400_minutes,210-270,260,Waterston_400_minutes
TACCTATAGTAGGTGC-400.2.3,14,0.11777762,360,ADF_AWB,,400_minutes,330-390,360,Waterston_400_minutes
TACCTATCACAGACTT-400.2.3,14,0.14453705,380,ADF_AWB,,400_minutes,330-390,380,Waterston_400_minutes
TACCTATGTGACGGTA-400.2.3,3,0.020430887,260,,,400_minutes,210-270,260,Waterston_400_minutes
TACGGATGTCTCCCTA-400.2.3,6,0.030626195,170,,ABpxpaaap,400_minutes,170-210,170,Waterston_400_minutes
TACGGGCAGTTAGCGG-400.2.3,14,0.1997332,440,ADF,ABalpppppaa/ABpraaappaa,400_minutes,390-450,440,Waterston_400_minutes
TACGGGCTCACGGTTA-400.2.3,9,0.14888938,310,ASE_parent,ABalppppppa/ABpraaapppa,400_minutes,270-330,310,Waterston_400_minutes
TACGGTAAGTGATCGG-400.2.3,7,0.05976718,300,Neuroblast_ASG_AWA,ABpxaapapa,400_minutes,270-330,300,Waterston_400_minutes
TACTCATCACAGAGGT-400.2.3,7,0.05108582,310,Neuroblast_ASG_AWA,ABpxaapapa,400_minutes,270-330,310,Waterston_400_minutes
TACTCGCGTAAGTTCC-400.2.3,2,0.04209933,230,Neuroblast_ASE_ASJ_AUA,ABalpppppp/ABpraaappp,400_minutes,210-270,230,Waterston_400_minutes
TACTCGCTCATTTGGG-400.2.3,11,0.17758878,205,,ABalppppaa/ABpraaapaa,400_minutes,170-210,205,Waterston_400_minutes
TACTTACAGTGTACTC-400.2.3,4,0.05584783,270,,,400_minutes,270-330,270,Waterston_400_minutes
TACTTACGTGCGGTAA-400.2.3,18,0.18848526,370,AWC,ABpxpaaaaap,400_minutes,330-390,370,Waterston_400_minutes
TACTTGTAGGTTACCT-400.2.3,24,0.48104948,450,ASJ,ABalpppppppa/ABpraaappppa,400_minutes,450-510,450,Waterston_400_minutes
TACTTGTGTCGACTAT-400.2.3,14,0.13756496,390,ADF_AWB,,400_minutes,390-450,390,Waterston_400_minutes
TACTTGTGTTCATGGT-400.2.3,11,0.08476902,195,,ABalppppaa/ABpraaapaa,400_minutes,170-210,195,Waterston_400_minutes
TACTTGTTCATTCACT-400.2.3,2,0.034712493,260,Neuroblast_ASE_ASJ_AUA,ABalpppppp/ABpraaappp,400_minutes,210-270,260,Waterston_400_minutes
TAGACCAAGAGGTACC-400.2.3,19,0.10897492,360,ASG_AWA,,400_minutes,330-390,360,Waterston_400_minutes
TAGACCACAATCGAAA-400.2.3,1,0.02250886,195,,ABalppappp/ABarappppp,400_minutes,170-210,195,Waterston_400_minutes
TAGCCGGCACTCAGGC-400.2.3,12,0.3537486,375,ADL,ABalppppaad/ABpraaapaad,400_minutes,330-390,375,Waterston_400_minutes
TAGCCGGTCCATGAAC-400.2.3,8,0.056438155,245,Neuroblast_AFD_RMD,ABalpppapa/ABpraaaapa,400_minutes,210-270,245,Waterston_400_minutes
TAGTGGTGTATGAAAC-400.2.3,20,0.6800646,490,ADL,ABalppppaad/ABpraaapaad,400_minutes,450-510,490,Waterston_400_minutes
TAGTTGGGTCTAGTCA-400.2.3,5,0.13146766,360,ASK_parent,ABalpppappp/ABpraaaappp,400_minutes,330-390,360,Waterston_400_minutes
TAGTTGGTCAGCGACC-400.2.3,5,0.17504595,380,ASK_parent,ABalpppappp/ABpraaaappp,400_minutes,330-390,380,Waterston_400_minutes
TATCAGGTCCTGCCAT-400.2.3,18,0.16002747,285,Neuroblast_ASG_AWA,ABpxaapapa,400_minutes,270-330,285,Waterston_400_minutes
TATCAGGTCTTCCTTC-400.2.3,20,0.79683185,670,ADL,ABalppppaad/ABpraaapaad,400_minutes,> 650,670,Waterston_400_minutes
TATGCCCAGGTTACCT-400.2.3,8,0.01758735,200,,ABalpppap/ABpraaaap,400_minutes,170-210,200,Waterston_400_minutes
TATGCCCGTTCCGTCT-400.2.3,14,0.09560081,345,ADF_AWB,,400_minutes,330-390,345,Waterston_400_minutes
TATGCCCTCACCCGAG-400.2.3,2,0.021602552,200,,ABalpppppp/ABpraaappp,400_minutes,170-210,200,Waterston_400_minutes
TATGCCCTCCGGGTGT-400.2.3,13,0.15562643,380,,,400_minutes,330-390,380,Waterston_400_minutes
TCAACGACACAACTGT-400.2.3,18,0.1858574,375,AWC,ABpxpaaaaap,400_minutes,330-390,375,Waterston_400_minutes
TCAACGACACTGTTAG-400.2.3,7,0.020280445,270,Neuroblast_ASG_AWA,ABpxaapapa,400_minutes,270-330,270,Waterston_400_minutes
TCAATCTAGCGTCTAT-400.2.3,10,0.13960995,320,Neuroblast_ASJ_AUA,ABalppppppp/ABpraaapppp,400_minutes,270-330,320,Waterston_400_minutes
TCAATCTCACGTAAGG-400.2.3,0,0.12402564,290,Neuroblast_AFD_RMD,ABalpppapa/ABpraaaapa,400_minutes,270-330,290,Waterston_400_minutes
TCAATCTGTCCGTCAG-400.2.3,11,0.13234156,220,,ABalppppaa/ABpraaapaa,400_minutes,210-270,220,Waterston_400_minutes
TCACGAAGTCCGCTGA-400.2.3,12,0.5960233,450,ADL,ABalppppaad/ABpraaapaad,400_minutes,450-510,450,Waterston_400_minutes
TCACGAATCGTAGGAG-400.2.3,0,0.35870084,420,AFD,ABalpppapav/ABpraaaapav,400_minutes,390-450,420,Waterston_400_minutes
TCAGATGAGAATTGTG-400.2.3,0,0.32225063,390,AFD,ABalpppapav/ABpraaaapav,400_minutes,390-450,390,Waterston_400_minutes
TCAGCAAAGCAACGGT-400.2.3,4,0.056427557,230,,ABpxpaaaaa,400_minutes,210-270,230,Waterston_400_minutes
TCAGCAACACGGTAAG-400.2.3,9,0.14486589,325,ASE_parent,ABalppppppa/ABpraaapppa,400_minutes,270-330,325,Waterston_400_minutes
TCAGCAAGTACAGTTC-400.2.3,10,0.40743905,450,ASJ,ABalpppppppa/ABpraaappppa,400_minutes,450-510,450,Waterston_400_minutes
TCAGCTCCAGATCCAT-400.2.3,24,0.60996425,530,ASJ,ABalpppppppa/ABpraaappppa,400_minutes,510-580,530,Waterston_400_minutes
TCAGCTCTCAGCGATT-400.2.3,10,0.117936924,300,Neuroblast_ASJ_AUA,ABalppppppp/ABpraaapppp,400_minutes,270-330,300,Waterston_400_minutes
TCAGGATCACACTGCG-400.2.3,12,0.30150986,300,ADL_parent,ABalppppaa/ABpraaapaa,400_minutes,270-330,300,Waterston_400_minutes
TCAGGATGTGATGATA-400.2.3,4,0.04262551,230,,ABalppappa/ABarappppa,400_minutes,210-270,230,Waterston_400_minutes
TCAGGTAGTTCAACCA-400.2.3,0,0.23502642,325,AFD,ABalpppapav/ABpraaaapav,400_minutes,270-330,325,Waterston_400_minutes
TCATTTGAGCCGGTAA-400.2.3,4,0.0576505,270,,,400_minutes,270-330,270,Waterston_400_minutes
TCATTTGTCGGGAGTA-400.2.3,6,0.077198245,420,AWB,ABalpppppap/ABpraaappap,400_minutes,390-450,420,Waterston_400_minutes
TCCACACAGCTGCCCA-400.2.3,1,0.01431563,190,,ABpxaapapp,400_minutes,170-210,190,Waterston_400_minutes
TCCACACAGTACTTGC-400.2.3,4,0.048350144,230,,ABpxpaaaaa,400_minutes,210-270,230,Waterston_400_minutes
TCCACACCACATCCGG-400.2.3,5,0.096866004,290,ASK_parent,ABalpppappp/ABpraaaappp,400_minutes,270-330,290,Waterston_400_minutes
TCCACACTCCCACTTG-400.2.3,18,0.19622822,340,AWC,ABpxpaaaaap,400_minutes,330-390,340,Waterston_400_minutes
TCCACACTCGAGAGCA-400.2.3,12,0.30117473,385,ADL,ABalppppaad/ABpraaapaad,400_minutes,330-390,385,Waterston_400_minutes
TCCCGATCAGAAGCAC-400.2.3,21,0.39187393,450,ASK,ABalpppapppa/ABpraaaapppa,400_minutes,450-510,450,Waterston_400_minutes
TCGAGGCGTAAGTGGC-400.2.3,2,0.040421188,260,Neuroblast_ASE_ASJ_AUA,ABalpppppp/ABpraaappp,400_minutes,210-270,260,Waterston_400_minutes
TCGCGTTTCCCTAATT-400.2.3,18,0.61384237,635,AWC,ABpxpaaaaap,400_minutes,580-650,635,Waterston_400_minutes
TCGGGACAGCAGATCG-400.2.3,5,0.14509541,330,ASK_parent,ABalpppappp/ABpraaaappp,400_minutes,330-390,330,Waterston_400_minutes
TCGGGACAGCCCAGCT-400.2.3,15,0.122808516,370,ASI_parent,ABpxaapappp,400_minutes,330-390,370,Waterston_400_minutes
TCGGGACGTACCGTAT-400.2.3,9,0.20848823,410,ASE,ABalppppppaa/ABpraaapppaa,400_minutes,390-450,410,Waterston_400_minutes
TCGGTAACACATGGGA-400.2.3,3,0.0059016882,190,,ABpxapppa,400_minutes,170-210,190,Waterston_400_minutes
TCGGTAAGTAACGACG-400.2.3,9,0.13976076,330,ASE_parent,ABalppppppa/ABpraaapppa,400_minutes,330-390,330,Waterston_400_minutes
TCGTACCCACCTTGTC-400.2.3,7,0.02362023,290,Neuroblast_ASG_AWA,ABpxaapapa,400_minutes,270-330,290,Waterston_400_minutes
TCTATTGGTTGGAGGT-400.2.3,12,0.31927657,365,ADL,ABalppppaad/ABpraaapaad,400_minutes,330-390,365,Waterston_400_minutes
TCTATTGTCCGTAGTA-400.2.3,10,0.16427514,365,AUA,ABalpppppppp/ABpraaappppp,400_minutes,330-390,365,Waterston_400_minutes
TCTCATAAGTATGACA-400.2.3,10,0.26551157,390,ASJ,ABalpppppppa/ABpraaappppa,400_minutes,390-450,390,Waterston_400_minutes
TCTGAGACAATCGGTT-400.2.3,1,0.028332813,170,,ABalpppap/ABpraaaap,400_minutes,170-210,170,Waterston_400_minutes
TCTGGAATCACGCGGT-400.2.3,14,0.28182724,550,ADF,ABalpppppaa/ABpraaappaa,400_minutes,510-580,550,Waterston_400_minutes
TCTTCGGCAATTCCTT-400.2.3,12,0.3024588,370,ADL,ABalppppaad/ABpraaapaad,400_minutes,330-390,370,Waterston_400_minutes
TCTTCGGCACATCCAA-400.2.3,5,0.111627825,310,ASK_parent,ABalpppappp/ABpraaaappp,400_minutes,270-330,310,Waterston_400_minutes
TCTTTCCCATAAAGGT-400.2.3,12,0.36367783,415,ADL,ABalppppaad/ABpraaapaad,400_minutes,390-450,415,Waterston_400_minutes
TCTTTCCGTCGGCATC-400.2.3,9,0.17308436,370,ASE,ABalppppppaa/ABpraaapppaa,400_minutes,330-390,370,Waterston_400_minutes
TGAAAGAAGTTTGCGT-400.2.3,0,0.20370354,405,AFD,ABalpppapav/ABpraaaapav,400_minutes,390-450,405,Waterston_400_minutes
TGACAACTCCTACAGA-400.2.3,3,0.018292096,260,Neuroblast_ADF_AWB,ABalpppppa/ABpraaappa,400_minutes,210-270,260,Waterston_400_minutes
TGACGGCCAGAAGCAC-400.2.3,17,0.19452624,490,AWB,ABalpppppap/ABpraaappap,400_minutes,450-510,490,Waterston_400_minutes
TGACGGCGTCCAAGTT-400.2.3,9,0.2391947,410,ASE,ABalppppppaa/ABpraaapppaa,400_minutes,390-450,410,Waterston_400_minutes
TGACTAGCATCCGCGA-400.2.3,7,0.06575825,320,ASE_parent,ABalppppppa/ABpraaapppa,400_minutes,270-330,320,Waterston_400_minutes
TGACTAGGTCCCTTGT-400.2.3,19,0.1602498,410,AWA,ABpxaapapaa,400_minutes,390-450,410,Waterston_400_minutes
TGAGCATCATGGTTGT-400.2.3,9,0.2549968,420,ASE,ABalppppppaa/ABpraaapppaa,400_minutes,390-450,420,Waterston_400_minutes
TGAGCATTCACAAACC-400.2.3,19,0.15815978,410,ASG,ABpxaapapap,400_minutes,390-450,410,Waterston_400_minutes
TGAGCATTCCGGGTGT-400.2.3,15,0.1232739,370,ASI_parent,ABpxaapappp,400_minutes,330-390,370,Waterston_400_minutes
TGAGCCGGTCGGATCC-400.2.3,19,0.1186039,350,ASG_AWA,,400_minutes,330-390,350,Waterston_400_minutes
TGAGGGAAGGAGCGTT-400.2.3,4,0.03822475,245,,,400_minutes,210-270,245,Waterston_400_minutes
TGAGGGACAGGCTGAA-400.2.3,10,0.13939565,320,Neuroblast_ASJ_AUA,ABalppppppp/ABpraaapppp,400_minutes,270-330,320,Waterston_400_minutes
TGATTTCAGGTTACCT-400.2.3,18,0.24864581,410,AWC,ABpxpaaaaap,400_minutes,390-450,410,Waterston_400_minutes
TGATTTCCATCACGTA-400.2.3,3,0.012739867,240,,ABpxpaappa,400_minutes,210-270,240,Waterston_400_minutes
TGATTTCGTGACGCCT-400.2.3,9,0.14006095,320,ASE_parent,ABalppppppa/ABpraaapppa,400_minutes,270-330,320,Waterston_400_minutes
TGCCAAACACCATGTA-400.2.3,10,0.124400996,300,Neuroblast_ASJ_AUA,ABalppppppp/ABpraaapppp,400_minutes,270-330,300,Waterston_400_minutes
TGCCCATAGATCGATA-400.2.3,13,0.25522384,390,ASH,ABpxpaappaa,400_minutes,390-450,390,Waterston_400_minutes
TGCCCATAGCCGGTAA-400.2.3,5,0.1166806,390,ASK,ABalpppapppa/ABpraaaapppa,400_minutes,390-450,390,Waterston_400_minutes
TGCCCTATCTGGTTCC-400.2.3,3,0.009282452,245,,ABalpppppa/ABpraaappa,400_minutes,210-270,245,Waterston_400_minutes
TGCGCAGAGCGTGTCC-400.2.3,10,0.2585716,405,ASJ,ABalpppppppa/ABpraaappppa,400_minutes,390-450,405,Waterston_400_minutes
TGCGCAGGTAACGTTC-400.2.3,17,0.18155271,420,AWB,ABalpppppap/ABpraaappap,400_minutes,390-450,420,Waterston_400_minutes
TGCGGGTTCACTGGGC-400.2.3,15,0.122094244,350,ASI_parent,ABpxaapappp,400_minutes,330-390,350,Waterston_400_minutes
TGCGGGTTCGATGAGG-400.2.3,9,0.12882073,300,ASE_parent,ABalppppppa/ABpraaapppa,400_minutes,270-330,300,Waterston_400_minutes
TGCGTGGAGGAGTTGC-400.2.3,15,0.102675594,300,ASI_parent,ABpxaapappp,400_minutes,270-330,300,Waterston_400_minutes
TGCGTGGCATGTCTCC-400.2.3,12,0.31216025,360,ADL,ABalppppaad/ABpraaapaad,400_minutes,330-390,360,Waterston_400_minutes
TGCGTGGTCTCAAGTG-400.2.3,14,0.10100461,365,,,400_minutes,330-390,365,Waterston_400_minutes
TGCTACCTCCGCGCAA-400.2.3,10,0.14023086,315,,,400_minutes,270-330,315,Waterston_400_minutes
TGCTGCTCAGCTGTAT-400.2.3,5,0.11394591,310,ASK_parent,ABalpppappp/ABpraaaappp,400_minutes,270-330,310,Waterston_400_minutes
TGCTGCTTCGCTAGCG-400.2.3,15,0.16468932,410,ASI,ABpxaapapppa,400_minutes,390-450,410,Waterston_400_minutes
TGGACGCAGATCGGGT-400.2.3,4,0.061995596,260,,,400_minutes,210-270,260,Waterston_400_minutes
TGGACGCCACGAAACG-400.2.3,10,0.16625568,300,Neuroblast_ASJ_AUA,ABalppppppp/ABpraaapppp,400_minutes,270-330,300,Waterston_400_minutes
TGGCCAGAGATGTAAC-400.2.3,13,0.4764981,490,ASH,ABpxpaappaa,400_minutes,450-510,490,Waterston_400_minutes
TGGCCAGCAATAGAGT-400.2.3,0,0.53539145,490,AFD,ABalpppapav/ABpraaaapav,400_minutes,450-510,490,Waterston_400_minutes
TGGCCAGCATTGCGGC-400.2.3,13,0.11676054,350,ASH,ABpxpaappaa,400_minutes,330-390,350,Waterston_400_minutes
TGGCGCACATGACATC-400.2.3,1,0.04437082,170,,,400_minutes,170-210,170,Waterston_400_minutes
TGGCGCATCTGAGGGA-400.2.3,10,0.12518992,280,Neuroblast_ASJ_AUA,ABalppppppp/ABpraaapppp,400_minutes,270-330,280,Waterston_400_minutes
TGGCTGGGTAGCTAAA-400.2.3,12,0.46480775,450,ADL,ABalppppaad/ABpraaapaad,400_minutes,450-510,450,Waterston_400_minutes
TGGCTGGGTTCCACAA-400.2.3,1,0.0063386946,200,,ABpxaapapp,400_minutes,170-210,200,Waterston_400_minutes
TGGCTGGTCCCAAGAT-400.2.3,9,0.3073082,450,ASE,ABalppppppaa/ABpraaapppaa,400_minutes,450-510,450,Waterston_400_minutes
TGGGAAGAGTATCGAA-400.2.3,4,0.060674105,215,,,400_minutes,210-270,215,Waterston_400_minutes
TGGGAAGGTAATCACC-400.2.3,12,0.31863266,300,ADL_parent,ABalppppaa/ABpraaapaa,400_minutes,270-330,300,Waterston_400_minutes
TGGGCGTGTGTCCTCT-400.2.3,1,0.022528114,195,,ABpxaapap,400_minutes,170-210,195,Waterston_400_minutes
TGGGCGTGTTATCACG-400.2.3,2,0.031317875,190,,,400_minutes,170-210,190,Waterston_400_minutes
TGGTTAGAGCTGCCCA-400.2.3,15,0.08500895,300,ASI_parent,ABpxaapappp,400_minutes,270-330,300,Waterston_400_minutes
TGGTTAGGTCTCCACT-400.2.3,4,0.028718805,390,AUA,ABalpppppppp/ABpraaappppp,400_minutes,390-450,390,Waterston_400_minutes
TGGTTCCTCTTTACGT-400.2.3,13,0.1338449,350,ASH,ABpxpaappaa,400_minutes,330-390,350,Waterston_400_minutes
TGTATTCCATCGGGTC-400.2.3,11,0.29651427,295,ADL_parent,ABalppppaa/ABpraaapaa,400_minutes,270-330,295,Waterston_400_minutes
TGTCCCATCCGAGCCA-400.2.3,12,0.49674824,440,ADL,ABalppppaad/ABpraaapaad,400_minutes,390-450,440,Waterston_400_minutes
TGTTCCGGTCAGAATA-400.2.3,4,0.05815192,275,,,400_minutes,270-330,275,Waterston_400_minutes
TGTTCCGTCAGCAACT-400.2.3,3,0.018531,260,Neuroblast_ADF_AWB,ABalpppppa/ABpraaappa,400_minutes,210-270,260,Waterston_400_minutes
TTAGGACAGATCGATA-400.2.3,15,0.0921379,290,ASI_parent,ABpxaapappp,400_minutes,270-330,290,Waterston_400_minutes
TTAGGCATCGCTTGTC-400.2.3,5,0.11255282,310,ASK_parent,ABalpppappp/ABpraaaappp,400_minutes,270-330,310,Waterston_400_minutes
TTAGGCATCGGAAATA-400.2.3,1,0.035655472,170,,ABalpppap/ABpraaaap,400_minutes,170-210,170,Waterston_400_minutes
TTAGTTCGTAGCGTCC-400.2.3,4,0.044074386,230,,ABalppappa/ABarappppa,400_minutes,210-270,230,Waterston_400_minutes
TTATGCTAGTGGTAAT-400.2.3,1,0.043635372,170,,ABalpppap/ABpraaaap,400_minutes,170-210,170,Waterston_400_minutes
TTCCCAGGTAGGGACT-400.2.3,1,0.029762644,170,,ABalpppap/ABpraaaap,400_minutes,170-210,170,Waterston_400_minutes
TTCCCAGTCGTACGGC-400.2.3,9,0.21497831,385,ASE,ABalppppppaa/ABpraaapppaa,400_minutes,330-390,385,Waterston_400_minutes
TTCGAAGAGGATGGAA-400.2.3,10,0.2361587,350,Neuroblast_ASJ_AUA,ABalppppppp/ABpraaapppp,400_minutes,330-390,350,Waterston_400_minutes
TTCGAAGGTCTGATCA-400.2.3,10,0.2216097,360,ASJ,ABalpppppppa/ABpraaappppa,400_minutes,330-390,360,Waterston_400_minutes
TTCTACAAGTGTACGG-400.2.3,10,0.13774346,300,Neuroblast_ASJ_AUA,ABalppppppp/ABpraaapppp,400_minutes,270-330,300,Waterston_400_minutes
TTCTACATCTCCGGTT-400.2.3,0,0.2435125,320,AFD,ABalpppapav/ABpraaaapav,400_minutes,270-330,320,Waterston_400_minutes
TTCTCAACACCGGAAA-400.2.3,1,0.00482646,165,,,400_minutes,130-170,165,Waterston_400_minutes
TTCTCAACATGAACCT-400.2.3,6,0.10699921,700,ASH,ABpxpaappaa,400_minutes,> 650,700,Waterston_400_minutes
TTCTCCTCATAGACTC-400.2.3,3,0.014634711,260,Neuroblast_ADF_AWB,ABalpppppa/ABpraaappa,400_minutes,210-270,260,Waterston_400_minutes
TTCTTAGAGCACACAG-400.2.3,10,0.229671,350,ASJ,ABalpppppppa/ABpraaappppa,400_minutes,330-390,350,Waterston_400_minutes
TTCTTAGCAGCATACT-400.2.3,12,0.3785821,410,ADL,ABalppppaad/ABpraaapaad,400_minutes,390-450,410,Waterston_400_minutes
TTCTTAGCAGTAACGG-400.2.3,12,0.312946,310,ADL_parent,ABalppppaa/ABpraaapaa,400_minutes,270-330,310,Waterston_400_minutes
TTCTTAGCATTGAGCT-400.2.3,4,0.031986427,230,,,400_minutes,210-270,230,Waterston_400_minutes
TTCTTAGTCCGCGGTA-400.2.3,2,0.029100684,200,Neuroblast_ASE_ASJ_AUA,ABalpppppp/ABpraaappp,400_minutes,170-210,200,Waterston_400_minutes
TTGAACGAGGACCACA-400.2.3,19,0.2193233,450,AWA,ABpxaapapaa,400_minutes,450-510,450,Waterston_400_minutes
TTGACTTAGACAGACC-400.2.3,1,0.044552974,190,,ABalppppa/ABpraaapa,400_minutes,170-210,190,Waterston_400_minutes
TTGACTTCATATGCTG-400.2.3,18,0.23257448,395,AWC,ABpxpaaaaap,400_minutes,390-450,395,Waterston_400_minutes
TTGGAACGTTACCGAT-400.2.3,10,0.1893492,340,Neuroblast_ASJ_AUA,ABalppppppp/ABpraaapppp,400_minutes,330-390,340,Waterston_400_minutes
TTGGAACGTTTAGCTG-400.2.3,10,0.18872443,350,ASJ,ABalpppppppa/ABpraaappppa,400_minutes,330-390,350,Waterston_400_minutes
TTGTAGGTCACATGCA-400.2.3,10,0.1449282,320,Neuroblast_ASJ_AUA,ABalppppppp/ABpraaapppp,400_minutes,270-330,320,Waterston_400_minutes
TTGTAGGTCCGTTGCT-400.2.3,9,0.2756092,435,ASE,ABalppppppaa/ABpraaapppaa,400_minutes,390-450,435,Waterston_400_minutes
TTTACTGCATCCAACA-400.2.3,13,0.15624967,360,ASH,ABpxpaappaa,400_minutes,330-390,360,Waterston_400_minutes
TTTACTGGTCGAAAGC-400.2.3,1,0.03705876,190,,ABalppppa/ABpraaapa,400_minutes,170-210,190,Waterston_400_minutes
TTTATGCCAGTATAAG-400.2.3,10,0.14711873,300,Neuroblast_ASJ_AUA,ABalppppppp/ABpraaapppp,400_minutes,270-330,300,Waterston_400_minutes
TTTATGCTCCTCAATT-400.2.3,7,0.031424683,280,Neuroblast_ASG_AWA,ABpxaapapa,400_minutes,270-330,280,Waterston_400_minutes
TTTCCTCGTGGAAAGA-400.2.3,3,0.01884341,260,Neuroblast_ADF_AWB,ABalpppppa/ABpraaappa,400_minutes,210-270,260,Waterston_400_minutes
TTTCCTCTCATGTCTT-400.2.3,4,0.042988785,260,,,400_minutes,210-270,260,Waterston_400_minutes
TTTGCGCAGAAACGCC-400.2.3,1,0.010170936,195,,,400_minutes,170-210,195,Waterston_400_minutes
TTTGCGCAGTTCCACA-400.2.3,0,0.27897018,360,AFD,ABalpppapav/ABpraaaapav,400_minutes,330-390,360,Waterston_400_minutes
TTTGGTTGTAAACACA-400.2.3,1,0.025674475,190,,ABpxaapap,400_minutes,170-210,190,Waterston_400_minutes
TTTGTCAAGTGTTAGA-400.2.3,3,0.0135505125,215,,ABalpppppa/ABpraaappa,400_minutes,210-270,215,Waterston_400_minutes
TTTGTCAGTGCTAGCC-400.2.3,21,0.3130841,420,ASK,ABalpppapppa/ABpraaaapppa,400_minutes,390-450,420,Waterston_400_minutes
AAACGGGCACCAACCG-500.1.1,23,0.2701176,490,ASG,ABpxaapapap,500_minutes,450-510,490,Waterston_500_minutes_batch_1
AAACGGGGTGGCCCTA-500.1.1,0,0.5601776,490,AFD,ABalpppapav/ABpraaaapav,500_minutes,450-510,490,Waterston_500_minutes_batch_1
AAAGATGAGCTCCTTC-500.1.1,19,0.24265574,550,AWA,ABpxaapapaa,500_minutes,510-580,550,Waterston_500_minutes_batch_1
AAAGATGTCCTACAGA-500.1.1,5,0.18816026,365,ASK_parent,ABalpppappp/ABpraaaappp,500_minutes,330-390,365,Waterston_500_minutes_batch_1
AAAGCAATCGATGAGG-500.1.1,24,0.712468,620,ASJ,ABalpppppppa/ABpraaappppa,500_minutes,580-650,620,Waterston_500_minutes_batch_1
AAAGTAGCAGTAGAGC-500.1.1,14,0.17915744,420,ADF,ABalpppppaa/ABpraaappaa,500_minutes,390-450,420,Waterston_500_minutes_batch_1
AAATGCCAGAGTAAGG-500.1.1,16,0.39305642,530,ASI,ABpxaapapppa,500_minutes,510-580,530,Waterston_500_minutes_batch_1
AAATGCCGTCTTCAAG-500.1.1,18,0.23483664,380,AWC,ABpxpaaaaap,500_minutes,330-390,380,Waterston_500_minutes_batch_1
AAATGCCGTTATTCTC-500.1.1,0,0.559958,530,AFD,ABalpppapav/ABpraaaapav,500_minutes,510-580,530,Waterston_500_minutes_batch_1
AACACGTTCGGAAACG-500.1.1,13,0.50366426,550,ASH,ABpxpaappaa,500_minutes,510-580,550,Waterston_500_minutes_batch_1
AACCATGGTTAAGATG-500.1.1,19,0.15826108,390,AWA,ABpxaapapaa,500_minutes,390-450,390,Waterston_500_minutes_batch_1
AACCATGTCTGGGCCA-500.1.1,15,0.2757858,450,ASI,ABpxaapapppa,500_minutes,450-510,450,Waterston_500_minutes_batch_1
AACCGCGAGTGAACAT-500.1.1,17,0.25053996,640,AWB,ABalpppppap/ABpraaappap,500_minutes,580-650,640,Waterston_500_minutes_batch_1
AACCGCGTCACAGGCC-500.1.1,20,0.6704439,500,ADL,ABalppppaad/ABpraaapaad,500_minutes,450-510,500,Waterston_500_minutes_batch_1
AACTCCCAGAAGGGTA-500.1.1,24,0.55674934,470,ASJ,ABalpppppppa/ABpraaappppa,500_minutes,450-510,470,Waterston_500_minutes_batch_1
AACTCCCGTCGCGAAA-500.1.1,13,0.23996387,365,ASH,ABpxpaappaa,500_minutes,330-390,365,Waterston_500_minutes_batch_1
AACTGGTCAAGGACTG-500.1.1,14,0.14215729,410,AWB,ABalpppppap/ABpraaappap,500_minutes,390-450,410,Waterston_500_minutes_batch_1
AACTTTCTCCCTAATT-500.1.1,0,0.27698496,395,AFD,ABalpppapav/ABpraaaapav,500_minutes,390-450,395,Waterston_500_minutes_batch_1
AAGCCGCGTAGCTTGT-500.1.1,10,0.18994457,390,AUA,ABalpppppppp/ABpraaappppp,500_minutes,390-450,390,Waterston_500_minutes_batch_1
AAGCCGCGTCAACATC-500.1.1,21,0.35325083,440,ASK,ABalpppapppa/ABpraaaapppa,500_minutes,390-450,440,Waterston_500_minutes_batch_1
AAGGAGCCACGCTTTC-500.1.1,5,0.1755381,355,ASK_parent,ABalpppappp/ABpraaaappp,500_minutes,330-390,355,Waterston_500_minutes_batch_1
AAGGAGCTCCGTTGTC-500.1.1,12,0.5259401,450,ADL,ABalppppaad/ABpraaapaad,500_minutes,450-510,450,Waterston_500_minutes_batch_1
AAGTCTGCAACCGCCA-500.1.1,0,0.52717274,430,AFD,ABalpppapav/ABpraaaapav,500_minutes,390-450,430,Waterston_500_minutes_batch_1
AAGTCTGCAGGGTATG-500.1.1,19,0.15444593,390,AWA,ABpxaapapaa,500_minutes,390-450,390,Waterston_500_minutes_batch_1
AATCCAGAGAGTAATC-500.1.1,18,0.5071687,490,AWC,ABpxpaaaaap,500_minutes,450-510,490,Waterston_500_minutes_batch_1
AATCCAGGTACCGAGA-500.1.1,14,0.12120016,365,,,500_minutes,330-390,365,Waterston_500_minutes_batch_1
AATCCAGTCCTGTAGA-500.1.1,5,0.17265089,365,ASK_parent,ABalpppappp/ABpraaaappp,500_minutes,330-390,365,Waterston_500_minutes_batch_1
AATCGGTAGAGCTGCA-500.1.1,18,0.59718835,490,AWC,ABpxpaaaaap,500_minutes,450-510,490,Waterston_500_minutes_batch_1
AATCGGTCAAAGAATC-500.1.1,7,0.083907366,335,Neuroblast_ASG_AWA,ABpxaapapa,500_minutes,330-390,335,Waterston_500_minutes_batch_1
AATCGGTCACTTAACG-500.1.1,13,0.46119124,550,ASH,ABpxpaappaa,500_minutes,510-580,550,Waterston_500_minutes_batch_1
AATCGGTGTCAATGTC-500.1.1,17,0.20929234,420,AWB,ABalpppppap/ABpraaappap,500_minutes,390-450,420,Waterston_500_minutes_batch_1
ACACCAACAATACGCT-500.1.1,12,0.62158126,490,ADL,ABalppppaad/ABpraaapaad,500_minutes,450-510,490,Waterston_500_minutes_batch_1
ACACCAACACAAGTAA-500.1.1,14,0.12488706,365,ADF_AWB,,500_minutes,330-390,365,Waterston_500_minutes_batch_1
ACACCAATCAAGGCTT-500.1.1,0,0.28458253,360,AFD,ABalpppapav/ABpraaaapav,500_minutes,330-390,360,Waterston_500_minutes_batch_1
ACACCCTCATGACGGA-500.1.1,23,0.3021024,620,ASG,ABpxaapapap,500_minutes,580-650,620,Waterston_500_minutes_batch_1
ACACCCTGTCACACGC-500.1.1,21,0.38898897,440,ASK,ABalpppapppa/ABpraaaapppa,500_minutes,390-450,440,Waterston_500_minutes_batch_1
ACACCGGCAAGAAAGG-500.1.1,18,0.40538436,440,AWC,ABpxpaaaaap,500_minutes,390-450,440,Waterston_500_minutes_batch_1
ACACCGGGTACTCAAC-500.1.1,12,0.3893624,405,ADL,ABalppppaad/ABpraaapaad,500_minutes,390-450,405,Waterston_500_minutes_batch_1
ACACTGAAGCATCATC-500.1.1,20,0.8998686,700,ADL,ABalppppaad/ABpraaapaad,500_minutes,> 650,700,Waterston_500_minutes_batch_1
ACAGCCGCAAACTGTC-500.1.1,15,0.20322597,420,ASI,ABpxaapapppa,500_minutes,390-450,420,Waterston_500_minutes_batch_1
ACAGCCGGTGCCTGTG-500.1.1,5,0.15705101,365,ASK_parent,ABalpppappp/ABpraaaappp,500_minutes,330-390,365,Waterston_500_minutes_batch_1
ACAGCTATCACAATGC-500.1.1,15,0.14734592,370,ASI_parent,ABpxaapappp,500_minutes,330-390,370,Waterston_500_minutes_batch_1
ACAGCTATCGCAAGCC-500.1.1,14,0.20644256,425,ADF,ABalpppppaa/ABpraaappaa,500_minutes,390-450,425,Waterston_500_minutes_batch_1
ACAGCTATCTCGGACG-500.1.1,10,0.1905919,420,AUA,ABalpppppppp/ABpraaappppp,500_minutes,390-450,420,Waterston_500_minutes_batch_1
ACATCAGAGGCATTGG-500.1.1,14,0.13211702,355,,,500_minutes,330-390,355,Waterston_500_minutes_batch_1
ACCAGTACACCCATGG-500.1.1,23,0.2869391,550,ASG,ABpxaapapap,500_minutes,510-580,550,Waterston_500_minutes_batch_1
ACCAGTAGTGTCCTCT-500.1.1,14,0.20602843,440,ADF,ABalpppppaa/ABpraaappaa,500_minutes,390-450,440,Waterston_500_minutes_batch_1
ACCCACTAGACATAAC-500.1.1,18,0.40514556,420,AWC,ABpxpaaaaap,500_minutes,390-450,420,Waterston_500_minutes_batch_1
ACCCACTAGGAATGGA-500.1.1,9,0.35428149,450,ASE,ABalppppppaa/ABpraaapppaa,500_minutes,450-510,450,Waterston_500_minutes_batch_1
ACCCACTGTCCAACTA-500.1.1,5,0.17372493,360,ASK_parent,ABalpppappp/ABpraaaappp,500_minutes,330-390,360,Waterston_500_minutes_batch_1
ACCCACTGTCCGTGAC-500.1.1,5,0.16422302,370,ASK_parent,ABalpppappp/ABpraaaappp,500_minutes,330-390,370,Waterston_500_minutes_batch_1
ACCCACTGTTGGACCC-500.1.1,17,0.20757696,450,AWB,ABalpppppap/ABpraaappap,500_minutes,450-510,450,Waterston_500_minutes_batch_1
ACCGTAAAGAGCAATT-500.1.1,9,0.3950239,550,ASE,ABalppppppaa/ABpraaapppaa,500_minutes,510-580,550,Waterston_500_minutes_batch_1
ACCGTAACATAGAAAC-500.1.1,17,0.1997607,425,AWB,ABalpppppap/ABpraaappap,500_minutes,390-450,425,Waterston_500_minutes_batch_1
ACCTTTATCTCCAGGG-500.1.1,23,0.35074726,670,ASG,ABpxaapapap,500_minutes,> 650,670,Waterston_500_minutes_batch_1
ACGAGCCGTCTCTTTA-500.1.1,14,0.28600392,550,ADF,ABalpppppaa/ABpraaappaa,500_minutes,510-580,550,Waterston_500_minutes_batch_1
ACGATACCATTAGGCT-500.1.1,14,0.2916775,490,ADF,ABalpppppaa/ABpraaappaa,500_minutes,450-510,490,Waterston_500_minutes_batch_1
ACGATACGTGACTCAT-500.1.1,19,0.14293945,385,ASG,ABpxaapapap,500_minutes,330-390,385,Waterston_500_minutes_batch_1
ACGATGTCACATAACC-500.1.1,9,0.32072917,450,ASE,ABalppppppaa/ABpraaapppaa,500_minutes,450-510,450,Waterston_500_minutes_batch_1
ACGATGTCAGGTGGAT-500.1.1,9,0.3982397,585,ASE,ABalppppppaa/ABpraaapppaa,500_minutes,580-650,585,Waterston_500_minutes_batch_1
ACGATGTTCTTCCTTC-500.1.1,0,0.2824171,360,AFD,ABalpppapav/ABpraaaapav,500_minutes,330-390,360,Waterston_500_minutes_batch_1
ACGCCAGGTCTTGCGG-500.1.1,17,0.19964392,420,AWB,ABalpppppap/ABpraaappap,500_minutes,390-450,420,Waterston_500_minutes_batch_1
ACGGAGATCTTGCATT-500.1.1,10,0.3233511,410,ASJ,ABalpppppppa/ABpraaappppa,500_minutes,390-450,410,Waterston_500_minutes_batch_1
ACGGCCATCCGAGCCA-500.1.1,17,0.2511873,640,AWB,ABalpppppap/ABpraaappap,500_minutes,580-650,640,Waterston_500_minutes_batch_1
ACGGCCATCGCAAGCC-500.1.1,9,0.25869983,410,ASE,ABalppppppaa/ABpraaapppaa,500_minutes,390-450,410,Waterston_500_minutes_batch_1
ACGGGCTAGTTAACGA-500.1.1,0,0.5822066,530,AFD,ABalpppapav/ABpraaaapav,500_minutes,510-580,530,Waterston_500_minutes_batch_1
ACGGGCTTCACGATGT-500.1.1,5,0.17916851,370,ASK_parent,ABalpppappp/ABpraaaappp,500_minutes,330-390,370,Waterston_500_minutes_batch_1
ACGGGTCGTCGACTGC-500.1.1,21,0.45017236,450,ASK,ABalpppapppa/ABpraaaapppa,500_minutes,450-510,450,Waterston_500_minutes_batch_1
ACGGGTCTCAACACGT-500.1.1,12,0.37239516,380,ADL,ABalppppaad/ABpraaapaad,500_minutes,330-390,380,Waterston_500_minutes_batch_1
ACGTCAAAGCACAGGT-500.1.1,18,0.25443906,420,AWC,ABpxpaaaaap,500_minutes,390-450,420,Waterston_500_minutes_batch_1
ACTATCTAGAGTAATC-500.1.1,10,0.19303983,390,AUA,ABalpppppppp/ABpraaappppp,500_minutes,390-450,390,Waterston_500_minutes_batch_1
ACTATCTAGATGTCGG-500.1.1,9,0.14982,345,ASE_parent,ABalppppppa/ABpraaapppa,500_minutes,330-390,345,Waterston_500_minutes_batch_1
ACTATCTCACGTCTCT-500.1.1,5,0.18265936,390,ASK,ABalpppapppa/ABpraaaapppa,500_minutes,390-450,390,Waterston_500_minutes_batch_1
ACTGAGTCAGAGCCAA-500.1.1,9,0.40707946,640,ASE,ABalppppppaa/ABpraaapppaa,500_minutes,580-650,640,Waterston_500_minutes_batch_1
ACTGAGTTCCCTTGTG-500.1.1,22,0.4358082,635,ASEL,ABalppppppaa/ABpraaapppaa,500_minutes,580-650,635,Waterston_500_minutes_batch_1
ACTGTCCAGGGTCTCC-500.1.1,14,0.14940967,390,ADF_AWB,,500_minutes,390-450,390,Waterston_500_minutes_batch_1
ACTGTCCCAGCGTTCG-500.1.1,19,0.16308644,400,AWA,ABpxaapapaa,500_minutes,390-450,400,Waterston_500_minutes_batch_1
ACTGTCCGTCTCAACA-500.1.1,12,0.63880295,490,ADL,ABalppppaad/ABpraaapaad,500_minutes,450-510,490,Waterston_500_minutes_batch_1
ACTGTCCTCACCCGAG-500.1.1,10,0.19855456,390,AUA,ABalpppppppp/ABpraaappppp,500_minutes,390-450,390,Waterston_500_minutes_batch_1
ACTGTCCTCCTGCAGG-500.1.1,14,0.27487066,550,ADF,ABalpppppaa/ABpraaappaa,500_minutes,510-580,550,Waterston_500_minutes_batch_1
ACTTACTCAAGCCGCT-500.1.1,10,0.19340992,470,AUA,ABalpppppppp/ABpraaappppp,500_minutes,450-510,470,Waterston_500_minutes_batch_1
ACTTTCAAGATGTGGC-500.1.1,5,0.2392351,390,ASK,ABalpppapppa/ABpraaaapppa,500_minutes,390-450,390,Waterston_500_minutes_batch_1
ACTTTCACACATGGGA-500.1.1,16,0.455306,640,ASI,ABpxaapapppa,500_minutes,580-650,640,Waterston_500_minutes_batch_1
ACTTTCAGTAAACGCG-500.1.1,12,0.5730613,470,ADL,ABalppppaad/ABpraaapaad,500_minutes,450-510,470,Waterston_500_minutes_batch_1
AGAATAGTCACTTATC-500.1.1,10,0.16568571,325,Neuroblast_ASJ_AUA,ABalppppppp/ABpraaapppp,500_minutes,270-330,325,Waterston_500_minutes_batch_1
AGACGTTCAGCGTCCA-500.1.1,18,0.26286095,420,AWC,ABpxpaaaaap,500_minutes,390-450,420,Waterston_500_minutes_batch_1
AGACGTTGTATAGTAG-500.1.1,17,0.23194833,490,AWB,ABalpppppap/ABpraaappap,500_minutes,450-510,490,Waterston_500_minutes_batch_1
AGACGTTTCTGGTGTA-500.1.1,14,0.1364909,360,ADF_AWB,,500_minutes,330-390,360,Waterston_500_minutes_batch_1
AGAGCGAGTTGTACAC-500.1.1,13,0.564038,700,ASH,ABpxpaappaa,500_minutes,> 650,700,Waterston_500_minutes_batch_1
AGAGCGATCCTCTAGC-500.1.1,14,0.29588315,550,ADF,ABalpppppaa/ABpraaappaa,500_minutes,510-580,550,Waterston_500_minutes_batch_1
AGAGTGGCATGCCCGA-500.1.1,15,0.16285421,375,ASI_parent,ABpxaapappp,500_minutes,330-390,375,Waterston_500_minutes_batch_1
AGAGTGGTCCTAGAAC-500.1.1,18,0.52156967,500,AWC,ABpxpaaaaap,500_minutes,450-510,500,Waterston_500_minutes_batch_1
AGATCTGAGTACGACG-500.1.1,0,0.5726691,510,AFD,ABalpppapav/ABpraaaapav,500_minutes,510-580,510,Waterston_500_minutes_batch_1
AGATCTGTCCGTCAAA-500.1.1,20,0.903403,725,ADL,ABalppppaad/ABpraaapaad,500_minutes,> 650,725,Waterston_500_minutes_batch_1
AGATTGCTCCAGTAGT-500.1.1,13,0.5359976,585,ASH,ABpxpaappaa,500_minutes,580-650,585,Waterston_500_minutes_batch_1
AGCAGCCCAGTATGCT-500.1.1,22,0.4572765,700,ASEL,ABalppppppaa/ABpraaapppaa,500_minutes,> 650,700,Waterston_500_minutes_batch_1
AGCATACAGGGTTCCC-500.1.1,9,0.24822012,405,ASE,ABalppppppaa/ABpraaapppaa,500_minutes,390-450,405,Waterston_500_minutes_batch_1
AGCGGTCTCGTGACAT-500.1.1,0,0.560473,510,AFD,ABalpppapav/ABpraaaapav,500_minutes,510-580,510,Waterston_500_minutes_batch_1
AGCTCTCCAAGGGTCA-500.1.1,18,0.38623413,450,AWC,ABpxpaaaaap,500_minutes,450-510,450,Waterston_500_minutes_batch_1
AGCTTGACAGTGACAG-500.1.1,21,0.5686596,490,ASK,ABalpppapppa/ABpraaaapppa,500_minutes,450-510,490,Waterston_500_minutes_batch_1
AGCTTGACATTACGAC-500.1.1,22,0.44782338,725,ASER,ABalppppppaa/ABpraaapppaa,500_minutes,> 650,725,Waterston_500_minutes_batch_1
AGCTTGAGTCTTGATG-500.1.1,5,0.131248,360,ASK_parent,ABalpppappp/ABpraaaappp,500_minutes,330-390,360,Waterston_500_minutes_batch_1
AGGCCGTTCATGCTCC-500.1.1,21,0.36039737,450,ASK,ABalpppapppa/ABpraaaapppa,500_minutes,450-510,450,Waterston_500_minutes_batch_1
AGGGAGTCAGTAGAGC-500.1.1,10,0.19313377,390,AUA,ABalpppppppp/ABpraaappppp,500_minutes,390-450,390,Waterston_500_minutes_batch_1
AGGGATGAGCTGCCCA-500.1.1,19,0.13862193,380,ASG,ABpxaapapap,500_minutes,330-390,380,Waterston_500_minutes_batch_1
AGGGATGCAAGGACTG-500.1.1,15,0.12787728,350,ASI_parent,ABpxaapappp,500_minutes,330-390,350,Waterston_500_minutes_batch_1
AGGGTGAGTAGATTAG-500.1.1,18,0.6448624,585,AWC,ABpxpaaaaap,500_minutes,580-650,585,Waterston_500_minutes_batch_1
AGGTCATCAATACGCT-500.1.1,19,0.25665137,550,AWA,ABpxaapapaa,500_minutes,510-580,550,Waterston_500_minutes_batch_1
AGGTCCGAGGATATAC-500.1.1,12,0.4996963,450,ADL,ABalppppaad/ABpraaapaad,500_minutes,450-510,450,Waterston_500_minutes_batch_1
AGGTCCGCAAGACGTG-500.1.1,15,0.15518792,380,ASI_parent,ABpxaapappp,500_minutes,330-390,380,Waterston_500_minutes_batch_1
AGTAGTCGTTATTCTC-500.1.1,23,0.3045668,620,ASG,ABpxaapapap,500_minutes,580-650,620,Waterston_500_minutes_batch_1
AGTAGTCGTTGTACAC-500.1.1,17,0.22192676,450,AWB,ABalpppppap/ABpraaappap,500_minutes,450-510,450,Waterston_500_minutes_batch_1
AGTGAGGTCTTGGGTA-500.1.1,12,0.28779438,350,ADL,ABalppppaad/ABpraaapaad,500_minutes,330-390,350,Waterston_500_minutes_batch_1
AGTGGGATCGAGCCCA-500.1.1,17,0.19662274,390,AWB,ABalpppppap/ABpraaappap,500_minutes,390-450,390,Waterston_500_minutes_batch_1
AGTGTCAGTAATCACC-500.1.1,10,0.1918945,350,AUA,ABalpppppppp/ABpraaappppp,500_minutes,330-390,350,Waterston_500_minutes_batch_1
ATAAGAGAGATGCCAG-500.1.1,24,0.66345394,550,ASJ,ABalpppppppa/ABpraaappppa,500_minutes,510-580,550,Waterston_500_minutes_batch_1
ATAAGAGCAATGTTGC-500.1.1,17,0.16438344,390,AWB,ABalpppppap/ABpraaappap,500_minutes,390-450,390,Waterston_500_minutes_batch_1
ATAAGAGGTCTAAAGA-500.1.1,10,0.19038132,410,AUA,ABalpppppppp/ABpraaappppp,500_minutes,390-450,410,Waterston_500_minutes_batch_1
ATAGACCGTGTAACGG-500.1.1,19,0.14750592,390,AWA,ABpxaapapaa,500_minutes,390-450,390,Waterston_500_minutes_batch_1
ATCACGAAGAGACTTA-500.1.1,14,0.24920996,490,ADF,ABalpppppaa/ABpraaappaa,500_minutes,450-510,490,Waterston_500_minutes_batch_1
ATCACGAGTAAATGTG-500.1.1,13,0.41344547,440,ASH,ABpxpaappaa,500_minutes,390-450,440,Waterston_500_minutes_batch_1
ATCATGGCAGGACCCT-500.1.1,0,0.3268137,390,AFD,ABalpppapav/ABpraaaapav,500_minutes,390-450,390,Waterston_500_minutes_batch_1
ATCCGAACAATTGCTG-500.1.1,10,0.18593386,355,AUA,ABalpppppppp/ABpraaappppp,500_minutes,330-390,355,Waterston_500_minutes_batch_1
ATCCGAAGTGTGCGTC-500.1.1,17,0.2714048,640,AWB,ABalpppppap/ABpraaappap,500_minutes,580-650,640,Waterston_500_minutes_batch_1
ATCGAGTAGAGGTTAT-500.1.1,10,0.34814504,410,ASJ,ABalpppppppa/ABpraaappppa,500_minutes,390-450,410,Waterston_500_minutes_batch_1
ATCGAGTAGGCTATCT-500.1.1,13,0.53460556,640,ASH,ABpxpaappaa,500_minutes,580-650,640,Waterston_500_minutes_batch_1
ATCGAGTGTAGAGCTG-500.1.1,17,0.26732498,585,AWB,ABalpppppap/ABpraaappap,500_minutes,580-650,585,Waterston_500_minutes_batch_1
ATCTACTAGAACTCGG-500.1.1,21,0.5813456,510,ASK,ABalpppapppa/ABpraaaapppa,500_minutes,510-580,510,Waterston_500_minutes_batch_1
ATCTACTGTAAACGCG-500.1.1,19,0.14306055,380,ASG_AWA,,500_minutes,330-390,380,Waterston_500_minutes_batch_1
ATCTACTTCTCGCTTG-500.1.1,13,0.5236509,640,ASH,ABpxpaappaa,500_minutes,580-650,640,Waterston_500_minutes_batch_1
ATCTGCCAGCAGCCTC-500.1.1,10,0.37845466,450,ASJ,ABalpppppppa/ABpraaappppa,500_minutes,450-510,450,Waterston_500_minutes_batch_1
ATCTGCCAGGATGGTC-500.1.1,24,0.44679826,450,ASJ,ABalpppppppa/ABpraaappppa,500_minutes,450-510,450,Waterston_500_minutes_batch_1
ATCTGCCTCCCGACTT-500.1.1,9,0.2516915,385,ASE,ABalppppppaa/ABpraaapppaa,500_minutes,330-390,385,Waterston_500_minutes_batch_1
ATGCGATCAATCCGAT-500.1.1,23,0.3072164,620,ASG,ABpxaapapap,500_minutes,580-650,620,Waterston_500_minutes_batch_1
ATGCGATGTAATCGTC-500.1.1,21,0.47786164,490,ASK,ABalpppapppa/ABpraaaapppa,500_minutes,450-510,490,Waterston_500_minutes_batch_1
ATGCGATTCAAGAAGT-500.1.1,18,0.46785498,450,AWC,ABpxpaaaaap,500_minutes,450-510,450,Waterston_500_minutes_batch_1
ATGCGATTCTTGACGA-500.1.1,19,0.20902134,470,AWA,ABpxaapapaa,500_minutes,450-510,470,Waterston_500_minutes_batch_1
ATGGGAGTCATCGCTC-500.1.1,19,0.14362526,390,ADF_AWB,,500_minutes,390-450,390,Waterston_500_minutes_batch_1
ATGGGAGTCCGATATG-500.1.1,0,0.72711945,640,AFD,ABalpppapav/ABpraaaapav,500_minutes,580-650,640,Waterston_500_minutes_batch_1
ATTACTCTCGTGGTCG-500.1.1,20,0.7872608,670,ADL,ABalppppaad/ABpraaapaad,500_minutes,> 650,670,Waterston_500_minutes_batch_1
ATTATCCCATGTAAGA-500.1.1,15,0.21714905,450,ASI,ABpxaapapppa,500_minutes,450-510,450,Waterston_500_minutes_batch_1
ATTATCCTCCACTGGG-500.1.1,24,0.4479524,405,ASJ,ABalpppppppa/ABpraaappppa,500_minutes,390-450,405,Waterston_500_minutes_batch_1
ATTCTACGTGTAACGG-500.1.1,19,0.16241635,390,ASG_AWA,,500_minutes,390-450,390,Waterston_500_minutes_batch_1
ATTGGACCAGTCAGAG-500.1.1,21,0.540585,490,ASK,ABalpppapppa/ABpraaaapppa,500_minutes,450-510,490,Waterston_500_minutes_batch_1
ATTGGTGGTTTCGCTC-500.1.1,0,0.715815,640,AFD,ABalpppapav/ABpraaaapav,500_minutes,580-650,640,Waterston_500_minutes_batch_1
ATTGGTGTCACCTTAT-500.1.1,9,0.3608926,500,ASE,ABalppppppaa/ABpraaapppaa,500_minutes,450-510,500,Waterston_500_minutes_batch_1
ATTGGTGTCGGACAAG-500.1.1,14,0.1719964,420,ADF_AWB,,500_minutes,390-450,420,Waterston_500_minutes_batch_1
ATTTCTGAGAACAATC-500.1.1,16,0.4033539,550,ASI,ABpxaapapppa,500_minutes,510-580,550,Waterston_500_minutes_batch_1
CAACCAAGTAGAAAGG-500.1.1,18,0.13219185,295,,,500_minutes,270-330,295,Waterston_500_minutes_batch_1
CAACCTCCATGGTCAT-500.1.1,19,0.17473699,420,AWA,ABpxaapapaa,500_minutes,390-450,420,Waterston_500_minutes_batch_1
CAACCTCGTTAAGATG-500.1.1,0,0.58610636,520,AFD,ABalpppapav/ABpraaaapav,500_minutes,510-580,520,Waterston_500_minutes_batch_1
CAACTAGAGTCGAGTG-500.1.1,0,0.29315025,360,AFD,ABalpppapav/ABpraaaapav,500_minutes,330-390,360,Waterston_500_minutes_batch_1
CAACTAGTCGCCCTTA-500.1.1,0,0.72048944,700,AFD,ABalpppapav/ABpraaaapav,500_minutes,> 650,700,Waterston_500_minutes_batch_1
CAAGAAATCTAACTCT-500.1.1,14,0.15040518,365,,,500_minutes,330-390,365,Waterston_500_minutes_batch_1
CAAGATCAGTACGTAA-500.1.1,24,0.56727064,490,ASJ,ABalpppppppa/ABpraaappppa,500_minutes,450-510,490,Waterston_500_minutes_batch_1
CAAGATCCAGCCACCA-500.1.1,12,0.32153147,405,ADL,ABalppppaad/ABpraaapaad,500_minutes,390-450,405,Waterston_500_minutes_batch_1
CAAGATCGTCCATCCT-500.1.1,0,0.7021515,700,AFD,ABalpppapav/ABpraaaapav,500_minutes,> 650,700,Waterston_500_minutes_batch_1
CAAGGCCAGAGTGAGA-500.1.1,23,0.2657531,510,ASG,ABpxaapapap,500_minutes,510-580,510,Waterston_500_minutes_batch_1
CAAGGCCAGGTGATAT-500.1.1,0,0.4153377,390,AFD,ABalpppapav/ABpraaaapav,500_minutes,390-450,390,Waterston_500_minutes_batch_1
CAAGGCCCACGAGGTA-500.1.1,21,0.28941345,420,ASK,ABalpppapppa/ABpraaaapppa,500_minutes,390-450,420,Waterston_500_minutes_batch_1
CACAAACCACTCAGGC-500.1.1,10,0.19189158,470,AUA,ABalpppppppp/ABpraaappppp,500_minutes,450-510,470,Waterston_500_minutes_batch_1
CACACCTCAAAGTGCG-500.1.1,13,0.41773313,490,ASH,ABpxpaappaa,500_minutes,450-510,490,Waterston_500_minutes_batch_1
CACACCTCAGATCTGT-500.1.1,15,0.15706931,370,ASI_parent,ABpxaapappp,500_minutes,330-390,370,Waterston_500_minutes_batch_1
CACACCTGTACCCAAT-500.1.1,17,0.19561264,415,AWB,ABalpppppap/ABpraaappap,500_minutes,390-450,415,Waterston_500_minutes_batch_1
CACACTCGTCATATGC-500.1.1,9,0.3116547,450,ASE,ABalppppppaa/ABpraaapppaa,500_minutes,450-510,450,Waterston_500_minutes_batch_1
CACAGTATCGTAGGTT-500.1.1,16,0.4299404,630,ASI,ABpxaapapppa,500_minutes,580-650,630,Waterston_500_minutes_batch_1
CACATAGAGACTAGGC-500.1.1,13,0.22793575,370,ASH,ABpxpaappaa,500_minutes,330-390,370,Waterston_500_minutes_batch_1
CACATAGGTCAGTGGA-500.1.1,14,0.14820564,385,,,500_minutes,330-390,385,Waterston_500_minutes_batch_1
CACATAGGTGGGTCAA-500.1.1,10,0.1930146,420,AUA,ABalpppppppp/ABpraaappppp,500_minutes,390-450,420,Waterston_500_minutes_batch_1
CACATTTGTTTACTCT-500.1.1,6,0.12621854,620,AWA,ABpxaapapaa,500_minutes,580-650,620,Waterston_500_minutes_batch_1
CACCACTGTAACGTTC-500.1.1,14,0.25694078,490,ADF,ABalpppppaa/ABpraaappaa,500_minutes,450-510,490,Waterston_500_minutes_batch_1
CACCACTTCTTGCATT-500.1.1,20,0.663653,490,ADL,ABalppppaad/ABpraaapaad,500_minutes,450-510,490,Waterston_500_minutes_batch_1
CACCAGGAGTGGAGAA-500.1.1,14,0.2534676,490,ADF,ABalpppppaa/ABpraaappaa,500_minutes,450-510,490,Waterston_500_minutes_batch_1
CACCTTGGTTCCAACA-500.1.1,18,0.25317374,405,AWC,ABpxpaaaaap,500_minutes,390-450,405,Waterston_500_minutes_batch_1
CACCTTGTCAAGATCC-500.1.1,10,0.19544205,435,AUA,ABalpppppppp/ABpraaappppp,500_minutes,390-450,435,Waterston_500_minutes_batch_1
CAGAATCCAGTATCTG-500.1.1,18,0.49171752,450,AWC,ABpxpaaaaap,500_minutes,450-510,450,Waterston_500_minutes_batch_1
CAGAATCTCGCGTAGC-500.1.1,10,0.18459894,355,AUA,ABalpppppppp/ABpraaappppp,500_minutes,330-390,355,Waterston_500_minutes_batch_1
CAGATCACAGGACCCT-500.1.1,13,0.39972648,490,ASH,ABpxpaappaa,500_minutes,450-510,490,Waterston_500_minutes_batch_1
CAGATCAGTCGACTAT-500.1.1,13,0.150359,390,AUA,ABalpppppppp/ABpraaappppp,500_minutes,390-450,390,Waterston_500_minutes_batch_1
CAGCATAAGCGCTCCA-500.1.1,12,0.50039095,450,ADL,ABalppppaad/ABpraaapaad,500_minutes,450-510,450,Waterston_500_minutes_batch_1
CAGCCGATCCACGAAT-500.1.1,19,0.13297896,380,ASG_AWA,,500_minutes,330-390,380,Waterston_500_minutes_batch_1
CAGCGACAGGGCACTA-500.1.1,13,0.45375845,490,ASH,ABpxpaappaa,500_minutes,450-510,490,Waterston_500_minutes_batch_1
CAGCTAACAAGCCGTC-500.1.1,21,0.29320034,420,ASK,ABalpppapppa/ABpraaaapppa,500_minutes,390-450,420,Waterston_500_minutes_batch_1
CAGCTGGCATTGGCGC-500.1.1,19,0.17576018,410,AWA,ABpxaapapaa,500_minutes,390-450,410,Waterston_500_minutes_batch_1
CAGGTGCAGACAGAGA-500.1.1,15,0.266957,450,ASI,ABpxaapapppa,500_minutes,450-510,450,Waterston_500_minutes_batch_1
CAGTAACGTACAGACG-500.1.1,0,0.5884279,510,AFD,ABalpppapav/ABpraaaapav,500_minutes,510-580,510,Waterston_500_minutes_batch_1
CAGTAACGTTCACCTC-500.1.1,5,0.11820849,330,ASK_parent,ABalpppappp/ABpraaaappp,500_minutes,330-390,330,Waterston_500_minutes_batch_1
CAGTCCTAGGACGAAA-500.1.1,17,0.19067077,420,AWB,ABalpppppap/ABpraaappap,500_minutes,390-450,420,Waterston_500_minutes_batch_1
CAGTCCTGTCCCTTGT-500.1.1,14,0.32154614,700,ADF,ABalpppppaa/ABpraaappaa,500_minutes,> 650,700,Waterston_500_minutes_batch_1
CATATTCAGTAGGTGC-500.1.1,10,0.17871864,370,AUA,ABalpppppppp/ABpraaappppp,500_minutes,330-390,370,Waterston_500_minutes_batch_1
CATATTCAGTGTCCCG-500.1.1,23,0.30664846,550,ASG,ABpxaapapap,500_minutes,510-580,550,Waterston_500_minutes_batch_1
CATATTCTCGGTGTTA-500.1.1,0,0.5466002,490,AFD,ABalpppapav/ABpraaaapav,500_minutes,450-510,490,Waterston_500_minutes_batch_1
CATCAAGAGGGTTCCC-500.1.1,14,0.26529074,490,ADF,ABalpppppaa/ABpraaappaa,500_minutes,450-510,490,Waterston_500_minutes_batch_1
CATCAAGAGTCGCCGT-500.1.1,18,0.6762658,585,AWC,ABpxpaaaaap,500_minutes,580-650,585,Waterston_500_minutes_batch_1
CATCAAGAGTGTCCAT-500.1.1,19,0.25509378,520,AWA,ABpxaapapaa,500_minutes,510-580,520,Waterston_500_minutes_batch_1
CATCAAGTCCACGTTC-500.1.1,9,0.27330643,410,ASE,ABalppppppaa/ABpraaapppaa,500_minutes,390-450,410,Waterston_500_minutes_batch_1
CATCCACGTTGGAGGT-500.1.1,23,0.25255635,450,ASG,ABpxaapapap,500_minutes,450-510,450,Waterston_500_minutes_batch_1
CATCCACTCTATCGCC-500.1.1,22,0.46086848,700,ASER,ABalppppppaa/ABpraaapppaa,500_minutes,> 650,700,Waterston_500_minutes_batch_1
CATCGAAGTAAGTGTA-500.1.1,20,0.99741447,725,ADL,ABalppppaad/ABpraaapaad,500_minutes,> 650,725,Waterston_500_minutes_batch_1
CATCGAATCTTTAGTC-500.1.1,0,0.3886264,425,AFD,ABalpppapav/ABpraaaapav,500_minutes,390-450,425,Waterston_500_minutes_batch_1
CATCGGGAGACCCACC-500.1.1,21,0.40178442,490,ASK,ABalpppapppa/ABpraaaapppa,500_minutes,450-510,490,Waterston_500_minutes_batch_1
CATCGGGCATCGTCGG-500.1.1,0,0.70556253,585,AFD,ABalpppapav/ABpraaaapav,500_minutes,580-650,585,Waterston_500_minutes_batch_1
CATCGGGTCTTCGAGA-500.1.1,18,0.33038506,420,AWC,ABpxpaaaaap,500_minutes,390-450,420,Waterston_500_minutes_batch_1
CATGACACACCCAGTG-500.1.1,14,0.2698282,490,ADF,ABalpppppaa/ABpraaappaa,500_minutes,450-510,490,Waterston_500_minutes_batch_1
CATTATCGTAAGGGCT-500.1.1,19,0.14166793,380,ASG_AWA,,500_minutes,330-390,380,Waterston_500_minutes_batch_1
CATTATCTCGTACGGC-500.1.1,15,0.1478489,370,ASI_parent,ABpxaapappp,500_minutes,330-390,370,Waterston_500_minutes_batch_1
CATTCGCGTCTTCGTC-500.1.1,14,0.3116446,670,ADF,ABalpppppaa/ABpraaappaa,500_minutes,> 650,670,Waterston_500_minutes_batch_1
CCACCTAAGAGGTACC-500.1.1,14,0.23299247,450,ADF,ABalpppppaa/ABpraaappaa,500_minutes,450-510,450,Waterston_500_minutes_batch_1
CCACGGAAGATCCTGT-500.1.1,9,0.32531023,450,ASE,ABalppppppaa/ABpraaapppaa,500_minutes,450-510,450,Waterston_500_minutes_batch_1
CCACGGAAGCGATCCC-500.1.1,10,0.2905893,395,ASJ,ABalpppppppa/ABpraaappppa,500_minutes,390-450,395,Waterston_500_minutes_batch_1
CCACGGAAGGACAGCT-500.1.1,9,0.34381288,490,ASE,ABalppppppaa/ABpraaapppaa,500_minutes,450-510,490,Waterston_500_minutes_batch_1
CCACTACAGCTGTCTA-500.1.1,19,0.26951006,620,AWA,ABpxaapapaa,500_minutes,580-650,620,Waterston_500_minutes_batch_1
CCACTACCAAGGTGTG-500.1.1,5,0.16371043,365,ASI_parent,ABpxaapappp,500_minutes,330-390,365,Waterston_500_minutes_batch_1
CCACTACCACGAAGCA-500.1.1,18,0.25307044,405,AWC,ABpxpaaaaap,500_minutes,390-450,405,Waterston_500_minutes_batch_1
CCAGCGAAGGGTCGAT-500.1.1,17,0.27318034,620,AWB,ABalpppppap/ABpraaappap,500_minutes,580-650,620,Waterston_500_minutes_batch_1
CCAGCGACATCAGTAC-500.1.1,15,0.12658854,350,ASI_parent,ABpxaapappp,500_minutes,330-390,350,Waterston_500_minutes_batch_1
CCATTCGCAGCCTTTC-500.1.1,9,0.35549247,450,ASE,ABalppppppaa/ABpraaapppaa,500_minutes,450-510,450,Waterston_500_minutes_batch_1
CCATTCGGTCGACTAT-500.1.1,20,0.78425384,640,ADL,ABalppppaad/ABpraaapaad,500_minutes,580-650,640,Waterston_500_minutes_batch_1
CCATTCGTCGGGAGTA-500.1.1,24,0.45381123,450,ASJ,ABalpppppppa/ABpraaappppa,500_minutes,450-510,450,Waterston_500_minutes_batch_1
CCATTCGTCTTATCTG-500.1.1,14,0.31132662,640,ADF,ABalpppppaa/ABpraaappaa,500_minutes,580-650,640,Waterston_500_minutes_batch_1
CCCAATCCAGACGCCT-500.1.1,17,0.20474572,425,AWB,ABalpppppap/ABpraaappap,500_minutes,390-450,425,Waterston_500_minutes_batch_1
CCCAGTTGTCGGCACT-500.1.1,19,0.13512763,355,ASG_AWA,,500_minutes,330-390,355,Waterston_500_minutes_batch_1
CCCATACAGCTGATAA-500.1.1,9,0.15473343,320,ASE_parent,ABalppppppa/ABpraaapppa,500_minutes,270-330,320,Waterston_500_minutes_batch_1
CCCATACTCTTGACGA-500.1.1,18,0.28453478,420,AWC,ABpxpaaaaap,500_minutes,390-450,420,Waterston_500_minutes_batch_1
CCGGTAGAGGTGCACA-500.1.1,18,0.6651266,620,AWC,ABpxpaaaaap,500_minutes,580-650,620,Waterston_500_minutes_batch_1
CCGGTAGCATGGGAAC-500.1.1,16,0.4651389,640,ASI,ABpxaapapppa,500_minutes,580-650,640,Waterston_500_minutes_batch_1
CCGGTAGGTTACGCGC-500.1.1,16,0.40620875,510,ASI,ABpxaapapppa,500_minutes,510-580,510,Waterston_500_minutes_batch_1
CCGTACTCATACGCTA-500.1.1,24,0.64744395,585,ASJ,ABalpppppppa/ABpraaappppa,500_minutes,580-650,585,Waterston_500_minutes_batch_1
CCGTTCAAGGATGGTC-500.1.1,22,0.4374622,550,ASE,ABalppppppaa/ABpraaapppaa,500_minutes,510-580,550,Waterston_500_minutes_batch_1
CCGTTCACATGATCCA-500.1.1,0,0.30065444,385,AFD,ABalpppapav/ABpraaaapav,500_minutes,330-390,385,Waterston_500_minutes_batch_1
CCGTTCAGTCGACTAT-500.1.1,9,0.3479219,490,ASE,ABalppppppaa/ABpraaapppaa,500_minutes,450-510,490,Waterston_500_minutes_batch_1
CCTACACAGTGCGATG-500.1.1,13,0.5560708,635,ASH,ABpxpaappaa,500_minutes,580-650,635,Waterston_500_minutes_batch_1
CCTACACCAAGCCGTC-500.1.1,10,0.18968748,360,AUA,ABalpppppppp/ABpraaappppp,500_minutes,330-390,360,Waterston_500_minutes_batch_1
CCTACACCACGGCTAC-500.1.1,16,0.45097065,625,ASI,ABpxaapapppa,500_minutes,580-650,625,Waterston_500_minutes_batch_1
CCTACCACAGCTGTGC-500.1.1,24,0.7630329,700,ASJ,ABalpppppppa/ABpraaappppa,500_minutes,> 650,700,Waterston_500_minutes_batch_1
CCTACCACATAGTAAG-500.1.1,0,0.73607,670,AFD,ABalpppapav/ABpraaaapav,500_minutes,> 650,670,Waterston_500_minutes_batch_1
CCTAGCTAGCTAGGCA-500.1.1,18,0.32603818,420,AWC,ABpxpaaaaap,500_minutes,390-450,420,Waterston_500_minutes_batch_1
CCTATTAAGCTAAACA-500.1.1,18,0.35039955,420,AWC,ABpxpaaaaap,500_minutes,390-450,420,Waterston_500_minutes_batch_1
CCTATTAGTTTGTGTG-500.1.1,24,0.5099261,450,ASJ,ABalpppppppa/ABpraaappppa,500_minutes,450-510,450,Waterston_500_minutes_batch_1
CCTATTATCGCCATAA-500.1.1,22,0.4316257,640,ASEL,ABalppppppaa/ABpraaapppaa,500_minutes,580-650,640,Waterston_500_minutes_batch_1
CCTCAGTGTCTAGAGG-500.1.1,13,0.2480625,400,ASH,ABpxpaappaa,500_minutes,390-450,400,Waterston_500_minutes_batch_1
CCTTACGGTCGATTGT-500.1.1,12,0.2514773,370,ADL,ABalppppaad/ABpraaapaad,500_minutes,330-390,370,Waterston_500_minutes_batch_1
CCTTCCCGTACTCTCC-500.1.1,17,0.19770129,435,AWB,ABalpppppap/ABpraaappap,500_minutes,390-450,435,Waterston_500_minutes_batch_1
CCTTCGAAGAGTAAGG-500.1.1,18,0.6540008,585,AWC,ABpxpaaaaap,500_minutes,580-650,585,Waterston_500_minutes_batch_1
CCTTCGATCATCATTC-500.1.1,22,0.44449627,700,ASER,ABalppppppaa/ABpraaapppaa,500_minutes,> 650,700,Waterston_500_minutes_batch_1
CCTTTCTCATGGATGG-500.1.1,23,0.30596536,620,ASG,ABpxaapapap,500_minutes,580-650,620,Waterston_500_minutes_batch_1
CCTTTCTGTGGTCCGT-500.1.1,10,0.19115497,350,ASJ,ABalpppppppa/ABpraaappppa,500_minutes,330-390,350,Waterston_500_minutes_batch_1
CGAACATAGCTACCTA-500.1.1,14,0.16280563,395,ADF_AWB,,500_minutes,390-450,395,Waterston_500_minutes_batch_1
CGAACATAGTGTGGCA-500.1.1,24,0.46186227,450,ASJ,ABalpppppppa/ABpraaappppa,500_minutes,450-510,450,Waterston_500_minutes_batch_1
CGACCTTAGTGAACAT-500.1.1,13,0.21325307,380,ASH,ABpxpaappaa,500_minutes,330-390,380,Waterston_500_minutes_batch_1
CGACCTTTCGAATCCA-500.1.1,14,0.1495538,380,ADF_AWB,,500_minutes,330-390,380,Waterston_500_minutes_batch_1
CGACTTCGTTCACGGC-500.1.1,0,0.6057514,550,AFD,ABalpppapav/ABpraaaapav,500_minutes,510-580,550,Waterston_500_minutes_batch_1
CGACTTCTCACAGTAC-500.1.1,13,0.5755979,670,ASH,ABpxpaappaa,500_minutes,> 650,670,Waterston_500_minutes_batch_1
CGACTTCTCCTAGGGC-500.1.1,13,0.40044817,490,ASH,ABpxpaappaa,500_minutes,450-510,490,Waterston_500_minutes_batch_1
CGAGAAGCACGCGAAA-500.1.1,18,0.64239347,625,AWC,ABpxpaaaaap,500_minutes,580-650,625,Waterston_500_minutes_batch_1
CGAGCACAGAGTGAGA-500.1.1,24,0.57501197,490,ASJ,ABalpppppppa/ABpraaappppa,500_minutes,450-510,490,Waterston_500_minutes_batch_1
CGAGCACGTCGCATCG-500.1.1,20,0.7123159,530,ADL,ABalppppaad/ABpraaapaad,500_minutes,510-580,530,Waterston_500_minutes_batch_1
CGAGCACGTGAAGGCT-500.1.1,0,0.4833742,450,AFD,ABalpppapav/ABpraaaapav,500_minutes,450-510,450,Waterston_500_minutes_batch_1
CGATCGGTCAAGAAGT-500.1.1,14,0.18232945,420,ADF_AWB,,500_minutes,390-450,420,Waterston_500_minutes_batch_1
CGATCGGTCACATAGC-500.1.1,9,0.3004786,450,ASE,ABalppppppaa/ABpraaapppaa,500_minutes,450-510,450,Waterston_500_minutes_batch_1
CGATGGCCAATCCGAT-500.1.1,17,0.18421963,395,AWB,ABalpppppap/ABpraaappap,500_minutes,390-450,395,Waterston_500_minutes_batch_1
CGATTGAAGCGTAGTG-500.1.1,9,0.3424386,470,ASE,ABalppppppaa/ABpraaapppaa,500_minutes,450-510,470,Waterston_500_minutes_batch_1
CGATTGACAATAGAGT-500.1.1,9,0.16859092,365,ASE_parent,ABalppppppa/ABpraaapppa,500_minutes,330-390,365,Waterston_500_minutes_batch_1
CGATTGATCTTCTGGC-500.1.1,23,0.31929028,450,AWA,ABpxaapapaa,500_minutes,450-510,450,Waterston_500_minutes_batch_1
CGCGGTAGTTTAGGAA-500.1.1,19,0.14762029,410,ASG,ABpxaapapap,500_minutes,390-450,410,Waterston_500_minutes_batch_1
CGCGGTATCTCCTATA-500.1.1,14,0.28419498,550,ADF,ABalpppppaa/ABpraaappaa,500_minutes,510-580,550,Waterston_500_minutes_batch_1
CGCTATCTCCTATGTT-500.1.1,13,0.13385603,350,ASH,ABpxpaappaa,500_minutes,330-390,350,Waterston_500_minutes_batch_1
CGCTGGAAGGCATGTG-500.1.1,0,0.5190911,430,AFD,ABalpppapav/ABpraaaapav,500_minutes,390-450,430,Waterston_500_minutes_batch_1
CGCTTCAAGATCGATA-500.1.1,19,0.15355265,390,ASG,ABpxaapapap,500_minutes,390-450,390,Waterston_500_minutes_batch_1
CGCTTCAAGTGGGTTG-500.1.1,14,0.18764308,420,ADF,ABalpppppaa/ABpraaappaa,500_minutes,390-450,420,Waterston_500_minutes_batch_1
CGCTTCAGTATAGGTA-500.1.1,19,0.13095775,345,ASG_AWA,,500_minutes,330-390,345,Waterston_500_minutes_batch_1
CGGACGTAGTGGAGTC-500.1.1,21,0.41443372,450,ASK,ABalpppapppa/ABpraaaapppa,500_minutes,450-510,450,Waterston_500_minutes_batch_1
CGGACGTCAATGAAAC-500.1.1,7,0.062419515,300,Neuroblast_ASG_AWA,ABpxaapapa,500_minutes,270-330,300,Waterston_500_minutes_batch_1
CGGCTAGCAATGGATA-500.1.1,22,0.44576383,700,ASER,ABalppppppaa/ABpraaapppaa,500_minutes,> 650,700,Waterston_500_minutes_batch_1
CGGGTCACACATGACT-500.1.1,19,0.25411382,550,AWA,ABpxaapapaa,500_minutes,510-580,550,Waterston_500_minutes_batch_1
CGGGTCACATCAGTAC-500.1.1,14,0.2097563,440,ADF,ABalpppppaa/ABpraaappaa,500_minutes,390-450,440,Waterston_500_minutes_batch_1
CGGTTAATCACGAAGG-500.1.1,24,0.4347452,450,ASJ,ABalpppppppa/ABpraaappppa,500_minutes,450-510,450,Waterston_500_minutes_batch_1
CGTAGCGAGGCTCAGA-500.1.1,0,0.59844047,550,AFD,ABalpppapav/ABpraaaapav,500_minutes,510-580,550,Waterston_500_minutes_batch_1
CGTAGCGGTAACGTTC-500.1.1,10,0.22974342,380,ASJ,ABalpppppppa/ABpraaappppa,500_minutes,330-390,380,Waterston_500_minutes_batch_1
CGTCACTGTTCATGGT-500.1.1,21,0.5309935,510,ASK,ABalpppapppa/ABpraaaapppa,500_minutes,510-580,510,Waterston_500_minutes_batch_1
CGTCAGGAGTCGATAA-500.1.1,14,0.26433375,490,ADF,ABalpppppaa/ABpraaappaa,500_minutes,450-510,490,Waterston_500_minutes_batch_1
CGTCAGGTCATGCATG-500.1.1,21,0.6459975,550,ASK,ABalpppapppa/ABpraaaapppa,500_minutes,510-580,550,Waterston_500_minutes_batch_1
CGTCTACGTAGTAGTA-500.1.1,21,0.6019145,550,ASK,ABalpppapppa/ABpraaaapppa,500_minutes,510-580,550,Waterston_500_minutes_batch_1
CGTCTACTCCACGTTC-500.1.1,5,0.17174412,370,ASK_parent,ABalpppappp/ABpraaaappp,500_minutes,330-390,370,Waterston_500_minutes_batch_1
CGTGTAACATTGAGCT-500.1.1,18,0.25646248,410,AWC,ABpxpaaaaap,500_minutes,390-450,410,Waterston_500_minutes_batch_1
CGTGTCTAGGCATGTG-500.1.1,19,0.12484779,360,ASG_AWA,,500_minutes,330-390,360,Waterston_500_minutes_batch_1
CGTTAGAAGCTCAACT-500.1.1,15,0.2626847,435,ASI,ABpxaapapppa,500_minutes,390-450,435,Waterston_500_minutes_batch_1
CGTTAGAAGGCTACGA-500.1.1,19,0.16936225,430,AWA,ABpxaapapaa,500_minutes,390-450,430,Waterston_500_minutes_batch_1
CGTTAGACAACCGCCA-500.1.1,14,0.2996058,550,ADF,ABalpppppaa/ABpraaappaa,500_minutes,510-580,550,Waterston_500_minutes_batch_1
CGTTCTGAGAGCTTCT-500.1.1,13,0.26292548,405,ASH,ABpxpaappaa,500_minutes,390-450,405,Waterston_500_minutes_batch_1
CGTTCTGCAGGTTTCA-500.1.1,17,0.20177662,420,AWB,ABalpppppap/ABpraaappap,500_minutes,390-450,420,Waterston_500_minutes_batch_1
CTAACTTTCAGTGTTG-500.1.1,9,0.39495927,490,ASE,ABalppppppaa/ABpraaapppaa,500_minutes,450-510,490,Waterston_500_minutes_batch_1
CTAAGACCAAGTTCTG-500.1.1,0,0.37850863,390,AFD,ABalpppapav/ABpraaaapav,500_minutes,390-450,390,Waterston_500_minutes_batch_1
CTAATGGGTCGGCATC-500.1.1,17,0.25276586,585,AWB,ABalpppppap/ABpraaappap,500_minutes,580-650,585,Waterston_500_minutes_batch_1
CTACACCCATCGACGC-500.1.1,14,0.31555462,635,ADF,ABalpppppaa/ABpraaappaa,500_minutes,580-650,635,Waterston_500_minutes_batch_1
CTACATTTCGGCGCAT-500.1.1,10,0.19223079,500,AUA,ABalpppppppp/ABpraaappppp,500_minutes,450-510,500,Waterston_500_minutes_batch_1
CTACCCAGTGGTTTCA-500.1.1,13,0.39515913,470,ASH,ABpxpaappaa,500_minutes,450-510,470,Waterston_500_minutes_batch_1
CTACCCATCAATACCG-500.1.1,17,0.19210595,470,AWB,ABalpppppap/ABpraaappap,500_minutes,450-510,470,Waterston_500_minutes_batch_1
CTACGTCAGGTCATCT-500.1.1,10,0.2303076,380,ASJ,ABalpppppppa/ABpraaappppa,500_minutes,330-390,380,Waterston_500_minutes_batch_1
CTACGTCCACAGACTT-500.1.1,18,0.60812044,620,AWC,ABpxpaaaaap,500_minutes,580-650,620,Waterston_500_minutes_batch_1
CTACGTCCAGTAGAGC-500.1.1,9,0.3611633,520,ASE,ABalppppppaa/ABpraaapppaa,500_minutes,510-580,520,Waterston_500_minutes_batch_1
CTACGTCGTATTAGCC-500.1.1,20,0.7033102,550,ADL,ABalppppaad/ABpraaapaad,500_minutes,510-580,550,Waterston_500_minutes_batch_1
CTAGAGTAGACAGACC-500.1.1,17,0.21543962,490,AWB,ABalpppppap/ABpraaappap,500_minutes,450-510,490,Waterston_500_minutes_batch_1
CTAGAGTTCCGAGCCA-500.1.1,9,0.33637804,450,ASE,ABalppppppaa/ABpraaapppaa,500_minutes,450-510,450,Waterston_500_minutes_batch_1
CTAGAGTTCCGTAGGC-500.1.1,9,0.21191879,380,ASE,ABalppppppaa/ABpraaapppaa,500_minutes,330-390,380,Waterston_500_minutes_batch_1
CTAGTGAAGATAGCAT-500.1.1,12,0.5786813,450,ADL,ABalppppaad/ABpraaapaad,500_minutes,450-510,450,Waterston_500_minutes_batch_1
CTAGTGAAGTAACCCT-500.1.1,5,0.11514735,300,ASK_parent,ABalpppappp/ABpraaaappp,500_minutes,270-330,300,Waterston_500_minutes_batch_1
CTAGTGACAAGTCTAC-500.1.1,23,0.3299462,550,ASG,ABpxaapapap,500_minutes,510-580,550,Waterston_500_minutes_batch_1
CTAGTGAGTAAAGGAG-500.1.1,10,0.17751479,320,ASE_parent,ABalppppppa/ABpraaapppa,500_minutes,270-330,320,Waterston_500_minutes_batch_1
CTAGTGAGTAGGCATG-500.1.1,16,0.40556496,550,ASI,ABpxaapapppa,500_minutes,510-580,550,Waterston_500_minutes_batch_1
CTCACACAGCCGTCGT-500.1.1,15,0.17230836,375,ASI_parent,ABpxaapappp,500_minutes,330-390,375,Waterston_500_minutes_batch_1
CTCAGAAAGACGACGT-500.1.1,9,0.36619762,490,ASE,ABalppppppaa/ABpraaapppaa,500_minutes,450-510,490,Waterston_500_minutes_batch_1
CTCAGAAAGTACTTGC-500.1.1,12,0.45521232,435,ADL,ABalppppaad/ABpraaapaad,500_minutes,390-450,435,Waterston_500_minutes_batch_1
CTCATTAGTACCTACA-500.1.1,16,0.46381444,620,ASI,ABpxaapapppa,500_minutes,580-650,620,Waterston_500_minutes_batch_1
CTCGAAAGTAAGGGCT-500.1.1,19,0.13876142,385,ASG_AWA,,500_minutes,330-390,385,Waterston_500_minutes_batch_1
CTCGAGGTCTGCAAGT-500.1.1,19,0.20034607,420,AWA,ABpxaapapaa,500_minutes,390-450,420,Waterston_500_minutes_batch_1
CTCGGAGAGCACCGCT-500.1.1,17,0.19155066,410,AWB,ABalpppppap/ABpraaappap,500_minutes,390-450,410,Waterston_500_minutes_batch_1
CTCGGAGGTGAGTGAC-500.1.1,13,0.56582415,635,ASH,ABpxpaappaa,500_minutes,580-650,635,Waterston_500_minutes_batch_1
CTCGGGACATGCAATC-500.1.1,16,0.44001493,630,ASI,ABpxaapapppa,500_minutes,580-650,630,Waterston_500_minutes_batch_1
CTCGGGAGTCTTGATG-500.1.1,16,0.4052926,550,ASI,ABpxaapapppa,500_minutes,510-580,550,Waterston_500_minutes_batch_1
CTCGTACAGTGGTAGC-500.1.1,21,0.52357614,510,ASK,ABalpppapppa/ABpraaaapppa,500_minutes,510-580,510,Waterston_500_minutes_batch_1
CTCGTACGTAGAAAGG-500.1.1,16,0.40845782,585,ASI,ABpxaapapppa,500_minutes,580-650,585,Waterston_500_minutes_batch_1
CTCGTCACATGTTCCC-500.1.1,17,0.17889033,390,AWB,ABalpppppap/ABpraaappap,500_minutes,390-450,390,Waterston_500_minutes_batch_1
CTCTAATAGACTAAGT-500.1.1,14,0.12127447,380,ADF_AWB,,500_minutes,330-390,380,Waterston_500_minutes_batch_1
CTCTAATCACTTAAGC-500.1.1,0,0.5968039,530,AFD,ABalpppapav/ABpraaaapav,500_minutes,510-580,530,Waterston_500_minutes_batch_1
CTCTACGAGAGAACAG-500.1.1,19,0.16670117,405,ASG,ABpxaapapap,500_minutes,390-450,405,Waterston_500_minutes_batch_1
CTCTACGCACCTCGGA-500.1.1,10,0.27336723,390,ASJ,ABalpppppppa/ABpraaappppa,500_minutes,390-450,390,Waterston_500_minutes_batch_1
CTCTGGTAGGGAACGG-500.1.1,9,0.359984,450,ASE,ABalppppppaa/ABpraaapppaa,500_minutes,450-510,450,Waterston_500_minutes_batch_1
CTCTGGTAGTGTACGG-500.1.1,12,0.5442644,470,ADL,ABalppppaad/ABpraaapaad,500_minutes,450-510,470,Waterston_500_minutes_batch_1
CTCTGGTTCCCTAATT-500.1.1,20,0.9037538,760,ADL,ABalppppaad/ABpraaapaad,500_minutes,> 650,760,Waterston_500_minutes_batch_1
CTCTGGTTCTGGTTCC-500.1.1,17,0.2417127,490,AWB,ABalpppppap/ABpraaappap,500_minutes,450-510,490,Waterston_500_minutes_batch_1
CTGAAACAGTTCGCGC-500.1.1,13,0.2964417,450,ASH,ABpxpaappaa,500_minutes,450-510,450,Waterston_500_minutes_batch_1
CTGAAACCAAACCCAT-500.1.1,19,0.17908815,415,AWA,ABpxaapapaa,500_minutes,390-450,415,Waterston_500_minutes_batch_1
CTGAAACTCACTTATC-500.1.1,21,0.51719964,490,ASK,ABalpppapppa/ABpraaaapppa,500_minutes,450-510,490,Waterston_500_minutes_batch_1
CTGAAGTCACGGTGTC-500.1.1,14,0.30739182,640,ADF,ABalpppppaa/ABpraaappaa,500_minutes,580-650,640,Waterston_500_minutes_batch_1
CTGAAGTGTAAGGGCT-500.1.1,24,0.3975787,405,ASJ,ABalpppppppa/ABpraaappppa,500_minutes,390-450,405,Waterston_500_minutes_batch_1
CTGAAGTGTCTCACCT-500.1.1,14,0.18132761,400,ADF_AWB,,500_minutes,390-450,400,Waterston_500_minutes_batch_1
CTGAAGTGTTAAAGTG-500.1.1,19,0.14676675,385,AWA,ABpxaapapaa,500_minutes,330-390,385,Waterston_500_minutes_batch_1
CTGATAGCAAGTTGTC-500.1.1,12,0.38508132,410,ADL,ABalppppaad/ABpraaapaad,500_minutes,390-450,410,Waterston_500_minutes_batch_1
CTGATCCAGTACTTGC-500.1.1,5,0.16614236,370,ASK_parent,ABalpppappp/ABpraaaappp,500_minutes,330-390,370,Waterston_500_minutes_batch_1
CTGATCCTCTTGCCGT-500.1.1,14,0.10910595,360,,,500_minutes,330-390,360,Waterston_500_minutes_batch_1
CTGCGGACAGGCTCAC-500.1.1,14,0.15744378,365,ADF_AWB,,500_minutes,330-390,365,Waterston_500_minutes_batch_1
CTGCGGACAGTAACGG-500.1.1,20,0.76468945,620,ADL,ABalppppaad/ABpraaapaad,500_minutes,580-650,620,Waterston_500_minutes_batch_1
CTGGTCTAGCTTTGGT-500.1.1,13,0.14883725,350,ASH,ABpxpaappaa,500_minutes,330-390,350,Waterston_500_minutes_batch_1
CTGTGCTCATACTACG-500.1.1,23,0.30620465,550,ASG,ABpxaapapap,500_minutes,510-580,550,Waterston_500_minutes_batch_1
CTGTGCTTCGGTGTCG-500.1.1,17,0.2570807,640,AWB,ABalpppppap/ABpraaappap,500_minutes,580-650,640,Waterston_500_minutes_batch_1
CTTAACTCAGATCCAT-500.1.1,13,0.5192573,620,ASH,ABpxpaappaa,500_minutes,580-650,620,Waterston_500_minutes_batch_1
CTTACCGGTCCGTTAA-500.1.1,12,0.4926625,450,ADL,ABalppppaad/ABpraaapaad,500_minutes,450-510,450,Waterston_500_minutes_batch_1
CTTAGGAGTCGCATCG-500.1.1,24,0.4363275,450,ASJ,ABalpppppppa/ABpraaappppa,500_minutes,450-510,450,Waterston_500_minutes_batch_1
CTTAGGAGTGTGGCTC-500.1.1,13,0.23668171,375,ASH,ABpxpaappaa,500_minutes,330-390,375,Waterston_500_minutes_batch_1
CTTCTCTAGTTAAGTG-500.1.1,21,0.47994035,430,ASK,ABalpppapppa/ABpraaaapppa,500_minutes,390-450,430,Waterston_500_minutes_batch_1
CTTGGCTGTGTCGCTG-500.1.1,5,0.11887486,290,ASK_parent,ABalpppappp/ABpraaaappp,500_minutes,270-330,290,Waterston_500_minutes_batch_1
CTTTGCGGTTACGGAG-500.1.1,9,0.21026216,375,ASE,ABalppppppaa/ABpraaapppaa,500_minutes,330-390,375,Waterston_500_minutes_batch_1
GAAACTCAGATCCCGC-500.1.1,18,0.60563624,635,AWC,ABpxpaaaaap,500_minutes,580-650,635,Waterston_500_minutes_batch_1
GAAACTCGTTAAGATG-500.1.1,13,0.353376,450,ASH,ABpxpaappaa,500_minutes,450-510,450,Waterston_500_minutes_batch_1
GAAATGACACCTCGTT-500.1.1,14,0.22514394,450,ADF,ABalpppppaa/ABpraaappaa,500_minutes,450-510,450,Waterston_500_minutes_batch_1
GAAATGAGTCTCTTTA-500.1.1,12,0.3044619,390,ADL,ABalppppaad/ABpraaapaad,500_minutes,390-450,390,Waterston_500_minutes_batch_1
GAACATCCATATGGTC-500.1.1,17,0.18912472,415,AWB,ABalpppppap/ABpraaappap,500_minutes,390-450,415,Waterston_500_minutes_batch_1
GAACATCGTTACGTCA-500.1.1,23,0.33949408,670,ASG,ABpxaapapap,500_minutes,> 650,670,Waterston_500_minutes_batch_1
GAACCTAAGGATGCGT-500.1.1,19,0.23881312,510,AWA,ABpxaapapaa,500_minutes,510-580,510,Waterston_500_minutes_batch_1
GAACCTAGTCCAAGTT-500.1.1,23,0.33352336,640,ASG,ABpxaapapap,500_minutes,580-650,640,Waterston_500_minutes_batch_1
GAACGGAAGGAGCGAG-500.1.1,15,0.12503232,340,ASI_parent,ABpxaapappp,500_minutes,330-390,340,Waterston_500_minutes_batch_1
GAACGGACAGTAGAGC-500.1.1,14,0.27579477,530,ADF,ABalpppppaa/ABpraaappaa,500_minutes,510-580,530,Waterston_500_minutes_batch_1
GAACGGACAGTGACAG-500.1.1,9,0.40588003,585,ASE,ABalppppppaa/ABpraaapppaa,500_minutes,580-650,585,Waterston_500_minutes_batch_1
GAACGGATCAACACAC-500.1.1,19,0.15168913,360,ASI_parent,ABpxaapappp,500_minutes,330-390,360,Waterston_500_minutes_batch_1
GAAGCAGCAATGGTCT-500.1.1,0,0.6624425,585,AFD,ABalpppapav/ABpraaaapav,500_minutes,580-650,585,Waterston_500_minutes_batch_1
GAATGAAAGAGCTATA-500.1.1,18,0.18807778,360,AWC,ABpxpaaaaap,500_minutes,330-390,360,Waterston_500_minutes_batch_1
GAATGAAAGTGCGATG-500.1.1,19,0.18511038,420,AWA,ABpxaapapaa,500_minutes,390-450,420,Waterston_500_minutes_batch_1
GACAGAGAGGGTGTGT-500.1.1,0,0.30430087,380,AFD,ABalpppapav/ABpraaaapav,500_minutes,330-390,380,Waterston_500_minutes_batch_1
GACAGAGCATGCAATC-500.1.1,23,0.22673635,510,ASG,ABpxaapapap,500_minutes,510-580,510,Waterston_500_minutes_batch_1
GACAGAGGTCCAACTA-500.1.1,14,0.3031397,635,ADF,ABalpppppaa/ABpraaappaa,500_minutes,580-650,635,Waterston_500_minutes_batch_1
GACCAATGTTTGCATG-500.1.1,19,0.24591321,550,AWA,ABpxaapapaa,500_minutes,510-580,550,Waterston_500_minutes_batch_1
GACCTGGAGGTGCTTT-500.1.1,15,0.22564422,380,ASI_parent,ABpxaapappp,500_minutes,330-390,380,Waterston_500_minutes_batch_1
GACCTGGCACAAGCCC-500.1.1,18,0.5489553,520,AWC,ABpxpaaaaap,500_minutes,510-580,520,Waterston_500_minutes_batch_1
GACGCGTGTTGCCTCT-500.1.1,17,0.24183118,585,AWB,ABalpppppap/ABpraaappap,500_minutes,580-650,585,Waterston_500_minutes_batch_1
GACGTGCAGTCGTACT-500.1.1,19,0.14035106,380,ASG_AWA,,500_minutes,330-390,380,Waterston_500_minutes_batch_1
GACGTGCCAACACCTA-500.1.1,18,0.62053335,620,AWC,ABpxpaaaaap,500_minutes,580-650,620,Waterston_500_minutes_batch_1
GACGTGCCAGATTGCT-500.1.1,22,0.41638452,620,ASEL,ABalppppppaa/ABpraaapppaa,500_minutes,580-650,620,Waterston_500_minutes_batch_1
GACGTGCTCCCACTTG-500.1.1,24,0.64073944,550,ASJ,ABalpppppppa/ABpraaappppa,500_minutes,510-580,550,Waterston_500_minutes_batch_1
GACGTGCTCGCTAGCG-500.1.1,9,0.27340224,415,ASE,ABalppppppaa/ABpraaapppaa,500_minutes,390-450,415,Waterston_500_minutes_batch_1
GACGTTAAGCAGCGTA-500.1.1,18,0.22944647,410,AWC,ABpxpaaaaap,500_minutes,390-450,410,Waterston_500_minutes_batch_1
GACTAACAGGACAGAA-500.1.1,18,0.51484716,520,AWC,ABpxpaaaaap,500_minutes,510-580,520,Waterston_500_minutes_batch_1
GACTACACAGACAAAT-500.1.1,14,0.32075903,640,ADF,ABalpppppaa/ABpraaappaa,500_minutes,580-650,640,Waterston_500_minutes_batch_1
GACTGCGTCAATCACG-500.1.1,15,0.15468168,375,ASI_parent,ABpxaapappp,500_minutes,330-390,375,Waterston_500_minutes_batch_1
GAGCAGAGTGATGTCT-500.1.1,24,0.6411177,620,ASJ,ABalpppppppa/ABpraaappppa,500_minutes,580-650,620,Waterston_500_minutes_batch_1
GAGCAGATCCGTAGGC-500.1.1,20,0.82632524,640,ADL,ABalppppaad/ABpraaapaad,500_minutes,580-650,640,Waterston_500_minutes_batch_1
GAGGTGACACGTTGGC-500.1.1,16,0.3962503,550,ASI,ABpxaapapppa,500_minutes,510-580,550,Waterston_500_minutes_batch_1
GAGTCCGAGCACCGTC-500.1.1,0,0.34543303,390,AFD,ABalpppapav/ABpraaaapav,500_minutes,390-450,390,Waterston_500_minutes_batch_1
GAGTCCGGTGTCTGAT-500.1.1,9,0.27216476,410,ASE,ABalppppppaa/ABpraaapppaa,500_minutes,390-450,410,Waterston_500_minutes_batch_1
GATCGATAGAGGTTGC-500.1.1,12,0.34876832,385,ADL,ABalppppaad/ABpraaapaad,500_minutes,330-390,385,Waterston_500_minutes_batch_1
GATCGATCACAGACAG-500.1.1,15,0.2750182,450,ASI,ABpxaapapppa,500_minutes,450-510,450,Waterston_500_minutes_batch_1
GATCGATCACTTCTGC-500.1.1,22,0.42643136,700,ASER,ABalppppppaa/ABpraaapppaa,500_minutes,> 650,700,Waterston_500_minutes_batch_1
GATCGATGTCGCATAT-500.1.1,10,0.1929363,550,AUA,ABalpppppppp/ABpraaappppp,500_minutes,510-580,550,Waterston_500_minutes_batch_1
GATCGCGTCTCTAGGA-500.1.1,9,0.35967508,500,ASE,ABalppppppaa/ABpraaapppaa,500_minutes,450-510,500,Waterston_500_minutes_batch_1
GATCGTAAGCTAACTC-500.1.1,20,0.7821865,620,ADL,ABalppppaad/ABpraaapaad,500_minutes,580-650,620,Waterston_500_minutes_batch_1
GATGAAAAGTCAAGGC-500.1.1,23,0.30718014,550,ASG,ABpxaapapap,500_minutes,510-580,550,Waterston_500_minutes_batch_1
GATGAAACAAAGCAAT-500.1.1,18,0.5506091,585,AWC,ABpxpaaaaap,500_minutes,580-650,585,Waterston_500_minutes_batch_1
GATGAAACACAAGTAA-500.1.1,14,0.21820088,450,ADF,ABalpppppaa/ABpraaappaa,500_minutes,450-510,450,Waterston_500_minutes_batch_1
GATGAGGAGGATGTAT-500.1.1,15,0.25726014,450,ASI,ABpxaapapppa,500_minutes,450-510,450,Waterston_500_minutes_batch_1
GATGAGGCAAGTTCTG-500.1.1,14,0.29635528,585,ADF,ABalpppppaa/ABpraaappaa,500_minutes,580-650,585,Waterston_500_minutes_batch_1
GATGCTAAGAGTACCG-500.1.1,14,0.29135412,550,ADF,ABalpppppaa/ABpraaappaa,500_minutes,510-580,550,Waterston_500_minutes_batch_1
GATGCTAGTCAACATC-500.1.1,12,0.45618203,440,ADL,ABalppppaad/ABpraaapaad,500_minutes,390-450,440,Waterston_500_minutes_batch_1
GATGCTATCCCATTAT-500.1.1,24,0.49022678,450,ASJ,ABalpppppppa/ABpraaappppa,500_minutes,450-510,450,Waterston_500_minutes_batch_1
GATTCAGAGCACCGTC-500.1.1,19,0.18047647,415,AWA,ABpxaapapaa,500_minutes,390-450,415,Waterston_500_minutes_batch_1
GCAAACTCAATGAAAC-500.1.1,9,0.28310028,400,ASE,ABalppppppaa/ABpraaapppaa,500_minutes,390-450,400,Waterston_500_minutes_batch_1
GCAAACTCATGGATGG-500.1.1,18,0.18825747,360,AWC,ABpxpaaaaap,500_minutes,330-390,360,Waterston_500_minutes_batch_1
GCAAACTTCACCTCGT-500.1.1,21,0.53052235,490,ASK,ABalpppapppa/ABpraaaapppa,500_minutes,450-510,490,Waterston_500_minutes_batch_1
GCAATCACAGATTGCT-500.1.1,19,0.116726495,350,,,500_minutes,330-390,350,Waterston_500_minutes_batch_1
GCACATATCGGCGCAT-500.1.1,9,0.42359543,585,ASE,ABalppppppaa/ABpraaapppaa,500_minutes,580-650,585,Waterston_500_minutes_batch_1
GCACTCTAGCGTGTCC-500.1.1,10,0.19163683,420,AUA,ABalpppppppp/ABpraaappppp,500_minutes,390-450,420,Waterston_500_minutes_batch_1
GCACTCTGTAAGGATT-500.1.1,0,0.49476302,450,AFD,ABalpppapav/ABpraaaapav,500_minutes,450-510,450,Waterston_500_minutes_batch_1
GCACTCTGTATAGGGC-500.1.1,13,0.24545345,380,ASH,ABpxpaappaa,500_minutes,330-390,380,Waterston_500_minutes_batch_1
GCACTCTGTCCATCCT-500.1.1,15,0.16265544,380,ASI_parent,ABpxaapappp,500_minutes,330-390,380,Waterston_500_minutes_batch_1
GCACTCTGTTCGTTGA-500.1.1,18,0.25409448,395,AWC,ABpxpaaaaap,500_minutes,390-450,395,Waterston_500_minutes_batch_1
GCACTCTTCGGAATCT-500.1.1,14,0.28657395,550,ADF,ABalpppppaa/ABpraaappaa,500_minutes,510-580,550,Waterston_500_minutes_batch_1
GCACTCTTCGTCCGTT-500.1.1,17,0.23197074,490,AWB,ABalpppppap/ABpraaappap,500_minutes,450-510,490,Waterston_500_minutes_batch_1
GCAGTTAGTACTCAAC-500.1.1,14,0.24382672,450,ADF,ABalpppppaa/ABpraaappaa,500_minutes,450-510,450,Waterston_500_minutes_batch_1
GCATACAAGGTAGCTG-500.1.1,20,0.7058521,550,ADL,ABalppppaad/ABpraaapaad,500_minutes,510-580,550,Waterston_500_minutes_batch_1
GCATACATCCGTCATC-500.1.1,18,0.40686953,440,AWC,ABpxpaaaaap,500_minutes,390-450,440,Waterston_500_minutes_batch_1
GCATGATAGAGGGATA-500.1.1,10,0.18782654,350,AUA,ABalpppppppp/ABpraaappppp,500_minutes,330-390,350,Waterston_500_minutes_batch_1
GCATGATAGTAGGCCA-500.1.1,20,0.7240255,550,ADL,ABalppppaad/ABpraaapaad,500_minutes,510-580,550,Waterston_500_minutes_batch_1
GCCTCTACATGCCTAA-500.1.1,13,0.5581482,625,ASH,ABpxpaappaa,500_minutes,580-650,625,Waterston_500_minutes_batch_1
GCGCAACCAGGCTCAC-500.1.1,5,0.17258815,360,ASK_parent,ABalpppappp/ABpraaaappp,500_minutes,330-390,360,Waterston_500_minutes_batch_1
GCGCAACGTTTGTGTG-500.1.1,21,0.584461,550,ASK,ABalpppapppa/ABpraaaapppa,500_minutes,510-580,550,Waterston_500_minutes_batch_1
GCGCGATAGGACCACA-500.1.1,17,0.17560668,395,AWB,ABalpppppap/ABpraaappap,500_minutes,390-450,395,Waterston_500_minutes_batch_1
GCGCGATCAAGTTCTG-500.1.1,0,0.39686286,415,AFD,ABalpppapav/ABpraaaapav,500_minutes,390-450,415,Waterston_500_minutes_batch_1
GCGCGATCAGGTTTCA-500.1.1,17,0.23826292,500,AWB,ABalpppppap/ABpraaappap,500_minutes,450-510,500,Waterston_500_minutes_batch_1
GCGCGATCATAGGATA-500.1.1,22,0.4304867,625,ASER,ABalppppppaa/ABpraaapppaa,500_minutes,580-650,625,Waterston_500_minutes_batch_1
GCGCGATTCCTATTCA-500.1.1,19,0.14093418,390,AWA,ABpxaapapaa,500_minutes,390-450,390,Waterston_500_minutes_batch_1
GCGGGTTGTTAAAGAC-500.1.1,13,0.26199752,405,ASH,ABpxpaappaa,500_minutes,390-450,405,Waterston_500_minutes_batch_1
GCTCCTAAGGAGTCTG-500.1.1,5,0.15503326,370,ASK_parent,ABalpppappp/ABpraaaappp,500_minutes,330-390,370,Waterston_500_minutes_batch_1
GCTCCTACAAGTAATG-500.1.1,17,0.2302067,490,AWB,ABalpppppap/ABpraaappap,500_minutes,450-510,490,Waterston_500_minutes_batch_1
GCTCTGTAGGATGGTC-500.1.1,14,0.27310684,490,ADF,ABalpppppaa/ABpraaappaa,500_minutes,450-510,490,Waterston_500_minutes_batch_1
GCTCTGTAGTTGTCGT-500.1.1,14,0.10470723,350,ADF_AWB,,500_minutes,330-390,350,Waterston_500_minutes_batch_1
GCTGCGACAGCGAACA-500.1.1,9,0.16991608,365,ASE_parent,ABalppppppa/ABpraaapppa,500_minutes,330-390,365,Waterston_500_minutes_batch_1
GCTGCGATCACGCGGT-500.1.1,21,0.52222776,490,ASK,ABalpppapppa/ABpraaaapppa,500_minutes,450-510,490,Waterston_500_minutes_batch_1
GCTGGGTCAAGACGTG-500.1.1,12,0.35189527,410,ADL,ABalppppaad/ABpraaapaad,500_minutes,390-450,410,Waterston_500_minutes_batch_1
GCTGGGTCACACAGAG-500.1.1,12,0.42861873,450,ADL,ABalppppaad/ABpraaapaad,500_minutes,450-510,450,Waterston_500_minutes_batch_1
GCTGGGTTCGCGGATC-500.1.1,9,0.3249052,450,ASE,ABalppppppaa/ABpraaapppaa,500_minutes,450-510,450,Waterston_500_minutes_batch_1
GCTTGAAAGTGGAGTC-500.1.1,24,0.64045006,620,ASJ,ABalpppppppa/ABpraaappppa,500_minutes,580-650,620,Waterston_500_minutes_batch_1
GCTTGAAAGTGGTCCC-500.1.1,14,0.2124276,415,ADF,ABalpppppaa/ABpraaappaa,500_minutes,390-450,415,Waterston_500_minutes_batch_1
GCTTGAAGTGAGTATA-500.1.1,18,0.6268756,630,AWC,ABpxpaaaaap,500_minutes,580-650,630,Waterston_500_minutes_batch_1
GCTTGAAGTTGCGCAC-500.1.1,13,0.3173656,450,ASH,ABpxpaappaa,500_minutes,450-510,450,Waterston_500_minutes_batch_1
GCTTGAATCCGTAGTA-500.1.1,5,0.19214794,375,ASK_parent,ABalpppappp/ABpraaaappp,500_minutes,330-390,375,Waterston_500_minutes_batch_1
GGAAAGCAGTCTCGGC-500.1.1,24,0.4761782,450,ASJ,ABalpppppppa/ABpraaappppa,500_minutes,450-510,450,Waterston_500_minutes_batch_1
GGAAAGCCAATCTGCA-500.1.1,22,0.43274242,670,ASEL,ABalppppppaa/ABpraaapppaa,500_minutes,> 650,670,Waterston_500_minutes_batch_1
GGAAAGCGTGCCTGCA-500.1.1,16,0.39315614,620,ASI,ABpxaapapppa,500_minutes,580-650,620,Waterston_500_minutes_batch_1
GGAAAGCTCGGTCCGA-500.1.1,0,0.58328974,510,AFD,ABalpppapav/ABpraaaapav,500_minutes,510-580,510,Waterston_500_minutes_batch_1
GGAACTTTCATCTGTT-500.1.1,18,0.6576422,620,AWC,ABpxpaaaaap,500_minutes,580-650,620,Waterston_500_minutes_batch_1
GGACAAGGTTACGACT-500.1.1,21,0.30829883,420,ASK,ABalpppapppa/ABpraaaapppa,500_minutes,390-450,420,Waterston_500_minutes_batch_1
GGACAAGTCCAAATGC-500.1.1,10,0.37149453,400,ASJ,ABalpppppppa/ABpraaappppa,500_minutes,390-450,400,Waterston_500_minutes_batch_1
GGACAGATCCGTTGCT-500.1.1,19,0.26894873,630,AWA,ABpxaapapaa,500_minutes,580-650,630,Waterston_500_minutes_batch_1
GGACATTAGCGATAGC-500.1.1,0,0.26808193,350,AFD,ABalpppapav/ABpraaaapav,500_minutes,330-390,350,Waterston_500_minutes_batch_1
GGACATTTCAGTGCAT-500.1.1,9,0.3986257,550,ASE,ABalppppppaa/ABpraaapppaa,500_minutes,510-580,550,Waterston_500_minutes_batch_1
GGACATTTCGTTTGCC-500.1.1,10,0.33785653,435,ASJ,ABalpppppppa/ABpraaappppa,500_minutes,390-450,435,Waterston_500_minutes_batch_1
GGACGTCGTGCTGTAT-500.1.1,24,0.5542487,470,ASJ,ABalpppppppa/ABpraaappppa,500_minutes,450-510,470,Waterston_500_minutes_batch_1
GGACGTCTCTAGCACA-500.1.1,18,0.30330774,420,AWC,ABpxpaaaaap,500_minutes,390-450,420,Waterston_500_minutes_batch_1
GGATTACTCTTAGCCC-500.1.1,17,0.21793367,450,AWB,ABalpppppap/ABpraaappap,500_minutes,450-510,450,Waterston_500_minutes_batch_1
GGCGACTAGGTAGCCA-500.1.1,19,0.14787936,385,AWA,ABpxaapapaa,500_minutes,330-390,385,Waterston_500_minutes_batch_1
GGCGACTTCTTCGGTC-500.1.1,9,0.39387083,550,ASE,ABalppppppaa/ABpraaapppaa,500_minutes,510-580,550,Waterston_500_minutes_batch_1
GGCTCGATCAATAAGG-500.1.1,21,0.39242116,450,ASK,ABalpppapppa/ABpraaaapppa,500_minutes,450-510,450,Waterston_500_minutes_batch_1
GGCTGGTAGCCACGTC-500.1.1,18,0.15113306,275,,,500_minutes,270-330,275,Waterston_500_minutes_batch_1
GGCTGGTAGCGATATA-500.1.1,5,0.15609886,365,ASK_parent,ABalpppappp/ABpraaaappp,500_minutes,330-390,365,Waterston_500_minutes_batch_1
GGGAATGCACCGAATT-500.1.1,22,0.40835974,700,ASEL,ABalppppppaa/ABpraaapppaa,500_minutes,> 650,700,Waterston_500_minutes_batch_1
GGGACCTAGATCCCGC-500.1.1,19,0.104876906,375,ASG_AWA,,500_minutes,330-390,375,Waterston_500_minutes_batch_1
GGGACCTGTGGGTCAA-500.1.1,23,0.33156943,620,ASG,ABpxaapapap,500_minutes,580-650,620,Waterston_500_minutes_batch_1
GGGACCTTCTACTATC-500.1.1,12,0.435524,450,ADL,ABalppppaad/ABpraaapaad,500_minutes,450-510,450,Waterston_500_minutes_batch_1
GGGAGATAGTAGGCCA-500.1.1,15,0.22885361,420,ASI,ABpxaapapppa,500_minutes,390-450,420,Waterston_500_minutes_batch_1
GGGAGATCATGCCCGA-500.1.1,14,0.2526194,490,ADF,ABalpppppaa/ABpraaappaa,500_minutes,450-510,490,Waterston_500_minutes_batch_1
GGGCACTGTTACGCGC-500.1.1,10,0.21907118,395,ASJ,ABalpppppppa/ABpraaappppa,500_minutes,390-450,395,Waterston_500_minutes_batch_1
GGGCATCGTCCGAACC-500.1.1,18,0.25818056,415,AWC,ABpxpaaaaap,500_minutes,390-450,415,Waterston_500_minutes_batch_1
GGGTTGCAGGTAGCCA-500.1.1,12,0.30570945,380,ADL,ABalppppaad/ABpraaapaad,500_minutes,330-390,380,Waterston_500_minutes_batch_1
GGGTTGCCATCAGTAC-500.1.1,19,0.17117111,415,AWA,ABpxaapapaa,500_minutes,390-450,415,Waterston_500_minutes_batch_1
GGGTTGCGTAGAGTGC-500.1.1,9,0.25147197,415,ASE,ABalppppppaa/ABpraaapppaa,500_minutes,390-450,415,Waterston_500_minutes_batch_1
GGGTTGCTCCCTCAGT-500.1.1,15,0.15732849,380,ASI_parent,ABpxaapappp,500_minutes,330-390,380,Waterston_500_minutes_batch_1
GGGTTGCTCTGCAGTA-500.1.1,21,0.34011564,425,ASK,ABalpppapppa/ABpraaaapppa,500_minutes,390-450,425,Waterston_500_minutes_batch_1
GGTATTGCATGTTCCC-500.1.1,18,0.24762787,405,AWC,ABpxpaaaaap,500_minutes,390-450,405,Waterston_500_minutes_batch_1
GGTATTGGTGCACTTA-500.1.1,13,0.5695899,670,ASH,ABpxpaappaa,500_minutes,> 650,670,Waterston_500_minutes_batch_1
GGTATTGTCAGGATCT-500.1.1,9,0.17470485,360,ASE_parent,ABalppppppa/ABpraaapppa,500_minutes,330-390,360,Waterston_500_minutes_batch_1
GGTGAAGCAGTTAACC-500.1.1,1,0.008552385,190,,,500_minutes,170-210,190,Waterston_500_minutes_batch_1
GGTGCGTCATAGTAAG-500.1.1,5,0.15278682,360,ASK_parent,ABalpppappp/ABpraaaappp,500_minutes,330-390,360,Waterston_500_minutes_batch_1
GGTGTTATCAGGATCT-500.1.1,20,0.7294871,550,ADL,ABalppppaad/ABpraaapaad,500_minutes,510-580,550,Waterston_500_minutes_batch_1
GTAACTGGTTCTGTTT-500.1.1,3,0.026030738,275,Neuroblast_ADF_AWB,ABalpppppa/ABpraaappa,500_minutes,270-330,275,Waterston_500_minutes_batch_1
GTACTCCGTCCCTACT-500.1.1,21,0.38738889,440,ASK,ABalpppapppa/ABpraaaapppa,500_minutes,390-450,440,Waterston_500_minutes_batch_1
GTACTTTGTAGAGCTG-500.1.1,22,0.4442861,635,ASER,ABalppppppaa/ABpraaapppaa,500_minutes,580-650,635,Waterston_500_minutes_batch_1
GTACTTTGTCAGGACA-500.1.1,14,0.31587195,700,ADF,ABalpppppaa/ABpraaappaa,500_minutes,> 650,700,Waterston_500_minutes_batch_1
GTACTTTGTTATCCGA-500.1.1,14,0.10593434,350,ADF_AWB,,500_minutes,330-390,350,Waterston_500_minutes_batch_1
GTAGTCACAAGCGAGT-500.1.1,9,0.35768196,550,ASE,ABalppppppaa/ABpraaapppaa,500_minutes,510-580,550,Waterston_500_minutes_batch_1
GTATTCTTCTGCAGTA-500.1.1,9,0.39756295,500,ASE,ABalppppppaa/ABpraaapppaa,500_minutes,450-510,500,Waterston_500_minutes_batch_1
GTCAAGTGTACTTGAC-500.1.1,14,0.16082463,390,ADF_AWB,,500_minutes,390-450,390,Waterston_500_minutes_batch_1
GTCATTTTCTCCCTGA-500.1.1,14,0.25010586,450,AWB,ABalpppppap/ABpraaappap,500_minutes,450-510,450,Waterston_500_minutes_batch_1
GTCCTCAAGGTGCAAC-500.1.1,10,0.18857424,450,AUA,ABalpppppppp/ABpraaappppp,500_minutes,450-510,450,Waterston_500_minutes_batch_1
GTCCTCAGTAGCTCCG-500.1.1,17,0.20658453,450,AWB,ABalpppppap/ABpraaappap,500_minutes,450-510,450,Waterston_500_minutes_batch_1
GTCCTCAGTTGCCTCT-500.1.1,18,0.22168772,360,AWC,ABpxpaaaaap,500_minutes,330-390,360,Waterston_500_minutes_batch_1
GTCGGGTCACGCTTTC-500.1.1,0,0.65628046,585,AFD,ABalpppapav/ABpraaaapav,500_minutes,580-650,585,Waterston_500_minutes_batch_1
GTCGTAACATCCTTGC-500.1.1,20,0.79135126,620,ADL,ABalppppaad/ABpraaapaad,500_minutes,580-650,620,Waterston_500_minutes_batch_1
GTCTCGTTCTTGAGGT-500.1.1,13,0.51905894,550,ASH,ABpxpaappaa,500_minutes,510-580,550,Waterston_500_minutes_batch_1
GTCTTCGTCGCTGATA-500.1.1,10,0.19766656,390,AUA,ABalpppppppp/ABpraaappppp,500_minutes,390-450,390,Waterston_500_minutes_batch_1
GTGAAGGGTTATTCTC-500.1.1,19,0.20365939,450,ASG,ABpxaapapap,500_minutes,450-510,450,Waterston_500_minutes_batch_1
GTGCAGCGTGACGCCT-500.1.1,21,0.72140765,700,ASK,ABalpppapppa/ABpraaaapppa,500_minutes,> 650,700,Waterston_500_minutes_batch_1
GTGCAGCTCGTTACGA-500.1.1,24,0.47808704,450,ASJ,ABalpppppppa/ABpraaappppa,500_minutes,450-510,450,Waterston_500_minutes_batch_1
GTGCATATCTCGGACG-500.1.1,19,0.1971981,440,AWA,ABpxaapapaa,500_minutes,390-450,440,Waterston_500_minutes_batch_1
GTGCTTCGTGATAAAC-500.1.1,17,0.24249575,410,AWB,ABalpppppap/ABpraaappap,500_minutes,390-450,410,Waterston_500_minutes_batch_1
GTGCTTCGTTGCGTTA-500.1.1,21,0.5387261,510,ASK,ABalpppapppa/ABpraaaapppa,500_minutes,510-580,510,Waterston_500_minutes_batch_1
GTGCTTCTCCGCGTTT-500.1.1,15,0.21908148,410,ASI,ABpxaapapppa,500_minutes,390-450,410,Waterston_500_minutes_batch_1
GTGGGTCAGGACTGGT-500.1.1,14,0.2244618,490,ADF,ABalpppppaa/ABpraaappaa,500_minutes,450-510,490,Waterston_500_minutes_batch_1
GTGGGTCCAACACGCC-500.1.1,18,0.6250844,620,AWC,ABpxpaaaaap,500_minutes,580-650,620,Waterston_500_minutes_batch_1
GTGGGTCTCGTTACAG-500.1.1,0,0.24957113,350,AFD,ABalpppapav/ABpraaaapav,500_minutes,330-390,350,Waterston_500_minutes_batch_1
GTGTGCGAGGGTGTTG-500.1.1,18,0.46584833,490,AWC,ABpxpaaaaap,500_minutes,450-510,490,Waterston_500_minutes_batch_1
GTGTTAGAGGGTCTCC-500.1.1,20,0.6437508,520,ADL,ABalppppaad/ABpraaapaad,500_minutes,510-580,520,Waterston_500_minutes_batch_1
GTGTTAGTCAACTCTT-500.1.1,23,0.3441759,635,ASG,ABpxaapapap,500_minutes,580-650,635,Waterston_500_minutes_batch_1
GTGTTAGTCGTTACGA-500.1.1,17,0.19652317,420,AWB,ABalpppppap/ABpraaappap,500_minutes,390-450,420,Waterston_500_minutes_batch_1
GTTAAGCAGTCAAGGC-500.1.1,5,0.16480434,360,ASK_parent,ABalpppappp/ABpraaaappp,500_minutes,330-390,360,Waterston_500_minutes_batch_1
GTTAAGCCAACGCACC-500.1.1,23,0.24119012,450,ASG,ABpxaapapap,500_minutes,450-510,450,Waterston_500_minutes_batch_1
GTTAAGCTCACAGGCC-500.1.1,14,0.2852208,530,ADF,ABalpppppaa/ABpraaappaa,500_minutes,510-580,530,Waterston_500_minutes_batch_1
GTTACAGAGTGTACGG-500.1.1,17,0.24594155,620,AWB,ABalpppppap/ABpraaappap,500_minutes,580-650,620,Waterston_500_minutes_batch_1
TAAACCGGTCTGCGGT-500.1.1,9,0.28235614,470,ASE,ABalppppppaa/ABpraaapppaa,500_minutes,450-510,470,Waterston_500_minutes_batch_1
TAAGAGATCCAAGCCG-500.1.1,5,0.17106135,350,,,500_minutes,330-390,350,Waterston_500_minutes_batch_1
TAAGCGTCAGTAAGAT-500.1.1,14,0.19776385,420,ADF,ABalpppppaa/ABpraaappaa,500_minutes,390-450,420,Waterston_500_minutes_batch_1
TAAGCGTGTAATTGGA-500.1.1,13,0.23563355,370,ASH,ABpxpaappaa,500_minutes,330-390,370,Waterston_500_minutes_batch_1
TACACGATCCACTCCA-500.1.1,23,0.24575667,450,ASG,ABpxaapapap,500_minutes,450-510,450,Waterston_500_minutes_batch_1
TACAGTGAGTGTTAGA-500.1.1,14,0.20206733,415,ADF,ABalpppppaa/ABpraaappaa,500_minutes,390-450,415,Waterston_500_minutes_batch_1
TACAGTGCAACTGGCC-500.1.1,0,0.33669692,390,AFD,ABalpppapav/ABpraaaapav,500_minutes,390-450,390,Waterston_500_minutes_batch_1
TACCTATTCTCGGACG-500.1.1,0,0.58431023,550,AFD,ABalpppapav/ABpraaaapav,500_minutes,510-580,550,Waterston_500_minutes_batch_1
TACCTTAGTAGAGGAA-500.1.1,0,0.39958662,420,AFD,ABalpppapav/ABpraaaapav,500_minutes,390-450,420,Waterston_500_minutes_batch_1
TACCTTAGTGGTACAG-500.1.1,19,0.23954976,490,AWA,ABpxaapapaa,500_minutes,450-510,490,Waterston_500_minutes_batch_1
TACGGTAAGAGTACAT-500.1.1,0,0.49422622,550,AFD,ABalpppapav/ABpraaaapav,500_minutes,510-580,550,Waterston_500_minutes_batch_1
TACGGTACATCCCATC-500.1.1,0,0.7312943,670,AFD,ABalpppapav/ABpraaaapav,500_minutes,> 650,670,Waterston_500_minutes_batch_1
TACGGTATCTTGTATC-500.1.1,12,0.3496746,375,ADL,ABalppppaad/ABpraaapaad,500_minutes,330-390,375,Waterston_500_minutes_batch_1
TACTCATAGCCACCTG-500.1.1,13,0.54915977,640,ASH,ABpxpaappaa,500_minutes,580-650,640,Waterston_500_minutes_batch_1
TACTCATCACCAGGTC-500.1.1,18,0.44998884,440,AWC,ABpxpaaaaap,500_minutes,390-450,440,Waterston_500_minutes_batch_1
TACTCATTCTACTTAC-500.1.1,18,0.2473716,420,AUA,ABalpppppppp/ABpraaappppp,500_minutes,390-450,420,Waterston_500_minutes_batch_1
TACTCGCTCAAGAAGT-500.1.1,18,0.6713952,585,AWC,ABpxpaaaaap,500_minutes,580-650,585,Waterston_500_minutes_batch_1
TAGACCACATGGGACA-500.1.1,0,0.3174202,360,AFD,ABalpppapav/ABpraaaapav,500_minutes,330-390,360,Waterston_500_minutes_batch_1
TAGACCATCTCGCATC-500.1.1,18,0.62299937,585,AWC,ABpxpaaaaap,500_minutes,580-650,585,Waterston_500_minutes_batch_1
TAGAGCTAGTATGACA-500.1.1,5,0.21157965,390,ASK,ABalpppapppa/ABpraaaapppa,500_minutes,390-450,390,Waterston_500_minutes_batch_1
TAGAGCTGTCGTCTTC-500.1.1,17,0.23476113,450,AWB,ABalpppppap/ABpraaappap,500_minutes,450-510,450,Waterston_500_minutes_batch_1
TAGCCGGGTGAGTATA-500.1.1,13,0.2263183,360,,,500_minutes,330-390,360,Waterston_500_minutes_batch_1
TAGGCATGTATTAGCC-500.1.1,14,0.31029955,640,ADF,ABalpppppaa/ABpraaappaa,500_minutes,580-650,640,Waterston_500_minutes_batch_1
TAGGCATTCATCTGCC-500.1.1,12,0.440113,450,ADL,ABalppppaad/ABpraaapaad,500_minutes,450-510,450,Waterston_500_minutes_batch_1
TAGTGGTGTTTGGCGC-500.1.1,21,0.5324085,490,ASK,ABalpppapppa/ABpraaaapppa,500_minutes,450-510,490,Waterston_500_minutes_batch_1
TAGTGGTTCAGTCAGT-500.1.1,13,0.49682027,550,ASH,ABpxpaappaa,500_minutes,510-580,550,Waterston_500_minutes_batch_1
TAGTTGGAGGAGTAGA-500.1.1,13,0.47478154,550,ASH,ABpxpaappaa,500_minutes,510-580,550,Waterston_500_minutes_batch_1
TAGTTGGTCGGTTCGG-500.1.1,9,0.2588338,435,ASE,ABalppppppaa/ABpraaapppaa,500_minutes,390-450,435,Waterston_500_minutes_batch_1
TATCAGGAGTGAACAT-500.1.1,10,0.2688419,400,ASJ,ABalpppppppa/ABpraaappppa,500_minutes,390-450,400,Waterston_500_minutes_batch_1
TATCAGGCATCAGTAC-500.1.1,17,0.2525636,620,AWB,ABalpppppap/ABpraaappap,500_minutes,580-650,620,Waterston_500_minutes_batch_1
TATCTCAAGTACGCGA-500.1.1,0,0.30057487,375,AFD,ABalpppapav/ABpraaaapav,500_minutes,330-390,375,Waterston_500_minutes_batch_1
TATCTCACACGGATAG-500.1.1,12,0.29322213,380,ADL,ABalppppaad/ABpraaapaad,500_minutes,330-390,380,Waterston_500_minutes_batch_1
TATCTCAGTGATGTCT-500.1.1,0,0.45659614,450,AFD,ABalpppapav/ABpraaaapav,500_minutes,450-510,450,Waterston_500_minutes_batch_1
TATTACCGTCTCTTTA-500.1.1,19,0.13504697,380,ASG_AWA,,500_minutes,330-390,380,Waterston_500_minutes_batch_1
TATTACCGTTATCACG-500.1.1,19,0.27115005,620,AWA,ABpxaapapaa,500_minutes,580-650,620,Waterston_500_minutes_batch_1
TCACGAAAGTGCCAGA-500.1.1,13,0.16012284,360,ASG_AWA,,500_minutes,330-390,360,Waterston_500_minutes_batch_1
TCACGAACAATAAGCA-500.1.1,18,0.6159917,620,AWC,ABpxpaaaaap,500_minutes,580-650,620,Waterston_500_minutes_batch_1
TCACGAAGTAAGTGTA-500.1.1,18,0.47578114,450,AWC,ABpxpaaaaap,500_minutes,450-510,450,Waterston_500_minutes_batch_1
TCACGAATCCAGAAGG-500.1.1,14,0.23957567,450,ADF,ABalpppppaa/ABpraaappaa,500_minutes,450-510,450,Waterston_500_minutes_batch_1
TCAGATGAGACTTGAA-500.1.1,21,0.73595226,630,ASK,ABalpppapppa/ABpraaaapppa,500_minutes,580-650,630,Waterston_500_minutes_batch_1
TCAGCAACACGAAATA-500.1.1,10,0.18691936,420,AUA,ABalpppppppp/ABpraaappppp,500_minutes,390-450,420,Waterston_500_minutes_batch_1
TCAGCAATCGCAAGCC-500.1.1,21,0.70745933,630,ASK,ABalpppapppa/ABpraaaapppa,500_minutes,580-650,630,Waterston_500_minutes_batch_1
TCAGCTCAGAGTGAGA-500.1.1,10,0.19144467,360,AUA,ABalpppppppp/ABpraaappppp,500_minutes,330-390,360,Waterston_500_minutes_batch_1
TCAGCTCCACACAGAG-500.1.1,0,0.60348743,550,AFD,ABalpppapav/ABpraaaapav,500_minutes,510-580,550,Waterston_500_minutes_batch_1
TCAGGATTCTTCCTTC-500.1.1,12,0.6022654,450,ADL,ABalppppaad/ABpraaapaad,500_minutes,450-510,450,Waterston_500_minutes_batch_1
TCAGGTACACATCCGG-500.1.1,5,0.13021804,360,ASK_parent,ABalpppappp/ABpraaaappp,500_minutes,330-390,360,Waterston_500_minutes_batch_1
TCAGGTAGTCATCCCT-500.1.1,23,0.2964825,530,ASG,ABpxaapapap,500_minutes,510-580,530,Waterston_500_minutes_batch_1
TCCACACCACGGTAGA-500.1.1,21,0.62759227,585,ASK,ABalpppapppa/ABpraaaapppa,500_minutes,580-650,585,Waterston_500_minutes_batch_1
TCCCGATCACAACGTT-500.1.1,19,0.16724645,410,AWA,ABpxaapapaa,500_minutes,390-450,410,Waterston_500_minutes_batch_1
TCGCGAGAGAAGGACA-500.1.1,24,0.5647797,470,ASJ,ABalpppppppa/ABpraaappppa,500_minutes,450-510,470,Waterston_500_minutes_batch_1
TCGCGAGGTCCGTTAA-500.1.1,14,0.24673308,490,ADF,ABalpppppaa/ABpraaappaa,500_minutes,450-510,490,Waterston_500_minutes_batch_1
TCGGGACAGACTAGAT-500.1.1,14,0.14908221,385,AWB,ABalpppppap/ABpraaappap,500_minutes,330-390,385,Waterston_500_minutes_batch_1
TCGGTAAAGGCATTGG-500.1.1,16,0.42388478,550,ASI,ABpxaapapppa,500_minutes,510-580,550,Waterston_500_minutes_batch_1
TCGGTAAGTCAAGCGA-500.1.1,12,0.36231077,420,ADL,ABalppppaad/ABpraaapaad,500_minutes,390-450,420,Waterston_500_minutes_batch_1
TCGTACCAGCGCCTTG-500.1.1,10,0.1910158,390,AUA,ABalpppppppp/ABpraaappppp,500_minutes,390-450,390,Waterston_500_minutes_batch_1
TCGTACCAGGGATGGG-500.1.1,15,0.30826107,450,ASI,ABpxaapapppa,500_minutes,450-510,450,Waterston_500_minutes_batch_1
TCGTACCCAGAAGCAC-500.1.1,12,0.5413085,450,ADL,ABalppppaad/ABpraaapaad,500_minutes,450-510,450,Waterston_500_minutes_batch_1
TCGTACCCATCCCATC-500.1.1,17,0.19274737,420,AWB,ABalpppppap/ABpraaappap,500_minutes,390-450,420,Waterston_500_minutes_batch_1
TCTATTGCAAGTACCT-500.1.1,0,0.65800744,550,AFD,ABalpppapav/ABpraaaapav,500_minutes,510-580,550,Waterston_500_minutes_batch_1
TCTCATACATTTGCTT-500.1.1,20,0.78757226,550,ADL,ABalppppaad/ABpraaapaad,500_minutes,510-580,550,Waterston_500_minutes_batch_1
TCTCATAGTGACGCCT-500.1.1,19,0.14150625,380,ASG_AWA,,500_minutes,330-390,380,Waterston_500_minutes_batch_1
TCTCATATCGTTACAG-500.1.1,9,0.27281427,420,ASE,ABalppppppaa/ABpraaapppaa,500_minutes,390-450,420,Waterston_500_minutes_batch_1
TCTCTAAGTAGCGATG-500.1.1,9,0.27876198,410,ASE,ABalppppppaa/ABpraaapppaa,500_minutes,390-450,410,Waterston_500_minutes_batch_1
TCTCTAAGTCATATCG-500.1.1,14,0.29793817,585,ADF,ABalpppppaa/ABpraaappaa,500_minutes,580-650,585,Waterston_500_minutes_batch_1
TCTGAGAGTCAGTGGA-500.1.1,20,0.8092681,640,ADL,ABalppppaad/ABpraaapaad,500_minutes,580-650,640,Waterston_500_minutes_batch_1
TCTGAGAGTTCAGGCC-500.1.1,10,0.18774779,355,AUA,ABalpppppppp/ABpraaappppp,500_minutes,330-390,355,Waterston_500_minutes_batch_1
TGAAAGACATGCATGT-500.1.1,0,0.2812968,355,AFD,ABalpppapav/ABpraaaapav,500_minutes,330-390,355,Waterston_500_minutes_batch_1
TGAAAGATCGAGGTAG-500.1.1,13,0.245311,370,ASH,ABpxpaappaa,500_minutes,330-390,370,Waterston_500_minutes_batch_1
TGACAACAGAACAACT-500.1.1,5,0.124121,330,ASK_parent,ABalpppappp/ABpraaaappp,500_minutes,330-390,330,Waterston_500_minutes_batch_1
TGACAACAGCCCTAAT-500.1.1,10,0.19948667,320,,,500_minutes,270-330,320,Waterston_500_minutes_batch_1
TGACGGCCAGGATCGA-500.1.1,21,0.5836584,510,ASK,ABalpppapppa/ABpraaaapppa,500_minutes,510-580,510,Waterston_500_minutes_batch_1
TGACGGCCAGGGTTAG-500.1.1,0,0.7529119,640,AFD,ABalpppapav/ABpraaaapav,500_minutes,580-650,640,Waterston_500_minutes_batch_1
TGACGGCTCTCGTTTA-500.1.1,18,0.7039992,635,AWC,ABpxpaaaaap,500_minutes,580-650,635,Waterston_500_minutes_batch_1
TGACTAGCATGTTGAC-500.1.1,12,0.5878234,450,ADL,ABalppppaad/ABpraaapaad,500_minutes,450-510,450,Waterston_500_minutes_batch_1
TGACTAGTCTGCGGCA-500.1.1,17,0.23047079,500,AWB,ABalpppppap/ABpraaappap,500_minutes,450-510,500,Waterston_500_minutes_batch_1
TGACTTTAGGTGTGGT-500.1.1,14,0.14248025,380,,,500_minutes,330-390,380,Waterston_500_minutes_batch_1
TGACTTTAGTGAACAT-500.1.1,14,0.19910531,420,ADF,ABalpppppaa/ABpraaappaa,500_minutes,390-450,420,Waterston_500_minutes_batch_1
TGAGCATCATGCCTTC-500.1.1,5,0.12270727,335,ASK_parent,ABalpppappp/ABpraaaappp,500_minutes,330-390,335,Waterston_500_minutes_batch_1
TGAGCCGAGGGCATGT-500.1.1,23,0.24711795,450,ASG,ABpxaapapap,500_minutes,450-510,450,Waterston_500_minutes_batch_1
TGATTTCAGGACAGAA-500.1.1,9,0.329446,470,ASE,ABalppppppaa/ABpraaapppaa,500_minutes,450-510,470,Waterston_500_minutes_batch_1
TGATTTCGTGGTACAG-500.1.1,12,0.5503857,450,ADL,ABalppppaad/ABpraaapaad,500_minutes,450-510,450,Waterston_500_minutes_batch_1
TGCACCTTCATGCAAC-500.1.1,14,0.29243192,520,ADF,ABalpppppaa/ABpraaappaa,500_minutes,510-580,520,Waterston_500_minutes_batch_1
TGCACCTTCTGAGTGT-500.1.1,19,0.21591274,450,AWA,ABpxaapapaa,500_minutes,450-510,450,Waterston_500_minutes_batch_1
TGCCAAACAAGTAATG-500.1.1,16,0.45424658,620,ASI,ABpxaapapppa,500_minutes,580-650,620,Waterston_500_minutes_batch_1
TGCCCATCACCGCTAG-500.1.1,2,0.045869224,260,Neuroblast_ASE_ASJ_AUA,ABalpppppp/ABpraaappp,500_minutes,210-270,260,Waterston_500_minutes_batch_1
TGCCCTAGTGTGCGTC-500.1.1,10,0.17984195,335,Neuroblast_ASJ_AUA,ABalppppppp/ABpraaapppp,500_minutes,330-390,335,Waterston_500_minutes_batch_1
TGCCCTATCACTTATC-500.1.1,19,0.13592553,375,ASG_AWA,,500_minutes,330-390,375,Waterston_500_minutes_batch_1
TGCGCAGTCAGCTTAG-500.1.1,0,0.4181913,390,AFD,ABalpppapav/ABpraaaapav,500_minutes,390-450,390,Waterston_500_minutes_batch_1
TGCGGGTGTGGTGTAG-500.1.1,14,0.30272412,620,ADF,ABalpppppaa/ABpraaappaa,500_minutes,580-650,620,Waterston_500_minutes_batch_1
TGCGTGGAGTGTTTGC-500.1.1,19,0.17517088,440,ASG,ABpxaapapap,500_minutes,390-450,440,Waterston_500_minutes_batch_1
TGCGTGGTCCCAACGG-500.1.1,12,0.50565135,450,ADL,ABalppppaad/ABpraaapaad,500_minutes,450-510,450,Waterston_500_minutes_batch_1
TGCTACCAGTGTGGCA-500.1.1,17,0.2059471,425,AWB,ABalpppppap/ABpraaappap,500_minutes,390-450,425,Waterston_500_minutes_batch_1
TGCTACCGTGTGCCTG-500.1.1,10,0.19250722,435,AUA,ABalpppppppp/ABpraaappppp,500_minutes,390-450,435,Waterston_500_minutes_batch_1
TGCTACCTCTATCCCG-500.1.1,19,0.1393486,380,AWA,ABpxaapapaa,500_minutes,330-390,380,Waterston_500_minutes_batch_1
TGCTACCTCTGGTATG-500.1.1,12,0.3381818,390,ADL,ABalppppaad/ABpraaapaad,500_minutes,390-450,390,Waterston_500_minutes_batch_1
TGCTGCTGTAGGAGTC-500.1.1,9,0.32931715,450,ASE,ABalppppppaa/ABpraaapppaa,500_minutes,450-510,450,Waterston_500_minutes_batch_1
TGCTGCTGTCTCCATC-500.1.1,24,0.59250945,490,ASJ,ABalpppppppa/ABpraaappppa,500_minutes,450-510,490,Waterston_500_minutes_batch_1
TGCTGCTTCTGTCCGT-500.1.1,14,0.14193684,370,ADF_AWB,,500_minutes,330-390,370,Waterston_500_minutes_batch_1
TGGACGCCAGTATGCT-500.1.1,21,0.5306673,490,ASK,ABalpppapppa/ABpraaaapppa,500_minutes,450-510,490,Waterston_500_minutes_batch_1
TGGCGCAAGAAGGTGA-500.1.1,9,0.25307885,410,ASE,ABalppppppaa/ABpraaapppaa,500_minutes,390-450,410,Waterston_500_minutes_batch_1
TGGGAAGAGACTCGGA-500.1.1,24,0.6680031,550,ASJ,ABalpppppppa/ABpraaappppa,500_minutes,510-580,550,Waterston_500_minutes_batch_1
TGGGAAGGTCTAGTGT-500.1.1,19,0.24195158,550,AWA,ABpxaapapaa,500_minutes,510-580,550,Waterston_500_minutes_batch_1
TGGGCGTGTGATAAAC-500.1.1,10,0.27862087,390,ASJ,ABalpppppppa/ABpraaappppa,500_minutes,390-450,390,Waterston_500_minutes_batch_1
TGGGCGTGTGTCAATC-500.1.1,19,0.25310716,550,AWA,ABpxaapapaa,500_minutes,510-580,550,Waterston_500_minutes_batch_1
TGGTTAGAGAGAACAG-500.1.1,14,0.23716512,450,ADF,ABalpppppaa/ABpraaappaa,500_minutes,450-510,450,Waterston_500_minutes_batch_1
TGGTTAGAGGCATGTG-500.1.1,21,0.37075415,440,ASK,ABalpppapppa/ABpraaaapppa,500_minutes,390-450,440,Waterston_500_minutes_batch_1
TGGTTCCCACATTAGC-500.1.1,19,0.14556211,385,ASG_AWA,,500_minutes,330-390,385,Waterston_500_minutes_batch_1
TGGTTCCCACTAAGTC-500.1.1,9,0.25393906,385,ASE,ABalppppppaa/ABpraaapppaa,500_minutes,330-390,385,Waterston_500_minutes_batch_1
TGGTTCCGTATCTGCA-500.1.1,10,0.1900325,510,AUA,ABalpppppppp/ABpraaappppp,500_minutes,510-580,510,Waterston_500_minutes_batch_1
TGTATTCTCGGATGTT-500.1.1,17,0.22598696,490,AWB,ABalpppppap/ABpraaappap,500_minutes,450-510,490,Waterston_500_minutes_batch_1
TGTCCCAGTTCGGGCT-500.1.1,23,0.25807145,550,ASG,ABpxaapapap,500_minutes,510-580,550,Waterston_500_minutes_batch_1
TGTGGTACACCCATGG-500.1.1,13,0.56869245,700,ASH,ABpxpaappaa,500_minutes,> 650,700,Waterston_500_minutes_batch_1
TGTGGTACAGTAAGCG-500.1.1,9,0.37864885,450,ASE,ABalppppppaa/ABpraaapppaa,500_minutes,450-510,450,Waterston_500_minutes_batch_1
TGTGGTAGTTCTCATT-500.1.1,13,0.40304157,430,ASH,ABpxpaappaa,500_minutes,390-450,430,Waterston_500_minutes_batch_1
TGTGGTATCAGTCAGT-500.1.1,12,0.48244593,450,ADL,ABalppppaad/ABpraaapaad,500_minutes,450-510,450,Waterston_500_minutes_batch_1
TGTGTTTGTTGAGGTG-500.1.1,6,0.16338769,245,,,500_minutes,210-270,245,Waterston_500_minutes_batch_1
TGTTCCGCAATCTACG-500.1.1,18,0.47053376,450,AWC,ABpxpaaaaap,500_minutes,450-510,450,Waterston_500_minutes_batch_1
TTAACTCTCTCTAAGG-500.1.1,17,0.18795395,405,AWB,ABalpppppap/ABpraaappap,500_minutes,390-450,405,Waterston_500_minutes_batch_1
TTAACTCTCTTAGCCC-500.1.1,14,0.23541315,450,ADF,ABalpppppaa/ABpraaappaa,500_minutes,450-510,450,Waterston_500_minutes_batch_1
TTAGGACTCAGAGGTG-500.1.1,19,0.16540918,410,ASG,ABpxaapapap,500_minutes,390-450,410,Waterston_500_minutes_batch_1
TTATGCTAGCTACCGC-500.1.1,13,0.5497311,625,ASH,ABpxpaappaa,500_minutes,580-650,625,Waterston_500_minutes_batch_1
TTATGCTGTCACTGGC-500.1.1,0,0.6615052,550,AFD,ABalpppapav/ABpraaaapav,500_minutes,510-580,550,Waterston_500_minutes_batch_1
TTCGAAGCACACCGAC-500.1.1,19,0.26726454,585,AWA,ABpxaapapaa,500_minutes,580-650,585,Waterston_500_minutes_batch_1
TTCGAAGCATTGGCGC-500.1.1,15,0.15329634,375,ASI_parent,ABpxaapappp,500_minutes,330-390,375,Waterston_500_minutes_batch_1
TTCGAAGGTATTACCG-500.1.1,17,0.18834907,410,AWB,ABalpppppap/ABpraaappap,500_minutes,390-450,410,Waterston_500_minutes_batch_1
TTCGAAGGTTACCAGT-500.1.1,10,0.18962231,390,AUA,ABalpppppppp/ABpraaappppp,500_minutes,390-450,390,Waterston_500_minutes_batch_1
TTCGGTCTCTCTGCTG-500.1.1,20,0.7073206,550,ADL,ABalppppaad/ABpraaapaad,500_minutes,510-580,550,Waterston_500_minutes_batch_1
TTCTACACATAAAGGT-500.1.1,16,0.3973343,585,ASI,ABpxaapapppa,500_minutes,580-650,585,Waterston_500_minutes_batch_1
TTCTCAAAGTCATGCT-500.1.1,0,0.6117156,550,AFD,ABalpppapav/ABpraaaapav,500_minutes,510-580,550,Waterston_500_minutes_batch_1
TTCTCAACATGTTGAC-500.1.1,15,0.13005838,380,ASI_parent,ABpxaapappp,500_minutes,330-390,380,Waterston_500_minutes_batch_1
TTCTTAGCACAAGCCC-500.1.1,21,0.41271433,450,ASK,ABalpppapppa/ABpraaaapppa,500_minutes,450-510,450,Waterston_500_minutes_batch_1
TTCTTAGGTCAAACTC-500.1.1,5,0.20138705,375,ASK_parent,ABalpppappp/ABpraaaappp,500_minutes,330-390,375,Waterston_500_minutes_batch_1
TTCTTAGTCTCACATT-500.1.1,20,0.79490495,620,ADL,ABalppppaad/ABpraaapaad,500_minutes,580-650,620,Waterston_500_minutes_batch_1
TTGAACGCACACGCTG-500.1.1,17,0.17502905,420,AWB,ABalpppppap/ABpraaappap,500_minutes,390-450,420,Waterston_500_minutes_batch_1
TTGCCGTCATCCAACA-500.1.1,18,0.4722867,470,AWC,ABpxpaaaaap,500_minutes,450-510,470,Waterston_500_minutes_batch_1
TTGCGTCCAAAGTCAA-500.1.1,19,0.1310253,345,ASG_AWA,,500_minutes,330-390,345,Waterston_500_minutes_batch_1
TTGCGTCGTCACACGC-500.1.1,12,0.28093055,320,ADL_parent,ABalppppaa/ABpraaapaa,500_minutes,270-330,320,Waterston_500_minutes_batch_1
TTTGCGCGTACCATCA-500.1.1,21,0.347479,435,ASK,ABalpppapppa/ABpraaaapppa,500_minutes,390-450,435,Waterston_500_minutes_batch_1
TTTGCGCTCTCTGCTG-500.1.1,14,0.30128995,550,ADF,ABalpppppaa/ABpraaappaa,500_minutes,510-580,550,Waterston_500_minutes_batch_1
TTTGGTTCAATGGATA-500.1.1,17,0.22560689,450,AWB,ABalpppppap/ABpraaappap,500_minutes,450-510,450,Waterston_500_minutes_batch_1
TTTGTCAAGCCAGGAT-500.1.1,18,0.2941902,415,AWC,ABpxpaaaaap,500_minutes,390-450,415,Waterston_500_minutes_batch_1
TTTGTCAAGGTGGGTT-500.1.1,20,0.8668476,700,ADL,ABalppppaad/ABpraaapaad,500_minutes,> 650,700,Waterston_500_minutes_batch_1
AAACCTGGTACCATCA-500.1.2,19,0.26824966,585,AWA,ABpxaapapaa,500_minutes,580-650,585,Waterston_500_minutes_batch_1
AAACCTGGTAGCCTCG-500.1.2,18,0.38441887,415,AWC,ABpxpaaaaap,500_minutes,390-450,415,Waterston_500_minutes_batch_1
AAACCTGGTTCGTGAT-500.1.2,9,0.28701514,450,ASE,ABalppppppaa/ABpraaapppaa,500_minutes,450-510,450,Waterston_500_minutes_batch_1
AAAGATGCATACTACG-500.1.2,23,0.25474235,490,ASG,ABpxaapapap,500_minutes,450-510,490,Waterston_500_minutes_batch_1
AAAGATGGTATTCTCT-500.1.2,24,0.5938391,520,ASJ,ABalpppppppa/ABpraaappppa,500_minutes,510-580,520,Waterston_500_minutes_batch_1
AAAGCAATCCCTAACC-500.1.2,17,0.19572899,420,AWB,ABalpppppap/ABpraaappap,500_minutes,390-450,420,Waterston_500_minutes_batch_1
AAAGTAGAGTAATCCC-500.1.2,21,0.69056726,620,ASK,ABalpppapppa/ABpraaaapppa,500_minutes,580-650,620,Waterston_500_minutes_batch_1
AACGTTGAGATCCCGC-500.1.2,16,0.41344503,620,ASG,ABpxaapapap,500_minutes,580-650,620,Waterston_500_minutes_batch_1
AACGTTGTCAGCGATT-500.1.2,0,0.75314987,630,AFD,ABalpppapav/ABpraaaapav,500_minutes,580-650,630,Waterston_500_minutes_batch_1
AACGTTGTCGTCCGTT-500.1.2,19,0.28007656,700,AWA,ABpxaapapaa,500_minutes,> 650,700,Waterston_500_minutes_batch_1
AACTCAGAGTGTACGG-500.1.2,15,0.16818227,385,ASI_parent,ABpxaapappp,500_minutes,330-390,385,Waterston_500_minutes_batch_1
AACTCCCTCATTGCGA-500.1.2,10,0.24106403,360,ASJ,ABalpppppppa/ABpraaappppa,500_minutes,330-390,360,Waterston_500_minutes_batch_1
AACTGGTGTTTGTTTC-500.1.2,18,0.6499109,585,AWC,ABpxpaaaaap,500_minutes,580-650,585,Waterston_500_minutes_batch_1
AAGCCGCTCCTTTCGG-500.1.2,20,0.90886146,670,ADL,ABalppppaad/ABpraaapaad,500_minutes,> 650,670,Waterston_500_minutes_batch_1
AAGGCAGGTATAATGG-500.1.2,14,0.15938725,410,ADF_AWB,,500_minutes,390-450,410,Waterston_500_minutes_batch_1
ACATCAGCACCATGTA-500.1.2,21,0.30309406,420,ASK,ABalpppapppa/ABpraaaapppa,500_minutes,390-450,420,Waterston_500_minutes_batch_1
ACATCAGCAGAAGCAC-500.1.2,23,0.30499113,550,ASG,ABpxaapapap,500_minutes,510-580,550,Waterston_500_minutes_batch_1
ACATGGTAGAGTGACC-500.1.2,22,0.45237607,700,ASER,ABalppppppaa/ABpraaapppaa,500_minutes,> 650,700,Waterston_500_minutes_batch_1
ACATGGTTCTCGTTTA-500.1.2,21,0.5375352,490,ASK,ABalpppapppa/ABpraaaapppa,500_minutes,450-510,490,Waterston_500_minutes_batch_1
ACCAGTAGTCAAACTC-500.1.2,20,0.76927465,550,ADL,ABalppppaad/ABpraaapaad,500_minutes,510-580,550,Waterston_500_minutes_batch_1
ACCAGTATCTGTTTGT-500.1.2,19,0.1367993,390,ASG_AWA,,500_minutes,390-450,390,Waterston_500_minutes_batch_1
ACCCACTAGTCGATAA-500.1.2,14,0.16952059,390,ADF_AWB,,500_minutes,390-450,390,Waterston_500_minutes_batch_1
ACGATACGTGGTAACG-500.1.2,23,0.3153163,510,ASG,ABpxaapapap,500_minutes,510-580,510,Waterston_500_minutes_batch_1
ACGCCAGCAACACCTA-500.1.2,0,0.2661341,395,AFD,ABalpppapav/ABpraaaapav,500_minutes,390-450,395,Waterston_500_minutes_batch_1
ACTATCTTCACTGGGC-500.1.2,15,0.19171658,410,ASI,ABpxaapapppa,500_minutes,390-450,410,Waterston_500_minutes_batch_1
ACTGAACCAAGTTAAG-500.1.2,9,0.40784916,630,ASE,ABalppppppaa/ABpraaapppaa,500_minutes,580-650,630,Waterston_500_minutes_batch_1
ACTGTCCTCAGAGGTG-500.1.2,21,0.49555302,510,ASK,ABalpppapppa/ABpraaaapppa,500_minutes,510-580,510,Waterston_500_minutes_batch_1
ACTTACTCACTTCGAA-500.1.2,19,0.27579752,620,AWA,ABpxaapapaa,500_minutes,580-650,620,Waterston_500_minutes_batch_1
ACTTACTCAGCCAATT-500.1.2,15,0.1478954,370,ASI_parent,ABpxaapappp,500_minutes,330-390,370,Waterston_500_minutes_batch_1
ACTTGTTCAAGCCGTC-500.1.2,5,0.17413715,375,ASK_parent,ABalpppappp/ABpraaaappp,500_minutes,330-390,375,Waterston_500_minutes_batch_1
AGAATAGAGCCGATTT-500.1.2,10,0.1936826,350,AUA,ABalpppppppp/ABpraaappppp,500_minutes,330-390,350,Waterston_500_minutes_batch_1
AGACGTTAGTGAAGTT-500.1.2,15,0.13808651,380,ASI_parent,ABpxaapappp,500_minutes,330-390,380,Waterston_500_minutes_batch_1
AGAGCTTCACCGAATT-500.1.2,19,0.1432203,390,AWA,ABpxaapapaa,500_minutes,390-450,390,Waterston_500_minutes_batch_1
AGAGTGGTCAAGAAGT-500.1.2,9,0.35739914,450,ASE,ABalppppppaa/ABpraaapppaa,500_minutes,450-510,450,Waterston_500_minutes_batch_1
AGATTGCCACCTATCC-500.1.2,13,0.5694967,700,ASH,ABpxpaappaa,500_minutes,> 650,700,Waterston_500_minutes_batch_1
AGCATACCACATTAGC-500.1.2,13,0.5542254,700,ASH,ABpxpaappaa,500_minutes,> 650,700,Waterston_500_minutes_batch_1
AGCGGTCCACCGTTGG-500.1.2,20,0.7749822,585,ADL,ABalppppaad/ABpraaapaad,500_minutes,580-650,585,Waterston_500_minutes_batch_1
AGCGGTCGTCTTGATG-500.1.2,13,0.34572512,450,ASH,ABpxpaappaa,500_minutes,450-510,450,Waterston_500_minutes_batch_1
AGCGGTCGTCTTGCGG-500.1.2,14,0.26126474,490,ADF,ABalpppppaa/ABpraaappaa,500_minutes,450-510,490,Waterston_500_minutes_batch_1
AGCGTCGAGCAGACTG-500.1.2,15,0.22873066,440,ASI,ABpxaapapppa,500_minutes,390-450,440,Waterston_500_minutes_batch_1
AGCTCTCAGTCCTCCT-500.1.2,5,0.24351121,420,ASK,ABalpppapppa/ABpraaaapppa,500_minutes,390-450,420,Waterston_500_minutes_batch_1
AGGCCACCACAGATTC-500.1.2,5,0.20963544,390,ASK,ABalpppapppa/ABpraaaapppa,500_minutes,390-450,390,Waterston_500_minutes_batch_1
AGGGAGTCAAATTGCC-500.1.2,0,0.6919328,550,AFD,ABalpppapav/ABpraaaapav,500_minutes,510-580,550,Waterston_500_minutes_batch_1
AGGGAGTCACCAGTTA-500.1.2,17,0.1799841,420,AWB,ABalpppppap/ABpraaappap,500_minutes,390-450,420,Waterston_500_minutes_batch_1
AGGGATGTCTATGTGG-500.1.2,13,0.49763548,550,ASH,ABpxpaappaa,500_minutes,510-580,550,Waterston_500_minutes_batch_1
AGGTCCGTCCCAACGG-500.1.2,16,0.44637445,640,ASI,ABpxaapapppa,500_minutes,580-650,640,Waterston_500_minutes_batch_1
AGTTGGTAGATCCGAG-500.1.2,0,0.21867663,350,AFD,ABalpppapav/ABpraaaapav,500_minutes,330-390,350,Waterston_500_minutes_batch_1
ATAACGCTCTCGATGA-500.1.2,24,0.6612682,550,ASJ,ABalpppppppa/ABpraaappppa,500_minutes,510-580,550,Waterston_500_minutes_batch_1
ATAAGAGCATGCAATC-500.1.2,18,0.5541265,550,AWC,ABpxpaaaaap,500_minutes,510-580,550,Waterston_500_minutes_batch_1
ATAAGAGGTTTACTCT-500.1.2,0,0.6258111,550,AFD,ABalpppapav/ABpraaaapav,500_minutes,510-580,550,Waterston_500_minutes_batch_1
ATCGAGTAGAGTCGGT-500.1.2,19,0.21279776,430,AWA,ABpxaapapaa,500_minutes,390-450,430,Waterston_500_minutes_batch_1
ATCGAGTAGCCCGAAA-500.1.2,9,0.26857337,420,ASE,ABalppppppaa/ABpraaapppaa,500_minutes,390-450,420,Waterston_500_minutes_batch_1
ATCTACTCAAGTAGTA-500.1.2,17,0.24329193,550,AWB,ABalpppppap/ABpraaappap,500_minutes,510-580,550,Waterston_500_minutes_batch_1
ATGCGATTCCAGATCA-500.1.2,16,0.4474633,550,ASI,ABpxaapapppa,500_minutes,510-580,550,Waterston_500_minutes_batch_1
ATTACTCCAGCAGTTT-500.1.2,11,0.1526686,230,,ABalppppaa/ABpraaapaa,500_minutes,210-270,230,Waterston_500_minutes_batch_1
ATTCTACGTCACTGGC-500.1.2,9,0.25057998,410,ASE,ABalppppppaa/ABpraaapppaa,500_minutes,390-450,410,Waterston_500_minutes_batch_1
ATTGGACCAAGCGCTC-500.1.2,10,0.36621493,400,ASJ,ABalpppppppa/ABpraaappppa,500_minutes,390-450,400,Waterston_500_minutes_batch_1
ATTGGTGCACAAGTAA-500.1.2,15,0.109207556,320,ASI_parent,ABpxaapappp,500_minutes,270-330,320,Waterston_500_minutes_batch_1
ATTTCTGCACTGAAGG-500.1.2,17,0.24408627,490,AWB,ABalpppppap/ABpraaappap,500_minutes,450-510,490,Waterston_500_minutes_batch_1
ATTTCTGTCGAGAGCA-500.1.2,21,0.4666424,510,ASK,ABalpppapppa/ABpraaaapppa,500_minutes,510-580,510,Waterston_500_minutes_batch_1
CAACCTCGTTAGAACA-500.1.2,10,0.20370896,350,ASJ,ABalpppppppa/ABpraaappppa,500_minutes,330-390,350,Waterston_500_minutes_batch_1
CAAGTTGCAGCTGGCT-500.1.2,17,0.24948551,625,AWB,ABalpppppap/ABpraaappap,500_minutes,580-650,625,Waterston_500_minutes_batch_1
CACACAAAGATATGGT-500.1.2,9,0.37817222,500,ASE,ABalppppppaa/ABpraaapppaa,500_minutes,450-510,500,Waterston_500_minutes_batch_1
CACCACTTCTGATTCT-500.1.2,13,0.5099724,550,ASH,ABpxpaappaa,500_minutes,510-580,550,Waterston_500_minutes_batch_1
CACCTTGAGGTGTTAA-500.1.2,15,0.20167862,450,ASI,ABpxaapapppa,500_minutes,450-510,450,Waterston_500_minutes_batch_1
CACTCCAAGGGCTTGA-500.1.2,22,0.44182378,640,ASEL,ABalppppppaa/ABpraaapppaa,500_minutes,580-650,640,Waterston_500_minutes_batch_1
CACTCCATCGCGTTTC-500.1.2,17,0.2381177,470,AWB,ABalpppppap/ABpraaappap,500_minutes,450-510,470,Waterston_500_minutes_batch_1
CAGAATCCACCTCGGA-500.1.2,0,0.75622636,640,AFD,ABalpppapav/ABpraaaapav,500_minutes,580-650,640,Waterston_500_minutes_batch_1
CAGAGAGAGCGATTCT-500.1.2,23,0.21524072,450,ASG,ABpxaapapap,500_minutes,450-510,450,Waterston_500_minutes_batch_1
CAGATCAAGCAGACTG-500.1.2,18,0.6503919,585,AWC,ABpxpaaaaap,500_minutes,580-650,585,Waterston_500_minutes_batch_1
CAGCATACACGTTGGC-500.1.2,23,0.3496309,640,ASG,ABpxaapapap,500_minutes,580-650,640,Waterston_500_minutes_batch_1
CAGTAACCATCTGGTA-500.1.2,13,0.19602782,390,ASH,ABpxpaappaa,500_minutes,390-450,390,Waterston_500_minutes_batch_1
CAGTCCTGTCTTCTCG-500.1.2,19,0.1337123,385,ASG_AWA,,500_minutes,330-390,385,Waterston_500_minutes_batch_1
CATATGGCAATCGGTT-500.1.2,19,0.17744605,420,AWA,ABpxaapapaa,500_minutes,390-450,420,Waterston_500_minutes_batch_1
CATATGGTCGCTAGCG-500.1.2,20,0.78160673,620,ADL,ABalppppaad/ABpraaapaad,500_minutes,580-650,620,Waterston_500_minutes_batch_1
CATCAAGCAAGCCCAC-500.1.2,14,0.2815721,550,ADF,ABalpppppaa/ABpraaappaa,500_minutes,510-580,550,Waterston_500_minutes_batch_1
CATTATCTCCTCAACC-500.1.2,14,0.15043291,380,AWB,ABalpppppap/ABpraaappap,500_minutes,330-390,380,Waterston_500_minutes_batch_1
CATTCGCAGTAGGCCA-500.1.2,23,0.34853524,640,ASG,ABpxaapapap,500_minutes,580-650,640,Waterston_500_minutes_batch_1
CATTCGCTCACATAGC-500.1.2,21,0.5172502,490,ASK,ABalpppapppa/ABpraaaapppa,500_minutes,450-510,490,Waterston_500_minutes_batch_1
CCAATCCCAAGGACTG-500.1.2,14,0.15122986,390,,,500_minutes,390-450,390,Waterston_500_minutes_batch_1
CCAATCCGTTCGCTAA-500.1.2,18,0.54769546,500,AWC,ABpxpaaaaap,500_minutes,450-510,500,Waterston_500_minutes_batch_1
CCACGGAGTGTTGAGG-500.1.2,22,0.44007966,640,ASEL,ABalppppppaa/ABpraaapppaa,500_minutes,580-650,640,Waterston_500_minutes_batch_1
CCACGGATCCACGACG-500.1.2,18,0.6789698,725,AWC,ABpxpaaaaap,500_minutes,> 650,725,Waterston_500_minutes_batch_1
CCAGCGACAATTGCTG-500.1.2,9,0.2568893,420,ASE,ABalppppppaa/ABpraaapppaa,500_minutes,390-450,420,Waterston_500_minutes_batch_1
CCATTCGAGATGTGGC-500.1.2,19,0.18723011,450,ASG,ABpxaapapap,500_minutes,450-510,450,Waterston_500_minutes_batch_1
CCATTCGTCGAACGGA-500.1.2,21,0.71450645,640,ASK,ABalpppapppa/ABpraaaapppa,500_minutes,580-650,640,Waterston_500_minutes_batch_1
CCCAGTTGTGCGCTTG-500.1.2,24,0.7417688,640,ASJ,ABalpppppppa/ABpraaappppa,500_minutes,580-650,640,Waterston_500_minutes_batch_1
CCCAGTTTCAATCACG-500.1.2,14,0.15927999,390,ADF_AWB,,500_minutes,390-450,390,Waterston_500_minutes_batch_1
CCCTCCTGTCCCGACA-500.1.2,19,0.29776347,700,AWA,ABpxaapapaa,500_minutes,> 650,700,Waterston_500_minutes_batch_1
CCTACACGTGTGGTTT-500.1.2,23,0.3085424,620,ASG,ABpxaapapap,500_minutes,580-650,620,Waterston_500_minutes_batch_1
CCTAGCTGTGGAAAGA-500.1.2,19,0.2054705,450,AWA,ABpxaapapaa,500_minutes,450-510,450,Waterston_500_minutes_batch_1
CCTAGCTTCACGGTTA-500.1.2,23,0.3117893,620,ASG,ABpxaapapap,500_minutes,580-650,620,Waterston_500_minutes_batch_1
CCTCAGTTCTGGTTCC-500.1.2,18,0.24677363,410,AWC,ABpxpaaaaap,500_minutes,390-450,410,Waterston_500_minutes_batch_1
CCTCTGAGTTGTGGAG-500.1.2,14,0.25715593,490,ADF,ABalpppppaa/ABpraaappaa,500_minutes,450-510,490,Waterston_500_minutes_batch_1
CCTTACGAGCGTAGTG-500.1.2,19,0.28065583,620,AWA,ABpxaapapaa,500_minutes,580-650,620,Waterston_500_minutes_batch_1
CCTTTCTGTGACGGTA-500.1.2,21,0.25869432,420,ASK,ABalpppapppa/ABpraaaapppa,500_minutes,390-450,420,Waterston_500_minutes_batch_1
CGAACATAGACTAGGC-500.1.2,19,0.14199364,385,AWA,ABpxaapapaa,500_minutes,330-390,385,Waterston_500_minutes_batch_1
CGAACATCAGAAGCAC-500.1.2,10,0.16277444,320,Neuroblast_ASJ_AUA,ABalppppppp/ABpraaapppp,500_minutes,270-330,320,Waterston_500_minutes_batch_1
CGAGAAGCACAGGCCT-500.1.2,9,0.13780272,300,ASE_parent,ABalppppppa/ABpraaapppa,500_minutes,270-330,300,Waterston_500_minutes_batch_1
CGCGGTACAGTCTTCC-500.1.2,10,0.25108883,380,ASJ,ABalpppppppa/ABpraaappppa,500_minutes,330-390,380,Waterston_500_minutes_batch_1
CGCGTTTAGAGCTTCT-500.1.2,19,0.24955428,500,AWA,ABpxaapapaa,500_minutes,450-510,500,Waterston_500_minutes_batch_1
CGCGTTTCACGTGAGA-500.1.2,0,0.7033263,585,AFD,ABalpppapav/ABpraaaapav,500_minutes,580-650,585,Waterston_500_minutes_batch_1
CGCTATCCACAGTCGC-500.1.2,21,0.66986287,620,ASK,ABalpppapppa/ABpraaaapppa,500_minutes,580-650,620,Waterston_500_minutes_batch_1
CGGACACCATAAGACA-500.1.2,18,0.6534051,620,AWC,ABpxpaaaaap,500_minutes,580-650,620,Waterston_500_minutes_batch_1
CGGAGCTGTACCCAAT-500.1.2,20,0.93502176,725,ADL,ABalppppaad/ABpraaapaad,500_minutes,> 650,725,Waterston_500_minutes_batch_1
CGTAGCGTCAAACCGT-500.1.2,17,0.23332748,490,AWB,ABalpppppap/ABpraaappap,500_minutes,450-510,490,Waterston_500_minutes_batch_1
CGTAGCGTCTTGTCAT-500.1.2,19,0.22304295,490,AWA,ABpxaapapaa,500_minutes,450-510,490,Waterston_500_minutes_batch_1
CGTCAGGAGGCTAGCA-500.1.2,14,0.17148502,390,ADF_AWB,,500_minutes,390-450,390,Waterston_500_minutes_batch_1
CGTCAGGCAACGCACC-500.1.2,23,0.27924532,550,ASG,ABpxaapapap,500_minutes,510-580,550,Waterston_500_minutes_batch_1
CGTGTAAGTGCCTTGG-500.1.2,13,0.5554847,640,ASH,ABpxpaappaa,500_minutes,580-650,640,Waterston_500_minutes_batch_1
CGTGTCTGTAAGGGAA-500.1.2,12,0.37356046,385,ADL,ABalppppaad/ABpraaapaad,500_minutes,330-390,385,Waterston_500_minutes_batch_1
CGTTAGACAAGCGTAG-500.1.2,12,0.2897884,370,ADL,ABalppppaad/ABpraaapaad,500_minutes,330-390,370,Waterston_500_minutes_batch_1
CTAATGGAGACTTTCG-500.1.2,19,0.14150698,380,AWA,ABpxaapapaa,500_minutes,330-390,380,Waterston_500_minutes_batch_1
CTACACCAGGCAGTCA-500.1.2,16,0.41027588,550,ASI,ABpxaapapppa,500_minutes,510-580,550,Waterston_500_minutes_batch_1
CTACATTCATATGCTG-500.1.2,15,0.13213706,350,ASI_parent,ABpxaapappp,500_minutes,330-390,350,Waterston_500_minutes_batch_1
CTACCCAGTGGTAACG-500.1.2,21,0.38177243,450,ASK,ABalpppapppa/ABpraaaapppa,500_minutes,450-510,450,Waterston_500_minutes_batch_1
CTAGAGTCATCGGACC-500.1.2,19,0.23262353,455,AWA,ABpxaapapaa,500_minutes,450-510,455,Waterston_500_minutes_batch_1
CTCACACAGAAACGAG-500.1.2,9,0.25789076,420,ASE,ABalppppppaa/ABpraaapppaa,500_minutes,390-450,420,Waterston_500_minutes_batch_1
CTCGAAACACAGACTT-500.1.2,4,0.055806745,295,,,500_minutes,270-330,295,Waterston_500_minutes_batch_1
CTCGGAGGTTTAGCTG-500.1.2,14,0.26914737,490,ADF,ABalpppppaa/ABpraaappaa,500_minutes,450-510,490,Waterston_500_minutes_batch_1
CTCGGAGTCGGAATCT-500.1.2,24,0.43560755,450,ASJ,ABalpppppppa/ABpraaappppa,500_minutes,450-510,450,Waterston_500_minutes_batch_1
CTCTAATAGGATCGCA-500.1.2,20,0.7583191,550,ADL,ABalppppaad/ABpraaapaad,500_minutes,510-580,550,Waterston_500_minutes_batch_1
CTCTACGGTCGTGGCT-500.1.2,24,0.6374058,550,ASJ,ABalpppppppa/ABpraaappppa,500_minutes,510-580,550,Waterston_500_minutes_batch_1
CTGAAGTCACGCATCG-500.1.2,9,0.2623025,415,ASE,ABalppppppaa/ABpraaapppaa,500_minutes,390-450,415,Waterston_500_minutes_batch_1
CTGCTGTTCGGAGCAA-500.1.2,18,0.52312976,490,AWC,ABpxpaaaaap,500_minutes,450-510,490,Waterston_500_minutes_batch_1
CTGGTCTGTTATCCGA-500.1.2,13,0.46850803,550,ASH,ABpxpaappaa,500_minutes,510-580,550,Waterston_500_minutes_batch_1
CTGTTTACAGAAGCAC-500.1.2,22,0.4156048,640,ASEL,ABalppppppaa/ABpraaapppaa,500_minutes,580-650,640,Waterston_500_minutes_batch_1
CTTCTCTGTCTTCTCG-500.1.2,9,0.3986034,550,ASE,ABalppppppaa/ABpraaapppaa,500_minutes,510-580,550,Waterston_500_minutes_batch_1
GAAATGATCTCTAAGG-500.1.2,24,0.55409867,490,ASJ,ABalpppppppa/ABpraaappppa,500_minutes,450-510,490,Waterston_500_minutes_batch_1
GAACATCCATAGTAAG-500.1.2,15,0.15582296,370,ASI_parent,ABpxaapappp,500_minutes,330-390,370,Waterston_500_minutes_batch_1
GAACGGAAGGCTAGAC-500.1.2,14,0.12677564,360,,,500_minutes,330-390,360,Waterston_500_minutes_batch_1
GACACGCTCCGAATGT-500.1.2,21,0.66194016,620,ASK,ABalpppapppa/ABpraaaapppa,500_minutes,580-650,620,Waterston_500_minutes_batch_1
GACGCGTCATGGTTGT-500.1.2,19,0.16513526,415,AWA,ABpxaapapaa,500_minutes,390-450,415,Waterston_500_minutes_batch_1
GACGCGTTCTTGGGTA-500.1.2,16,0.4253592,620,ASI,ABpxaapapppa,500_minutes,580-650,620,Waterston_500_minutes_batch_1
GACGTGCCATAAAGGT-500.1.2,0,0.7223191,750,AFD,ABalpppapav/ABpraaaapav,500_minutes,> 650,750,Waterston_500_minutes_batch_1
GACTAACTCCAGTAGT-500.1.2,19,0.2517064,550,AWA,ABpxaapapaa,500_minutes,510-580,550,Waterston_500_minutes_batch_1
GACTACAAGATCGATA-500.1.2,14,0.2657965,490,ADF,ABalpppppaa/ABpraaappaa,500_minutes,450-510,490,Waterston_500_minutes_batch_1
GAGGTGAGTCTCCATC-500.1.2,14,0.24321838,470,ADF,ABalpppppaa/ABpraaappaa,500_minutes,450-510,470,Waterston_500_minutes_batch_1
GATCAGTCAGCTGCAC-500.1.2,13,0.367809,440,ASH,ABpxpaappaa,500_minutes,390-450,440,Waterston_500_minutes_batch_1
GATCGCGCACACGCTG-500.1.2,10,0.31430888,415,ASJ,ABalpppppppa/ABpraaappppa,500_minutes,390-450,415,Waterston_500_minutes_batch_1
GATTCAGAGGAGTAGA-500.1.2,14,0.14237075,380,ADF_AWB,,500_minutes,330-390,380,Waterston_500_minutes_batch_1
GATTCAGCAAACTGCT-500.1.2,19,0.1585877,410,ASG,ABpxaapapap,500_minutes,390-450,410,Waterston_500_minutes_batch_1
GCAAACTTCCGCTGTT-500.1.2,21,0.7180906,620,ASK,ABalpppapppa/ABpraaaapppa,500_minutes,580-650,620,Waterston_500_minutes_batch_1
GCACTCTAGTTTAGGA-500.1.2,14,0.23972598,450,ADF,ABalpppppaa/ABpraaappaa,500_minutes,450-510,450,Waterston_500_minutes_batch_1
GCAGTTAGTTATGCGT-500.1.2,15,0.13142186,360,ASI_parent,ABpxaapappp,500_minutes,330-390,360,Waterston_500_minutes_batch_1
GCAGTTATCCCACTTG-500.1.2,14,0.2864798,530,ADF,ABalpppppaa/ABpraaappaa,500_minutes,510-580,530,Waterston_500_minutes_batch_1
GCATGCGGTTCACGGC-500.1.2,18,0.5521949,550,AWC,ABpxpaaaaap,500_minutes,510-580,550,Waterston_500_minutes_batch_1
GCGAGAATCCATGAGT-500.1.2,10,0.18857953,390,AUA,ABalpppppppp/ABpraaappppp,500_minutes,390-450,390,Waterston_500_minutes_batch_1
GCGCAACAGACCACGA-500.1.2,12,0.53410983,440,ADL,ABalppppaad/ABpraaapaad,500_minutes,390-450,440,Waterston_500_minutes_batch_1
GCGCAGTCACCAGGCT-500.1.2,18,0.21239275,380,AWC,ABpxpaaaaap,500_minutes,330-390,380,Waterston_500_minutes_batch_1
GCGCCAACAACACCTA-500.1.2,13,0.4822082,550,ASH,ABpxpaappaa,500_minutes,510-580,550,Waterston_500_minutes_batch_1
GCGGGTTAGTCCATAC-500.1.2,10,0.18587327,350,AUA,ABalpppppppp/ABpraaappppp,500_minutes,330-390,350,Waterston_500_minutes_batch_1
GCGGGTTCACAGGCCT-500.1.2,23,0.23600154,450,ASG,ABpxaapapap,500_minutes,450-510,450,Waterston_500_minutes_batch_1
GCGGGTTGTTCTCATT-500.1.2,19,0.13706805,390,ASG_AWA,,500_minutes,390-450,390,Waterston_500_minutes_batch_1
GCTGCAGTCAAGCCTA-500.1.2,21,0.38675737,450,ASK,ABalpppapppa/ABpraaaapppa,500_minutes,450-510,450,Waterston_500_minutes_batch_1
GCTTGAACACCGATAT-500.1.2,14,0.16452534,395,,,500_minutes,390-450,395,Waterston_500_minutes_batch_1
GGAATAAAGAACAACT-500.1.2,24,0.5240994,470,ASJ,ABalpppppppa/ABpraaappppa,500_minutes,450-510,470,Waterston_500_minutes_batch_1
GGAATAAGTAGCGCTC-500.1.2,9,0.4112796,585,ASE,ABalppppppaa/ABpraaapppaa,500_minutes,580-650,585,Waterston_500_minutes_batch_1
GGCAATTAGAACTGTA-500.1.2,15,0.1488545,380,ASI_parent,ABpxaapappp,500_minutes,330-390,380,Waterston_500_minutes_batch_1
GGCCGATAGGAGTCTG-500.1.2,23,0.3134006,620,ASG,ABpxaapapap,500_minutes,580-650,620,Waterston_500_minutes_batch_1
GGCCGATTCTGGCGTG-500.1.2,17,0.20587604,450,AWB,ABalpppppap/ABpraaappap,500_minutes,450-510,450,Waterston_500_minutes_batch_1
GGCTCGACACAAGACG-500.1.2,14,0.29860818,620,ADF,ABalpppppaa/ABpraaappaa,500_minutes,580-650,620,Waterston_500_minutes_batch_1
GGGAATGGTAGGGTAC-500.1.2,15,0.14871134,375,ASI_parent,ABpxaapappp,500_minutes,330-390,375,Waterston_500_minutes_batch_1
GGGACCTCACACGCTG-500.1.2,19,0.20986287,450,AWA,ABpxaapapaa,500_minutes,450-510,450,Waterston_500_minutes_batch_1
GGGCACTGTCTCATCC-500.1.2,18,0.6940782,635,AWC,ABpxpaaaaap,500_minutes,580-650,635,Waterston_500_minutes_batch_1
GGTATTGGTTGTCTTT-500.1.2,0,0.31303787,390,AFD,ABalpppapav/ABpraaaapav,500_minutes,390-450,390,Waterston_500_minutes_batch_1
GGTGAAGGTCATGCCG-500.1.2,16,0.4423368,550,ASI,ABpxaapapppa,500_minutes,510-580,550,Waterston_500_minutes_batch_1
GGTGTTAAGGCCCGTT-500.1.2,10,0.34893298,400,ASJ,ABalpppppppa/ABpraaappppa,500_minutes,390-450,400,Waterston_500_minutes_batch_1
GTAACGTAGCCTATGT-500.1.2,14,0.17203742,390,ADF_AWB,,500_minutes,390-450,390,Waterston_500_minutes_batch_1
GTACGTAAGGGATGGG-500.1.2,23,0.29599535,520,AWA,ABpxaapapaa,500_minutes,510-580,520,Waterston_500_minutes_batch_1
GTAGGCCCATGTAAGA-500.1.2,19,0.1943794,450,ASG,ABpxaapapap,500_minutes,450-510,450,Waterston_500_minutes_batch_1
GTAGTCAAGTGACATA-500.1.2,18,0.2577038,410,AWC,ABpxpaaaaap,500_minutes,390-450,410,Waterston_500_minutes_batch_1
GTATTCTTCCAGAGGA-500.1.2,14,0.11973417,365,ADF_AWB,,500_minutes,330-390,365,Waterston_500_minutes_batch_1
GTCACAATCGAACGGA-500.1.2,17,0.21659358,490,AWB,ABalpppppap/ABpraaappap,500_minutes,450-510,490,Waterston_500_minutes_batch_1
GTCCTCAGTCACAAGG-500.1.2,20,0.7381207,490,ADL,ABalppppaad/ABpraaapaad,500_minutes,450-510,490,Waterston_500_minutes_batch_1
GTGCAGCCACTTCTGC-500.1.2,18,0.31836697,420,AWC,ABpxpaaaaap,500_minutes,390-450,420,Waterston_500_minutes_batch_1
GTGTTAGAGAGGTAGA-500.1.2,13,0.5628884,640,ASH,ABpxpaappaa,500_minutes,580-650,640,Waterston_500_minutes_batch_1
GTTAAGCGTGACGGTA-500.1.2,21,0.45460203,450,ASK,ABalpppapppa/ABpraaaapppa,500_minutes,450-510,450,Waterston_500_minutes_batch_1
GTTACAGAGCTAGTGG-500.1.2,19,0.24275234,550,AWA,ABpxaapapaa,500_minutes,510-580,550,Waterston_500_minutes_batch_1
GTTCGGGAGATATACG-500.1.2,19,0.14447078,385,AWA,ABpxaapapaa,500_minutes,330-390,385,Waterston_500_minutes_batch_1
TAAACCGAGATGGGTC-500.1.2,10,0.32107547,410,ASJ,ABalpppppppa/ABpraaappppa,500_minutes,390-450,410,Waterston_500_minutes_batch_1
TAAGAGAAGATGGCGT-500.1.2,10,0.18692148,400,AUA,ABalpppppppp/ABpraaappppp,500_minutes,390-450,400,Waterston_500_minutes_batch_1
TAAGAGATCCTCTAGC-500.1.2,13,0.4576719,550,ASH,ABpxpaappaa,500_minutes,510-580,550,Waterston_500_minutes_batch_1
TAAGTGCAGTACGATA-500.1.2,21,0.72472143,620,ASK,ABalpppapppa/ABpraaaapppa,500_minutes,580-650,620,Waterston_500_minutes_batch_1
TAAGTGCGTAGATTAG-500.1.2,14,0.25194535,490,ADF,ABalpppppaa/ABpraaappaa,500_minutes,450-510,490,Waterston_500_minutes_batch_1
TACACGATCTTAGCCC-500.1.2,14,0.21064152,450,ADF,ABalpppppaa/ABpraaappaa,500_minutes,450-510,450,Waterston_500_minutes_batch_1
TACTCATAGTCAAGCG-500.1.2,18,0.18495092,350,AWC,ABpxpaaaaap,500_minutes,330-390,350,Waterston_500_minutes_batch_1
TACTTGTTCGCCGTGA-500.1.2,18,0.5115271,470,AWC,ABpxpaaaaap,500_minutes,450-510,470,Waterston_500_minutes_batch_1
TAGACCAGTCTGGTCG-500.1.2,5,0.17621183,380,ASK_parent,ABalpppappp/ABpraaaappp,500_minutes,330-390,380,Waterston_500_minutes_batch_1
TAGGCATGTAAACGCG-500.1.2,17,0.21101645,450,AWB,ABalpppppap/ABpraaappap,500_minutes,450-510,450,Waterston_500_minutes_batch_1
TAGTTGGCAGCCAATT-500.1.2,15,0.28287753,450,ASI,ABpxaapapppa,500_minutes,450-510,450,Waterston_500_minutes_batch_1
TATCTCACAAGAGTCG-500.1.2,19,0.17154472,400,ASG,ABpxaapapap,500_minutes,390-450,400,Waterston_500_minutes_batch_1
TATCTCACAAGCTGTT-500.1.2,19,0.14720535,410,ASG,ABpxaapapap,500_minutes,390-450,410,Waterston_500_minutes_batch_1
TATCTCATCTGCAGTA-500.1.2,20,0.9098661,760,ADL,ABalppppaad/ABpraaapaad,500_minutes,> 650,760,Waterston_500_minutes_batch_1
TATGCCCAGCATGGCA-500.1.2,19,0.2759769,620,AWA,ABpxaapapaa,500_minutes,580-650,620,Waterston_500_minutes_batch_1
TCAACGAAGCGATATA-500.1.2,14,0.32167703,640,ADF,ABalpppppaa/ABpraaappaa,500_minutes,580-650,640,Waterston_500_minutes_batch_1
TCAATCTAGATGTTAG-500.1.2,18,0.19549002,380,AWC,ABpxpaaaaap,500_minutes,330-390,380,Waterston_500_minutes_batch_1
TCAGCAAAGACCTTTG-500.1.2,17,0.24316083,620,AWB,ABalpppppap/ABpraaappap,500_minutes,580-650,620,Waterston_500_minutes_batch_1
TCAGCTCTCGCGGATC-500.1.2,13,0.51947343,700,ASH,ABpxpaappaa,500_minutes,> 650,700,Waterston_500_minutes_batch_1
TCAGGATAGCCGATTT-500.1.2,0,0.7537233,640,AFD,ABalpppapav/ABpraaaapav,500_minutes,580-650,640,Waterston_500_minutes_batch_1
TCATTTGCATTGTGCA-500.1.2,21,0.49406415,490,ASK,ABalpppapppa/ABpraaaapppa,500_minutes,450-510,490,Waterston_500_minutes_batch_1
TCCCGATCATCAGTCA-500.1.2,13,0.42323238,500,ASH,ABpxpaappaa,500_minutes,450-510,500,Waterston_500_minutes_batch_1
TCGAGGCGTTCGTCTC-500.1.2,18,0.6374884,585,AWC,ABpxpaaaaap,500_minutes,580-650,585,Waterston_500_minutes_batch_1
TCGGTAAAGTGCGTGA-500.1.2,24,0.51248014,470,ASJ,ABalpppppppa/ABpraaappppa,500_minutes,450-510,470,Waterston_500_minutes_batch_1
TCGTAGACATTCCTGC-500.1.2,17,0.19796814,420,AWB,ABalpppppap/ABpraaappap,500_minutes,390-450,420,Waterston_500_minutes_batch_1
TGAGCATTCCACGTTC-500.1.2,17,0.1918057,420,AWB,ABalpppppap/ABpraaappap,500_minutes,390-450,420,Waterston_500_minutes_batch_1
TGAGGGAAGAATTCCC-500.1.2,18,0.45819286,450,AWC,ABpxpaaaaap,500_minutes,450-510,450,Waterston_500_minutes_batch_1
TGAGGGAGTGGTACAG-500.1.2,21,0.5203088,510,ASK,ABalpppapppa/ABpraaaapppa,500_minutes,510-580,510,Waterston_500_minutes_batch_1
TGCCCATCAGCGATCC-500.1.2,19,0.1510902,390,ASG,ABpxaapapap,500_minutes,390-450,390,Waterston_500_minutes_batch_1
TGCGCAGCATACTACG-500.1.2,10,0.18841234,420,AUA,ABalpppppppp/ABpraaappppp,500_minutes,390-450,420,Waterston_500_minutes_batch_1
TGCGCAGGTCTAGTCA-500.1.2,9,0.26505136,405,ASE,ABalppppppaa/ABpraaapppaa,500_minutes,390-450,405,Waterston_500_minutes_batch_1
TGCTACCCACAGACAG-500.1.2,5,0.19784342,390,ASK,ABalpppapppa/ABpraaaapppa,500_minutes,390-450,390,Waterston_500_minutes_batch_1
TGGCCAGAGGCTCAGA-500.1.2,16,0.4519206,565,ASI,ABpxaapapppa,500_minutes,510-580,565,Waterston_500_minutes_batch_1
TGGCCAGTCTTCTGGC-500.1.2,17,0.17048123,390,AWB,ABalpppppap/ABpraaappap,500_minutes,390-450,390,Waterston_500_minutes_batch_1
TGGCTGGAGATCCGAG-500.1.2,10,0.18909882,420,AUA,ABalpppppppp/ABpraaappppp,500_minutes,390-450,420,Waterston_500_minutes_batch_1
TGGCTGGAGATGCCAG-500.1.2,18,0.3549225,395,AWC,ABpxpaaaaap,500_minutes,390-450,395,Waterston_500_minutes_batch_1
TGTATTCAGTATCGAA-500.1.2,18,0.448223,470,AWC,ABpxpaaaaap,500_minutes,450-510,470,Waterston_500_minutes_batch_1
TGTCCCAAGCCGATTT-500.1.2,10,0.19258508,420,AUA,ABalpppppppp/ABpraaappppp,500_minutes,390-450,420,Waterston_500_minutes_batch_1
TTAGGACAGTTGCAGG-500.1.2,19,0.2223741,450,AWA,ABpxaapapaa,500_minutes,450-510,450,Waterston_500_minutes_batch_1
TTCGAAGAGTGTGAAT-500.1.2,24,0.5896561,500,ASJ,ABalpppppppa/ABpraaappppa,500_minutes,450-510,500,Waterston_500_minutes_batch_1
TTCGAAGTCTAACTTC-500.1.2,18,0.62059563,585,AWC,ABpxpaaaaap,500_minutes,580-650,585,Waterston_500_minutes_batch_1
TTCTCAAAGGCAAAGA-500.1.2,9,0.24598885,390,ASE,ABalppppppaa/ABpraaapppaa,500_minutes,390-450,390,Waterston_500_minutes_batch_1
TTCTCAACACAGACAG-500.1.2,18,0.30105227,425,AWC,ABpxpaaaaap,500_minutes,390-450,425,Waterston_500_minutes_batch_1
TTGAACGCAGATCGGA-500.1.2,0,0.6712556,550,AFD,ABalpppapav/ABpraaaapav,500_minutes,510-580,550,Waterston_500_minutes_batch_1
TTGCCGTTCCGAAGAG-500.1.2,10,0.18593776,355,AUA,ABalpppppppp/ABpraaappppp,500_minutes,330-390,355,Waterston_500_minutes_batch_1
TTGGAACTCCTTCAAT-500.1.2,12,0.44637436,450,ADL,ABalppppaad/ABpraaapaad,500_minutes,450-510,450,Waterston_500_minutes_batch_1
TTTGGTTAGGTTACCT-500.1.2,24,0.7323768,620,ASJ,ABalpppppppa/ABpraaappppa,500_minutes,580-650,620,Waterston_500_minutes_batch_1
AAACCTGAGCACAGGT-500.1.3,12,0.37097523,450,ADL,ABalppppaad/ABpraaapaad,500_minutes,450-510,450,Waterston_500_minutes_batch_1
AAAGTAGGTCACTGGC-500.1.3,12,0.3171646,380,ADL,ABalppppaad/ABpraaapaad,500_minutes,330-390,380,Waterston_500_minutes_batch_1
AAATGCCCAATGGAAT-500.1.3,14,0.27882117,490,ADF,ABalpppppaa/ABpraaappaa,500_minutes,450-510,490,Waterston_500_minutes_batch_1
AAGACCTTCGAGCCCA-500.1.3,17,0.20873003,450,AWB,ABalpppppap/ABpraaappap,500_minutes,450-510,450,Waterston_500_minutes_batch_1
AGCGTCGGTCCGTCAG-500.1.3,21,0.6387244,550,ASK,ABalpppapppa/ABpraaaapppa,500_minutes,510-580,550,Waterston_500_minutes_batch_1
AGCTTGACACAACTGT-500.1.3,17,0.24820273,620,AWB,ABalpppppap/ABpraaappap,500_minutes,580-650,620,Waterston_500_minutes_batch_1
AGCTTGATCAGGCAAG-500.1.3,24,0.71726257,620,ASJ,ABalpppppppa/ABpraaappppa,500_minutes,580-650,620,Waterston_500_minutes_batch_1
AGGCCACGTCAAGCGA-500.1.3,21,0.32916623,415,ASK,ABalpppapppa/ABpraaaapppa,500_minutes,390-450,415,Waterston_500_minutes_batch_1
AGGGAGTCAGGTGGAT-500.1.3,12,0.3978084,405,ADL,ABalppppaad/ABpraaapaad,500_minutes,390-450,405,Waterston_500_minutes_batch_1
ATAACGCCACAGGAGT-500.1.3,23,0.3016346,620,ASG,ABpxaapapap,500_minutes,580-650,620,Waterston_500_minutes_batch_1
ATCCGAAGTGCGATAG-500.1.3,23,0.31048465,620,ASG,ABpxaapapap,500_minutes,580-650,620,Waterston_500_minutes_batch_1
ATGAGGGTCGACGGAA-500.1.3,18,0.67282563,635,AWC,ABpxpaaaaap,500_minutes,580-650,635,Waterston_500_minutes_batch_1
ATTGGTGTCATGGTCA-500.1.3,15,0.14626056,370,ASI_parent,ABpxaapappp,500_minutes,330-390,370,Waterston_500_minutes_batch_1
CAAGATCAGCCACCTG-500.1.3,14,0.27402386,550,ADF,ABalpppppaa/ABpraaappaa,500_minutes,510-580,550,Waterston_500_minutes_batch_1
CACATTTCACGCCAGT-500.1.3,20,0.667377,490,ADL,ABalppppaad/ABpraaapaad,500_minutes,450-510,490,Waterston_500_minutes_batch_1
CACATTTTCATGCATG-500.1.3,0,0.6812979,630,AFD,ABalpppapav/ABpraaaapav,500_minutes,580-650,630,Waterston_500_minutes_batch_1
CAGAATCAGTTTAGGA-500.1.3,19,0.13149147,390,ASG_AWA,,500_minutes,390-450,390,Waterston_500_minutes_batch_1
CAGAATCCAGACTCGC-500.1.3,13,0.20988098,375,ASH,ABpxpaappaa,500_minutes,330-390,375,Waterston_500_minutes_batch_1
CCACTACGTCGGCACT-500.1.3,13,0.5617611,640,ASH,ABpxpaappaa,500_minutes,580-650,640,Waterston_500_minutes_batch_1
CCGGTAGCATGCGCAC-500.1.3,15,0.19765577,435,ASI,ABpxaapapppa,500_minutes,390-450,435,Waterston_500_minutes_batch_1
CGACTTCGTTGTGGAG-500.1.3,21,0.30251178,420,ASK,ABalpppapppa/ABpraaaapppa,500_minutes,390-450,420,Waterston_500_minutes_batch_1
CGATGGCTCTGTTGAG-500.1.3,10,0.24473667,385,ASJ,ABalpppppppa/ABpraaappppa,500_minutes,330-390,385,Waterston_500_minutes_batch_1
CGCCAAGCAATGAATG-500.1.3,19,0.14147277,390,AWA,ABpxaapapaa,500_minutes,390-450,390,Waterston_500_minutes_batch_1
CGGACACGTGCAGGTA-500.1.3,24,0.493569,450,ASJ,ABalpppppppa/ABpraaappppa,500_minutes,450-510,450,Waterston_500_minutes_batch_1
CGGACGTTCAGTCAGT-500.1.3,20,0.8299639,640,ADL,ABalppppaad/ABpraaapaad,500_minutes,580-650,640,Waterston_500_minutes_batch_1
CGGAGCTCATCTATGG-500.1.3,20,0.801206,550,ADL,ABalppppaad/ABpraaapaad,500_minutes,510-580,550,Waterston_500_minutes_batch_1
CGGCTAGCATGCGCAC-500.1.3,18,0.5114102,490,AWC,ABpxpaaaaap,500_minutes,450-510,490,Waterston_500_minutes_batch_1
CGTTGGGAGTGGGCTA-500.1.3,9,0.2664071,420,ASE,ABalppppppaa/ABpraaapppaa,500_minutes,390-450,420,Waterston_500_minutes_batch_1
CGTTGGGTCGACGGAA-500.1.3,21,0.6566129,620,ASK,ABalpppapppa/ABpraaaapppa,500_minutes,580-650,620,Waterston_500_minutes_batch_1
CTACATTAGGAGCGAG-500.1.3,24,0.6268613,550,ASJ,ABalpppppppa/ABpraaappppa,500_minutes,510-580,550,Waterston_500_minutes_batch_1
CTAGTGAAGAGGGCTT-500.1.3,14,0.20664419,450,ADF,ABalpppppaa/ABpraaappaa,500_minutes,450-510,450,Waterston_500_minutes_batch_1
CTCGAAAAGGTTACCT-500.1.3,10,0.22793928,360,ASJ,ABalpppppppa/ABpraaappppa,500_minutes,330-390,360,Waterston_500_minutes_batch_1
CTCGAGGGTGAAATCA-500.1.3,9,0.39239544,550,ASE,ABalppppppaa/ABpraaapppaa,500_minutes,510-580,550,Waterston_500_minutes_batch_1
CTGATCCAGCTCCTTC-500.1.3,17,0.18769455,390,AWB,ABalpppppap/ABpraaappap,500_minutes,390-450,390,Waterston_500_minutes_batch_1
CTTACCGGTACATGTC-500.1.3,14,0.26678973,490,ADF,ABalpppppaa/ABpraaappaa,500_minutes,450-510,490,Waterston_500_minutes_batch_1
GAAATGAGTCCAAGTT-500.1.3,21,0.37684548,450,ASK,ABalpppapppa/ABpraaaapppa,500_minutes,450-510,450,Waterston_500_minutes_batch_1
GAAATGAGTTACCGAT-500.1.3,9,0.26589873,415,ASE,ABalppppppaa/ABpraaapppaa,500_minutes,390-450,415,Waterston_500_minutes_batch_1
GACAGAGAGGCATGGT-500.1.3,18,0.23493108,410,AWC,ABpxpaaaaap,500_minutes,390-450,410,Waterston_500_minutes_batch_1
GACGTTACACGGCCAT-500.1.3,18,0.4010602,415,AWC,ABpxpaaaaap,500_minutes,390-450,415,Waterston_500_minutes_batch_1
GATCGTATCGCTAGCG-500.1.3,16,0.4097316,550,ASI,ABpxaapapppa,500_minutes,510-580,550,Waterston_500_minutes_batch_1
GCACATAGTTAAAGTG-500.1.3,18,0.7048448,700,AWC,ABpxpaaaaap,500_minutes,> 650,700,Waterston_500_minutes_batch_1
GCAGCCAGTTGGTTTG-500.1.3,17,0.19185266,420,AWB,ABalpppppap/ABpraaappap,500_minutes,390-450,420,Waterston_500_minutes_batch_1
GCATACATCTGTTGAG-500.1.3,15,0.13841787,370,ASI_parent,ABpxaapappp,500_minutes,330-390,370,Waterston_500_minutes_batch_1
GCTCCTAGTTTGACAC-500.1.3,14,0.12803961,350,ADF_AWB,,500_minutes,330-390,350,Waterston_500_minutes_batch_1
GCTTCCAGTGTGCCTG-500.1.3,19,0.15824303,400,AWA,ABpxaapapaa,500_minutes,390-450,400,Waterston_500_minutes_batch_1
GGCAATTAGTTGTAGA-500.1.3,18,0.2384713,410,AWC,ABpxpaaaaap,500_minutes,390-450,410,Waterston_500_minutes_batch_1
GGCGACTGTTGCTCCT-500.1.3,19,0.12541716,390,ASG_AWA,,500_minutes,390-450,390,Waterston_500_minutes_batch_1
GGGAATGTCTGATTCT-500.1.3,14,0.31346765,640,ADF,ABalpppppaa/ABpraaappaa,500_minutes,580-650,640,Waterston_500_minutes_batch_1
GTAACTGAGACCTAGG-500.1.3,19,0.20441262,450,AWA,ABpxaapapaa,500_minutes,450-510,450,Waterston_500_minutes_batch_1
GTACTTTTCGAGGTAG-500.1.3,6,0.09121269,185,,,500_minutes,170-210,185,Waterston_500_minutes_batch_1
GTAGGCCAGCACCGTC-500.1.3,13,0.33734366,435,ASH,ABpxpaappaa,500_minutes,390-450,435,Waterston_500_minutes_batch_1
GTAGTCATCGAATGCT-500.1.3,12,0.36992633,385,ADL,ABalppppaad/ABpraaapaad,500_minutes,330-390,385,Waterston_500_minutes_batch_1
GTCATTTCATGCCTTC-500.1.3,24,0.4588574,470,ASJ,ABalpppppppa/ABpraaappppa,500_minutes,450-510,470,Waterston_500_minutes_batch_1
GTTAAGCCAACTTGAC-500.1.3,24,0.54049706,470,ASJ,ABalpppppppa/ABpraaappppa,500_minutes,450-510,470,Waterston_500_minutes_batch_1
TAAACCGGTACCATCA-500.1.3,9,0.38663825,530,ASE,ABalppppppaa/ABpraaapppaa,500_minutes,510-580,530,Waterston_500_minutes_batch_1
TAAGCGTTCCTTTCTC-500.1.3,19,0.28296727,620,AWA,ABpxaapapaa,500_minutes,580-650,620,Waterston_500_minutes_batch_1
TACAGTGTCGAATGCT-500.1.3,16,0.3968937,530,ASI,ABpxaapapppa,500_minutes,510-580,530,Waterston_500_minutes_batch_1
TACTCGCGTATTCTCT-500.1.3,24,0.5802747,490,ASJ,ABalpppppppa/ABpraaappppa,500_minutes,450-510,490,Waterston_500_minutes_batch_1
TACTTGTAGCGGATCA-500.1.3,15,0.1504146,375,ASI_parent,ABpxaapappp,500_minutes,330-390,375,Waterston_500_minutes_batch_1
TAGACCAAGAAACGCC-500.1.3,19,0.19019017,420,AWA,ABpxaapapaa,500_minutes,390-450,420,Waterston_500_minutes_batch_1
TAGGCATCAACGCACC-500.1.3,5,0.090108365,270,ASK_parent,ABalpppappp/ABpraaaappp,500_minutes,270-330,270,Waterston_500_minutes_batch_1
TAGGCATCATGATCCA-500.1.3,0,0.6704698,585,AFD,ABalpppapav/ABpraaaapav,500_minutes,580-650,585,Waterston_500_minutes_batch_1
TAGTTGGAGACTTGAA-500.1.3,21,0.4866623,510,ASK,ABalpppapppa/ABpraaaapppa,500_minutes,510-580,510,Waterston_500_minutes_batch_1
TAGTTGGCACCGAATT-500.1.3,17,0.24685216,620,AWB,ABalpppppap/ABpraaappap,500_minutes,580-650,620,Waterston_500_minutes_batch_1
TCAGGATTCACTCTTA-500.1.3,20,0.89923316,700,ADL,ABalppppaad/ABpraaapaad,500_minutes,> 650,700,Waterston_500_minutes_batch_1
TCCACACGTGTGACGA-500.1.3,14,0.3080664,620,ADF,ABalpppppaa/ABpraaappaa,500_minutes,580-650,620,Waterston_500_minutes_batch_1
TCTGGAAGTCGAAAGC-500.1.3,13,0.23160361,390,ASH,ABpxpaappaa,500_minutes,390-450,390,Waterston_500_minutes_batch_1
TCTTTCCTCAGTTTGG-500.1.3,14,0.26945457,490,ADF,ABalpppppaa/ABpraaappaa,500_minutes,450-510,490,Waterston_500_minutes_batch_1
TGCGGGTAGGATGGTC-500.1.3,9,0.3462947,450,ASE,ABalppppppaa/ABpraaapppaa,500_minutes,450-510,450,Waterston_500_minutes_batch_1
TGCGTGGTCGCCAAAT-500.1.3,9,0.40429524,530,ASE,ABalppppppaa/ABpraaapppaa,500_minutes,510-580,530,Waterston_500_minutes_batch_1
TGCTACCAGCGGATCA-500.1.3,19,0.13216355,385,ASG_AWA,,500_minutes,330-390,385,Waterston_500_minutes_batch_1
TGGCCAGCAAGTACCT-500.1.3,16,0.40859947,550,ASI,ABpxaapapppa,500_minutes,510-580,550,Waterston_500_minutes_batch_1
TGTATTCGTAAAGGAG-500.1.3,20,0.7073423,520,ADL,ABalppppaad/ABpraaapaad,500_minutes,510-580,520,Waterston_500_minutes_batch_1
TTAGGCAAGTCGAGTG-500.1.3,5,0.112691924,325,ASK_parent,ABalpppappp/ABpraaaappp,500_minutes,270-330,325,Waterston_500_minutes_batch_1
TTCCCAGGTCGGCACT-500.1.3,13,0.47929975,550,ASH,ABpxpaappaa,500_minutes,510-580,550,Waterston_500_minutes_batch_1
TTCTACACATGGAATA-500.1.3,19,0.13279936,355,ASG_AWA,,500_minutes,330-390,355,Waterston_500_minutes_batch_1
TTTATGCTCACTATTC-500.1.3,16,0.4047648,520,ASI,ABpxaapapppa,500_minutes,510-580,520,Waterston_500_minutes_batch_1
TTTGTCAAGGGTTCCC-500.1.3,16,0.41567707,585,ASI,ABpxaapapppa,500_minutes,580-650,585,Waterston_500_minutes_batch_1
AAACGGGTCGAATGGG-500.2.1,20,0.6089991,490,ADL,ABalppppaad/ABpraaapaad,500_minutes,450-510,490,Waterston_500_minutes_batch_2
AAAGCAAGTTCAGTAC-500.2.1,17,0.19174065,390,AWB,ABalpppppap/ABpraaappap,500_minutes,390-450,390,Waterston_500_minutes_batch_2
AAAGTAGTCAGGCAAG-500.2.1,10,0.43655297,450,ASJ,ABalpppppppa/ABpraaappppa,500_minutes,450-510,450,Waterston_500_minutes_batch_2
AAATGCCTCACAACGT-500.2.1,20,0.8729059,700,ADL,ABalppppaad/ABpraaapaad,500_minutes,> 650,700,Waterston_500_minutes_batch_2
AACACGTGTGCGGTAA-500.2.1,14,0.2940448,640,ADF,ABalpppppaa/ABpraaappaa,500_minutes,580-650,640,Waterston_500_minutes_batch_2
AACCGCGTCTATCGCC-500.2.1,13,0.4331676,530,ASH,ABpxpaappaa,500_minutes,510-580,530,Waterston_500_minutes_batch_2
AACTCAGAGATCACGG-500.2.1,20,0.66787505,530,ADL,ABalppppaad/ABpraaapaad,500_minutes,510-580,530,Waterston_500_minutes_batch_2
AACTCTTCAGCCTTTC-500.2.1,22,0.46310747,700,ASER,ABalppppppaa/ABpraaapppaa,500_minutes,> 650,700,Waterston_500_minutes_batch_2
AACTCTTGTTGGACCC-500.2.1,20,0.78451544,620,ADL,ABalppppaad/ABpraaapaad,500_minutes,580-650,620,Waterston_500_minutes_batch_2
AAGCCGCCAACTGCTA-500.2.1,17,0.26479387,450,AWB,ABalpppppap/ABpraaappap,500_minutes,450-510,450,Waterston_500_minutes_batch_2
AAGCCGCCATGTTGAC-500.2.1,13,0.51581293,750,ASH,ABpxpaappaa,500_minutes,> 650,750,Waterston_500_minutes_batch_2
AATCGGTCAAACGTGG-500.2.1,20,0.897103,755,ADL,ABalppppaad/ABpraaapaad,500_minutes,> 650,755,Waterston_500_minutes_batch_2
ACACCAAAGTCTTGCA-500.2.1,23,0.319749,550,ADF,ABalpppppaa/ABpraaappaa,500_minutes,510-580,550,Waterston_500_minutes_batch_2
ACACCAAGTAGCGATG-500.2.1,18,0.61185896,700,AWC,ABpxpaaaaap,500_minutes,> 650,700,Waterston_500_minutes_batch_2
ACACTGAAGGAATGGA-500.2.1,0,0.6938102,700,AFD,ABalpppapav/ABpraaaapav,500_minutes,> 650,700,Waterston_500_minutes_batch_2
ACAGCCGGTATTCGTG-500.2.1,21,0.6831739,620,ASK,ABalpppapppa/ABpraaaapppa,500_minutes,580-650,620,Waterston_500_minutes_batch_2
ACAGCTAAGTTAGCGG-500.2.1,24,0.8437407,700,ASJ,ABalpppppppa/ABpraaappppa,500_minutes,> 650,700,Waterston_500_minutes_batch_2
ACAGCTACACAGAGGT-500.2.1,15,0.23332997,440,ASI,ABpxaapapppa,500_minutes,390-450,440,Waterston_500_minutes_batch_2
ACAGCTACACCACCAG-500.2.1,23,0.34179884,640,ASG,ABpxaapapap,500_minutes,580-650,640,Waterston_500_minutes_batch_2
ACATACGTCAACACGT-500.2.1,24,0.6383014,550,ASJ,ABalpppppppa/ABpraaappppa,500_minutes,510-580,550,Waterston_500_minutes_batch_2
ACATCAGAGAAGGTTT-500.2.1,22,0.47044182,700,ASER,ABalppppppaa/ABpraaapppaa,500_minutes,> 650,700,Waterston_500_minutes_batch_2
ACATCAGTCCTTAATC-500.2.1,22,0.4269012,750,ASER,ABalppppppaa/ABpraaapppaa,500_minutes,> 650,750,Waterston_500_minutes_batch_2
ACATGGTCAAAGCGGT-500.2.1,17,0.25871277,500,AWB,ABalpppppap/ABpraaappap,500_minutes,450-510,500,Waterston_500_minutes_batch_2
ACCAGTACAGTTAACC-500.2.1,13,0.2342358,410,ASH,ABpxpaappaa,500_minutes,390-450,410,Waterston_500_minutes_batch_2
ACCGTAATCTGGTATG-500.2.1,18,0.6602274,700,AWC,ABpxpaaaaap,500_minutes,> 650,700,Waterston_500_minutes_batch_2
ACGATGTAGCTATGCT-500.2.1,13,0.51339966,630,ASH,ABpxpaappaa,500_minutes,580-650,630,Waterston_500_minutes_batch_2
ACGCAGCTCATTTGGG-500.2.1,22,0.44108364,700,ASER,ABalppppppaa/ABpraaapppaa,500_minutes,> 650,700,Waterston_500_minutes_batch_2
ACGCAGCTCCTGCCAT-500.2.1,22,0.43084902,670,ASEL,ABalppppppaa/ABpraaapppaa,500_minutes,> 650,670,Waterston_500_minutes_batch_2
ACGGCCAGTATTAGCC-500.2.1,19,0.345612,700,AWA,ABpxaapapaa,500_minutes,> 650,700,Waterston_500_minutes_batch_2
ACGGGCTCAATCAGAA-500.2.1,24,0.831906,700,ASJ,ABalpppppppa/ABpraaappppa,500_minutes,> 650,700,Waterston_500_minutes_batch_2
ACGGGCTGTCTAGTCA-500.2.1,22,0.4496823,700,ASER,ABalppppppaa/ABpraaapppaa,500_minutes,> 650,700,Waterston_500_minutes_batch_2
ACGGGCTTCAGCTCGG-500.2.1,24,0.65740436,550,ASJ,ABalpppppppa/ABpraaappppa,500_minutes,510-580,550,Waterston_500_minutes_batch_2
ACGGGTCCAGAGCCAA-500.2.1,14,0.30830976,640,ADF,ABalpppppaa/ABpraaappaa,500_minutes,580-650,640,Waterston_500_minutes_batch_2
ACTATCTAGCTCCTCT-500.2.1,22,0.43452045,700,ASER,ABalppppppaa/ABpraaapppaa,500_minutes,> 650,700,Waterston_500_minutes_batch_2
ACTATCTCACAGCCCA-500.2.1,9,0.33100626,490,ASE,ABalppppppaa/ABpraaapppaa,500_minutes,450-510,490,Waterston_500_minutes_batch_2
ACTGAACGTCCGTGAC-500.2.1,13,0.54460484,700,ASH,ABpxpaappaa,500_minutes,> 650,700,Waterston_500_minutes_batch_2
ACTGATGGTCTCACCT-500.2.1,10,0.46346623,490,ASJ,ABalpppppppa/ABpraaappppa,500_minutes,450-510,490,Waterston_500_minutes_batch_2
ACTGTCCGTGCAGGTA-500.2.1,20,0.890697,750,ADL,ABalppppaad/ABpraaapaad,500_minutes,> 650,750,Waterston_500_minutes_batch_2
ACTTACTAGGGTCTCC-500.2.1,0,0.7218836,725,AFD,ABalpppapav/ABpraaaapav,500_minutes,> 650,725,Waterston_500_minutes_batch_2
ACTTACTGTTCACCTC-500.2.1,10,0.40248927,400,ASJ,ABalpppppppa/ABpraaappppa,500_minutes,390-450,400,Waterston_500_minutes_batch_2
ACTTACTTCTGCCAGG-500.2.1,14,0.26675165,490,ADF,ABalpppppaa/ABpraaappaa,500_minutes,450-510,490,Waterston_500_minutes_batch_2
ACTTGTTTCTTGTCAT-500.2.1,19,0.08418226,350,,,500_minutes,330-390,350,Waterston_500_minutes_batch_2
AGACGTTTCGCCCTTA-500.2.1,0,0.6973024,725,AFD,ABalpppapav/ABpraaaapav,500_minutes,> 650,725,Waterston_500_minutes_batch_2
AGAGCGATCAGGCAAG-500.2.1,16,0.39754048,550,ASI,ABpxaapapppa,500_minutes,510-580,550,Waterston_500_minutes_batch_2
AGAGCTTTCACAGTAC-500.2.1,9,0.17135584,365,ASE,ABalppppppaa/ABpraaapppaa,500_minutes,330-390,365,Waterston_500_minutes_batch_2
AGAGTGGAGGTGCAAC-500.2.1,10,0.3124482,390,ASJ,ABalpppppppa/ABpraaappppa,500_minutes,390-450,390,Waterston_500_minutes_batch_2
AGAGTGGGTCCTAGCG-500.2.1,0,0.66269416,630,AFD,ABalpppapav/ABpraaaapav,500_minutes,580-650,630,Waterston_500_minutes_batch_2
AGATCTGAGTCTTGCA-500.2.1,13,0.24078757,375,ASH,ABpxpaappaa,500_minutes,330-390,375,Waterston_500_minutes_batch_2
AGATCTGCACTCTGTC-500.2.1,18,0.6279246,635,AWC,ABpxpaaaaap,500_minutes,580-650,635,Waterston_500_minutes_batch_2
AGATTGCCATCCGGGT-500.2.1,20,0.8713736,670,ADL,ABalppppaad/ABpraaapaad,500_minutes,> 650,670,Waterston_500_minutes_batch_2
AGCATACGTAAACGCG-500.2.1,24,0.8028076,670,ASJ,ABalpppppppa/ABpraaappppa,500_minutes,> 650,670,Waterston_500_minutes_batch_2
AGCGGTCGTAAACCTC-500.2.1,19,0.3254628,700,AWA,ABpxaapapaa,500_minutes,> 650,700,Waterston_500_minutes_batch_2
AGCTCCTAGAGGTAGA-500.2.1,24,0.85677356,670,ASJ,ABalpppppppa/ABpraaappppa,500_minutes,> 650,670,Waterston_500_minutes_batch_2
AGCTCCTCAGGGTATG-500.2.1,9,0.25687033,490,ASE,ABalppppppaa/ABpraaapppaa,500_minutes,450-510,490,Waterston_500_minutes_batch_2
AGCTTGACAGCTATTG-500.2.1,20,0.9139047,700,ADL,ABalppppaad/ABpraaapaad,500_minutes,> 650,700,Waterston_500_minutes_batch_2
AGGCCGTAGTTACCCA-500.2.1,21,0.5969675,620,ASK,ABalpppapppa/ABpraaaapppa,500_minutes,580-650,620,Waterston_500_minutes_batch_2
AGGGAGTGTTCCGTCT-500.2.1,14,0.305899,640,ADF,ABalpppppaa/ABpraaappaa,500_minutes,580-650,640,Waterston_500_minutes_batch_2
AGGTCATGTCTCCACT-500.2.1,24,0.53206515,490,ASJ,ABalpppppppa/ABpraaappppa,500_minutes,450-510,490,Waterston_500_minutes_batch_2
AGTGAGGGTTACCGAT-500.2.1,14,0.28017265,550,ADF,ABalpppppaa/ABpraaappaa,500_minutes,510-580,550,Waterston_500_minutes_batch_2
AGTGGGAAGATATGCA-500.2.1,20,0.8071711,640,ADL,ABalppppaad/ABpraaapaad,500_minutes,580-650,640,Waterston_500_minutes_batch_2
AGTGGGAGTAAACACA-500.2.1,17,0.214238,420,AWB,ABalpppppap/ABpraaappap,500_minutes,390-450,420,Waterston_500_minutes_batch_2
AGTTGGTAGCTCAACT-500.2.1,9,0.33225197,450,AWA,ABpxaapapaa,500_minutes,450-510,450,Waterston_500_minutes_batch_2
AGTTGGTCAAACAACA-500.2.1,13,0.49972314,620,ADF,ABalpppppaa/ABpraaappaa,500_minutes,580-650,620,Waterston_500_minutes_batch_2
ATAACGCAGCTATGCT-500.2.1,20,0.8994621,750,ADL,ABalppppaad/ABpraaapaad,500_minutes,> 650,750,Waterston_500_minutes_batch_2
ATAGACCCACATGTGT-500.2.1,13,0.4508031,550,ASH,ABpxpaappaa,500_minutes,510-580,550,Waterston_500_minutes_batch_2
ATCACGATCTTAGCCC-500.2.1,7,0.07759138,355,Neuroblast_ASG_AWA,ABpxaapapa,500_minutes,330-390,355,Waterston_500_minutes_batch_2
ATGGGAGAGCCTTGAT-500.2.1,23,0.30548275,550,ASG,ABpxaapapap,500_minutes,510-580,550,Waterston_500_minutes_batch_2
ATGGGAGCACAGAGGT-500.2.1,10,0.30501196,415,ASJ,ABalpppppppa/ABpraaappppa,500_minutes,390-450,415,Waterston_500_minutes_batch_2
ATGGGAGTCAACACTG-500.2.1,22,0.43162584,700,ASER,ABalppppppaa/ABpraaapppaa,500_minutes,> 650,700,Waterston_500_minutes_batch_2
ATGTGTGAGCGACGTA-500.2.1,21,0.58995014,500,ASK,ABalpppapppa/ABpraaaapppa,500_minutes,450-510,500,Waterston_500_minutes_batch_2
ATTACTCCACTCGACG-500.2.1,20,0.7714388,585,ADL,ABalppppaad/ABpraaapaad,500_minutes,580-650,585,Waterston_500_minutes_batch_2
ATTACTCGTTCTGTTT-500.2.1,0,0.6612384,620,AFD,ABalpppapav/ABpraaaapav,500_minutes,580-650,620,Waterston_500_minutes_batch_2
ATTACTCTCTCGAGTA-500.2.1,23,0.2897158,640,ASG,ABpxaapapap,500_minutes,580-650,640,Waterston_500_minutes_batch_2
ATTGGTGGTGTGTGCC-500.2.1,20,0.59232885,490,ADL,ABalppppaad/ABpraaapaad,500_minutes,450-510,490,Waterston_500_minutes_batch_2
ATTGGTGTCCTGCCAT-500.2.1,23,0.33023503,635,ASG,ABpxaapapap,500_minutes,580-650,635,Waterston_500_minutes_batch_2
ATTGGTGTCTTTACAC-500.2.1,1,0.009130132,195,,,500_minutes,170-210,195,Waterston_500_minutes_batch_2
CAACCAATCGAACTGT-500.2.1,16,0.43010423,620,ASI,ABpxaapapppa,500_minutes,580-650,620,Waterston_500_minutes_batch_2
CAACCTCAGACCACGA-500.2.1,17,0.16414854,585,ASH,ABpxpaappaa,500_minutes,580-650,585,Waterston_500_minutes_batch_2
CAACCTCTCGTCCGTT-500.2.1,24,0.6626849,620,ASJ,ABalpppppppa/ABpraaappppa,500_minutes,580-650,620,Waterston_500_minutes_batch_2
CAAGATCCATTCTTAC-500.2.1,17,0.1922037,390,ASJ,ABalpppppppa/ABpraaappppa,500_minutes,390-450,390,Waterston_500_minutes_batch_2
CAAGTTGTCAGTTTGG-500.2.1,14,0.32197797,700,ADF,ABalpppppaa/ABpraaappaa,500_minutes,> 650,700,Waterston_500_minutes_batch_2
CACAAACTCACATACG-500.2.1,24,0.92015535,700,ASJ,ABalpppppppa/ABpraaappppa,500_minutes,> 650,700,Waterston_500_minutes_batch_2
CACACAAGTAGGAGTC-500.2.1,18,0.58326656,700,AWC,ABpxpaaaaap,500_minutes,> 650,700,Waterston_500_minutes_batch_2
CACACCTCAATCGAAA-500.2.1,18,0.6902768,725,AWC_ON,,500_minutes,> 650,725,Waterston_500_minutes_batch_2
CACAGGCGTCGAGATG-500.2.1,13,0.41481355,490,ASH,ABpxpaappaa,500_minutes,450-510,490,Waterston_500_minutes_batch_2
CACATAGCATCAGTCA-500.2.1,20,0.7892874,585,ADL,ABalppppaad/ABpraaapaad,500_minutes,580-650,585,Waterston_500_minutes_batch_2
CACATTTAGTCACGCC-500.2.1,20,0.82363904,640,ADL,ABalppppaad/ABpraaapaad,500_minutes,580-650,640,Waterston_500_minutes_batch_2
CACATTTCAGCCAGAA-500.2.1,17,0.21518588,435,AWB,ABalpppppap/ABpraaappap,500_minutes,390-450,435,Waterston_500_minutes_batch_2
CACCACTCAAACGTGG-500.2.1,10,0.26293427,410,ASJ,ABalpppppppa/ABpraaappppa,500_minutes,390-450,410,Waterston_500_minutes_batch_2
CACCTTGCAAGCCATT-500.2.1,0,0.6976534,695,AFD,ABalpppapav/ABpraaaapav,500_minutes,> 650,695,Waterston_500_minutes_batch_2
CAGAATCAGAAACCAT-500.2.1,14,0.29834467,640,ADF,ABalpppppaa/ABpraaappaa,500_minutes,580-650,640,Waterston_500_minutes_batch_2
CAGAATCAGATCCCAT-500.2.1,21,0.6811216,640,ASK,ABalpppapppa/ABpraaaapppa,500_minutes,580-650,640,Waterston_500_minutes_batch_2
CAGAATCAGATCCTGT-500.2.1,13,0.55435985,700,ASH,ABpxpaappaa,500_minutes,> 650,700,Waterston_500_minutes_batch_2
CAGATCACATCGATGT-500.2.1,18,0.53819287,490,AWC,ABpxpaaaaap,500_minutes,450-510,490,Waterston_500_minutes_batch_2
CAGCAGCAGCACCGTC-500.2.1,9,0.26544142,435,ASE,ABalppppppaa/ABpraaapppaa,500_minutes,390-450,435,Waterston_500_minutes_batch_2
CAGCAGCCATTCCTGC-500.2.1,15,0.3013992,565,ASI,ABpxaapapppa,500_minutes,510-580,565,Waterston_500_minutes_batch_2
CAGCATAAGTGAAGAG-500.2.1,22,0.3958284,700,AWA,ABpxaapapaa,500_minutes,> 650,700,Waterston_500_minutes_batch_2
CAGCATAGTAGCGTGA-500.2.1,0,0.70596385,670,AFD,ABalpppapav/ABpraaaapav,500_minutes,> 650,670,Waterston_500_minutes_batch_2
CAGCCGAAGTTAACGA-500.2.1,21,0.70581055,670,ASK,ABalpppapppa/ABpraaaapppa,500_minutes,> 650,670,Waterston_500_minutes_batch_2
CAGCTGGAGATGCCAG-500.2.1,24,0.7594372,640,ASJ,ABalpppppppa/ABpraaappppa,500_minutes,580-650,640,Waterston_500_minutes_batch_2
CAGGTGCAGGTAGCTG-500.2.1,13,0.49109975,640,ASH,ABpxpaappaa,500_minutes,580-650,640,Waterston_500_minutes_batch_2
CAGGTGCCACCGCTAG-500.2.1,21,0.6234486,550,ASK,ABalpppapppa/ABpraaaapppa,500_minutes,510-580,550,Waterston_500_minutes_batch_2
CAGTCCTAGGCCCTCA-500.2.1,0,0.63645047,660,AFD,ABalpppapav/ABpraaaapav,500_minutes,> 650,660,Waterston_500_minutes_batch_2
CAGTCCTCAACTGGCC-500.2.1,16,0.42814294,640,ASI,ABpxaapapppa,500_minutes,580-650,640,Waterston_500_minutes_batch_2
CAGTCCTTCGCGGATC-500.2.1,0,0.704118,750,AFD,ABalpppapav/ABpraaaapav,500_minutes,> 650,750,Waterston_500_minutes_batch_2
CATATGGGTCTTCGTC-500.2.1,21,0.26714677,420,ASK,ABalpppapppa/ABpraaaapppa,500_minutes,390-450,420,Waterston_500_minutes_batch_2
CATATGGTCTAACTTC-500.2.1,10,0.39228514,410,ASJ,ABalpppppppa/ABpraaappppa,500_minutes,390-450,410,Waterston_500_minutes_batch_2
CATCAAGTCATGTAGC-500.2.1,20,0.86843145,700,ADL,ABalppppaad/ABpraaapaad,500_minutes,> 650,700,Waterston_500_minutes_batch_2
CATCAGAGTGCCTTGG-500.2.1,19,0.14734863,425,AWA,ABpxaapapaa,500_minutes,390-450,425,Waterston_500_minutes_batch_2
CATCAGATCATTGCGA-500.2.1,20,0.81031394,630,ADL,ABalppppaad/ABpraaapaad,500_minutes,580-650,630,Waterston_500_minutes_batch_2
CATCGGGAGAAACCTA-500.2.1,10,0.39957732,410,ASJ,ABalpppppppa/ABpraaappppa,500_minutes,390-450,410,Waterston_500_minutes_batch_2
CATGCCTGTTGCTCCT-500.2.1,15,0.24997735,450,ASI,ABpxaapapppa,500_minutes,450-510,450,Waterston_500_minutes_batch_2
CATGGCGTCTCAAGTG-500.2.1,24,0.8514675,700,ASJ,ABalpppppppa/ABpraaappppa,500_minutes,> 650,700,Waterston_500_minutes_batch_2
CATTATCGTGTTCGAT-500.2.1,20,0.91641974,725,ADL,ABalppppaad/ABpraaapaad,500_minutes,> 650,725,Waterston_500_minutes_batch_2
CCACGGAAGATCCGAG-500.2.1,10,0.30166712,410,ASJ,ABalpppppppa/ABpraaappppa,500_minutes,390-450,410,Waterston_500_minutes_batch_2
CCACGGAAGTGTGAAT-500.2.1,21,0.6832607,620,ASK,ABalpppapppa/ABpraaaapppa,500_minutes,580-650,620,Waterston_500_minutes_batch_2
CCACGGAGTACAAGTA-500.2.1,20,0.6451376,520,ADL,ABalppppaad/ABpraaapaad,500_minutes,510-580,520,Waterston_500_minutes_batch_2
CCACGGAGTGTTTGGT-500.2.1,17,0.2036756,405,AWB,ABalpppppap/ABpraaappap,500_minutes,390-450,405,Waterston_500_minutes_batch_2
CCAGCGAAGTGAAGTT-500.2.1,18,0.64533496,700,AWC,ABpxpaaaaap,500_minutes,> 650,700,Waterston_500_minutes_batch_2
CCATGTCAGCCCTAAT-500.2.1,24,0.70352453,620,ASJ,ABalpppppppa/ABpraaappppa,500_minutes,580-650,620,Waterston_500_minutes_batch_2
CCATGTCTCTTTCCTC-500.2.1,15,0.15844305,375,ASI_parent,ABpxaapappp,500_minutes,330-390,375,Waterston_500_minutes_batch_2
CCATTCGTCTAACCGA-500.2.1,19,0.17670971,400,AWA,ABpxaapapaa,500_minutes,390-450,400,Waterston_500_minutes_batch_2
CCCAATCAGGAATCGC-500.2.1,15,0.3232017,450,ASI,ABpxaapapppa,500_minutes,450-510,450,Waterston_500_minutes_batch_2
CCGGGATCAGCTGGCT-500.2.1,12,0.4402996,450,ADL,ABalppppaad/ABpraaapaad,500_minutes,450-510,450,Waterston_500_minutes_batch_2
CCGTGGAAGACGCTTT-500.2.1,15,0.13477927,350,ASI_parent,ABpxaapappp,500_minutes,330-390,350,Waterston_500_minutes_batch_2
CCGTTCACATACTCTT-500.2.1,24,0.9157591,750,ASJ,ABalpppppppa/ABpraaappppa,500_minutes,> 650,750,Waterston_500_minutes_batch_2
CCGTTCATCAGTTGAC-500.2.1,16,0.43294424,640,ASI,ABpxaapapppa,500_minutes,580-650,640,Waterston_500_minutes_batch_2
CCTCTGAAGTGGTCCC-500.2.1,14,0.20637843,450,ADF,ABalpppppaa/ABpraaappaa,500_minutes,450-510,450,Waterston_500_minutes_batch_2
CCTTACGAGAGGACGG-500.2.1,12,0.44139415,450,ADL,ABalppppaad/ABpraaapaad,500_minutes,450-510,450,Waterston_500_minutes_batch_2
CCTTCCCGTTGGACCC-500.2.1,24,0.63804865,550,ASJ,ABalpppppppa/ABpraaappppa,500_minutes,510-580,550,Waterston_500_minutes_batch_2
CCTTCGACAATCACAC-500.2.1,13,0.3824661,550,ASH,ABpxpaappaa,500_minutes,510-580,550,Waterston_500_minutes_batch_2
CCTTTCTAGTTTCCTT-500.2.1,20,0.6098419,470,ADL,ABalppppaad/ABpraaapaad,500_minutes,450-510,470,Waterston_500_minutes_batch_2
CGACCTTTCCTCTAGC-500.2.1,21,0.6796056,620,ASK,ABalpppapppa/ABpraaaapppa,500_minutes,580-650,620,Waterston_500_minutes_batch_2
CGAGAAGTCACCACCT-500.2.1,20,0.59093654,470,ADL,ABalppppaad/ABpraaapaad,500_minutes,450-510,470,Waterston_500_minutes_batch_2
CGAGCCAAGAAGGCCT-500.2.1,0,0.6790083,550,AFD,ABalpppapav/ABpraaaapav,500_minutes,510-580,550,Waterston_500_minutes_batch_2
CGAGCCATCGACAGCC-500.2.1,20,0.9021156,750,ADL,ABalppppaad/ABpraaapaad,500_minutes,> 650,750,Waterston_500_minutes_batch_2
CGATCGGAGAGGTACC-500.2.1,19,0.34081814,700,AWA,ABpxaapapaa,500_minutes,> 650,700,Waterston_500_minutes_batch_2
CGATGTAAGAGACTTA-500.2.1,24,0.92652136,725,ASJ,ABalpppppppa/ABpraaappppa,500_minutes,> 650,725,Waterston_500_minutes_batch_2
CGATGTAGTATTCGTG-500.2.1,10,0.26248085,390,ASJ,ABalpppppppa/ABpraaappppa,500_minutes,390-450,390,Waterston_500_minutes_batch_2
CGATTGATCAGCATGT-500.2.1,9,0.2975001,450,ASE,ABalppppppaa/ABpraaapppaa,500_minutes,450-510,450,Waterston_500_minutes_batch_2
CGCCAAGCACAGGAGT-500.2.1,24,0.8274827,700,ASJ,ABalpppppppa/ABpraaappppa,500_minutes,> 650,700,Waterston_500_minutes_batch_2
CGCGTTTCAAGGTTTC-500.2.1,23,0.33521608,635,ASG,ABpxaapapap,500_minutes,580-650,635,Waterston_500_minutes_batch_2
CGCTATCCAATAAGCA-500.2.1,12,0.44076514,450,ADL,ABalppppaad/ABpraaapaad,500_minutes,450-510,450,Waterston_500_minutes_batch_2
CGCTGGAAGGCAGTCA-500.2.1,20,0.92660266,700,ADL,ABalppppaad/ABpraaapaad,500_minutes,> 650,700,Waterston_500_minutes_batch_2
CGCTGGAGTAGAAGGA-500.2.1,18,0.40202448,450,AWC,ABpxpaaaaap,500_minutes,450-510,450,Waterston_500_minutes_batch_2
CGGACGTAGTCGTACT-500.2.1,15,0.14098589,370,ASI_parent,ABpxaapappp,500_minutes,330-390,370,Waterston_500_minutes_batch_2
CGGAGCTTCGAATGGG-500.2.1,21,0.4877843,450,ASK,ABalpppapppa/ABpraaaapppa,500_minutes,450-510,450,Waterston_500_minutes_batch_2
CGGCTAGTCTTTACGT-500.2.1,22,0.464506,725,ASER,ABalppppppaa/ABpraaapppaa,500_minutes,> 650,725,Waterston_500_minutes_batch_2
CGTAGGCTCATATCGG-500.2.1,20,0.6536786,500,ADL,ABalppppaad/ABpraaapaad,500_minutes,450-510,500,Waterston_500_minutes_batch_2
CGTAGGCTCTATCCTA-500.2.1,20,0.99033827,750,ADL,ABalppppaad/ABpraaapaad,500_minutes,> 650,750,Waterston_500_minutes_batch_2
CGTCACTTCTCGAGTA-500.2.1,13,0.5381672,700,ASH,ABpxpaappaa,500_minutes,> 650,700,Waterston_500_minutes_batch_2
CGTGTCTAGCAACGGT-500.2.1,22,0.3809083,640,ASG,ABpxaapapap,500_minutes,580-650,640,Waterston_500_minutes_batch_2
CGTTAGAAGAACAACT-500.2.1,20,0.75519574,620,ADL,ABalppppaad/ABpraaapaad,500_minutes,580-650,620,Waterston_500_minutes_batch_2
CGTTAGACAATAAGCA-500.2.1,17,0.23682107,500,AWB,ABalpppppap/ABpraaappap,500_minutes,450-510,500,Waterston_500_minutes_batch_2
CTAAGACGTGTGAAAT-500.2.1,21,0.6728779,640,ASK,ABalpppapppa/ABpraaaapppa,500_minutes,580-650,640,Waterston_500_minutes_batch_2
CTACACCAGCGATCCC-500.2.1,0,0.68829376,700,AFD,ABalpppapav/ABpraaaapav,500_minutes,> 650,700,Waterston_500_minutes_batch_2
CTACCCACATTACCTT-500.2.1,21,0.47058538,450,ASK,ABalpppapppa/ABpraaaapppa,500_minutes,450-510,450,Waterston_500_minutes_batch_2
CTAGTGATCGTCCAGG-500.2.1,24,0.88529444,670,ASJ,ABalpppppppa/ABpraaappppa,500_minutes,> 650,670,Waterston_500_minutes_batch_2
CTAGTGATCTACGAGT-500.2.1,10,0.37731558,400,ASJ,ABalpppppppa/ABpraaappppa,500_minutes,390-450,400,Waterston_500_minutes_batch_2
CTCACACTCAATCTCT-500.2.1,20,0.73254156,620,ADL,ABalppppaad/ABpraaapaad,500_minutes,580-650,620,Waterston_500_minutes_batch_2
CTCAGAATCCAATGGT-500.2.1,14,0.3143523,635,ADF,ABalpppppaa/ABpraaappaa,500_minutes,580-650,635,Waterston_500_minutes_batch_2
CTCAGAATCTGTGCAA-500.2.1,20,0.9102668,700,ADL,ABalppppaad/ABpraaapaad,500_minutes,> 650,700,Waterston_500_minutes_batch_2
CTCGAAAAGTGAACGC-500.2.1,0,0.5049068,725,AFD,ABalpppapav/ABpraaaapav,500_minutes,> 650,725,Waterston_500_minutes_batch_2
CTCGGAGCACCGGAAA-500.2.1,20,0.6223378,490,ADL,ABalppppaad/ABpraaapaad,500_minutes,450-510,490,Waterston_500_minutes_batch_2
CTCTAATAGATCTGCT-500.2.1,21,0.6416102,550,ASK,ABalpppapppa/ABpraaaapppa,500_minutes,510-580,550,Waterston_500_minutes_batch_2
CTCTAATAGCGTGAAC-500.2.1,21,0.6487536,550,ASK,ABalpppapppa/ABpraaaapppa,500_minutes,510-580,550,Waterston_500_minutes_batch_2
CTCTACGAGAAGGCCT-500.2.1,12,0.42562202,415,ADL,ABalppppaad/ABpraaapaad,500_minutes,390-450,415,Waterston_500_minutes_batch_2
CTCTACGAGTACTTGC-500.2.1,22,0.4519674,700,ASER,ABalppppppaa/ABpraaapppaa,500_minutes,> 650,700,Waterston_500_minutes_batch_2
CTCTACGTCTAACCGA-500.2.1,13,0.50031865,550,ASH,ABpxpaappaa,500_minutes,510-580,550,Waterston_500_minutes_batch_2
CTGAAGTAGGTAGCCA-500.2.1,24,0.94225734,750,ASJ,ABalpppppppa/ABpraaappppa,500_minutes,> 650,750,Waterston_500_minutes_batch_2
CTGATAGGTATGCTTG-500.2.1,9,0.32048553,450,ASE,ABalppppppaa/ABpraaapppaa,500_minutes,450-510,450,Waterston_500_minutes_batch_2
CTGATCCCAGCTGCAC-500.2.1,20,0.91174144,755,ADL,ABalppppaad/ABpraaapaad,500_minutes,> 650,755,Waterston_500_minutes_batch_2
CTGCGGACAACGATGG-500.2.1,22,0.42590353,640,ASEL,ABalppppppaa/ABpraaapppaa,500_minutes,580-650,640,Waterston_500_minutes_batch_2
CTGGTCTGTCTAAAGA-500.2.1,20,0.6985934,490,ADL,ABalppppaad/ABpraaapaad,500_minutes,450-510,490,Waterston_500_minutes_batch_2
CTGTTTAGTTAAAGTG-500.2.1,15,0.177189,410,ASI,ABpxaapapppa,500_minutes,390-450,410,Waterston_500_minutes_batch_2
CTTACCGCATGACATC-500.2.1,17,0.20937432,450,AWB,ABalpppppap/ABpraaappap,500_minutes,450-510,450,Waterston_500_minutes_batch_2
CTTAGGAAGCACAGGT-500.2.1,21,0.7047502,640,ASK,ABalpppapppa/ABpraaaapppa,500_minutes,580-650,640,Waterston_500_minutes_batch_2
CTTAGGAAGGAATGGA-500.2.1,18,0.5048665,490,ADL,ABalppppaad/ABpraaapaad,500_minutes,450-510,490,Waterston_500_minutes_batch_2
CTTCTCTAGGCAATTA-500.2.1,22,0.4221392,700,ASEL,ABalppppppaa/ABpraaapppaa,500_minutes,> 650,700,Waterston_500_minutes_batch_2
CTTTGCGAGCGTGAGT-500.2.1,13,0.5304321,700,ASH,ABpxpaappaa,500_minutes,> 650,700,Waterston_500_minutes_batch_2
CTTTGCGAGCTAGTCT-500.2.1,13,0.5381648,700,ASH,ABpxpaappaa,500_minutes,> 650,700,Waterston_500_minutes_batch_2
GAACATCCATCACGTA-500.2.1,21,0.6725341,640,ASK,ABalpppapppa/ABpraaaapppa,500_minutes,580-650,640,Waterston_500_minutes_batch_2
GACAGAGAGCCGGTAA-500.2.1,18,0.34981045,450,AWC,ABpxpaaaaap,500_minutes,450-510,450,Waterston_500_minutes_batch_2
GACCTGGAGATACACA-500.2.1,22,0.41770193,640,ASEL,ABalppppppaa/ABpraaapppaa,500_minutes,580-650,640,Waterston_500_minutes_batch_2
GACGCGTCAAATTGCC-500.2.1,20,0.9047989,700,ADL,ABalppppaad/ABpraaapaad,500_minutes,> 650,700,Waterston_500_minutes_batch_2
GACGTGCAGCGATATA-500.2.1,20,0.7304006,550,ADL,ABalppppaad/ABpraaapaad,500_minutes,510-580,550,Waterston_500_minutes_batch_2
GACGTGCGTACCGAGA-500.2.1,22,0.4451193,700,ASER,ABalppppppaa/ABpraaapppaa,500_minutes,> 650,700,Waterston_500_minutes_batch_2
GACGTGCTCATCGCTC-500.2.1,16,0.38687137,620,ASI,ABpxaapapppa,500_minutes,580-650,620,Waterston_500_minutes_batch_2
GACGTTATCGTATCAG-500.2.1,15,0.29239863,530,ASI,ABpxaapapppa,500_minutes,510-580,530,Waterston_500_minutes_batch_2
GACTAACAGTGTCCAT-500.2.1,21,0.575795,550,ASK,ABalpppapppa/ABpraaaapppa,500_minutes,510-580,550,Waterston_500_minutes_batch_2
GACTACATCTGCGTAA-500.2.1,20,0.87336797,700,ADL,ABalppppaad/ABpraaapaad,500_minutes,> 650,700,Waterston_500_minutes_batch_2
GAGGTGAGTTCAGCGC-500.2.1,16,0.35256886,500,ASI,ABpxaapapppa,500_minutes,450-510,500,Waterston_500_minutes_batch_2
GAGTCCGAGTCCTCCT-500.2.1,21,0.6375297,550,ASK,ABalpppapppa/ABpraaaapppa,500_minutes,510-580,550,Waterston_500_minutes_batch_2
GAGTCCGGTGACCAAG-500.2.1,21,0.5009568,490,ASK,ABalpppapppa/ABpraaaapppa,500_minutes,450-510,490,Waterston_500_minutes_batch_2
GATCAGTCAACACCTA-500.2.1,18,0.23821642,410,AWC,ABpxpaaaaap,500_minutes,390-450,410,Waterston_500_minutes_batch_2
GATCGCGTCAGCAACT-500.2.1,23,0.33993006,640,ASG,ABpxaapapap,500_minutes,580-650,640,Waterston_500_minutes_batch_2
GATGAGGGTCCAGTGC-500.2.1,20,0.9004975,750,ADL,ABalppppaad/ABpraaapaad,500_minutes,> 650,750,Waterston_500_minutes_batch_2
GATGCTAGTAGCAAAT-500.2.1,0,0.5165802,440,AFD,ABalpppapav/ABpraaaapav,500_minutes,390-450,440,Waterston_500_minutes_batch_2
GATTCAGCAGCGATCC-500.2.1,17,0.24148121,420,AWB,ABalpppppap/ABpraaappap,500_minutes,390-450,420,Waterston_500_minutes_batch_2
GATTCAGCAGTCGTGC-500.2.1,18,0.62081146,700,AWC,ABpxpaaaaap,500_minutes,> 650,700,Waterston_500_minutes_batch_2
GCAAACTGTGTATGGG-500.2.1,10,0.38537428,410,ASJ,ABalpppppppa/ABpraaappppa,500_minutes,390-450,410,Waterston_500_minutes_batch_2
GCAATCAGTAAACGCG-500.2.1,20,0.6735237,550,ADL,ABalppppaad/ABpraaapaad,500_minutes,510-580,550,Waterston_500_minutes_batch_2
GCAGCCATCAGGTAAA-500.2.1,0,0.7070219,725,AFD,ABalpppapav/ABpraaaapav,500_minutes,> 650,725,Waterston_500_minutes_batch_2
GCATACAGTCATTAGC-500.2.1,9,0.27983087,415,ASE,ABalppppppaa/ABpraaapppaa,500_minutes,390-450,415,Waterston_500_minutes_batch_2
GCATGATTCTCGCTTG-500.2.1,9,0.32366207,490,ASE,ABalppppppaa/ABpraaapppaa,500_minutes,450-510,490,Waterston_500_minutes_batch_2
GCATGTATCGTTGCCT-500.2.1,22,0.43824184,670,ASEL,ABalppppppaa/ABpraaapppaa,500_minutes,> 650,670,Waterston_500_minutes_batch_2
GCCTCTATCAGTCAGT-500.2.1,12,0.25649709,375,ADL,ABalppppaad/ABpraaapaad,500_minutes,330-390,375,Waterston_500_minutes_batch_2
GCGACCACAAGAGGCT-500.2.1,18,0.5754987,620,AWC,ABpxpaaaaap,500_minutes,580-650,620,Waterston_500_minutes_batch_2
GCGACCACACAGTCGC-500.2.1,22,0.40707117,700,AWC,ABpxpaaaaap,500_minutes,> 650,700,Waterston_500_minutes_batch_2
GCGACCAGTGTTTGGT-500.2.1,13,0.39828318,700,ASH,ABpxpaappaa,500_minutes,> 650,700,Waterston_500_minutes_batch_2
GCGCAGTTCTGATACG-500.2.1,22,0.42474234,725,ASER,ABalppppppaa/ABpraaapppaa,500_minutes,> 650,725,Waterston_500_minutes_batch_2
GCGCGATGTTGCGTTA-500.2.1,23,0.2708418,500,ASG,ABpxaapapap,500_minutes,450-510,500,Waterston_500_minutes_batch_2
GCTGGGTTCATCTGCC-500.2.1,17,0.16101956,370,ASE,ABalppppppaa/ABpraaapppaa,500_minutes,330-390,370,Waterston_500_minutes_batch_2
GGAACTTAGCGCCTTG-500.2.1,20,0.5528124,620,AWA,ABpxaapapaa,500_minutes,580-650,620,Waterston_500_minutes_batch_2
GGAACTTGTTCCGTCT-500.2.1,17,0.22114612,485,AUA,ABalpppppppp/ABpraaappppp,500_minutes,450-510,485,Waterston_500_minutes_batch_2
GGACATTGTATGAAAC-500.2.1,15,0.25747406,435,ASI,ABpxaapapppa,500_minutes,390-450,435,Waterston_500_minutes_batch_2
GGATTACCATTGGCGC-500.2.1,0,0.68002176,640,AFD,ABalpppapav/ABpraaaapav,500_minutes,580-650,640,Waterston_500_minutes_batch_2
GGATTACTCAGCTCTC-500.2.1,17,0.19032815,420,ADF,ABalpppppaa/ABpraaappaa,500_minutes,390-450,420,Waterston_500_minutes_batch_2
GGCGTGTTCTGCTTGC-500.2.1,18,0.50869596,470,AWC,ABpxpaaaaap,500_minutes,450-510,470,Waterston_500_minutes_batch_2
GGGCATCGTGGTACAG-500.2.1,20,0.812998,640,ADL,ABalppppaad/ABpraaapaad,500_minutes,580-650,640,Waterston_500_minutes_batch_2
GGGTTGCGTTTAGCTG-500.2.1,23,0.3167481,550,AWA,ABpxaapapaa,500_minutes,510-580,550,Waterston_500_minutes_batch_2
GGTGAAGAGGCATTGG-500.2.1,23,0.32877335,620,ASG,ABpxaapapap,500_minutes,580-650,620,Waterston_500_minutes_batch_2
GGTGCGTCACTTCTGC-500.2.1,20,0.8876015,700,ADL,ABalppppaad/ABpraaapaad,500_minutes,> 650,700,Waterston_500_minutes_batch_2
GGTGTTAGTGCACGAA-500.2.1,13,0.22741176,410,ASH,ABpxpaappaa,500_minutes,390-450,410,Waterston_500_minutes_batch_2
GTAACGTCAGCCTTTC-500.2.1,18,0.39855394,450,AWC,ABpxpaaaaap,500_minutes,450-510,450,Waterston_500_minutes_batch_2
GTAACTGCAGCTCGAC-500.2.1,24,0.9426424,725,ASJ,ABalpppppppa/ABpraaappppa,500_minutes,> 650,725,Waterston_500_minutes_batch_2
GTACGTAGTCATGCCG-500.2.1,20,0.61103404,450,ADL,ABalppppaad/ABpraaapaad,500_minutes,450-510,450,Waterston_500_minutes_batch_2
GTACTTTTCACGAAGG-500.2.1,18,0.6095266,640,AWC,ABpxpaaaaap,500_minutes,580-650,640,Waterston_500_minutes_batch_2
GTATCTTTCGTTTATC-500.2.1,22,0.43663472,640,ASEL,ABalppppppaa/ABpraaapppaa,500_minutes,580-650,640,Waterston_500_minutes_batch_2
GTCAAGTCAATAAGCA-500.2.1,22,0.42725152,700,ASER,ABalppppppaa/ABpraaapppaa,500_minutes,> 650,700,Waterston_500_minutes_batch_2
GTCAAGTCAATCGAAA-500.2.1,13,0.4548954,550,ASH,ABpxpaappaa,500_minutes,510-580,550,Waterston_500_minutes_batch_2
GTCAAGTGTGACTACT-500.2.1,22,0.45665622,725,ASER,ABalppppppaa/ABpraaapppaa,500_minutes,> 650,725,Waterston_500_minutes_batch_2
GTCATTTTCTTAGCCC-500.2.1,18,0.6709516,700,AWC,ABpxpaaaaap,500_minutes,> 650,700,Waterston_500_minutes_batch_2
GTCGTAATCTTCGGTC-500.2.1,0,0.636068,630,AFD,ABalpppapav/ABpraaaapav,500_minutes,580-650,630,Waterston_500_minutes_batch_2
GTCTCGTCACATGACT-500.2.1,16,0.4242086,640,ASI,ABpxaapapppa,500_minutes,580-650,640,Waterston_500_minutes_batch_2
GTCTCGTCATCCGTGG-500.2.1,23,0.35824636,550,AWA,ABpxaapapaa,500_minutes,510-580,550,Waterston_500_minutes_batch_2
GTCTTCGTCGGCGGTT-500.2.1,20,0.8856301,750,ADL,ABalppppaad/ABpraaapaad,500_minutes,> 650,750,Waterston_500_minutes_batch_2
GTGCTTCAGTGCGATG-500.2.1,9,0.2622756,405,ASE,ABalppppppaa/ABpraaapppaa,500_minutes,390-450,405,Waterston_500_minutes_batch_2
GTGCTTCGTCTCCATC-500.2.1,16,0.44581613,640,ASI,ABpxaapapppa,500_minutes,580-650,640,Waterston_500_minutes_batch_2
GTGTTAGGTTAGTGGG-500.2.1,20,0.92180586,750,ADL,ABalppppaad/ABpraaapaad,500_minutes,> 650,750,Waterston_500_minutes_batch_2
GTTAAGCAGCCACGCT-500.2.1,13,0.5278979,700,ASH,ABpxpaappaa,500_minutes,> 650,700,Waterston_500_minutes_batch_2
GTTACAGGTCCGAACC-500.2.1,0,0.62409794,550,AFD,ABalpppapav/ABpraaaapav,500_minutes,510-580,550,Waterston_500_minutes_batch_2
GTTCGGGGTCCAGTTA-500.2.1,0,0.53143096,700,AWC,ABpxpaaaaap,500_minutes,> 650,700,Waterston_500_minutes_batch_2
TAAACCGCACCGTTGG-500.2.1,13,0.5185836,725,ASH,ABpxpaappaa,500_minutes,> 650,725,Waterston_500_minutes_batch_2
TAAACCGGTCAACATC-500.2.1,18,0.54477614,620,AWC,ABpxpaaaaap,500_minutes,580-650,620,Waterston_500_minutes_batch_2
TAAACCGTCGTTGCCT-500.2.1,19,0.22019123,550,AWA,ABpxaapapaa,500_minutes,510-580,550,Waterston_500_minutes_batch_2
TAAGTGCGTACCATCA-500.2.1,16,0.39238635,550,ASI,ABpxaapapppa,500_minutes,510-580,550,Waterston_500_minutes_batch_2
TACAGTGAGATGGGTC-500.2.1,13,0.539659,725,ASH,ABpxpaappaa,500_minutes,> 650,725,Waterston_500_minutes_batch_2
TACCTTAAGAAGGTGA-500.2.1,22,0.46684223,700,ASER,ABalppppppaa/ABpraaapppaa,500_minutes,> 650,700,Waterston_500_minutes_batch_2
TACCTTATCCTAGAAC-500.2.1,14,0.3094313,670,ADF,ABalpppppaa/ABpraaappaa,500_minutes,> 650,670,Waterston_500_minutes_batch_2
TACGGATGTGAAATCA-500.2.1,22,0.40015417,585,ASE,ABalppppppaa/ABpraaapppaa,500_minutes,580-650,585,Waterston_500_minutes_batch_2
TACGGGCCACGAAGCA-500.2.1,15,0.22514452,420,ASI,ABpxaapapppa,500_minutes,390-450,420,Waterston_500_minutes_batch_2
TACGGTAAGATAGTCA-500.2.1,18,0.60396177,640,AWC,ABpxpaaaaap,500_minutes,580-650,640,Waterston_500_minutes_batch_2
TACTCGCAGGAATCGC-500.2.1,18,0.48421925,450,AWC,ABpxpaaaaap,500_minutes,450-510,450,Waterston_500_minutes_batch_2
TACTTACCAAGTCTAC-500.2.1,0,0.60299057,440,AFD,ABalpppapav/ABpraaaapav,500_minutes,390-450,440,Waterston_500_minutes_batch_2
TAGACCAAGAAAGTGG-500.2.1,14,0.31296846,700,ADF,ABalpppppaa/ABpraaappaa,500_minutes,> 650,700,Waterston_500_minutes_batch_2
TAGAGCTAGAGAACAG-500.2.1,21,0.3284602,420,ASK,ABalpppapppa/ABpraaaapppa,500_minutes,390-450,420,Waterston_500_minutes_batch_2
TAGTGGTGTCATTAGC-500.2.1,19,0.28106284,620,AWA,ABpxaapapaa,500_minutes,580-650,620,Waterston_500_minutes_batch_2
TATCAGGAGAAGCCCA-500.2.1,23,0.31856325,465,,,500_minutes,450-510,465,Waterston_500_minutes_batch_2
TATCAGGTCCGAAGAG-500.2.1,24,0.9144428,725,ASJ,ABalpppppppa/ABpraaappppa,500_minutes,> 650,725,Waterston_500_minutes_batch_2
TATCTCAAGTACGCCC-500.2.1,20,0.54257953,490,ADL,ABalppppaad/ABpraaapaad,500_minutes,450-510,490,Waterston_500_minutes_batch_2
TATCTCACAGTCACTA-500.2.1,22,0.42939144,640,ASEL,ABalppppppaa/ABpraaapppaa,500_minutes,580-650,640,Waterston_500_minutes_batch_2
TATGCCCGTTGGTTTG-500.2.1,9,0.32264495,470,ASE,ABalppppppaa/ABpraaapppaa,500_minutes,450-510,470,Waterston_500_minutes_batch_2
TATTACCTCATTCACT-500.2.1,13,0.48635852,640,ASH,ABpxpaappaa,500_minutes,580-650,640,Waterston_500_minutes_batch_2
TCAACGATCTAGAGTC-500.2.1,22,0.43197453,700,ASEL,ABalppppppaa/ABpraaapppaa,500_minutes,> 650,700,Waterston_500_minutes_batch_2
TCACGAACACCACGTG-500.2.1,17,0.18605714,490,ADL,ABalppppaad/ABpraaapaad,500_minutes,450-510,490,Waterston_500_minutes_batch_2
TCAGATGCAAACTGTC-500.2.1,21,0.6240087,585,ASK,ABalpppapppa/ABpraaaapppa,500_minutes,580-650,585,Waterston_500_minutes_batch_2
TCAGCAAAGGAATGGA-500.2.1,0,0.5180559,640,AFD,ABalpppapav/ABpraaaapav,500_minutes,580-650,640,Waterston_500_minutes_batch_2
TCAGGATGTGCTCTTC-500.2.1,24,0.88426113,640,ASJ,ABalpppppppa/ABpraaappppa,500_minutes,580-650,640,Waterston_500_minutes_batch_2
TCAGGTACACCAGGTC-500.2.1,24,0.73152053,670,ASJ,ABalpppppppa/ABpraaappppa,500_minutes,> 650,670,Waterston_500_minutes_batch_2
TCATTACTCACGCATA-500.2.1,17,0.19314288,420,ASK,ABalpppapppa/ABpraaaapppa,500_minutes,390-450,420,Waterston_500_minutes_batch_2
TCATTTGCATACCATG-500.2.1,0,0.6668945,700,AFD,ABalpppapav/ABpraaaapav,500_minutes,> 650,700,Waterston_500_minutes_batch_2
TCGAGGCGTGCGCTTG-500.2.1,22,0.46201423,700,ASER,ABalppppppaa/ABpraaapppaa,500_minutes,> 650,700,Waterston_500_minutes_batch_2
TCGCGAGCACTGCCAG-500.2.1,14,0.28457102,620,AWB,ABalpppppap/ABpraaappap,500_minutes,580-650,620,Waterston_500_minutes_batch_2
TCGCGTTTCATAACCG-500.2.1,22,0.4558013,700,ASER,ABalppppppaa/ABpraaapppaa,500_minutes,> 650,700,Waterston_500_minutes_batch_2
TCGCGTTTCGTTACAG-500.2.1,17,0.18260364,390,ASE,ABalppppppaa/ABpraaapppaa,500_minutes,390-450,390,Waterston_500_minutes_batch_2
TCGGTAACATAAAGGT-500.2.1,0,0.70548826,670,AFD,ABalpppapav/ABpraaaapav,500_minutes,> 650,670,Waterston_500_minutes_batch_2
TCGTACCTCAATAAGG-500.2.1,23,0.3234975,640,ASG,ABpxaapapap,500_minutes,580-650,640,Waterston_500_minutes_batch_2
TCGTAGATCGCCATAA-500.2.1,12,0.43882263,450,ADL,ABalppppaad/ABpraaapaad,500_minutes,450-510,450,Waterston_500_minutes_batch_2
TCTATTGAGCCAGTAG-500.2.1,21,0.647675,640,ASK,ABalpppapppa/ABpraaaapppa,500_minutes,580-650,640,Waterston_500_minutes_batch_2
TCTTTCCCAGTAACGG-500.2.1,15,0.13817461,365,ASE,ABalppppppaa/ABpraaapppaa,500_minutes,330-390,365,Waterston_500_minutes_batch_2
TCTTTCCGTTATCCGA-500.2.1,10,0.37605226,450,ASJ,ABalpppppppa/ABpraaappppa,500_minutes,450-510,450,Waterston_500_minutes_batch_2
TCTTTCCTCAACTCTT-500.2.1,21,0.667656,620,ASK,ABalpppapppa/ABpraaaapppa,500_minutes,580-650,620,Waterston_500_minutes_batch_2
TGACAACGTTCGCGAC-500.2.1,20,0.6483893,490,ADL,ABalppppaad/ABpraaapaad,500_minutes,450-510,490,Waterston_500_minutes_batch_2
TGACGGCAGGTTCCTA-500.2.1,18,0.4263829,450,AWC,ABpxpaaaaap,500_minutes,450-510,450,Waterston_500_minutes_batch_2
TGACGGCTCCATTCTA-500.2.1,20,0.8307752,670,ADL,ABalppppaad/ABpraaapaad,500_minutes,> 650,670,Waterston_500_minutes_batch_2
TGACTAGAGTATCGAA-500.2.1,17,0.23766543,630,AWB,ABalpppppap/ABpraaappap,500_minutes,580-650,630,Waterston_500_minutes_batch_2
TGACTAGTCTACTATC-500.2.1,24,0.84904385,700,ASJ,ABalpppppppa/ABpraaappppa,500_minutes,> 650,700,Waterston_500_minutes_batch_2
TGAGAGGTCCACGACG-500.2.1,13,0.4982862,635,ASH,ABpxpaappaa,500_minutes,580-650,635,Waterston_500_minutes_batch_2
TGAGCATCACTATCTT-500.2.1,14,0.20590848,405,ADF_AWB,,500_minutes,390-450,405,Waterston_500_minutes_batch_2
TGAGCCGCAAACGTGG-500.2.1,0,0.7025205,640,AFD,ABalpppapav/ABpraaaapav,500_minutes,580-650,640,Waterston_500_minutes_batch_2
TGAGCCGCATTAGCCA-500.2.1,22,0.41952395,635,ASEL,ABalppppppaa/ABpraaapppaa,500_minutes,580-650,635,Waterston_500_minutes_batch_2
TGAGGGACAACGATCT-500.2.1,12,0.48395684,440,ADL,ABalppppaad/ABpraaapaad,500_minutes,390-450,440,Waterston_500_minutes_batch_2
TGATTTCGTGACTACT-500.2.1,23,0.3334719,640,ASG,ABpxaapapap,500_minutes,580-650,640,Waterston_500_minutes_batch_2
TGCCCTATCGTAGGAG-500.2.1,18,0.57265216,620,AWC,ABpxpaaaaap,500_minutes,580-650,620,Waterston_500_minutes_batch_2
TGCGTGGGTGGCTCCA-500.2.1,13,0.51105446,640,ASH,ABpxpaappaa,500_minutes,580-650,640,Waterston_500_minutes_batch_2
TGGACGCCATTGCGGC-500.2.1,13,0.36763206,440,ASH,ABpxpaappaa,500_minutes,390-450,440,Waterston_500_minutes_batch_2
TGTATTCAGCCCGAAA-500.2.1,22,0.4326417,755,ADL,ABalppppaad/ABpraaapaad,500_minutes,> 650,755,Waterston_500_minutes_batch_2
TGTGGTAGTAAATACG-500.2.1,22,0.40326345,490,ASE,ABalppppppaa/ABpraaapppaa,500_minutes,450-510,490,Waterston_500_minutes_batch_2
TGTGGTAGTAAGTAGT-500.2.1,20,0.87714064,700,ADL,ABalppppaad/ABpraaapaad,500_minutes,> 650,700,Waterston_500_minutes_batch_2
TTAACTCAGGACGAAA-500.2.1,24,0.68538487,585,ASJ,ABalpppppppa/ABpraaappppa,500_minutes,580-650,585,Waterston_500_minutes_batch_2
TTAGGACAGAAGAAGC-500.2.1,5,0.1172582,340,ASK_parent,ABalpppappp/ABpraaaappp,500_minutes,330-390,340,Waterston_500_minutes_batch_2
TTAGGACGTGCAGTAG-500.2.1,21,0.6612162,640,ASK,ABalpppapppa/ABpraaaapppa,500_minutes,580-650,640,Waterston_500_minutes_batch_2
TTAGGACGTTTACTCT-500.2.1,9,0.2845022,415,ASE,ABalppppppaa/ABpraaapppaa,500_minutes,390-450,415,Waterston_500_minutes_batch_2
TTCGAAGCACCAGGCT-500.2.1,18,0.69132143,725,AWC,ABpxpaaaaap,500_minutes,> 650,725,Waterston_500_minutes_batch_2
TTCTACACAGACGTAG-500.2.1,20,0.95281166,730,ADL,ABalppppaad/ABpraaapaad,500_minutes,> 650,730,Waterston_500_minutes_batch_2
TTCTTAGCATCCCATC-500.2.1,17,0.2320715,490,AWB,ABalpppppap/ABpraaappap,500_minutes,450-510,490,Waterston_500_minutes_batch_2
TTGAACGGTCACCCAG-500.2.1,18,0.3770229,405,AWC,ABpxpaaaaap,500_minutes,390-450,405,Waterston_500_minutes_batch_2
TTGAACGGTGCCTGGT-500.2.1,9,0.32545185,490,ASE,ABalppppppaa/ABpraaapppaa,500_minutes,450-510,490,Waterston_500_minutes_batch_2
TTGACTTCAACGATCT-500.2.1,22,0.41583052,640,ASEL,ABalppppppaa/ABpraaapppaa,500_minutes,580-650,640,Waterston_500_minutes_batch_2
TTGCCGTAGAACAACT-500.2.1,19,0.33234593,700,AWA,ABpxaapapaa,500_minutes,> 650,700,Waterston_500_minutes_batch_2
TTGGCAACAGGAATCG-500.2.1,10,0.46348602,490,ASJ,ABalpppppppa/ABpraaappppa,500_minutes,450-510,490,Waterston_500_minutes_batch_2
TTGGCAAGTGCTGTAT-500.2.1,20,0.6856277,550,ADL,ABalppppaad/ABpraaapaad,500_minutes,510-580,550,Waterston_500_minutes_batch_2
TTTATGCGTGCAGTAG-500.2.1,23,0.30900377,630,ASG,ABpxaapapap,500_minutes,580-650,630,Waterston_500_minutes_batch_2
TTTCCTCAGTCTCAAC-500.2.1,24,0.5776613,550,ASJ,ABalpppppppa/ABpraaappppa,500_minutes,510-580,550,Waterston_500_minutes_batch_2
TTTGCGCGTCGCCATG-500.2.1,9,0.28375828,450,ASE,ABalppppppaa/ABpraaapppaa,500_minutes,450-510,450,Waterston_500_minutes_batch_2
AAACCTGTCGGTGTTA-500.2.2,12,0.3825051,410,ADL,ABalppppaad/ABpraaapaad,500_minutes,390-450,410,Waterston_500_minutes_batch_2
AAAGATGCAGTAACGG-500.2.2,22,0.40647444,670,ASEL,ABalppppppaa/ABpraaapppaa,500_minutes,> 650,670,Waterston_500_minutes_batch_2
AAAGATGCAGTCGTGC-500.2.2,19,0.2916468,700,AWA,ABpxaapapaa,500_minutes,> 650,700,Waterston_500_minutes_batch_2
AACGTTGTCGTTGACA-500.2.2,16,0.42995417,620,ASI,ABpxaapapppa,500_minutes,580-650,620,Waterston_500_minutes_batch_2
AACTCAGGTGCAGGTA-500.2.2,17,0.32500982,490,ADL,ABalppppaad/ABpraaapaad,500_minutes,450-510,490,Waterston_500_minutes_batch_2
AACTCAGTCACATACG-500.2.2,0,0.6862368,780,AFD,ABalpppapav/ABpraaaapav,500_minutes,> 650,780,Waterston_500_minutes_batch_2
AACTCCCGTCAAGCGA-500.2.2,20,0.82293546,640,ADL,ABalppppaad/ABpraaapaad,500_minutes,580-650,640,Waterston_500_minutes_batch_2
AACTCTTGTAAGAGAG-500.2.2,20,0.74848235,585,ADL,ABalppppaad/ABpraaapaad,500_minutes,580-650,585,Waterston_500_minutes_batch_2
AACTCTTGTAGGAGTC-500.2.2,20,0.8819257,640,ADL,ABalppppaad/ABpraaapaad,500_minutes,580-650,640,Waterston_500_minutes_batch_2
AACTTTCAGATGCGAC-500.2.2,18,0.5493419,585,AWC,ABpxpaaaaap,500_minutes,580-650,585,Waterston_500_minutes_batch_2
AACTTTCGTCAAGCGA-500.2.2,13,0.52114236,725,ASH,ABpxpaappaa,500_minutes,> 650,725,Waterston_500_minutes_batch_2
AAGACCTTCCAGTATG-500.2.2,23,0.24237661,510,ASG,ABpxaapapap,500_minutes,510-580,510,Waterston_500_minutes_batch_2
AAGCCGCCACACCGAC-500.2.2,20,0.90349776,700,ADL,ABalppppaad/ABpraaapaad,500_minutes,> 650,700,Waterston_500_minutes_batch_2
AAGGAGCCAAGCCGCT-500.2.2,20,0.8836257,700,ADL,ABalppppaad/ABpraaapaad,500_minutes,> 650,700,Waterston_500_minutes_batch_2
AAGGTTCAGCGATATA-500.2.2,23,0.33133683,550,AWA,ABpxaapapaa,500_minutes,510-580,550,Waterston_500_minutes_batch_2
AAGGTTCAGCTAGTCT-500.2.2,20,0.858183,670,ADL,ABalppppaad/ABpraaapaad,500_minutes,> 650,670,Waterston_500_minutes_batch_2
AAGGTTCGTTAAGTAG-500.2.2,16,0.4364715,640,ASI,ABpxaapapppa,500_minutes,580-650,640,Waterston_500_minutes_batch_2
AATCCAGGTAGGCTGA-500.2.2,18,0.6568578,700,AWC,ABpxpaaaaap,500_minutes,> 650,700,Waterston_500_minutes_batch_2
ACACCAATCCACGACG-500.2.2,14,0.21320838,415,ADF_AWB,,500_minutes,390-450,415,Waterston_500_minutes_batch_2
ACACTGATCTGTCCGT-500.2.2,21,0.50329304,500,ASK,ABalpppapppa/ABpraaaapppa,500_minutes,450-510,500,Waterston_500_minutes_batch_2
ACAGCCGGTTGAGTTC-500.2.2,22,0.4606162,700,ASER,ABalppppppaa/ABpraaapppaa,500_minutes,> 650,700,Waterston_500_minutes_batch_2
ACAGCTATCCACTGGG-500.2.2,10,0.41796094,450,ASJ,ABalpppppppa/ABpraaappppa,500_minutes,450-510,450,Waterston_500_minutes_batch_2
ACATACGGTGCAGTAG-500.2.2,22,0.38240072,635,ASEL,ABalppppppaa/ABpraaapppaa,500_minutes,580-650,635,Waterston_500_minutes_batch_2
ACATCAGAGAAGCCCA-500.2.2,22,0.46799347,700,ASER,ABalppppppaa/ABpraaapppaa,500_minutes,> 650,700,Waterston_500_minutes_batch_2
ACATGGTCAGTAACGG-500.2.2,22,0.45975137,725,ASER,ABalppppppaa/ABpraaapppaa,500_minutes,> 650,725,Waterston_500_minutes_batch_2
ACATGGTGTAGTAGTA-500.2.2,20,0.6883628,550,ADL,ABalppppaad/ABpraaapaad,500_minutes,510-580,550,Waterston_500_minutes_batch_2
ACATGGTTCCGATATG-500.2.2,20,0.75736004,620,ADL,ABalppppaad/ABpraaapaad,500_minutes,580-650,620,Waterston_500_minutes_batch_2
ACCCACTAGTTGCAGG-500.2.2,15,0.14080578,360,ASI_parent,ABpxaapappp,500_minutes,330-390,360,Waterston_500_minutes_batch_2
ACCCACTGTACCTACA-500.2.2,22,0.4160189,665,ASEL,ABalppppppaa/ABpraaapppaa,500_minutes,> 650,665,Waterston_500_minutes_batch_2
ACCGTAACAACGATGG-500.2.2,16,0.40306178,620,ASI,ABpxaapapppa,500_minutes,580-650,620,Waterston_500_minutes_batch_2
ACCTTTAGTAGTACCT-500.2.2,18,0.5604882,585,AWC,ABpxpaaaaap,500_minutes,580-650,585,Waterston_500_minutes_batch_2
ACGAGCCCACCTGGTG-500.2.2,15,0.15959954,370,ASI_parent,ABpxaapappp,500_minutes,330-390,370,Waterston_500_minutes_batch_2
ACGAGGAAGTGTGAAT-500.2.2,0,0.5796193,510,AFD,ABalpppapav/ABpraaaapav,500_minutes,510-580,510,Waterston_500_minutes_batch_2
ACGATGTTCAAGAAGT-500.2.2,21,0.6574836,620,ASK,ABalpppapppa/ABpraaaapppa,500_minutes,580-650,620,Waterston_500_minutes_batch_2
ACGCCGAAGGAATGGA-500.2.2,22,0.43760705,700,ASEL,ABalppppppaa/ABpraaapppaa,500_minutes,> 650,700,Waterston_500_minutes_batch_2
ACGGGCTTCTCGTATT-500.2.2,0,0.44838223,725,AFD,ABalpppapav/ABpraaaapav,500_minutes,> 650,725,Waterston_500_minutes_batch_2
ACGTCAAAGCTAAGAT-500.2.2,23,0.32540044,640,ASG,ABpxaapapap,500_minutes,580-650,640,Waterston_500_minutes_batch_2
ACTATCTAGAGCTGCA-500.2.2,0,0.62146854,620,AFD,ABalpppapav/ABpraaaapav,500_minutes,580-650,620,Waterston_500_minutes_batch_2
ACTGAGTCAACTGCTA-500.2.2,20,0.91499424,700,ADL,ABalppppaad/ABpraaapaad,500_minutes,> 650,700,Waterston_500_minutes_batch_2
ACTGAGTTCTGCCAGG-500.2.2,20,0.64434385,490,ADL,ABalppppaad/ABpraaapaad,500_minutes,450-510,490,Waterston_500_minutes_batch_2
ACTGATGAGGGAACGG-500.2.2,20,0.8994518,780,ADL,ABalppppaad/ABpraaapaad,500_minutes,> 650,780,Waterston_500_minutes_batch_2
ACTGATGTCGCATGGC-500.2.2,17,0.19085696,420,AWB,ABalpppppap/ABpraaappap,500_minutes,390-450,420,Waterston_500_minutes_batch_2
ACTTACTTCCTGTACC-500.2.2,0,0.6992824,700,AFD,ABalpppapav/ABpraaaapav,500_minutes,> 650,700,Waterston_500_minutes_batch_2
ACTTGTTAGAAACGCC-500.2.2,16,0.4337625,640,ASI,ABpxaapapppa,500_minutes,580-650,640,Waterston_500_minutes_batch_2
ACTTGTTAGTACATGA-500.2.2,14,0.31861877,670,ADF,ABalpppppaa/ABpraaappaa,500_minutes,> 650,670,Waterston_500_minutes_batch_2
ACTTTCAAGCACAGGT-500.2.2,20,0.6667945,550,ADL,ABalppppaad/ABpraaapaad,500_minutes,510-580,550,Waterston_500_minutes_batch_2
ACTTTCACATGTCGAT-500.2.2,24,0.9570126,760,ASJ,ABalpppppppa/ABpraaappppa,500_minutes,> 650,760,Waterston_500_minutes_batch_2
ACTTTCAGTAAACACA-500.2.2,20,0.6697078,520,ADL,ABalppppaad/ABpraaapaad,500_minutes,510-580,520,Waterston_500_minutes_batch_2
ACTTTCATCGGCATCG-500.2.2,20,0.8898884,750,ADL,ABalppppaad/ABpraaapaad,500_minutes,> 650,750,Waterston_500_minutes_batch_2
AGAATAGCAGTCACTA-500.2.2,18,0.63883555,700,AWC,ABpxpaaaaap,500_minutes,> 650,700,Waterston_500_minutes_batch_2
AGACGTTCAGGATTGG-500.2.2,15,0.26685235,450,ASI,ABpxaapapppa,500_minutes,450-510,450,Waterston_500_minutes_batch_2
AGACGTTTCACGCATA-500.2.2,18,0.6826335,700,AWC,ABpxpaaaaap,500_minutes,> 650,700,Waterston_500_minutes_batch_2
AGAGCGAAGTCCTCCT-500.2.2,20,0.6397166,490,ADL,ABalppppaad/ABpraaapaad,500_minutes,450-510,490,Waterston_500_minutes_batch_2
AGAGCTTAGCTACCGC-500.2.2,24,0.6880845,620,ASJ,ABalpppppppa/ABpraaappppa,500_minutes,580-650,620,Waterston_500_minutes_batch_2
AGAGCTTCATCCGTGG-500.2.2,23,0.30489734,550,ASG,ABpxaapapap,500_minutes,510-580,550,Waterston_500_minutes_batch_2
AGAGCTTGTGGACGAT-500.2.2,20,0.87909037,760,ADL,ABalppppaad/ABpraaapaad,500_minutes,> 650,760,Waterston_500_minutes_batch_2
AGAGTGGCACATAACC-500.2.2,20,0.9091236,750,ADL,ABalppppaad/ABpraaapaad,500_minutes,> 650,750,Waterston_500_minutes_batch_2
AGAGTGGCACGTTGGC-500.2.2,15,0.2771052,470,ASI,ABpxaapapppa,500_minutes,450-510,470,Waterston_500_minutes_batch_2
AGATCTGAGCTGAACG-500.2.2,9,0.36549884,550,ASE,ABalppppppaa/ABpraaapppaa,500_minutes,510-580,550,Waterston_500_minutes_batch_2
AGCAGCCGTCCTCCAT-500.2.2,21,0.6085586,550,ASK,ABalpppapppa/ABpraaaapppa,500_minutes,510-580,550,Waterston_500_minutes_batch_2
AGCCTAATCGTTTAGG-500.2.2,14,0.26379773,490,ADF,ABalpppppaa/ABpraaappaa,500_minutes,450-510,490,Waterston_500_minutes_batch_2
AGCGGTCTCTATGTGG-500.2.2,10,0.37273845,450,ASJ,ABalpppppppa/ABpraaappppa,500_minutes,450-510,450,Waterston_500_minutes_batch_2
AGCGGTCTCTGGTATG-500.2.2,0,0.59376955,510,AFD,ABalpppapav/ABpraaaapav,500_minutes,510-580,510,Waterston_500_minutes_batch_2
AGCTCCTCATTCCTCG-500.2.2,9,0.28342006,450,ASE,ABalppppppaa/ABpraaapppaa,500_minutes,450-510,450,Waterston_500_minutes_batch_2
AGCTCCTTCCCTAATT-500.2.2,20,0.6178142,490,ADL,ABalppppaad/ABpraaapaad,500_minutes,450-510,490,Waterston_500_minutes_batch_2
AGCTTGAAGCTAACTC-500.2.2,18,0.58502537,620,AWC,ABpxpaaaaap,500_minutes,580-650,620,Waterston_500_minutes_batch_2
AGGCCACCACATTAGC-500.2.2,16,0.42728463,630,ASI,ABpxaapapppa,500_minutes,580-650,630,Waterston_500_minutes_batch_2
AGGCCGTGTCTCACCT-500.2.2,21,0.6474235,640,ASK,ABalpppapppa/ABpraaaapppa,500_minutes,580-650,640,Waterston_500_minutes_batch_2
AGGGAGTAGTCAATAG-500.2.2,15,0.14317355,350,ASI_parent,ABpxaapappp,500_minutes,330-390,350,Waterston_500_minutes_batch_2
AGGGATGTCCCTTGCA-500.2.2,21,0.4158276,490,ASK,ABalpppapppa/ABpraaaapppa,500_minutes,450-510,490,Waterston_500_minutes_batch_2
AGGTCATTCAAACGGG-500.2.2,9,0.26514298,410,ASE,ABalppppppaa/ABpraaapppaa,500_minutes,390-450,410,Waterston_500_minutes_batch_2
AGGTCCGGTAAGGGAA-500.2.2,20,0.89504266,700,ADL,ABalppppaad/ABpraaapaad,500_minutes,> 650,700,Waterston_500_minutes_batch_2
AGTAGTCTCTGGCGAC-500.2.2,19,0.15096398,410,ADL,ABalppppaad/ABpraaapaad,500_minutes,390-450,410,Waterston_500_minutes_batch_2
AGTCTTTGTAAATACG-500.2.2,14,0.266098,470,ADF,ABalpppppaa/ABpraaappaa,500_minutes,450-510,470,Waterston_500_minutes_batch_2
AGTGAGGAGAGGACGG-500.2.2,14,0.21136612,450,AWB,ABalpppppap/ABpraaappap,500_minutes,450-510,450,Waterston_500_minutes_batch_2
AGTGTCAAGGTGTTAA-500.2.2,17,0.22505563,510,AWB,ABalpppppap/ABpraaappap,500_minutes,510-580,510,Waterston_500_minutes_batch_2
ATAACGCGTAAGAGAG-500.2.2,15,0.28623778,480,ASI,ABpxaapapppa,500_minutes,450-510,480,Waterston_500_minutes_batch_2
ATCACGACAAGCTGGA-500.2.2,20,0.9225294,700,ADL,ABalppppaad/ABpraaapaad,500_minutes,> 650,700,Waterston_500_minutes_batch_2
ATCCACCGTGTGCCTG-500.2.2,0,0.68263036,700,AFD,ABalpppapav/ABpraaaapav,500_minutes,> 650,700,Waterston_500_minutes_batch_2
ATCCACCGTTAGATGA-500.2.2,9,0.25677282,440,ASE,ABalppppppaa/ABpraaapppaa,500_minutes,390-450,440,Waterston_500_minutes_batch_2
ATCTACTTCGGCGCTA-500.2.2,0,0.5569481,550,AFD,ABalpppapav/ABpraaaapav,500_minutes,510-580,550,Waterston_500_minutes_batch_2
ATCTGCCCACTGAAGG-500.2.2,21,0.41193533,440,ASK,ABalpppapppa/ABpraaaapppa,500_minutes,390-450,440,Waterston_500_minutes_batch_2
ATCTGCCCATCACCCT-500.2.2,0,0.51234347,550,AFD,ABalpppapav/ABpraaaapav,500_minutes,510-580,550,Waterston_500_minutes_batch_2
ATTACTCAGCTAGTGG-500.2.2,0,0.68405163,700,AFD,ABalpppapav/ABpraaaapav,500_minutes,> 650,700,Waterston_500_minutes_batch_2
ATTGGACCATATGGTC-500.2.2,20,0.88410157,775,ADL,ABalppppaad/ABpraaapaad,500_minutes,> 650,775,Waterston_500_minutes_batch_2
ATTGGTGGTCATACTG-500.2.2,23,0.3297502,585,ASG,ABpxaapapap,500_minutes,580-650,585,Waterston_500_minutes_batch_2
ATTGGTGTCGTAGGAG-500.2.2,21,0.52531976,490,ASK,ABalpppapppa/ABpraaaapppa,500_minutes,450-510,490,Waterston_500_minutes_batch_2
ATTGGTGTCTGCTTGC-500.2.2,24,0.6050188,550,ASJ,ABalpppppppa/ABpraaappppa,500_minutes,510-580,550,Waterston_500_minutes_batch_2
ATTTCTGTCTGGGCCA-500.2.2,10,0.22346494,360,AUA,ABalpppppppp/ABpraaappppp,500_minutes,330-390,360,Waterston_500_minutes_batch_2
CAACCTCGTGGTTTCA-500.2.2,21,0.45962295,430,ASK,ABalpppapppa/ABpraaaapppa,500_minutes,390-450,430,Waterston_500_minutes_batch_2
CAAGAAATCTGATTCT-500.2.2,18,0.6205751,640,AWC,ABpxpaaaaap,500_minutes,580-650,640,Waterston_500_minutes_batch_2
CAAGTTGGTCCAGTTA-500.2.2,17,0.22909607,450,AWB,ABalpppppap/ABpraaappap,500_minutes,450-510,450,Waterston_500_minutes_batch_2
CACAGGCCAATCAGAA-500.2.2,9,0.3755963,530,ASE,ABalppppppaa/ABpraaapppaa,500_minutes,510-580,530,Waterston_500_minutes_batch_2
CACAGTACAATCGGTT-500.2.2,14,0.24543357,490,ADF,ABalpppppaa/ABpraaappaa,500_minutes,450-510,490,Waterston_500_minutes_batch_2
CACAGTATCGCAAGCC-500.2.2,13,0.5400023,640,ASH,ABpxpaappaa,500_minutes,580-650,640,Waterston_500_minutes_batch_2
CACATAGCAGTAGAGC-500.2.2,12,0.38312256,410,ADL,ABalppppaad/ABpraaapaad,500_minutes,390-450,410,Waterston_500_minutes_batch_2
CACATAGTCTGTACGA-500.2.2,22,0.42383772,640,ASEL,ABalppppppaa/ABpraaapppaa,500_minutes,580-650,640,Waterston_500_minutes_batch_2
CACATAGTCTTTAGTC-500.2.2,18,0.6759003,725,AWC_ON,,500_minutes,> 650,725,Waterston_500_minutes_batch_2
CACATTTGTTAGTGGG-500.2.2,20,0.81189555,640,ADL,ABalppppaad/ABpraaapaad,500_minutes,580-650,640,Waterston_500_minutes_batch_2
CACCACTCATCAGTCA-500.2.2,21,0.56925964,550,ASK,ABalpppapppa/ABpraaaapppa,500_minutes,510-580,550,Waterston_500_minutes_batch_2
CACCAGGCATAGAAAC-500.2.2,23,0.3013906,510,ASG,ABpxaapapap,500_minutes,510-580,510,Waterston_500_minutes_batch_2
CACCAGGGTGAGGCTA-500.2.2,20,0.61804485,490,ADL,ABalppppaad/ABpraaapaad,500_minutes,450-510,490,Waterston_500_minutes_batch_2
CACTCCAAGATGTAAC-500.2.2,20,0.5276481,490,ADL,ABalppppaad/ABpraaapaad,500_minutes,450-510,490,Waterston_500_minutes_batch_2
CACTCCAAGCCAGTAG-500.2.2,14,0.30801886,700,ADF,ABalpppppaa/ABpraaappaa,500_minutes,> 650,700,Waterston_500_minutes_batch_2
CACTCCACACACCGCA-500.2.2,18,0.64069647,695,AWC_ON,,500_minutes,> 650,695,Waterston_500_minutes_batch_2
CAGAGAGTCTTGTTTG-500.2.2,23,0.33564278,640,ASG,ABpxaapapap,500_minutes,580-650,640,Waterston_500_minutes_batch_2
CAGCAGCAGTGATCGG-500.2.2,19,0.15958697,390,AWA,ABpxaapapaa,500_minutes,390-450,390,Waterston_500_minutes_batch_2
CAGCAGCCACGCTTTC-500.2.2,13,0.45293683,490,ASH,ABpxpaappaa,500_minutes,450-510,490,Waterston_500_minutes_batch_2
CAGCAGCCATGGGACA-500.2.2,0,0.5918679,550,AFD,ABalpppapav/ABpraaaapav,500_minutes,510-580,550,Waterston_500_minutes_batch_2
CAGCGACGTCTAGTGT-500.2.2,15,0.29511473,565,ASI,ABpxaapapppa,500_minutes,510-580,565,Waterston_500_minutes_batch_2
CAGCTGGAGTCCAGGA-500.2.2,0,0.6679172,670,AFD,ABalpppapav/ABpraaaapav,500_minutes,> 650,670,Waterston_500_minutes_batch_2
CAGCTGGGTACAGTGG-500.2.2,15,0.27822104,450,ASI,ABpxaapapppa,500_minutes,450-510,450,Waterston_500_minutes_batch_2
CAGCTGGTCACTGGGC-500.2.2,20,0.62879676,490,ADL,ABalppppaad/ABpraaapaad,500_minutes,450-510,490,Waterston_500_minutes_batch_2
CAGCTGGTCGCATGGC-500.2.2,22,0.44236934,700,ASEL,ABalppppppaa/ABpraaapppaa,500_minutes,> 650,700,Waterston_500_minutes_batch_2
CAGGTGCCAAGTACCT-500.2.2,0,0.703017,700,AFD,ABalpppapav/ABpraaaapav,500_minutes,> 650,700,Waterston_500_minutes_batch_2
CAGTCCTCAGCTCCGA-500.2.2,13,0.53754807,700,ASH,ABpxpaappaa,500_minutes,> 650,700,Waterston_500_minutes_batch_2
CATATGGTCCGTTGCT-500.2.2,0,0.6750054,620,AFD,ABalpppapav/ABpraaaapav,500_minutes,580-650,620,Waterston_500_minutes_batch_2
CATCAAGCACATTTCT-500.2.2,20,0.8056838,640,ADL,ABalppppaad/ABpraaapaad,500_minutes,580-650,640,Waterston_500_minutes_batch_2
CATCCACTCGTCACGG-500.2.2,13,0.5275193,700,ASH,ABpxpaappaa,500_minutes,> 650,700,Waterston_500_minutes_batch_2
CATCGAACAAGACACG-500.2.2,24,0.767673,640,ASJ,ABalpppppppa/ABpraaappppa,500_minutes,580-650,640,Waterston_500_minutes_batch_2
CATCGGGTCAGCCTAA-500.2.2,0,0.64687014,550,AFD,ABalpppapav/ABpraaaapav,500_minutes,510-580,550,Waterston_500_minutes_batch_2
CATGCCTAGAATAGGG-500.2.2,21,0.48938012,500,ASK,ABalpppapppa/ABpraaaapppa,500_minutes,450-510,500,Waterston_500_minutes_batch_2
CATTATCAGCCACGTC-500.2.2,17,0.2463189,510,AWB,ABalpppppap/ABpraaappap,500_minutes,510-580,510,Waterston_500_minutes_batch_2
CATTATCCACACGCTG-500.2.2,20,1.0,750,ADL,ABalppppaad/ABpraaapaad,500_minutes,> 650,750,Waterston_500_minutes_batch_2
CATTATCGTTCGTGAT-500.2.2,16,0.42480373,565,ASI,ABpxaapapppa,500_minutes,510-580,565,Waterston_500_minutes_batch_2
CCAGCGAGTCAGATAA-500.2.2,22,0.4722741,700,ASER,ABalppppppaa/ABpraaapppaa,500_minutes,> 650,700,Waterston_500_minutes_batch_2
CCATGTCCAAGCGTAG-500.2.2,10,0.47490886,470,ASJ,ABalpppppppa/ABpraaappppa,500_minutes,450-510,470,Waterston_500_minutes_batch_2
CCATGTCGTCATCCCT-500.2.2,13,0.509559,640,ASH,ABpxpaappaa,500_minutes,580-650,640,Waterston_500_minutes_batch_2
CCCAATCGTCTAGGTT-500.2.2,0,0.62880105,550,AFD,ABalpppapav/ABpraaaapav,500_minutes,510-580,550,Waterston_500_minutes_batch_2
CCCAATCTCGATCCCT-500.2.2,14,0.31856385,670,ADF,ABalpppppaa/ABpraaappaa,500_minutes,> 650,670,Waterston_500_minutes_batch_2
CCCATACAGAATTCCC-500.2.2,21,0.5311217,550,ASK,ABalpppapppa/ABpraaaapppa,500_minutes,510-580,550,Waterston_500_minutes_batch_2
CCCTCCTGTGAGCGAT-500.2.2,13,0.54574764,700,ASH,ABpxpaappaa,500_minutes,> 650,700,Waterston_500_minutes_batch_2
CCGGTAGAGCGGATCA-500.2.2,21,0.3103004,420,ASK,ABalpppapppa/ABpraaaapppa,500_minutes,390-450,420,Waterston_500_minutes_batch_2
CCGTACTCACAGGTTT-500.2.2,23,0.33460763,640,ASG,ABpxaapapap,500_minutes,580-650,640,Waterston_500_minutes_batch_2
CCGTACTGTCTAGCGC-500.2.2,19,0.3171465,700,AWA,ABpxaapapaa,500_minutes,> 650,700,Waterston_500_minutes_batch_2
CCGTACTTCACGCATA-500.2.2,9,0.41913205,550,ASE,ABalppppppaa/ABpraaapppaa,500_minutes,510-580,550,Waterston_500_minutes_batch_2
CCGTACTTCAGGCGAA-500.2.2,22,0.45866722,700,ASER,ABalppppppaa/ABpraaapppaa,500_minutes,> 650,700,Waterston_500_minutes_batch_2
CCGTGGAAGCGGATCA-500.2.2,24,0.86127925,670,ASJ,ABalpppppppa/ABpraaappppa,500_minutes,> 650,670,Waterston_500_minutes_batch_2
CCGTGGAGTCAGAGGT-500.2.2,20,0.7309655,585,ADL,ABalppppaad/ABpraaapaad,500_minutes,580-650,585,Waterston_500_minutes_batch_2
CCGTGGATCCTCCTAG-500.2.2,13,0.33303577,620,AWB,ABalpppppap/ABpraaappap,500_minutes,580-650,620,Waterston_500_minutes_batch_2
CCTAAAGTCTAACTGG-500.2.2,24,0.89327765,760,ASJ,ABalpppppppa/ABpraaappppa,500_minutes,> 650,760,Waterston_500_minutes_batch_2
CCTAGCTGTGCACGAA-500.2.2,23,0.27606258,620,ASG,ABpxaapapap,500_minutes,580-650,620,Waterston_500_minutes_batch_2
CCTATTACACAGTCGC-500.2.2,20,0.73056424,620,ADL,ABalppppaad/ABpraaapaad,500_minutes,580-650,620,Waterston_500_minutes_batch_2
CCTATTACACTGAAGG-500.2.2,20,0.88651305,750,ADL,ABalppppaad/ABpraaapaad,500_minutes,> 650,750,Waterston_500_minutes_batch_2
CCTCAGTTCGCCTGTT-500.2.2,23,0.3128048,550,AWB,ABalpppppap/ABpraaappap,500_minutes,510-580,550,Waterston_500_minutes_batch_2
CCTTCCCGTGTGGTTT-500.2.2,24,0.57578224,550,ASJ,ABalpppppppa/ABpraaappppa,500_minutes,510-580,550,Waterston_500_minutes_batch_2
CGAACATAGATATACG-500.2.2,14,0.21254273,450,ADF,ABalpppppaa/ABpraaappaa,500_minutes,450-510,450,Waterston_500_minutes_batch_2
CGAACATGTGTGGTTT-500.2.2,18,0.62695086,635,AWC,ABpxpaaaaap,500_minutes,580-650,635,Waterston_500_minutes_batch_2
CGAATGTCAGACAGGT-500.2.2,17,0.19079633,465,,,500_minutes,450-510,465,Waterston_500_minutes_batch_2
CGAATGTTCATGTGGT-500.2.2,18,0.5353602,490,AWC,ABpxpaaaaap,500_minutes,450-510,490,Waterston_500_minutes_batch_2
CGACCTTTCGGAATCT-500.2.2,18,0.5526671,550,AWC,ABpxpaaaaap,500_minutes,510-580,550,Waterston_500_minutes_batch_2
CGACTTCAGAAGAAGC-500.2.2,13,0.42079067,500,ASH,ABpxpaappaa,500_minutes,450-510,500,Waterston_500_minutes_batch_2
CGACTTCAGCGTGAGT-500.2.2,16,0.43965343,630,ASI,ABpxaapapppa,500_minutes,580-650,630,Waterston_500_minutes_batch_2
CGACTTCAGTGACATA-500.2.2,18,0.62444407,670,AWC,ABpxpaaaaap,500_minutes,> 650,670,Waterston_500_minutes_batch_2
CGAGCACGTAGGGTAC-500.2.2,14,0.24493581,450,ADF,ABalpppppaa/ABpraaappaa,500_minutes,450-510,450,Waterston_500_minutes_batch_2
CGATGGCGTTGGTGGA-500.2.2,21,0.701439,700,ASK,ABalpppapppa/ABpraaaapppa,500_minutes,> 650,700,Waterston_500_minutes_batch_2
CGCGGTAAGTACGCGA-500.2.2,10,0.27907428,390,ASJ,ABalpppppppa/ABpraaappppa,500_minutes,390-450,390,Waterston_500_minutes_batch_2
CGCTATCGTAGGAGTC-500.2.2,22,0.4221689,700,ASER,ABalppppppaa/ABpraaapppaa,500_minutes,> 650,700,Waterston_500_minutes_batch_2
CGCTGGAAGAACTGTA-500.2.2,13,0.51398516,670,ASH,ABpxpaappaa,500_minutes,> 650,670,Waterston_500_minutes_batch_2
CGCTGGACAGATCGGA-500.2.2,23,0.31311765,620,ASG,ABpxaapapap,500_minutes,580-650,620,Waterston_500_minutes_batch_2
CGCTTCACAACTGCTA-500.2.2,13,0.35561442,450,ASH,ABpxpaappaa,500_minutes,450-510,450,Waterston_500_minutes_batch_2
CGGACACAGCCTCGTG-500.2.2,20,0.5950277,450,ADL,ABalppppaad/ABpraaapaad,500_minutes,450-510,450,Waterston_500_minutes_batch_2
CGGACACAGTGATCGG-500.2.2,16,0.43818066,550,ASI,ABpxaapapppa,500_minutes,510-580,550,Waterston_500_minutes_batch_2
CGGACGTGTCAATACC-500.2.2,12,0.43715262,450,ADL,ABalppppaad/ABpraaapaad,500_minutes,450-510,450,Waterston_500_minutes_batch_2
CGGACGTTCTTTACAC-500.2.2,22,0.46148387,700,ASER,ABalppppppaa/ABpraaapppaa,500_minutes,> 650,700,Waterston_500_minutes_batch_2
CGGACTGAGGTTCCTA-500.2.2,18,0.3346093,420,AWC,ABpxpaaaaap,500_minutes,390-450,420,Waterston_500_minutes_batch_2
CGGACTGCATGCTGGC-500.2.2,13,0.52491665,725,ASH,ABpxpaappaa,500_minutes,> 650,725,Waterston_500_minutes_batch_2
CGGAGCTCAAGACGTG-500.2.2,21,0.48325738,500,ASK,ABalpppapppa/ABpraaaapppa,500_minutes,450-510,500,Waterston_500_minutes_batch_2
CGGAGTCTCCAACCAA-500.2.2,15,0.23263128,450,ASI,ABpxaapapppa,500_minutes,450-510,450,Waterston_500_minutes_batch_2
CGGCTAGAGTCCTCCT-500.2.2,0,0.6354441,620,AFD,ABalpppapav/ABpraaaapav,500_minutes,580-650,620,Waterston_500_minutes_batch_2
CGGGTCATCTCTTGAT-500.2.2,20,0.7394189,585,ADL,ABalppppaad/ABpraaapaad,500_minutes,580-650,585,Waterston_500_minutes_batch_2
CGTCAGGGTAAACCTC-500.2.2,13,0.54829484,700,ASH,ABpxpaappaa,500_minutes,> 650,700,Waterston_500_minutes_batch_2
CGTTAGAAGCAGCCTC-500.2.2,18,0.6090393,670,AWC,ABpxpaaaaap,500_minutes,> 650,670,Waterston_500_minutes_batch_2
CGTTCTGGTATGCTTG-500.2.2,16,0.4351758,620,ASI,ABpxaapapppa,500_minutes,580-650,620,Waterston_500_minutes_batch_2
CTAATGGTCATTCACT-500.2.2,13,0.54994094,700,ASH,ABpxpaappaa,500_minutes,> 650,700,Waterston_500_minutes_batch_2
CTACATTGTCATACTG-500.2.2,20,0.75675386,620,ADL,ABalppppaad/ABpraaapaad,500_minutes,580-650,620,Waterston_500_minutes_batch_2
CTCACACAGTGGTCCC-500.2.2,10,0.16038571,375,ASE,ABalppppppaa/ABpraaapppaa,500_minutes,330-390,375,Waterston_500_minutes_batch_2
CTCAGAATCTTAACCT-500.2.2,0,0.7147348,725,AFD,ABalpppapav/ABpraaaapav,500_minutes,> 650,725,Waterston_500_minutes_batch_2
CTCCTAGTCCTGTAGA-500.2.2,17,0.23193777,415,AWB,ABalpppppap/ABpraaappap,500_minutes,390-450,415,Waterston_500_minutes_batch_2
CTCGGAGGTGAGGGTT-500.2.2,0,0.3195519,390,AFD,ABalpppapav/ABpraaaapav,500_minutes,390-450,390,Waterston_500_minutes_batch_2
CTCGGGACAATGAATG-500.2.2,17,0.18094327,420,AWB,ABalpppppap/ABpraaappap,500_minutes,390-450,420,Waterston_500_minutes_batch_2
CTCGGGACATTAACCG-500.2.2,9,0.37203434,625,AWB,ABalpppppap/ABpraaappap,500_minutes,580-650,625,Waterston_500_minutes_batch_2
CTCGGGAGTCTAAACC-500.2.2,23,0.27466416,530,ASG,ABpxaapapap,500_minutes,510-580,530,Waterston_500_minutes_batch_2
CTGAAACAGGCAGTCA-500.2.2,24,0.9136614,725,ASJ,ABalpppppppa/ABpraaappppa,500_minutes,> 650,725,Waterston_500_minutes_batch_2
CTGATCCGTAAGTTCC-500.2.2,22,0.4433618,640,ASEL,ABalppppppaa/ABpraaapppaa,500_minutes,580-650,640,Waterston_500_minutes_batch_2
CTTAACTCATCGGAAG-500.2.2,0,0.5968608,550,AFD,ABalpppapav/ABpraaaapav,500_minutes,510-580,550,Waterston_500_minutes_batch_2
CTTAACTGTGTCGCTG-500.2.2,17,0.1766677,380,,,500_minutes,330-390,380,Waterston_500_minutes_batch_2
CTTACCGTCTGCGGCA-500.2.2,17,0.25022215,585,AWB,ABalpppppap/ABpraaappap,500_minutes,580-650,585,Waterston_500_minutes_batch_2
CTTCTCTCAGCTTCGG-500.2.2,20,0.7996492,620,ADL,ABalppppaad/ABpraaapaad,500_minutes,580-650,620,Waterston_500_minutes_batch_2
CTTCTCTGTCTTGCGG-500.2.2,20,0.68232846,550,ADL,ABalppppaad/ABpraaapaad,500_minutes,510-580,550,Waterston_500_minutes_batch_2
CTTCTCTGTGCCTGTG-500.2.2,20,0.93082243,755,ADL,ABalppppaad/ABpraaapaad,500_minutes,> 650,755,Waterston_500_minutes_batch_2
CTTTGCGTCCGTAGGC-500.2.2,18,0.3441123,395,AWC,ABpxpaaaaap,500_minutes,390-450,395,Waterston_500_minutes_batch_2
GAAATGAAGGTGCTAG-500.2.2,19,0.14394383,425,,,500_minutes,390-450,425,Waterston_500_minutes_batch_2
GAACATCAGTACGTTC-500.2.2,20,0.59055096,490,ADL,ABalppppaad/ABpraaapaad,500_minutes,450-510,490,Waterston_500_minutes_batch_2
GAACATCGTTCAGTAC-500.2.2,15,0.13802335,380,ASI_parent,ABpxaapappp,500_minutes,330-390,380,Waterston_500_minutes_batch_2
GAACATCTCATGCATG-500.2.2,21,0.4345095,490,ASK,ABalpppapppa/ABpraaaapppa,500_minutes,450-510,490,Waterston_500_minutes_batch_2
GAACCTATCCTTTCGG-500.2.2,20,0.7415032,550,ADL,ABalppppaad/ABpraaapaad,500_minutes,510-580,550,Waterston_500_minutes_batch_2
GAACGGACAATGAATG-500.2.2,15,0.16607188,380,ASI_parent,ABpxaapappp,500_minutes,330-390,380,Waterston_500_minutes_batch_2
GACCAATCAGACGTAG-500.2.2,14,0.31417286,640,ADF,ABalpppppaa/ABpraaappaa,500_minutes,580-650,640,Waterston_500_minutes_batch_2
GACCAATGTGTTTGGT-500.2.2,16,0.41480857,620,ASI,ABpxaapapppa,500_minutes,580-650,620,Waterston_500_minutes_batch_2
GACCTGGCACGGTTTA-500.2.2,18,0.21125422,365,AWC,ABpxpaaaaap,500_minutes,330-390,365,Waterston_500_minutes_batch_2
GACGCGTTCATTGCGA-500.2.2,20,0.8869141,700,ADL,ABalppppaad/ABpraaapaad,500_minutes,> 650,700,Waterston_500_minutes_batch_2
GACGGCTTCGCAAACT-500.2.2,15,0.16303673,375,ASI_parent,ABpxaapappp,500_minutes,330-390,375,Waterston_500_minutes_batch_2
GACTACATCAACGGGA-500.2.2,16,0.43722016,625,ASI,ABpxaapapppa,500_minutes,580-650,625,Waterston_500_minutes_batch_2
GACTGCGCATCCGCGA-500.2.2,16,0.3936556,620,ASI,ABpxaapapppa,500_minutes,580-650,620,Waterston_500_minutes_batch_2
GAGGTGACAGCGTTCG-500.2.2,14,0.31140953,670,ADF,ABalpppppaa/ABpraaappaa,500_minutes,> 650,670,Waterston_500_minutes_batch_2
GAGGTGATCCTGCCAT-500.2.2,21,0.2921074,440,ASK,ABalpppapppa/ABpraaaapppa,500_minutes,390-450,440,Waterston_500_minutes_batch_2
GATCAGTAGATTACCC-500.2.2,16,0.39658207,565,ASI,ABpxaapapppa,500_minutes,510-580,565,Waterston_500_minutes_batch_2
GATCAGTTCTCTGCTG-500.2.2,9,0.4096272,450,ASE,ABalppppppaa/ABpraaapppaa,500_minutes,450-510,450,Waterston_500_minutes_batch_2
GATGAAATCGCGATCG-500.2.2,18,0.3398255,385,AWC,ABpxpaaaaap,500_minutes,330-390,385,Waterston_500_minutes_batch_2
GATTCAGCAATCACAC-500.2.2,21,0.69857216,640,ASK,ABalpppapppa/ABpraaaapppa,500_minutes,580-650,640,Waterston_500_minutes_batch_2
GCAAACTTCCGAATGT-500.2.2,18,0.551795,510,AWC,ABpxpaaaaap,500_minutes,510-580,510,Waterston_500_minutes_batch_2
GCACTCTGTCCTCTTG-500.2.2,14,0.31569222,670,ADF,ABalpppppaa/ABpraaappaa,500_minutes,> 650,670,Waterston_500_minutes_batch_2
GCATGCGGTCTTCTCG-500.2.2,16,0.40098688,550,ASI,ABpxaapapppa,500_minutes,510-580,550,Waterston_500_minutes_batch_2
GCATGTAGTTGTCTTT-500.2.2,16,0.43057692,620,ASI,ABpxaapapppa,500_minutes,580-650,620,Waterston_500_minutes_batch_2
GCCTCTACACGAAGCA-500.2.2,23,0.32829615,630,ASG,ABpxaapapap,500_minutes,580-650,630,Waterston_500_minutes_batch_2
GCCTCTACAGTGACAG-500.2.2,16,0.43652466,640,ASI,ABpxaapapppa,500_minutes,580-650,640,Waterston_500_minutes_batch_2
GCCTCTATCTCGAGTA-500.2.2,23,0.33249742,550,AWA,ABpxaapapaa,500_minutes,510-580,550,Waterston_500_minutes_batch_2
GCCTCTATCTCGGACG-500.2.2,17,0.24706137,585,AWB,ABalpppppap/ABpraaappap,500_minutes,580-650,585,Waterston_500_minutes_batch_2
GCGACCACAGATCTGT-500.2.2,0,0.4896604,550,AFD,ABalpppapav/ABpraaaapav,500_minutes,510-580,550,Waterston_500_minutes_batch_2
GCGAGAATCCTGCTTG-500.2.2,14,0.24618715,490,ADF,ABalpppppaa/ABpraaappaa,500_minutes,450-510,490,Waterston_500_minutes_batch_2
GCGCAACCACAGCGTC-500.2.2,12,0.25508896,370,ADL,ABalppppaad/ABpraaapaad,500_minutes,330-390,370,Waterston_500_minutes_batch_2
GCGCAGTGTACAGTTC-500.2.2,0,0.6531832,550,AFD,ABalpppapav/ABpraaaapav,500_minutes,510-580,550,Waterston_500_minutes_batch_2
GCGCGATAGGAGCGAG-500.2.2,23,0.34166816,640,ASG,ABpxaapapap,500_minutes,580-650,640,Waterston_500_minutes_batch_2
GCTGCAGAGTGCTGCC-500.2.2,15,0.28546545,490,ASI,ABpxaapapppa,500_minutes,450-510,490,Waterston_500_minutes_batch_2
GCTGCAGTCAACCAAC-500.2.2,22,0.4041367,640,ASEL,ABalppppppaa/ABpraaapppaa,500_minutes,580-650,640,Waterston_500_minutes_batch_2
GCTGCGAAGGAGTTTA-500.2.2,19,0.18549415,450,AWA,ABpxaapapaa,500_minutes,450-510,450,Waterston_500_minutes_batch_2
GCTTCCAGTACCGAGA-500.2.2,13,0.41280586,520,ASH,ABpxpaappaa,500_minutes,510-580,520,Waterston_500_minutes_batch_2
GCTTGAAAGTGCCAGA-500.2.2,24,0.7696667,640,ASJ,ABalpppppppa/ABpraaappppa,500_minutes,580-650,640,Waterston_500_minutes_batch_2
GCTTGAAGTTACGGAG-500.2.2,16,0.4134246,620,ASI,ABpxaapapppa,500_minutes,580-650,620,Waterston_500_minutes_batch_2
GGAAAGCGTGAGGGAG-500.2.2,0,0.68342847,640,AFD,ABalpppapav/ABpraaaapav,500_minutes,580-650,640,Waterston_500_minutes_batch_2
GGAACTTAGTATCTCG-500.2.2,20,0.7676494,670,ADL,ABalppppaad/ABpraaapaad,500_minutes,> 650,670,Waterston_500_minutes_batch_2
GGACAAGTCATCGATG-500.2.2,23,0.30463716,550,ASG,ABpxaapapap,500_minutes,510-580,550,Waterston_500_minutes_batch_2
GGACAAGTCGTCTGAA-500.2.2,21,0.6618963,620,ASK,ABalpppapppa/ABpraaaapppa,500_minutes,580-650,620,Waterston_500_minutes_batch_2
GGACAGAAGAGGGATA-500.2.2,24,0.9290787,760,ASJ,ABalpppppppa/ABpraaappppa,500_minutes,> 650,760,Waterston_500_minutes_batch_2
GGACATTCAGCGATCC-500.2.2,20,0.73189616,550,ADL,ABalppppaad/ABpraaapaad,500_minutes,510-580,550,Waterston_500_minutes_batch_2
GGACATTCATCCTAGA-500.2.2,19,0.29330665,700,AWA,ABpxaapapaa,500_minutes,> 650,700,Waterston_500_minutes_batch_2
GGAGCAAAGATGTGGC-500.2.2,18,0.39255193,450,AWC,ABpxpaaaaap,500_minutes,450-510,450,Waterston_500_minutes_batch_2
GGAGCAAGTCTCTCTG-500.2.2,19,0.29077873,670,AWA,ABpxaapapaa,500_minutes,> 650,670,Waterston_500_minutes_batch_2
GGATTACCACCTCGTT-500.2.2,13,0.53375465,700,ASH,ABpxpaappaa,500_minutes,> 650,700,Waterston_500_minutes_batch_2
GGCAATTAGCCACGCT-500.2.2,10,0.31663895,400,ASJ,ABalpppppppa/ABpraaappppa,500_minutes,390-450,400,Waterston_500_minutes_batch_2
GGCAATTAGTGTTAGA-500.2.2,9,0.26281267,420,ASE,ABalppppppaa/ABpraaapppaa,500_minutes,390-450,420,Waterston_500_minutes_batch_2
GGCAATTTCTCACATT-500.2.2,22,0.38510877,640,ASEL,ABalppppppaa/ABpraaapppaa,500_minutes,580-650,640,Waterston_500_minutes_batch_2
GGCCGATCACGAGGTA-500.2.2,24,0.71238714,640,ASJ,ABalpppppppa/ABpraaappppa,500_minutes,580-650,640,Waterston_500_minutes_batch_2
GGCGACTGTAGGCATG-500.2.2,18,0.55848145,500,AWC,ABpxpaaaaap,500_minutes,450-510,500,Waterston_500_minutes_batch_2
GGCTCGAGTTTAGGAA-500.2.2,15,0.2560588,450,ASI,ABpxaapapppa,500_minutes,450-510,450,Waterston_500_minutes_batch_2
GGCTCGATCGCGTTTC-500.2.2,15,0.18199827,450,ASI,ABpxaapapppa,500_minutes,450-510,450,Waterston_500_minutes_batch_2
GGCTGGTCACTTCGAA-500.2.2,9,0.30186996,450,ASE,ABalppppppaa/ABpraaapppaa,500_minutes,450-510,450,Waterston_500_minutes_batch_2
GGGAATGTCTCCGGTT-500.2.2,21,0.45889258,500,ASK,ABalpppapppa/ABpraaaapppa,500_minutes,450-510,500,Waterston_500_minutes_batch_2
GGGACCTCAAGTAGTA-500.2.2,19,0.1522915,385,ASG_AWA,,500_minutes,330-390,385,Waterston_500_minutes_batch_2
GGGAGATAGTGGAGTC-500.2.2,9,0.3357818,520,ASE,ABalppppppaa/ABpraaapppaa,500_minutes,510-580,520,Waterston_500_minutes_batch_2
GGGAGATCAATCCGAT-500.2.2,14,0.29060614,640,ADF,ABalpppppaa/ABpraaappaa,500_minutes,580-650,640,Waterston_500_minutes_batch_2
GGGAGATTCATTCACT-500.2.2,16,0.43652472,630,ASI,ABpxaapapppa,500_minutes,580-650,630,Waterston_500_minutes_batch_2
GGGTTGCAGCAGCCTC-500.2.2,17,0.27342948,620,AWB,ABalpppppap/ABpraaappap,500_minutes,580-650,620,Waterston_500_minutes_batch_2
GGGTTGCAGTACTTGC-500.2.2,20,0.52822846,490,ADL,ABalppppaad/ABpraaapaad,500_minutes,450-510,490,Waterston_500_minutes_batch_2
GGGTTGCGTCACTTCC-500.2.2,21,0.4046504,440,ASK,ABalpppapppa/ABpraaaapppa,500_minutes,390-450,440,Waterston_500_minutes_batch_2
GTAACGTGTCATCCCT-500.2.2,23,0.323238,620,ASG,ABpxaapapap,500_minutes,580-650,620,Waterston_500_minutes_batch_2
GTACTCCAGATCGATA-500.2.2,0,0.2835148,360,AFD,ABalpppapav/ABpraaaapav,500_minutes,330-390,360,Waterston_500_minutes_batch_2
GTACTCCGTCTAGTGT-500.2.2,16,0.4155606,550,ASI,ABpxaapapppa,500_minutes,510-580,550,Waterston_500_minutes_batch_2
GTACTCCTCTGGCGAC-500.2.2,18,0.63106626,700,AWC,ABpxpaaaaap,500_minutes,> 650,700,Waterston_500_minutes_batch_2
GTACTTTAGATCCCGC-500.2.2,18,0.6419984,700,AWC,ABpxpaaaaap,500_minutes,> 650,700,Waterston_500_minutes_batch_2
GTAGGCCGTACGCACC-500.2.2,23,0.2890922,530,ASG,ABpxaapapap,500_minutes,510-580,530,Waterston_500_minutes_batch_2
GTAGTCAAGTCCTCCT-500.2.2,23,0.33400497,670,ASG,ABpxaapapap,500_minutes,> 650,670,Waterston_500_minutes_batch_2
GTAGTCACACCCATTC-500.2.2,9,0.30771217,435,ASE,ABalppppppaa/ABpraaapppaa,500_minutes,390-450,435,Waterston_500_minutes_batch_2
GTATTCTGTTGCGTTA-500.2.2,13,0.50457543,635,ASH,ABpxpaappaa,500_minutes,580-650,635,Waterston_500_minutes_batch_2
GTCAAGTAGACCGGAT-500.2.2,14,0.25867003,490,ADF,ABalpppppaa/ABpraaappaa,500_minutes,450-510,490,Waterston_500_minutes_batch_2
GTCACAAGTGAGTGAC-500.2.2,18,0.5425902,585,AWC,ABpxpaaaaap,500_minutes,580-650,585,Waterston_500_minutes_batch_2
GTCATTTCAGCTTCGG-500.2.2,24,0.8984613,750,ASJ,ABalpppppppa/ABpraaappppa,500_minutes,> 650,750,Waterston_500_minutes_batch_2
GTCCTCATCATGCATG-500.2.2,16,0.43159905,670,ASI,ABpxaapapppa,500_minutes,> 650,670,Waterston_500_minutes_batch_2
GTCGGGTTCGTCGTTC-500.2.2,20,0.55104923,450,ADL,ABalppppaad/ABpraaapaad,500_minutes,450-510,450,Waterston_500_minutes_batch_2
GTCGTAAAGACAAGCC-500.2.2,22,0.43805233,635,ASEL,ABalppppppaa/ABpraaapppaa,500_minutes,580-650,635,Waterston_500_minutes_batch_2
GTCGTAAAGTAGCCGA-500.2.2,13,0.4403798,490,ASH,ABpxpaappaa,500_minutes,450-510,490,Waterston_500_minutes_batch_2
GTGCATAAGATCCCGC-500.2.2,18,0.6346039,700,AWC,ABpxpaaaaap,500_minutes,> 650,700,Waterston_500_minutes_batch_2
GTGCTTCTCTCCTATA-500.2.2,13,0.5294051,700,ASH,ABpxpaappaa,500_minutes,> 650,700,Waterston_500_minutes_batch_2
GTGTTAGAGAAGGCCT-500.2.2,13,0.4941458,550,ASH,ABpxpaappaa,500_minutes,510-580,550,Waterston_500_minutes_batch_2
GTGTTAGTCAGTCAGT-500.2.2,16,0.3509084,550,ASI,ABpxaapapppa,500_minutes,510-580,550,Waterston_500_minutes_batch_2
GTGTTAGTCCGAATGT-500.2.2,21,0.54279536,550,ASK,ABalpppapppa/ABpraaaapppa,500_minutes,510-580,550,Waterston_500_minutes_batch_2
GTTAAGCCACTGTCGG-500.2.2,16,0.43111026,640,ASI,ABpxaapapppa,500_minutes,580-650,640,Waterston_500_minutes_batch_2
GTTCATTGTCTCTTTA-500.2.2,18,0.29421756,395,AWC,ABpxpaaaaap,500_minutes,390-450,395,Waterston_500_minutes_batch_2
GTTCATTTCGTAGATC-500.2.2,0,0.4780341,700,AFD,ABalpppapav/ABpraaaapav,500_minutes,> 650,700,Waterston_500_minutes_batch_2
GTTCGGGTCCAGTAGT-500.2.2,14,0.3187143,700,ADF,ABalpppppaa/ABpraaappaa,500_minutes,> 650,700,Waterston_500_minutes_batch_2
TAAACCGGTCGGCACT-500.2.2,21,0.6874734,630,ASK,ABalpppapppa/ABpraaaapppa,500_minutes,580-650,630,Waterston_500_minutes_batch_2
TAAACCGGTCTGATCA-500.2.2,22,0.43509316,700,ASEL,ABalppppppaa/ABpraaapppaa,500_minutes,> 650,700,Waterston_500_minutes_batch_2
TAAGAGAGTCTTCAAG-500.2.2,24,0.6508533,550,ASJ,ABalpppppppa/ABpraaappppa,500_minutes,510-580,550,Waterston_500_minutes_batch_2
TAAGCGTTCGTTTATC-500.2.2,13,0.50254244,585,ASH,ABpxpaappaa,500_minutes,580-650,585,Waterston_500_minutes_batch_2
TAAGTGCCAGCTCGAC-500.2.2,16,0.42259103,640,ASI,ABpxaapapppa,500_minutes,580-650,640,Waterston_500_minutes_batch_2
TACAGTGCATTACGAC-500.2.2,10,0.23045869,435,AUA,ABalpppppppp/ABpraaappppp,500_minutes,390-450,435,Waterston_500_minutes_batch_2
TACGGGCTCACTCTTA-500.2.2,17,0.17661406,380,,,500_minutes,330-390,380,Waterston_500_minutes_batch_2
TACGGTAGTACCGAGA-500.2.2,21,0.68479246,640,ASK,ABalpppapppa/ABpraaaapppa,500_minutes,580-650,640,Waterston_500_minutes_batch_2
TACTCGCTCCAGGGCT-500.2.2,7,0.063514136,300,Neuroblast_ASG_AWA,ABpxaapapa,500_minutes,270-330,300,Waterston_500_minutes_batch_2
TACTTGTAGGGTCTCC-500.2.2,0,0.5746297,585,AFD,ABalpppapav/ABpraaaapav,500_minutes,580-650,585,Waterston_500_minutes_batch_2
TACTTGTTCATACGGT-500.2.2,14,0.30214885,550,ADF,ABalpppppaa/ABpraaappaa,500_minutes,510-580,550,Waterston_500_minutes_batch_2
TAGAGCTCAGCGATCC-500.2.2,12,0.46019492,450,ADL,ABalppppaad/ABpraaapaad,500_minutes,450-510,450,Waterston_500_minutes_batch_2
TAGGCATCAAAGGAAG-500.2.2,23,0.32256594,620,ASG,ABpxaapapap,500_minutes,580-650,620,Waterston_500_minutes_batch_2
TAGGCATTCGACCAGC-500.2.2,20,0.9244852,700,ADL,ABalppppaad/ABpraaapaad,500_minutes,> 650,700,Waterston_500_minutes_batch_2
TAGTGGTGTAAACCTC-500.2.2,0,0.63675797,670,AFD,ABalpppapav/ABpraaaapav,500_minutes,> 650,670,Waterston_500_minutes_batch_2
TAGTGGTTCGTGACAT-500.2.2,13,0.39929256,430,ADL,ABalppppaad/ABpraaapaad,500_minutes,390-450,430,Waterston_500_minutes_batch_2
TAGTTGGCACACGCTG-500.2.2,10,0.44872588,470,ASJ,ABalpppppppa/ABpraaappppa,500_minutes,450-510,470,Waterston_500_minutes_batch_2
TATCAGGAGTCTCCTC-500.2.2,24,0.41603434,470,ASJ,ABalpppppppa/ABpraaappppa,500_minutes,450-510,470,Waterston_500_minutes_batch_2
TATCTCAGTGCAACGA-500.2.2,21,0.27409244,490,ASK,ABalpppapppa/ABpraaaapppa,500_minutes,450-510,490,Waterston_500_minutes_batch_2
TATGCCCAGTGTCCCG-500.2.2,9,0.28040245,450,ASE,ABalppppppaa/ABpraaapppaa,500_minutes,450-510,450,Waterston_500_minutes_batch_2
TATTACCAGGAGCGTT-500.2.2,9,0.29821527,470,ASE,ABalppppppaa/ABpraaapppaa,500_minutes,450-510,470,Waterston_500_minutes_batch_2
TCAACGACACCGAATT-500.2.2,20,0.72232205,550,ADL,ABalppppaad/ABpraaapaad,500_minutes,510-580,550,Waterston_500_minutes_batch_2
TCAACGAGTTGCGCAC-500.2.2,20,0.81310934,640,ADL,ABalppppaad/ABpraaapaad,500_minutes,580-650,640,Waterston_500_minutes_batch_2
TCACAAGTCGTTGACA-500.2.2,17,0.24376227,470,ASE,ABalppppppaa/ABpraaapppaa,500_minutes,450-510,470,Waterston_500_minutes_batch_2
TCAGATGAGCTCCTTC-500.2.2,18,0.33326894,415,AWC,ABpxpaaaaap,500_minutes,390-450,415,Waterston_500_minutes_batch_2
TCAGATGGTCTCTTTA-500.2.2,18,0.63338286,700,AWC,ABpxpaaaaap,500_minutes,> 650,700,Waterston_500_minutes_batch_2
TCAGCAACAGCATGAG-500.2.2,22,0.42373097,700,ASEL,ABalppppppaa/ABpraaapppaa,500_minutes,> 650,700,Waterston_500_minutes_batch_2
TCAGGTAGTGTTCGAT-500.2.2,15,0.15771475,385,ASI_parent,ABpxaapappp,500_minutes,330-390,385,Waterston_500_minutes_batch_2
TCATTACCATCGGTTA-500.2.2,19,0.18965624,405,AWA,ABpxaapapaa,500_minutes,390-450,405,Waterston_500_minutes_batch_2
TCATTTGTCTGATACG-500.2.2,10,0.16650249,320,Neuroblast_ASJ_AUA,ABalppppppp/ABpraaapppp,500_minutes,270-330,320,Waterston_500_minutes_batch_2
TCCACACTCTTGGGTA-500.2.2,0,0.66949546,775,AFD,ABalpppapav/ABpraaaapav,500_minutes,> 650,775,Waterston_500_minutes_batch_2
TCGAGGCAGACTACAA-500.2.2,18,0.34335035,420,AWC,ABpxpaaaaap,500_minutes,390-450,420,Waterston_500_minutes_batch_2
TCGAGGCCACAGTCGC-500.2.2,20,0.95321304,760,ADL,ABalppppaad/ABpraaapaad,500_minutes,> 650,760,Waterston_500_minutes_batch_2
TCGCGTTCACAAGCCC-500.2.2,20,0.9166373,750,ADL,ABalppppaad/ABpraaapaad,500_minutes,> 650,750,Waterston_500_minutes_batch_2
TCGGTAAGTCTCTCTG-500.2.2,20,0.90391606,760,ADL,ABalppppaad/ABpraaapaad,500_minutes,> 650,760,Waterston_500_minutes_batch_2
TCGTACCCAAGTAATG-500.2.2,17,0.21880472,450,ASI,ABpxaapapppa,500_minutes,450-510,450,Waterston_500_minutes_batch_2
TCTCATACAAGAGGCT-500.2.2,20,0.5887568,490,ADL,ABalppppaad/ABpraaapaad,500_minutes,450-510,490,Waterston_500_minutes_batch_2
TCTCTAAGTCACACGC-500.2.2,14,0.1317448,340,ADL,ABalppppaad/ABpraaapaad,500_minutes,330-390,340,Waterston_500_minutes_batch_2
TCTGGAACAATGAAAC-500.2.2,20,0.9958881,750,ADL,ABalppppaad/ABpraaapaad,500_minutes,> 650,750,Waterston_500_minutes_batch_2
TCTTCGGCAAGCCGTC-500.2.2,12,0.40978694,440,ADL,ABalppppaad/ABpraaapaad,500_minutes,390-450,440,Waterston_500_minutes_batch_2
TCTTCGGGTGCGGTAA-500.2.2,9,0.354219,450,ASE,ABalppppppaa/ABpraaapppaa,500_minutes,450-510,450,Waterston_500_minutes_batch_2
TCTTCGGTCCTTGACC-500.2.2,10,0.29508224,400,ASJ,ABalpppppppa/ABpraaappppa,500_minutes,390-450,400,Waterston_500_minutes_batch_2
TGACAACGTACGCACC-500.2.2,21,0.36956844,440,ASK,ABalpppapppa/ABpraaaapppa,500_minutes,390-450,440,Waterston_500_minutes_batch_2
TGACAACGTTGCTCCT-500.2.2,16,0.3980636,585,ASI,ABpxaapapppa,500_minutes,580-650,585,Waterston_500_minutes_batch_2
TGACAACGTTTGACAC-500.2.2,12,0.5420944,450,ADL,ABalppppaad/ABpraaapaad,500_minutes,450-510,450,Waterston_500_minutes_batch_2
TGAGCCGGTCTCGTTC-500.2.2,13,0.5381707,635,ASH,ABpxpaappaa,500_minutes,580-650,635,Waterston_500_minutes_batch_2
TGCCAAACAGACAAAT-500.2.2,20,0.923893,750,ADL,ABalppppaad/ABpraaapaad,500_minutes,> 650,750,Waterston_500_minutes_batch_2
TGCCCTATCATGCAAC-500.2.2,20,0.88562626,700,ADL,ABalppppaad/ABpraaapaad,500_minutes,> 650,700,Waterston_500_minutes_batch_2
TGCGGGTTCTCATTCA-500.2.2,9,0.25946483,400,ASE,ABalppppppaa/ABpraaapppaa,500_minutes,390-450,400,Waterston_500_minutes_batch_2
TGCTACCAGTGTCCCG-500.2.2,22,0.43326145,640,ASEL,ABalppppppaa/ABpraaapppaa,500_minutes,580-650,640,Waterston_500_minutes_batch_2
TGCTACCCAACAACCT-500.2.2,10,0.46178454,500,ASJ,ABalpppppppa/ABpraaappppa,500_minutes,450-510,500,Waterston_500_minutes_batch_2
TGGACGCCACGAGGTA-500.2.2,17,0.24102512,550,AWB,ABalpppppap/ABpraaappap,500_minutes,510-580,550,Waterston_500_minutes_batch_2
TGGTTAGAGGAATTAC-500.2.2,13,0.48485878,620,ASH,ABpxpaappaa,500_minutes,580-650,620,Waterston_500_minutes_batch_2
TGTATTCCATGCTAGT-500.2.2,15,0.26547506,440,ASI,ABpxaapapppa,500_minutes,390-450,440,Waterston_500_minutes_batch_2
TGTCCCACAAAGCGGT-500.2.2,10,0.1864882,585,AUA,ABalpppppppp/ABpraaappppp,500_minutes,580-650,585,Waterston_500_minutes_batch_2
TGTTCCGTCTACTTAC-500.2.2,13,0.2213046,380,ASH,ABpxpaappaa,500_minutes,330-390,380,Waterston_500_minutes_batch_2
TTAACTCGTAATCACC-500.2.2,16,0.40792188,550,ASI,ABpxaapapppa,500_minutes,510-580,550,Waterston_500_minutes_batch_2
TTAACTCTCGGAGCAA-500.2.2,22,0.44054464,640,ASEL,ABalppppppaa/ABpraaapppaa,500_minutes,580-650,640,Waterston_500_minutes_batch_2
TTAGGACGTATCTGCA-500.2.2,0,0.68853116,640,AFD,ABalpppapav/ABpraaaapav,500_minutes,580-650,640,Waterston_500_minutes_batch_2
TTCGAAGTCATTATCC-500.2.2,19,0.21674614,485,AUA,ABalpppppppp/ABpraaappppp,500_minutes,450-510,485,Waterston_500_minutes_batch_2
TTCGGTCAGCAATCTC-500.2.2,24,0.66835785,550,ASJ,ABalpppppppa/ABpraaappppa,500_minutes,510-580,550,Waterston_500_minutes_batch_2
TTCTACAAGAGACTTA-500.2.2,7,0.02636889,300,Neuroblast_ASG_AWA,ABpxaapapa,500_minutes,270-330,300,Waterston_500_minutes_batch_2
TTCTACACAGGTCGTC-500.2.2,20,0.5846158,470,ADL,ABalppppaad/ABpraaapaad,500_minutes,450-510,470,Waterston_500_minutes_batch_2
TTCTACAGTACCGTTA-500.2.2,15,0.16560382,380,ASI_parent,ABpxaapappp,500_minutes,330-390,380,Waterston_500_minutes_batch_2
TTCTACAGTTTGTTTC-500.2.2,0,0.69305503,670,AFD,ABalpppapav/ABpraaaapav,500_minutes,> 650,670,Waterston_500_minutes_batch_2
TTCTCAATCTTTCCTC-500.2.2,22,0.4502381,700,ASER,ABalppppppaa/ABpraaapppaa,500_minutes,> 650,700,Waterston_500_minutes_batch_2
TTCTCCTAGTACGACG-500.2.2,22,0.4386639,755,AFD,ABalpppapav/ABpraaaapav,500_minutes,> 650,755,Waterston_500_minutes_batch_2
TTCTCCTAGTGTTAGA-500.2.2,20,0.64089185,530,ADL,ABalppppaad/ABpraaapaad,500_minutes,510-580,530,Waterston_500_minutes_batch_2
TTCTCCTGTAAGGATT-500.2.2,16,0.40857708,640,ASI,ABpxaapapppa,500_minutes,580-650,640,Waterston_500_minutes_batch_2
TTCTTAGCAGGTTTCA-500.2.2,24,0.54977816,520,ASJ,ABalpppppppa/ABpraaappppa,500_minutes,510-580,520,Waterston_500_minutes_batch_2
TTGAACGCAAAGCGGT-500.2.2,17,0.16190095,375,AUA,ABalpppppppp/ABpraaappppp,500_minutes,330-390,375,Waterston_500_minutes_batch_2
TTGCGTCAGATCCCGC-500.2.2,22,0.46191573,700,ASER,ABalppppppaa/ABpraaapppaa,500_minutes,> 650,700,Waterston_500_minutes_batch_2
TTGGAACAGCCAGTAG-500.2.2,16,0.41001686,550,ASI,ABpxaapapppa,500_minutes,510-580,550,Waterston_500_minutes_batch_2
TTGTAGGCACACGCTG-500.2.2,24,0.95866454,725,ASJ,ABalpppppppa/ABpraaappppa,500_minutes,> 650,725,Waterston_500_minutes_batch_2
TTTACTGGTCTTGTCC-500.2.2,22,0.45017052,700,ASER,ABalppppppaa/ABpraaapppaa,500_minutes,> 650,700,Waterston_500_minutes_batch_2
TTTATGCGTACCATCA-500.2.2,21,0.65306634,550,ASK,ABalpppapppa/ABpraaaapppa,500_minutes,510-580,550,Waterston_500_minutes_batch_2
TTTCCTCTCTCTTGAT-500.2.2,23,0.28623334,550,AUA,ABalpppppppp/ABpraaappppp,500_minutes,510-580,550,Waterston_500_minutes_batch_2
TTTGGTTAGTGCGTGA-500.2.2,9,0.38601622,450,ASE,ABalppppppaa/ABpraaapppaa,500_minutes,450-510,450,Waterston_500_minutes_batch_2
TTTGGTTTCAGGTTCA-500.2.2,9,0.29643396,450,ASE,ABalppppppaa/ABpraaapppaa,500_minutes,450-510,450,Waterston_500_minutes_batch_2
AAACCTGAGATCCGAG-r17,1,0.01734788,190,,,mixed,170-210,190,Murray_r17
AAACGGGCATTATCTC-r17,0,0.53655696,510,AFD,ABalpppapav/ABpraaaapav,mixed,510-580,510,Murray_r17
AAAGCAACAAGTCTAC-r17,13,0.18806787,380,ASH,ABpxpaappaa,mixed,330-390,380,Murray_r17
AAAGTAGCAGGGTACA-r17,6,0.06122501,265,Neuroblast_AFD_RMD,ABalpppapa/ABpraaaapa,mixed,210-270,265,Murray_r17
AAAGTAGCATGATCCA-r17,1,0.013090714,175,,,mixed,170-210,175,Murray_r17
AAATGCCCATCAGTCA-r17,19,0.14008589,390,AWA,ABpxaapapaa,mixed,390-450,390,Murray_r17
AAATGCCGTAGCGTCC-r17,1,0.021421498,170,,,mixed,170-210,170,Murray_r17
AAATGCCGTGCAGACA-r17,6,0.059990287,245,,,mixed,210-270,245,Murray_r17
AAATGCCTCCTTTCTC-r17,6,0.09275413,350,ASG_AWA,,mixed,330-390,350,Murray_r17
AAATGCCTCTCTGAGA-r17,6,0.057556618,215,,ABpxpaaap,mixed,210-270,215,Murray_r17
AACACGTGTCTTGATG-r17,18,0.285429,410,AWC,ABpxpaaaaap,mixed,390-450,410,Murray_r17
AACCATGCAATGAATG-r17,10,0.18509653,325,Neuroblast_ASJ_AUA,ABalppppppp/ABpraaapppp,mixed,270-330,325,Murray_r17
AACCATGTCATTGCCC-r17,18,0.18211217,365,AWC,ABpxpaaaaap,mixed,330-390,365,Murray_r17
AACCGCGAGCTGTTCA-r17,19,0.14913212,410,AWA,ABpxaapapaa,mixed,390-450,410,Murray_r17
AACCGCGGTGGTGTAG-r17,1,0.0076913503,170,,,mixed,170-210,170,Murray_r17
AACCGCGTCCAAAGTC-r17,1,0.019902747,230,,ABalpppppp/ABpraaappp,mixed,210-270,230,Murray_r17
AACTCAGAGTCGTACT-r17,1,0.013105018,160,,,mixed,130-170,160,Murray_r17
AACTCAGAGTGTACCT-r17,6,0.058333658,225,,,mixed,210-270,225,Murray_r17
AACTCAGGTTGGTAAA-r17,6,0.055800702,260,,ABpxpaaaa,mixed,210-270,260,Murray_r17
AACTCTTAGCCCAATT-r17,6,0.069306575,205,,,mixed,170-210,205,Murray_r17
AACTTTCCAAGCTGGA-r17,10,0.4609157,470,ASJ,ABalpppppppa/ABpraaappppa,mixed,450-510,470,Murray_r17
AACTTTCTCAAACCAC-r17,1,0.023310574,160,,ABalppppa/ABpraaapa,mixed,130-170,160,Murray_r17
AACTTTCTCAGCAACT-r17,1,0.022492364,170,,,mixed,170-210,170,Murray_r17
AACTTTCTCCTATGTT-r17,0,0.3862735,450,AFD,ABalpppapav/ABpraaaapav,mixed,450-510,450,Murray_r17
AAGACCTCATGGAATA-r17,12,0.37142324,405,ADL,ABalppppaad/ABpraaapaad,mixed,390-450,405,Murray_r17
AAGCCGCAGGTGCAAC-r17,1,0.012051775,180,,ABalppppp/ABpraaapp,mixed,170-210,180,Murray_r17
AAGCCGCGTCCCTTGT-r17,1,0.020669203,180,,ABpxaapap,mixed,170-210,180,Murray_r17
AAGTCTGCAGATAATG-r17,6,0.045248922,260,Neuroblast_AFD_RMD,ABalpppapa/ABpraaaapa,mixed,210-270,260,Murray_r17
AATCCAGCAACACGCC-r17,1,0.018605711,200,,ABalppppaa/ABpraaapaa,mixed,170-210,200,Murray_r17
AATCGGTAGATGTAAC-r17,6,0.064902656,235,,ABpxpaaaa,mixed,210-270,235,Murray_r17
AATCGGTCACAAGTAA-r17,13,0.18610609,380,ASH,ABpxpaappaa,mixed,330-390,380,Murray_r17
ACACCCTGTCCAGTGC-r17,6,0.05213337,240,,ABprpappa,mixed,210-270,240,Murray_r17
ACACCCTTCTAACTGG-r17,9,0.19038562,405,ASE,ABalppppppaa/ABpraaapppaa,mixed,390-450,405,Murray_r17
ACACTGAGTTCGGGCT-r17,6,0.076254696,620,AWB,ABalpppppap/ABpraaappap,mixed,580-650,620,Murray_r17
ACAGCCGAGAGTGAGA-r17,13,0.38951758,490,ASH,ABpxpaappaa,mixed,450-510,490,Murray_r17
ACAGCTAAGCGATTCT-r17,0,0.5739265,500,AFD,ABalpppapav/ABpraaaapav,mixed,450-510,500,Murray_r17
ACAGCTAGTCTCCACT-r17,1,0.016983462,170,,,mixed,170-210,170,Murray_r17
ACAGCTATCATCGATG-r17,6,0.083518066,300,ASE_parent,ABalppppppa/ABpraaapppa,mixed,270-330,300,Murray_r17
ACATACGGTAAAGTCA-r17,23,0.2873426,585,ASG,ABpxaapapap,mixed,580-650,585,Murray_r17
ACCAGTAGTAGCCTAT-r17,0,0.20539407,320,AFD,ABalpppapav/ABpraaaapav,mixed,270-330,320,Murray_r17
ACCCACTGTGAAAGAG-r17,10,0.26199296,350,ASJ,ABalpppppppa/ABpraaappppa,mixed,330-390,350,Murray_r17
ACGAGCCGTCAAACTC-r17,1,0.014198206,170,,,mixed,170-210,170,Murray_r17
ACGATACAGACTACAA-r17,5,0.13810487,360,,,mixed,330-390,360,Murray_r17
ACGATACTCCAAAGTC-r17,1,0.03278003,260,Neuroblast_ASE_ASJ_AUA,ABalpppppp/ABpraaappp,mixed,210-270,260,Murray_r17
ACGATGTGTTCCCGAG-r17,10,0.40095186,450,ASJ,ABalpppppppa/ABpraaappppa,mixed,450-510,450,Murray_r17
ACGCAGCAGTTAAGTG-r17,19,0.13361101,390,AWA,ABpxaapapaa,mixed,390-450,390,Murray_r17
ACGCCAGAGTTGAGAT-r17,1,0.012313908,160,,,mixed,130-170,160,Murray_r17
ACGCCGACATACAGCT-r17,6,0.062326264,260,,ABpxpaapa,mixed,210-270,260,Murray_r17
ACGGAGAAGTGTGAAT-r17,4,0.028255383,230,,,mixed,210-270,230,Murray_r17
ACGGGCTTCTTGAGGT-r17,14,0.2072693,550,ADF,ABalpppppaa/ABpraaappaa,mixed,510-580,550,Murray_r17
ACTATCTGTCTTGTCC-r17,1,0.009199105,190,,,mixed,170-210,190,Murray_r17
ACTGAACTCGTCACGG-r17,1,0.018385349,170,,,mixed,170-210,170,Murray_r17
ACTGAGTCAAACAACA-r17,20,0.7487532,640,ADL,ABalppppaad/ABpraaapaad,mixed,580-650,640,Murray_r17
ACTGAGTTCTTACCGC-r17,6,0.0697727,260,,,mixed,210-270,260,Murray_r17
ACTGATGAGGCTAGAC-r17,4,0.03609868,230,,,mixed,210-270,230,Murray_r17
ACTGTCCAGTATCGAA-r17,6,0.072706036,670,ADF,ABalpppppaa/ABpraaappaa,mixed,> 650,670,Murray_r17
ACTGTCCCAGCTGGCT-r17,1,0.06084176,700,ADF,ABalpppppaa/ABpraaappaa,mixed,> 650,700,Murray_r17
ACTGTCCTCAAGGCTT-r17,6,0.053929597,265,,,mixed,210-270,265,Murray_r17
ACTTTCAAGGACGAAA-r17,1,0.012285735,170,,,mixed,170-210,170,Murray_r17
AGAATAGAGTGGGTTG-r17,6,0.07779185,220,,,mixed,210-270,220,Murray_r17
AGATCTGAGGGTGTGT-r17,13,0.6038805,700,ASH,ABpxpaappaa,mixed,> 650,700,Murray_r17
AGATCTGAGTGTTAGA-r17,6,0.057363566,170,,,mixed,170-210,170,Murray_r17
AGATCTGGTCAACTGT-r17,6,0.05787966,160,,,mixed,130-170,160,Murray_r17
AGATCTGGTCGCGTGT-r17,4,0.038824636,260,,,mixed,210-270,260,Murray_r17
AGATTGCTCCATGAAC-r17,1,0.018340698,165,,,mixed,130-170,165,Murray_r17
AGCAGCCGTAAACACA-r17,3,0.037013687,260,,,mixed,210-270,260,Murray_r17
AGCATACGTAGGGACT-r17,6,0.13969195,360,ASJ,ABalpppppppa/ABpraaappppa,mixed,330-390,360,Murray_r17
AGCATACGTATCTGCA-r17,1,0.011351401,200,,ABalpppap/ABpraaaap,mixed,170-210,200,Murray_r17
AGCCTAAAGCGATGAC-r17,6,0.11322621,300,ASE_parent,ABalppppppa/ABpraaapppa,mixed,270-330,300,Murray_r17
AGCGGTCGTGTCGCTG-r17,6,0.18800981,630,AFD,ABalpppapav/ABpraaaapav,mixed,580-650,630,Murray_r17
AGCGTATCAATTGCTG-r17,10,0.116722114,300,Neuroblast_ASJ_AUA,ABalppppppp/ABpraaapppp,mixed,270-330,300,Murray_r17
AGCTTGAAGTCCTCCT-r17,10,0.41067448,450,ASJ,ABalpppppppa/ABpraaappppa,mixed,450-510,450,Murray_r17
AGCTTGAGTCCATGAT-r17,1,0.010956625,160,,ABalppppp/ABpraaapp,mixed,130-170,160,Murray_r17
AGGCCACCACAGCGTC-r17,6,0.07439676,230,,,mixed,210-270,230,Murray_r17
AGGCCACGTACCAGTT-r17,15,0.12772566,360,ASI_parent,ABpxaapappp,mixed,330-390,360,Murray_r17
AGGCCACTCGGAAATA-r17,6,0.047546092,260,Neuroblast_AFD_RMD,ABalpppapa/ABpraaaapa,mixed,210-270,260,Murray_r17
AGGGAGTGTACATGTC-r17,6,0.045527056,220,,,mixed,210-270,220,Murray_r17
AGGTCATAGATGTAAC-r17,6,0.06623,290,,,mixed,270-330,290,Murray_r17
AGTAGTCGTAAACCTC-r17,1,0.032617692,185,,,mixed,170-210,185,Murray_r17
AGTCTTTAGTACATGA-r17,12,0.27090305,350,ADL,ABalppppaad/ABpraaapaad,mixed,330-390,350,Murray_r17
AGTGGGAAGCCAGAAC-r17,1,0.02969053,260,Neuroblast_ASE_ASJ_AUA,ABalpppppp/ABpraaappp,mixed,210-270,260,Murray_r17
AGTGTCATCTTACCTA-r17,6,0.048677947,230,,ABpxpaapp,mixed,210-270,230,Murray_r17
ATAACGCGTTCCACTC-r17,1,0.012810804,170,,,mixed,170-210,170,Murray_r17
ATAACGCGTTGTGGCC-r17,6,0.074570864,270,ASK_parent,ABalpppappp/ABpraaaappp,mixed,270-330,270,Murray_r17
ATAAGAGAGTGAATTG-r17,1,0.01916555,200,,,mixed,170-210,200,Murray_r17
ATAAGAGCACATGACT-r17,1,0.02161471,175,,,mixed,170-210,175,Murray_r17
ATAGACCGTTGTCGCG-r17,6,0.049925257,225,,ABpxpaaaaa,mixed,210-270,225,Murray_r17
ATAGACCTCGTCACGG-r17,6,0.04419777,260,,ABpxpaaaaa,mixed,210-270,260,Murray_r17
ATCACGAGTGAGTGAC-r17,1,0.01187655,165,,,mixed,130-170,165,Murray_r17
ATCACGATCAACACTG-r17,4,0.030708289,230,,,mixed,210-270,230,Murray_r17
ATCATCTGTTACAGAA-r17,9,0.20748381,390,ASE,ABalppppppaa/ABpraaapppaa,mixed,390-450,390,Murray_r17
ATCCACCTCACGCATA-r17,6,0.051303778,260,,,mixed,210-270,260,Murray_r17
ATCCGAAAGCTAAACA-r17,6,0.066974156,220,,,mixed,210-270,220,Murray_r17
ATCTACTCAACTGCTA-r17,10,0.31695518,410,ASJ,ABalpppppppa/ABpraaappppa,mixed,390-450,410,Murray_r17
ATCTACTCAGTCACTA-r17,1,0.031680744,170,,,mixed,170-210,170,Murray_r17
ATCTGCCAGCGCCTTG-r17,19,0.24007265,700,AWA,ABpxaapapaa,mixed,> 650,700,Murray_r17
ATCTGCCAGTAAGTAC-r17,6,0.04067855,260,Neuroblast_AFD_RMD,ABalpppapa/ABpraaaapa,mixed,210-270,260,Murray_r17
ATCTGCCGTATCACCA-r17,6,0.027027287,310,AFD,ABalpppppa/ABpraaappa,mixed,270-330,310,Murray_r17
ATGAGGGCAGGACCCT-r17,1,0.016391134,160,,,mixed,130-170,160,Murray_r17
ATGGGAGAGATAGTCA-r17,0,0.74907357,640,AFD,ABalpppapav/ABpraaaapav,mixed,580-650,640,Murray_r17
ATGGGAGCAATCTGCA-r17,14,0.19989814,450,ADF,ABalpppppaa/ABpraaappaa,mixed,450-510,450,Murray_r17
ATGGGAGCAGATGAGC-r17,1,0.009433875,165,,ABpraaa/ABalppp,mixed,130-170,165,Murray_r17
ATTACTCAGGGCATGT-r17,6,0.06279115,260,,ABpxpaapa,mixed,210-270,260,Murray_r17
ATTCTACAGTCATGCT-r17,6,0.047419477,265,,,mixed,210-270,265,Murray_r17
ATTCTACGTCATATCG-r17,1,0.012689082,170,,ABalppppp/ABpraaapp,mixed,170-210,170,Murray_r17
ATTCTACGTGATGTGG-r17,6,0.045463618,280,Neuroblast_AFD_RMD,ABalpppapa/ABpraaaapa,mixed,270-330,280,Murray_r17
ATTCTACGTTCCGTCT-r17,1,0.013791123,170,,,mixed,170-210,170,Murray_r17
ATTGGACTCTCTAGGA-r17,1,0.020971166,170,,,mixed,170-210,170,Murray_r17
ATTGGTGCACTGTGTA-r17,1,0.009147786,185,,,mixed,170-210,185,Murray_r17
ATTTCTGCAAGTTGTC-r17,19,0.1467786,425,AWA,ABpxaapapaa,mixed,390-450,425,Murray_r17
ATTTCTGGTAGGGTAC-r17,19,0.13078688,420,AWA,ABpxaapapaa,mixed,390-450,420,Murray_r17
CAACTAGAGCTGGAAC-r17,13,0.18496682,380,ASH,ABpxpaappaa,mixed,330-390,380,Murray_r17
CAACTAGTCAAACGGG-r17,19,0.1515158,425,ASG,ABpxaapapap,mixed,390-450,425,Murray_r17
CAACTAGTCAGTCAGT-r17,1,0.009246405,170,,,mixed,170-210,170,Murray_r17
CAAGAAATCCAGTAGT-r17,6,0.042917036,225,,,mixed,210-270,225,Murray_r17
CAAGATCTCTTTAGGG-r17,6,0.04644057,270,,,mixed,270-330,270,Murray_r17
CAAGGCCGTCAATACC-r17,12,0.15483049,490,ADL,ABalppppaad/ABpraaapaad,mixed,450-510,490,Murray_r17
CAAGGCCGTCCGACGT-r17,6,0.050690934,290,Neuroblast_AFD_RMD,ABalpppapa/ABpraaaapa,mixed,270-330,290,Murray_r17
CAAGTTGCATTGCGGC-r17,6,0.064657696,215,,ABpxpaaapp,mixed,210-270,215,Murray_r17
CACAAACGTGATGTGG-r17,6,0.04218309,210,,ABpxpaaaa,mixed,210-270,210,Murray_r17
CACAAACTCGACAGCC-r17,6,0.088244006,300,ASE_parent,ABalppppppa/ABpraaapppa,mixed,270-330,300,Murray_r17
CACACAAAGAGGACGG-r17,16,0.38780513,630,ASI,ABpxaapapppa,mixed,580-650,630,Murray_r17
CACACAACAGCGTCCA-r17,1,0.009906641,170,,ABalppppaa/ABpraaapaa,mixed,170-210,170,Murray_r17
CACCTTGAGGAGTTGC-r17,0,0.6243844,550,AFD,ABalpppapav/ABpraaaapav,mixed,510-580,550,Murray_r17
CACTCCAGTCTCATCC-r17,10,0.11236283,390,AUA,ABalpppppppp/ABpraaappppp,mixed,390-450,390,Murray_r17
CACTCCATCCTGCTTG-r17,9,0.19269176,380,ASE,ABalppppppaa/ABpraaapppaa,mixed,330-390,380,Murray_r17
CAGAATCGTCGAGATG-r17,1,0.018199164,170,,,mixed,170-210,170,Murray_r17
CAGCAGCAGGGCTTGA-r17,14,0.21910419,550,ADF,ABalpppppaa/ABpraaappaa,mixed,510-580,550,Murray_r17
CAGCAGCTCATGTCTT-r17,1,0.014767201,170,,,mixed,170-210,170,Murray_r17
CAGCAGCTCCAAGCCG-r17,0,0.45396733,500,AFD,ABalpppapav/ABpraaaapav,mixed,450-510,500,Murray_r17
CAGCAGCTCTGGTATG-r17,21,0.22253388,435,ASK,ABalpppapppa/ABpraaaapppa,mixed,390-450,435,Murray_r17
CAGCATAAGCCTATGT-r17,10,0.30339363,415,ASJ,ABalpppppppa/ABpraaappppa,mixed,390-450,415,Murray_r17
CAGCATAGTAGCTCCG-r17,1,0.0059153703,230,,,mixed,210-270,230,Murray_r17
CAGCATATCTGTCCGT-r17,1,0.013321195,170,,ABalpppppp/ABpraaappp,mixed,170-210,170,Murray_r17
CAGCGACGTGGTAACG-r17,1,0.008101855,170,,,mixed,170-210,170,Murray_r17
CAGCTAACATTCACTT-r17,1,0.0071277423,170,,ABalpppap/ABpraaaap,mixed,170-210,170,Murray_r17
CAGCTAAGTGCACTTA-r17,6,0.059569165,220,,ABpxpaaaa,mixed,210-270,220,Murray_r17
CAGTAACCACGAGGTA-r17,14,0.22722808,490,ADF,ABalpppppaa/ABpraaappaa,mixed,450-510,490,Murray_r17
CAGTAACGTCCCTTGT-r17,1,0.014907045,160,,,mixed,130-170,160,Murray_r17
CAGTCCTCAAACGCGA-r17,6,0.06738012,210,,ABpxppaaaap,mixed,210-270,210,Murray_r17
CAGTCCTCATTCCTGC-r17,19,0.14783297,390,AWA,ABpxaapapaa,mixed,390-450,390,Murray_r17
CATATGGCAGACAAAT-r17,5,0.10884992,325,ASK_parent,ABalpppappp/ABpraaaappp,mixed,270-330,325,Murray_r17
CATATGGGTATTCGTG-r17,1,0.01121864,170,,,mixed,170-210,170,Murray_r17
CATATGGGTGCGCTTG-r17,13,0.60193294,670,ASH,ABpxpaappaa,mixed,> 650,670,Murray_r17
CATATTCAGCTAGGCA-r17,1,0.012757434,170,,,mixed,170-210,170,Murray_r17
CATATTCGTTGGGACA-r17,15,0.13209137,360,ASI_parent,ABpxaapappp,mixed,330-390,360,Murray_r17
CATATTCTCATGTGGT-r17,13,0.20310307,390,ASH,ABpxpaappaa,mixed,390-450,390,Murray_r17
CATCAAGAGAACAACT-r17,20,0.2926709,670,ADL,ABalppppaad/ABpraaapaad,mixed,> 650,670,Murray_r17
CATCAAGCAGTGGGAT-r17,6,0.04782937,230,,ABpxpaapa,mixed,210-270,230,Murray_r17
CATCAAGTCTACTCAT-r17,13,0.2863712,450,ASH,ABpxpaappaa,mixed,450-510,450,Murray_r17
CATCAGAAGATGTAAC-r17,6,0.0615621,240,,ABpxpaaaa,mixed,210-270,240,Murray_r17
CATCAGAGTTCGGGCT-r17,13,0.3272985,490,ASH,ABpxpaappaa,mixed,450-510,490,Murray_r17
CATCCACCATCCGTGG-r17,6,0.05301338,290,Neuroblast_AFD_RMD,ABalpppapa/ABpraaaapa,mixed,270-330,290,Murray_r17
CATCGAAAGAATAGGG-r17,4,0.026814906,200,,,mixed,170-210,200,Murray_r17
CATGACATCTTCAACT-r17,6,0.027987035,290,,,mixed,270-330,290,Murray_r17
CATGCCTAGAAGCCCA-r17,4,0.054383785,245,,,mixed,210-270,245,Murray_r17
CATGGCGAGTCGATAA-r17,6,0.044649445,220,,,mixed,210-270,220,Murray_r17
CATTATCAGAAGCCCA-r17,6,0.076167464,245,,ABpxpaapp,mixed,210-270,245,Murray_r17
CATTCGCCAAGCGTAG-r17,6,0.06350923,260,,ABpxpaaaap,mixed,210-270,260,Murray_r17
CATTCGCCACATCCGG-r17,1,0.012483877,160,,ABalppppp/ABpraaapp,mixed,130-170,160,Murray_r17
CATTCGCTCGCCGTGA-r17,6,0.05900631,245,,ABpxpaaaa,mixed,210-270,245,Murray_r17
CCAATCCAGGTGGGTT-r17,1,0.016456524,160,,ABalppppp/ABpraaapp,mixed,130-170,160,Murray_r17
CCACCTACATCACAAC-r17,1,0.02217765,160,,Cxaa,mixed,130-170,160,Murray_r17
CCACCTATCGCGCCAA-r17,14,0.10081557,390,ADF_AWB,,mixed,390-450,390,Murray_r17
CCACGGAAGGACGAAA-r17,21,0.27900955,425,ASK,ABalpppapppa/ABpraaaapppa,mixed,390-450,425,Murray_r17
CCACGGAGTGATAAAC-r17,1,0.045423128,160,,ABpxpppaap,mixed,130-170,160,Murray_r17
CCATGTCAGCTAGTTC-r17,19,0.25018075,620,AWA,ABpxaapapaa,mixed,580-650,620,Murray_r17
CCATGTCTCGATGAGG-r17,6,0.033368967,265,Neuroblast_AFD_RMD,ABalpppapa/ABpraaaapa,mixed,210-270,265,Murray_r17
CCATTCGCATTGGCGC-r17,1,0.018271634,205,Neuroblast_ASE_ASJ_AUA,ABalpppppp/ABpraaappp,mixed,170-210,205,Murray_r17
CCATTCGTCTTGCCGT-r17,6,0.048577257,265,,,mixed,210-270,265,Murray_r17
CCCAATCTCCTGCTTG-r17,6,0.058721296,630,ASK,ABalpppapppa/ABpraaaapppa,mixed,580-650,630,Murray_r17
CCCTCCTAGTATCGAA-r17,6,0.059712905,230,,ABpxpaaaa,mixed,210-270,230,Murray_r17
CCCTCCTTCTACTCAT-r17,1,0.019128483,160,,,mixed,130-170,160,Murray_r17
CCGGGATCAAGCGATG-r17,1,0.022828044,200,,ABpxaapapp,mixed,170-210,200,Murray_r17
CCGTACTGTGACTACT-r17,4,0.035099596,245,,,mixed,210-270,245,Murray_r17
CCGTTCATCACGAAGG-r17,1,0.011019174,170,,,mixed,170-210,170,Murray_r17
CCTAGCTTCTTAGCCC-r17,18,0.62228954,620,AWC,ABpxpaaaaap,mixed,580-650,620,Murray_r17
CCTATTACACCAACCG-r17,14,0.22260071,500,ADF,ABalpppppaa/ABpraaappaa,mixed,450-510,500,Murray_r17
CCTCAGTTCTGATACG-r17,4,0.03044105,230,,,mixed,210-270,230,Murray_r17
CCTCTGAGTACAGCAG-r17,19,0.15080875,420,AWA,ABpxaapapaa,mixed,390-450,420,Murray_r17
CCTCTGAGTCTCACCT-r17,19,0.1499857,420,AWA,ABpxaapapaa,mixed,390-450,420,Murray_r17
CCTTACGCAGACAGGT-r17,0,0.35066903,405,AFD,ABalpppapav/ABpraaaapav,mixed,390-450,405,Murray_r17
CCTTCCCGTACAGTTC-r17,1,0.013159692,160,,,mixed,130-170,160,Murray_r17
CCTTCGACATTGCGGC-r17,1,0.0101354,210,,,mixed,210-270,210,Murray_r17
CCTTTCTAGACGCTTT-r17,18,0.32197815,440,AWC,ABpxpaaaaap,mixed,390-450,440,Murray_r17
CGAACATGTCCCGACA-r17,4,0.031580653,260,,,mixed,210-270,260,Murray_r17
CGAATGTCAAACGTGG-r17,10,0.13128948,300,Neuroblast_ASJ_AUA,ABalppppppp/ABpraaapppp,mixed,270-330,300,Murray_r17
CGAATGTGTTCTGTTT-r17,5,0.10657334,290,ASK_parent,ABalpppappp/ABpraaaappp,mixed,270-330,290,Murray_r17
CGAATGTTCTTGCAAG-r17,1,0.018977433,165,,,mixed,130-170,165,Murray_r17
CGACCTTAGGCTCAGA-r17,1,0.017936535,170,,,mixed,170-210,170,Murray_r17
CGACCTTAGTGACATA-r17,0,0.4983428,500,AFD,ABalpppapav/ABpraaaapav,mixed,450-510,500,Murray_r17
CGACCTTTCAACGCTA-r17,13,0.2366649,395,ASH,ABpxpaappaa,mixed,390-450,395,Murray_r17
CGACTTCTCGTGGTCG-r17,1,0.019218234,165,,,mixed,130-170,165,Murray_r17
CGAGAAGTCGGATGTT-r17,17,0.20850283,640,AWB,ABalpppppap/ABpraaappap,mixed,580-650,640,Murray_r17
CGAGCACAGAGTACAT-r17,14,0.15845515,390,ASH,ABpxpaappaa,mixed,390-450,390,Murray_r17
CGAGCCAAGCACACAG-r17,24,0.66609895,620,ASJ,ABalpppppppa/ABpraaappppa,mixed,580-650,620,Murray_r17
CGAGCCATCGGTCCGA-r17,15,0.1368934,370,ASI_parent,ABpxaapappp,mixed,330-390,370,Murray_r17
CGAGCCATCTACTTAC-r17,0,0.7480454,700,AFD,ABalpppapav/ABpraaaapav,mixed,> 650,700,Murray_r17
CGATCGGGTAGCTCCG-r17,1,0.010080234,170,,,mixed,170-210,170,Murray_r17
CGATTGATCAGGTTCA-r17,6,0.07424456,310,ADL_parent,ABalppppaa/ABpraaapaa,mixed,270-330,310,Murray_r17
CGATTGATCGATGAGG-r17,6,0.098497696,330,,,mixed,330-390,330,Murray_r17
CGCCAAGAGTTCGCAT-r17,13,0.19776493,410,ASH,ABpxpaappaa,mixed,390-450,410,Murray_r17
CGCCAAGCAAATACAG-r17,1,0.018477594,170,,ABpxaapapa,mixed,170-210,170,Murray_r17
CGCCAAGGTAGAGGAA-r17,18,0.41278526,435,AWC,ABpxpaaaaap,mixed,390-450,435,Murray_r17
CGCGTTTTCAGTTGAC-r17,6,0.06832405,215,,,mixed,210-270,215,Murray_r17
CGCGTTTTCTAGCACA-r17,6,0.08262143,300,ASE_parent,ABalppppppa/ABpraaapppa,mixed,270-330,300,Murray_r17
CGCTATCCACACTGCG-r17,14,0.17336826,425,ADF,ABalpppppaa/ABpraaappaa,mixed,390-450,425,Murray_r17
CGCTATCGTCTAACGT-r17,15,0.11632757,360,ASI_parent,ABpxaapappp,mixed,330-390,360,Murray_r17
CGCTATCGTTCAGACT-r17,10,0.32322735,450,ASJ,ABalpppppppa/ABpraaappppa,mixed,450-510,450,Murray_r17
CGCTGGATCGGCTACG-r17,1,0.023036966,260,Neuroblast_ASG_AWA,ABpxaapapa,mixed,210-270,260,Murray_r17
CGCTTCACACCATGTA-r17,13,0.35562602,440,ASH,ABpxpaappaa,mixed,390-450,440,Murray_r17
CGCTTCATCTGTCAAG-r17,6,0.07647307,550,AUA,ABalpppppppp/ABpraaappppp,mixed,510-580,550,Murray_r17
CGGACACAGAGCTGGT-r17,10,0.4582146,490,ASJ,ABalpppppppa/ABpraaappppa,mixed,450-510,490,Murray_r17
CGGACACCACAGTCGC-r17,10,0.22431639,360,ASJ,ABalpppppppa/ABpraaappppa,mixed,330-390,360,Murray_r17
CGGACGTAGGCCATAG-r17,6,0.060322687,260,Neuroblast_AFD_RMD,ABalpppapa/ABpraaaapa,mixed,210-270,260,Murray_r17
CGGACTGCATTGAGCT-r17,15,0.18912537,450,ASI,ABpxaapapppa,mixed,450-510,450,Murray_r17
CGGACTGGTAAGTGGC-r17,10,0.3187279,415,ASJ,ABalpppppppa/ABpraaappppa,mixed,390-450,415,Murray_r17
CGGACTGGTGGACGAT-r17,1,0.01788988,200,Neuroblast_ASE_ASJ_AUA,ABalpppppp/ABpraaappp,mixed,170-210,200,Murray_r17
CGGAGCTAGGGTATCG-r17,1,0.043672297,165,,,mixed,130-170,165,Murray_r17
CGGAGCTTCGGTCCGA-r17,1,0.02198545,160,,,mixed,130-170,160,Murray_r17
CGGCTAGCATCAGTAC-r17,1,0.022024784,260,Neuroblast_ASE_ASJ_AUA,ABalpppppp/ABpraaappp,mixed,210-270,260,Murray_r17
CGGTTAAAGTCAAGGC-r17,6,0.046406668,265,Neuroblast_AFD_RMD,ABalpppapa/ABpraaaapa,mixed,210-270,265,Murray_r17
CGGTTAATCACTCCTG-r17,6,0.049795657,225,,ABpxpaaaa,mixed,210-270,225,Murray_r17
CGTAGGCAGGTGATTA-r17,10,0.22150052,375,ASJ,ABalpppppppa/ABpraaappppa,mixed,330-390,375,Murray_r17
CGTAGGCGTGTTGAGG-r17,1,0.018423604,170,,,mixed,170-210,170,Murray_r17
CGTCACTAGTGCGATG-r17,6,0.06954411,245,,ABpxpaapa,mixed,210-270,245,Murray_r17
CGTCACTAGTGTCTCA-r17,6,0.036481597,225,,ABalppappa/ABarappppa,mixed,210-270,225,Murray_r17
CGTCAGGTCGCTAGCG-r17,1,0.011712743,300,Neuroblast_ADF_AWB,ABalpppppa/ABpraaappa,mixed,270-330,300,Murray_r17
CGTCTACCACCAACCG-r17,6,0.118580274,390,AFD,ABalpppapav/ABpraaaapav,mixed,390-450,390,Murray_r17
CGTGAGCAGTCTCGGC-r17,1,0.015150761,190,,,mixed,170-210,190,Murray_r17
CGTGAGCCAAACGTGG-r17,6,0.0640834,225,,ABpxpaaaap,mixed,210-270,225,Murray_r17
CGTTCTGAGCTAAGAT-r17,1,0.030592931,175,,ABpxaapapa,mixed,170-210,175,Murray_r17
CGTTCTGCATGTCTCC-r17,1,0.016899548,190,,,mixed,170-210,190,Murray_r17
CGTTGGGAGTTGCAGG-r17,1,0.009478271,170,,ABalppppp/ABpraaapp,mixed,170-210,170,Murray_r17
CGTTGGGCACCGATAT-r17,6,0.06928373,310,,,mixed,270-330,310,Murray_r17
CTAAGACGTCACAAGG-r17,1,0.011973959,160,,,mixed,130-170,160,Murray_r17
CTAATGGAGCCAACAG-r17,1,0.042816337,500,AWA,ABpxaapapaa,mixed,450-510,500,Murray_r17
CTAATGGCACGTAAGG-r17,4,0.049197167,260,,ABpxpaaaaa,mixed,210-270,260,Murray_r17
CTACACCAGCATGGCA-r17,6,0.08330325,300,Neuroblast_ASJ_AUA,ABalppppppp/ABpraaapppp,mixed,270-330,300,Murray_r17
CTACGTCGTGGGTCAA-r17,0,0.32478708,420,AFD,ABalpppapav/ABpraaaapav,mixed,390-450,420,Murray_r17
CTCACACGTACTCTCC-r17,6,0.06307881,280,,,mixed,270-330,280,Murray_r17
CTCAGAAAGCTACCGC-r17,10,0.12136749,435,AUA,ABalpppppppp/ABpraaappppp,mixed,390-450,435,Murray_r17
CTCGAAAGTCACCTAA-r17,1,0.021912785,165,,,mixed,130-170,165,Murray_r17
CTCGAAATCACTCCTG-r17,1,0.013712075,165,,ABpxapaaa,mixed,130-170,165,Murray_r17
CTCGGAGAGCCAACAG-r17,6,0.05517186,300,AFD,ABalpppapav/ABpraaaapav,mixed,270-330,300,Murray_r17
CTCGGGAAGCCGATTT-r17,9,0.17465843,380,ASE,ABalppppppaa/ABpraaapppaa,mixed,330-390,380,Murray_r17
CTCGTACGTTGACGTT-r17,6,0.07844818,350,ASI_parent,ABpxaapappp,mixed,330-390,350,Murray_r17
CTCGTACTCTCGTATT-r17,2,0.042121746,260,Neuroblast_ASE_ASJ_AUA,ABalpppppp/ABpraaappp,mixed,210-270,260,Murray_r17
CTCGTCAAGCGATAGC-r17,6,0.04888163,260,,ABpxpaapa,mixed,210-270,260,Murray_r17
CTCTAATAGTCCGTAT-r17,5,0.13174549,360,ASK_parent,ABalpppappp/ABpraaaappp,mixed,330-390,360,Murray_r17
CTCTACGTCCTGCTTG-r17,1,0.032500613,165,,,mixed,130-170,165,Murray_r17
CTCTGGTCATGCCACG-r17,1,0.010507166,170,,ABalppppp/ABpraaapp,mixed,170-210,170,Murray_r17
CTCTGGTGTAGGCATG-r17,1,0.016111797,175,,ABpraaa/ABalppp,mixed,170-210,175,Murray_r17
CTCTGGTTCCAGGGCT-r17,6,0.08043662,265,,,mixed,210-270,265,Murray_r17
CTGAAACCACATGTGT-r17,6,0.059842013,550,ASI,ABpxppppa,mixed,510-580,550,Murray_r17
CTGAAACCATATGCTG-r17,12,0.20270315,390,ADL,ABalppppaad/ABpraaapaad,mixed,390-450,390,Murray_r17
CTGAAGTTCGTACCGG-r17,9,0.18119065,380,ASE,ABalppppppaa/ABpraaapppaa,mixed,330-390,380,Murray_r17
CTGATAGAGCGTAATA-r17,1,0.016868891,160,,,mixed,130-170,160,Murray_r17
CTGATAGCACGCGAAA-r17,6,0.063686445,220,,ABpxpaaaap,mixed,210-270,220,Murray_r17
CTGATAGCAGGCTGAA-r17,6,0.048258703,245,,,mixed,210-270,245,Murray_r17
CTGCGGAAGTAAGTAC-r17,1,0.018141128,205,Neuroblast_ASE_ASJ_AUA,ABalpppppp/ABpraaappp,mixed,170-210,205,Murray_r17
CTGGTCTGTAATCGTC-r17,12,0.50166845,440,ADL,ABalppppaad/ABpraaapaad,mixed,390-450,440,Murray_r17
CTGTGCTCATCACGAT-r17,1,0.03298174,260,Neuroblast_ASE_ASJ_AUA,ABalpppppp/ABpraaappp,mixed,210-270,260,Murray_r17
CTGTTTATCACTCCTG-r17,6,0.07221544,245,,,mixed,210-270,245,Murray_r17
CTTAACTCAAGCCGCT-r17,1,0.015515675,160,,,mixed,130-170,160,Murray_r17
CTTAACTTCCTAGGGC-r17,1,0.010310474,185,,,mixed,170-210,185,Murray_r17
CTTACCGAGGGTATCG-r17,6,0.053595655,200,,,mixed,170-210,200,Murray_r17
CTTAGGAAGGAGCGTT-r17,14,0.14537469,380,,,mixed,330-390,380,Murray_r17
CTTAGGATCCTTGCCA-r17,10,0.114738084,530,AUA,ABalpppppppp/ABpraaappppp,mixed,510-580,530,Murray_r17
CTTAGGATCGCGGATC-r17,14,0.11031697,370,ADF_AWB,,mixed,330-390,370,Murray_r17
CTTGGCTTCAACTCTT-r17,10,0.11709476,455,AUA,ABalpppppppp/ABpraaappppp,mixed,450-510,455,Murray_r17
CTTTGCGTCAGTTAGC-r17,1,0.01155553,190,,,mixed,170-210,190,Murray_r17
GAAACTCAGGTGGGTT-r17,13,0.1807647,380,ASH,ABpxpaappaa,mixed,330-390,380,Murray_r17
GAAATGAAGGGTTTCT-r17,12,0.5490505,450,ADL,ABalppppaad/ABpraaapaad,mixed,450-510,450,Murray_r17
GAAATGACATAGACTC-r17,6,0.046130653,260,,,mixed,210-270,260,Murray_r17
GAAGCAGCACGTGAGA-r17,15,0.1371178,450,ASI,ABpxaapapppa,mixed,450-510,450,Murray_r17
GACACGCGTAGAAGGA-r17,0,0.22099824,345,AFD,ABalpppapav/ABpraaaapav,mixed,330-390,345,Murray_r17
GACAGAGGTGCGCTTG-r17,20,0.88281953,700,ADL,ABalppppaad/ABpraaapaad,mixed,> 650,700,Murray_r17
GACCAATTCACTGGGC-r17,14,0.113226116,365,ADF_AWB,,mixed,330-390,365,Murray_r17
GACGCGTCATTAGCCA-r17,5,0.15277924,365,ASK_parent,ABalpppappp/ABpraaaappp,mixed,330-390,365,Murray_r17
GACGTGCCACATTTCT-r17,1,0.013771167,170,,ABalppppp/ABpraaapp,mixed,170-210,170,Murray_r17
GACGTTACATTCGACA-r17,6,0.042591266,210,,,mixed,210-270,210,Murray_r17
GACGTTAGTCTGATTG-r17,6,0.1009466,370,AUA,ABalpppppppp/ABpraaappppp,mixed,330-390,370,Murray_r17
GACTAACCAAGCTGGA-r17,1,0.008051747,190,,ABalpppap/ABpraaaap,mixed,170-210,190,Murray_r17
GACTAACGTTCGGGCT-r17,6,0.09450358,640,AFD,ABalpppapav/ABpraaaapav,mixed,580-650,640,Murray_r17
GACTACAAGCCACCTG-r17,13,0.6118468,620,ASH,ABpxpaappaa,mixed,580-650,620,Murray_r17
GACTACATCAATAAGG-r17,1,0.0401064,420,ADF,ABalpppppaa/ABpraaappaa,mixed,390-450,420,Murray_r17
GAGGTGAGTCATATCG-r17,12,0.38834533,380,ADL,ABalppppaad/ABpraaapaad,mixed,330-390,380,Murray_r17
GAGTCCGAGACAGAGA-r17,1,0.032965627,160,,,mixed,130-170,160,Murray_r17
GATCAGTTCAACGGCC-r17,6,0.08713394,450,AWA,ABpxaapapaa,mixed,450-510,450,Murray_r17
GATCGCGAGTGCTGCC-r17,1,0.013910803,170,,ABalpppap/ABpraaaap,mixed,170-210,170,Murray_r17
GATCGCGTCAGCCTAA-r17,9,0.4036936,620,ASE,ABalppppppaa/ABpraaapppaa,mixed,580-650,620,Murray_r17
GATCGTAAGCGTAGTG-r17,1,0.024752827,270,Neuroblast_AFD_RMD,ABalpppapa/ABpraaaapa,mixed,270-330,270,Murray_r17
GATCGTAAGGACACCA-r17,1,0.01854684,200,,,mixed,170-210,200,Murray_r17
GATGAAAGTAAATGTG-r17,6,0.10678984,520,AWC,ABpxpaaaaap,mixed,510-580,520,Murray_r17
GATGAAAGTCACTTCC-r17,1,0.013275472,170,,,mixed,170-210,170,Murray_r17
GATGAAAGTGCGATAG-r17,6,0.066199906,170,,,mixed,170-210,170,Murray_r17
GATGAGGTCGGTGTCG-r17,6,0.054846782,245,,,mixed,210-270,245,Murray_r17
GATTCAGTCATGTAGC-r17,6,0.041195776,210,,,mixed,210-270,210,Murray_r17
GCACATACATCCCATC-r17,1,0.009424144,175,,,mixed,170-210,175,Murray_r17
GCACTCTCACCTCGTT-r17,1,0.010194736,175,,,mixed,170-210,175,Murray_r17
GCAGCCAAGAATTGTG-r17,20,0.7449211,550,ADL,ABalppppaad/ABpraaapaad,mixed,510-580,550,Murray_r17
GCAGCCAAGGGAGTAA-r17,19,0.23146003,620,AWA,ABpxaapapaa,mixed,580-650,620,Murray_r17
GCAGCCAGTACATGTC-r17,20,0.72510976,490,ADL,ABalppppaad/ABpraaapaad,mixed,450-510,490,Murray_r17
GCATGATGTGCTGTAT-r17,6,0.05906353,260,,ABpxpaaaa,mixed,210-270,260,Murray_r17
GCATGTAAGTGGGCTA-r17,6,0.059242316,235,,ABpxpaaaa,mixed,210-270,235,Murray_r17
GCCTCTATCGCGCCAA-r17,10,0.3963091,490,ASJ,ABalpppppppa/ABpraaappppa,mixed,450-510,490,Murray_r17
GCGCAACAGAATGTGT-r17,15,0.12779276,360,ASI_parent,ABpxaapappp,mixed,330-390,360,Murray_r17
GCGCGATGTAACGCGA-r17,6,0.035148676,265,Neuroblast_AFD_RMD,ABalpppapa/ABpraaaapa,mixed,210-270,265,Murray_r17
GCGCGATGTGTGGTTT-r17,18,0.15923962,345,AWC,ABpxpaaaaap,mixed,330-390,345,Murray_r17
GCGGGTTAGCGACGTA-r17,1,0.02311013,170,,ABalppppp/ABpraaapp,mixed,170-210,170,Murray_r17
GCGGGTTCATGTAAGA-r17,6,0.053621117,260,,ABalpppaaa/ABpraaaaaa,mixed,210-270,260,Murray_r17
GCGGGTTTCAACGGCC-r17,18,0.3130815,415,AWC,ABpxpaaaaap,mixed,390-450,415,Murray_r17
GCTCCTAAGTTAACGA-r17,1,0.01075708,190,,ABalpppppp/ABpraaappp,mixed,170-210,190,Murray_r17
GCTCCTAGTAAATGAC-r17,1,0.011657128,160,,,mixed,130-170,160,Murray_r17
GCTCTGTAGAAGGTTT-r17,1,0.013543736,180,,ABalpppppp/ABpraaappp,mixed,170-210,180,Murray_r17
GCTGCGATCGGAATCT-r17,1,0.012054354,200,,ABalppppap/ABpraaapap,mixed,170-210,200,Murray_r17
GCTTGAATCTCTAAGG-r17,5,0.10294611,290,ASK_parent,ABalpppappp/ABpraaaappp,mixed,270-330,290,Murray_r17
GGAACTTGTTAAAGTG-r17,17,0.21209067,490,AWB,ABalpppppap/ABpraaappap,mixed,450-510,490,Murray_r17
GGAACTTGTTGCGTTA-r17,20,0.6762035,520,ADL,ABalppppaad/ABpraaapaad,mixed,510-580,520,Murray_r17
GGAATAAAGTATTGGA-r17,6,0.032551274,275,,,mixed,270-330,275,Murray_r17
GGACAAGAGGCCCTTG-r17,1,0.01182198,170,,,mixed,170-210,170,Murray_r17
GGACAAGCACTGTCGG-r17,4,0.03476046,225,,,mixed,210-270,225,Murray_r17
GGACAGAAGCTAGTCT-r17,1,0.012373649,160,,,mixed,130-170,160,Murray_r17
GGACATTCAAAGGCGT-r17,6,0.050318003,275,Neuroblast_AFD_RMD,ABalpppapa/ABpraaaapa,mixed,270-330,275,Murray_r17
GGACATTCACCAACCG-r17,16,0.37723327,585,ASI,ABpxaapapppa,mixed,580-650,585,Murray_r17
GGACGTCCACTGTCGG-r17,24,0.6637677,630,ASJ,ABalpppppppa/ABpraaappppa,mixed,580-650,630,Murray_r17
GGCAATTTCACGACTA-r17,1,0.019138573,180,,,mixed,170-210,180,Murray_r17
GGCGACTAGCCAGTTT-r17,16,0.3558329,585,ASI,ABpxaapapppa,mixed,580-650,585,Murray_r17
GGCGACTGTTCAGACT-r17,1,0.019336522,350,AFD,ABalpppapav/ABpraaaapav,mixed,330-390,350,Murray_r17
GGCTGGTAGGATGGTC-r17,1,0.017410975,165,,,mixed,130-170,165,Murray_r17
GGGAATGAGCCGGTAA-r17,6,0.09803561,700,AWA,ABpxaapapaa,mixed,> 650,700,Murray_r17
GGGACCTTCCTGCTTG-r17,4,0.030993147,230,,,mixed,210-270,230,Murray_r17
GGGATGATCTTCATGT-r17,6,0.10552211,300,ASK_parent,ABalpppappp/ABpraaaappp,mixed,270-330,300,Murray_r17
GGGCACTAGCTATGCT-r17,15,0.13770105,280,Neuroblast_AFD_RMD,ABalpppapa/ABpraaaapa,mixed,270-330,280,Murray_r17
GGGCACTTCGGTCTAA-r17,1,0.015202136,170,,,mixed,170-210,170,Murray_r17
GGGTCTGGTTGAGTTC-r17,1,0.010827438,165,,,mixed,130-170,165,Murray_r17
GGGTTGCAGCGTAGTG-r17,6,0.09179886,550,AUA,ABalpppppppp/ABpraaappppp,mixed,510-580,550,Murray_r17
GGTATTGTCCTCCTAG-r17,6,0.06449805,230,,ABpxpaapa,mixed,210-270,230,Murray_r17
GGTATTGTCTCGCTTG-r17,15,0.21662042,435,ASI,ABpxaapapppa,mixed,390-450,435,Murray_r17
GGTGAAGAGCTAGTCT-r17,23,0.25250491,550,ASG,ABpxaapapap,mixed,510-580,550,Murray_r17
GGTGCGTCAATCTGCA-r17,0,0.19532724,360,AFD,ABalpppapav/ABpraaaapav,mixed,330-390,360,Murray_r17
GTAACGTAGCAAATCA-r17,1,0.0071683605,160,,,mixed,130-170,160,Murray_r17
GTACGTATCGAGGTAG-r17,1,0.022603018,260,Neuroblast_ASE_ASJ_AUA,ABalpppppp/ABpraaappp,mixed,210-270,260,Murray_r17
GTACGTATCGCATGGC-r17,6,0.07385845,265,,,mixed,210-270,265,Murray_r17
GTACTCCGTTCCAACA-r17,18,0.21156424,390,AWC,ABpxpaaaaap,mixed,390-450,390,Murray_r17
GTACTCCTCGAATGCT-r17,6,0.0993776,415,ASG_AWA,,mixed,390-450,415,Murray_r17
GTACTTTCACATCCAA-r17,6,0.052932978,240,,ABpxpaaaa,mixed,210-270,240,Murray_r17
GTACTTTGTAAGGGCT-r17,6,0.09117134,390,ASG_AWA,,mixed,390-450,390,Murray_r17
GTAGGCCCACCGATAT-r17,10,0.16587801,385,AUA,ABalpppppppp/ABpraaappppp,mixed,330-390,385,Murray_r17
GTAGTCACAGGAATCG-r17,6,0.048233505,170,,,mixed,170-210,170,Murray_r17
GTATCTTAGCAAATCA-r17,6,0.055793967,205,,,mixed,170-210,205,Murray_r17
GTATTCTCAATAGCGG-r17,6,0.09616101,285,Neuroblast_AFD_RMD,ABalpppapa/ABpraaaapa,mixed,270-330,285,Murray_r17
GTATTCTCACTCAGGC-r17,10,0.31897542,390,ASJ,ABalpppppppa/ABpraaappppa,mixed,390-450,390,Murray_r17
GTCACAACACCTATCC-r17,6,0.051158912,265,Neuroblast_AFD_RMD,ABalpppapa/ABpraaaapa,mixed,210-270,265,Murray_r17
GTCATTTAGGCAATTA-r17,18,0.19581178,355,AWC,ABpxpaaaaap,mixed,330-390,355,Murray_r17
GTCATTTCATTCGACA-r17,1,0.01263329,170,,,mixed,170-210,170,Murray_r17
GTCATTTTCCTCAATT-r17,0,0.38054803,490,AFD,ABalpppapav/ABpraaaapav,mixed,450-510,490,Murray_r17
GTCTCGTCAAGCTGAG-r17,12,0.36613908,405,ADL,ABalppppaad/ABpraaapaad,mixed,390-450,405,Murray_r17
GTCTTCGCACTTCGAA-r17,1,0.019630395,160,,ABpxaapap,mixed,130-170,160,Murray_r17
GTGAAGGAGCTAAGAT-r17,1,0.013886713,170,,,mixed,170-210,170,Murray_r17
GTGAAGGAGGGCTTCC-r17,1,0.013499268,170,,,mixed,170-210,170,Murray_r17
GTGAAGGCAGCTGCTG-r17,6,0.06298162,285,Neuroblast_ASJ_AUA,ABalppppppp/ABpraaapppp,mixed,270-330,285,Murray_r17
GTGCAGCCATCTCGCT-r17,10,0.40840635,450,ASJ,ABalpppppppa/ABpraaappppa,mixed,450-510,450,Murray_r17
GTGCAGCGTGCAACTT-r17,6,0.07900637,300,ASE_parent,ABalppppppa/ABpraaapppa,mixed,270-330,300,Murray_r17
GTGCATAAGGAACTGC-r17,19,0.19272521,520,AWA,ABpxaapapaa,mixed,510-580,520,Murray_r17
GTGCGGTCATGACATC-r17,1,0.008242545,185,,,mixed,170-210,185,Murray_r17
GTGCTTCCAGCTGCTG-r17,4,0.031202689,230,,,mixed,210-270,230,Murray_r17
GTGCTTCCAGGTCGTC-r17,6,0.07435351,280,Neuroblast_AFD_RMD,ABalpppapa/ABpraaaapa,mixed,270-330,280,Murray_r17
GTGCTTCGTTCCACGG-r17,6,0.047938917,260,,ABpxpaaaa,mixed,210-270,260,Murray_r17
GTGGGTCAGATGCCAG-r17,6,0.093425535,235,,,mixed,210-270,235,Murray_r17
GTGGGTCTCGTGACAT-r17,10,0.4311293,490,ASJ,ABalpppppppa/ABpraaappppa,mixed,450-510,490,Murray_r17
GTGTTAGAGAACTCGG-r17,21,0.6582797,620,ASK,ABalpppapppa/ABpraaaapppa,mixed,580-650,620,Murray_r17
GTTAAGCAGAAACGCC-r17,21,0.31756383,440,ASK,ABalpppapppa/ABpraaaapppa,mixed,390-450,440,Murray_r17
GTTAAGCAGAGTTGGC-r17,15,0.18586175,420,ASI,ABpxaapapppa,mixed,390-450,420,Murray_r17
GTTACAGAGGGTGTGT-r17,5,0.121213794,330,ASK_parent,ABalpppappp/ABpraaaappp,mixed,330-390,330,Murray_r17
GTTACAGAGTCGTACT-r17,6,0.07968224,355,ASG_AWA,,mixed,330-390,355,Murray_r17
GTTACAGGTTGGAGGT-r17,1,0.012114815,190,,,mixed,170-210,190,Murray_r17
GTTCATTAGCACCGTC-r17,4,0.03290696,260,,,mixed,210-270,260,Murray_r17
GTTCGGGTCACTGGGC-r17,5,0.14394125,350,ASK_parent,ABalpppappp/ABpraaaappp,mixed,330-390,350,Murray_r17
GTTCTCGAGAGAACAG-r17,17,0.21277905,585,AWB,ABalpppppap/ABpraaappap,mixed,580-650,585,Murray_r17
TAAACCGAGAACAATC-r17,0,0.31160194,450,AFD,ABalpppapav/ABpraaaapav,mixed,450-510,450,Murray_r17
TAAGAGAAGACTGTAA-r17,2,0.034110382,260,Neuroblast_ASE_ASJ_AUA,ABalpppppp/ABpraaappp,mixed,210-270,260,Murray_r17
TAAGAGAAGGCCGAAT-r17,6,0.071775876,275,,,mixed,270-330,275,Murray_r17
TACAGTGTCAAACCAC-r17,6,0.0506067,260,,ABpxpaapaa,mixed,210-270,260,Murray_r17
TACGGATCACGACTCG-r17,6,0.048096277,260,,ABpxpaapaa,mixed,210-270,260,Murray_r17
TACGGATCAGGAATCG-r17,12,0.38764703,420,ADL,ABalppppaad/ABpraaapaad,mixed,390-450,420,Murray_r17
TACGGATTCACGCATA-r17,6,0.061681956,170,,,mixed,170-210,170,Murray_r17
TACGGATTCCTGTAGA-r17,1,0.008615317,175,,,mixed,170-210,175,Murray_r17
TACGGTAGTGCCTGCA-r17,18,0.2754073,395,AWC,ABpxpaaaaap,mixed,390-450,395,Murray_r17
TACGGTAGTTTGTGTG-r17,1,0.011549233,175,,,mixed,170-210,175,Murray_r17
TACGGTATCCCACTTG-r17,14,0.22839643,530,ADF,ABalpppppaa/ABpraaappaa,mixed,510-580,530,Murray_r17
TACTCATGTACTTGAC-r17,6,0.07708133,310,ASE_parent,ABalppppppa/ABpraaapppa,mixed,270-330,310,Murray_r17
TACTCATTCACATACG-r17,6,0.028806632,275,,,mixed,270-330,275,Murray_r17
TACTCGCTCCTAGGGC-r17,18,0.3000036,415,AWC,ABpxpaaaaap,mixed,390-450,415,Murray_r17
TACTTACCACTATCTT-r17,18,0.39489436,440,AWC,ABpxpaaaaap,mixed,390-450,440,Murray_r17
TAGACCAGTACGACCC-r17,6,0.08358832,290,ASI_parent,ABpxaapappp,mixed,270-330,290,Murray_r17
TAGACCATCCGGCACA-r17,21,0.3814855,510,ASK,ABalpppapppa/ABpraaaapppa,mixed,510-580,510,Murray_r17
TAGAGCTAGACTCGGA-r17,1,0.02012373,170,,ABpxaapapp,mixed,170-210,170,Murray_r17
TAGAGCTTCTCCAGGG-r17,19,0.22224832,550,AWA,ABpxaapapaa,mixed,510-580,550,Murray_r17
TAGCCGGGTGAGGGTT-r17,10,0.123888254,435,AUA,ABalpppppppp/ABpraaappppp,mixed,390-450,435,Murray_r17
TAGGCATCAATACGCT-r17,6,0.032960195,220,,,mixed,210-270,220,Murray_r17
TAGTGGTAGATGCCAG-r17,6,0.04641339,265,,,mixed,210-270,265,Murray_r17
TAGTTGGAGTGTTTGC-r17,1,0.020183658,205,Neuroblast_ASE_ASJ_AUA,ABalpppppp/ABpraaappp,mixed,170-210,205,Murray_r17
TATCAGGCAAGAAAGG-r17,1,0.024972554,170,,,mixed,170-210,170,Murray_r17
TATCAGGCAATAAGCA-r17,6,0.079681866,370,ASI_parent,ABpxaapappp,mixed,330-390,370,Murray_r17
TATCTCAAGATGTGGC-r17,14,0.14478989,395,ADF_AWB,,mixed,390-450,395,Murray_r17
TATGCCCCATCACGAT-r17,4,0.030240603,700,ASEL,ABalppppppaa/ABpraaapppaa,mixed,> 650,700,Murray_r17
TATTACCAGTTGAGTA-r17,6,0.03879029,270,,,mixed,270-330,270,Murray_r17
TCAACGAGTCGACTGC-r17,10,0.32536355,410,ASJ,ABalpppppppa/ABpraaappppa,mixed,390-450,410,Murray_r17
TCAATCTGTTACAGAA-r17,10,0.32364073,410,ASJ,ABalpppppppa/ABpraaappppa,mixed,390-450,410,Murray_r17
TCACAAGGTCGCATAT-r17,12,0.3891895,410,ADL,ABalppppaad/ABpraaapaad,mixed,390-450,410,Murray_r17
TCACGAAAGTGGCACA-r17,1,0.018671047,170,,ABpxaapap,mixed,170-210,170,Murray_r17
TCAGATGAGTTAGGTA-r17,1,0.014743588,195,,ABalpppap/ABpraaaap,mixed,170-210,195,Murray_r17
TCAGATGTCGATAGAA-r17,6,0.046906907,260,,,mixed,210-270,260,Murray_r17
TCAGCTCCAATTGCTG-r17,1,0.021632515,260,Neuroblast_ASE_ASJ_AUA,ABalpppppp/ABpraaappp,mixed,210-270,260,Murray_r17
TCAGGATTCGTACCGG-r17,14,0.21731964,490,ADF,ABalpppppaa/ABpraaappaa,mixed,450-510,490,Murray_r17
TCAGGTATCCTAAGTG-r17,21,0.25806865,435,ASK,ABalpppapppa/ABpraaaapppa,mixed,390-450,435,Murray_r17
TCCACACTCTTGAGAC-r17,1,0.005823086,190,,,mixed,170-210,190,Murray_r17
TCCCGATAGCTAGTCT-r17,18,0.23131596,410,AWC,ABpxpaaaaap,mixed,390-450,410,Murray_r17
TCCCGATTCTTTACAC-r17,1,0.010302995,170,,,mixed,170-210,170,Murray_r17
TCGGTAAAGGAGCGTT-r17,1,0.039336585,170,,,mixed,170-210,170,Murray_r17
TCGGTAACAGGAATCG-r17,6,0.056879528,260,,,mixed,210-270,260,Murray_r17
TCGGTAATCCATGAGT-r17,1,0.011531269,175,,,mixed,170-210,175,Murray_r17
TCGTACCCAGACTCGC-r17,1,0.015239685,165,,,mixed,130-170,165,Murray_r17
TCGTAGAAGAAGGCCT-r17,6,0.070746884,775,AFD,ABalpppapav/ABpraaaapav,mixed,> 650,775,Murray_r17
TCGTAGAAGGGTATCG-r17,1,0.013147833,180,,,mixed,170-210,180,Murray_r17
TCTATTGCATAGACTC-r17,1,0.01624309,175,,,mixed,170-210,175,Murray_r17
TCTATTGTCATCGATG-r17,1,0.0116204005,180,,,mixed,170-210,180,Murray_r17
TCTATTGTCATTCACT-r17,1,0.01931159,245,Neuroblast_ASE_ASJ_AUA,ABalpppppp/ABpraaappp,mixed,210-270,245,Murray_r17
TCTCTAACAGAGTGTG-r17,1,0.004863857,205,,ABalpppap/ABpraaaap,mixed,170-210,205,Murray_r17
TCTCTAAGTCTTTCAT-r17,16,0.3699608,530,ASI,ABpxaapapppa,mixed,510-580,530,Murray_r17
TCTGAGAGTGCCTGTG-r17,6,0.04810296,275,,,mixed,270-330,275,Murray_r17
TCTTCGGGTCGCATCG-r17,21,0.682129,640,ASK,ABalpppapppa/ABpraaaapppa,mixed,580-650,640,Murray_r17
TGAAAGATCCTCATTA-r17,1,0.0077856383,190,,ABalpppap/ABpraaaap,mixed,170-210,190,Murray_r17
TGACAACTCTGCGACG-r17,9,0.1829602,385,ASE,ABalppppppaa/ABpraaapppaa,mixed,330-390,385,Murray_r17
TGACGGCCAATCACAC-r17,9,0.14647697,335,ASE_parent,ABalppppppa/ABpraaapppa,mixed,330-390,335,Murray_r17
TGACTTTTCCAGTAGT-r17,5,0.12027367,390,ADF_AWB,,mixed,390-450,390,Murray_r17
TGACTTTTCGTGACAT-r17,19,0.13421014,380,AWA,ABpxaapapaa,mixed,330-390,380,Murray_r17
TGAGAGGTCAAGGTAA-r17,10,0.4631005,550,ASJ,ABalpppppppa/ABpraaappppa,mixed,510-580,550,Murray_r17
TGAGCATTCATCACCC-r17,6,0.056810208,260,Neuroblast_AFD_RMD,ABalpppapa/ABpraaaapa,mixed,210-270,260,Murray_r17
TGAGCCGAGTGAAGAG-r17,6,0.08489979,390,ASG_AWA,,mixed,390-450,390,Murray_r17
TGAGCCGCACGAGAGT-r17,6,0.074052505,290,ASI_parent,ABpxaapappp,mixed,270-330,290,Murray_r17
TGAGGGATCCTCATTA-r17,6,0.11274166,415,ASE,ABalppppppaa/ABpraaapppaa,mixed,390-450,415,Murray_r17
TGATTTCTCACCAGGC-r17,15,0.16648948,435,ASI,ABpxaapapppa,mixed,390-450,435,Murray_r17
TGATTTCTCAGGATCT-r17,6,0.058153667,260,Neuroblast_AFD_RMD,ABalpppapa/ABpraaaapa,mixed,210-270,260,Murray_r17
TGATTTCTCCGTACAA-r17,1,0.022508092,310,ASE_parent,ABalppppppa/ABpraaapppa,mixed,270-330,310,Murray_r17
TGCACCTAGCTGCAAG-r17,0,0.22903164,440,AFD,ABalpppapav/ABpraaaapav,mixed,390-450,440,Murray_r17
TGCACCTGTCGTTGTA-r17,1,0.022900088,170,,ABpxaapap,mixed,170-210,170,Murray_r17
TGCCAAAAGGAGTAGA-r17,14,0.10399433,360,ADF_AWB,,mixed,330-390,360,Murray_r17
TGCCAAAGTTATCACG-r17,1,0.022164728,260,Neuroblast_ASE_ASJ_AUA,ABalpppppp/ABpraaappp,mixed,210-270,260,Murray_r17
TGCCCATCAGACTCGC-r17,6,0.10039163,290,ASK_parent,ABalpppappp/ABpraaaappp,mixed,270-330,290,Murray_r17
TGCCCTACACCACCAG-r17,1,0.021942785,200,,,mixed,170-210,200,Murray_r17
TGCGCAGCACTGAAGG-r17,6,0.08254409,330,Neuroblast_ASJ_AUA,ABalppppppp/ABpraaapppp,mixed,330-390,330,Murray_r17
TGCGCAGGTAAGTGTA-r17,9,0.17172621,360,ASE,ABalppppppaa/ABpraaapppaa,mixed,330-390,360,Murray_r17
TGCGCAGGTCTCGTTC-r17,6,0.046755902,270,,,mixed,270-330,270,Murray_r17
TGCGTGGAGGCTCAGA-r17,14,0.115643896,380,ADF_AWB,,mixed,330-390,380,Murray_r17
TGCGTGGAGGGATCTG-r17,6,0.04360779,280,Neuroblast_AFD_RMD,ABalpppapa/ABpraaaapa,mixed,270-330,280,Murray_r17
TGCGTGGTCCTCTAGC-r17,6,0.039924826,270,,,mixed,270-330,270,Murray_r17
TGCGTGGTCGCCATAA-r17,18,0.26983133,395,AWC,ABpxpaaaaap,mixed,390-450,395,Murray_r17
TGCTGCTTCCAAACTG-r17,10,0.24624723,360,ASJ,ABalpppppppa/ABpraaappppa,mixed,330-390,360,Murray_r17
TGCTGCTTCTGTACGA-r17,1,0.01008649,170,,,mixed,170-210,170,Murray_r17
TGGCGCAAGAGGTTGC-r17,0,0.71089816,700,AFD,ABalpppapav/ABpraaaapav,mixed,> 650,700,Murray_r17
TGGCGCAAGGTAAACT-r17,3,0.025984129,310,Neuroblast_ASG_AWA,ABpxaapapa,mixed,270-330,310,Murray_r17
TGGCGCATCTTACCTA-r17,9,0.17812565,365,ASE,ABalppppppaa/ABpraaapppaa,mixed,330-390,365,Murray_r17
TGGGCGTAGTCATGCT-r17,1,0.009596537,170,,ABpxaapap,mixed,170-210,170,Murray_r17
TGGGCGTTCTGCTGCT-r17,6,0.046018437,280,,,mixed,270-330,280,Murray_r17
TGGTTAGAGACAGAGA-r17,10,0.15152629,320,Neuroblast_ASJ_AUA,ABalppppppp/ABpraaapppp,mixed,270-330,320,Murray_r17
TGGTTAGAGGATGGTC-r17,0,0.629921,550,AFD,ABalpppapav/ABpraaaapav,mixed,510-580,550,Murray_r17
TGGTTAGGTGACAAAT-r17,6,0.0652731,470,ADL,ABalppppaad/ABpraaapaad,mixed,450-510,470,Murray_r17
TGGTTCCAGCCGCCTA-r17,14,0.11482104,365,,,mixed,330-390,365,Murray_r17
TGGTTCCCACTGTGTA-r17,21,0.18919948,375,ASK_parent,ABalpppappp/ABpraaaappp,mixed,330-390,375,Murray_r17
TGTCCCAGTGAGCGAT-r17,1,0.011360358,170,,ABalppppp/ABpraaapp,mixed,170-210,170,Murray_r17
TGTCCCATCAAGAAGT-r17,1,0.012561247,170,,ABalppppp/ABpraaapp,mixed,170-210,170,Murray_r17
TGTCCCATCGTTTGCC-r17,1,0.009054871,200,,ABalppppap/ABpraaapap,mixed,170-210,200,Murray_r17
TGTGGTACACCAGGTC-r17,1,0.015081675,170,,ABalpppppp/ABpraaappp,mixed,170-210,170,Murray_r17
TGTGTTTCAGCTGTTA-r17,1,0.022290248,170,,,mixed,170-210,170,Murray_r17
TTATGCTCACCCATGG-r17,1,0.00960338,230,,ABalppppa/ABpraaapa,mixed,210-270,230,Murray_r17
TTATGCTTCTAACTCT-r17,14,0.16640165,490,ADF,ABalpppppaa/ABpraaappaa,mixed,450-510,490,Murray_r17
TTCGAAGAGGGAAACA-r17,2,0.024705907,290,Neuroblast_ASJ_AUA,ABalppppppp/ABpraaapppp,mixed,270-330,290,Murray_r17
TTCGAAGAGTGAAGAG-r17,21,0.26201147,430,ASK,ABalpppapppa/ABpraaaapppa,mixed,390-450,430,Murray_r17
TTCGGTCTCAGTGTTG-r17,15,0.16950054,435,ASI,ABpxaapapppa,mixed,390-450,435,Murray_r17
TTCTACACAAAGGTGC-r17,16,0.39290586,550,ASI,ABpxaapapppa,mixed,510-580,550,Murray_r17
TTCTACACATCCAACA-r17,1,0.014293399,170,,,mixed,170-210,170,Murray_r17
TTCTCAATCCATGAAC-r17,6,0.064359106,285,,ABpxpaaaap,mixed,270-330,285,Murray_r17
TTCTCAATCTGTCAAG-r17,6,0.044212982,260,Neuroblast_AFD_RMD,ABalpppapa/ABpraaaapa,mixed,210-270,260,Murray_r17
TTCTCCTTCTTAGAGC-r17,14,0.15079336,405,ADF_AWB,,mixed,390-450,405,Murray_r17
TTGACTTTCGAGCCCA-r17,18,0.5655023,620,AWC,ABpxpaaaaap,mixed,580-650,620,Murray_r17
TTGCCGTAGAGGTAGA-r17,6,0.07788425,285,Neuroblast_AFD_RMD,ABalpppapa/ABpraaaapa,mixed,270-330,285,Murray_r17
TTGGAACGTTCGAATC-r17,1,0.014100494,170,,ABalppppp/ABpraaapp,mixed,170-210,170,Murray_r17
TTGGCAAAGTTAGCGG-r17,6,0.060615763,245,,,mixed,210-270,245,Murray_r17
TTGGCAACAAGAAGAG-r17,1,0.008167451,200,,ABalppppap/ABpraaapap,mixed,170-210,200,Murray_r17
TTGTAGGGTCTTCAAG-r17,6,0.05495666,260,,ABprpappa,mixed,210-270,260,Murray_r17
TTGTAGGGTCTTCTCG-r17,6,0.06886605,390,AWA,ABpxaapapaa,mixed,390-450,390,Murray_r17
TTGTAGGTCCGCTGTT-r17,1,0.021962602,215,Neuroblast_ASE_ASJ_AUA,ABalpppppp/ABpraaappp,mixed,210-270,215,Murray_r17
TTGTAGGTCCTTGGTC-r17,6,0.080976784,370,ASK_parent,ABalpppappp/ABpraaaappp,mixed,330-390,370,Murray_r17
TTTACTGAGTGGGCTA-r17,6,0.07689918,275,,,mixed,270-330,275,Murray_r17
TTTACTGTCTCTGCTG-r17,1,0.01044813,170,,ABalppppp/ABpraaapp,mixed,170-210,170,Murray_r17
TTTCCTCCATTCTCAT-r17,1,0.018996261,490,ASE,ABalpppppa/ABpraaappa,mixed,450-510,490,Murray_r17
TTTCCTCGTCATTAGC-r17,6,0.026878005,265,,,mixed,210-270,265,Murray_r17
TTTCCTCGTCTCAACA-r17,6,0.05425768,260,Neuroblast_AFD_RMD,ABalpppapa/ABpraaaapa,mixed,210-270,260,Murray_r17
TTTGGTTCATGGTAGG-r17,13,0.21649139,375,ASH,ABpxpaappaa,mixed,330-390,375,Murray_r17
TTTGTCAAGCACCGCT-r17,0,0.6118662,550,AFD,ABalpppapav/ABpraaaapav,mixed,510-580,550,Murray_r17
AAACGGGGTAGCACGA-b01,10,0.23806496,380,ASJ,ABalpppppppa/ABpraaappppa,mixed,330-390,380,Murray_b01
AAACGGGTCGGTCCGA-b01,23,0.32472533,635,ASG,ABpxaapapap,mixed,580-650,635,Murray_b01
AAAGCAACAGATGGGT-b01,1,0.008286701,180,,ABalppppp/ABpraaapp,mixed,170-210,180,Murray_b01
AAATGCCCACAACGCC-b01,16,0.42081383,640,ASI,ABpxaapapppa,mixed,580-650,640,Murray_b01
AAATGCCCATGCGCAC-b01,13,0.14976358,395,AFD,ABalpppapav/ABpraaaapav,mixed,390-450,395,Murray_b01
AAATGCCGTCGCTTCT-b01,24,0.8666171,700,ASJ,ABalpppppppa/ABpraaappppa,mixed,> 650,700,Murray_b01
AACACGTCATGGTTGT-b01,18,0.62251306,700,AWC,ABpxpaaaaap,mixed,> 650,700,Murray_b01
AACACGTGTTGTTTGG-b01,23,0.2285972,620,ASG,ABpxaapapap,mixed,580-650,620,Murray_b01
AACCATGCATTAGCCA-b01,0,0.6512369,550,AFD,ABalpppapav/ABpraaaapav,mixed,510-580,550,Murray_b01
AACTCAGAGATAGGAG-b01,24,0.55481416,520,ASJ,ABalpppppppa/ABpraaappppa,mixed,510-580,520,Murray_b01
AACTCAGTCCGTCAAA-b01,4,0.05793386,260,,,mixed,210-270,260,Murray_b01
AACTGGTAGATGTGGC-b01,20,0.8207776,630,ADL,ABalppppaad/ABpraaapaad,mixed,580-650,630,Murray_b01
AACTGGTCAAACCTAC-b01,19,0.14267251,380,AWA,ABpxaapapaa,mixed,330-390,380,Murray_b01
AACTTTCAGTGAATTG-b01,1,0.018951392,180,,ABalppppp/ABpraaapp,mixed,170-210,180,Murray_b01
AACTTTCGTTCCACGG-b01,19,0.21178702,725,ASH,ABpxpaappaa,mixed,> 650,725,Murray_b01
AACTTTCTCGCTTAGA-b01,12,0.2884197,380,ADL,ABalppppaad/ABpraaapaad,mixed,330-390,380,Murray_b01
AAGACCTAGCGTTCCG-b01,9,0.14017454,450,ASI,ABpxaapapppa,mixed,450-510,450,Murray_b01
AAGACCTAGTCTCCTC-b01,4,0.058994494,280,,,mixed,270-330,280,Murray_b01
AAGACCTGTGTTGAGG-b01,14,0.104341656,340,,,mixed,330-390,340,Murray_b01
AAGGAGCGTATGCTTG-b01,18,0.1855802,400,AWC,ABpxpaaaaap,mixed,390-450,400,Murray_b01
AAGGAGCTCAGCACAT-b01,9,0.1561715,350,ASE_parent,ABalppppppa/ABpraaapppa,mixed,330-390,350,Murray_b01
AAGGTTCCAATAGAGT-b01,10,0.17372845,330,Neuroblast_ASJ_AUA,ABalppppppp/ABpraaapppp,mixed,330-390,330,Murray_b01
AATCCAGAGCTGCGAA-b01,1,0.0066670086,190,,ABalppppp/ABpraaapp,mixed,170-210,190,Murray_b01
AATCCAGAGGGAGTAA-b01,1,0.021080354,190,,,mixed,170-210,190,Murray_b01
AATCCAGCAGCGATCC-b01,14,0.14294831,365,ASE,ABalppppppaa/ABpraaapppaa,mixed,330-390,365,Murray_b01
AATCGGTAGCGGATCA-b01,1,0.0075871754,190,,,mixed,170-210,190,Murray_b01
ACACCGGGTGTAAGTA-b01,17,0.282801,670,ADF,ABalpppppaa/ABpraaappaa,mixed,> 650,670,Murray_b01
ACACCGGGTTATCGGT-b01,10,0.17737485,320,Neuroblast_ASJ_AUA,ABalppppppp/ABpraaapppp,mixed,270-330,320,Murray_b01
ACACTGACAAGACACG-b01,20,0.6835853,520,ADL,ABalppppaad/ABpraaapaad,mixed,510-580,520,Murray_b01
ACACTGATCCCTAATT-b01,13,0.33322012,450,ASH,ABpxpaappaa,mixed,450-510,450,Murray_b01
ACACTGATCTACCTGC-b01,21,0.3358063,550,ASK,ABalpppapppa/ABpraaaapppa,mixed,510-580,550,Murray_b01
ACAGCCGCAAGTTGTC-b01,9,0.12802376,320,ASE_parent,ABalppppppa/ABpraaapppa,mixed,270-330,320,Murray_b01
ACAGCCGTCAGCACAT-b01,20,0.89889693,700,ADL,ABalppppaad/ABpraaapaad,mixed,> 650,700,Murray_b01
ACAGCCGTCAGGATCT-b01,18,0.50269026,620,AWC,ABpxpaaaaap,mixed,580-650,620,Murray_b01
ACAGCTAGTTATCACG-b01,14,0.09292888,365,ASG_AWA,,mixed,330-390,365,Murray_b01
ACAGCTATCTACTATC-b01,6,0.10436915,550,AWB,ABalpppppap/ABpraaappap,mixed,510-580,550,Murray_b01
ACATACGAGAGTAATC-b01,3,0.023127964,385,AWA,ABpxaapapaa,mixed,330-390,385,Murray_b01
ACATACGCAGGACCCT-b01,15,0.13653354,370,ASI_parent,ABpxaapappp,mixed,330-390,370,Murray_b01
ACATACGTCAGTTCGA-b01,4,0.04346048,260,,,mixed,210-270,260,Murray_b01
ACATCAGAGACAGACC-b01,20,0.7646251,700,ADL,ABalppppaad/ABpraaapaad,mixed,> 650,700,Murray_b01
ACATGGTTCAGTTTGG-b01,4,0.034349117,230,,ABalppappa/ABarappppa,mixed,210-270,230,Murray_b01
ACCAGTATCTATCGCC-b01,13,0.19468182,380,ASH,ABpxpaappaa,mixed,330-390,380,Murray_b01
ACCGTAAAGACACGAC-b01,1,0.04278598,190,,,mixed,170-210,190,Murray_b01
ACCGTAAGTATAGGGC-b01,12,0.31231874,385,ADL,ABalppppaad/ABpraaapaad,mixed,330-390,385,Murray_b01
ACCTTTAAGGCCGAAT-b01,13,0.15874471,380,ASH,ABpxpaappaa,mixed,330-390,380,Murray_b01
ACCTTTATCCAGTATG-b01,9,0.15003861,345,ASE_parent,ABalppppppa/ABpraaapppa,mixed,330-390,345,Murray_b01
ACCTTTATCCATGAAC-b01,1,0.00876905,185,,ABpxaapapa,mixed,170-210,185,Murray_b01
ACGAGGACATCACGAT-b01,0,0.20518316,420,AFD,ABalpppapav/ABpraaaapav,mixed,390-450,420,Murray_b01
ACGAGGACATTGGGCC-b01,22,0.43426415,725,ASER,ABalppppppaa/ABpraaapppaa,mixed,> 650,725,Murray_b01
ACGAGGAGTGCTAGCC-b01,5,0.14023662,360,ASK_parent,ABalpppappp/ABpraaaappp,mixed,330-390,360,Murray_b01
ACGATACCAGTGAGTG-b01,9,0.13310024,320,ASE_parent,ABalppppppa/ABpraaapppa,mixed,270-330,320,Murray_b01
ACGCCAGTCTCGCATC-b01,20,0.87297744,700,ADL,ABalppppaad/ABpraaapaad,mixed,> 650,700,Murray_b01
ACGCCGAGTCTCCCTA-b01,15,0.2002245,425,ASI,ABpxaapapppa,mixed,390-450,425,Murray_b01
ACGCCGAGTTCGTGAT-b01,1,0.022894468,170,,ABpxaapaa,mixed,170-210,170,Murray_b01
ACGCCGATCAGCAACT-b01,1,0.003171311,165,,,mixed,130-170,165,Murray_b01
ACGCCGATCCGTTGTC-b01,24,0.60740113,550,ASJ,ABalpppppppa/ABpraaappppa,mixed,510-580,550,Murray_b01
ACGGAGACATGTTCCC-b01,6,0.07783483,640,AFD,ABalpppapav/ABpraaaapav,mixed,580-650,640,Murray_b01
ACGGAGATCTCGCATC-b01,24,0.91052896,700,ASJ,ABalpppppppa/ABpraaappppa,mixed,> 650,700,Murray_b01
ACGGGCTTCAACACCA-b01,20,0.7654699,585,ADL,ABalppppaad/ABpraaapaad,mixed,580-650,585,Murray_b01
ACGGGCTTCAGTTTGG-b01,15,0.29618916,520,ASI,ABpxaapapppa,mixed,510-580,520,Murray_b01
ACGGGTCGTACCGAGA-b01,2,0.021504052,170,,,mixed,170-210,170,Murray_b01
ACGGGTCGTCGAGATG-b01,1,0.039035056,190,,ABalppppaa/ABpraaapaa,mixed,170-210,190,Murray_b01
ACGGGTCGTGTTTGGT-b01,9,0.12984595,320,ASE_parent,ABalppppppa/ABpraaapppa,mixed,270-330,320,Murray_b01
ACTGAGTCAACTGCGC-b01,15,0.28309554,470,ASI,ABpxaapapppa,mixed,450-510,470,Murray_b01
ACTGAGTGTACTTAGC-b01,6,0.13733932,585,AWB,ABalpppppap/ABpraaappap,mixed,580-650,585,Murray_b01
ACTGAGTGTCTCGTTC-b01,10,0.32475796,450,ASJ,ABalpppppppa/ABpraaappppa,mixed,450-510,450,Murray_b01
ACTGAGTGTCTGATTG-b01,3,0.034491096,270,,,mixed,270-330,270,Murray_b01
ACTGAGTGTTGATTGC-b01,6,0.087109074,260,Neuroblast_AFD_RMD,ABalpppapa/ABpraaaapa,mixed,210-270,260,Murray_b01
ACTGATGGTTCGCGAC-b01,20,0.91078126,760,ADL,ABalppppaad/ABpraaapaad,mixed,> 650,760,Murray_b01
ACTGATGTCACTCCTG-b01,1,0.012490189,175,,,mixed,170-210,175,Murray_b01
ACTGCTCAGCTCCCAG-b01,20,0.82030535,585,ADL,ABalppppaad/ABpraaapaad,mixed,580-650,585,Murray_b01
ACTGCTCAGGTTCCTA-b01,1,0.02048756,175,,,mixed,170-210,175,Murray_b01
ACTGCTCAGTGTACGG-b01,6,0.03782204,230,,,mixed,210-270,230,Murray_b01
ACTGCTCGTGTCAATC-b01,1,0.017473483,170,,,mixed,170-210,170,Murray_b01
ACTGCTCTCTAGCACA-b01,2,0.030235779,260,Neuroblast_ASE_ASJ_AUA,ABalpppppp/ABpraaappp,mixed,210-270,260,Murray_b01
ACTGTCCAGGGTTCCC-b01,0,0.3122894,405,AFD,ABalpppapav/ABpraaaapav,mixed,390-450,405,Murray_b01
ACTGTCCAGTGATCGG-b01,6,0.08549915,470,AWB,ABalpppppap/ABpraaappap,mixed,450-510,470,Murray_b01
ACTTTCACAACTGCGC-b01,1,0.013627916,175,,,mixed,170-210,175,Murray_b01
ACTTTCACATTTCACT-b01,2,0.050278466,300,ASE_parent,ABalppppppa/ABpraaapppa,mixed,270-330,300,Murray_b01
ACTTTCAGTACATCCA-b01,6,0.08671305,455,AUA,ABalpppppppp/ABpraaappppp,mixed,450-510,455,Murray_b01
ACTTTCATCTTGTTTG-b01,24,0.57304215,620,ASJ,ABalpppppppa/ABpraaappppa,mixed,580-650,620,Murray_b01
AGAATAGAGTTTAGGA-b01,20,0.9102863,730,ADL,ABalppppaad/ABpraaapaad,mixed,> 650,730,Murray_b01
AGAATAGGTTCCAACA-b01,3,0.029748384,285,,,mixed,270-330,285,Murray_b01
AGAATAGTCCAAGTAC-b01,4,0.053698123,230,,,mixed,210-270,230,Murray_b01
AGAATAGTCTATCCTA-b01,21,0.24054882,420,ASK,ABalpppapppa/ABpraaaapppa,mixed,390-450,420,Murray_b01
AGACGTTCACCGCTAG-b01,20,0.88886696,700,ADL,ABalppppaad/ABpraaapaad,mixed,> 650,700,Murray_b01
AGACGTTTCTTAACCT-b01,1,0.024731368,160,,ABpxapaaa,mixed,130-170,160,Murray_b01
AGAGCTTGTTCAGACT-b01,4,0.054337867,245,,,mixed,210-270,245,Murray_b01
AGAGCTTTCCAACCAA-b01,24,0.6510813,640,ASJ,ABalpppppppa/ABpraaappppa,mixed,580-650,640,Murray_b01
AGAGCTTTCCAGGGCT-b01,6,0.08054848,380,ASK_parent,ABalpppappp/ABpraaaappp,mixed,330-390,380,Murray_b01
AGATCTGGTGCCTGCA-b01,20,0.785158,620,ADL,ABalppppaad/ABpraaapaad,mixed,580-650,620,Murray_b01
AGATCTGTCAAACAAG-b01,11,0.12536375,260,,,mixed,210-270,260,Murray_b01
AGATCTGTCTGTCTCG-b01,16,0.19015136,550,ASI,ABpxaapapppa,mixed,510-580,550,Murray_b01
AGATTGCCATGTAGTC-b01,20,0.8983139,750,ADL,ABalppppaad/ABpraaapaad,mixed,> 650,750,Murray_b01
AGCAGCCAGCAGACTG-b01,1,0.0049545793,165,,,mixed,130-170,165,Murray_b01
AGCATACCACTTGGAT-b01,9,0.23728389,410,ASE,ABalppppppaa/ABpraaapppaa,mixed,390-450,410,Murray_b01
AGCATACGTAGCGATG-b01,3,0.032159913,270,,,mixed,270-330,270,Murray_b01
AGCCTAAAGGTTACCT-b01,7,0.04804745,260,,,mixed,210-270,260,Murray_b01
AGCGGTCCATGGTAGG-b01,1,0.019358823,170,,,mixed,170-210,170,Murray_b01
AGCGGTCGTGCAACTT-b01,20,0.82411194,640,ADL,ABalppppaad/ABpraaapaad,mixed,580-650,640,Murray_b01
AGCGTATGTAGCGTCC-b01,16,0.3656737,550,ASI,ABpxaapapppa,mixed,510-580,550,Murray_b01
AGCGTCGTCTGGTTCC-b01,1,0.05150534,390,ASG_AWA,,mixed,390-450,390,Murray_b01
AGCTCCTCACATGACT-b01,3,0.006358971,220,,ABalpppppa/ABpraaappa,mixed,210-270,220,Murray_b01
AGCTCCTGTGTTCGAT-b01,18,0.22652428,410,AWC,ABpxpaaaaap,mixed,390-450,410,Murray_b01
AGCTCTCCAGCGATCC-b01,15,0.14088885,370,ASI_parent,ABpxaapappp,mixed,330-390,370,Murray_b01
AGCTTGAGTTGCGTTA-b01,13,0.18088229,380,AWA,ABpxaapapaa,mixed,330-390,380,Murray_b01
AGGCCACAGCTTTGGT-b01,9,0.23166113,410,ASE,ABalppppppaa/ABpraaapppaa,mixed,390-450,410,Murray_b01
AGGCCACAGTTAAGTG-b01,15,0.13107549,375,ASI_parent,ABpxaapappp,mixed,330-390,375,Murray_b01
AGGCCACCATTGGCGC-b01,16,0.40524465,640,ASI,ABpxaapapppa,mixed,580-650,640,Murray_b01
AGGCCGTAGAGCTGGT-b01,19,0.11374762,390,ASG_AWA,,mixed,390-450,390,Murray_b01
AGGCCGTAGAGCTTCT-b01,10,0.34825543,465,,,mixed,450-510,465,Murray_b01
AGGCCGTCAAAGTCAA-b01,6,0.06488386,750,ASER,ABalppppppaa/ABpraaapppaa,mixed,> 650,750,Murray_b01
AGGCCGTTCGGCGCAT-b01,17,0.22981544,635,AWB,ABalpppppap/ABpraaappap,mixed,580-650,635,Murray_b01
AGGGAGTTCCGATATG-b01,13,0.2723077,450,ASH,ABpxpaappaa,mixed,450-510,450,Murray_b01
AGGGAGTTCCTCGCAT-b01,0,0.6478553,550,AFD,ABalpppapav/ABpraaaapav,mixed,510-580,550,Murray_b01
AGGGATGCATGCCACG-b01,10,0.22715306,360,ASJ,ABalpppppppa/ABpraaappppa,mixed,330-390,360,Murray_b01
AGGTCATCACTGTCGG-b01,16,0.22281855,630,ASI,ABpxaapapppa,mixed,580-650,630,Murray_b01
AGGTCCGAGAGTACCG-b01,4,0.045643885,245,,,mixed,210-270,245,Murray_b01
AGGTCCGTCATTGCCC-b01,9,0.10229174,330,ASE_parent,ABalppppppa/ABpraaapppa,mixed,330-390,330,Murray_b01
AGTCTTTAGAACAATC-b01,1,0.016684933,185,,,mixed,170-210,185,Murray_b01
AGTCTTTAGATCCCAT-b01,19,0.13405699,410,AWA,ABpxaapapaa,mixed,390-450,410,Murray_b01
AGTGGGAGTACCGTAT-b01,9,0.10438695,325,ASE_parent,ABalppppppa/ABpraaapppa,mixed,270-330,325,Murray_b01
AGTGGGAGTGTCGCTG-b01,24,0.5179903,500,ASJ,ABalpppppppa/ABpraaappppa,mixed,450-510,500,Murray_b01
AGTGGGAGTTCGAATC-b01,0,0.6372358,530,AFD,ABalpppapav/ABpraaaapav,mixed,510-580,530,Murray_b01
AGTGTCAGTTCTGGTA-b01,6,0.07377983,470,ASE,ABalppppppaa/ABpraaapppaa,mixed,450-510,470,Murray_b01
AGTTGGTTCAACACGT-b01,17,0.1512835,450,AWB,ABalpppppap/ABpraaappap,mixed,450-510,450,Murray_b01
AGTTGGTTCTGCTGCT-b01,10,0.14061862,300,Neuroblast_ASJ_AUA,ABalppppppp/ABpraaapppp,mixed,270-330,300,Murray_b01
ATAACGCCAATGTTGC-b01,10,0.15482923,325,Neuroblast_ASJ_AUA,ABalppppppp/ABpraaapppp,mixed,270-330,325,Murray_b01
ATAAGAGAGCTACCTA-b01,6,0.08107742,450,AWB,ABalpppppap/ABpraaappap,mixed,450-510,450,Murray_b01
ATAAGAGGTAAGTTCC-b01,6,0.09762306,640,AWB,ABalpppppap/ABpraaappap,mixed,580-650,640,Murray_b01
ATAGACCAGAAGATTC-b01,20,0.9410738,700,ADL,ABalppppaad/ABpraaapaad,mixed,> 650,700,Murray_b01
ATAGACCCAGCTCGAC-b01,19,0.1183067,390,,,mixed,390-450,390,Murray_b01
ATCACGAGTACAGTTC-b01,1,0.038218617,170,,ABalppppaa/ABpraaapaa,mixed,170-210,170,Murray_b01
ATCACGAGTAGCCTCG-b01,2,0.02697174,230,Neuroblast_ASE_ASJ_AUA,ABalpppppp/ABpraaappp,mixed,210-270,230,Murray_b01
ATCACGATCCGAATGT-b01,2,0.026845753,215,Neuroblast_ASE_ASJ_AUA,ABalpppppp/ABpraaappp,mixed,210-270,215,Murray_b01
ATCATCTCAAGAAGAG-b01,13,0.14136757,385,,,mixed,330-390,385,Murray_b01
ATCTGCCCAATAGAGT-b01,10,0.18399028,350,ASJ,ABalpppppppa/ABpraaappppa,mixed,330-390,350,Murray_b01
ATGAGGGAGGCAGTCA-b01,1,0.011399753,170,,ABalppppp/ABpraaapp,mixed,170-210,170,Murray_b01
ATGAGGGGTATCACCA-b01,1,0.008030819,170,,ABpraaa/ABalppp,mixed,170-210,170,Murray_b01
ATGAGGGTCGGCGGTT-b01,20,0.8469442,700,ADL,ABalppppaad/ABpraaapaad,mixed,> 650,700,Murray_b01
ATGAGGGTCTGCTTGC-b01,1,0.018695727,185,,ABpxaapapa,mixed,170-210,185,Murray_b01
ATGCGATAGTTCGATC-b01,0,0.2583477,405,AFD,ABalpppapav/ABpraaaapav,mixed,390-450,405,Murray_b01
ATGCGATCACCAGGCT-b01,6,0.026651712,245,,ABpxpaaaa,mixed,210-270,245,Murray_b01
ATGGGAGGTCTGATCA-b01,21,0.6489194,700,ASK,ABalpppapppa/ABpraaaapppa,mixed,> 650,700,Murray_b01
ATTACTCGTGACCAAG-b01,4,0.09409037,640,ASI,ABpxaapapppa,mixed,580-650,640,Murray_b01
ATTACTCGTTGGAGGT-b01,24,0.44307104,470,ASJ,ABalpppppppa/ABpraaappppa,mixed,450-510,470,Murray_b01
ATTATCCGTAGCGTCC-b01,6,0.070388,370,AUA,ABalpppppppp/ABpraaappppp,mixed,330-390,370,Murray_b01
ATTATCCTCAGGCAAG-b01,6,0.12228971,750,ASJ,ABalpppppppa/ABpraaappppa,mixed,> 650,750,Murray_b01
ATTGGTGTCCGAGCCA-b01,0,0.2053107,360,AFD,ABalpppapav/ABpraaaapav,mixed,330-390,360,Murray_b01
ATTTCTGAGAATTCCC-b01,1,0.0134380385,170,,,mixed,170-210,170,Murray_b01
CAACCAAAGGACGAAA-b01,4,0.037138,260,,,mixed,210-270,260,Murray_b01
CAACCTCAGCCCAGCT-b01,6,0.1055914,320,Neuroblast_ASJ_AUA,ABalppppppp/ABpraaapppp,mixed,270-330,320,Murray_b01
CAACCTCAGGAGTCTG-b01,5,0.20668343,390,ASK,ABalpppapppa/ABpraaaapppa,mixed,390-450,390,Murray_b01
CAACCTCGTGCTAGCC-b01,5,0.09275152,290,ASK_parent,ABalpppappp/ABpraaaappp,mixed,270-330,290,Murray_b01
CAACCTCTCACGATGT-b01,17,0.22101305,585,AWB,ABalpppppap/ABpraaappap,mixed,580-650,585,Murray_b01
CAACTAGCACGAAGCA-b01,1,0.02792806,200,,ABalppppaa/ABpraaapaa,mixed,170-210,200,Murray_b01
CAACTAGGTACCATCA-b01,1,0.017215602,180,,ABalpppppp/ABpraaappp,mixed,170-210,180,Murray_b01
CAAGAAACATGCCTAA-b01,13,0.23653448,395,ASH,ABpxpaappaa,mixed,390-450,395,Murray_b01
CAAGAAAGTATGGTTC-b01,6,0.07647886,260,,ABpxpppaaa,mixed,210-270,260,Murray_b01
CAAGAAATCACGATGT-b01,4,0.049154386,225,,,mixed,210-270,225,Murray_b01
CAAGATCAGAGGTACC-b01,2,0.023197252,200,,ABalpppppp/ABpraaappp,mixed,170-210,200,Murray_b01
CAAGGCCGTCTGATCA-b01,6,0.10811139,450,ASE,ABalppppppaa/ABpraaapppaa,mixed,450-510,450,Murray_b01
CAAGGCCGTTCTGAAC-b01,10,0.2424149,385,AUA,ABalpppppppp/ABpraaappppp,mixed,330-390,385,Murray_b01
CAAGTTGCATTTCAGG-b01,9,0.26417804,490,ASE,ABalppppppaa/ABpraaapppaa,mixed,450-510,490,Murray_b01
CACACAATCCAATGGT-b01,15,0.106814206,340,ASI_parent,ABpxaapappp,mixed,330-390,340,Murray_b01
CACACAATCGTTGCCT-b01,18,0.5150066,620,AWC,ABpxpaaaaap,mixed,580-650,620,Murray_b01
CACACCTCAGAGCCAA-b01,13,0.551766,700,ASH,ABpxpaappaa,mixed,> 650,700,Murray_b01
CACACTCCACGGTGTC-b01,0,0.7246064,670,AFD,ABalpppapav/ABpraaaapav,mixed,> 650,670,Murray_b01
CACAGGCGTGAGGGTT-b01,0,0.69612706,630,AFD,ABalpppapav/ABpraaaapav,mixed,580-650,630,Murray_b01
CACAGGCTCATGTCCC-b01,20,0.90558386,750,ADL,ABalppppaad/ABpraaapaad,mixed,> 650,750,Murray_b01
CACAGTAAGAAGGTGA-b01,9,0.2802713,470,ASE,ABalppppppaa/ABpraaapppaa,mixed,450-510,470,Murray_b01
CACAGTAGTTTAAGCC-b01,6,0.07820509,275,ASI_parent,ABpxaapappp,mixed,270-330,275,Murray_b01
CACATAGAGGATCGCA-b01,0,0.698732,670,AFD,ABalpppapav/ABpraaaapav,mixed,> 650,670,Murray_b01
CACATAGCACTGTCGG-b01,12,0.566232,490,ADL,ABalppppaad/ABpraaapaad,mixed,450-510,490,Murray_b01
CACATAGTCTTGTACT-b01,6,0.048772406,450,ASE,ABalppppppaa/ABpraaapppaa,mixed,450-510,450,Murray_b01
CACATTTAGACGACGT-b01,4,0.049972925,245,,,mixed,210-270,245,Murray_b01
CACCACTCACAGTCGC-b01,1,0.011978916,190,,ABpxaapap,mixed,170-210,190,Murray_b01
CACCACTCAGCTTAAC-b01,6,0.11180822,490,AWB,ABalpppppap/ABpraaappap,mixed,450-510,490,Murray_b01
CACCACTTCTTGAGGT-b01,15,0.21774143,420,ASI,ABpxaapapppa,mixed,390-450,420,Murray_b01
CACCAGGGTAAACCTC-b01,13,0.5017893,640,ASH,ABpxpaappaa,mixed,580-650,640,Murray_b01
CACCAGGGTCAAAGAT-b01,5,0.16075675,415,ASE,ABalppppppaa/ABpraaapppaa,mixed,390-450,415,Murray_b01
CACTCCACAGATCTGT-b01,13,0.48914137,550,ASH,ABpxpaappaa,mixed,510-580,550,Murray_b01
CAGAATCAGCGATAGC-b01,9,0.13982216,335,ASE_parent,ABalppppppa/ABpraaapppa,mixed,330-390,335,Murray_b01
CAGAGAGTCCTTCAAT-b01,0,0.22823635,395,AFD,ABalpppapav/ABpraaaapav,mixed,390-450,395,Murray_b01
CAGATCAGTGGAAAGA-b01,1,0.009087196,175,,ABalpppppp/ABpraaappp,mixed,170-210,175,Murray_b01
CAGCAGCAGAGGGATA-b01,6,0.05970473,215,,,mixed,210-270,215,Murray_b01
CAGCAGCTCCATGAGT-b01,3,0.037233002,260,,,mixed,210-270,260,Murray_b01
CAGCATAGTCTCTTTA-b01,10,0.15331282,345,Neuroblast_ASJ_AUA,ABalppppppp/ABpraaapppp,mixed,330-390,345,Murray_b01
CAGCGACAGACACTAA-b01,1,0.020683892,180,,,mixed,170-210,180,Murray_b01
CAGCGACGTCGTCTTC-b01,10,0.3267136,410,ASJ,ABalpppppppa/ABpraaappppa,mixed,390-450,410,Murray_b01
CAGCGACTCATTCACT-b01,9,0.21766356,435,ASE,ABalppppppaa/ABpraaapppaa,mixed,390-450,435,Murray_b01
CAGCTAAGTTGGTGGA-b01,5,0.09877082,300,ASK_parent,ABalpppappp/ABpraaaappp,mixed,270-330,300,Murray_b01
CAGCTGGCACCTCGTT-b01,1,0.031242687,175,,,mixed,170-210,175,Murray_b01
CAGTAACCAGTATGCT-b01,4,0.03762178,225,,,mixed,210-270,225,Murray_b01
CAGTAACTCACCCTCA-b01,14,0.15032601,405,ADF_AWB,,mixed,390-450,405,Murray_b01
CATATGGAGGTAAACT-b01,9,0.15276685,330,ASE_parent,ABalppppppa/ABpraaapppa,mixed,330-390,330,Murray_b01
CATATGGAGTAACCCT-b01,1,0.0052689803,165,,,mixed,130-170,165,Murray_b01
CATATTCGTATCACCA-b01,1,0.16531968,550,,,mixed,510-580,550,Murray_b01
CATATTCGTCCAAGTT-b01,12,0.29000512,370,ADL,ABalppppaad/ABpraaapaad,mixed,330-390,370,Murray_b01
CATCAAGGTAGCTAAA-b01,23,0.31113088,620,ASG,ABpxaapapap,mixed,580-650,620,Murray_b01
CATCCACCAGCCACCA-b01,20,0.74925625,550,ADL,ABalppppaad/ABpraaapaad,mixed,510-580,550,Murray_b01
CATCCACGTCTAGGTT-b01,14,0.2339534,550,ADF,ABalpppppaa/ABpraaappaa,mixed,510-580,550,Murray_b01
CATCGAAAGGGTTCCC-b01,22,0.44007343,700,ASEL,ABalppppppaa/ABpraaapppaa,mixed,> 650,700,Murray_b01
CATCGAAGTCCAAGTT-b01,13,0.5432339,700,ASH,ABpxpaappaa,mixed,> 650,700,Murray_b01
CATCGAATCATGTCCC-b01,9,0.10028599,325,ASE_parent,ABalppppppa/ABpraaapppa,mixed,270-330,325,Murray_b01
CATCGGGGTATGAATG-b01,6,0.12360309,490,ADF,ABalpppppaa/ABpraaappaa,mixed,450-510,490,Murray_b01
CATGACAAGTTAACGA-b01,1,0.01697767,550,AUA,ABalpppppppp/ABpraaappppp,mixed,510-580,550,Murray_b01
CATGACAGTAAGTGTA-b01,1,0.012492944,170,,ABpxaapap,mixed,170-210,170,Murray_b01
CATGCCTCACAGTCGC-b01,24,0.61421716,620,ASJ,ABalpppppppa/ABpraaappppa,mixed,580-650,620,Murray_b01
CATGGCGAGAATTGTG-b01,2,0.061401695,260,Neuroblast_ASE_ASJ_AUA,ABalpppppp/ABpraaappp,mixed,210-270,260,Murray_b01
CATTATCCACGTCTCT-b01,20,0.27877674,700,ADL,ABalppppaad/ABpraaapaad,mixed,> 650,700,Murray_b01
CATTATCTCCGCGGTA-b01,13,0.56964695,700,ASH,ABpxpaappaa,mixed,> 650,700,Murray_b01
CCAATCCTCCAGAAGG-b01,1,0.012708217,170,,ABalppppp/ABpraaapp,mixed,170-210,170,Murray_b01
CCACCTAAGCTCTCGG-b01,23,0.24891628,510,ASG,ABpxaapapap,mixed,510-580,510,Murray_b01
CCACCTAAGTGAAGAG-b01,15,0.10180359,300,ASI_parent,ABpxaapappp,mixed,270-330,300,Murray_b01
CCACCTACAGGTGCCT-b01,1,0.008312848,160,,,mixed,130-170,160,Murray_b01
CCACCTATCAGCTGGC-b01,1,0.014883171,170,,,mixed,170-210,170,Murray_b01
CCACCTATCCTGTACC-b01,6,0.092027254,595,AWC_ON,ABpxpapapp,mixed,580-650,595,Murray_b01
CCAGCGAAGGAATGGA-b01,24,0.8874218,700,ASJ,ABalpppppppa/ABpraaappppa,mixed,> 650,700,Murray_b01
CCAGCGACATGTCGAT-b01,19,0.22274907,620,AWA,ABpxaapapaa,mixed,580-650,620,Murray_b01
CCATGTCAGCAAATCA-b01,5,0.11692302,360,,,mixed,330-390,360,Murray_b01
CCATGTCTCACTTATC-b01,1,0.010804749,165,,,mixed,130-170,165,Murray_b01
CCCAATCAGCGTGTCC-b01,4,0.047100466,215,,,mixed,210-270,215,Murray_b01
CCCAGTTCACCCATGG-b01,13,0.19540904,420,AWB,ABalpppppap/ABpraaappap,mixed,390-450,420,Murray_b01
CCCATACCACCAGCAC-b01,9,0.12066046,335,ASE_parent,ABalppppppa/ABpraaapppa,mixed,330-390,335,Murray_b01
CCCATACCACGGCCAT-b01,12,0.30731586,415,ASE,ABalppppppaa/ABpraaapppaa,mixed,390-450,415,Murray_b01
CCCATACGTTACGTCA-b01,10,0.15094604,340,Neuroblast_ASJ_AUA,ABalppppppp/ABpraaapppp,mixed,330-390,340,Murray_b01
CCCTCCTCAATCAGAA-b01,1,0.00640719,165,,ABpraaa/ABalppp,mixed,130-170,165,Murray_b01
CCGGGATGTAGCACGA-b01,4,0.055669606,240,,,mixed,210-270,240,Murray_b01
CCGTTCATCATCTGCC-b01,12,0.2824708,380,ADL,ABalppppaad/ABpraaapaad,mixed,330-390,380,Murray_b01
CCGTTCATCTACTTAC-b01,23,0.3059186,640,ASG,ABpxaapapap,mixed,580-650,640,Murray_b01
CCTAAAGAGGACGAAA-b01,1,0.019497119,170,,,mixed,170-210,170,Murray_b01
CCTACACCACGGATAG-b01,10,0.18581319,345,Neuroblast_ASJ_AUA,ABalppppppp/ABpraaapppp,mixed,330-390,345,Murray_b01
CCTACCAAGTGCGATG-b01,9,0.124099635,320,ASE_parent,ABalppppppa/ABpraaapppa,mixed,270-330,320,Murray_b01
CCTACCATCCAAACTG-b01,20,0.7996594,640,ADL,ABalppppaad/ABpraaapaad,mixed,580-650,640,Murray_b01
CCTAGCTTCGGCATCG-b01,24,0.91052854,750,ASJ,ABalpppppppa/ABpraaappppa,mixed,> 650,750,Murray_b01
CCTATTAGTTGGTAAA-b01,24,0.6362916,640,ASJ,ABalpppppppa/ABpraaappppa,mixed,580-650,640,Murray_b01
CCTCTGAAGCGATATA-b01,20,0.49342334,700,ADL,ABalppppaad/ABpraaapaad,mixed,> 650,700,Murray_b01
CCTTCCCAGTGCGATG-b01,21,0.26701435,620,ASK,ABalpppapppa/ABpraaaapppa,mixed,580-650,620,Murray_b01
CCTTCCCTCATCGCTC-b01,1,0.01345661,170,,ABalppppa/ABpraaapa,mixed,170-210,170,Murray_b01
CCTTCGAGTCGCGGTT-b01,15,0.11064669,350,ASI_parent,ABpxaapappp,mixed,330-390,350,Murray_b01
CCTTTCTGTGACGGTA-b01,12,0.50176615,450,ADL,ABalppppaad/ABpraaapaad,mixed,450-510,450,Murray_b01
CGAACATCAGACAAAT-b01,1,0.019258374,200,,ABalpppppp/ABpraaappp,mixed,170-210,200,Murray_b01
CGAACATTCGCACTCT-b01,10,0.13949944,300,Neuroblast_ASJ_AUA,ABalppppppp/ABpraaapppp,mixed,270-330,300,Murray_b01
CGACCTTTCATGTCTT-b01,1,0.012079851,160,,,mixed,130-170,160,Murray_b01
CGACTTCCAGCTCGAC-b01,10,0.25743493,395,ASJ,ABalpppppppa/ABpraaappppa,mixed,390-450,395,Murray_b01
CGACTTCCAGGACCCT-b01,6,0.09412556,450,ASE,ABalppppppaa/ABpraaapppaa,mixed,450-510,450,Murray_b01
CGAGAAGCAAATTGCC-b01,1,0.022211844,175,,ABpxaapapa,mixed,170-210,175,Murray_b01
CGAGCACCATTAGCCA-b01,1,0.006945471,185,,,mixed,170-210,185,Murray_b01
CGAGCACGTTCTGAAC-b01,20,0.9405964,760,ADL,ABalppppaad/ABpraaapaad,mixed,> 650,760,Murray_b01
CGATCGGGTCAGAAGC-b01,12,0.33106747,385,ADL,ABalppppaad/ABpraaapaad,mixed,330-390,385,Murray_b01
CGATGGCGTTCGCGAC-b01,2,0.024953494,230,Neuroblast_ASE_ASJ_AUA,ABalpppppp/ABpraaappp,mixed,210-270,230,Murray_b01
CGATGTAGTATATCCG-b01,24,0.87191015,755,ASJ,ABalpppppppa/ABpraaappppa,mixed,> 650,755,Murray_b01
CGATGTATCCGTCATC-b01,22,0.4154216,700,ASEL,ABalppppppaa/ABpraaapppaa,mixed,> 650,700,Murray_b01
CGATTGAGTGGAAAGA-b01,1,0.04903,350,,,mixed,330-390,350,Murray_b01
CGATTGATCCTGTACC-b01,10,0.13616188,325,Neuroblast_ASJ_AUA,ABalppppppp/ABpraaapppp,mixed,270-330,325,Murray_b01
CGCGGTACACCTATCC-b01,20,0.9469744,755,ADL,ABalppppaad/ABpraaapaad,mixed,> 650,755,Murray_b01
CGCGGTACAGGATTGG-b01,10,0.17682736,310,ASE_parent,ABalppppppa/ABpraaapppa,mixed,270-330,310,Murray_b01
CGCGTTTAGGAACTGC-b01,12,0.2756889,380,ADL,ABalppppaad/ABpraaapaad,mixed,330-390,380,Murray_b01
CGCGTTTCATGGGACA-b01,12,0.34775248,380,ADL,ABalppppaad/ABpraaapaad,mixed,330-390,380,Murray_b01
CGCGTTTTCGTGGACC-b01,20,0.87025,700,ADL,ABalppppaad/ABpraaapaad,mixed,> 650,700,Murray_b01
CGCTATCAGAGGTACC-b01,1,0.0060642366,185,,,mixed,170-210,185,Murray_b01
CGCTATCCAATTCCTT-b01,1,0.0055747214,160,,,mixed,130-170,160,Murray_b01
CGCTATCTCATGTAGC-b01,15,0.13479418,360,ASI_parent,ABpxaapappp,mixed,330-390,360,Murray_b01
CGCTGGAAGTGTTTGC-b01,19,0.10740518,450,AWA,ABpxaapapaa,mixed,450-510,450,Murray_b01
CGCTGGACAATGGAGC-b01,1,0.039106715,640,ASER,ABalppppppaa/ABpraaapppaa,mixed,580-650,640,Murray_b01
CGGACACAGTATCTCG-b01,4,0.07205734,640,ASI,ABpxaapapppa,mixed,580-650,640,Murray_b01
CGGACACCACATTCGA-b01,13,0.51684403,550,ASH,ABpxpaappaa,mixed,510-580,550,Murray_b01
CGGACTGGTGGTACAG-b01,10,0.1369658,350,Neuroblast_ASJ_AUA,ABalppppppp/ABpraaapppp,mixed,330-390,350,Murray_b01
CGGAGCTGTCCATGAT-b01,1,0.010778862,170,,,mixed,170-210,170,Murray_b01
CGGAGTCCACGGATAG-b01,1,0.011441018,160,,ABalppppp/ABpraaapp,mixed,130-170,160,Murray_b01
CGGAGTCCATGGTCAT-b01,24,0.5583983,550,ASJ,ABalpppppppa/ABpraaappppa,mixed,510-580,550,Murray_b01
CGGAGTCCATGGTCTA-b01,9,0.13472626,345,ASE_parent,ABalppppppa/ABpraaapppa,mixed,330-390,345,Murray_b01
CGGAGTCGTTCCATGA-b01,19,0.096916266,375,Neuroblast_ASG_AWA,ABpxaapapa,mixed,330-390,375,Murray_b01
CGGCTAGAGGGCTTGA-b01,4,0.0446148,245,,ABpxpaaaa,mixed,210-270,245,Murray_b01
CGGGTCACAAGCTGGA-b01,6,0.07082507,250,Neuroblast_AFD_RMD,ABalpppapa/ABpraaaapa,mixed,210-270,250,Murray_b01
CGGGTCAGTTGGTGGA-b01,19,0.11213048,360,,,mixed,330-390,360,Murray_b01
CGGTTAATCGCCGTGA-b01,19,0.1715693,370,ASH,ABpxpaappaa,mixed,330-390,370,Murray_b01
CGTAGCGCACGGACAA-b01,5,0.10148668,290,,,mixed,270-330,290,Murray_b01
CGTAGCGGTCGAACAG-b01,10,0.10522634,300,Neuroblast_ASJ_AUA,ABalppppppp/ABpraaapppp,mixed,270-330,300,Murray_b01
CGTCACTCAAACCCAT-b01,4,0.03509891,465,,,mixed,450-510,465,Murray_b01
CGTCACTCAGGTCCAC-b01,0,0.58316,550,AFD,ABalpppapav/ABpraaaapav,mixed,510-580,550,Murray_b01
CGTCACTTCTTACCGC-b01,12,0.3416868,410,ADL,ABalppppaad/ABpraaapaad,mixed,390-450,410,Murray_b01
CGTCAGGCACGGACAA-b01,12,0.36466104,405,ADL,ABalppppaad/ABpraaapaad,mixed,390-450,405,Murray_b01
CGTCAGGTCCCAACGG-b01,6,0.11875548,490,AWB,ABalpppppap/ABpraaappap,mixed,450-510,490,Murray_b01
CGTCTACTCTAACCGA-b01,1,0.12373146,700,ASJ,ABalpppppppa/ABpraaappppa,mixed,> 650,700,Murray_b01
CGTGAGCCAAAGGCGT-b01,1,0.009089662,390,AFD,ABalpppapp/ABpraaaapp,mixed,390-450,390,Murray_b01
CGTGAGCCAATCACAC-b01,20,0.78343934,585,ADL,ABalppppaad/ABpraaapaad,mixed,580-650,585,Murray_b01
CGTGAGCTCGAGAACG-b01,24,0.86199594,700,ASJ,ABalpppppppa/ABpraaappppa,mixed,> 650,700,Murray_b01
CGTGAGCTCTTGTCAT-b01,1,0.014622981,170,,,mixed,170-210,170,Murray_b01
CGTGTAATCAACGGGA-b01,20,0.51398027,620,ADL,ABalppppaad/ABpraaapaad,mixed,580-650,620,Murray_b01
CGTGTCTAGGTCGGAT-b01,6,0.04017869,260,Neuroblast_AFD_RMD,ABalpppapa/ABpraaaapa,mixed,210-270,260,Murray_b01
CGTTAGAAGTACGATA-b01,12,0.5043967,450,ADL,ABalppppaad/ABpraaapaad,mixed,450-510,450,Murray_b01
CGTTAGACATCATCCC-b01,3,0.063288875,295,ASK_parent,ABalpppappp/ABpraaaappp,mixed,270-330,295,Murray_b01
CGTTCTGCATAACCTG-b01,18,0.607525,670,AWC,ABpxpaaaaap,mixed,> 650,670,Murray_b01
CGTTGGGGTCAATGTC-b01,14,0.17571044,415,ADF,ABalpppppaa/ABpraaappaa,mixed,390-450,415,Murray_b01
CTAACTTAGTGAAGAG-b01,13,0.46834448,640,ASH,ABpxpaappaa,mixed,580-650,640,Murray_b01
CTAAGACTCCGCGTTT-b01,12,0.2844591,350,ADL,ABalppppaad/ABpraaapaad,mixed,330-390,350,Murray_b01
CTAATGGCAGATCTGT-b01,1,0.009803408,170,,,mixed,170-210,170,Murray_b01
CTACACCAGCGATATA-b01,1,0.012416239,160,,,mixed,130-170,160,Murray_b01
CTACACCGTACATGTC-b01,9,0.12663911,300,ASE_parent,ABalppppppa/ABpraaapppa,mixed,270-330,300,Murray_b01
CTACATTCAAGCTGTT-b01,6,0.051381614,280,Neuroblast_AFD_RMD,ABalpppapa/ABpraaaapa,mixed,270-330,280,Murray_b01
CTACATTGTGTGCCTG-b01,18,0.21641012,635,ASEL,ABalppppppaa/ABpraaapppaa,mixed,580-650,635,Murray_b01
CTACCCACATGTTGAC-b01,10,0.32806033,450,ASJ,ABalpppppppa/ABpraaappppa,mixed,450-510,450,Murray_b01
CTACCCATCTTATCTG-b01,6,0.15624136,425,AWB,ABalpppppap/ABpraaappap,mixed,390-450,425,Murray_b01
CTACGTCTCAAGGTAA-b01,0,0.30177906,430,AFD,ABalpppapav/ABpraaaapav,mixed,390-450,430,Murray_b01
CTACGTCTCCCGGATG-b01,12,0.36533886,405,ADL,ABalppppaad/ABpraaapaad,mixed,390-450,405,Murray_b01
CTAGCCTAGGTCATCT-b01,15,0.3425696,625,ASI,ABpxaapapppa,mixed,580-650,625,Murray_b01
CTAGCCTCATAACCTG-b01,1,0.011246099,170,,,mixed,170-210,170,Murray_b01
CTAGCCTGTAGGGACT-b01,12,0.31592909,490,ADL,ABalppppaad/ABpraaapaad,mixed,450-510,490,Murray_b01
CTAGTGAGTCCGCTGA-b01,1,0.02565137,260,,ABalpppapp/ABpraaaapp,mixed,210-270,260,Murray_b01
CTCAGAACATTCACTT-b01,1,0.008900459,165,,,mixed,130-170,165,Murray_b01
CTCAGAAGTGAACCTT-b01,19,0.2106808,550,AWA,ABpxaapapaa,mixed,510-580,550,Murray_b01
CTCATTAAGGTGTGGT-b01,1,0.038144846,160,,,mixed,130-170,160,Murray_b01
CTCATTACAAGCGTAG-b01,1,0.0048448024,160,,ABalpppap/ABpraaaap,mixed,130-170,160,Murray_b01
CTCATTAGTGAGCGAT-b01,18,0.56325936,640,AWC,ABpxpaaaaap,mixed,580-650,640,Murray_b01
CTCGAGGCAAGCGTAG-b01,10,0.28437,415,ASJ,ABalpppppppa/ABpraaappppa,mixed,390-450,415,Murray_b01
CTCGAGGTCACCTCGT-b01,21,0.66296184,640,ASK,ABalpppapppa/ABpraaaapppa,mixed,580-650,640,Murray_b01
CTCGGAGAGCTCAACT-b01,17,0.1567259,400,ADF_AWB,,mixed,390-450,400,Murray_b01
CTCGGAGTCACTCCTG-b01,13,0.15556663,380,ASH,ABpxpaappaa,mixed,330-390,380,Murray_b01
CTCGGGACACGTCAGC-b01,0,0.70519555,700,AFD,ABalpppapav/ABpraaaapav,mixed,> 650,700,Murray_b01
CTCGGGATCCCAAGTA-b01,1,0.010595033,170,,ABpxaapapa,mixed,170-210,170,Murray_b01
CTCGTACCATGCCACG-b01,9,0.13711397,320,ASE_parent,ABalppppppa/ABpraaapppa,mixed,270-330,320,Murray_b01
CTCGTCACAGCGATCC-b01,19,0.14341268,470,AWA,ABpxaapapaa,mixed,450-510,470,Murray_b01
CTCGTCACAGCTTCGG-b01,18,0.6238933,700,AWC,ABpxpaaaaap,mixed,> 650,700,Murray_b01
CTCTACGCAAGAAAGG-b01,6,0.035649918,260,Neuroblast_AFD_RMD,ABalpppapa/ABpraaaapa,mixed,210-270,260,Murray_b01
CTCTGGTAGTTCGCAT-b01,1,0.0083670085,170,,,mixed,170-210,170,Murray_b01
CTCTGGTTCTCAACTT-b01,1,0.016583461,190,,ABalppppp/ABpraaapp,mixed,170-210,190,Murray_b01
CTGAAGTTCGGTTAAC-b01,9,0.11553809,320,ASE_parent,ABalppppppa/ABpraaapppa,mixed,270-330,320,Murray_b01
CTGATAGCAAAGGCGT-b01,18,0.6010156,670,AWC,ABpxpaaaaap,mixed,> 650,670,Murray_b01
CTGCCTACACTGTTAG-b01,12,0.20986013,350,ADL,ABalppppaad/ABpraaapaad,mixed,330-390,350,Murray_b01
CTGCCTAGTCCGCTGA-b01,10,0.09806247,295,Neuroblast_ASJ_AUA,ABalppppppp/ABpraaapppp,mixed,270-330,295,Murray_b01
CTGCTGTCAGGCTCAC-b01,13,0.19066949,415,AWB,ABalpppppap/ABpraaappap,mixed,390-450,415,Murray_b01
CTGCTGTGTAAACGCG-b01,9,0.13056459,310,ASE_parent,ABalppppppa/ABpraaapppa,mixed,270-330,310,Murray_b01
CTGCTGTTCTGATTCT-b01,12,0.34571293,450,ADL,ABalppppaad/ABpraaapaad,mixed,450-510,450,Murray_b01
CTGTGCTAGACTTTCG-b01,1,0.015270518,170,,,mixed,170-210,170,Murray_b01
CTGTGCTAGCGGCTTC-b01,0,0.67235774,585,AFD,ABalpppapav/ABpraaaapav,mixed,580-650,585,Murray_b01
CTGTGCTCACGAAATA-b01,1,0.014612064,175,,ABalpppppp/ABpraaappp,mixed,170-210,175,Murray_b01
CTGTTTAGTAATAGCA-b01,15,0.09045785,300,ASI_parent,ABpxaapappp,mixed,270-330,300,Murray_b01
CTTAACTAGTACACCT-b01,1,0.02048366,185,,,mixed,170-210,185,Murray_b01
CTTAACTAGTGCGATG-b01,1,0.020799017,175,,,mixed,170-210,175,Murray_b01
CTTACCGCAGATGGGT-b01,1,0.021275055,170,,,mixed,170-210,170,Murray_b01
CTTACCGGTTCGAATC-b01,10,0.3910236,470,ASJ,ABalpppppppa/ABpraaappppa,mixed,450-510,470,Murray_b01
CTTAGGACACGCCAGT-b01,13,0.33747423,490,ASH,ABpxpaappaa,mixed,450-510,490,Murray_b01
CTTAGGACATGTAGTC-b01,20,0.8970191,760,ADL,ABalppppaad/ABpraaapaad,mixed,> 650,760,Murray_b01
CTTAGGATCTGGCGAC-b01,1,0.009579994,180,,ABalppppa/ABpraaapa,mixed,170-210,180,Murray_b01
CTTCTCTCATCCGCGA-b01,10,0.22065894,350,ASJ,ABalpppppppa/ABpraaappppa,mixed,330-390,350,Murray_b01
CTTCTCTGTAGAGCTG-b01,23,0.32647753,640,ASG,ABpxaapapap,mixed,580-650,640,Murray_b01
CTTCTCTTCCGTCAAA-b01,0,0.59277624,620,AFD,ABalpppapav/ABpraaaapav,mixed,580-650,620,Murray_b01
CTTGGCTTCATTCACT-b01,9,0.21319532,420,ASE,ABalppppppaa/ABpraaapppaa,mixed,390-450,420,Murray_b01
CTTTGCGAGAAGGGTA-b01,1,0.013157285,185,,ABalppppp/ABpraaapp,mixed,170-210,185,Murray_b01
CTTTGCGTCACGACTA-b01,20,0.8051764,700,ADL,ABalppppaad/ABpraaapaad,mixed,> 650,700,Murray_b01
CTTTGCGTCATAACCG-b01,1,0.058266558,490,ASK,ABalpppapppa/ABpraaaapppa,mixed,450-510,490,Murray_b01
GAAACTCAGACCTAGG-b01,20,0.6474611,520,ADL,ABalppppaad/ABpraaapaad,mixed,510-580,520,Murray_b01
GAAATGAAGGCCCTCA-b01,4,0.051144537,270,,,mixed,270-330,270,Murray_b01
GAACATCAGAGCTTCT-b01,10,0.27142188,390,ASJ,ABalpppppppa/ABpraaappppa,mixed,390-450,390,Murray_b01
GAACATCGTCTAACGT-b01,20,0.74536175,585,ADL,ABalppppaad/ABpraaapaad,mixed,580-650,585,Murray_b01
GAACCTATCCCTGACT-b01,1,0.020813582,160,,,mixed,130-170,160,Murray_b01
GAACCTATCGCATGAT-b01,10,0.1264962,300,Neuroblast_ASJ_AUA,ABalppppppp/ABpraaapppp,mixed,270-330,300,Murray_b01
GAACCTATCGGATGGA-b01,20,0.9234223,755,ADL,ABalppppaad/ABpraaapaad,mixed,> 650,755,Murray_b01
GAAGCAGCAGATTGCT-b01,14,0.17658661,700,ADF,ABalpppppaa/ABpraaappaa,mixed,> 650,700,Murray_b01
GAAGCAGGTTTGGGCC-b01,12,0.3255841,400,ADL,ABalppppaad/ABpraaapaad,mixed,390-450,400,Murray_b01
GAATAAGAGAGGTAGA-b01,1,0.015926804,260,Neuroblast_AFD_RMD,ABalpppapa/ABpraaaapa,mixed,210-270,260,Murray_b01
GAATGAACAAATTGCC-b01,0,0.6925916,700,AFD,ABalpppapav/ABpraaaapav,mixed,> 650,700,Murray_b01
GACACGCTCATACGGT-b01,24,0.66186345,630,ASJ,ABalpppppppa/ABpraaappppa,mixed,580-650,630,Murray_b01
GACAGAGCAAGCGTAG-b01,24,0.9120883,700,ASJ,ABalpppppppa/ABpraaappppa,mixed,> 650,700,Murray_b01
GACAGAGCACGAAACG-b01,9,0.1475179,345,ASE_parent,ABalppppppa/ABpraaapppa,mixed,330-390,345,Murray_b01
GACAGAGGTTCGAATC-b01,9,0.22151837,490,ASE,ABalppppppaa/ABpraaapppaa,mixed,450-510,490,Murray_b01
GACAGAGTCGTCTGCT-b01,1,0.016822463,180,,,mixed,170-210,180,Murray_b01
GACCAATAGAGTACCG-b01,20,0.7929867,620,ADL,ABalppppaad/ABpraaapaad,mixed,580-650,620,Murray_b01
GACCAATTCACTGGGC-b01,17,0.22958842,635,AWB,ABalpppppap/ABpraaappap,mixed,580-650,635,Murray_b01
GACGTGCGTCCAGTTA-b01,20,0.64912504,550,ADL,ABalppppaad/ABpraaapaad,mixed,510-580,550,Murray_b01
GACGTTACAAATCCGT-b01,4,0.020516107,220,,,mixed,210-270,220,Murray_b01
GACGTTACAGACAAGC-b01,10,0.19471045,370,,,mixed,330-390,370,Murray_b01
GACTACAGTGGTCTCG-b01,1,0.009360789,170,,,mixed,170-210,170,Murray_b01
GACTACATCACGCGGT-b01,5,0.11074606,335,ASK_parent,ABalpppappp/ABpraaaappp,mixed,330-390,335,Murray_b01
GACTACATCAGCGATT-b01,9,0.14724536,335,ASE_parent,ABalppppppa/ABpraaapppa,mixed,330-390,335,Murray_b01
GACTACATCTCCTATA-b01,12,0.37197864,410,ADL,ABalppppaad/ABpraaapaad,mixed,390-450,410,Murray_b01
GACTGCGAGATCCCAT-b01,4,0.044619344,260,,,mixed,210-270,260,Murray_b01
GACTGCGAGGGCTTCC-b01,16,0.33067554,550,ASI,ABpxaapapppa,mixed,510-580,550,Murray_b01
GACTGCGAGTTAGGTA-b01,14,0.09340827,350,ADF_AWB,,mixed,330-390,350,Murray_b01
GACTGCGGTCGCTTCT-b01,24,0.44136462,490,ASJ,ABalpppppppa/ABpraaappppa,mixed,450-510,490,Murray_b01
GAGCAGAAGCTACCTA-b01,2,0.023837077,290,,ABalpppppp/ABpraaappp,mixed,270-330,290,Murray_b01
GAGCAGAAGGAGCGTT-b01,15,0.15493977,380,ASI_parent,ABpxaapappp,mixed,330-390,380,Murray_b01
GAGGTGAAGATGTTAG-b01,19,0.14086384,380,AWA,ABpxaapapaa,mixed,330-390,380,Murray_b01
GAGGTGATCGTAGGTT-b01,21,0.531405,500,ASK,ABalpppapppa/ABpraaaapppa,mixed,450-510,500,Murray_b01
GATCAGTAGATCCCGC-b01,14,0.10068914,370,ADF_AWB,,mixed,330-390,370,Murray_b01
GATCAGTGTGACTCAT-b01,21,0.40892074,490,ASK,ABalpppapppa/ABpraaaapppa,mixed,450-510,490,Murray_b01
GATCGATCAATCAGAA-b01,23,0.17631286,630,AWB,ABalpppppap/ABpraaappap,mixed,580-650,630,Murray_b01
GATCGTACAACTTGAC-b01,3,0.057475127,490,AWA,ABpxaapapaa,mixed,450-510,490,Murray_b01
GATCTAGCACCGAATT-b01,12,0.17583926,380,ADL,ABalppppaad/ABpraaapaad,mixed,330-390,380,Murray_b01
GATGAGGAGACAGACC-b01,9,0.13645002,320,ASE_parent,ABalppppppa/ABpraaapppa,mixed,270-330,320,Murray_b01
GATGAGGTCTACCAGA-b01,1,0.008423955,170,,ABalppppa/ABpraaapa,mixed,170-210,170,Murray_b01
GATGCTAGTCGGCATC-b01,1,0.017735949,175,,ABpxaapapa,mixed,170-210,175,Murray_b01
GATTCAGCACGAGGTA-b01,1,0.019773578,170,,,mixed,170-210,170,Murray_b01
GCAAACTAGTAGCCGA-b01,21,0.48126402,500,ASK,ABalpppapppa/ABpraaaapppa,mixed,450-510,500,Murray_b01
GCAAACTGTGGAAAGA-b01,12,0.3252997,450,ADL,ABalppppaad/ABpraaapaad,mixed,450-510,450,Murray_b01
GCAAACTGTTGTACAC-b01,24,0.90183914,750,ASJ,ABalpppppppa/ABpraaappppa,mixed,> 650,750,Murray_b01
GCAATCATCCCTCAGT-b01,18,0.20369628,450,AWC,ABpxpaaaaap,mixed,450-510,450,Murray_b01
GCACATAAGCCCAATT-b01,10,0.29512018,420,ASJ,ABalpppppppa/ABpraaappppa,mixed,390-450,420,Murray_b01
GCACATACACCAGTTA-b01,0,0.730664,700,AFD,ABalpppapav/ABpraaaapav,mixed,> 650,700,Murray_b01
GCACTCTTCCCGGATG-b01,5,0.11630229,325,ASK_parent,ABalpppappp/ABpraaaappp,mixed,270-330,325,Murray_b01
GCAGCCAAGAAGGACA-b01,21,0.6591958,670,ASK,ABalpppapppa/ABpraaaapppa,mixed,> 650,670,Murray_b01
GCAGCCAGTTCCGTCT-b01,17,0.2125521,620,AWB,ABalpppppap/ABpraaappap,mixed,580-650,620,Murray_b01
GCAGCCATCAGCGATT-b01,23,0.2028058,585,ASG,ABpxaapapap,mixed,580-650,585,Murray_b01
GCAGTTACAAGAGGCT-b01,12,0.2972792,360,ADL,ABalppppaad/ABpraaapaad,mixed,330-390,360,Murray_b01
GCAGTTACATGAGCGA-b01,9,0.15465687,310,ASE_parent,ABalppppppa/ABpraaapppa,mixed,270-330,310,Murray_b01
GCATACAAGGTAAACT-b01,6,0.123298265,640,AWA,ABpxaapapaa,mixed,580-650,640,Murray_b01
GCATGATAGTTGTAGA-b01,5,0.14301328,360,ASK_parent,ABalpppappp/ABpraaaappp,mixed,330-390,360,Murray_b01
GCATGATGTTTGACTG-b01,4,0.040232528,245,,,mixed,210-270,245,Murray_b01
GCATGTACACCCATGG-b01,9,0.2211307,450,ASE,ABalppppppaa/ABpraaapppaa,mixed,450-510,450,Murray_b01
GCCAAATCATGGATGG-b01,3,0.05413806,310,,,mixed,270-330,310,Murray_b01
GCCTCTAAGCGTAATA-b01,20,0.7356061,550,ADL,ABalppppaad/ABpraaapaad,mixed,510-580,550,Murray_b01
GCCTCTACATGGTAGG-b01,12,0.36293593,450,ADL,ABalppppaad/ABpraaapaad,mixed,450-510,450,Murray_b01
GCGACCAGTAGCTTGT-b01,1,0.018478071,165,,ABarpapap/ABplaaaap,mixed,130-170,165,Murray_b01
GCGAGAACAAGCCGCT-b01,17,0.22161174,620,AWB,ABalpppppap/ABpraaappap,mixed,580-650,620,Murray_b01
GCGAGAACACCAGATT-b01,12,0.36353534,410,ADL,ABalppppaad/ABpraaapaad,mixed,390-450,410,Murray_b01
GCGAGAATCTGTTTGT-b01,1,0.011726537,190,,ABpxaapap,mixed,170-210,190,Murray_b01
GCGCAGTTCCGCTGTT-b01,21,0.48087212,550,ASK,ABalpppapppa/ABpraaaapppa,mixed,510-580,550,Murray_b01
GCTCCTAAGCCGGTAA-b01,1,0.0129277725,180,,,mixed,170-210,180,Murray_b01
GCTCCTATCTCCTATA-b01,16,0.40800837,620,ASI,ABpxaapapppa,mixed,580-650,620,Murray_b01
GCTCTGTTCCAACCAA-b01,18,0.3537984,450,AWC,ABpxpaaaaap,mixed,450-510,450,Murray_b01
GCTGCAGCAGCGATCC-b01,1,0.0053088926,190,,ABpxaapap,mixed,170-210,190,Murray_b01
GCTGCGACACGGCCAT-b01,17,0.1427334,620,AWB,ABalpppppap/ABpraaappap,mixed,580-650,620,Murray_b01
GCTGCTTTCACTATTC-b01,20,0.90574163,750,ADL,ABalppppaad/ABpraaapaad,mixed,> 650,750,Murray_b01
GCTGGGTAGGTGACCA-b01,18,0.26589555,430,AWC,ABpxpaaaaap,mixed,390-450,430,Murray_b01
GCTTCCAAGGGATACC-b01,12,0.35562792,450,ADL,ABalppppaad/ABpraaapaad,mixed,450-510,450,Murray_b01
GCTTGAAAGTCTCCTC-b01,13,0.15535304,380,ASH,ABpxpaappaa,mixed,330-390,380,Murray_b01
GCTTGAACACGGACAA-b01,4,0.0466913,260,,,mixed,210-270,260,Murray_b01
GCTTGAACACTTAAGC-b01,9,0.13312471,325,ASE_parent,ABalppppppa/ABpraaapppa,mixed,270-330,325,Murray_b01
GCTTGAAGTAATCACC-b01,16,0.39961833,530,ASI,ABpxaapapppa,mixed,510-580,530,Murray_b01
GCTTGAAGTTCGGGCT-b01,18,0.18041044,420,AWC,ABpxpaaaaap,mixed,390-450,420,Murray_b01
GGAAAGCGTCATGCCG-b01,6,0.08428888,750,AWC_ON,ABpxpapap,mixed,> 650,750,Murray_b01
GGAAAGCTCATAAAGG-b01,4,0.0521368,240,,,mixed,210-270,240,Murray_b01
GGAACTTAGAAGCCCA-b01,19,0.09503365,420,AWA,ABpxaapapaa,mixed,390-450,420,Murray_b01
GGAACTTAGATGGGTC-b01,1,0.011600924,200,,ABalppppap/ABpraaapap,mixed,170-210,200,Murray_b01
GGAACTTAGGTAGCTG-b01,4,0.045635995,390,AWA,ABalapxpaa,mixed,390-450,390,Murray_b01
GGAATAACATGAGCGA-b01,15,0.10074647,350,,,mixed,330-390,350,Murray_b01
GGAATAATCTTAGCCC-b01,20,0.7041225,550,ADL,ABalppppaad/ABpraaapaad,mixed,510-580,550,Murray_b01
GGACAAGTCCCTCTTT-b01,10,0.1759464,350,ASI_parent,ABpxaapappp,mixed,330-390,350,Murray_b01
GGACATTAGCGGATCA-b01,20,0.82400954,620,ADL,ABalppppaad/ABpraaapaad,mixed,580-650,620,Murray_b01
GGACATTTCGATGAGG-b01,9,0.14666404,345,ASE_parent,ABalppppppa/ABpraaapppa,mixed,330-390,345,Murray_b01
GGACGTCAGTCCTCCT-b01,20,0.7804612,640,ADL,ABalppppaad/ABpraaapaad,mixed,580-650,640,Murray_b01
GGACGTCTCATGTCTT-b01,18,0.15706031,390,AFD,ABalpppapav/ABpraaaapav,mixed,390-450,390,Murray_b01
GGACGTCTCCACGTTC-b01,1,0.0106749,170,,,mixed,170-210,170,Murray_b01
GGAGCAAGTACCGAGA-b01,12,0.43178785,440,ADL,ABalppppaad/ABpraaapaad,mixed,390-450,440,Murray_b01
GGCAATTCAATAGAGT-b01,4,0.07752525,220,,,mixed,210-270,220,Murray_b01
GGCCGATCAGGGCATA-b01,9,0.13401714,320,ASE_parent,ABalppppppa/ABpraaapppa,mixed,270-330,320,Murray_b01
GGCGACTTCCCTCTTT-b01,14,0.15441112,410,ADF_AWB,,mixed,390-450,410,Murray_b01
GGCGACTTCTATCCTA-b01,20,0.72704047,550,ADL,ABalppppaad/ABpraaapaad,mixed,510-580,550,Murray_b01
GGCGACTTCTTGCCGT-b01,21,0.45093742,500,ASK,ABalpppapppa/ABpraaaapppa,mixed,450-510,500,Murray_b01
GGCGTGTGTCAGATAA-b01,23,0.30944157,620,ASG,ABpxaapapap,mixed,580-650,620,Murray_b01
GGCGTGTTCAAAGTAG-b01,19,0.15200225,420,,,mixed,390-450,420,Murray_b01
GGCTCGATCATCATTC-b01,0,0.64914715,530,AFD,ABalpppapav/ABpraaaapav,mixed,510-580,530,Murray_b01
GGCTCGATCGAACGGA-b01,13,0.24643426,425,ASH,ABpxpaappaa,mixed,390-450,425,Murray_b01
GGCTCGATCTTCGAGA-b01,20,0.9080401,750,ADL,ABalppppaad/ABpraaapaad,mixed,> 650,750,Murray_b01
GGGAATGAGCTGCGAA-b01,6,0.079866104,470,ASE,ABalppppppaa/ABpraaapppaa,mixed,450-510,470,Murray_b01
GGGACCTGTACAAGTA-b01,6,0.040820368,230,,ABpxpaaaa,mixed,210-270,230,Murray_b01
GGGACCTTCATGTAGC-b01,10,0.11915296,320,Neuroblast_ASJ_AUA,ABalppppppp/ABpraaapppp,mixed,270-330,320,Murray_b01
GGGAGATGTTATCCGA-b01,1,0.008492479,165,,,mixed,130-170,165,Murray_b01
GGGATGAGTTCGAATC-b01,6,0.04470783,290,Neuroblast_AFD_RMD,ABalpppapa/ABpraaaapa,mixed,270-330,290,Murray_b01
GGGATGATCTACTTAC-b01,22,0.429298,725,ASER,ABalppppppaa/ABpraaapppaa,mixed,> 650,725,Murray_b01
GGGCACTTCAGCTTAG-b01,23,0.22449838,500,ASG,ABpxaapapap,mixed,450-510,500,Murray_b01
GGGCATCGTTGTCTTT-b01,1,0.0058079045,185,,ABpxapappp,mixed,170-210,185,Murray_b01
GGGCATCTCTGTGCAA-b01,21,0.63490325,640,ASK,ABalpppapppa/ABpraaaapppa,mixed,580-650,640,Murray_b01
GGTGAAGCACCCATGG-b01,4,0.05583549,260,,,mixed,210-270,260,Murray_b01
GGTGCGTTCCATGCTC-b01,1,0.009963419,160,,ABpraaa/ABalppp,mixed,130-170,160,Murray_b01
GGTGTTACATAGGATA-b01,9,0.24620713,435,ASE,ABalppppppaa/ABpraaapppaa,mixed,390-450,435,Murray_b01
GTAACGTAGCAGCCTC-b01,1,0.021636581,165,,,mixed,130-170,165,Murray_b01
GTAACGTGTATCTGCA-b01,13,0.18582189,375,ASH,ABpxpaappaa,mixed,330-390,375,Murray_b01
GTAACTGGTCCAGTGC-b01,1,0.008256889,165,,ABalppppp/ABpraaapp,mixed,130-170,165,Murray_b01
GTACGTACAAGTACCT-b01,1,0.010326266,185,,ABalppppp/ABpraaapp,mixed,170-210,185,Murray_b01
GTACTTTAGGCTATCT-b01,21,0.34337017,510,ASK,ABalpppapppa/ABpraaaapppa,mixed,510-580,510,Murray_b01
GTAGGCCGTCTAGCCG-b01,20,0.7021142,550,ADL,ABalppppaad/ABpraaapaad,mixed,510-580,550,Murray_b01
GTAGTCAAGAATGTGT-b01,19,0.26264742,550,AWA,ABpxaapapaa,mixed,510-580,550,Murray_b01
GTAGTCACATTTCAGG-b01,1,0.006166533,170,,,mixed,170-210,170,Murray_b01
GTAGTCATCTGAGGGA-b01,12,0.58649087,470,ADL,ABalppppaad/ABpraaapaad,mixed,450-510,470,Murray_b01
GTATCTTAGGGAAACA-b01,12,0.31491682,380,ADL,ABalppppaad/ABpraaapaad,mixed,330-390,380,Murray_b01
GTATCTTGTGAAAGAG-b01,10,0.25665587,400,ASJ,ABalpppppppa/ABpraaappppa,mixed,390-450,400,Murray_b01
GTATTCTTCCAGGGCT-b01,18,0.5719482,620,AWC,ABpxpaaaaap,mixed,580-650,620,Murray_b01
GTATTCTTCGGCGCTA-b01,20,0.81056845,640,ADL,ABalppppaad/ABpraaapaad,mixed,580-650,640,Murray_b01
GTCAAGTTCTTGAGAC-b01,23,0.3038964,620,ASG,ABpxaapapap,mixed,580-650,620,Murray_b01
GTCACAAAGCACACAG-b01,1,0.0069033545,170,,,mixed,170-210,170,Murray_b01
GTCACAATCGCGTTTC-b01,1,0.038795047,190,,,mixed,170-210,190,Murray_b01
GTCACGGGTAGCGATG-b01,20,0.64028496,520,ADL,ABalppppaad/ABpraaapaad,mixed,510-580,520,Murray_b01
GTCATTTGTACCGTTA-b01,1,0.0071892166,160,,ABalppppp/ABpraaapp,mixed,130-170,160,Murray_b01
GTCCTCACACAAGCCC-b01,1,0.018615711,185,,,mixed,170-210,185,Murray_b01
GTCCTCAGTAAGGGCT-b01,0,0.68008435,670,AFD,ABalpppapav/ABpraaaapav,mixed,> 650,670,Murray_b01
GTCGTAAGTCTAAACC-b01,13,0.5220057,700,ASH,ABpxpaappaa,mixed,> 650,700,Murray_b01
GTCTCGTCAGACGCCT-b01,6,0.082755335,405,,,mixed,390-450,405,Murray_b01
GTCTCGTTCGAGAACG-b01,1,0.019167785,470,ASJ,ABalpppppppa/ABpraaappppa,mixed,450-510,470,Murray_b01
GTCTTCGCAAGGCTCC-b01,13,0.4607355,490,ASH,ABpxpaappaa,mixed,450-510,490,Murray_b01
GTCTTCGTCTATCGCC-b01,0,0.3144255,420,AFD,ABalpppapav/ABpraaaapav,mixed,390-450,420,Murray_b01
GTGAAGGAGCTAAGAT-b01,3,0.018676586,440,AWC,ABpxpaaaaap,mixed,390-450,440,Murray_b01
GTGAAGGTCAGTTGAC-b01,9,0.15202266,350,ASE_parent,ABalppppppa/ABpraaapppa,mixed,330-390,350,Murray_b01
GTGAAGGTCCTACAGA-b01,15,0.11130218,375,ASI_parent,ABpxaapappp,mixed,330-390,375,Murray_b01
GTGCAGCAGAATTCCC-b01,0,0.2914502,380,AFD,ABalpppapav/ABpraaaapav,mixed,330-390,380,Murray_b01
GTGCATACAAGTCATC-b01,15,0.11131804,340,ASI_parent,ABpxaapappp,mixed,330-390,340,Murray_b01
GTGCATATCTTGTATC-b01,6,0.02607525,285,,ABpxpaapp,mixed,270-330,285,Murray_b01
GTGCGGTAGCGTAATA-b01,19,0.25314188,670,AWA,ABpxaapapaa,mixed,> 650,670,Murray_b01
GTGCGGTTCTGTACGA-b01,23,0.27409342,625,ASG,ABpxaapapap,mixed,580-650,625,Murray_b01
GTGCTTCAGCGCTTAT-b01,18,0.17384343,260,,,mixed,210-270,260,Murray_b01
GTGGGTCTCGGCGGTT-b01,4,0.04703369,230,,,mixed,210-270,230,Murray_b01
GTGTGCGAGTGTTAGA-b01,1,0.012731735,185,,,mixed,170-210,185,Murray_b01
GTGTTAGCACCTATCC-b01,13,0.35486805,470,ASH,ABpxpaappaa,mixed,450-510,470,Murray_b01
GTGTTAGCACGCCAGT-b01,18,0.5909075,700,AWC,ABpxpaaaaap,mixed,> 650,700,Murray_b01
GTGTTAGCATACCATG-b01,1,0.013038406,180,,,mixed,170-210,180,Murray_b01
GTTAAGCCAAGCCATT-b01,15,0.11599216,350,ASI_parent,ABpxaapappp,mixed,330-390,350,Murray_b01
GTTCATTGTCTCCACT-b01,13,0.5036085,630,ASH,ABpxpaappaa,mixed,580-650,630,Murray_b01
GTTCTCGGTCCAGTGC-b01,21,0.53417754,585,ASK,ABalpppapppa/ABpraaaapppa,mixed,580-650,585,Murray_b01
GTTCTCGTCTCGATGA-b01,12,0.30770713,520,ADL,ABalppppaad/ABpraaapaad,mixed,510-580,520,Murray_b01
TAAGAGAGTCCTCTTG-b01,4,0.02378509,230,,,mixed,210-270,230,Murray_b01
TAAGAGATCGATCCCT-b01,6,0.117579274,620,AWC,ABpxpaaaaap,mixed,580-650,620,Murray_b01
TAAGCGTAGCGAAGGG-b01,1,0.01704991,170,,,mixed,170-210,170,Murray_b01
TAAGCGTTCAGAGACG-b01,10,0.33873463,410,ASJ,ABalpppppppa/ABpraaappppa,mixed,390-450,410,Murray_b01
TAAGTGCCATACGCCG-b01,12,0.47640854,440,ADL,ABalppppaad/ABpraaapaad,mixed,390-450,440,Murray_b01
TAAGTGCGTAACGACG-b01,4,0.04307428,245,,ABalppappa/ABarappppa,mixed,210-270,245,Murray_b01
TAAGTGCTCATTTGGG-b01,1,0.020838605,170,,ABalppppaa/ABpraaapaa,mixed,170-210,170,Murray_b01
TAAGTGCTCGTAGGAG-b01,15,0.13413054,380,ASI_parent,ABpxaapappp,mixed,330-390,380,Murray_b01
TACACGACAGACGCAA-b01,9,0.121974394,320,ASE_parent,ABalppppppa/ABpraaapppa,mixed,270-330,320,Murray_b01
TACAGTGTCGAGCCCA-b01,24,0.9161013,760,ASJ,ABalpppppppa/ABpraaappppa,mixed,> 650,760,Murray_b01
TACCTATCAATCAGAA-b01,15,0.16551034,440,ASI,ABpxaapapppa,mixed,390-450,440,Murray_b01
TACCTATGTAGAAGGA-b01,24,0.8512087,670,ASJ,ABalpppppppa/ABpraaappppa,mixed,> 650,670,Murray_b01
TACCTATGTTATGTGC-b01,3,0.028736174,275,,,mixed,270-330,275,Murray_b01
TACCTATTCACCTTAT-b01,9,0.24815205,420,ASE,ABalppppppaa/ABpraaapppaa,mixed,390-450,420,Murray_b01
TACGGGCGTACAGCAG-b01,14,0.26283097,550,ADF,ABalpppppaa/ABpraaappaa,mixed,510-580,550,Murray_b01
TACGGTAGTAAGCACG-b01,15,0.16321453,410,ASI,ABpxaapapppa,mixed,390-450,410,Murray_b01
TACGGTATCCTAAGTG-b01,18,0.5074677,750,AWC_ON,,mixed,> 650,750,Murray_b01
TACTCATGTTGCGCAC-b01,13,0.44577453,550,ASH,ABpxpaappaa,mixed,510-580,550,Murray_b01
TACTCGCGTAAGGGAA-b01,0,0.22594622,380,AFD,ABalpppapav/ABpraaaapav,mixed,330-390,380,Murray_b01
TACTCGCGTCCAAGTT-b01,18,0.5356644,620,AWC,ABpxpaaaaap,mixed,580-650,620,Murray_b01
TACTCGCTCTACCAGA-b01,4,0.04116145,325,ASE_parent,ABalppppppa/ABpraaapppa,mixed,270-330,325,Murray_b01
TACTTACTCATCGGAT-b01,4,0.038997304,260,,ABalppappa/ABarappppa,mixed,210-270,260,Murray_b01
TACTTGTGTGATAAGT-b01,20,0.9334087,640,ASK,ABalpppapppa/ABpraaaapppa,mixed,580-650,640,Murray_b01
TAGACCAGTCTGATCA-b01,20,0.8929267,700,ADL,ABalppppaad/ABpraaapaad,mixed,> 650,700,Murray_b01
TAGACCATCCACGTTC-b01,9,0.13748088,330,ASE_parent,ABalppppppa/ABpraaapppa,mixed,330-390,330,Murray_b01
TAGAGCTAGTGAAGAG-b01,6,0.08806821,400,ASJ,ABalpppppppa/ABpraaappppa,mixed,390-450,400,Murray_b01
TAGAGCTGTCGGCTCA-b01,20,0.86306196,700,ADL,ABalppppaad/ABpraaapaad,mixed,> 650,700,Murray_b01
TAGAGCTTCCAACCAA-b01,17,0.16868629,395,AWB,ABalpppppap/ABpraaappap,mixed,390-450,395,Murray_b01
TAGCCGGTCAAACCGT-b01,10,0.37938744,490,ASJ,ABalpppppppa/ABpraaappppa,mixed,450-510,490,Murray_b01
TAGGCATAGGCACATG-b01,1,0.00827064,170,,ABalppppp/ABpraaapp,mixed,170-210,170,Murray_b01
TAGGCATGTAGCGTGA-b01,10,0.2211599,380,ASJ,ABalpppppppa/ABpraaappppa,mixed,330-390,380,Murray_b01
TAGGCATGTCCAAGTT-b01,15,0.111434154,320,ASI_parent,ABpxaapappp,mixed,270-330,320,Murray_b01
TAGTGGTGTTACTGAC-b01,10,0.14050703,320,Neuroblast_ASJ_AUA,ABalppppppp/ABpraaapppp,mixed,270-330,320,Murray_b01
TAGTTGGGTCACTTCC-b01,1,0.015356985,160,,ABpxaapaa,mixed,130-170,160,Murray_b01
TAGTTGGTCCTAGTGA-b01,4,0.040181268,260,,,mixed,210-270,260,Murray_b01
TATCAGGAGTACGTTC-b01,18,0.5620424,640,AWC,ABpxpaaaaap,mixed,580-650,640,Murray_b01
TATCAGGTCACTGGGC-b01,20,0.77037185,620,ADL,ABalppppaad/ABpraaapaad,mixed,580-650,620,Murray_b01
TATCTCAGTAAGTTCC-b01,5,0.13674164,335,ASK_parent,ABalpppappp/ABpraaaappp,mixed,330-390,335,Murray_b01
TATCTCATCGGCGCTA-b01,15,0.10891159,340,ASI_parent,ABpxaapappp,mixed,330-390,340,Murray_b01
TATTACCGTGACTCAT-b01,1,0.008425126,190,,,mixed,170-210,190,Murray_b01
TCAACGAAGCAACGGT-b01,10,0.19013706,345,Neuroblast_ASJ_AUA,ABalppppppp/ABpraaapppp,mixed,330-390,345,Murray_b01
TCAACGATCGTATCAG-b01,16,0.4084347,520,ASI,ABpxaapapppa,mixed,510-580,520,Murray_b01
TCAATCTCAGCCAGAA-b01,18,0.57832783,620,AWC,ABpxpaaaaap,mixed,580-650,620,Murray_b01
TCACAAGAGGGCTCTC-b01,6,0.09238642,175,,,mixed,170-210,175,Murray_b01
TCACAAGCACGTGAGA-b01,9,0.19536583,405,ASE,ABalppppppaa/ABpraaapppaa,mixed,390-450,405,Murray_b01
TCACAAGTCACTGGGC-b01,0,0.37099615,440,AFD,ABalpppapav/ABpraaaapav,mixed,390-450,440,Murray_b01
TCACAAGTCGCAGGCT-b01,1,0.014120818,175,,,mixed,170-210,175,Murray_b01
TCACGAAAGGGCATGT-b01,14,0.15063542,400,ADF_AWB,,mixed,390-450,400,Murray_b01
TCACGAATCGTCTGAA-b01,8,0.03828586,260,Neuroblast_AFD_RMD,ABalpppapa/ABpraaaapa,mixed,210-270,260,Murray_b01
TCAGCAACAGGTGCCT-b01,15,0.14153561,370,ASI_parent,ABpxaapappp,mixed,330-390,370,Murray_b01
TCAGCAACATCCAACA-b01,4,0.040629406,245,,,mixed,210-270,245,Murray_b01
TCAGCAAGTCCATCCT-b01,15,0.3079938,620,ASI,ABpxaapapppa,mixed,580-650,620,Murray_b01
TCAGCTCCAAGAGGCT-b01,12,0.20028357,385,ADL,ABalppppaad/ABpraaapaad,mixed,330-390,385,Murray_b01
TCAGCTCCAATGTTGC-b01,21,0.6618038,640,ASK,ABalpppapppa/ABpraaaapppa,mixed,580-650,640,Murray_b01
TCAGCTCGTTGGACCC-b01,4,0.05967498,265,,ABpxpaaaaa,mixed,210-270,265,Murray_b01
TCAGGATGTTATTCTC-b01,1,0.014611976,170,,,mixed,170-210,170,Murray_b01
TCAGGATTCAAAGACA-b01,9,0.24462208,440,ASE,ABalppppppaa/ABpraaapppaa,mixed,390-450,440,Murray_b01
TCAGGATTCAATAAGG-b01,4,0.058119904,235,,,mixed,210-270,235,Murray_b01
TCAGGTAGTACCGGCT-b01,14,0.2152005,700,ADF,ABalpppppaa/ABpraaappaa,mixed,> 650,700,Murray_b01
TCATTACGTAGGGTAC-b01,1,0.011163509,195,,,mixed,170-210,195,Murray_b01
TCATTACGTCGTCTTC-b01,20,0.87969834,780,ADL,ABalppppaad/ABpraaapaad,mixed,> 650,780,Murray_b01
TCATTACTCCCACTTG-b01,6,0.07696708,190,,,mixed,170-210,190,Murray_b01
TCGCGAGAGAGATGAG-b01,6,0.0931023,420,ADF,ABalpppppaa/ABpraaappaa,mixed,390-450,420,Murray_b01
TCGCGAGCAACTGGCC-b01,6,0.060232714,260,,,mixed,210-270,260,Murray_b01
TCGGGACAGGCGACAT-b01,15,0.11650632,350,ASI_parent,ABpxaapappp,mixed,330-390,350,Murray_b01
TCGGGACTCCCTAATT-b01,1,0.0056660296,195,,,mixed,170-210,195,Murray_b01
TCGGTAACAGCTGGCT-b01,15,0.1101818,325,ASI_parent,ABpxaapappp,mixed,270-330,325,Murray_b01
TCGGTAACATAAAGGT-b01,6,0.09896586,700,AFD,ABalpppapav/ABpraaaapav,mixed,> 650,700,Murray_b01
TCGGTAATCCAATGGT-b01,13,0.16640905,380,ASG_AWA,,mixed,330-390,380,Murray_b01
TCGTACCAGCAAATCA-b01,4,0.055198554,265,,,mixed,210-270,265,Murray_b01
TCGTACCCATTGAGCT-b01,10,0.13711502,310,Neuroblast_ASJ_AUA,ABalppppppp/ABpraaapppp,mixed,270-330,310,Murray_b01
TCGTAGACACAAGACG-b01,15,0.057407904,390,Neuroblast_ADF_AWB,ABalpppppa/ABpraaappa,mixed,390-450,390,Murray_b01
TCGTAGAGTGACGCCT-b01,2,0.01924231,170,,ABalpppppp/ABpraaappp,mixed,170-210,170,Murray_b01
TCTCATACAAGAAAGG-b01,14,0.25929853,700,ADF,ABalpppppaa/ABpraaappaa,mixed,> 650,700,Murray_b01
TCTCATATCTGCGGCA-b01,1,0.008085908,165,,,mixed,130-170,165,Murray_b01
TCTGGAACATTCGACA-b01,1,0.009455703,195,,ABalpppppa/ABpraaappa,mixed,170-210,195,Murray_b01
TCTGGAAGTAAGTAGT-b01,21,0.5698334,700,ASK,ABalpppapppa/ABpraaaapppa,mixed,> 650,700,Murray_b01
TCTTCGGCAGGGAGAG-b01,19,0.20723286,620,AWA,ABpxaapapaa,mixed,580-650,620,Murray_b01
TCTTTCCAGCGTGAAC-b01,0,0.6241765,630,ASI,ABpxaapapppa,mixed,580-650,630,Murray_b01
TCTTTCCAGTGTACGG-b01,2,0.030951345,440,ASG,ABpxaapapap,mixed,390-450,440,Murray_b01
TCTTTCCGTCCGTGAC-b01,6,0.08258218,550,ASG,ABpxaapapap,mixed,510-580,550,Murray_b01
TGAAAGAAGTACGACG-b01,19,0.14234555,390,ASG_AWA,,mixed,390-450,390,Murray_b01
TGAAAGACATATGAGA-b01,21,0.6275827,640,ASK,ABalpppapppa/ABpraaaapppa,mixed,580-650,640,Murray_b01
TGAAAGACATCGATGT-b01,10,0.24942032,395,ASJ,ABalpppppppa/ABpraaappppa,mixed,390-450,395,Murray_b01
TGAAAGATCCCTCAGT-b01,5,0.124334045,355,ASK_parent,ABalpppappp/ABpraaaappp,mixed,330-390,355,Murray_b01
TGACAACAGTGGAGTC-b01,6,0.039636217,260,Neuroblast_AFD_RMD,ABalpppapa/ABpraaaapa,mixed,210-270,260,Murray_b01
TGACAACCACATCCAA-b01,17,0.17902946,420,AWB,ABalpppppap/ABpraaappap,mixed,390-450,420,Murray_b01
TGACAACTCTATCCCG-b01,3,0.01702654,385,AWA,ABpxaapapaa,mixed,330-390,385,Murray_b01
TGACTAGGTCCCGACA-b01,1,0.010982337,190,,,mixed,170-210,190,Murray_b01
TGACTAGTCGGCATCG-b01,5,0.12329038,370,ADL,ABalppppaad/ABpraaapaad,mixed,330-390,370,Murray_b01
TGACTTTCATGTCTCC-b01,14,0.22393161,430,ASK,ABalpppapppa/ABpraaaapppa,mixed,390-450,430,Murray_b01
TGACTTTGTCGCGTGT-b01,3,0.013819891,280,,,mixed,270-330,280,Murray_b01
TGACTTTTCCACGCAG-b01,23,0.25670427,510,ASG,ABpxaapapap,mixed,510-580,510,Murray_b01
TGAGCATAGGCATGGT-b01,15,0.13634908,375,ASI_parent,ABpxaapappp,mixed,330-390,375,Murray_b01
TGAGCATGTATGAAAC-b01,13,0.2069159,385,ASH,ABpxpaappaa,mixed,330-390,385,Murray_b01
TGAGCCGTCAACGAAA-b01,6,0.043278165,440,AWA,ABpxaapapaa,mixed,390-450,440,Murray_b01
TGAGGGAAGTATCGAA-b01,13,0.39973703,550,ASH,ABpxpaappaa,mixed,510-580,550,Murray_b01
TGATTTCGTCGCATCG-b01,10,0.08998008,285,Neuroblast_ASJ_AUA,ABalppppppp/ABpraaapppp,mixed,270-330,285,Murray_b01
TGATTTCTCCAGAAGG-b01,18,0.18689747,400,AWC,ABpxpaaaaap,mixed,390-450,400,Murray_b01
TGCACCTAGGTAGCCA-b01,18,0.24807172,405,AWC,ABpxpaaaaap,mixed,390-450,405,Murray_b01
TGCCCATAGCTAAACA-b01,21,0.5033487,550,ASK,ABalpppapppa/ABpraaaapppa,mixed,510-580,550,Murray_b01
TGCCCATAGGAATCGC-b01,20,0.882015,750,ADL,ABalppppaad/ABpraaapaad,mixed,> 650,750,Murray_b01
TGCCCATGTGATGTGG-b01,16,0.34899938,620,ASI,ABpxaapapppa,mixed,580-650,620,Murray_b01
TGCCCATTCTTGTACT-b01,0,0.6793084,640,AFD,ABalpppapav/ABpraaaapav,mixed,580-650,640,Murray_b01
TGCCCTAAGTTGAGTA-b01,18,0.6340336,725,AWC,ABpxpaaaaap,mixed,> 650,725,Murray_b01
TGCCCTATCGCTTAGA-b01,10,0.17976947,345,Neuroblast_ASJ_AUA,ABalppppppp/ABpraaapppp,mixed,330-390,345,Murray_b01
TGCCCTATCTACTCAT-b01,4,0.053959906,275,,,mixed,270-330,275,Murray_b01
TGCGGGTAGAGACTAT-b01,4,0.053530928,260,,,mixed,210-270,260,Murray_b01
TGCGGGTAGTAACCCT-b01,1,0.030255055,185,,ABalppppaa/ABpraaapaa,mixed,170-210,185,Murray_b01
TGCGGGTTCCGCTGTT-b01,24,0.9228427,700,ASJ,ABalpppppppa/ABpraaappppa,mixed,> 650,700,Murray_b01
TGCGGGTTCGGACAAG-b01,12,0.33765948,450,ADL,ABalppppaad/ABpraaapaad,mixed,450-510,450,Murray_b01
TGCGTGGAGAGCCCAA-b01,4,0.04691683,220,,ABpxpaaaaa,mixed,210-270,220,Murray_b01
TGCGTGGTCGACAGCC-b01,13,0.5874714,640,ASH,ABpxpaappaa,mixed,580-650,640,Murray_b01
TGCTACCGTCAATACC-b01,5,0.12963244,365,ASK_parent,ABalpppappp/ABpraaaappp,mixed,330-390,365,Murray_b01
TGCTACCGTTAAGACA-b01,1,0.014135804,170,,,mixed,170-210,170,Murray_b01
TGGACGCGTCGAGTTT-b01,12,0.17891309,390,AFD,ABalpppapav/ABpraaaapav,mixed,390-450,390,Murray_b01
TGGACGCGTGGTAACG-b01,0,0.6319997,700,AFD,ABalpppapav/ABpraaaapav,mixed,> 650,700,Murray_b01
TGGCGCAGTGCCTTGG-b01,14,0.22801386,520,ADF,ABalpppppaa/ABpraaappaa,mixed,510-580,520,Murray_b01
TGGGAAGCATGCCCGA-b01,20,0.8771564,725,ADL,ABalppppaad/ABpraaapaad,mixed,> 650,725,Murray_b01
TGGGAAGGTGCCTGCA-b01,4,0.04250261,245,,,mixed,210-270,245,Murray_b01
TGGGAAGTCGGACAAG-b01,1,0.009581882,165,,,mixed,130-170,165,Murray_b01
TGGGCGTCAGTCGATT-b01,19,0.1704896,700,AWA,ABpxaapapaa,mixed,> 650,700,Murray_b01
TGGTTAGAGGAGTTGC-b01,6,0.090597965,380,ASJ,ABalpppppppa/ABpraaappppa,mixed,330-390,380,Murray_b01
TGGTTAGAGTCAAGCG-b01,6,0.17069139,490,ASH,ABpxpaappaa,mixed,450-510,490,Murray_b01
TGGTTAGCAAGCCATT-b01,20,0.77073556,620,ADL,ABalppppaad/ABpraaapaad,mixed,580-650,620,Murray_b01
TGGTTAGCACGCGAAA-b01,20,0.6451341,550,,,mixed,510-580,550,Murray_b01
TGGTTAGCAGACAGGT-b01,17,0.17350124,420,AWB,ABalpppppap/ABpraaappap,mixed,390-450,420,Murray_b01
TGGTTAGTCGCATGGC-b01,10,0.3510021,425,ASJ,ABalpppppppa/ABpraaappppa,mixed,390-450,425,Murray_b01
TGTCCCAAGAATAGGG-b01,10,0.27644145,435,ASJ,ABalpppppppa/ABpraaappppa,mixed,390-450,435,Murray_b01
TGTCCCAGTTCATGGT-b01,9,0.13762054,325,ASE_parent,ABalppppppa/ABpraaapppa,mixed,270-330,325,Murray_b01
TGTGGTAAGGGTTCCC-b01,1,0.024269834,170,,,mixed,170-210,170,Murray_b01
TGTGTTTCAAGCTGTT-b01,20,0.44730264,550,ADL,ABalppppaad/ABpraaapaad,mixed,510-580,550,Murray_b01
TGTGTTTTCGGATGTT-b01,1,0.014159193,160,,,mixed,130-170,160,Murray_b01
TGTTCCGGTCAGCTAT-b01,1,0.028259112,160,,ABpxaapaa,mixed,130-170,160,Murray_b01
TTAACTCAGTTTGCGT-b01,15,0.11037152,370,ASK_parent,ABalpppappp/ABpraaaappp,mixed,330-390,370,Murray_b01
TTAACTCGTGCGAAAC-b01,4,0.035628557,260,,ABpxpaaaa,mixed,210-270,260,Murray_b01
TTAGGACAGTACATGA-b01,1,0.039650727,415,ASJ,ABalpppppppa/ABpraaappppa,mixed,390-450,415,Murray_b01
TTAGGCACACATGGGA-b01,24,0.89381516,700,ASJ,ABalpppppppa/ABpraaappppa,mixed,> 650,700,Murray_b01
TTCCCAGTCAGCGACC-b01,13,0.13842908,370,ASH,ABpxpaappaa,mixed,330-390,370,Murray_b01
TTCGAAGAGCTACCGC-b01,6,0.1475701,700,ADL,ABalppppaad/ABpraaapaad,mixed,> 650,700,Murray_b01
TTCGAAGCACTGAAGG-b01,7,0.050446138,390,ASG_AWA,,mixed,390-450,390,Murray_b01
TTCGAAGCATTCCTGC-b01,14,0.11792712,375,,,mixed,330-390,375,Murray_b01
TTCGGTCCAGGGTATG-b01,17,0.13824041,450,AWB,ABalpppppap/ABpraaappap,mixed,450-510,450,Murray_b01
TTCGGTCGTCTTGTCC-b01,0,0.18797535,390,AFD,ABalpppapav/ABpraaaapav,mixed,390-450,390,Murray_b01
TTCGGTCGTTGGTGGA-b01,9,0.24921463,410,ASE,ABalppppppaa/ABpraaapppaa,mixed,390-450,410,Murray_b01
TTCTACACAGTCGATT-b01,21,0.69383746,700,ASK,ABalpppapppa/ABpraaaapppa,mixed,> 650,700,Murray_b01
TTGAACGAGTACATGA-b01,20,0.87639445,700,ADL,ABalppppaad/ABpraaapaad,mixed,> 650,700,Murray_b01
TTGAACGCACCAGGTC-b01,1,0.07221649,490,ASH,ABpxpaappaa,mixed,450-510,490,Murray_b01
TTGAACGGTCTAACGT-b01,4,0.014388842,220,,,mixed,210-270,220,Murray_b01
TTGACTTAGCTAGTTC-b01,6,0.1119354,585,ASI,ABpxaapapppa,mixed,580-650,585,Murray_b01
TTGACTTCAATCTACG-b01,6,0.10626822,390,AUA,ABalpppppppp/ABpraaappppp,mixed,390-450,390,Murray_b01
TTGACTTGTCTGGTCG-b01,24,0.49399507,585,ASJ,ABalpppppppa/ABpraaappppa,mixed,580-650,585,Murray_b01
TTGCCGTAGATATGCA-b01,4,0.04726278,245,,,mixed,210-270,245,Murray_b01
TTTATGCAGACACTAA-b01,16,0.35773778,640,ASI,ABpxaapapppa,mixed,580-650,640,Murray_b01
TTTATGCCAGTTAACC-b01,21,0.35426706,500,ASK,ABalpppapppa/ABpraaaapppa,mixed,450-510,500,Murray_b01
AAAGTAGCAACACCTA-b02,6,0.15322189,270,Neuroblast_AFD_RMD,ABalpppapa/ABpraaaapa,mixed,270-330,270,Murray_b02
AAAGTAGGTTCAGACT-b02,17,0.18509175,430,AWB,ABalpppppap/ABpraaappap,mixed,390-450,430,Murray_b02
AACTCCCAGGTCGGAT-b02,10,0.10379769,290,Neuroblast_ASJ_AUA,ABalppppppp/ABpraaapppp,mixed,270-330,290,Murray_b02
AACTTTCGTACACCGC-b02,20,0.68624896,620,ADL,ABalppppaad/ABpraaapaad,mixed,580-650,620,Murray_b02
AAGACCTAGGCTCAGA-b02,1,0.015342526,185,,ABalppppa/ABpraaapa,mixed,170-210,185,Murray_b02
ACACCCTGTCTTGCGG-b02,21,0.62837493,670,ASK,ABalpppapppa/ABpraaaapppa,mixed,> 650,670,Murray_b02
ACAGCCGAGCGATATA-b02,1,0.055847228,190,,,mixed,170-210,190,Murray_b02
ACCAGTAGTCATCGGC-b02,13,0.5749893,725,ASH,ABpxpaappaa,mixed,> 650,725,Murray_b02
ACGATGTGTAATAGCA-b02,9,0.16389924,410,ASE,ABalppppppaa/ABpraaapppaa,mixed,390-450,410,Murray_b02
ACGGGTCTCAGTCAGT-b02,20,0.56599134,490,ADL,ABalppppaad/ABpraaapaad,mixed,450-510,490,Murray_b02
ACTGAGTTCTTGTATC-b02,0,0.65035594,700,AFD,ABalpppapav/ABpraaaapav,mixed,> 650,700,Murray_b02
ACTGATGCAAGCGATG-b02,24,0.8769727,700,ASJ,ABalpppppppa/ABpraaappppa,mixed,> 650,700,Murray_b02
ACTTACTAGGGTGTTG-b02,12,0.36119834,435,ADL,ABalppppaad/ABpraaapaad,mixed,390-450,435,Murray_b02
ACTTGTTGTGGCCCTA-b02,23,0.26048926,550,ASG,ABpxaapapap,mixed,510-580,550,Murray_b02
AGCTCCTGTTATTCTC-b02,15,0.12559584,350,ASI_parent,ABpxaapappp,mixed,330-390,350,Murray_b02
AGCTCCTTCAGCTCTC-b02,10,0.17157517,320,Neuroblast_ASJ_AUA,ABalppppppp/ABpraaapppp,mixed,270-330,320,Murray_b02
AGCTTGATCTTGCAAG-b02,9,0.13765304,325,ASE_parent,ABalppppppa/ABpraaapppa,mixed,270-330,325,Murray_b02
AGGTCATCACACCGCA-b02,5,0.09464101,330,ASK_parent,ABalpppappp/ABpraaaappp,mixed,330-390,330,Murray_b02
AGTAGTCGTCGAATCT-b02,23,0.2846676,620,ASG,ABpxaapapap,mixed,580-650,620,Murray_b02
ATAACGCGTATGGTTC-b02,3,0.0559266,245,,,mixed,210-270,245,Murray_b02
ATCATGGGTCTAGTGT-b02,13,0.5154139,550,ASH,ABpxpaappaa,mixed,510-580,550,Murray_b02
ATCATGGTCATGTCCC-b02,13,0.12705353,450,ASH,ABpxpaappaa,mixed,450-510,450,Murray_b02
ATCCGAAGTGGCTCCA-b02,24,0.39614072,630,ASJ,ABalpppppppa/ABpraaappppa,mixed,580-650,630,Murray_b02
ATCGAGTGTCATCGGC-b02,6,0.10015603,270,,,mixed,270-330,270,Murray_b02
ATCTGCCCATCCCACT-b02,13,0.16689056,390,ASH,ABpxpaappaa,mixed,390-450,390,Murray_b02
ATTGGACCATTCACTT-b02,5,0.14815055,360,ASK_parent,ABalpppappp/ABpraaaappp,mixed,330-390,360,Murray_b02
ATTGGACGTTCCACGG-b02,6,0.05025188,265,Neuroblast_AFD_RMD,ABalpppapa/ABpraaaapa,mixed,210-270,265,Murray_b02
ATTTCTGCAACGATCT-b02,10,0.13718604,300,Neuroblast_ASJ_AUA,ABalppppppp/ABpraaapppp,mixed,270-330,300,Murray_b02
ATTTCTGGTATTAGCC-b02,20,0.9625556,750,ADL,ABalppppaad/ABpraaapaad,mixed,> 650,750,Murray_b02
CAACCTCTCACCCTCA-b02,17,0.17284329,410,AWB,ABalpppppap/ABpraaappap,mixed,390-450,410,Murray_b02
CAAGATCAGCCACCTG-b02,1,0.010948364,160,,ABalpppppp/ABpraaappp,mixed,130-170,160,Murray_b02
CAAGGCCAGCGATAGC-b02,19,0.12254345,395,AWA,ABpxaapapaa,mixed,390-450,395,Murray_b02
CAAGGCCTCAGCCTAA-b02,4,0.049866844,260,,ABpxpaaaa,mixed,210-270,260,Murray_b02
CACACTCCAAAGCAAT-b02,18,0.5730515,625,AWC,ABpxpaaaaap,mixed,580-650,625,Murray_b02
CAGATCACATCGGGTC-b02,10,0.24762201,380,ASJ,ABalpppppppa/ABpraaappppa,mixed,330-390,380,Murray_b02
CAGCAGCGTAGAGCTG-b02,14,0.16071379,390,ADF_AWB,,mixed,390-450,390,Murray_b02
CAGCGACCACCAGGCT-b02,6,0.06427398,295,Neuroblast_AFD_RMD,ABalpppapa/ABpraaaapa,mixed,270-330,295,Murray_b02
CAGCGACTCCCAACGG-b02,0,0.14266993,280,Neuroblast_AFD_RMD,ABalpppapa/ABpraaaapa,mixed,270-330,280,Murray_b02
CAGCTAAGTCTTCGTC-b02,0,0.7354842,775,AFD,ABalpppapav/ABpraaaapav,mixed,> 650,775,Murray_b02
CAGGTGCAGAGCTGCA-b02,6,0.113160186,550,ADF,ABalpppppaa/ABpraaappaa,mixed,510-580,550,Murray_b02
CATATTCAGAGCTGGT-b02,2,0.021953309,200,Neuroblast_ASE_ASJ_AUA,ABalpppppp/ABpraaappp,mixed,170-210,200,Murray_b02
CATCGGGAGCACCGCT-b02,18,0.22697255,405,AWC,ABpxpaaaaap,mixed,390-450,405,Murray_b02
CATCGGGGTACCAGTT-b02,10,0.18392,330,Neuroblast_ASJ_AUA,ABalppppppp/ABpraaapppp,mixed,330-390,330,Murray_b02
CATGACAGTCAAGCGA-b02,19,0.17051503,635,AWA,ABpxaapapaa,mixed,580-650,635,Murray_b02
CATGGCGAGAACTGTA-b02,6,0.13209388,420,AWB,ABalpppppap/ABpraaappap,mixed,390-450,420,Murray_b02
CCACTACCAGTCTTCC-b02,15,0.115773775,360,ASI_parent,ABpxaapappp,mixed,330-390,360,Murray_b02
CCATTCGTCAAAGACA-b02,19,0.12799102,500,AWA,ABpxaapapaa,mixed,450-510,500,Murray_b02
CCCATACCAGTGGAGT-b02,4,0.05128916,265,,,mixed,210-270,265,Murray_b02
CCGGGATGTTCTGTTT-b02,1,0.0030472262,170,,ABpxaapap,mixed,170-210,170,Murray_b02
CCGTACTCAGGTTTCA-b02,6,0.09720171,385,,,mixed,330-390,385,Murray_b02
CCGTACTTCCAATGGT-b02,9,0.117768876,350,ASE_parent,ABalppppppa/ABpraaapppa,mixed,330-390,350,Murray_b02
CCTATTAGTATCGCAT-b02,6,0.046493083,260,Neuroblast_AFD_RMD,ABalpppapa/ABpraaaapa,mixed,210-270,260,Murray_b02
CGACCTTAGATGGCGT-b02,13,0.5573307,725,ASH,ABpxpaappaa,mixed,> 650,725,Murray_b02
CGACCTTAGTACGTTC-b02,13,0.27574235,490,ASH,ABpxpaappaa,mixed,450-510,490,Murray_b02
CGACCTTGTAGCTGCC-b02,10,0.3197423,450,ASJ,ABalpppppppa/ABpraaappppa,mixed,450-510,450,Murray_b02
CGACTTCGTGTGCGTC-b02,13,0.55906254,700,ASH,ABpxpaappaa,mixed,> 650,700,Murray_b02
CGCCAAGCAGCCTGTG-b02,13,0.49021593,700,ASH,ABpxpaappaa,mixed,> 650,700,Murray_b02
CGCGTTTGTTTGGGCC-b02,14,0.16189046,380,ASH,ABpxpaappaa,mixed,330-390,380,Murray_b02
CGCTATCTCCCTCTTT-b02,20,0.69766355,490,ADL,ABalppppaad/ABpraaapaad,mixed,450-510,490,Murray_b02
CGCTGGAAGACGCTTT-b02,9,0.16699477,390,ASE,ABalppppppaa/ABpraaapppaa,mixed,390-450,390,Murray_b02
CGCTTCAAGGACCACA-b02,20,0.7977373,550,ADL,ABalppppaad/ABpraaapaad,mixed,510-580,550,Murray_b02
CGTAGCGGTTACGACT-b02,10,0.30511335,410,ASJ,ABalpppppppa/ABpraaappppa,mixed,390-450,410,Murray_b02
CGTCACTCAACGATCT-b02,1,0.008557947,180,,ABalppppa/ABpraaapa,mixed,170-210,180,Murray_b02
CGTGTCTTCGAATGCT-b02,9,0.11991219,325,ASE_parent,ABalppppppa/ABpraaapppa,mixed,270-330,325,Murray_b02
CTAACTTAGATCCCGC-b02,1,0.007273232,185,,,mixed,170-210,185,Murray_b02
CTAAGACGTCCCGACA-b02,9,0.20629895,375,ASE,ABalppppppaa/ABpraaapppaa,mixed,330-390,375,Murray_b02
CTACATTAGAGGTTGC-b02,14,0.26419318,700,ADF,ABalpppppaa/ABpraaappaa,mixed,> 650,700,Murray_b02
CTAGAGTAGTGAATTG-b02,23,0.19653893,620,ASG,ABpxaapapap,mixed,580-650,620,Murray_b02
CTAGAGTGTCGCGAAA-b02,1,0.009563803,165,,ABpxaapap,mixed,130-170,165,Murray_b02
CTAGCCTTCAACACAC-b02,19,0.15594724,450,AWA,ABpxaapapaa,mixed,450-510,450,Murray_b02
CTAGCCTTCGCTAGCG-b02,2,0.06539569,300,Neuroblast_ASJ_AUA,ABalppppppp/ABpraaapppp,mixed,270-330,300,Murray_b02
CTCGAAAGTTTGGCGC-b02,16,0.35947257,640,ASI,ABpxaapapppa,mixed,580-650,640,Murray_b02
CTCGGAGTCCACGCAG-b02,8,0.06823497,640,ASI,ABpxaapapppa,mixed,580-650,640,Murray_b02
CTCGTCAAGCTGAAAT-b02,6,0.071096845,550,,,mixed,510-580,550,Murray_b02
CTCGTCAGTGACGCCT-b02,16,0.41943046,500,ASI,ABpxaapapppa,mixed,450-510,500,Murray_b02
CTCGTCATCATTTGGG-b02,19,0.18870911,700,AWA,ABpxaapapaa,mixed,> 650,700,Murray_b02
CTGATAGGTAGCGCTC-b02,1,0.015336115,170,,ABpxapappp,mixed,170-210,170,Murray_b02
CTGCCTATCAGCTTAG-b02,24,0.8365609,640,ASJ,ABalpppppppa/ABpraaappppa,mixed,580-650,640,Murray_b02
CTGTTTAGTAAAGTCA-b02,20,0.9266324,755,ADL,ABalppppaad/ABpraaapaad,mixed,> 650,755,Murray_b02
CTTCTCTAGTACGTAA-b02,1,0.008733913,170,,ABalppppa/ABpraaapa,mixed,170-210,170,Murray_b02
CTTCTCTCACTCGACG-b02,20,0.8927576,750,ADL,ABalppppaad/ABpraaapaad,mixed,> 650,750,Murray_b02
GAAACTCAGGAACTGC-b02,1,0.009816965,165,,,mixed,130-170,165,Murray_b02
GAAATGACACAGACTT-b02,13,0.582783,700,ASH,ABpxpaappaa,mixed,> 650,700,Murray_b02
GAACATCGTCGACTAT-b02,1,0.02929856,165,,ABarpap/ABplaaa,mixed,130-170,165,Murray_b02
GAACATCTCAAGATCC-b02,20,0.8707267,700,ADL,ABalppppaad/ABpraaapaad,mixed,> 650,700,Murray_b02
GAACCTAGTCACTGGC-b02,1,0.02006499,200,,ABpxaapapp,mixed,170-210,200,Murray_b02
GACGCGTCAATCCAAC-b02,16,0.36585194,640,ASI,ABpxaapapppa,mixed,580-650,640,Murray_b02
GACTGCGTCATCTGCC-b02,4,0.048353314,260,,,mixed,210-270,260,Murray_b02
GAGTCCGTCAGCCTAA-b02,1,0.018179897,175,,,mixed,170-210,175,Murray_b02
GATCGATTCTCCTATA-b02,4,0.037569776,245,,,mixed,210-270,245,Murray_b02
GCACATACATGATCCA-b02,13,0.1549662,390,ASH,ABpxpaappaa,mixed,390-450,390,Murray_b02
GCACTCTGTTTGTGTG-b02,23,0.27815792,620,ASG,ABpxaapapap,mixed,580-650,620,Murray_b02
GCATACATCCTCGCAT-b02,6,0.1062081,275,,ABprpappa,mixed,270-330,275,Murray_b02
GCATGCGGTCGACTGC-b02,10,0.13755102,300,Neuroblast_ASJ_AUA,ABalppppppp/ABpraaapppp,mixed,270-330,300,Murray_b02
GCCAAATTCCAACCAA-b02,20,0.8197147,700,ADL,ABalppppaad/ABpraaapaad,mixed,> 650,700,Murray_b02
GCCTCTACAGCTTAAC-b02,18,0.60603696,700,AWC,ABpxpaaaaap,mixed,> 650,700,Murray_b02
GCGCGATGTTAAGGGC-b02,18,0.2038447,425,AWC,ABpxpaaaaap,mixed,390-450,425,Murray_b02
GCGCGATGTTTCGCTC-b02,21,0.23592943,440,ASK,ABalpppapppa/ABpraaaapppa,mixed,390-450,440,Murray_b02
GCTGCAGAGGGTTTCT-b02,21,0.56297606,620,ASK,ABalpppapppa/ABpraaaapppa,mixed,580-650,620,Murray_b02
GGACAAGGTAAGAGAG-b02,9,0.2151724,450,ASE,ABalppppppaa/ABpraaapppaa,mixed,450-510,450,Murray_b02
GGACAGACATGCTAGT-b02,1,0.040860534,450,ASJ,ABalpppppppa/ABpraaappppa,mixed,450-510,450,Murray_b02
GGGAGATGTACCATCA-b02,4,0.051127475,245,,,mixed,210-270,245,Murray_b02
GGGTCTGTCCTCTAGC-b02,1,0.010437347,170,,ABpxaapap,mixed,170-210,170,Murray_b02
GGTGCGTCATTGGCGC-b02,20,0.8775266,700,ADL,ABalppppaad/ABpraaapaad,mixed,> 650,700,Murray_b02
GTAACTGAGCAGACTG-b02,1,0.061526135,390,AWB,ABalpppppap/ABpraaappap,mixed,390-450,390,Murray_b02
GTACTCCAGATGGGTC-b02,17,0.23770717,640,AWB,ABalpppppap/ABpraaappap,mixed,580-650,640,Murray_b02
GTACTCCTCATAGCAC-b02,9,0.20215781,420,ASE,ABalppppppaa/ABpraaapppaa,mixed,390-450,420,Murray_b02
GTATTCTTCTCGCATC-b02,17,0.2201291,630,AWB,ABalpppppap/ABpraaappap,mixed,580-650,630,Murray_b02
GTCGGGTTCTTGTACT-b02,7,0.053487208,360,Neuroblast_ASG_AWA,ABpxaapapa,mixed,330-390,360,Murray_b02
GTCTTCGGTCAAAGCG-b02,20,0.6461497,550,ADL,ABalppppaad/ABpraaapaad,mixed,510-580,550,Murray_b02
GTGAAGGCACCAGATT-b02,24,0.8895469,750,ASJ,ABalpppppppa/ABpraaappppa,mixed,> 650,750,Murray_b02
GTGCAGCCATGCCTTC-b02,15,0.065550655,270,ASI_parent,ABpxaapappp,mixed,270-330,270,Murray_b02
GTGGGTCCAGTGGGAT-b02,6,0.09414428,285,,,mixed,270-330,285,Murray_b02
GTTAAGCGTAAACGCG-b02,6,0.05084353,450,ADL,ABpxapaaa,mixed,450-510,450,Murray_b02
GTTCATTAGGGATGGG-b02,23,0.32180214,630,ASG,ABpxaapapap,mixed,580-650,630,Murray_b02
GTTCATTTCTTAGCCC-b02,10,0.20836194,390,ASJ,ABalpppppppa/ABpraaappppa,mixed,390-450,390,Murray_b02
GTTCTCGGTGGACGAT-b02,8,0.04634058,260,Neuroblast_AFD_RMD,ABalpppapa/ABpraaaapa,mixed,210-270,260,Murray_b02
TACACGAAGGCATGGT-b02,3,0.0074403873,205,,,mixed,170-210,205,Murray_b02
TACCTATGTGTTGGGA-b02,5,0.09143781,290,ASI_parent,ABpxaapappp,mixed,270-330,290,Murray_b02
TACGGTACAATCTACG-b02,10,0.15841754,300,Neuroblast_ASJ_AUA,ABalppppppp/ABpraaapppp,mixed,270-330,300,Murray_b02
TAGACCACAAGCGATG-b02,14,0.23306216,490,ADF,ABalpppppaa/ABpraaappaa,mixed,450-510,490,Murray_b02
TAGGCATAGTACCGGA-b02,24,0.8856984,725,ASJ,ABalpppppppa/ABpraaappppa,mixed,> 650,725,Murray_b02
TATCAGGGTAAATGTG-b02,8,0.05198275,265,Neuroblast_AFD_RMD,ABalpppapa/ABpraaaapa,mixed,210-270,265,Murray_b02
TATTACCCACCGATAT-b02,18,0.230118,430,AWC,ABpxpaaaaap,mixed,390-450,430,Murray_b02
TCAATCTCAACACCTA-b02,15,0.1014452,340,ASI_parent,ABpxaapappp,mixed,330-390,340,Murray_b02
TCAGATGGTTGCGTTA-b02,4,0.051478516,260,,,mixed,210-270,260,Murray_b02
TCAGGTACACGGATAG-b02,1,0.008579316,260,,ABalpppppa/ABpraaappa,mixed,210-270,260,Murray_b02
TCCCGATTCAACGCTA-b02,1,0.008044708,390,,,mixed,390-450,390,Murray_b02
TCTATTGGTACGCTGC-b02,4,0.05351118,210,,ABalapxpaa,mixed,210-270,210,Murray_b02
TCTCATATCTTCATGT-b02,4,0.053572793,265,,,mixed,210-270,265,Murray_b02
TCTGGAAGTGGAAAGA-b02,23,0.31674296,640,ASG,ABpxaapapap,mixed,580-650,640,Murray_b02
TGAAAGAAGCGTAATA-b02,19,0.15953001,550,AWA,ABpxaapapaa,mixed,510-580,550,Murray_b02
TGACGGCTCCTACAGA-b02,11,0.07284692,190,,ABalppppaa/ABpraaapaa,mixed,170-210,190,Murray_b02
TGAGAGGAGACTACAA-b02,19,0.15371469,490,AWA,ABpxaapapaa,mixed,450-510,490,Murray_b02
TGAGAGGCAGCTGCAC-b02,10,0.19592987,330,Neuroblast_ASJ_AUA,ABalppppppp/ABpraaapppp,mixed,330-390,330,Murray_b02
TGAGGGATCGTACCGG-b02,17,0.21835017,620,AWB,ABalpppppap/ABpraaappap,mixed,580-650,620,Murray_b02
TGCCCATGTACACCGC-b02,1,0.022180643,190,,ABalppppa/ABpraaapa,mixed,170-210,190,Murray_b02
TGCCCATGTCCGTCAG-b02,5,0.14534025,365,ASK_parent,ABalpppappp/ABpraaaappp,mixed,330-390,365,Murray_b02
TGCTGCTGTAATCACC-b02,13,0.5334162,700,ASH,ABpxpaappaa,mixed,> 650,700,Murray_b02
TGGCCAGGTAAGTTCC-b02,1,0.0048935465,165,,ABalppppp/ABpraaapp,mixed,130-170,165,Murray_b02
TGGCGCATCAGCTGGC-b02,19,0.1974891,585,AWA,ABpxaapapaa,mixed,580-650,585,Murray_b02
TGGTTCCAGGTACTCT-b02,20,0.8836664,750,ADL,ABalppppaad/ABpraaapaad,mixed,> 650,750,Murray_b02
TGTCCCAAGAGGTAGA-b02,4,0.052773993,275,,ABpxpaaaaa,mixed,270-330,275,Murray_b02
TGTGTTTGTGCAGTAG-b02,20,0.8151399,640,ADL,ABalppppaad/ABpraaapaad,mixed,580-650,640,Murray_b02
TTAGGCAGTATATCCG-b02,5,0.081691444,270,,ABalpppapp/ABpraaaapp,mixed,270-330,270,Murray_b02
TTGACTTTCTTATCTG-b02,1,0.029511143,180,,,mixed,170-210,180,Murray_b02
TTGCCGTTCCTTTACA-b02,13,0.15315461,390,ASH,ABpxpaappaa,mixed,390-450,390,Murray_b02
TTGTAGGAGGGATACC-b02,4,0.050800644,270,,ABpxpaaaaa,mixed,270-330,270,Murray_b02
TTTATGCAGTGACTCT-b02,18,0.5599253,640,AWC,ABpxpaaaaap,mixed,580-650,640,Murray_b02
AGAGTGGCAGCTGCTG-500.1.1,15,0.1475785,365,ASI_parent,ABpxaapappp,500_minutes,330-390,365,Waterston_500_minutes_batch_1
CAACCAAGTCTCCCTA-500.1.1,19,0.15336423,380,ASG_AWA,,500_minutes,330-390,380,Waterston_500_minutes_batch_1
TTTCCTCTCTCACATT-500.1.1,13,0.5091344,585,ASH,ABpxpaappaa,500_minutes,580-650,585,Waterston_500_minutes_batch_1
ACATCAGCAGTGGAGT-500.1.2,0,0.6517313,550,AFD,ABalpppapav/ABpraaaapav,500_minutes,510-580,550,Waterston_500_minutes_batch_1
ACTGATGAGACAAGCC-500.1.2,15,0.15815285,380,ASI_parent,ABpxaapappp,500_minutes,330-390,380,Waterston_500_minutes_batch_1
AGTGAGGGTCGCCATG-500.1.2,17,0.26168707,625,AWB,ABalpppppap/ABpraaappap,500_minutes,580-650,625,Waterston_500_minutes_batch_1
CCTCTGATCGTACGGC-500.1.2,10,0.1830439,390,AUA,ABalpppppppp/ABpraaappppp,500_minutes,390-450,390,Waterston_500_minutes_batch_1
CGGAGCTTCTGTTTGT-500.1.2,17,0.2187309,490,AWB,ABalpppppap/ABpraaappap,500_minutes,450-510,490,Waterston_500_minutes_batch_1
TACTTGTCATACGCCG-500.1.2,17,0.23893465,620,AWB,ABalpppppap/ABpraaappap,500_minutes,580-650,620,Waterston_500_minutes_batch_1
TTGCCGTTCCTGTAGA-500.1.2,19,0.12146429,350,ASG_AWA,,500_minutes,330-390,350,Waterston_500_minutes_batch_1
CTGTTTAAGAGCAATT-500.1.3,18,0.56675833,530,AWC,ABpxpaaaaap,500_minutes,510-580,530,Waterston_500_minutes_batch_1
TCATTACTCGTGTAGT-500.1.3,16,0.37762764,530,ASI,ABpxaapapppa,500_minutes,510-580,530,Waterston_500_minutes_batch_1
AAAGTAGAGGACGAAA-500.2.1,23,0.3172464,640,ASG,ABpxaapapap,500_minutes,580-650,640,Waterston_500_minutes_batch_2
AAAGTAGGTAAAGTCA-500.2.1,21,0.65705854,620,ASK,ABalpppapppa/ABpraaaapppa,500_minutes,580-650,620,Waterston_500_minutes_batch_2
AAAGTAGGTCCTGCTT-500.2.1,14,0.14947231,400,ADF_AWB,,500_minutes,390-450,400,Waterston_500_minutes_batch_2
AAATGCCGTATAAACG-500.2.1,13,0.48526156,700,ASH,ABpxpaappaa,500_minutes,> 650,700,Waterston_500_minutes_batch_2
AACCATGCATGCCCGA-500.2.1,23,0.3375415,635,ASG,ABpxaapapap,500_minutes,580-650,635,Waterston_500_minutes_batch_2
AACCGCGAGGTGACCA-500.2.1,20,0.7856581,620,ADL,ABalppppaad/ABpraaapaad,500_minutes,580-650,620,Waterston_500_minutes_batch_2
AACTGGTTCGAATGGG-500.2.1,0,0.649486,585,AFD,ABalpppapav/ABpraaaapav,500_minutes,580-650,585,Waterston_500_minutes_batch_2
AAGTCTGGTAGCACGA-500.2.1,21,0.6718083,640,ASK,ABalpppapppa/ABpraaaapppa,500_minutes,580-650,640,Waterston_500_minutes_batch_2
AATCCAGTCGCCATAA-500.2.1,16,0.3895853,630,ASI,ABpxaapapppa,500_minutes,580-650,630,Waterston_500_minutes_batch_2
ACATCAGAGAATTGTG-500.2.1,0,0.70342714,725,AFD,ABalpppapav/ABpraaaapav,500_minutes,> 650,725,Waterston_500_minutes_batch_2
ACCAGTAAGTCGAGTG-500.2.1,13,0.51042175,635,ASH,ABpxpaappaa,500_minutes,580-650,635,Waterston_500_minutes_batch_2
ACGCCGACACAGAGGT-500.2.1,20,0.97124463,700,ADL,ABalppppaad/ABpraaapaad,500_minutes,> 650,700,Waterston_500_minutes_batch_2
ACGCCGAGTGTTGGGA-500.2.1,17,0.24348693,625,AWB,ABalpppppap/ABpraaappap,500_minutes,580-650,625,Waterston_500_minutes_batch_2
ACGGGCTCACGGTGTC-500.2.1,18,0.5344887,520,AWC,ABpxpaaaaap,500_minutes,510-580,520,Waterston_500_minutes_batch_2
ACGGGTCGTCACAAGG-500.2.1,20,0.8083338,630,ADL,ABalppppaad/ABpraaapaad,500_minutes,580-650,630,Waterston_500_minutes_batch_2
ACTGAACTCGCCATAA-500.2.1,24,0.86370856,700,ASJ,ABalpppppppa/ABpraaappppa,500_minutes,> 650,700,Waterston_500_minutes_batch_2
ACTTACTCAATTGCTG-500.2.1,21,0.3562379,450,ASK,ABalpppapppa/ABpraaaapppa,500_minutes,450-510,450,Waterston_500_minutes_batch_2
ACTTTCATCAAAGTAG-500.2.1,18,0.58094233,700,AWC,ABpxpaaaaap,500_minutes,> 650,700,Waterston_500_minutes_batch_2
ACTTTCATCTAGCACA-500.2.1,18,0.63860965,700,AWC,ABpxpaaaaap,500_minutes,> 650,700,Waterston_500_minutes_batch_2
AGAATAGAGCACAGGT-500.2.1,10,0.20303543,390,AUA,ABalpppppppp/ABpraaappppp,500_minutes,390-450,390,Waterston_500_minutes_batch_2
AGACGTTCAATAAGCA-500.2.1,13,0.37270364,425,ASH,ABpxpaappaa,500_minutes,390-450,425,Waterston_500_minutes_batch_2
AGACGTTTCAATCACG-500.2.1,24,0.6417209,620,ASJ,ABalpppppppa/ABpraaappppa,500_minutes,580-650,620,Waterston_500_minutes_batch_2
AGAGTGGGTCGAAAGC-500.2.1,13,0.3662154,435,ASH,ABpxpaappaa,500_minutes,390-450,435,Waterston_500_minutes_batch_2
AGATTGCGTTACGGAG-500.2.1,0,0.6635025,630,AFD,ABalpppapav/ABpraaaapav,500_minutes,580-650,630,Waterston_500_minutes_batch_2
AGCGGTCAGGTGTTAA-500.2.1,13,0.1646654,375,ASH,ABpxpaappaa,500_minutes,330-390,375,Waterston_500_minutes_batch_2
AGCTCCTAGCTAAACA-500.2.1,0,0.6701687,550,AFD,ABalpppapav/ABpraaaapav,500_minutes,510-580,550,Waterston_500_minutes_batch_2
AGCTCCTCAAGTAGTA-500.2.1,19,0.14174071,360,ASG_AWA,,500_minutes,330-390,360,Waterston_500_minutes_batch_2
AGCTCCTCACCAGTTA-500.2.1,20,0.9073082,725,ADL,ABalppppaad/ABpraaapaad,500_minutes,> 650,725,Waterston_500_minutes_batch_2
AGGCCGTGTGAGTGAC-500.2.1,17,0.22320269,450,AWB,ABalpppppap/ABpraaappap,500_minutes,450-510,450,Waterston_500_minutes_batch_2
AGGTCCGAGCATCATC-500.2.1,19,0.3019319,700,AWA,ABpxaapapaa,500_minutes,> 650,700,Waterston_500_minutes_batch_2
AGTTGGTCAGATCCAT-500.2.1,18,0.64462465,725,AWC_ON,,500_minutes,> 650,725,Waterston_500_minutes_batch_2
ATCACGAAGAGCAATT-500.2.1,18,0.6330936,700,AWC,ABpxpaaaaap,500_minutes,> 650,700,Waterston_500_minutes_batch_2
ATCGAGTGTTGTACAC-500.2.1,0,0.6914433,700,AFD,ABalpppapav/ABpraaaapav,500_minutes,> 650,700,Waterston_500_minutes_batch_2
ATCTACTAGAAACCAT-500.2.1,14,0.29278636,550,ADF,ABalpppppaa/ABpraaappaa,500_minutes,510-580,550,Waterston_500_minutes_batch_2
ATCTGCCAGATGCGAC-500.2.1,17,0.20705098,450,AWB,ABalpppppap/ABpraaappap,500_minutes,450-510,450,Waterston_500_minutes_batch_2
ATGCGATGTTCGCGAC-500.2.1,13,0.3220713,490,ASH,ABpxpaappaa,500_minutes,450-510,490,Waterston_500_minutes_batch_2
ATGTGTGAGCACGCCT-500.2.1,0,0.694977,750,AFD,ABalpppapav/ABpraaaapav,500_minutes,> 650,750,Waterston_500_minutes_batch_2
ATTATCCAGGCCCGTT-500.2.1,19,0.24083875,550,AWA,ABpxaapapaa,500_minutes,510-580,550,Waterston_500_minutes_batch_2
CACACTCAGTCGTACT-500.2.1,19,0.1618257,395,AWA,ABpxaapapaa,500_minutes,390-450,395,Waterston_500_minutes_batch_2
CACAGTAAGCTCAACT-500.2.1,19,0.2918365,700,AWA,ABpxaapapaa,500_minutes,> 650,700,Waterston_500_minutes_batch_2
CACATAGAGGAACTGC-500.2.1,20,0.92099524,730,ADL,ABalppppaad/ABpraaapaad,500_minutes,> 650,730,Waterston_500_minutes_batch_2
CAGAATCCAACTTGAC-500.2.1,14,0.31168103,640,ADF,ABalpppppaa/ABpraaappaa,500_minutes,580-650,640,Waterston_500_minutes_batch_2
CAGATCACACCAGATT-500.2.1,23,0.3213794,620,ASG,ABpxaapapap,500_minutes,580-650,620,Waterston_500_minutes_batch_2
CAGCAGCAGTTACGGG-500.2.1,20,0.87286127,640,ADL,ABalppppaad/ABpraaapaad,500_minutes,580-650,640,Waterston_500_minutes_batch_2
CAGCCGAGTCTCGTTC-500.2.1,21,0.6708068,640,ASK,ABalpppapppa/ABpraaaapppa,500_minutes,580-650,640,Waterston_500_minutes_batch_2
CATATTCGTTCAGCGC-500.2.1,17,0.22941601,450,AWB,ABalpppppap/ABpraaappap,500_minutes,450-510,450,Waterston_500_minutes_batch_2
CATCAGATCGGCGGTT-500.2.1,21,0.5667992,550,ASK,ABalpppapppa/ABpraaaapppa,500_minutes,510-580,550,Waterston_500_minutes_batch_2
CCACCTATCATGCTCC-500.2.1,15,0.30655593,530,ASI,ABpxaapapppa,500_minutes,510-580,530,Waterston_500_minutes_batch_2
CCCTCCTCAAGCTGGA-500.2.1,13,0.52622926,700,ASH,ABpxpaappaa,500_minutes,> 650,700,Waterston_500_minutes_batch_2
CCCTCCTGTTATGTGC-500.2.1,19,0.27986202,670,AWA,ABpxaapapaa,500_minutes,> 650,670,Waterston_500_minutes_batch_2
CCTAAAGGTTCAACCA-500.2.1,23,0.3120177,635,ASG,ABpxaapapap,500_minutes,580-650,635,Waterston_500_minutes_batch_2
CCTACCAGTCTAAAGA-500.2.1,14,0.31168118,640,ADF,ABalpppppaa/ABpraaappaa,500_minutes,580-650,640,Waterston_500_minutes_batch_2
CCTTACGCAAGACGTG-500.2.1,20,0.96269417,760,ADL,ABalppppaad/ABpraaapaad,500_minutes,> 650,760,Waterston_500_minutes_batch_2
CGATGTATCGCACTCT-500.2.1,10,0.19405457,370,AUA,ABalpppppppp/ABpraaappppp,500_minutes,330-390,370,Waterston_500_minutes_batch_2
CGCTATCCACGGCTAC-500.2.1,17,0.19349925,415,AWB,ABalpppppap/ABpraaappap,500_minutes,390-450,415,Waterston_500_minutes_batch_2
CGGACGTTCCAACCAA-500.2.1,21,0.488321,470,ASK,ABalpppapppa/ABpraaaapppa,500_minutes,450-510,470,Waterston_500_minutes_batch_2
CGGCTAGCAGCGAACA-500.2.1,19,0.2767934,585,AWA,ABpxaapapaa,500_minutes,580-650,585,Waterston_500_minutes_batch_2
CGTAGCGAGATCCCAT-500.2.1,18,0.57843274,700,AWC,ABpxpaaaaap,500_minutes,> 650,700,Waterston_500_minutes_batch_2
CGTGAGCAGCGTCAAG-500.2.1,17,0.2131187,435,AWB,ABalpppppap/ABpraaappap,500_minutes,390-450,435,Waterston_500_minutes_batch_2
CGTTAGACACCAGCAC-500.2.1,21,0.6179939,550,ASK,ABalpppapppa/ABpraaaapppa,500_minutes,510-580,550,Waterston_500_minutes_batch_2
CGTTAGAGTCTGATTG-500.2.1,19,0.24014503,425,AWA,ABpxaapapaa,500_minutes,390-450,425,Waterston_500_minutes_batch_2
CTAAGACGTTCGGGCT-500.2.1,23,0.30300143,620,ASG,ABpxaapapap,500_minutes,580-650,620,Waterston_500_minutes_batch_2
CTACACCCATCCGTGG-500.2.1,18,0.6811583,725,AWC_ON,,500_minutes,> 650,725,Waterston_500_minutes_batch_2
CTACATTCACTTCTGC-500.2.1,18,0.6303057,700,AWC,ABpxpaaaaap,500_minutes,> 650,700,Waterston_500_minutes_batch_2
CTAGCCTTCGCGATCG-500.2.1,19,0.21060218,490,AWA,ABpxaapapaa,500_minutes,450-510,490,Waterston_500_minutes_batch_2
CTCATTAGTCTAAACC-500.2.1,24,0.6788284,550,ASJ,ABalpppppppa/ABpraaappppa,500_minutes,510-580,550,Waterston_500_minutes_batch_2
CTCATTATCCAATGGT-500.2.1,19,0.2827963,700,AWA,ABpxaapapaa,500_minutes,> 650,700,Waterston_500_minutes_batch_2
CTCGTCAGTGACGGTA-500.2.1,24,0.7703053,700,ASJ,ABalpppppppa/ABpraaappppa,500_minutes,> 650,700,Waterston_500_minutes_batch_2
CTGCCTAGTCAACATC-500.2.1,19,0.32934314,700,AWA,ABpxaapapaa,500_minutes,> 650,700,Waterston_500_minutes_batch_2
CTGCTGTTCGTCTGCT-500.2.1,24,0.83888906,700,ASJ,ABalpppppppa/ABpraaappppa,500_minutes,> 650,700,Waterston_500_minutes_batch_2
CTGGTCTAGACTACAA-500.2.1,17,0.24670963,625,AWB,ABalpppppap/ABpraaappap,500_minutes,580-650,625,Waterston_500_minutes_batch_2
CTGGTCTGTGCAGTAG-500.2.1,21,0.6671862,670,ASK,ABalpppapppa/ABpraaaapppa,500_minutes,> 650,670,Waterston_500_minutes_batch_2
CTTGGCTAGGGTTCCC-500.2.1,23,0.33634886,640,ASG,ABpxaapapap,500_minutes,580-650,640,Waterston_500_minutes_batch_2
CTTTGCGTCAGTTCGA-500.2.1,21,0.2742752,450,ASK,ABalpppapppa/ABpraaaapppa,500_minutes,450-510,450,Waterston_500_minutes_batch_2
GACCAATTCAAGGTAA-500.2.1,24,0.71083224,700,ASJ,ABalpppppppa/ABpraaappppa,500_minutes,> 650,700,Waterston_500_minutes_batch_2
GATCAGTAGTACGTTC-500.2.1,17,0.23663224,700,AWA,ABpxaapapaa,500_minutes,> 650,700,Waterston_500_minutes_batch_2
GATCAGTTCCTTTCGG-500.2.1,20,0.86391217,640,ADL,ABalppppaad/ABpraaapaad,500_minutes,580-650,640,Waterston_500_minutes_batch_2
GATCGCGGTTAAGGGC-500.2.1,24,0.68728906,585,ASJ,ABalpppppppa/ABpraaappppa,500_minutes,580-650,585,Waterston_500_minutes_batch_2
GATGAAACATTAGGCT-500.2.1,19,0.17863089,420,AWA,ABpxaapapaa,500_minutes,390-450,420,Waterston_500_minutes_batch_2
GCATGCGGTTCGGGCT-500.2.1,19,0.2641609,550,AWA,ABpxaapapaa,500_minutes,510-580,550,Waterston_500_minutes_batch_2
GCATGTATCATGTAGC-500.2.1,13,0.49581024,700,ASH,ABpxpaappaa,500_minutes,> 650,700,Waterston_500_minutes_batch_2
GCGCCAATCGGTTCGG-500.2.1,13,0.4030185,470,ASH,ABpxpaappaa,500_minutes,450-510,470,Waterston_500_minutes_batch_2
GCTCTGTGTAATTGGA-500.2.1,0,0.6881208,700,AFD,ABalpppapav/ABpraaaapav,500_minutes,> 650,700,Waterston_500_minutes_batch_2
GGAAAGCCATCTGGTA-500.2.1,10,0.1807087,360,AUA,ABalpppppppp/ABpraaappppp,500_minutes,330-390,360,Waterston_500_minutes_batch_2
GGAACTTCACGGTAAG-500.2.1,21,0.51542133,490,ASK,ABalpppapppa/ABpraaaapppa,500_minutes,450-510,490,Waterston_500_minutes_batch_2
GGAGCAATCTAGCACA-500.2.1,16,0.35764948,630,ASI,ABpxaapapppa,500_minutes,580-650,630,Waterston_500_minutes_batch_2
GGATGTTAGCGATAGC-500.2.1,21,0.5298616,550,ASK,ABalpppapppa/ABpraaaapppa,500_minutes,510-580,550,Waterston_500_minutes_batch_2
GGGACCTAGCGCCTTG-500.2.1,21,0.5084974,510,ASK,ABalpppapppa/ABpraaaapppa,500_minutes,510-580,510,Waterston_500_minutes_batch_2
GGGATGACACGGACAA-500.2.1,20,0.77404845,640,ADL,ABalppppaad/ABpraaapaad,500_minutes,580-650,640,Waterston_500_minutes_batch_2
GGTGCGTCAAGCTGAG-500.2.1,24,0.6939643,640,ASJ,ABalpppppppa/ABpraaappppa,500_minutes,580-650,640,Waterston_500_minutes_batch_2
GTAGGCCTCAACCAAC-500.2.1,17,0.220613,450,AWB,ABalpppppap/ABpraaappap,500_minutes,450-510,450,Waterston_500_minutes_batch_2
GTCATTTGTTTGCATG-500.2.1,13,0.19071172,410,ASH,ABpxpaappaa,500_minutes,390-450,410,Waterston_500_minutes_batch_2
GTGAAGGCATGTAAGA-500.2.1,16,0.4480525,640,ASI,ABpxaapapppa,500_minutes,580-650,640,Waterston_500_minutes_batch_2
GTGCTTCTCCGAGCCA-500.2.1,0,0.61967975,550,AFD,ABalpppapav/ABpraaaapav,500_minutes,510-580,550,Waterston_500_minutes_batch_2
TAAGAGACAAGAAAGG-500.2.1,16,0.37560493,550,ASI,ABpxaapapppa,500_minutes,510-580,550,Waterston_500_minutes_batch_2
TACACGAAGGCGCTCT-500.2.1,18,0.65805036,700,AWC,ABpxpaaaaap,500_minutes,> 650,700,Waterston_500_minutes_batch_2
TACGGATGTTGCTCCT-500.2.1,13,0.39862245,550,ASH,ABpxpaappaa,500_minutes,510-580,550,Waterston_500_minutes_batch_2
TACGGGCCACAACGCC-500.2.1,15,0.15122686,350,ASI_parent,ABpxaapappp,500_minutes,330-390,350,Waterston_500_minutes_batch_2
TACTTACCATGGAATA-500.2.1,17,0.23173796,465,,,500_minutes,450-510,465,Waterston_500_minutes_batch_2
TAGACCAGTATCGCAT-500.2.1,16,0.32606354,490,ASI,ABpxaapapppa,500_minutes,450-510,490,Waterston_500_minutes_batch_2
TAGACCATCGCTGATA-500.2.1,19,0.27736542,620,AWA,ABpxaapapaa,500_minutes,580-650,620,Waterston_500_minutes_batch_2
TAGTTGGGTTATCCGA-500.2.1,15,0.295309,490,ASI,ABpxaapapppa,500_minutes,450-510,490,Waterston_500_minutes_batch_2
TATGCCCCATTGGTAC-500.2.1,18,0.65428793,700,AWC,ABpxpaaaaap,500_minutes,> 650,700,Waterston_500_minutes_batch_2
TCAACGAAGTTGCAGG-500.2.1,18,0.60203636,635,AWC,ABpxpaaaaap,500_minutes,580-650,635,Waterston_500_minutes_batch_2
TCACGAAAGGCATTGG-500.2.1,17,0.2499369,630,AWB,ABalpppppap/ABpraaappap,500_minutes,580-650,630,Waterston_500_minutes_batch_2
TCAGATGTCCGAACGC-500.2.1,23,0.2666884,510,ASG,ABpxaapapap,500_minutes,510-580,510,Waterston_500_minutes_batch_2
TCAGCTCGTTCGTTGA-500.2.1,14,0.30691382,670,ADF,ABalpppppaa/ABpraaappaa,500_minutes,> 650,670,Waterston_500_minutes_batch_2
TCAGGATTCAGGTTCA-500.2.1,21,0.36864662,450,ASK,ABalpppapppa/ABpraaaapppa,500_minutes,450-510,450,Waterston_500_minutes_batch_2
TCATTACTCACAGTAC-500.2.1,15,0.2947978,450,ASI,ABpxaapapppa,500_minutes,450-510,450,Waterston_500_minutes_batch_2
TCGAGGCAGGGATCTG-500.2.1,14,0.28930706,620,ADF,ABalpppppaa/ABpraaappaa,500_minutes,580-650,620,Waterston_500_minutes_batch_2
TCGCGTTCATCGGAAG-500.2.1,19,0.25992826,625,AWA,ABpxaapapaa,500_minutes,580-650,625,Waterston_500_minutes_batch_2
TCGCGTTGTGGGTATG-500.2.1,17,0.21171279,450,AWB,ABalpppppap/ABpraaappap,500_minutes,450-510,450,Waterston_500_minutes_batch_2
TCGTAGAAGGTTCCTA-500.2.1,20,0.8819107,640,ADL,ABalppppaad/ABpraaapaad,500_minutes,580-650,640,Waterston_500_minutes_batch_2
TCTCTAAAGAGCAATT-500.2.1,19,0.2828702,700,AWA,ABpxaapapaa,500_minutes,> 650,700,Waterston_500_minutes_batch_2
TGAGCCGGTAGCTCCG-500.2.1,16,0.42878878,565,ASI,ABpxaapapppa,500_minutes,510-580,565,Waterston_500_minutes_batch_2
TGCCAAAAGCTAGTGG-500.2.1,0,0.6342225,585,AFD,ABalpppapav/ABpraaaapav,500_minutes,580-650,585,Waterston_500_minutes_batch_2
TGCCCTAAGGCTACGA-500.2.1,21,0.5361189,500,ASK,ABalpppapppa/ABpraaaapppa,500_minutes,450-510,500,Waterston_500_minutes_batch_2
TGCCCTAGTATGAATG-500.2.1,24,0.8228979,640,ASJ,ABalpppppppa/ABpraaappppa,500_minutes,580-650,640,Waterston_500_minutes_batch_2
TGCGGGTGTGATGTGG-500.2.1,18,0.5479272,620,AWC,ABpxpaaaaap,500_minutes,580-650,620,Waterston_500_minutes_batch_2
TGCTACCTCTACCAGA-500.2.1,18,0.46309334,470,AWC,ABpxpaaaaap,500_minutes,450-510,470,Waterston_500_minutes_batch_2
TGGGAAGAGAAGAAGC-500.2.1,13,0.47870815,550,ASH,ABpxpaappaa,500_minutes,510-580,550,Waterston_500_minutes_batch_2
TTAGTTCGTCTGCGGT-500.2.1,13,0.35750404,440,ASH,ABpxpaappaa,500_minutes,390-450,440,Waterston_500_minutes_batch_2
TTCTACAAGTGACATA-500.2.1,19,0.27186266,620,AWA,ABpxaapapaa,500_minutes,580-650,620,Waterston_500_minutes_batch_2
TTCTACATCGCCATAA-500.2.1,13,0.50387716,640,ASH,ABpxpaappaa,500_minutes,580-650,640,Waterston_500_minutes_batch_2
TTCTCCTAGCTGATAA-500.2.1,21,0.4847863,450,ASK,ABalpppapppa/ABpraaaapppa,500_minutes,450-510,450,Waterston_500_minutes_batch_2
TTGAACGTCTGATTCT-500.2.1,17,0.1915602,465,,,500_minutes,450-510,465,Waterston_500_minutes_batch_2
TTGCCGTTCGGCGCTA-500.2.1,23,0.32276762,620,ASG,ABpxaapapap,500_minutes,580-650,620,Waterston_500_minutes_batch_2
TTGGCAATCACGCATA-500.2.1,19,0.25960037,550,AWA,ABpxaapapaa,500_minutes,510-580,550,Waterston_500_minutes_batch_2
TTTCCTCTCACAGGCC-500.2.1,23,0.2987631,550,ASG,ABpxaapapap,500_minutes,510-580,550,Waterston_500_minutes_batch_2
TTTGTCACAAAGGTGC-500.2.1,0,0.68550074,700,AFD,ABalpppapav/ABpraaaapav,500_minutes,> 650,700,Waterston_500_minutes_batch_2
AACCATGTCTGCGTAA-500.2.2,17,0.17751527,630,ASJ,ABalpppppppa/ABpraaappppa,500_minutes,580-650,630,Waterston_500_minutes_batch_2
AACCGCGCATCATCCC-500.2.2,0,0.6647941,630,AFD,ABalpppapav/ABpraaaapav,500_minutes,580-650,630,Waterston_500_minutes_batch_2
ACACCAAAGCTAAGAT-500.2.2,23,0.3209834,640,ASG,ABpxaapapap,500_minutes,580-650,640,Waterston_500_minutes_batch_2
ACACTGAAGTCATCCA-500.2.2,0,0.6839032,630,AFD,ABalpppapav/ABpraaaapav,500_minutes,580-650,630,Waterston_500_minutes_batch_2
ACGAGGAGTGGTACAG-500.2.2,19,0.13870427,390,AWA,ABpxaapapaa,500_minutes,390-450,390,Waterston_500_minutes_batch_2
ACGCCAGAGGGTCTCC-500.2.2,19,0.14218558,390,ASG,ABpxaapapap,500_minutes,390-450,390,Waterston_500_minutes_batch_2
ACGCCGACACTGTGTA-500.2.2,17,0.27175158,620,AWB,ABalpppppap/ABpraaappap,500_minutes,580-650,620,Waterston_500_minutes_batch_2
ACGGCCACATCGGGTC-500.2.2,20,0.9422982,755,ADL,ABalppppaad/ABpraaapaad,500_minutes,> 650,755,Waterston_500_minutes_batch_2
ACGGCCATCCAGGGCT-500.2.2,13,0.43358266,550,ASH,ABpxpaappaa,500_minutes,510-580,550,Waterston_500_minutes_batch_2
ACGGGCTAGCTAGTCT-500.2.2,13,0.49535966,700,ASH,ABpxpaappaa,500_minutes,> 650,700,Waterston_500_minutes_batch_2
ACTATCTGTAAGGATT-500.2.2,17,0.24628241,620,AWB,ABalpppppap/ABpraaappap,500_minutes,580-650,620,Waterston_500_minutes_batch_2
ACTTTCAAGTACGACG-500.2.2,23,0.29650176,550,ASG,ABpxaapapap,500_minutes,510-580,550,Waterston_500_minutes_batch_2
AGAGTGGCAAACGTGG-500.2.2,16,0.42055234,640,ASI,ABpxaapapppa,500_minutes,580-650,640,Waterston_500_minutes_batch_2
AGAGTGGGTCAGTGGA-500.2.2,19,0.144294,385,AWA,ABpxaapapaa,500_minutes,330-390,385,Waterston_500_minutes_batch_2
AGATTGCCATGCCTAA-500.2.2,17,0.26639998,640,AWB,ABalpppppap/ABpraaappap,500_minutes,580-650,640,Waterston_500_minutes_batch_2
AGATTGCTCCACGACG-500.2.2,13,0.28316733,725,ASH,ABpxpaappaa,500_minutes,> 650,725,Waterston_500_minutes_batch_2
AGCAGCCGTAAGTGTA-500.2.2,16,0.40633923,640,ASI,ABpxaapapppa,500_minutes,580-650,640,Waterston_500_minutes_batch_2
AGCTTGATCTCGATGA-500.2.2,18,0.57238895,620,AWC,ABpxpaaaaap,500_minutes,580-650,620,Waterston_500_minutes_batch_2
AGGGATGTCATTTGGG-500.2.2,17,0.21629435,450,AWB,ABalpppppap/ABpraaappap,500_minutes,450-510,450,Waterston_500_minutes_batch_2
AGGTCCGTCTAACCGA-500.2.2,18,0.56407255,640,AWC,ABpxpaaaaap,500_minutes,580-650,640,Waterston_500_minutes_batch_2
AGTTGGTAGGCGATAC-500.2.2,16,0.41552293,625,ASI,ABpxaapapppa,500_minutes,580-650,625,Waterston_500_minutes_batch_2
ATCATCTAGTGCGATG-500.2.2,19,0.31007618,640,AWB,ABalpppppap/ABpraaappap,500_minutes,580-650,640,Waterston_500_minutes_batch_2
ATCTACTAGAAACGAG-500.2.2,13,0.5179224,640,ASH,ABpxpaappaa,500_minutes,580-650,640,Waterston_500_minutes_batch_2
CAAGGCCCATAAAGGT-500.2.2,15,0.31597286,640,ASI,ABpxaapapppa,500_minutes,580-650,640,Waterston_500_minutes_batch_2
CACACAACAAGCGATG-500.2.2,18,0.546947,550,AWC,ABpxpaaaaap,500_minutes,510-580,550,Waterston_500_minutes_batch_2
CACACTCCAAGAAGAG-500.2.2,13,0.5212943,725,ASH,ABpxpaappaa,500_minutes,> 650,725,Waterston_500_minutes_batch_2
CACATAGAGCCAGAAC-500.2.2,20,0.89110214,700,ADL,ABalppppaad/ABpraaapaad,500_minutes,> 650,700,Waterston_500_minutes_batch_2
CACATAGGTCATGCCG-500.2.2,19,0.2901829,700,AWA,ABpxaapapaa,500_minutes,> 650,700,Waterston_500_minutes_batch_2
CACCACTCATAAGACA-500.2.2,0,0.6950601,700,AFD,ABalpppapav/ABpraaaapav,500_minutes,> 650,700,Waterston_500_minutes_batch_2
CAGCATAAGACACGAC-500.2.2,17,0.20696792,450,AWB,ABalpppppap/ABpraaappap,500_minutes,450-510,450,Waterston_500_minutes_batch_2
CAGCTGGAGAAACGAG-500.2.2,19,0.2061133,440,AWA,ABpxaapapaa,500_minutes,390-450,440,Waterston_500_minutes_batch_2
CATCCACCATGGAATA-500.2.2,17,0.16985592,400,ASJ,ABalpppppppa/ABpraaappppa,500_minutes,390-450,400,Waterston_500_minutes_batch_2
CATGACAAGCAAATCA-500.2.2,17,0.2308965,500,AWB,ABalpppppap/ABpraaappap,500_minutes,450-510,500,Waterston_500_minutes_batch_2
CATGGCGCATGCCTTC-500.2.2,20,0.9286926,640,ADL,ABalppppaad/ABpraaapaad,500_minutes,580-650,640,Waterston_500_minutes_batch_2
CATTCGCCATATGCTG-500.2.2,15,0.1742774,385,ASI_parent,ABpxaapappp,500_minutes,330-390,385,Waterston_500_minutes_batch_2
CCCTCCTTCACGCATA-500.2.2,13,0.4862769,630,ASH,ABpxpaappaa,500_minutes,580-650,630,Waterston_500_minutes_batch_2
CCTATTAAGTGTCCAT-500.2.2,0,0.68200517,700,AFD,ABalpppapav/ABpraaaapav,500_minutes,> 650,700,Waterston_500_minutes_batch_2
CGATCGGCACATAACC-500.2.2,21,0.64110065,550,ASK,ABalpppapppa/ABpraaaapppa,500_minutes,510-580,550,Waterston_500_minutes_batch_2
CGCCAAGGTGAGGCTA-500.2.2,21,0.6939216,640,ASK,ABalpppapppa/ABpraaaapppa,500_minutes,580-650,640,Waterston_500_minutes_batch_2
CGCGGTATCTTTAGTC-500.2.2,13,0.3693104,490,ASH,ABpxpaappaa,500_minutes,450-510,490,Waterston_500_minutes_batch_2
CGGACTGTCGTCCGTT-500.2.2,16,0.35367653,620,ASI,ABpxaapapppa,500_minutes,580-650,620,Waterston_500_minutes_batch_2
CGGAGCTTCCTCAATT-500.2.2,21,0.70596683,670,ASK,ABalpppapppa/ABpraaaapppa,500_minutes,> 650,670,Waterston_500_minutes_batch_2
CGGGTCATCGGCTTGG-500.2.2,23,0.32963663,640,ASG,ABpxaapapap,500_minutes,580-650,640,Waterston_500_minutes_batch_2
CGGTTAACACGAAGCA-500.2.2,18,0.58368295,620,AWC,ABpxpaaaaap,500_minutes,580-650,620,Waterston_500_minutes_batch_2
CGGTTAACATGAGCGA-500.2.2,15,0.1745544,415,ASI,ABpxaapapppa,500_minutes,390-450,415,Waterston_500_minutes_batch_2
CGTCAGGCACGGCTAC-500.2.2,17,0.22269963,450,AWB,ABalpppppap/ABpraaappap,500_minutes,450-510,450,Waterston_500_minutes_batch_2
CGTCCATCAAAGCGGT-500.2.2,19,0.29044923,700,AWA,ABpxaapapaa,500_minutes,> 650,700,Waterston_500_minutes_batch_2
CGTGTCTTCTACTATC-500.2.2,13,0.50481623,700,ASH,ABpxpaappaa,500_minutes,> 650,700,Waterston_500_minutes_batch_2
CTAAGACCACACCGCA-500.2.2,21,0.6791416,670,ASK,ABalpppapppa/ABpraaaapppa,500_minutes,> 650,670,Waterston_500_minutes_batch_2
CTCGAGGCAGTTAACC-500.2.2,13,0.52140224,700,ASH,ABpxpaappaa,500_minutes,> 650,700,Waterston_500_minutes_batch_2
CTTAGGACACAAGACG-500.2.2,23,0.24769285,450,ASG,ABpxaapapap,500_minutes,450-510,450,Waterston_500_minutes_batch_2
CTTGGCTCAGGTGCCT-500.2.2,23,0.33065206,640,ASG,ABpxaapapap,500_minutes,580-650,640,Waterston_500_minutes_batch_2
CTTTGCGTCTGATTCT-500.2.2,23,0.30820552,620,ASG,ABpxaapapap,500_minutes,580-650,620,Waterston_500_minutes_batch_2
GAACCTATCGTACCGG-500.2.2,20,0.93784136,760,ADL,ABalppppaad/ABpraaapaad,500_minutes,> 650,760,Waterston_500_minutes_batch_2
GAATAAGCAAAGGTGC-500.2.2,13,0.49210215,640,ASH,ABpxpaappaa,500_minutes,580-650,640,Waterston_500_minutes_batch_2
GACACGCTCTGACCTC-500.2.2,0,0.6551193,630,AFD,ABalpppapav/ABpraaaapav,500_minutes,580-650,630,Waterston_500_minutes_batch_2
GACCTGGCATCACAAC-500.2.2,23,0.32951477,635,ASG,ABpxaapapap,500_minutes,580-650,635,Waterston_500_minutes_batch_2
GACGGCTCAGCTCGCA-500.2.2,18,0.53779995,585,AWC,ABpxpaaaaap,500_minutes,580-650,585,Waterston_500_minutes_batch_2
GATCGCGTCCAGAGGA-500.2.2,19,0.18890947,420,AWA,ABpxaapapaa,500_minutes,390-450,420,Waterston_500_minutes_batch_2
GCAGCCAAGGGTCTCC-500.2.2,23,0.28577894,585,ASG,ABpxaapapap,500_minutes,580-650,585,Waterston_500_minutes_batch_2
GCATGATTCGCCGTGA-500.2.2,17,0.23762853,550,AWB,ABalpppppap/ABpraaappap,500_minutes,510-580,550,Waterston_500_minutes_batch_2
GCCAAATTCGACGGAA-500.2.2,19,0.22713144,550,AWA,ABpxaapapaa,500_minutes,510-580,550,Waterston_500_minutes_batch_2
GCGCAGTCACAGGCCT-500.2.2,18,0.5918411,620,AWC,ABpxpaaaaap,500_minutes,580-650,620,Waterston_500_minutes_batch_2
GCGCAGTGTCATCCCT-500.2.2,20,0.9184993,750,ADL,ABalppppaad/ABpraaapaad,500_minutes,> 650,750,Waterston_500_minutes_batch_2
GCGCGATTCTGAGTGT-500.2.2,21,0.6503151,630,ASK,ABalpppapppa/ABpraaaapppa,500_minutes,580-650,630,Waterston_500_minutes_batch_2
GGAATAAAGGCCCGTT-500.2.2,13,0.51675427,700,ASH,ABpxpaappaa,500_minutes,> 650,700,Waterston_500_minutes_batch_2
GGATTACAGTACACCT-500.2.2,17,0.23520236,510,AWB,ABalpppppap/ABpraaappap,500_minutes,510-580,510,Waterston_500_minutes_batch_2
GGATTACGTCGACTGC-500.2.2,0,0.6793649,670,AFD,ABalpppapav/ABpraaaapav,500_minutes,> 650,670,Waterston_500_minutes_batch_2
GGCGTGTGTCTTCGTC-500.2.2,10,0.18704215,420,AUA,ABalpppppppp/ABpraaappppp,500_minutes,390-450,420,Waterston_500_minutes_batch_2
GGTATTGCACATCCAA-500.2.2,0,0.6645196,585,AFD,ABalpppapav/ABpraaaapav,500_minutes,580-650,585,Waterston_500_minutes_batch_2
GGTGAAGGTAAAGTCA-500.2.2,17,0.19684461,435,AWB,ABalpppppap/ABpraaappap,500_minutes,390-450,435,Waterston_500_minutes_batch_2
GTAGTCAAGACAGGCT-500.2.2,19,0.30191574,700,AWA,ABpxaapapaa,500_minutes,> 650,700,Waterston_500_minutes_batch_2
GTAGTCACAGTACACT-500.2.2,14,0.30612868,700,ADF,ABalpppppaa/ABpraaappaa,500_minutes,> 650,700,Waterston_500_minutes_batch_2
GTCACAAAGAGGGCTT-500.2.2,14,0.31582132,670,ADF,ABalpppppaa/ABpraaappaa,500_minutes,> 650,670,Waterston_500_minutes_batch_2
GTCCTCATCCCTGACT-500.2.2,19,0.19197462,440,AWA,ABpxaapapaa,500_minutes,390-450,440,Waterston_500_minutes_batch_2
GTCGTAACAGCTGTAT-500.2.2,21,0.61144394,585,ASK,ABalpppapppa/ABpraaaapppa,500_minutes,580-650,585,Waterston_500_minutes_batch_2
GTCGTAACATACGCCG-500.2.2,24,0.5335977,500,ASJ,ABalpppppppa/ABpraaappppa,500_minutes,450-510,500,Waterston_500_minutes_batch_2
GTCTCGTCAACGCACC-500.2.2,14,0.31387433,670,ADF,ABalpppppaa/ABpraaappaa,500_minutes,> 650,670,Waterston_500_minutes_batch_2
GTCTCGTGTTGATTGC-500.2.2,19,0.15191217,390,AWA,ABpxaapapaa,500_minutes,390-450,390,Waterston_500_minutes_batch_2
GTGCATATCCTCATTA-500.2.2,23,0.3242115,640,ASG,ABpxaapapap,500_minutes,580-650,640,Waterston_500_minutes_batch_2
GTGTTAGTCATGCTCC-500.2.2,17,0.24021341,450,AWB,ABalpppppap/ABpraaappap,500_minutes,450-510,450,Waterston_500_minutes_batch_2
GTTAAGCGTAGAGCTG-500.2.2,17,0.24549295,550,AWB,ABalpppppap/ABpraaappap,500_minutes,510-580,550,Waterston_500_minutes_batch_2
GTTCGGGAGCTACCGC-500.2.2,23,0.3083812,620,ASG,ABpxaapapap,500_minutes,580-650,620,Waterston_500_minutes_batch_2
TACACGACACCGAAAG-500.2.2,19,0.2618326,550,AWA,ABpxaapapaa,500_minutes,510-580,550,Waterston_500_minutes_batch_2
TACAGTGCAAGCGTAG-500.2.2,14,0.14028227,375,,,500_minutes,330-390,375,Waterston_500_minutes_batch_2
TACCTATTCCAGAGGA-500.2.2,23,0.24216418,490,ASG,ABpxaapapap,500_minutes,450-510,490,Waterston_500_minutes_batch_2
TACTTACGTCAAGCGA-500.2.2,18,0.5033565,640,AWC,ABpxpaaaaap,500_minutes,580-650,640,Waterston_500_minutes_batch_2
TAGTGGTTCTCTGCTG-500.2.2,19,0.23666848,550,AWA,ABpxaapapaa,500_minutes,510-580,550,Waterston_500_minutes_batch_2
TCAACGATCACGATGT-500.2.2,17,0.260268,620,AWB,ABalpppppap/ABpraaappap,500_minutes,580-650,620,Waterston_500_minutes_batch_2
TCAATCTAGGATGGAA-500.2.2,19,0.27509752,700,AWA,ABpxaapapaa,500_minutes,> 650,700,Waterston_500_minutes_batch_2
TCAGCTCTCGTGGGAA-500.2.2,21,0.42826074,450,ASK,ABalpppapppa/ABpraaaapppa,500_minutes,450-510,450,Waterston_500_minutes_batch_2
TCGTACCAGCATGGCA-500.2.2,20,0.8885077,760,ADL,ABalppppaad/ABpraaapaad,500_minutes,> 650,760,Waterston_500_minutes_batch_2
TCTGGAAAGCGATGAC-500.2.2,19,0.26654604,620,AWA,ABpxaapapaa,500_minutes,580-650,620,Waterston_500_minutes_batch_2
TGAAAGATCCGGCACA-500.2.2,23,0.32453185,620,ASG,ABpxaapapap,500_minutes,580-650,620,Waterston_500_minutes_batch_2
TGACTTTAGGCTCTTA-500.2.2,19,0.12091488,350,ASG_AWA,,500_minutes,330-390,350,Waterston_500_minutes_batch_2
TGACTTTGTACATCCA-500.2.2,13,0.52893907,700,ASH,ABpxpaappaa,500_minutes,> 650,700,Waterston_500_minutes_batch_2
TGAGAGGAGTTCGCGC-500.2.2,17,0.2544516,640,AWB,ABalpppppap/ABpraaappap,500_minutes,580-650,640,Waterston_500_minutes_batch_2
TGATTTCAGTGCCAGA-500.2.2,18,0.47006363,520,AWC,ABpxpaaaaap,500_minutes,510-580,520,Waterston_500_minutes_batch_2
TGTGTTTCAGTGAGTG-500.2.2,20,0.96699375,585,ASI,ABpxaapapppa,500_minutes,580-650,585,Waterston_500_minutes_batch_2
TGTTCCGCACGGTGTC-500.2.2,15,0.2753292,450,ASI,ABpxaapapppa,500_minutes,450-510,450,Waterston_500_minutes_batch_2
TTAGGCAAGACATAAC-500.2.2,18,0.5524304,635,AWC,ABpxpaaaaap,500_minutes,580-650,635,Waterston_500_minutes_batch_2
TTTACTGTCAGGTTCA-500.2.2,19,0.13667265,390,AWA,ABpxaapapaa,500_minutes,390-450,390,Waterston_500_minutes_batch_2
TTTGGTTCACAGCGTC-500.2.2,19,0.25573796,550,AWA,ABpxaapapaa,500_minutes,510-580,550,Waterston_500_minutes_batch_2
AACCATGCAGTCTTCC-r17,6,0.07203265,355,,,mixed,330-390,355,Murray_r17
AACCGCGTCGGACAAG-r17,6,0.068266645,270,,,mixed,270-330,270,Murray_r17
CGAGAAGAGTGGGATC-r17,6,0.094547234,360,,,mixed,330-390,360,Murray_r17
CTTGGCTAGGTGTGGT-r17,17,0.17479038,450,AWB,ABalpppppap/ABpraaappap,mixed,450-510,450,Murray_r17
GCAAACTTCCCGACTT-r17,6,0.065281905,390,ASG_AWA,,mixed,390-450,390,Murray_r17
GGGAATGAGTGGTAAT-r17,6,0.077072814,700,ADL,ABalppppaad/ABpraaapaad,mixed,> 650,700,Murray_r17
GTTACAGAGAAGCCCA-r17,0,0.60586053,630,AFD,ABalpppapav/ABpraaaapav,mixed,580-650,630,Murray_r17
TTAGGCAGTCACCTAA-r17,6,0.13088132,640,ASK,ABalpppapppa/ABpraaaapppa,mixed,580-650,640,Murray_r17
AAAGTAGCATTGAGCT-b01,21,0.46906304,510,ASK,ABalpppapppa/ABpraaaapppa,mixed,510-580,510,Murray_b01
AAATGCCAGGACAGAA-b01,19,0.14508207,410,AWA,ABpxaapapaa,mixed,390-450,410,Murray_b01
AACCATGAGTGTACCT-b01,17,0.19580597,470,AWB,ABalpppppap/ABpraaappap,mixed,450-510,470,Murray_b01
AACGTTGCAGTTCATG-b01,20,0.8120534,700,ADL,ABalppppaad/ABpraaapaad,mixed,> 650,700,Murray_b01
AACTCTTGTCTGCCAG-b01,21,0.4470488,550,ASK,ABalpppapppa/ABpraaaapppa,mixed,510-580,550,Murray_b01
AACTTTCCACGCATCG-b01,19,0.1889681,425,ASG,ABpxaapapap,mixed,390-450,425,Murray_b01
AAGTCTGGTCGGCATC-b01,13,0.15770666,380,ASH,ABpxpaappaa,mixed,330-390,380,Murray_b01
AATCGGTCATACTACG-b01,0,0.69020146,620,AFD,ABalpppapav/ABpraaaapav,mixed,580-650,620,Murray_b01
AATCGGTTCTGTCAAG-b01,21,0.62510806,620,ASK,ABalpppapppa/ABpraaaapppa,mixed,580-650,620,Murray_b01
ACAGCTACACCAACCG-b01,21,0.5614039,550,ASK,ABalpppapppa/ABpraaaapppa,mixed,510-580,550,Murray_b01
ACCGTAACATGCCACG-b01,15,0.108310096,335,ASI_parent,ABpxaapappp,mixed,330-390,335,Murray_b01
ACCGTAAGTGAGGGAG-b01,15,0.1941712,450,ASI,ABpxaapapppa,mixed,450-510,450,Murray_b01
ACGAGGACATGGTCAT-b01,20,0.9121058,750,ADL,ABalppppaad/ABpraaapaad,mixed,> 650,750,Murray_b01
ACGATGTAGGCGCTCT-b01,18,0.6089105,640,AWC,ABpxpaaaaap,mixed,580-650,640,Murray_b01
ACTGAACGTTGAGTTC-b01,13,0.48769832,550,ASH,ABpxpaappaa,mixed,510-580,550,Murray_b01
ACTGAGTAGTGGAGTC-b01,24,0.8818199,640,ASJ,ABalpppppppa/ABpraaappppa,mixed,580-650,640,Murray_b01
ACTGCTCCACGTTGGC-b01,19,0.23061028,550,AWA,ABpxaapapaa,mixed,510-580,550,Murray_b01
ACTTACTCACATGACT-b01,17,0.18107337,430,AWB,ABalpppppap/ABpraaappap,mixed,390-450,430,Murray_b01
ACTTGTTAGTCGATAA-b01,19,0.1260024,385,AWA,ABpxaapapaa,mixed,330-390,385,Murray_b01
ACTTGTTTCTTGAGAC-b01,21,0.632476,640,ASK,ABalpppapppa/ABpraaaapppa,mixed,580-650,640,Murray_b01
AGAGCTTAGGTGGGTT-b01,19,0.14044632,410,AWA,ABpxaapapaa,mixed,390-450,410,Murray_b01
AGAGCTTGTTAGGGTG-b01,6,0.13159327,400,AUA,ABalpppppppp/ABpraaappppp,mixed,390-450,400,Murray_b01
AGATTGCTCCGAGCCA-b01,15,0.29746875,490,ASI,ABpxaapapppa,mixed,450-510,490,Murray_b01
AGCATACTCGACGGAA-b01,16,0.3904152,585,ASI,ABpxaapapppa,mixed,580-650,585,Murray_b01
AGCATACTCGAGGTAG-b01,24,0.39135042,500,ASJ,ABalpppppppa/ABpraaappppa,mixed,450-510,500,Murray_b01
AGCGTATCATATGAGA-b01,14,0.15417585,390,AWB,ABalpppppap/ABpraaappap,mixed,390-450,390,Murray_b01
AGCGTATGTGCCTGTG-b01,6,0.1373878,405,ADF_AWB,,mixed,390-450,405,Murray_b01
AGCGTCGTCGGCGGTT-b01,24,0.76263654,700,ASJ,ABalpppppppa/ABpraaappppa,mixed,> 650,700,Murray_b01
AGCTCTCGTCTCCCTA-b01,15,0.1656488,490,ASI,ABpxaapapppa,mixed,450-510,490,Murray_b01
AGGCCACCAGGACGTA-b01,13,0.2352607,400,ASH,ABpxpaappaa,mixed,390-450,400,Murray_b01
AGGCCACTCCTGCAGG-b01,0,0.6252758,585,AFD,ABalpppapav/ABpraaaapav,mixed,580-650,585,Murray_b01
AGGGATGGTCTTCAAG-b01,0,0.6264824,550,AFD,ABalpppapav/ABpraaaapav,mixed,510-580,550,Murray_b01
AGTCTTTCAAGCCATT-b01,0,0.6861213,550,AFD,ABalpppapav/ABpraaaapav,mixed,510-580,550,Murray_b01
AGTCTTTTCCCTAACC-b01,24,0.9060694,725,ASJ,ABalpppppppa/ABpraaappppa,mixed,> 650,725,Murray_b01
AGTGAGGAGGATGCGT-b01,21,0.5190703,550,ASK,ABalpppapppa/ABpraaaapppa,mixed,510-580,550,Murray_b01
ATCACGACAGATCCAT-b01,15,0.1381856,365,ASI_parent,ABpxaapappp,mixed,330-390,365,Murray_b01
ATCACGATCCTCAACC-b01,15,0.201167,435,ASI,ABpxaapapppa,mixed,390-450,435,Murray_b01
ATCTACTGTAAAGTCA-b01,21,0.51304936,550,ASK,ABalpppapppa/ABpraaaapppa,mixed,510-580,550,Murray_b01
ATTATCCGTACCATCA-b01,15,0.30031642,490,ASI,ABpxaapapppa,mixed,450-510,490,Murray_b01
ATTATCCGTGTGGCTC-b01,18,0.32484666,450,AWC,ABpxpaaaaap,mixed,450-510,450,Murray_b01
ATTGGACGTTAGAACA-b01,15,0.14595807,410,ASI,ABpxaapapppa,mixed,390-450,410,Murray_b01
ATTTCTGTCCCGACTT-b01,15,0.16127098,410,ASI,ABpxaapapppa,mixed,390-450,410,Murray_b01
CAACTAGTCAAGAAGT-b01,15,0.1564599,370,ASI_parent,ABpxaapappp,mixed,330-390,370,Murray_b01
CAAGAAAAGCCAGAAC-b01,18,0.534515,620,AWC,ABpxpaaaaap,mixed,580-650,620,Murray_b01
CACAGGCAGTATGACA-b01,13,0.55085593,640,ASH,ABpxpaappaa,mixed,580-650,640,Murray_b01
CACATAGGTGTGACGA-b01,20,0.9336948,700,ADL,ABalppppaad/ABpraaapaad,mixed,> 650,700,Murray_b01
CACCACTAGGGAGTAA-b01,18,0.6155367,700,AWC,ABpxpaaaaap,mixed,> 650,700,Murray_b01
CACCACTCAAAGAATC-b01,13,0.546435,700,ASH,ABpxpaappaa,mixed,> 650,700,Murray_b01
CACCACTTCGTAGGAG-b01,18,0.55425334,620,AWC,ABpxpaaaaap,mixed,580-650,620,Murray_b01
CAGAATCAGCGACGTA-b01,21,0.63377494,620,ASK,ABalpppapppa/ABpraaaapppa,mixed,580-650,620,Murray_b01
CAGATCAAGATGTCGG-b01,19,0.13058828,385,AWA,ABpxaapapaa,mixed,330-390,385,Murray_b01
CAGCCGATCGTCACGG-b01,10,0.15360627,425,AUA,ABalpppppppp/ABpraaappppp,mixed,390-450,425,Murray_b01
CAGGTGCCATGCAACT-b01,24,0.5197018,550,ASJ,ABalpppppppa/ABpraaappppa,mixed,510-580,550,Murray_b01
CAGTCCTCAGCCTTGG-b01,17,0.20377274,420,AWB,ABalpppppap/ABpraaappap,mixed,390-450,420,Murray_b01
CATCAGATCCGTAGTA-b01,16,0.40785924,640,ASI,ABpxaapapppa,mixed,580-650,640,Murray_b01
CATCGAACATGGTCTA-b01,10,0.16055977,390,AUA,ABalpppppppp/ABpraaappppp,mixed,390-450,390,Murray_b01
CATCGAAGTCAACTGT-b01,19,0.11535503,350,ASG_AWA,,mixed,330-390,350,Murray_b01
CATTCGCGTTGAGGTG-b01,16,0.3706511,620,ASI,ABpxaapapppa,mixed,580-650,620,Murray_b01
CCGGTAGAGTAGGCCA-b01,24,0.89400274,700,ASJ,ABalpppppppa/ABpraaappppa,mixed,> 650,700,Murray_b01
CCGTTCAAGAGTCTGG-b01,24,0.62474924,620,ASJ,ABalpppppppa/ABpraaappppa,mixed,580-650,620,Murray_b01
CCTACACAGCCACGCT-b01,17,0.23636346,550,AWB,ABalpppppap/ABpraaappap,mixed,510-580,550,Murray_b01
CCTCTGAAGCAACGGT-b01,17,0.21284965,490,AWB,ABalpppppap/ABpraaappap,mixed,450-510,490,Murray_b01
CCTTCCCCACCTGGTG-b01,23,0.2545068,550,ASG,ABpxaapapap,mixed,510-580,550,Murray_b01
CCTTCGACATGTAGTC-b01,19,0.2157154,550,AWA,ABpxaapapaa,mixed,510-580,550,Murray_b01
CGAACATAGCCGTCGT-b01,0,0.7021262,640,AFD,ABalpppapav/ABpraaaapav,mixed,580-650,640,Murray_b01
CGAACATTCTATCCCG-b01,15,0.18674168,450,ASI,ABpxaapapppa,mixed,450-510,450,Murray_b01
CGACCTTTCCAATGGT-b01,21,0.46449298,500,ASK,ABalpppapppa/ABpraaaapppa,mixed,450-510,500,Murray_b01
CGAGAAGCACTGAAGG-b01,23,0.33275625,640,ASG,ABpxaapapap,mixed,580-650,640,Murray_b01
CGAGCCATCCCTTGCA-b01,24,0.5423943,530,ASJ,ABalpppppppa/ABpraaappppa,mixed,510-580,530,Murray_b01
CGATTGATCACATACG-b01,13,0.18040109,400,ASH,ABpxpaappaa,mixed,390-450,400,Murray_b01
CGCTTCAAGTATGACA-b01,18,0.5097718,620,AWC,ABpxpaaaaap,mixed,580-650,620,Murray_b01
CGCTTCACAGATTGCT-b01,6,0.20880173,640,AFD,ABalpppapav/ABpraaaapav,mixed,580-650,640,Murray_b01
CGCTTCAGTGTAATGA-b01,15,0.15181929,750,ADL,ABalppppaad/ABpraaapaad,mixed,> 650,750,Murray_b01
CGGAGTCAGGGAACGG-b01,15,0.14760995,370,ASI_parent,ABpxaapappp,mixed,330-390,370,Murray_b01
CGGAGTCTCGAACGGA-b01,10,0.18834816,550,AUA,ABalpppppppp/ABpraaappppp,mixed,510-580,550,Murray_b01
CGTAGCGGTGGTACAG-b01,15,0.1811024,450,ASI,ABpxaapapppa,mixed,450-510,450,Murray_b01
CGTGAGCAGACGCACA-b01,18,0.43652734,550,AWC,ABpxpaaaaap,mixed,510-580,550,Murray_b01
CGTGAGCTCCCTAATT-b01,18,0.5576234,620,AWC,ABpxpaaaaap,mixed,580-650,620,Murray_b01
CGTGTAACACCCATTC-b01,15,0.095520884,355,ASI_parent,ABpxaapappp,mixed,330-390,355,Murray_b01
CGTGTCTAGGTGCTTT-b01,18,0.5867707,640,AWC,ABpxpaaaaap,mixed,580-650,640,Murray_b01
CGTGTCTTCTTCTGGC-b01,13,0.43562663,630,ASH,ABpxpaappaa,mixed,580-650,630,Murray_b01
CTACGTCCAGTCTTCC-b01,19,0.11392382,390,ASG_AWA,,mixed,390-450,390,Murray_b01
CTCAGAATCCATGAAC-b01,6,0.13537143,420,AUA,ABalpppppppp/ABpraaappppp,mixed,390-450,420,Murray_b01
CTCCTAGCATGTAAGA-b01,18,0.58234817,700,AWC,ABpxpaaaaap,mixed,> 650,700,Murray_b01
CTCGAGGGTATGAATG-b01,16,0.40364045,670,ASI,ABpxaapapppa,mixed,> 650,670,Murray_b01
CTCGGGAAGTTCCACA-b01,19,0.21483922,550,AWA,ABpxaapapaa,mixed,510-580,550,Murray_b01
CTCGGGATCGTCTGAA-b01,6,0.10999675,640,ADL,ABalppppaad/ABpraaapaad,mixed,580-650,640,Murray_b01
CTCTAATAGGGTATCG-b01,13,0.57113093,700,ASH,ABpxpaappaa,mixed,> 650,700,Murray_b01
CTCTACGGTCCAAGTT-b01,21,0.3748809,450,ASK,ABalpppapppa/ABpraaaapppa,mixed,450-510,450,Murray_b01
CTGATAGGTTAAGGGC-b01,19,0.19549675,550,AWA,ABpxaapapaa,mixed,510-580,550,Murray_b01
CTGATCCAGATCTGAA-b01,24,0.8842644,700,ASJ,ABalpppppppa/ABpraaappppa,mixed,> 650,700,Murray_b01
CTGATCCGTATATGGA-b01,19,0.23011649,550,AWA,ABpxaapapaa,mixed,510-580,550,Murray_b01
CTGCTGTAGGGAACGG-b01,15,0.23560928,450,ASI,ABpxaapapppa,mixed,450-510,450,Murray_b01
CTGGTCTTCCTAGTGA-b01,17,0.2121736,490,AWB,ABalpppppap/ABpraaappap,mixed,450-510,490,Murray_b01
CTTAACTGTTCAGGCC-b01,13,0.24477763,420,ASH,ABpxpaappaa,mixed,390-450,420,Murray_b01
CTTACCGAGCCAGGAT-b01,0,0.6503549,550,AFD,ABalpppapav/ABpraaaapav,mixed,510-580,550,Murray_b01
CTTACCGCATTCCTCG-b01,20,0.90999025,725,ADL,ABalppppaad/ABpraaapaad,mixed,> 650,725,Murray_b01
CTTTGCGCACAAGACG-b01,18,0.5271922,550,AWC,ABpxpaaaaap,mixed,510-580,550,Murray_b01
GAAACTCCACGCCAGT-b01,19,0.19905595,490,ASG,ABpxaapapap,mixed,450-510,490,Murray_b01
GAACATCTCGTAGGTT-b01,16,0.42467225,640,ASI,ABpxaapapppa,mixed,580-650,640,Murray_b01
GACACGCCAACGATCT-b01,15,0.19807705,450,ASI,ABpxaapapppa,mixed,450-510,450,Murray_b01
GACCTGGGTCCGAACC-b01,23,0.3363442,640,ASG,ABpxaapapap,mixed,580-650,640,Murray_b01
GACGCGTCACCGAATT-b01,19,0.12452614,440,AWA,ABpxaapapaa,mixed,390-450,440,Murray_b01
GACGTGCGTGTTGAGG-b01,23,0.29451475,620,ASG,ABpxaapapap,mixed,580-650,620,Murray_b01
GACTAACGTCTAGAGG-b01,6,0.13022755,405,ADF_AWB,,mixed,390-450,405,Murray_b01
GACTAACGTGCCTGTG-b01,19,0.2531293,700,AWA,ABpxaapapaa,mixed,> 650,700,Murray_b01
GACTACATCACTGGGC-b01,23,0.29059902,620,ASG,ABpxaapapap,mixed,580-650,620,Murray_b01
GAGCAGACAATCTGCA-b01,6,0.10387879,700,ASK,ABalpppapppa/ABpraaaapppa,mixed,> 650,700,Murray_b01
GAGCAGACAGGCTGAA-b01,15,0.114834405,360,ASI_parent,ABpxaapappp,mixed,330-390,360,Murray_b01
GAGGTGAGTAGAGCTG-b01,15,0.23721687,435,ASI,ABpxaapapppa,mixed,390-450,435,Murray_b01
GAGTCCGGTAATCGTC-b01,6,0.1420311,450,ASK,ABalpppapppa/ABpraaaapppa,mixed,450-510,450,Murray_b01
GATCGCGTCTGCTGCT-b01,19,0.19865172,550,AWA,ABpxaapapaa,mixed,510-580,550,Murray_b01
GATCTAGGTATGGTTC-b01,15,0.14895555,355,ASI_parent,ABpxaapappp,mixed,330-390,355,Murray_b01
GATCTAGTCCACGTGG-b01,19,0.099094056,385,AWA,ABpxaapapaa,mixed,330-390,385,Murray_b01
GATGAAATCCGAAGAG-b01,21,0.46255943,500,ASK,ABalpppapppa/ABpraaaapppa,mixed,450-510,500,Murray_b01
GATGAGGAGGTTCCTA-b01,21,0.4135695,490,ASK,ABalpppapppa/ABpraaaapppa,mixed,450-510,490,Murray_b01
GATGAGGCATTGGTAC-b01,19,0.116126314,390,ASG_AWA,,mixed,390-450,390,Murray_b01
GCACTCTGTGGGTCAA-b01,23,0.24227303,490,ASG,ABpxaapapap,mixed,450-510,490,Murray_b01
GCAGTTAGTCGAACAG-b01,23,0.33469525,620,ASG,ABpxaapapap,mixed,580-650,620,Murray_b01
GCATGATTCGCTTGTC-b01,15,0.1575472,385,ASI_parent,ABpxaapappp,mixed,330-390,385,Murray_b01
GCCAAATGTACCAGTT-b01,14,0.29267284,640,ADF,ABalpppppaa/ABpraaappaa,mixed,580-650,640,Murray_b01
GCGAGAAGTCGGCATC-b01,15,0.16176307,450,ASI,ABpxaapapppa,mixed,450-510,450,Murray_b01
GCGAGAAGTGAGGCTA-b01,19,0.21629757,550,AWA,ABpxaapapaa,mixed,510-580,550,Murray_b01
GCGAGAAGTTAAGGGC-b01,15,0.15574059,385,AWB,ABalpppppap/ABpraaappap,mixed,330-390,385,Murray_b01
GCGCAACAGTTGTAGA-b01,20,0.896166,750,ADL,ABalppppaad/ABpraaapaad,mixed,> 650,750,Murray_b01
GCGCAGTCAGTATGCT-b01,6,0.10934508,490,ASH,ABpxpaappaa,mixed,450-510,490,Murray_b01
GCGCGATAGGACATTA-b01,13,0.2028256,375,ASH,ABpxpaappaa,mixed,330-390,375,Murray_b01
GCTGCAGAGAGGACGG-b01,6,0.15416707,450,AWB,ABalpppppap/ABpraaappap,mixed,450-510,450,Murray_b01
GCTGCAGAGATGTGGC-b01,23,0.30560786,625,ASG,ABpxaapapap,mixed,580-650,625,Murray_b01
GCTGCTTAGGCATTGG-b01,13,0.5087703,630,ASH,ABpxpaappaa,mixed,580-650,630,Murray_b01
GCTGCTTCAAATCCGT-b01,15,0.13863832,370,ASI_parent,ABpxaapappp,mixed,330-390,370,Murray_b01
GGAACTTGTAATCGTC-b01,23,0.28263986,550,ASG,ABpxaapapap,mixed,510-580,550,Murray_b01
GGACAGAAGATAGTCA-b01,0,0.72964424,700,AFD,ABalpppapav/ABpraaaapav,mixed,> 650,700,Murray_b01
GGACGTCTCGCGATCG-b01,19,0.14008494,410,ASG_AWA,,mixed,390-450,410,Murray_b01
GGATTACTCCCGACTT-b01,13,0.16840836,385,ASH,ABpxpaappaa,mixed,330-390,385,Murray_b01
GGCTGGTTCCGGCACA-b01,10,0.1830507,550,AUA,ABalpppppppp/ABpraaappppp,mixed,510-580,550,Murray_b01
GGGCACTCAATCCGAT-b01,23,0.2452663,550,ASG,ABpxaapapap,mixed,510-580,550,Murray_b01
GGGCACTCAGGACCCT-b01,19,0.11261565,390,ASG_AWA,,mixed,390-450,390,Murray_b01
GGGCATCGTGCACGAA-b01,17,0.17394446,450,AWB,ABalpppppap/ABpraaappap,mixed,450-510,450,Murray_b01
GGGTCTGAGGTGCTTT-b01,17,0.1845964,450,AWB,ABalpppppap/ABpraaappap,mixed,450-510,450,Murray_b01
GGGTTGCGTAGAGTGC-b01,13,0.18733445,385,ASH,ABpxpaappaa,mixed,330-390,385,Murray_b01
GTACTTTGTCATTAGC-b01,23,0.32922953,630,ASG,ABpxaapapap,mixed,580-650,630,Murray_b01
GTCACAACATTGGCGC-b01,23,0.20924382,620,ASG,ABpxaapapap,mixed,580-650,620,Murray_b01
GTCACGGCATGGTCTA-b01,13,0.56087327,670,ASH,ABpxpaappaa,mixed,> 650,670,Murray_b01
GTCCTCACAGTCCTTC-b01,15,0.2952967,585,ASI,ABpxaapapppa,mixed,580-650,585,Murray_b01
GTCTTCGCAACTGCGC-b01,16,0.41048768,640,ASI,ABpxaapapppa,mixed,580-650,640,Murray_b01
GTGCATAAGGTGCACA-b01,19,0.12870073,335,ASG_AWA,,mixed,330-390,335,Murray_b01
GTGCTTCGTGTGACGA-b01,13,0.20163754,400,ASH,ABpxpaappaa,mixed,390-450,400,Murray_b01
GTGCTTCTCCTTAATC-b01,10,0.16159017,355,AUA,ABalpppppppp/ABpraaappppp,mixed,330-390,355,Murray_b01
GTGGGTCCACAGGCCT-b01,16,0.41541982,640,ASI,ABpxaapapppa,mixed,580-650,640,Murray_b01
GTTAAGCGTTAAGGGC-b01,18,0.29235667,450,AWC,ABpxpaaaaap,mixed,450-510,450,Murray_b01
GTTCGGGAGATCCGAG-b01,19,0.12594107,440,ASG,ABpxaapapap,mixed,390-450,440,Murray_b01
GTTCTCGAGAGGTAGA-b01,24,0.5470146,500,ASJ,ABalpppppppa/ABpraaappppa,mixed,450-510,500,Murray_b01
GTTCTCGAGTGGGTTG-b01,18,0.6511499,700,AWC,ABpxpaaaaap,mixed,> 650,700,Murray_b01
TAAACCGAGAAACGAG-b01,17,0.21696448,635,AWB,ABalpppppap/ABpraaappap,mixed,580-650,635,Murray_b01
TACACGAGTACAAGTA-b01,18,0.5756392,670,AWC,ABpxpaaaaap,mixed,> 650,670,Murray_b01
TACGGTATCTTCCTTC-b01,6,0.14320123,630,ADF,ABalpppppaa/ABpraaappaa,mixed,580-650,630,Murray_b01
TACTCATAGATACACA-b01,19,0.17115544,425,AWA,ABpxaapapaa,mixed,390-450,425,Murray_b01
TACTCGCCACGTAAGG-b01,13,0.39309454,440,ASH,ABpxpaappaa,mixed,390-450,440,Murray_b01
TAGTGGTGTGTTAAGA-b01,19,0.12211767,360,ASG_AWA,,mixed,330-390,360,Murray_b01
TATGCCCCAGGTCGTC-b01,24,0.8912363,700,ASJ,ABalpppppppa/ABpraaappppa,mixed,> 650,700,Murray_b01
TCAACGATCCTATGTT-b01,15,0.2310184,550,ASI,ABpxaapapppa,mixed,510-580,550,Murray_b01
TCAACGATCTAACCGA-b01,10,0.16224757,400,AUA,ABalpppppppp/ABpraaappppp,mixed,390-450,400,Murray_b01
TCAATCTCAGGGTTAG-b01,19,0.2054958,450,ASG,ABpxaapapap,mixed,450-510,450,Murray_b01
TCAGCAAAGCTAACTC-b01,17,0.19240892,450,AWB,ABalpppppap/ABpraaappap,mixed,450-510,450,Murray_b01
TCAGCTCCAGACAAAT-b01,19,0.26993802,700,AWA,ABpxaapapaa,mixed,> 650,700,Murray_b01
TCAGGATGTGGACGAT-b01,17,0.18613993,395,AWB,ABalpppppap/ABpraaappap,mixed,390-450,395,Murray_b01
TCATTACGTCCAGTAT-b01,19,0.10857081,385,AWA,ABpxaapapaa,mixed,330-390,385,Murray_b01
TCCACACCACACAGAG-b01,18,0.33460426,385,AWC,ABpxpaaaaap,mixed,330-390,385,Murray_b01
TCCACACGTGCAACGA-b01,17,0.19048436,450,AWB,ABalpppppap/ABpraaappap,mixed,450-510,450,Murray_b01
TCGGTAAGTCATCGGC-b01,19,0.15821922,410,AWA,ABpxaapapaa,mixed,390-450,410,Murray_b01
TCGTAGATCATCGGAT-b01,19,0.10941538,385,ASG_AWA,,mixed,330-390,385,Murray_b01
TCTTCGGGTTCCTCCA-b01,19,0.27076402,700,AWA,ABpxaapapaa,mixed,> 650,700,Murray_b01
TCTTTCCGTAGCCTCG-b01,15,0.28937942,500,ASI,ABpxaapapppa,mixed,450-510,500,Murray_b01
TCTTTCCGTATAGTAG-b01,15,0.23144458,435,ASI,ABpxaapapppa,mixed,390-450,435,Murray_b01
TGAGCCGTCTTCGAGA-b01,17,0.18488953,510,AWB,ABalpppppap/ABpraaappap,mixed,510-580,510,Murray_b01
TGAGGGATCATGGTCA-b01,10,0.15090448,450,AUA,ABalpppppppp/ABpraaappppp,mixed,450-510,450,Murray_b01
TGATTTCAGACTAAGT-b01,0,0.67079556,640,AFD,ABalpppapav/ABpraaaapav,mixed,580-650,640,Murray_b01
TGCACCTTCGTGGTCG-b01,21,0.34972063,440,ASK,ABalpppapppa/ABpraaaapppa,mixed,390-450,440,Murray_b01
TGCGCAGAGGCCATAG-b01,16,0.40539742,640,ASI,ABpxaapapppa,mixed,580-650,640,Murray_b01
TGCGCAGTCAAGGCTT-b01,15,0.15764642,440,ASK,ABalpppapppa/ABpraaaapppa,mixed,390-450,440,Murray_b01
TGCGGGTCATGTTCCC-b01,19,0.12357808,390,AWA,ABpxaapapaa,mixed,390-450,390,Murray_b01
TGGCGCACATCCTAGA-b01,13,0.2610754,415,ASH,ABpxpaappaa,mixed,390-450,415,Murray_b01
TGGCTGGGTGAGGCTA-b01,13,0.21891116,395,ASH,ABpxpaappaa,mixed,390-450,395,Murray_b01
TGGCTGGTCTGCTGTC-b01,13,0.31832305,440,ASH,ABpxpaappaa,mixed,390-450,440,Murray_b01
TGGGCGTGTCAAAGAT-b01,15,0.26140758,470,ASI,ABpxaapapppa,mixed,450-510,470,Murray_b01
TGTCCCAGTTAAGAAC-b01,19,0.1277438,390,AWA,ABpxaapapaa,mixed,390-450,390,Murray_b01
TTCGAAGCATTGGGCC-b01,19,0.19787392,550,AWA,ABpxaapapaa,mixed,510-580,550,Murray_b01
TTCTCAAGTCAGCTAT-b01,19,0.12120559,380,ASG_AWA,,mixed,330-390,380,Murray_b01
TTGGAACAGTATCTCG-b01,16,0.41357583,640,ASI,ABpxaapapppa,mixed,580-650,640,Murray_b01
TTGTAGGCAAGCTGAG-b01,21,0.2705607,450,ASK,ABalpppapppa/ABpraaaapppa,mixed,450-510,450,Murray_b01
TTGTAGGGTTACTGAC-b01,10,0.23449531,385,ASJ,ABalpppppppa/ABpraaappppa,mixed,330-390,385,Murray_b01
AACACGTGTACAAGTA-b02,18,0.5719907,620,AWC,ABpxpaaaaap,mixed,580-650,620,Murray_b02
AAGGCAGGTTCACGGC-b02,23,0.32372364,640,ASG,ABpxaapapap,mixed,580-650,640,Murray_b02
ACACCCTGTATTCTCT-b02,24,0.9049198,750,ASJ,ABalpppppppa/ABpraaappppa,mixed,> 650,750,Murray_b02
ACATACGCATGGGAAC-b02,21,0.5781132,620,ASK,ABalpppapppa/ABpraaaapppa,mixed,580-650,620,Murray_b02
ACATCAGGTAAGTTCC-b02,23,0.29356864,620,ASG,ABpxaapapap,mixed,580-650,620,Murray_b02
ACATGGTCAAGTTAAG-b02,18,0.5504853,585,AWC,ABpxpaaaaap,mixed,580-650,585,Murray_b02
ACATGGTGTTATGCGT-b02,16,0.395277,550,ASI,ABpxaapapppa,mixed,510-580,550,Murray_b02
ACGCCGAAGAGTCTGG-b02,24,0.51821625,550,ASJ,ABalpppppppa/ABpraaappppa,mixed,510-580,550,Murray_b02
ACGTCAACAATCTGCA-b02,24,0.7433019,640,ASJ,ABalpppppppa/ABpraaappppa,mixed,580-650,640,Murray_b02
ACTGAGTGTTCCACGG-b02,19,0.19290175,470,AWA,ABpxaapapaa,mixed,450-510,470,Murray_b02
AGCGGTCCATCCTTGC-b02,21,0.63442713,670,ASK,ABalpppapppa/ABpraaaapppa,mixed,> 650,670,Murray_b02
AGGCCACGTCCAGTAT-b02,24,0.41994423,530,ASJ,ABalpppppppa/ABpraaappppa,mixed,510-580,530,Murray_b02
ATCATGGCAGTTAACC-b02,6,0.15882333,640,ASG,ABpxaapapap,mixed,580-650,640,Murray_b02
ATCCGAACACAGGAGT-b02,15,0.21645857,450,ASI,ABpxaapapppa,mixed,450-510,450,Murray_b02
ATCGAGTTCAGCTTAG-b02,6,0.13812432,390,AWB,ABalpppppap/ABpraaappap,mixed,390-450,390,Murray_b02
ATCGAGTTCTGTGCAA-b02,16,0.3503093,670,ASI,ABpxaapapppa,mixed,> 650,670,Murray_b02
ATGGGAGCATCGTCGG-b02,18,0.5691418,700,AWC,ABpxpaaaaap,mixed,> 650,700,Murray_b02
ATTATCCGTTGGGACA-b02,15,0.17342028,410,ASI,ABpxaapapppa,mixed,390-450,410,Murray_b02
ATTCTACGTATCAGTC-b02,23,0.314137,640,ASG,ABpxaapapap,mixed,580-650,640,Murray_b02
CAACTAGCATCCCACT-b02,18,0.5372517,620,AWC,ABpxpaaaaap,mixed,580-650,620,Murray_b02
CACAGGCGTCTCTCGT-b02,19,0.21677642,510,AWA,ABpxaapapaa,mixed,510-580,510,Murray_b02
CACCACTAGTGACTCT-b02,20,0.88799906,725,ADL,ABalppppaad/ABpraaapaad,mixed,> 650,725,Murray_b02
CACTCCAAGCCTTGAT-b02,13,0.3650919,490,ASH,ABpxpaappaa,mixed,450-510,490,Murray_b02
CAGTCCTCACAGACTT-b02,15,0.2955681,585,ASI,ABpxaapapppa,mixed,580-650,585,Murray_b02
CATATGGAGATCACGG-b02,17,0.21464805,585,AWB,ABalpppppap/ABpraaappap,mixed,580-650,585,Murray_b02
CATCCACTCCCTAACC-b02,16,0.31554824,635,ASI,ABpxaapapppa,mixed,580-650,635,Murray_b02
CATCGAACACGTCAGC-b02,14,0.12983601,400,ADF_AWB,,mixed,390-450,400,Murray_b02
CATTATCTCCTTAATC-b02,17,0.19041719,490,AWB,ABalpppppap/ABpraaappap,mixed,450-510,490,Murray_b02
CCACGGAAGAAACCAT-b02,19,0.19983761,500,AWA,ABpxaapapaa,mixed,450-510,500,Murray_b02
CCAGCGATCGAATGCT-b02,23,0.25366178,620,ASG,ABpxaapapap,mixed,580-650,620,Murray_b02
CCATTCGGTGTGAAAT-b02,18,0.3546667,490,AWC,ABpxpaaaaap,mixed,450-510,490,Murray_b02
CCTACACGTCATGCCG-b02,6,0.08786103,700,ASH,ABpxpaappaa,mixed,> 650,700,Murray_b02
CGAATGTCACTGAAGG-b02,10,0.19833532,520,AUA,ABalpppppppp/ABpraaappppp,mixed,510-580,520,Murray_b02
CGAGAAGCATTGTGCA-b02,6,0.14155535,390,AWB,ABalpppppap/ABpraaappap,mixed,390-450,390,Murray_b02
CGAGCACTCCCTAATT-b02,14,0.23057479,700,ADF,ABalpppppaa/ABpraaappaa,mixed,> 650,700,Murray_b02
CGGACACCAAGGACTG-b02,14,0.2683701,620,ADF,ABalpppppaa/ABpraaappaa,mixed,580-650,620,Murray_b02
CGTAGCGCACCCTATC-b02,13,0.18773715,390,ASH,ABpxpaappaa,mixed,390-450,390,Murray_b02
CGTAGCGGTCATCGGC-b02,23,0.3190331,640,ASG,ABpxaapapap,mixed,580-650,640,Murray_b02
CGTCAGGGTCGAGTTT-b02,6,0.14469859,320,Neuroblast_ADF_AWB,ABalpppppa/ABpraaappa,mixed,270-330,320,Murray_b02
CTCACACCAACACCTA-b02,20,0.8945653,730,ADL,ABalppppaad/ABpraaapaad,mixed,> 650,730,Murray_b02
CTCACACCACCAGGTC-b02,21,0.3690392,450,ASK,ABalpppapppa/ABpraaaapppa,mixed,450-510,450,Murray_b02
CTCATTACACATGTGT-b02,16,0.403837,640,ASI,ABpxaapapppa,mixed,580-650,640,Murray_b02
CTCGAGGTCAGATAAG-b02,18,0.6157876,725,AWC_ON,,mixed,> 650,725,Murray_b02
CTGGTCTGTATCGCAT-b02,20,0.8679986,750,ADL,ABalppppaad/ABpraaapaad,mixed,> 650,750,Murray_b02
CTTCTCTCATCCTTGC-b02,23,0.30524805,640,ASG,ABpxaapapap,mixed,580-650,640,Murray_b02
GACACGCCAGCTTCGG-b02,18,0.29538625,420,AWC,ABpxpaaaaap,mixed,390-450,420,Murray_b02
GATTCAGGTTCACCTC-b02,19,0.24426824,620,AWA,ABpxaapapaa,mixed,580-650,620,Murray_b02
GCATGATTCAGTCCCT-b02,17,0.23421729,630,AWB,ABalpppppap/ABpraaappap,mixed,580-650,630,Murray_b02
GCATGATTCAGTGTTG-b02,24,0.5528082,620,ASJ,ABalpppppppa/ABpraaappppa,mixed,580-650,620,Murray_b02
GCATGTATCGTTTATC-b02,13,0.1509836,370,ASG_AWA,,mixed,330-390,370,Murray_b02
GCGCAACAGTTATCGC-b02,19,0.14047946,410,AWA,ABpxaapapaa,mixed,390-450,410,Murray_b02
GCGCAGTTCGCCAGCA-b02,17,0.21272007,490,AWB,ABalpppppap/ABpraaappap,mixed,450-510,490,Murray_b02
GCTGCGATCTTCTGGC-b02,0,0.732345,700,AFD,ABalpppapav/ABpraaaapav,mixed,> 650,700,Murray_b02
GCTGGGTAGCAATCTC-b02,18,0.35299695,620,AWC,ABpxpaaaaap,mixed,580-650,620,Murray_b02
GCTGGGTCATACGCCG-b02,21,0.61831826,640,ASK,ABalpppapppa/ABpraaaapppa,mixed,580-650,640,Murray_b02
GGACAAGGTGTTGGGA-b02,14,0.15843704,390,AWA,ABpxaapapaa,mixed,390-450,390,Murray_b02
GGACAGAAGAAGGTTT-b02,18,0.23776267,430,AWC,ABpxpaaaaap,mixed,390-450,430,Murray_b02
GGCAATTGTGTAATGA-b02,6,0.12210841,700,ASH,ABpxpaappaa,mixed,> 650,700,Murray_b02
GGCGTGTCATCGGGTC-b02,19,0.1039414,345,ASG_AWA,,mixed,330-390,345,Murray_b02
GGGAATGCACAAGTAA-b02,21,0.60234064,640,ASK,ABalpppapppa/ABpraaaapppa,mixed,580-650,640,Murray_b02
GGGCACTAGCCTTGAT-b02,0,0.71478534,725,AFD,ABalpppapav/ABpraaaapav,mixed,> 650,725,Murray_b02
GTACTTTGTTACTGAC-b02,17,0.17154521,450,AWB,ABalpppppap/ABpraaappap,mixed,450-510,450,Murray_b02
GTAGGCCCAGATCGGA-b02,14,0.1605049,450,ASG,ABpxaapapap,mixed,450-510,450,Murray_b02
GTAGTCACACTCAGGC-b02,13,0.21136583,415,ASH,ABpxpaappaa,mixed,390-450,415,Murray_b02
GTCACGGAGAGGTAGA-b02,24,0.7986818,670,ASJ,ABalpppppppa/ABpraaappppa,mixed,> 650,670,Murray_b02
GTGCATACAACTGCGC-b02,17,0.2003523,470,AWB,ABalpppppap/ABpraaappap,mixed,450-510,470,Murray_b02
TACCTATAGTTAGGTA-b02,6,0.15211426,550,ASH,ABpxpaappaa,mixed,510-580,550,Murray_b02
TAGACCAAGATCTGAA-b02,21,0.61607635,640,ASK,ABalpppapppa/ABpraaaapppa,mixed,580-650,640,Murray_b02
TAGAGCTAGTACGCGA-b02,13,0.14926438,400,ASH,ABpxpaappaa,mixed,390-450,400,Murray_b02
TATTACCGTCCAGTTA-b02,19,0.118339136,350,ASG_AWA,,mixed,330-390,350,Murray_b02
TCAGATGAGATGGGTC-b02,5,0.24648036,420,ASK,ABalpppapppa/ABpraaaapppa,mixed,390-450,420,Murray_b02
TCAGATGGTAGAGCTG-b02,21,0.50521934,550,ASK,ABalpppapppa/ABpraaaapppa,mixed,510-580,550,Murray_b02
TCCCGATTCGCCGTGA-b02,21,0.30499962,620,ASK,ABalpppapppa/ABpraaaapppa,mixed,580-650,620,Murray_b02
TCGTACCTCAACGCTA-b02,19,0.21358046,725,AWA,ABpxaapapaa,mixed,> 650,725,Murray_b02
TGATTTCCAGTCTTCC-b02,16,0.363776,640,ASI,ABpxaapapppa,mixed,580-650,640,Murray_b02
TGCGCAGCAGGATTGG-b02,24,0.947431,700,ASJ,ABalpppppppa/ABpraaappppa,mixed,> 650,700,Murray_b02
TGCGCAGTCCCTGACT-b02,13,0.5547848,700,ASH,ABpxpaappaa,mixed,> 650,700,Murray_b02
TGCGGGTAGTACTTGC-b02,19,0.14971387,450,AWA,ABpxaapapaa,mixed,450-510,450,Murray_b02
TTTGTCAAGTACACCT-b02,18,0.5375236,700,AWC,ABpxpaaaaap,mixed,> 650,700,Murray_b02
