selection,obs_name,cell,n.umi,time.point,batch,Size_Factor,raw.embryo.time,embryo.time,embryo.time.bin,raw.embryo.time.bin,lineage,num_genes_expressed,cell.type,bg.300.loading,bg.400.loading,bg.500.1.loading,bg.500.2.loading,bg.r17.loading,bg.b01.loading,bg.b02.loading,leiden,embryo_time_numeric,dpt_pseudotime,UMAP1,UMAP2
Selection 2,TCGGGACAGCCCAGCT-400.2.3,TCGGGACAGCCCAGCT-400.2.3,1258,400_minutes,Waterston_400_minutes,0.977764816919638,360,370,330-390,330-390,ABpxaapappp,730,ASI_parent,-0.521065245719808,-1.48609779212807,-1.88477663547857,-2.50523679602196,-1.78364034118347,-2.68995246583715,-2.02819764738244,15,370,0.122808516,6.5253224,4.156065
Selection 2,CGGACGTAGGCCATAG-r17,CGGACGTAGGCCATAG-r17,930,mixed,Murray_r17,0.722830905989876,200,260,210-270,170-210,ABalpppapa/ABpraaaapa,651,Neuroblast_AFD_RMD,9.78530390810732,7.66048718044018,0.302993478146439,-0.505971981413467,9.60402885655219,6.95832706455747,5.98975198061362,6,260,0.060322687,8.024432,6.9155903
Selection 2,CAACCAATCGTTGACA-300.1.2,CAACCAATCGTTGACA-300.1.2,2447,300_minutes,Waterston_300_minutes,1.90190024404003,200,200,170-210,170-210,ABalppppap/ABpraaapap,1143,,6.8195516125271,1.96042226372801,-3.97587123147784,-4.06462420993862,1.84123858895802,-0.494008108179935,-0.939883306492069,1,200,0.039428603,9.8292265,10.811604
Selection 2,ACGAGCCGTGAACCTT-300.1.1,ACGAGCCGTGAACCTT-300.1.1,1856,300_minutes,Waterston_300_minutes,1.44255286184646,190,195,170-210,170-210,ABalpppapp/ABpraaaapp,917,,8.06117615311245,2.78754592835777,-3.85475320488739,-4.13239640130778,2.31999027317402,-0.473093139119845,-1.59324203156356,1,195,0.03522047,9.900186,11.570508
Selection 2,ATCTGCCCAATGGTCT-300.1.3,ATCTGCCCAATGGTCT-300.1.3,2033,300_minutes,Waterston_300_minutes,1.58012390524453,180,210,210-270,170-210,ABalpppapp/ABpraaaapp,1066,,7.52307264101535,2.7405391639584,-3.37839409588647,-3.50398770829383,2.48711867468722,0.0424233688646721,-0.930228675313076,1,210,0.03817404,9.857847,11.647083
Selection 2,AACCGCGGTCGCGTGT-400.2.2,AACCGCGGTCGCGTGT-400.2.2,1631,400_minutes,Waterston_400_minutes,1.26767441684891,190,200,170-210,170-210,ABalpppapp/ABpraaaapp,811,,7.39074826572464,2.80402011180369,-3.4462624830696,-3.68923821568609,2.7188071446323,0.124293482787415,-0.786411768061275,1,200,0.0246553,9.840018,11.476261
Selection 2,GCGCAACAGGATCGCA-400.2.2,GCGCAACAGGATCGCA-400.2.2,1584,400_minutes,Waterston_400_minutes,1.23114425278276,180,195,170-210,170-210,ABalppppaa/ABpraaapaa,836,,10.5535631463892,4.99889574422937,-3.02280929723604,-3.70477935461255,4.918419904775,1.20369481170053,-1.00345213545132,11,195,0.0657343,10.2206135,10.687271
Selection 2,AACTGGTAGTCTTGCA-300.1.2,AACTGGTAGTCTTGCA-300.1.2,2236,300_minutes,Waterston_300_minutes,1.73790312450899,200,195,170-210,170-210,ABalppppap/ABpraaapap,1081,,8.92359511096621,3.93735014525884,-2.71116896896045,-3.11804705671838,3.85633643123613,1.21530131302021,-0.0242775689661518,1,195,0.025102576,9.842773,11.178595
Selection 2,CAGCCGACAGACAGGT-400.2.2,CAGCCGACAGACAGGT-400.2.2,1592,400_minutes,Waterston_400_minutes,1.23736215304934,190,200,170-210,170-210,ABalppppap/ABpraaapap,857,,6.99627761457296,2.61700877247831,-2.86689231314648,-3.09257988527048,2.0510240808128,0.0199943543350001,-0.753977948749311,1,200,0.03229998,10.007654,11.129782
Selection 2,GACTAACTCTACTCAT-300.1.3,GACTAACTCTACTCAT-300.1.3,10857,300_minutes,Waterston_300_minutes,8.43846789928181,180,185,170-210,170-210,ABalppppap/ABpraaapap,2911,,8.8222124965184,3.33934603519277,-3.53468469838572,-3.75867440343755,3.78212893121619,0.89362726347295,-0.170526744116061,1,185,0.044789825,9.884251,10.910866
Selection 2,CGTAGCGGTAGATTAG-400.2.3,CGTAGCGGTAGATTAG-400.2.3,1787,400_minutes,Waterston_400_minutes,1.38892347204721,190,180,170-210,170-210,ABalppppap/ABpraaapap,929,,8.79009246216695,4.45279066872232,-2.27935634544041,-2.56597207780984,4.82906605099926,2.17234464996224,0.71744950435531,1,180,0.037846275,9.967569,11.15922
Selection 2,GAGCAGAGTGGGTCAA-400.2.3,GAGCAGAGTGGGTCAA-400.2.3,1064,400_minutes,Waterston_400_minutes,0.826980735455083,190,210,210-270,170-210,ABalppppap/ABpraaapap,607,,6.24150807369528,1.54784836579257,-3.83793679051764,-3.81998199377253,1.52585069409757,-0.690441777466291,-1.13049440756849,1,210,0.047350217,9.945132,10.648916
Selection 2,ACGGGTCGTGACGGTA-400.2.1,ACGGGTCGTGACGGTA-400.2.1,1492,400_minutes,Waterston_400_minutes,1.15963839971709,200,220,210-270,170-210,ABalppppap/ABpraaapap,777,,7.24214863682527,2.48601235165804,-3.54681451756936,-3.54450929161817,1.89350955009032,-0.58180099520736,-1.60743926457713,1,220,0.041417263,10.097752,11.176854
Selection 2,CTAGTGAAGGCATTGG-300.1.2,CTAGTGAAGGCATTGG-300.1.2,1931,300_minutes,Waterston_300_minutes,1.50084567684564,190,180,170-210,170-210,ABalppppap/ABpraaapap,1059,,7.30168048021966,2.59319055717099,-3.41659552136667,-3.50727940355995,2.75221345422739,0.549640716022542,-0.0427121608342233,1,180,0.042626012,9.95368,10.924734
Selection 2,GATCGCGAGGGAACGG-300.1.3,GATCGCGAGGGAACGG-300.1.3,1874,300_minutes,Waterston_300_minutes,1.45654313744627,170,200,170-210,170-210,ABalppppap/ABpraaapap,943,,7.3711253799707,2.49933552951034,-3.34430678537938,-3.58300564717229,2.55372524543917,0.359326223764078,-0.155169293599256,1,200,0.048198294,10.0797,11.012048
Selection 2,AAAGATGTCGATCCCT-300.1.3,AAAGATGTCGATCCCT-300.1.3,3239,300_minutes,Waterston_300_minutes,2.51747237043141,170,185,170-210,170-210,,1426,,9.81564858028136,4.15829451327194,-3.48985506968843,-3.57267967405765,4.70154197368581,1.53095592051591,-0.144390722939999,1,185,0.05546239,9.843575,10.7504635
Selection 2,GAATGAAAGATATACG-300.1.2,GAATGAAAGATATACG-300.1.2,1869,300_minutes,Waterston_300_minutes,1.45265694977965,190,175,170-210,170-210,ABalppppaa/ABpraaapaa,1017,,9.21341272325385,3.51066943609296,-3.66041518881623,-3.92370822592823,3.63840883479748,0.468280803533917,-0.989041590292747,11,175,0.060614977,10.080088,10.719511
Selection 2,CAAGGCCGTCACACGC-300.1.1,CAAGGCCGTCACACGC-300.1.1,1750,300_minutes,Waterston_300_minutes,1.36016568331428,200,200,170-210,170-210,ABalppppap/ABpraaapap,905,,6.82565160295385,1.573957787322,-4.4960870395143,-4.42586070731789,1.17670085098664,-1.40775968629456,-2.05253860457277,1,200,0.02650884,9.9559555,11.061563
Selection 2,TACGGATAGCCAGTTT-300.1.3,TACGGATAGCCAGTTT-300.1.3,1802,300_minutes,Waterston_300_minutes,1.40058203504705,190,185,170-210,170-210,ABalppppap/ABpraaapap,928,,7.23983152511536,2.04098496072807,-3.88347185719906,-4.08756889160937,1.66020132646511,-0.692432299334201,-1.40084961315254,1,185,0.032102343,9.921249,11.245888
Selection 2,CTCGTCATCTTGAGAC-300.1.3,CTCGTCATCTTGAGAC-300.1.3,1949,300_minutes,Waterston_300_minutes,1.51483595244545,190,200,170-210,170-210,ABalppppap/ABpraaapap,979,,7.66293668651181,2.45537112148803,-3.98661960273668,-4.20447027807434,1.97763788627764,-0.999126043222642,-2.19114935811783,1,200,0.032753874,9.953392,11.373806
Selection 2,CTCTGGTCACCGTTGG-400.2.1,CTCTGGTCACCGTTGG-400.2.1,1422,400_minutes,Waterston_400_minutes,1.10523177238452,200,190,170-210,170-210,ABalppppap/ABpraaapap,744,,9.5359877351172,4.1499257876831,-3.69925619538756,-3.84296337041628,4.64692304389885,1.35470459106945,-0.0609789958945147,1,190,0.033274077,9.86089,11.160766
Selection 2,GCCTCTAAGAATTCCC-400.2.3,GCCTCTAAGAATTCCC-400.2.3,1552,400_minutes,Waterston_400_minutes,1.20627265171644,180,200,170-210,170-210,ABalppppaa/ABpraaapaa,890,,7.86579234646642,3.84244130624581,-2.55885731881237,-2.95045634876386,3.40158045437874,0.407682536637914,-1.14226766516662,1,200,0.049342416,9.897539,10.647418
Selection 2,CAAGAAAGTACCATCA-400.2.3,CAAGAAAGTACCATCA-400.2.3,1409,400_minutes,Waterston_400_minutes,1.09512768445133,170,195,170-210,170-210,ABalppppaa/ABpraaapaa,767,,9.05046326153965,4.80915844639609,-1.58982968156485,-2.13940015297492,4.88473431792479,2.43935196990131,1.22916263281236,11,195,0.0649625,10.211184,10.540619
Selection 2,CAGCGACAGAAACCTA-400.2.2,CAGCGACAGAAACCTA-400.2.2,1783,400_minutes,Waterston_400_minutes,1.38581452191392,230,205,170-210,210-270,ABalppppaa/ABpraaapaa,892,,9.3155466106922,4.58884640524032,-3.35048443655781,-3.79859416690673,4.49036158154974,0.971117216554524,-0.868186349526792,11,205,0.035603795,10.157867,10.322752
Selection 2,GATCGCGAGCTGAAAT-400.2.2,GATCGCGAGCTGAAAT-400.2.2,1523,400_minutes,Waterston_400_minutes,1.18373276325009,190,230,210-270,170-210,ABalppppaa/ABpraaapaa,838,,9.76965098367978,5.94100354840423,-1.48261961950036,-2.40296524306066,5.50735172516381,1.84748010107512,-0.686363648112315,11,230,0.089476384,10.339788,10.593364
Selection 2,ACACCAATCATACGGT-400.2.2,ACACCAATCATACGGT-400.2.2,2469,400_minutes,Waterston_400_minutes,1.91899946977312,220,260,210-270,210-270,ABalppppaa/ABpraaapaa,1136,,7.35953352780646,3.20449077222877,-3.26198686360084,-3.48140615350783,2.78238134139067,0.219789447360973,-0.942214545370154,8,260,0.057357226,10.16787,10.171762
Selection 2,GTGAAGGAGTTAAGTG-400.2.1,GTGAAGGAGTTAAGTG-400.2.1,2466,400_minutes,Waterston_400_minutes,1.91666775717315,180,200,170-210,170-210,ABalppppa/ABpraaapa,1119,,9.45970834067873,4.44459750874552,-2.36546341260949,-3.0397664307222,3.82945519983287,0.807968333849482,-1.072855882944,11,200,0.06710432,10.05168,10.621755
Selection 2,AACTCTTGTGGCGAAT-300.1.2,AACTCTTGTGGCGAAT-300.1.2,1568,300_minutes,Waterston_300_minutes,1.2187084522496,190,225,210-270,170-210,ABalppppaa/ABpraaapaa,845,,8.26330433231355,3.40664708901743,-3.0899326442821,-3.37979089927717,4.0029080863302,1.28247831578536,0.341138404003059,11,225,0.0877513,10.036444,10.445705
Selection 2,CATCGGGTCACTCTTA-300.1.2,CATCGGGTCACTCTTA-300.1.2,2030,300_minutes,Waterston_300_minutes,1.57779219264457,230,230,210-270,210-270,ABalpppapa/ABpraaaapa,932,Neuroblast_AFD_RMD,6.69500211257781,2.19085224465899,-4.14462108987027,-4.30385433904659,1.89902810254959,-0.711561884154613,-1.30914679652921,8,230,0.029506207,9.842812,9.776624
Selection 2,TAAGCGTAGGCGCTCT-400.2.3,TAAGCGTAGGCGCTCT-400.2.3,1440,400_minutes,Waterston_400_minutes,1.11922204798432,280,260,210-270,270-330,,810,,5.97543046663287,3.04386416034616,-2.43979326537206,-2.69935441153668,2.64899034202103,0.409775684565816,-0.608285620557888,8,260,0.026758434,9.914344,9.702086
Selection 2,CACACCTAGCTACCGC-400.2.3,CACACCTAGCTACCGC-400.2.3,1834,400_minutes,Waterston_400_minutes,1.42545363611337,230,230,210-270,210-270,ABalpppapa/ABpraaaapa,966,Neuroblast_AFD_RMD,6.90214560097259,3.06262986709746,-2.84683758603192,-3.13083537309427,2.40461857609803,-0.0833526312935782,-1.26706880063353,8,230,0.024967685,9.859619,9.734138
Selection 2,TGTCCCAAGAAAGTGG-300.1.3,TGTCCCAAGAAAGTGG-300.1.3,2321,300_minutes,Waterston_300_minutes,1.8039683148414,230,230,210-270,210-270,ABalpppapa/ABpraaaapa,1079,Neuroblast_AFD_RMD,6.75960699940981,2.11477793252472,-3.81851683500527,-3.96635536864991,1.32917095963282,-1.20469724878393,-2.02498139208673,8,230,0.027970387,9.8892765,9.6764145
Selection 2,CTTACCGCAGATGGGT-b01,CTTACCGCAGATGGGT-b01,2358,mixed,Murray_b01,1.83272610357433,200,170,170-210,170-210,,1147,,8.13818136895891,4.32695345931894,-1.2541225617071,-1.95056524133762,4.81436119227296,2.89713943397686,2.23189104286455,1,170,0.021275055,8.157102,9.665837
Selection 2,GAAACTCAGGAACTGC-b02,GAAACTCAGGAACTGC-b02,1429,mixed,Murray_b02,1.11067243511778,160,165,130-170,130-170,,849,,9.68780532403349,4.17776103719453,-3.38488148509684,-3.13355733280361,7.26957825183471,4.74367036162245,4.65278623070743,1,165,0.009816965,8.348557,10.3743
Selection 2,CCTAAAGTCGACCAGC-400.2.2,CCTAAAGTCGACCAGC-400.2.2,2376,400_minutes,Waterston_400_minutes,1.84671637917413,170,180,170-210,170-210,ABpxaapapa,1017,,9.1033287610125,4.16499806481115,-3.57119757496167,-3.83154305122249,4.48337969637157,0.89140464020733,-0.942912453066313,1,180,0.029587014,8.829567,10.946906
Selection 2,GGCTGGTGTGCCTGCA-400.2.2,GGCTGGTGTGCCTGCA-400.2.2,2342,400_minutes,Waterston_400_minutes,1.82029030304117,160,170,170-210,130-170,ABalpppap/ABpraaaap,1041,,9.37517923746602,4.36438030135424,-3.14966545742825,-3.64513204963295,4.43055190253994,1.19862755221429,-0.3807556792861,1,170,0.034795456,9.307481,11.698582
Selection 2,CTGATCCTCTGCTGTC-400.2.2,CTGATCCTCTGCTGTC-400.2.2,2073,400_minutes,Waterston_400_minutes,1.61121340657743,170,175,170-210,170-210,,991,,13.239621720743,7.24665493072196,-3.1163465608683,-3.73233960571602,8.44136496784875,3.82017535925504,1.01053080673529,1,175,0.03877746,9.339458,11.48761
Selection 2,CGGACACGTCACTGGC-300.1.3,CGGACACGTCACTGGC-300.1.3,1170,300_minutes,Waterston_300_minutes,0.909367913987263,210,170,170-210,210-270,ABalpppap/ABpraaaap,655,,11.2333266895134,6.04873518619372,-2.31344518100255,-3.22956838025784,6.49507650535963,4.01780464514809,2.44467468525532,1,170,0.023874175,9.338695,11.545913
Selection 2,AGAGCGAAGGAGTACC-400.2.3,AGAGCGAAGGAGTACC-400.2.3,5049,400_minutes,Waterston_400_minutes,3.92427230574503,150,170,170-210,130-170,,1919,,12.6011480953067,6.45256515599975,-2.8273950188747,-3.55988787468578,7.51092543011577,3.45692195674491,1.19598493433934,1,170,0.037692174,9.372935,11.613734
Selection 2,CTCTAATTCTCGTTTA-400.2.2,CTCTAATTCTCGTTTA-400.2.2,2820,400_minutes,Waterston_400_minutes,2.1918098439693,170,170,170-210,170-210,ABalppppa/ABpraaapa,1280,,10.2357740512563,4.37992733693861,-3.25687243899002,-3.84963866777162,4.72616401543341,1.36282679191537,-0.3870776452183,1,170,0.036310934,9.409409,11.012907
Selection 2,AGCTCTCTCTTAGAGC-400.2.2,AGCTCTCTCTTAGAGC-400.2.2,1520,400_minutes,Waterston_400_minutes,1.18140105065012,190,190,170-210,170-210,ABalppppap/ABpraaapap,807,,9.91567705123498,5.09235561651777,-2.44449778631591,-3.14111960004076,5.15251170441618,1.78351063809324,0.147424536340221,1,190,0.03148843,9.43304,11.187725
Selection 2,GTGCAGCGTGATGATA-300.1.1,GTGCAGCGTGATGATA-300.1.1,1459,300_minutes,Waterston_300_minutes,1.13398956111745,220,180,170-210,210-270,ABalpppap/ABpraaaap,736,,8.81251670765443,3.47132466658867,-3.44013995933292,-3.91860521730746,3.08473506806001,-0.0220559952896626,-1.58509266332004,1,180,0.035986286,9.641806,11.047567
Selection 2,GTGAAGGTCTGCGACG-400.2.3,GTGAAGGTCTGCGACG-400.2.3,1571,400_minutes,Waterston_400_minutes,1.22104016484956,170,175,170-210,170-210,ABalppppap/ABpraaapap,801,,7.99155541471164,3.04630979394078,-3.35529879157004,-3.48409180807328,3.29326460363117,0.689200022595563,-0.198369076801617,1,175,0.03619253,9.775017,11.34483
Selection 2,CACAGTAGTCAGAAGC-300.1.2,CACAGTAGTCAGAAGC-300.1.2,1967,300_minutes,Waterston_300_minutes,1.52882622804525,200,195,170-210,170-210,ABalpppapp/ABpraaaapp,986,,7.01202718387464,2.49089332932104,-3.49114410657824,-3.66495275350279,2.32865263735858,-0.173374904707487,-0.973028740155471,1,195,0.030072307,9.726348,11.523214
Selection 2,GCATGATAGATGAGAG-300.1.2,GCATGATAGATGAGAG-300.1.2,2462,300_minutes,Waterston_300_minutes,1.91355880703986,180,175,170-210,170-210,ABalpppap/ABpraaaap,1159,,8.67342280890673,3.30044894445917,-3.15033433516264,-3.71424337520236,3.42938016285315,0.581628708801016,-0.633204443496384,1,175,0.03294245,9.612116,11.445576
Selection 2,TGGCGCAGTTTACTCT-300.1.3,TGGCGCAGTTTACTCT-300.1.3,2011,300_minutes,Waterston_300_minutes,1.56302467951144,180,170,170-210,170-210,ABalpppap/ABpraaaap,1040,,9.90654789062419,4.28211863680736,-3.27121135883644,-3.65965552054631,4.94423685589153,1.76569435365784,0.357001589110566,1,170,0.03321157,9.67949,11.567596
Selection 2,TTGAACGCAGGGTACA-300.1.2,TTGAACGCAGGGTACA-300.1.2,2260,300_minutes,Waterston_300_minutes,1.75655682530873,200,170,170-210,170-210,ABalpppap/ABpraaaap,1120,,9.95200368167854,4.2345989268692,-3.29043875919023,-3.85650208067877,4.88527925652647,1.70346652899422,0.34683869344727,1,170,0.02647437,9.593841,11.473797
Selection 2,AACTCAGTCTTATCTG-300.1.1,AACTCAGTCTTATCTG-300.1.1,1645,300_minutes,Waterston_300_minutes,1.27855574231543,170,170,170-210,170-210,ABalpppap/ABpraaaap,944,,8.96903155095744,3.67555580776022,-3.10881619814174,-3.57075205507974,3.75324178480675,0.94180528620218,-0.304750120353199,1,170,0.027026862,9.496326,11.535998
Selection 2,AGGTCATGTCGCCATG-300.1.2,AGGTCATGTCGCCATG-300.1.2,1815,300_minutes,Waterston_300_minutes,1.41068612298024,200,215,210-270,170-210,ABalppppap/ABpraaapap,983,,7.52929735754008,2.53185533611302,-3.84159739018818,-3.93477136899175,2.57514595594095,-0.0625092774625665,-0.819921592242941,1,215,0.03291965,9.734508,11.034918
Selection 2,CGGAGCTCAGGAATCG-400.2.2,CGGAGCTCAGGAATCG-400.2.2,2253,400_minutes,Waterston_400_minutes,1.75111616257547,190,170,170-210,170-210,ABalpppap/ABpraaaap,1141,,8.46140531048308,4.01745841552146,-2.21845822110924,-2.66799571476891,4.0015517843068,1.5540389162969,0.204913230608981,1,170,0.030951276,9.67789,11.454751
Selection 2,CTGCCTAGTTGCGTTA-300.1.2,CTGCCTAGTTGCGTTA-300.1.2,2119,300_minutes,Waterston_300_minutes,1.64696633311026,190,200,170-210,170-210,ABalppppap/ABpraaapap,1068,,9.01229789387592,3.69286458837917,-3.34760260284102,-3.77767970337264,3.28177706946395,0.179280402764094,-1.34465586571765,1,200,0.032744665,9.719318,11.520098
Selection 2,CTTCTCTGTTACTGAC-300.1.1,CTTCTCTGTTACTGAC-300.1.1,1213,300_minutes,Waterston_300_minutes,0.942789127920128,200,200,170-210,170-210,ABalppppap/ABpraaapap,691,,8.21963738516515,3.47913624832208,-2.48566655663245,-3.05830530645278,3.17075230222254,0.708769249991622,-0.248037546902528,1,200,0.026609208,9.729021,11.471285
Selection 2,GGCGACTTCCACGACG-400.2.3,GGCGACTTCCACGACG-400.2.3,17164,400_minutes,Waterston_400_minutes,13.3405050219465,170,170,170-210,170-210,ABalpppap/ABpraaaap,3962,,9.224274932237,4.48040912657598,-3.04162056522395,-3.42618070511781,4.97218066749641,1.82913170919434,0.411953488280438,1,170,0.035940986,9.656549,11.175049
Selection 2,CTGATAGGTGAGGGAG-300.1.3,CTGATAGGTGAGGGAG-300.1.3,3601,300_minutes,Waterston_300_minutes,2.79883235749413,220,205,170-210,210-270,,1569,,10.0689913209807,5.97470498049937,-2.2530914883685,-2.88821257867095,6.50574927709542,4.09550743747948,2.80084741152852,1,205,0.037525095,9.733963,11.65163
Selection 2,CCCTCCTAGTGACATA-400.2.2,CCCTCCTAGTGACATA-400.2.2,1414,400_minutes,Waterston_400_minutes,1.09901387211794,200,170,170-210,170-210,,754,,9.46868388349539,5.30605611383462,-2.33263330201933,-2.85590644927798,5.46687213545235,1.98008862119557,-0.199352829404792,1,170,0.0305179,9.437114,11.264813
Selection 2,TACCTTAGTTCGAATC-300.1.3,TACCTTAGTTCGAATC-300.1.3,1935,300_minutes,Waterston_300_minutes,1.50395462697893,200,200,170-210,170-210,ABalppppap/ABpraaapap,1028,,7.13351487729988,2.80067399631646,-2.94102139599563,-3.04361801624463,2.82249975167859,0.601393567120332,-0.113304054151362,1,200,0.029942775,9.71327,11.087067
Selection 2,TTCCCAGGTAGGGACT-400.2.3,TTCCCAGGTAGGGACT-400.2.3,3038,400_minutes,Waterston_400_minutes,2.36124762623359,190,170,170-210,170-210,ABalpppap/ABpraaaap,1306,,9.19082867905181,4.48044156246954,-1.99822063185387,-2.84808045593813,4.54666098558175,1.80934446329474,0.468243879835399,1,170,0.029762644,9.4664545,11.655605
Selection 2,CGTCACTCATGTTCCC-300.1.1,CGTCACTCATGTTCCC-300.1.1,1880,300_minutes,Waterston_300_minutes,1.4612065626462,190,195,170-210,170-210,ABalpppap/ABpraaaap,1021,,8.82057454511882,3.73034902559335,-3.43147260883357,-3.71311571073428,3.77297869052449,0.531301042282817,-0.980411587699951,1,195,0.037397016,9.720027,11.16068
Selection 2,GCTCCTAAGGCTACGA-400.2.1,GCTCCTAAGGCTACGA-400.2.1,1687,400_minutes,Waterston_400_minutes,1.31119971871497,170,200,170-210,170-210,ABalppppap/ABpraaapap,861,,7.93844582614442,3.29209849636271,-3.04008134918963,-3.44944552341653,3.44714924167437,1.0254828869944,0.28763302675537,1,200,0.028017104,9.636196,11.007758
Selection 2,TGCTACCAGGCGATAC-300.1.1,TGCTACCAGGCGATAC-300.1.1,2103,300_minutes,Waterston_300_minutes,1.63453053257711,200,200,170-210,170-210,ABalppppap/ABpraaapap,1077,,8.0817767251336,3.13145891480513,-3.21941139079637,-3.56500253546194,3.04403798256306,0.598773444732591,-0.172848286785415,1,200,0.031716008,9.694504,11.07333
Selection 2,CGTCTACCACAGCCCA-400.2.2,CGTCTACCACAGCCCA-400.2.2,3332,400_minutes,Waterston_400_minutes,2.58975546103039,170,170,170-210,170-210,ABalpppap/ABpraaaap,1325,,10.96841735292,5.59629547469759,-2.82460301981619,-3.27782024171664,6.10494855843926,2.42868322139794,0.0809252742423072,1,170,0.03200931,9.487742,11.685888
Selection 2,GGAACTTTCTTATCTG-300.1.2,GGAACTTTCTTATCTG-300.1.2,2007,300_minutes,Waterston_300_minutes,1.55991572937815,190,190,170-210,170-210,ABalpppap/ABpraaaap,978,,7.76178634223458,2.59199413103875,-3.63604344732849,-3.81754836333593,2.2511626219735,-0.456821674785404,-1.66881463502535,1,190,0.03367421,9.76255,11.10515
Selection 2,GACGGCTTCAAGGCTT-400.2.3,GACGGCTTCAAGGCTT-400.2.3,2344,400_minutes,Waterston_400_minutes,1.82184477810782,170,170,170-210,170-210,,1039,,10.9451611983432,5.42442080301653,-2.85553927128814,-3.31774625457365,5.44431809064314,2.06529183492055,-0.0703468545459757,1,170,0.041283824,9.595926,11.4688835
Selection 2,GTGTGCGAGCTGGAAC-400.2.2,GTGTGCGAGCTGGAAC-400.2.2,1236,400_minutes,Waterston_400_minutes,0.960665591186544,200,190,170-210,170-210,ABalpppapp/ABpraaaapp,639,,8.99542463165326,4.33485736802225,-2.05401671454048,-2.60886802113188,3.70266148544686,1.08912152522056,-0.531636892127328,1,190,0.024853626,9.596151,11.585671
Selection 2,TACTTGTCACACCGAC-300.1.2,TACTTGTCACACCGAC-300.1.2,2569,300_minutes,Waterston_300_minutes,1.99672322310537,170,190,170-210,170-210,ABalppppap/ABpraaapap,1289,,8.9081677855607,3.35674286346963,-3.66988799145017,-3.91040130969574,3.22215018083793,0.259568796293792,-1.07378368316798,1,190,0.04106891,9.81996,11.224268
Selection 2,CCTACACCATTGCGGC-400.2.1,CCTACACCATTGCGGC-400.2.1,2568,400_minutes,Waterston_400_minutes,1.99594598557204,160,180,170-210,130-170,,1116,,13.2134128512106,7.06600460604419,-2.73496881623031,-3.45282597247433,7.90884777164696,3.34114055440255,0.374894929378501,1,180,0.05333388,9.518806,11.485162
Selection 2,TCTGAGACAATCGGTT-400.2.3,TCTGAGACAATCGGTT-400.2.3,1575,400_minutes,Waterston_400_minutes,1.22414911498285,200,170,170-210,170-210,ABalpppap/ABpraaaap,812,,8.88759629866875,3.95802031105524,-2.22535317790788,-2.79773878279555,4.16838457086478,1.51334497951026,0.302112391329337,1,170,0.028332813,9.82347,11.172697
Selection 2,GTGCATATCGTCCGTT-300.1.1,GTGCATATCGTCCGTT-300.1.1,3578,300_minutes,Waterston_300_minutes,2.78095589422772,170,190,170-210,170-210,ABalppppa/ABpraaapa,1483,,8.04312070907813,2.75197464978873,-3.60053593532473,-3.83811034145381,2.96174093979509,0.348186382584822,-0.509348110558601,1,190,0.040092804,9.614679,10.960284
Selection 2,ATTTCTGGTCTAGTGT-400.2.2,ATTTCTGGTCTAGTGT-400.2.2,1570,400_minutes,Waterston_400_minutes,1.22026292731624,200,190,170-210,170-210,ABpxaapapa,756,,10.1221177722114,4.83001036516203,-2.5569224741079,-2.99441656678836,4.49343441767446,1.56228230372308,-0.294462423286841,1,190,0.02895133,8.902396,11.274056
Selection 2,CCTATTATCTCTTGAT-400.2.1,CCTATTATCTCTTGAT-400.2.1,1994,400_minutes,Waterston_400_minutes,1.54981164144496,190,190,170-210,170-210,ABpxaapap,928,,12.3703895284359,8.00313474143006,-1.13518710459623,-2.07243987807692,8.15037238702511,4.04689714411129,0.792652729575518,1,190,0.04452114,8.854428,10.95811
Selection 2,ATCATCTAGTACTTGC-400.2.2,ATCATCTAGTACTTGC-400.2.2,1739,400_minutes,Waterston_400_minutes,1.35161607044774,170,190,170-210,170-210,ABpxaapap,865,,9.22988043738534,4.10816504853825,-2.70982588619504,-3.2367928810013,3.6609400722887,0.80854823803513,-0.781618284553553,1,190,0.02167809,8.964472,11.249578
Selection 2,TGGGCGTGTGTCCTCT-400.2.3,TGGGCGTGTGTCCTCT-400.2.3,1347,400_minutes,Waterston_400_minutes,1.04693895738534,200,195,170-210,170-210,ABpxaapap,704,,8.23956492525715,3.99279413571414,-2.39714659739104,-2.93550081414168,3.42198895657177,0.93368854751272,-0.374388795243808,1,195,0.022528114,9.008156,10.967629
Selection 2,AATCGGTAGAAGCCCA-300.1.3,AATCGGTAGAAGCCCA-300.1.3,1881,300_minutes,Waterston_300_minutes,1.46198380017952,180,170,170-210,170-210,ABpxaapaa,982,,9.34836798661103,4.03280405430616,-3.29835554743681,-3.83639526457327,4.3081631823004,1.01727519908606,-0.542096242682895,1,170,0.029546253,8.65621,11.269641
Selection 2,CCAGCGATCGGAATCT-400.2.1,CCAGCGATCGGAATCT-400.2.1,3741,400_minutes,Waterston_400_minutes,2.90764561215927,160,190,170-210,130-170,,1555,,12.8203103939644,7.25277155729758,-3.21210149594886,-3.66047437659213,8.15224463018478,3.14328854960188,-0.200385296238913,1,190,0.031676736,8.951071,10.975923
Selection 2,ACTTTCAGTCCATGAT-400.2.3,ACTTTCAGTCCATGAT-400.2.3,2476,400_minutes,Waterston_400_minutes,1.92444013250638,230,190,170-210,210-270,,1194,,8.52455522350612,4.00201753152998,-2.68486094146131,-3.25924716193268,3.86623784786028,0.894656558758785,-0.596461409792321,1,190,0.018062107,8.818032,10.977479
Selection 2,TGGCGCACATGACATC-400.2.3,TGGCGCACATGACATC-400.2.3,6903,400_minutes,Waterston_400_minutes,5.36527069252485,150,170,170-210,130-170,,2312,,12.162653502939,6.56157618396615,-2.98328298666981,-3.27280728743426,7.51204106715145,3.33985200162026,0.683697007784756,1,170,0.04437082,8.879854,11.145561
Selection 2,GGGTTGCAGCCCAACC-300.1.1,GGGTTGCAGCCCAACC-300.1.1,2794,300_minutes,Waterston_300_minutes,2.17160166810292,160,170,170-210,130-170,,1328,,11.1040276389038,5.22696931354818,-3.46780301974001,-3.92056742212819,6.15813552737889,2.3092123699538,0.304882586500918,1,170,0.035231758,8.793643,11.798396
Selection 2,CTGCTGTTCAAGCCTA-300.1.1,CTGCTGTTCAAGCCTA-300.1.1,3537,300_minutes,Waterston_300_minutes,2.74908915536149,190,180,170-210,170-210,ABpxaapap,1566,,9.76186717549402,3.55187257715971,-3.42438982487439,-4.00509106556072,3.63481214112103,0.725394009453879,-0.511978502918471,1,180,0.020443816,8.518907,11.351959
Selection 2,CAGCGACTCTGATTCT-400.2.3,CAGCGACTCTGATTCT-400.2.3,2125,400_minutes,Waterston_400_minutes,1.6516297583102,170,175,170-210,170-210,ABpxaapap,1035,,11.4837925140748,6.00859741905163,-3.22836378237642,-3.65685033087576,6.94237235583165,2.62115990670468,0.0776651985568777,1,175,0.04294063,9.007285,11.245244
Selection 2,TAGACCACAATCGAAA-400.2.3,TAGACCACAATCGAAA-400.2.3,2172,400_minutes,Waterston_400_minutes,1.68815992237635,170,195,170-210,170-210,ABalppappp/ABarappppp,1027,,9.49549131711113,3.99951932853887,-3.32938324847991,-3.6646987379094,3.90184941179837,0.854621554524984,-0.728832094282787,1,195,0.02250886,8.897998,11.169234
Selection 2,CCTATTAGTCCGAAGA-400.2.2,CCTATTAGTCCGAAGA-400.2.2,2637,400_minutes,Waterston_400_minutes,2.04957537537129,220,170,170-210,210-270,ABpxaapapa,1464,,10.5945648085241,5.93384872896053,-2.51264544644729,-3.19889941083737,6.87093797067499,3.03016284496457,1.03901270724133,1,170,0.033456706,8.864939,11.160544
Selection 2,ACACCCTCATATGAGA-400.2.2,ACACCCTCATATGAGA-400.2.2,1333,400_minutes,Waterston_400_minutes,1.03605763191882,200,170,170-210,170-210,ABpxaapap,710,,9.29483871120403,4.56401434553973,-2.38871981298894,-2.87189728501536,4.63391020189649,1.70970419856879,0.0448926494880164,1,170,0.029294355,8.994708,11.248545
Selection 2,TTATGCTAGAGACTTA-400.2.2,TTATGCTAGAGACTTA-400.2.2,2497,400_minutes,Waterston_400_minutes,1.94076212070615,200,170,170-210,170-210,ABpxaapap,1039,,11.2381778750541,5.71890181701136,-2.76076798714148,-3.49948600548665,6.12137909794354,2.17591229687367,-0.0534240056090773,1,170,0.03779342,8.577937,11.455957
Selection 2,TCTTTCCGTCGGATCC-300.1.3,TCTTTCCGTCGGATCC-300.1.3,3141,300_minutes,Waterston_300_minutes,2.44130309216581,210,170,170-210,210-270,ABpxaapap,1357,,9.6610601331129,4.00950214864117,-2.87754546684334,-3.5198538404807,3.94448762312714,1.12844104009556,-0.186090727748002,1,170,0.02765148,8.864823,11.049928
Selection 2,AAACCTGGTGTGAATA-300.1.1,AAACCTGGTGTGAATA-300.1.1,1458,300_minutes,Waterston_300_minutes,1.13321232358413,190,190,170-210,170-210,ABalppppa/ABpraaapa,857,,9.22093843433067,3.94290369213683,-3.42085930358027,-3.47937613422073,4.89879770488135,1.64068617536958,0.153480510949866,1,190,0.0288606,8.879689,11.028734
Selection 2,AGATTGCAGTCTCCTC-300.1.2,AGATTGCAGTCTCCTC-300.1.2,3584,300_minutes,Waterston_300_minutes,2.78561931942765,170,180,170-210,170-210,ABalppppp/ABpraaapp,1540,,13.6685696504103,8.07010752505861,-2.04023581791225,-3.03922255114316,9.35698161407206,5.80340193773785,3.66101126240941,1,180,0.03294135,8.972096,11.828873
Selection 2,ACTTGTTTCAGGTAAA-300.1.1,ACTTGTTTCAGGTAAA-300.1.1,1783,300_minutes,Waterston_300_minutes,1.38581452191392,200,175,170-210,170-210,ABalpppppp/ABpraaappp,868,,10.6449447514431,4.73622005771117,-3.34893965296825,-3.99310251272981,4.98802248553435,1.34058704194153,-0.546264686153543,1,175,0.029354818,8.685728,11.326302
Selection 2,GACTAACAGCGCTCCA-300.1.3,GACTAACAGCGCTCCA-300.1.3,1770,300_minutes,Waterston_300_minutes,1.37571043398073,170,170,170-210,170-210,ABpxaapap,873,,10.8115022220724,5.11314715668896,-2.61979525631949,-3.46013887936209,5.25164385388535,1.94407196550278,0.127337914614377,1,170,0.024814643,8.698552,11.24183
Selection 2,CCGTTCAGTGCAGGTA-400.2.2,CCGTTCAGTGCAGGTA-400.2.2,4032,400_minutes,Waterston_400_minutes,3.13382173435611,180,175,170-210,170-210,ABpxaapap,1615,,10.2002661138669,5.31961987968806,-2.34506665005614,-3.18133718935093,5.04164733394088,1.70978956000041,-0.300244486002818,1,175,0.036456708,8.617564,11.539418
Selection 2,GCAAACTTCCGATATG-400.2.2,GCAAACTTCCGATATG-400.2.2,1913,400_minutes,Waterston_400_minutes,1.48685540124584,180,190,170-210,170-210,ABpxaapap,962,,10.2902728983651,5.40757982099319,-2.21244485609638,-2.862351309956,5.39592502588741,2.11253860528291,0.155185080803499,1,190,0.02657439,8.890813,11.486035
Selection 2,CATGGCGTCTAACGGT-400.2.3,CATGGCGTCTAACGGT-400.2.3,2812,400_minutes,Waterston_400_minutes,2.18559194370272,230,175,170-210,210-270,ABpxapaaa,1193,,9.54887847108282,4.87763027578855,-2.94106150753825,-3.49889231837176,4.69397692984825,1.17311214706027,-0.809586226012108,1,175,0.028816741,8.595385,11.048099
Selection 2,GCAGTTATCGGAAATA-400.2.2,GCAGTTATCGGAAATA-400.2.2,4749,400_minutes,Waterston_400_minutes,3.6911010457483,190,165,130-170,170-210,ABpxpppap,1942,,11.829520572276,7.3290553927148,-1.69946399341967,-2.38418113726206,8.59840914015086,4.64110633534569,2.51257289910635,1,165,0.025558427,8.580416,11.391546
Selection 2,ATAGACCTCTAACGGT-300.1.3,ATAGACCTCTAACGGT-300.1.3,2351,300_minutes,Waterston_300_minutes,1.82728544084107,180,195,170-210,170-210,ABpxaapap,1177,,9.47190752515749,3.98396963022639,-2.98628163247997,-3.61734551038643,4.13204287612779,1.12335724578161,-0.257025372681563,1,195,0.024687132,8.839208,11.283279
Selection 2,TGAGGGACACATGTGT-300.1.3,TGAGGGACACATGTGT-300.1.3,2736,300_minutes,Waterston_300_minutes,2.12652189117021,160,170,170-210,130-170,ABpxaapap,1348,,10.9077717249237,5.12702310625102,-2.90397470483256,-3.52045862804114,5.55986076978841,2.0781886644524,0.130220937808123,1,170,0.02738429,8.652746,11.592068
Selection 2,GTTCTCGCAATCCGAT-300.1.3,GTTCTCGCAATCCGAT-300.1.3,1548,300_minutes,Waterston_300_minutes,1.20316370158315,200,185,170-210,170-210,ABpxaapap,819,,10.3325091087048,4.76736051175636,-2.93284716002708,-3.64828666939964,4.93388411655293,1.58744960843493,-0.212710095139768,1,185,0.03261381,8.466322,11.148173
Selection 2,CCTTCGACATAGGATA-400.2.1,CCTTCGACATAGGATA-400.2.1,1829,400_minutes,Waterston_400_minutes,1.42156744844676,170,190,170-210,170-210,ABpxaapap,847,,10.1606508681171,4.92380303454029,-3.52815417723776,-4.03854783764908,5.42054660574423,1.36361958564936,-0.824481188436944,1,190,0.032514777,8.929331,11.159751
Selection 2,CTAATGGAGGGCTTCC-300.1.1,CTAATGGAGGGCTTCC-300.1.1,1457,300_minutes,Waterston_300_minutes,1.1324350860508,170,180,170-210,170-210,ABalppppa/ABpraaapa,883,,10.3317179558509,5.1458688708901,-2.07099701943684,-2.55905109844731,5.74762637848498,3.06355432550092,1.41475795454923,1,180,0.027944865,8.63937,11.041879
Selection 2,AGGTCCGAGGCTCTTA-300.1.1,AGGTCCGAGGCTCTTA-300.1.1,1703,300_minutes,Waterston_300_minutes,1.32363551924813,190,170,170-210,170-210,ABalppppa/ABpraaapa,859,,11.1581739651612,4.90783443441608,-3.33187070798838,-3.90054589049734,5.13364060585793,1.21131740867879,-0.993933485049535,1,170,0.025688265,9.041279,10.992843
Selection 2,AAAGATGGTAATCACC-400.2.3,AAAGATGGTAATCACC-400.2.3,2711,400_minutes,Waterston_400_minutes,2.10709095283715,170,175,170-210,170-210,ABalppppa/ABpraaapa,1204,,12.4282807714949,6.999957642437,-2.60347985264574,-3.30627155976792,7.55810461073425,2.94853412052165,-0.100909643949768,1,175,0.039763924,9.066651,10.955408
Selection 2,GACGCGTAGGATCGCA-400.2.2,GACGCGTAGGATCGCA-400.2.2,2486,400_minutes,Waterston_400_minutes,1.9322125078396,170,170,170-210,170-210,,1132,,11.2887525604947,5.80782794368994,-2.64010284483799,-3.23149262130391,6.10205929244947,2.14643416590097,-0.479392210463018,1,170,0.03522576,9.116913,11.237945
Selection 2,ACGGAGACATCCAACA-300.1.3,ACGGAGACATCCAACA-300.1.3,2059,300_minutes,Waterston_300_minutes,1.60033208111092,190,170,170-210,170-210,ABalppppa/ABpraaapa,1122,,7.62666668574611,2.30958963992342,-3.64845756972665,-3.87237499966723,2.83480611828766,0.558346865613008,0.183478434362662,1,170,0.03932816,9.127997,10.967087
Selection 2,TGCACCTGTACAAGTA-300.1.3,TGCACCTGTACAAGTA-300.1.3,1037,300_minutes,Waterston_300_minutes,0.805995322055377,190,170,170-210,170-210,ABalpppap/ABpraaaap,680,,10.1354554327025,4.78448417687704,-2.79332922095343,-3.20845998894518,5.17334536514057,2.07337578506601,0.440223227874117,1,170,0.034264613,9.247286,11.586348
Selection 2,TTATGCTAGTGGTAAT-400.2.3,TTATGCTAGTGGTAAT-400.2.3,3757,400_minutes,Waterston_400_minutes,2.92008141269243,170,170,170-210,170-210,ABalpppap/ABpraaaap,1583,,11.2617189175498,5.67328702048434,-2.91537296923047,-3.48509288465413,6.01278537611953,2.16927415403011,-0.264546533666493,1,170,0.043635372,9.09416,11.788311
Selection 2,GGGTCTGAGCCGATTT-300.1.3,GGGTCTGAGCCGATTT-300.1.3,3366,300_minutes,Waterston_300_minutes,2.61618153716336,170,190,170-210,170-210,ABalppppa/ABpraaapa,1448,,12.1122748018699,5.3220171583427,-3.71595293270332,-4.29688636140048,6.16886743092711,2.10548626318076,0.0382509718490329,1,190,0.034051526,9.237025,11.082093
Selection 2,GTCATTTGTATTACCG-400.2.2,GTCATTTGTATTACCG-400.2.2,3083,400_minutes,Waterston_400_minutes,2.3962233152331,190,195,170-210,170-210,ABpxaapap,1335,,9.65320679211178,4.61686854972202,-2.50803747309203,-3.25966833900786,4.10571128648433,0.838324987854749,-1.11168172257343,1,195,0.03191433,9.162725,11.170032
Selection 2,CAGCTGGCACCTCGTT-b01,CAGCTGGCACCTCGTT-b01,2383,mixed,Murray_b01,1.85215704190739,170,175,170-210,170-210,,1226,,10.0261598804228,5.02344584101015,-2.43247113524027,-2.2701428645652,6.85640496997046,4.60381093407653,3.65889371011147,1,175,0.031242687,9.253396,11.123294
Selection 2,GATGAGGTCTCTTGAT-400.2.3,GATGAGGTCTCTTGAT-400.2.3,1627,400_minutes,Waterston_400_minutes,1.26456546671562,170,170,170-210,170-210,ABalpppap/ABpraaaap,855,,11.6266522210553,6.66322357591135,-2.06422113145313,-2.85721740743782,6.70108961575982,2.71773427077211,-0.0344079476024923,1,170,0.03868145,9.227319,11.545841
Selection 2,AGATTGCAGAAGATTC-400.2.3,AGATTGCAGAAGATTC-400.2.3,3301,400_minutes,Waterston_400_minutes,2.5656610974974,170,175,170-210,170-210,ABalpppap/ABpraaaap,1405,,11.0863254803584,5.45590884007457,-3.22094124632973,-3.80140773837721,5.72753839462003,1.77916688673962,-0.562769033362548,1,175,0.04407569,9.199237,11.657794
Selection 2,CGATGGCAGATCCGAG-400.2.1,CGATGGCAGATCCGAG-400.2.1,1907,400_minutes,Waterston_400_minutes,1.48219197604591,200,195,170-210,170-210,ABalpppap/ABpraaaap,877,,10.9690398857903,6.43564587032639,-1.66886280871454,-2.72270155635055,5.96142370453669,2.16998403798337,-0.412954307206555,1,195,0.02749256,9.299748,11.563898
Selection 2,GTGCAGCTCAGCTCTC-300.1.1,GTGCAGCTCAGCTCTC-300.1.1,1907,300_minutes,Waterston_300_minutes,1.48219197604591,220,205,170-210,210-270,ABalpppapa/ABpraaaapa,992,,10.057153810563,5.1761756130894,-2.72904834377603,-3.42253058078994,5.13939824728107,1.78977205664873,0.223577857941206,8,205,0.015515319,9.028404,10.12813
Selection 2,CGTGAGCCAAAGGCGT-b01,CGTGAGCCAAAGGCGT-b01,1094,mixed,Murray_b01,0.850297861454757,200,390,390-450,170-210,ABalpppapp/ABpraaaapp,649,AFD,7.67609305693064,3.95502927066669,-2.66692414535749,-2.3735269371635,5.07546873549938,3.20322670674599,2.75674233267475,1,390,0.009089662,9.034698,9.912598
Selection 2,CTTCTCTGTCATCGGC-400.2.3,CTTCTCTGTCATCGGC-400.2.3,2366,400_minutes,Waterston_400_minutes,1.83894400384091,190,180,170-210,170-210,ABalppppap/ABpraaapap,1083,,8.3898387986701,3.34068935160673,-3.20325995906294,-3.41384912235356,3.74161065102375,1.14241292974499,0.19997840920011,1,180,0.016324136,9.052838,10.485469
Selection 2,AGCTCTCCAAGTTGTC-400.2.3,AGCTCTCCAAGTTGTC-400.2.3,1547,400_minutes,Waterston_400_minutes,1.20238646404983,220,260,210-270,210-270,ABpxaapapa,777,Neuroblast_ASG_AWA,9.69593765326964,5.92739664750722,-1.81525561075388,-2.44490891418499,5.66404129683741,1.93986214789776,-0.490082533630077,8,260,0.0314206,9.239092,9.936129
Selection 2,TTTACTGGTCGAAAGC-400.2.3,TTTACTGGTCGAAAGC-400.2.3,3055,400_minutes,Waterston_400_minutes,2.37446066430007,170,190,170-210,170-210,ABalppppa/ABpraaapa,1458,,11.8637372203087,6.42090076215149,-2.84457740117044,-3.24442700242464,7.22359564609951,3.12576858852553,0.525976603003472,1,190,0.03705876,9.240154,10.733886
Selection 2,ATTGGACCACGCTTTC-300.1.2,ATTGGACCACGCTTTC-300.1.2,1871,300_minutes,Waterston_300_minutes,1.4542114248463,190,175,170-210,170-210,ABalppppa/ABpraaapa,1012,,9.19619131982777,3.87470439741644,-3.10196567059994,-3.45073997071729,4.62920341762624,1.77040145684938,0.761566107360915,1,175,0.029455043,9.115717,10.569191
Selection 2,AGTAGTCTCTACCTGC-400.2.2,AGTAGTCTCTACCTGC-400.2.2,3223,400_minutes,Waterston_400_minutes,2.50503656989825,170,190,170-210,170-210,ABalppppa/ABpraaapa,1440,,11.6942298774536,6.04664216089434,-3.01234568618025,-3.56416417031487,6.42483306736606,1.91641458054134,-1.0668874302005,1,190,0.034938402,9.138399,10.849425
Selection 2,AGCGTATAGTCGTTTG-300.1.1,AGCGTATAGTCGTTTG-300.1.1,1615,300_minutes,Waterston_300_minutes,1.25523861631575,230,220,210-270,210-270,ABalpppapa/ABpraaaapa,851,,7.41153932229572,2.87399138452973,-3.41855473203607,-3.57375077790911,2.52110274994283,-0.0607013178933297,-1.07228291719613,8,220,0.022485422,9.251662,10.046357
Selection 2,TGGACGCTCTCTAAGG-400.2.2,TGGACGCTCTCTAAGG-400.2.2,1728,400_minutes,Waterston_400_minutes,1.34306645758119,220,220,210-270,210-270,ABalppppa/ABpraaapa,915,,8.29662137679673,3.18953231266935,-3.50567866870004,-3.50149078750955,2.99649668694162,0.300837768529128,-1.03545868264386,8,220,0.017310034,9.271211,10.108729
Selection 2,TTCCCAGAGCTATGCT-300.1.2,TTCCCAGAGCTATGCT-300.1.2,1421,300_minutes,Waterston_300_minutes,1.1044545348512,200,195,170-210,170-210,ABalpppppa/ABpraaappa,771,,8.46263017176647,3.50383836470341,-3.32896255404328,-3.92192772022304,2.8690178465371,-0.013500412845758,-1.35380691731002,8,195,0.026068782,9.076828,10.375476
Selection 2,GTACTTTGTAGCGTCC-400.2.2,GTACTTTGTAGCGTCC-400.2.2,765,400_minutes,Waterston_400_minutes,0.594586712991672,230,180,170-210,210-270,,512,,7.40062799746384,3.12028737635861,-2.68124944603711,-3.01744117811486,2.90013380637738,0.369539597834533,-0.634262641930846,1,180,0.019088449,9.3116255,10.299685
Selection 2,GCGCGATTCTGCAGTA-300.1.2,GCGCGATTCTGCAGTA-300.1.2,1131,300_minutes,Waterston_300_minutes,0.879055650187687,190,180,170-210,170-210,ABalppppp/ABpraaapp,634,,11.2874695870943,5.57604236407795,-2.42715592430687,-3.14094231564252,5.87567083891031,2.50619575848511,0.547216503108375,1,180,0.036239974,9.238664,10.87442
Selection 2,GACAGAGCAGATTGCT-400.2.1,GACAGAGCAGATTGCT-400.2.1,1506,400_minutes,Waterston_400_minutes,1.1705197251836,230,220,210-270,210-270,ABalpppap/ABpraaaap,779,,8.05656716654646,3.85268194861394,-3.03042901625545,-3.4583844589201,3.34839791345816,0.117909485776433,-1.63868604996509,8,220,0.039696332,9.313397,10.006191
Selection 2,GGAATAATCTCTTATG-400.2.2,GGAATAATCTCTTATG-400.2.2,1431,400_minutes,Waterston_400_minutes,1.11222691018442,230,220,210-270,210-270,ABalpppapa/ABpraaaapa,746,,8.49177866668284,3.84576882725862,-3.37291484663747,-3.50057174671764,3.78904907425276,0.801448997891583,-0.768712905896283,8,220,0.023860931,9.3665905,9.896536
Selection 2,TCAGCAACACAGATTC-300.1.2,TCAGCAACACAGATTC-300.1.2,2027,300_minutes,Waterston_300_minutes,1.5754604800446,200,200,170-210,170-210,ABalppppap/ABpraaapap,1028,,7.60814413824247,2.72218770637401,-3.85437365074403,-3.94946616125815,3.34075706827534,0.718691758785291,0.160599979419028,1,200,0.024846356,9.385787,10.813492
Selection 2,GGGCACTAGCGCCTTG-400.2.3,GGGCACTAGCGCCTTG-400.2.3,1321,400_minutes,Waterston_400_minutes,1.02673078151895,200,220,210-270,170-210,ABalppppa/ABpraaapa,766,,7.89246961591677,3.36174226045906,-2.9368795669225,-3.1596907710264,3.13647940674285,0.612582745571058,-0.429265401857538,8,220,0.02725403,9.323428,10.275949
Selection 2,AAACGGGGTGCCTGGT-400.2.1,AAACGGGGTGCCTGGT-400.2.1,2571,400_minutes,Waterston_400_minutes,1.99827769817201,190,180,170-210,170-210,ABalppppa/ABpraaapa,1191,,8.56053606594469,3.43077873995444,-3.22183313762654,-3.59816296419043,3.16334540544141,0.360242815574594,-1.08019812126983,1,180,0.03984066,9.331692,10.860893
Selection 2,CGTCAGGCAATGGAGC-300.1.3,CGTCAGGCAATGGAGC-300.1.3,1571,300_minutes,Waterston_300_minutes,1.22104016484956,190,170,170-210,170-210,ABalppppa/ABpraaapa,935,,8.63204526975989,3.57079718898992,-2.85959109758371,-3.15836314145122,3.82069193137481,1.20103118419128,0.0334940543644795,1,170,0.03116366,9.398854,10.853336
Selection 2,CTGTGCTCACAGATTC-300.1.3,CTGTGCTCACAGATTC-300.1.3,3306,300_minutes,Waterston_300_minutes,2.56954728516401,170,185,170-210,170-210,ABalppppa/ABpraaapa,1602,,9.63149904347433,4.55175849428007,-2.68096821512993,-3.17835014007312,4.68925113608925,1.70453522137447,0.32584269089948,1,185,0.031455766,9.364856,10.692284
Selection 2,GGTATTGCAGTTTACG-400.2.1,GGTATTGCAGTTTACG-400.2.1,1740,400_minutes,Waterston_400_minutes,1.35239330798106,160,190,170-210,130-170,ABalppppa/ABpraaapa,904,,11.019084887957,5.76740364077332,-2.76586885086714,-3.06910277773376,5.8905888378364,2.45067266408164,0.011291010753827,1,190,0.049734104,9.383086,10.906602
Selection 2,CCACTACCACAGCGTC-400.2.1,CCACTACCACAGCGTC-400.2.1,2894,400_minutes,Waterston_400_minutes,2.24932542143516,180,190,170-210,170-210,ABalppppa/ABpraaapa,1275,,9.25127045803186,3.64257180617733,-3.24392332469592,-3.58557689784999,3.80552237304849,0.806503588471176,-0.642536293357116,1,190,0.03410769,9.334813,10.80768
Selection 2,GGTGCGTTCACCGTAA-400.2.3,GGTGCGTTCACCGTAA-400.2.3,2501,400_minutes,Waterston_400_minutes,1.94387107083944,190,190,170-210,170-210,ABalpppapp/ABpraaaapp,1171,,8.37815924496877,3.6061143429114,-3.18778496333583,-3.38344156079754,4.25107789253566,1.52944108609053,0.546295590907395,1,190,0.01993329,9.399269,10.442829
Selection 2,ACTGAACGTCTGCCAG-400.2.2,ACTGAACGTCTGCCAG-400.2.2,1678,400_minutes,Waterston_400_minutes,1.30420458091507,230,230,210-270,210-270,ABalpppapa/ABpraaaapa,848,Neuroblast_AFD_RMD,7.24095515053711,3.38046575733508,-3.15319459219148,-3.43230565078936,2.84464294903066,-0.20165211323553,-1.69226047110725,8,230,0.029544804,9.509405,9.772613
Selection 2,AAACGGGCACACGCTG-400.2.2,AAACGGGCACACGCTG-400.2.2,3035,400_minutes,Waterston_400_minutes,2.35891591363363,170,190,170-210,170-210,ABalppppa/ABpraaapa,1464,,9.59528719098336,4.47807295113804,-3.03975325042871,-3.36968060408727,4.92406433295503,1.6539344201274,-0.183981656609867,1,190,0.04832088,9.65418,10.810957
Selection 2,TTTATGCTCTCTGTCG-300.1.3,TTTATGCTCTCTGTCG-300.1.3,3145,300_minutes,Waterston_300_minutes,2.4444120422991,170,190,170-210,170-210,ABalppppa/ABpraaapa,1530,,8.57488058212218,3.32719853944552,-3.25463295676141,-3.65835613041558,3.31079919969859,0.532142538652518,-0.671563042009098,1,190,0.030325204,9.43133,10.638617
Selection 2,CTAGCCTCATGCCTAA-300.1.3,CTAGCCTCATGCCTAA-300.1.3,3444,300_minutes,Waterston_300_minutes,2.67680606476251,190,185,170-210,170-210,ABalppppa/ABpraaapa,1548,,7.82629480913309,2.47222915972246,-3.61709589203913,-3.81671733699312,2.54642387712769,0.0494368561556355,-0.814798722145552,1,185,0.040242944,9.638589,10.577438
Selection 2,CTACGTCAGACTAGGC-300.1.2,CTACGTCAGACTAGGC-300.1.2,1812,300_minutes,Waterston_300_minutes,1.40835441038027,230,230,210-270,210-270,ABalpppapa/ABpraaaapa,915,Neuroblast_AFD_RMD,6.92772805526354,2.53466982502338,-3.66020292658015,-3.89945881708566,1.77510210811879,-0.797910022482544,-1.65669409814147,8,230,0.025233105,9.705577,9.824318
Selection 2,TGCACCTGTAGTAGTA-400.2.2,TGCACCTGTAGTAGTA-400.2.2,1320,400_minutes,Waterston_400_minutes,1.02595354398563,200,195,170-210,170-210,ABalppppa/ABpraaapa,731,,7.74684376861905,3.58853130208345,-2.99552138297834,-3.31043567497228,3.42488573281828,0.541188811648057,-0.863709795567131,8,195,0.026453583,9.592514,10.094882
Selection 2,GCTGGGTGTTAGGGTG-400.2.1,GCTGGGTGTTAGGGTG-400.2.1,2012,400_minutes,Waterston_400_minutes,1.56380191704476,170,190,170-210,170-210,ABalppppa/ABpraaapa,1025,,8.13426602114227,3.04607664369832,-3.33360762447341,-3.60909821115937,2.94467277109752,0.273528557146917,-0.856355343682469,1,190,0.03480209,9.673527,10.569537
Selection 2,AAGGCAGTCGCCTGTT-300.1.2,AAGGCAGTCGCCTGTT-300.1.2,1900,300_minutes,Waterston_300_minutes,1.47675131331265,220,220,210-270,210-270,ABalpppapa/ABpraaaapa,989,,7.24870169539122,2.71986285568848,-3.23908669570423,-3.51977747008546,2.651925144152,0.250556737208328,-0.489993195687101,8,220,0.024971891,9.456795,10.214756
Selection 2,TATGCCCAGGTTACCT-400.2.3,TATGCCCAGGTTACCT-400.2.3,1061,400_minutes,Waterston_400_minutes,0.824649022855116,210,200,170-210,210-270,ABalpppap/ABpraaaap,639,,6.84269656920065,2.57327641915822,-3.16570517193035,-3.58366687780363,2.49485760915804,0.423949693800904,-0.10483085207666,8,200,0.01758735,9.534822,9.9203205
Selection 2,CAAGATCTCCACGACG-400.2.2,CAAGATCTCCACGACG-400.2.2,2187,400_minutes,Waterston_400_minutes,1.69981848537619,200,190,170-210,170-210,ABalppppa/ABpraaapa,1072,,7.89298133720098,2.93644848461261,-3.38141461437071,-3.81332040756141,2.77829300001288,0.152352436939496,-0.95651175513424,1,190,0.030577922,9.726339,10.315499
Selection 2,GGCAATTGTAATCGTC-300.1.3,GGCAATTGTAATCGTC-300.1.3,1819,300_minutes,Waterston_300_minutes,1.41379507311353,200,200,170-210,170-210,ABalppppap/ABpraaapap,915,,7.59073486613308,2.70174373140887,-3.64693373940731,-3.81436909933298,2.5703952337042,-0.0945677372256664,-0.964450898175882,1,200,0.026608054,9.56527,10.681594
Selection 2,ACGAGGAAGGGTCGAT-400.2.2,ACGAGGAAGGGTCGAT-400.2.2,1727,400_minutes,Waterston_400_minutes,1.34228922004787,220,220,210-270,210-270,ABalpppapa/ABpraaaapa,902,,8.43381709590099,3.52489986036799,-3.71496127089111,-3.69231108823508,3.34580147152184,0.133805596831216,-1.55414955940292,8,220,0.026815653,9.568127,9.965829
Selection 2,CGGAGTCTCTGTACGA-300.1.1,CGGAGTCTCTGTACGA-300.1.1,1480,300_minutes,Waterston_300_minutes,1.15031154931722,230,230,210-270,210-270,ABalpppapa/ABpraaaapa,832,Neuroblast_AFD_RMD,6.8750653484601,2.057406132724,-3.89282659833487,-4.02328151278379,1.56755588587255,-0.928631237747543,-1.73016441754778,8,230,0.025279647,9.749181,9.859801
Selection 2,ATCGAGTAGATCGGGT-400.2.2,ATCGAGTAGATCGGGT-400.2.2,1382,400_minutes,Waterston_400_minutes,1.07414227105162,230,230,210-270,210-270,ABalpppapa/ABpraaaapa,728,Neuroblast_AFD_RMD,6.8069062110917,2.67342194966951,-3.17534213907691,-3.34219677619747,2.38236846355854,0.229881235952213,-0.299488141839182,8,230,0.028255748,9.746463,9.744315
Selection 2,GCAATCAGTCCAGTAT-300.1.2,GCAATCAGTCCAGTAT-300.1.2,2244,300_minutes,Waterston_300_minutes,1.74412102477557,220,230,210-270,210-270,ABalpppapa/ABpraaaapa,1051,Neuroblast_AFD_RMD,7.01165417186599,2.55556196360495,-3.71633056409241,-3.7818709059381,1.94198465733293,-0.696758356061795,-1.73974312283973,8,230,0.024262805,9.693156,9.769635
Selection 2,GGGAATGAGTGTACCT-300.1.3,GGGAATGAGTGTACCT-300.1.3,1143,300_minutes,Waterston_300_minutes,0.888382500587557,210,170,170-210,210-270,ABalppppa/ABpraaapa,713,,8.23072201511608,3.139072357911,-2.99080522648297,-3.24083563460574,3.60760295433359,1.44410126960486,0.987240083882912,1,170,0.026789103,9.469886,10.821651
Selection 2,CAGCATACACCAGGTC-400.2.1,CAGCATACACCAGGTC-400.2.1,1532,400_minutes,Waterston_400_minutes,1.19072790104999,190,175,170-210,170-210,ABalppppa/ABpraaapa,876,,9.13073904423492,3.62261356557839,-3.36187911837011,-3.81188605985737,3.7425017876693,0.918470926513824,-0.313409425969442,1,175,0.03847242,9.601762,10.845794
Selection 2,GTACTTTCAAGTAGTA-300.1.3,GTACTTTCAAGTAGTA-300.1.3,1865,300_minutes,Waterston_300_minutes,1.44954799964636,190,200,170-210,170-210,ABalppppap/ABpraaapap,931,,8.09035505287905,3.29726678210661,-3.24072228824324,-3.53029964876357,3.4079659392309,0.571563659102492,-0.448419662652461,1,200,0.027472552,9.585243,10.694867
Selection 2,TTGACTTAGACAGACC-400.2.3,TTGACTTAGACAGACC-400.2.3,1599,400_minutes,Waterston_400_minutes,1.24280281578259,180,190,170-210,170-210,ABalppppa/ABpraaapa,858,,10.6177185738897,5.32372398036982,-2.84665525883617,-3.37170794849595,5.45173464729087,1.86299352652039,-0.392840241138008,1,190,0.044552974,9.599153,10.862859
Selection 2,TACTCGCTCGCCAGCA-300.1.3,TACTCGCTCGCCAGCA-300.1.3,2371,300_minutes,Waterston_300_minutes,1.84283019150752,210,220,210-270,210-270,ABalpppapa/ABpraaaapa,1120,,8.74572273125079,3.85630477433811,-3.11562285017936,-3.53177493789743,3.58140612272979,0.646913629181571,-0.624383118606447,8,220,0.02436802,9.425505,10.101677
Selection 2,TCGCGTTAGTTACCCA-400.2.1,TCGCGTTAGTTACCCA-400.2.1,1457,400_minutes,Waterston_400_minutes,1.1324350860508,220,220,210-270,210-270,ABalppppa/ABpraaapa,715,,8.15817389637673,3.62137123748951,-3.14728923445286,-3.19679187056888,3.67249302489781,0.65126543839384,-0.883003952134505,8,220,0.03594716,9.533352,10.29228
Selection 2,AGCGTCGAGATGCCAG-400.2.3,AGCGTCGAGATGCCAG-400.2.3,2304,400_minutes,Waterston_400_minutes,1.79075527677492,190,180,170-210,170-210,ABalppppa/ABpraaapa,1136,,8.75253014094586,3.78914717447739,-2.86049483493979,-3.25991161625769,3.96705287974195,1.12369758850358,-0.15203573332534,1,180,0.024024775,9.449501,10.369866
Selection 2,GACCAATAGGCTCAGA-400.2.3,GACCAATAGGCTCAGA-400.2.3,1642,400_minutes,Waterston_400_minutes,1.27622402971546,230,230,210-270,210-270,ABalpppapa/ABpraaaapa,858,Neuroblast_AFD_RMD,7.25027153717863,2.83384379082606,-3.57818663584011,-3.84771611139522,2.36356264349323,-0.451380182383538,-1.63989975628556,8,230,0.027614145,9.782497,9.724471
Selection 2,GTAGTCACAGAAGCAC-300.1.2,GTAGTCACAGAAGCAC-300.1.2,1848,300_minutes,Waterston_300_minutes,1.43633496157988,220,220,210-270,210-270,ABalpppapa/ABpraaaapa,916,,6.96586495499396,2.47881388347333,-3.40776746291892,-3.17792595490179,2.17070218083353,0.038989453956706,-0.906848249132439,8,220,0.021154799,9.430655,10.119821
Selection 2,CACCACTCAGAGCCAA-300.1.2,CACCACTCAGAGCCAA-300.1.2,1815,300_minutes,Waterston_300_minutes,1.41068612298024,220,205,170-210,210-270,ABalppppap/ABpraaapap,963,,7.17301097449348,2.72756641713149,-3.33696562718131,-3.54964331263984,2.82220644920213,0.391862192332026,-0.267251893450846,1,205,0.029515643,9.828414,10.902015
Selection 2,CCAATCCGTAGTGAAT-400.2.3,CCAATCCGTAGTGAAT-400.2.3,1270,400_minutes,Waterston_400_minutes,0.987091667319507,190,190,170-210,170-210,ABalppppap/ABpraaapap,692,,8.82002651524675,4.13022545554808,-2.37379070101899,-2.85489959862957,4.09800020916088,1.18975014825307,-0.333819934001809,1,190,0.038447414,9.677863,10.912707
Selection 2,AAGTCTGAGAAGATTC-400.2.3,AAGTCTGAGAAGATTC-400.2.3,1688,400_minutes,Waterston_400_minutes,1.31197695624829,230,230,210-270,210-270,ABalpppapa/ABpraaaapa,864,Neuroblast_AFD_RMD,7.15311050874604,3.13665237269803,-2.82515012085157,-2.97707394156348,2.23405848325586,-0.158472365572876,-1.3718059964557,8,230,0.027494712,9.73977,9.792135
Selection 2,CAACCTCGTCCAGTGC-300.1.1,CAACCTCGTCCAGTGC-300.1.1,3159,300_minutes,Waterston_300_minutes,2.45529336776561,220,190,170-210,210-270,,1446,,7.80638479291655,3.23996103035797,-2.91168149019847,-3.24382813786173,3.31599978436814,0.95081662133231,0.217582415803592,1,190,0.02456142,8.645784,10.931199
Selection 2,TGGCTGGGTTCCACAA-400.2.3,TGGCTGGGTTCCACAA-400.2.3,1746,400_minutes,Waterston_400_minutes,1.35705673318099,220,200,170-210,210-270,ABpxaapapp,920,,6.6564757124421,2.44280310681773,-3.05787653494371,-3.36059563399207,2.11650919587368,0.0870244743075669,-0.381130279272611,1,200,0.0063386946,8.35759,10.124023
Selection 2,AATCGGTAGCGGATCA-b01,AATCGGTAGCGGATCA-b01,2049,mixed,Murray_b01,1.59255970577769,190,190,170-210,170-210,,1112,,8.80486379123607,5.0474243720101,1.12777313028095,0.70994667373129,5.51589252154765,4.84409147233491,4.45755959658292,1,190,0.0075871754,8.363123,10.013411
Selection 2,GTCCTCACACAAGCCC-b01,GTCCTCACACAAGCCC-b01,1739,mixed,Murray_b01,1.35161607044774,180,185,170-210,170-210,,937,,7.09260383134492,3.02517115064322,-1.93169520277298,-1.75317517110888,3.86609030141086,2.70058170672627,2.72801818312204,1,185,0.018615711,8.385842,10.24142
Selection 2,CTAATGGCAGATCTGT-b01,CTAATGGCAGATCTGT-b01,1954,mixed,Murray_b01,1.51872214011206,170,170,170-210,170-210,,978,,11.9615808761372,6.49090770512235,-2.20301497463109,-2.02355950645181,9.04123156849714,6.09530851288261,4.65187431880592,1,170,0.009803408,8.388136,9.801394
Selection 2,GCTGCGAAGTCAAGGC-300.1.1,GCTGCGAAGTCAAGGC-300.1.1,1253,300_minutes,Waterston_300_minutes,0.973878629253026,230,200,170-210,210-270,ABpxaapapp,674,,6.25962655352871,2.41420858218813,-2.63232913495382,-2.9301270138737,1.89370711648068,0.105876365344951,-0.325006984898077,1,200,0.006927053,8.461174,10.219372
Selection 2,AGAGTGGTCCCTCAGT-300.1.2,AGAGTGGTCCCTCAGT-300.1.2,1284,300_minutes,Waterston_300_minutes,0.997972992786022,230,175,170-210,210-270,ABpxapppa,811,,7.38602723697039,4.12992964020111,-1.62286204159412,-1.98201892832144,4.83458528773253,3.45679156910695,3.3112780969749,1,175,0.008694619,8.757875,10.380204
Selection 2,CGTAGGCAGCGCCTTG-300.1.2,CGTAGGCAGCGCCTTG-300.1.2,2463,300_minutes,Waterston_300_minutes,1.91433604457319,230,165,130-170,210-270,,1251,,9.56143371257089,5.82310282242802,-2.07503909896765,-2.84828410788805,5.8771575097498,2.97187093449522,1.45968131583948,1,165,0.010906515,8.694399,10.895204
Selection 2,CATTATCGTTGGGACA-300.1.1,CATTATCGTTGGGACA-300.1.1,2471,300_minutes,Waterston_300_minutes,1.92055394483977,230,205,170-210,210-270,ABpxaapapp,1095,,8.65635581727713,3.89484939904409,-3.04334971683218,-3.50902064525008,4.01012066279042,1.30658982026244,0.441621411547207,1,205,0.012685086,8.430723,10.665174
Selection 2,GGACGTCTCCACGTTC-b01,GGACGTCTCCACGTTC-b01,1447,mixed,Murray_b01,1.12466271071758,180,170,170-210,170-210,,816,,8.75594351011392,4.00764478807286,-2.14764010689215,-2.12495462063941,4.54637799483306,2.96999988420431,2.34786798685927,1,170,0.0106749,8.39512,10.341263
Selection 2,TATTACCGTGACTCAT-b01,TATTACCGTGACTCAT-b01,1785,mixed,Murray_b01,1.38736899698057,180,190,170-210,170-210,,914,,7.91532102708595,3.4469254937461,-2.06196202537201,-2.22959983105219,4.62449096365432,2.94954737143949,2.884520215803,1,190,0.008425126,8.407171,9.941208
Selection 2,TCCACACAGCTGCCCA-400.2.3,TCCACACAGCTGCCCA-400.2.3,1624,400_minutes,Waterston_400_minutes,1.26223375411565,220,190,170-210,210-270,ABpxaapapp,882,,7.1849440058709,3.28048649044352,-2.62594918494101,-2.9692816204312,3.40913613348709,1.3369631280694,0.670655870703439,1,190,0.01431563,8.631749,10.812225
Selection 2,ACGGGTCGTCGAGATG-b01,ACGGGTCGTCGAGATG-b01,779,mixed,Murray_b01,0.605468038458186,190,190,170-210,170-210,ABalppppaa/ABpraaapaa,514,,8.62584643955431,4.65632296636505,-1.64943187108643,-0.981317837174091,6.21262085372466,4.96433685229551,4.38170707413359,1,190,0.039035056,8.603516,9.830108
Selection 2,ATGGGAGGTTTGTGTG-300.1.2,ATGGGAGGTTTGTGTG-300.1.2,2750,300_minutes,Waterston_300_minutes,2.13740321663673,230,200,170-210,210-270,ABpxaapapp,1278,,6.36938261214095,2.17291173880846,-3.18476181678583,-3.47321115815603,1.7115644944588,-0.34219591652178,-0.78906471191383,1,200,0.009306538,8.769598,10.3386135
Selection 2,ACTGCTCCAGGGTACA-300.1.3,ACTGCTCCAGGGTACA-300.1.3,2033,300_minutes,Waterston_300_minutes,1.58012390524453,230,200,170-210,210-270,ABpxaapapp,1071,,6.50013398072288,2.06307022668242,-3.58598876842002,-3.8921900433052,1.67164824279439,-0.374481116163047,-0.784624582499075,1,200,0.010832473,8.8824005,10.243824
Selection 2,TTGGAACAGGCAATTA-400.2.1,TTGGAACAGGCAATTA-400.2.1,2343,400_minutes,Waterston_400_minutes,1.82106754057449,230,195,170-210,210-270,ABpxaapapp,1061,,7.38234645569347,3.21435248984664,-2.72926410970802,-3.13126776887073,2.36927736430188,0.0135331422234075,-1.11145595465301,1,195,0.013796142,8.621626,10.646163
Selection 2,TGTCCCACAAGCCATT-300.1.3,TGTCCCACAAGCCATT-300.1.3,2335,300_minutes,Waterston_300_minutes,1.81484964030791,260,550,510-580,210-270,ABpxaapapaa,1332,AWA,4.91616614793348,1.44031807719188,-3.28750707285914,-3.26426370418243,1.33349739211804,-0.212761734309176,-0.0083015563801995,1,550,0.012190083,8.4803095,9.845483
Selection 2,CCACCTATCAGCTGGC-b01,CCACCTATCAGCTGGC-b01,1439,mixed,Murray_b01,1.118444810451,180,170,170-210,170-210,,824,,8.37916793806394,3.54789663644391,-2.23529930875386,-2.28599553171168,4.91484824672066,3.11905412808744,2.9682431049504,1,170,0.014883171,8.859426,10.529909
Selection 2,AAGTCTGTCTCGTATT-400.2.1,AAGTCTGTCTCGTATT-400.2.1,2044,400_minutes,Waterston_400_minutes,1.58867351811108,210,205,170-210,210-270,ABpxaapapp,1014,,8.23076346295171,3.80547226551534,-2.49189912038474,-2.89239344712478,3.40378201947291,0.970596318623012,-0.246353311575055,1,205,0.020235064,8.707648,10.79979
Selection 2,CACAGTAGTCATATCG-400.2.3,CACAGTAGTCATATCG-400.2.3,1509,400_minutes,Waterston_400_minutes,1.17285143778357,190,175,170-210,170-210,ABalppppap/ABpraaapap,896,,8.06866249100003,3.98481747804159,-2.09425657808176,-2.3417254146783,4.22856277862408,2.0521039809892,1.16602831386555,1,175,0.017513629,8.913416,10.733331
Selection 2,ACGCCGAAGCCACTAT-400.2.3,ACGCCGAAGCCACTAT-400.2.3,1662,400_minutes,Waterston_400_minutes,1.29176878038191,200,200,170-210,170-210,ABpxaapapp,870,,7.40318246221451,3.22841088735164,-2.0940392714651,-2.94487130171969,2.32945160540423,0.230472730960376,-0.556546862047678,1,200,0.010125414,8.725378,10.503033
Selection 2,CGTAGCGCAGATTGCT-400.2.2,CGTAGCGCAGATTGCT-400.2.2,1167,400_minutes,Waterston_400_minutes,0.907036201387295,230,195,170-210,210-270,ABpxaapap,641,,9.65691497077605,5.10604002236695,-1.8752991176461,-2.36742110801025,4.8246817368438,2.26434691511724,0.690986035754694,1,195,0.01256918,8.72611,10.610385
Selection 2,GCAGCCAGTACCGTAT-400.2.3,GCAGCCAGTACCGTAT-400.2.3,1296,400_minutes,Waterston_400_minutes,1.00729984318589,230,220,210-270,210-270,ABpxpaaaa,707,,8.0715608806491,4.50746382765176,-2.03797255256661,-2.47450147473502,3.55099224686296,0.941583572500903,-0.996715807478347,3,220,0.009675193,8.712673,9.942898
Selection 2,GGAACTTAGATGGGTC-b01,GGAACTTAGATGGGTC-b01,1098,mixed,Murray_b01,0.853406811588047,200,200,170-210,170-210,ABalppppap/ABpraaapap,658,,7.98212851906627,3.76476554895637,-2.51308490556682,-2.05618924625477,4.81155499843438,2.79407284851604,2.08302143548097,1,200,0.011600924,8.66239,9.878754
Selection 2,TTAGGCAGTATTCTCT-300.1.3,TTAGGCAGTATTCTCT-300.1.3,1382,300_minutes,Waterston_300_minutes,1.07414227105162,200,190,170-210,170-210,ABalppppa/ABpraaapa,732,,8.53727812154175,3.52898449635831,-3.13282973318148,-3.456686054667,3.70034965576072,0.988974299497727,-0.0115688581553164,1,190,0.020611173,8.929033,9.872958
Selection 2,TTCGGTCTCGGCTTGG-300.1.1,TTCGGTCTCGGCTTGG-300.1.1,1716,300_minutes,Waterston_300_minutes,1.33373960718132,230,230,210-270,210-270,ABalpppapa/ABpraaaapa,848,,7.67539108719676,2.85588838147161,-3.71492531388353,-3.78273557930348,2.43605022505627,-0.291756644231725,-1.4343548149107,8,230,0.017945634,8.79527,9.802851
Selection 2,CTTAACTAGTGCGATG-b01,CTTAACTAGTGCGATG-b01,2078,mixed,Murray_b01,1.61509959424404,170,175,170-210,170-210,,1137,,8.19518224556122,3.84543213236379,-2.56879379628718,-2.57538055280275,5.43637641339454,3.37278919025167,2.93566920158505,1,175,0.020799017,8.641021,10.241985
Selection 2,CTCGGAGGTCCCGACA-400.2.3,CTCGGAGGTCCCGACA-400.2.3,1569,400_minutes,Waterston_400_minutes,1.21948568978292,230,205,170-210,210-270,,813,,8.40230537683029,3.94456420348456,-3.00351204563784,-3.56122083892532,3.72235537459192,0.781378796414389,-0.552596086071724,1,205,0.015062885,8.535748,10.786049
Selection 2,GATCGTACAACTGCGC-300.1.1,GATCGTACAACTGCGC-300.1.1,1158,300_minutes,Waterston_300_minutes,0.900041063587393,270,285,270-330,270-330,ABalpppappp/ABpraaaappp,750,ASK_parent,6.4142000451126,2.70142470673804,-3.22766009510041,-3.6947862715916,2.29658361268913,0.032005991956244,-0.554666171621292,1,285,0.015162114,8.732671,9.946251
Selection 2,CCACGGATCTGTCAAG-400.2.2,CCACGGATCTGTCAAG-400.2.2,1748,400_minutes,Waterston_400_minutes,1.35861120824764,230,200,170-210,210-270,ABpxaapapp,915,,7.27190608556692,3.29037210187342,-3.05890307344477,-3.36045557921362,2.93584979448442,0.273605474664011,-0.969195585997528,1,200,0.008538529,8.629106,10.417365
Selection 2,TGCGGGTAGTAACCCT-b01,TGCGGGTAGTAACCCT-b01,1519,mixed,Murray_b01,1.1806238131168,190,185,170-210,170-210,ABalppppaa/ABpraaapaa,842,,8.87351786771218,4.7614570865975,-1.1843694264,-1.21047756690325,5.90654973626245,4.22004155939111,3.6974676790448,1,185,0.030255055,8.4828615,10.075864
Selection 2,CCTCTGACATTATCTC-400.2.2,CCTCTGACATTATCTC-400.2.2,1703,400_minutes,Waterston_400_minutes,1.32363551924813,200,195,170-210,170-210,ABpxaapapp,892,,7.38706980452246,2.92926904638509,-3.14022521048383,-3.09421380018534,2.80151984497835,0.577202987572342,-0.493786648563004,1,195,0.017815448,8.825117,10.716597
Selection 2,AGGGATGGTCCGTCAG-300.1.1,AGGGATGGTCCGTCAG-300.1.1,1319,300_minutes,Waterston_300_minutes,1.02517630645231,200,205,170-210,170-210,ABpxapppa,731,,7.94208684933873,3.31822505493242,-3.0871608510399,-3.57766108239561,3.51200169849696,1.0501505149138,0.46143101669537,1,205,0.012521132,8.817941,10.614196
Selection 2,CACCACTAGTACGCCC-400.2.3,CACCACTAGTACGCCC-400.2.3,1235,400_minutes,Waterston_400_minutes,0.959888353653222,220,200,170-210,210-270,ABpxaapapp,713,,5.96155012774391,1.93214272831804,-2.91317375452698,-3.16008487659151,1.66788189533346,0.0435047761275143,-0.176070669957251,1,200,0.008335167,8.725832,10.021876
Selection 2,TGACTAGGTCCCGACA-b01,TGACTAGGTCCCGACA-b01,1118,mixed,Murray_b01,0.868951562254496,190,190,170-210,170-210,,673,,7.62994010653353,3.09931829211793,-2.70497323875412,-2.61054261081774,4.22696034040241,2.5234127291698,2.41426235426416,1,190,0.010982337,8.355499,10.236563
Selection 2,CCGTGGACACCTCGTT-300.1.1,CCGTGGACACCTCGTT-300.1.1,1799,300_minutes,Waterston_300_minutes,1.39825032244708,230,200,170-210,210-270,ABpxaapapp,918,,6.22152626160138,2.02022461510609,-3.35170805681272,-3.46960956525708,1.91602127868313,-0.0935383571316079,-0.40367410282331,1,200,0.008621947,8.65875,10.234358
Selection 2,ACGGGTCTCAGTGTTG-300.1.2,ACGGGTCTCAGTGTTG-300.1.2,3953,300_minutes,Waterston_300_minutes,3.07241996922363,220,200,170-210,210-270,ABpxaapapp,1796,,8.26071571806969,3.02826600125088,-3.66125795360261,-3.83821466689638,2.90677952373602,0.348653927778377,-0.573030042575297,1,200,0.01703414,8.90127,10.764954
Selection 2,CAACTAGCACGAAGCA-b01,CAACTAGCACGAAGCA-b01,1727,mixed,Murray_b01,1.34228922004787,230,200,170-210,210-270,ABalppppaa/ABpraaapaa,921,,7.56877931803803,3.39975186759805,-2.29523077979017,-2.29764441682325,4.09420808667404,2.29327186756402,1.95728734351686,1,200,0.02792806,8.94855,10.204334
Selection 2,GGTGAAGTCGCAGGCT-300.1.1,GGTGAAGTCGCAGGCT-300.1.1,2788,300_minutes,Waterston_300_minutes,2.16693824290298,190,180,170-210,170-210,ABalppppa/ABpraaapa,1403,,9.2784882761058,3.68062422145297,-3.08083820333347,-3.37258122562584,4.15644275277196,1.48117470267767,0.44262103686395,1,180,0.019786108,8.7558775,10.536345
Selection 2,ACACCCTAGGAATTAC-400.2.2,ACACCCTAGGAATTAC-400.2.2,2382,400_minutes,Waterston_400_minutes,1.85137980437407,170,170,170-210,170-210,,1166,,12.2387061702965,7.02590412039054,-3.16437715474,-3.60461152334904,8.10404477915188,2.92148523216836,-0.470608675900388,1,170,0.018814709,8.940359,10.310849
Selection 2,CTTACCGAGCCAGGAT-400.2.1,CTTACCGAGCCAGGAT-400.2.1,1782,400_minutes,Waterston_400_minutes,1.3850372843806,220,200,170-210,210-270,ABpxaapapp,835,,7.70117350507952,3.32948528843023,-2.43654943980598,-2.96674630484521,2.62758501488023,0.543344762691422,-0.308505555711611,1,200,0.015671272,8.831116,10.509652
Selection 2,TGGCTGGTCGAGAGCA-400.2.1,TGGCTGGTCGAGAGCA-400.2.1,2786,400_minutes,Waterston_400_minutes,2.16538376783634,170,190,170-210,170-210,,1263,,10.7245729094002,6.59579446895247,-2.30850425695592,-2.5336894757759,7.29803429403132,3.51256295121762,1.074381971919,1,190,0.017410483,8.788151,10.331884
Selection 2,GGAATAATCAAACGGG-400.2.2,GGAATAATCAAACGGG-400.2.2,2395,400_minutes,Waterston_400_minutes,1.86148389230726,200,195,170-210,170-210,ABpxaapap,1073,,7.41959129434307,3.31374065302622,-2.29148883779242,-2.74232389015164,2.66313236219319,0.55614177863749,-0.575340021790463,1,195,0.017405016,8.9566,10.293907
Selection 2,ATCACGAGTACAGTTC-b01,ATCACGAGTACAGTTC-b01,1040,mixed,Murray_b01,0.808327034655345,200,170,170-210,170-210,ABalppppaa/ABpraaapaa,633,,7.64579059852599,3.61864263368276,-2.11585180067067,-1.98128359417744,4.99026245086909,3.46711051442786,3.32059946383651,1,170,0.038218617,8.667845,9.951889
Selection 2,GTCTCGTTCGAGAACG-b01,GTCTCGTTCGAGAACG-b01,1951,mixed,Murray_b01,1.51639042751209,200,470,450-510,170-210,ABalpppppppa/ABpraaappppa,1095,ASJ,5.00374734119328,1.83514775263374,-2.23428164857949,-2.1979800025956,3.12184567010393,1.05996698211681,0.367273687363764,1,470,0.019167785,8.552255,9.893399
Selection 2,TCGGTAAGTAGGACAC-400.2.2,TCGGTAAGTAGGACAC-400.2.2,3274,400_minutes,Waterston_400_minutes,2.54467568409769,190,190,170-210,170-210,,1529,,5.9338237281254,2.01341697628015,-3.66593495175519,-4.17198613539617,2.0443397214231,-1.35329481372147,-2.9395108766178,2,190,0.028603427,8.990161,10.535797
Selection 2,GTCCTCACACGCGAAA-400.2.1,GTCCTCACACGCGAAA-400.2.1,2799,400_minutes,Waterston_400_minutes,2.17548785576953,200,175,170-210,170-210,,1235,,8.59314319105146,4.30379319700412,-2.27581490211344,-2.72940148287989,4.20737679442143,1.52635548620682,-0.044328893386116,1,175,0.0040860423,8.996367,9.932929
Selection 2,GTAACGTAGCAGCCTC-b01,GTAACGTAGCAGCCTC-b01,1641,mixed,Murray_b01,1.27544679218214,170,165,130-170,170-210,,891,,10.2746650356394,5.79954481005087,-1.74167210661831,-1.74527217412935,8.19533829146899,5.85508803455064,5.09391243124652,1,165,0.021636581,7.7853985,9.709596
Selection 2,CACCACTCACAGTCGC-b01,CACCACTCACAGTCGC-b01,3222,mixed,Murray_b01,2.50425933236492,170,190,170-210,170-210,ABpxaapap,1491,,9.46049379060962,5.38438185420895,-1.17912147519035,-1.51939368590549,6.31643224102336,4.30386321127724,3.46744370266171,1,190,0.011978916,7.7915907,9.776897
Selection 2,GCTGCAGCAGCGATCC-b01,GCTGCAGCAGCGATCC-b01,1739,mixed,Murray_b01,1.35161607044774,190,190,170-210,170-210,ABpxaapap,940,,7.82849479163404,4.25245230946109,-0.981702802893352,-1.38778298534887,4.6067974570679,3.46148557402765,3.03654264315726,1,190,0.0053088926,8.10833,10.062933
Selection 2,GGGCATCGTTGTCTTT-b01,GGGCATCGTTGTCTTT-b01,1284,mixed,Murray_b01,0.997972992786022,200,185,170-210,170-210,ABpxapappp,696,,10.5911029197163,5.70349773230621,-2.56151189551267,-2.74933265487486,7.33258792463275,4.41573378863734,3.27622697811858,1,185,0.0058079045,8.136435,10.26518
Selection 2,TGTGTTTTCGGATGTT-b01,TGTGTTTTCGGATGTT-b01,1347,mixed,Murray_b01,1.04693895738534,170,160,130-170,170-210,,764,,10.7393477226844,6.73464419916864,0.910443032630939,0.554909181512091,7.81767603593814,6.45321697763434,5.44703494451782,1,160,0.014159193,7.852203,9.779779
Selection 2,CGGAGCTGTCCATGAT-b01,CGGAGCTGTCCATGAT-b01,1447,mixed,Murray_b01,1.12466271071758,180,170,170-210,170-210,,819,,9.86310150706024,4.84950701446668,-1.79615120325603,-1.90857081175347,6.61297190870231,4.63954612407724,4.20540682739565,1,170,0.010778862,8.145428,10.1242
Selection 2,CGTGAGCTCTTGTCAT-b01,CGTGAGCTCTTGTCAT-b01,1984,mixed,Murray_b01,1.54203926611173,160,170,170-210,130-170,,1052,,10.2555629477973,5.17625903014685,-2.34225494618317,-2.36776809401649,7.20275659707097,4.83144285761568,4.10265572825015,1,170,0.014622981,7.8556414,9.842232
Selection 2,TCACAAGTCGCAGGCT-b01,TCACAAGTCGCAGGCT-b01,1657,mixed,Murray_b01,1.28788259271529,170,175,170-210,170-210,,982,,8.8593498975547,4.44114988169505,-1.69538156324222,-1.90829836619463,5.47330653478809,3.17939054960008,2.11831202727234,1,175,0.014120818,8.280744,10.124905
Selection 2,CTAGCCTCATAACCTG-b01,CTAGCCTCATAACCTG-b01,2275,mixed,Murray_b01,1.76821538830857,160,170,170-210,130-170,,1143,,10.6841390096387,5.61344711030787,-2.24851783401825,-2.38894677385094,8.04124315837894,5.27322417730929,4.48857059109361,1,170,0.011246099,7.9479313,10.06617
Selection 2,AATCCAGAGGGAGTAA-b01,AATCCAGAGGGAGTAA-b01,1930,mixed,Murray_b01,1.50006843931232,200,190,170-210,170-210,,1037,,8.1584042212842,5.43187953920743,-0.0527796742686651,-0.541194089094145,6.05768554351537,4.89584191193136,4.3109576851437,1,190,0.021080354,7.919531,9.675735
Selection 2,GATGAGGTCTACCAGA-b01,GATGAGGTCTACCAGA-b01,813,mixed,Murray_b01,0.631894114591149,190,170,170-210,170-210,ABalppppa/ABpraaapa,528,,6.72275336189097,2.91677495266301,-1.33680803689257,-0.770934208759139,3.53522056658526,3.03467447257585,3.15239365260959,1,170,0.008423955,8.342929,9.758085
Selection 2,AAGACCTAGGCTCAGA-b02,AAGACCTAGGCTCAGA-b02,1292,mixed,Murray_b02,1.0041908930526,190,185,170-210,170-210,ABalppppa/ABpraaapa,731,,8.01012501418482,3.25027123474757,-2.65630904433247,-2.92519338515369,4.56932176341964,2.59669746469916,2.46931593810736,1,185,0.015342526,7.9467945,10.025006
Selection 2,CTTAGGATCTGGCGAC-b01,CTTAGGATCTGGCGAC-b01,1603,mixed,Murray_b01,1.24591176591588,190,180,170-210,170-210,ABalppppa/ABpraaapa,869,,9.35181551055183,4.62242635674396,-2.63934429346226,-2.75702273542974,5.59327732224258,3.18534770075827,2.21773811457195,1,180,0.009579994,8.2693615,9.90329
Selection 2,TCATTACGTAGGGTAC-b01,TCATTACGTAGGGTAC-b01,1282,mixed,Murray_b01,0.996418517719377,170,195,170-210,170-210,,718,,10.8983265585452,6.0264554045671,-2.00021903131323,-1.60405737358631,8.0003354465271,5.76590449161692,4.6002808823921,1,195,0.011163509,7.902552,9.959192
Selection 2,GACTACAGTGGTCTCG-b01,GACTACAGTGGTCTCG-b01,2194,mixed,Murray_b01,1.70525914810945,180,170,170-210,170-210,,1183,,8.4494873440186,4.02878862689398,-2.15404455693039,-2.2181512188044,4.95363720914122,3.00484517820598,2.46240384140458,1,170,0.009360789,8.303432,9.805421
Selection 2,CTAACTTAGATCCCGC-b02,CTAACTTAGATCCCGC-b02,902,mixed,Murray_b02,0.701068255056847,170,185,170-210,170-210,,590,,8.68289702509479,4.02922759358727,-2.79039683585058,-2.92707210503717,5.56947469891404,3.19498680044199,2.68508309105711,1,185,0.007273232,8.069335,10.044249
Selection 2,GACTAACCAATGTTGC-400.2.1,GACTAACCAATGTTGC-400.2.1,7427,400_minutes,Waterston_400_minutes,5.77254315998581,150,170,170-210,130-170,,2356,,10.6289453033442,5.73754396600641,-2.57431922915175,-2.61985564212405,8.803825460696,5.97062634592677,5.55231216447523,1,170,0.004242576,7.994102,10.011045
Selection 2,CTGTGCTAGACTTTCG-b01,CTGTGCTAGACTTTCG-b01,1518,mixed,Murray_b01,1.17984657558347,170,170,170-210,170-210,,853,,8.61575604069106,3.79916016761586,-2.41079684857812,-2.50726163073011,5.18840381735701,3.30306482417166,2.8982651761448,1,170,0.015270518,8.305805,10.031264
Selection 2,GTAGTCACATTTCAGG-b01,GTAGTCACATTTCAGG-b01,2302,mixed,Murray_b01,1.78920080170827,170,170,170-210,170-210,,1205,,9.50928069890205,5.076353593158,-1.72096619877149,-1.50915055416558,6.79027358996177,5.1093624735938,4.38339051103632,1,170,0.006166533,8.032713,10.221125
Selection 2,CTAGAGTGTCGCGAAA-b02,CTAGAGTGTCGCGAAA-b02,1804,mixed,Murray_b02,1.40213651011369,170,165,130-170,170-210,ABpxaapap,1022,,7.85151499711049,3.74157200159357,-1.88325029266288,-2.04801523641021,4.73741969324516,2.91708291922457,2.73727598412414,1,165,0.009563803,8.077182,9.976939
Selection 2,CATATGGAGTAACCCT-b01,CATATGGAGTAACCCT-b01,3534,mixed,Murray_b01,2.74675744276153,160,165,130-170,130-170,,1509,,11.3972130228263,6.04170019211854,-2.39428456398501,-2.50814217617546,7.90795025155471,4.9033428307671,3.51592703822742,1,165,0.0052689803,8.032821,9.889999
Selection 2,CGAGCACCATTAGCCA-b01,CGAGCACCATTAGCCA-b01,2025,mixed,Murray_b01,1.57390600497795,190,185,170-210,170-210,,978,,8.97632307175687,4.70931083479916,-1.87784443991224,-2.11321523338289,5.81386672656303,3.78709611835767,3.08085450580767,1,185,0.006945471,7.9714804,9.794389
Selection 2,TCGGGACTCCCTAATT-b01,TCGGGACTCCCTAATT-b01,2601,mixed,Murray_b01,2.02159482417168,170,195,170-210,170-210,,1232,,10.1359138007338,5.13323336686673,-2.46883437845127,-2.16712254524907,7.15154602696209,4.96068903541839,4.23890261881222,1,195,0.0056660296,8.001186,10.068541
Selection 2,TCCCGATTCAACGCTA-b02,TCCCGATTCAACGCTA-b02,1193,mixed,Murray_b02,0.927244377253679,230,390,390-450,210-270,,708,,6.08480567344363,2.31255315618411,-1.47134440617285,-1.34978111357283,3.54975296511856,3.84471253718089,5.17068574980154,1,390,0.008044708,8.017308,10.039631
Selection 2,TGGGAAGTCGGACAAG-b01,TGGGAAGTCGGACAAG-b01,2072,mixed,Murray_b01,1.61043616904411,170,165,130-170,170-210,,1044,,11.9615289880646,7.97025563371678,0.129322405703081,-0.628324845622887,9.45395008291277,6.99519742087263,5.81078101451218,1,165,0.009581882,7.9841385,9.933957
Selection 2,GGGTTGCTCATGTAGC-300.1.3,GGGTTGCTCATGTAGC-300.1.3,1430,300_minutes,Waterston_300_minutes,1.1114496726511,230,190,170-210,210-270,ABpxaapapa,746,,8.70183036944895,3.96975982272697,-2.61258116303149,-3.09715494701743,3.89576448873158,1.33619788064441,0.193548532782156,7,190,0.02048431,8.310848,10.631351
Selection 2,TCGGGACCATTCTTAC-400.2.1,TCGGGACCATTCTTAC-400.2.1,1054,400_minutes,Waterston_400_minutes,0.819208360121859,260,240,210-270,210-270,ABalpppapa/ABpraaaapa,618,Neuroblast_AFD_RMD,4.68627328272912,2.14016024370735,-2.04647658227467,-2.36328966978906,1.12102478651216,-0.139679262315133,-0.509944659978714,1,240,0.02045923,7.955427,9.794087
Selection 2,TGCCCATAGGGCTTGA-300.1.1,TGCCCATAGGGCTTGA-300.1.1,1910,300_minutes,Waterston_300_minutes,1.48452368864587,220,195,170-210,210-270,ABpxaapapp,933,,8.84338994958583,4.0024843422972,-2.93281556844175,-3.39094295959754,4.42439907228015,1.75561259914806,0.854245824133347,1,195,0.009996714,8.270855,10.521102
Selection 2,ACCTTTATCCATGAAC-b01,ACCTTTATCCATGAAC-b01,906,mixed,Murray_b01,0.704177205190137,230,185,170-210,210-270,ABpxaapapa,556,,8.14329429701871,4.46927854153265,-0.76333647657047,-0.943041466893805,5.2802600984223,3.74059302887069,3.16673839415348,1,185,0.00876905,7.964399,10.148604
Selection 2,CTACACCAGCGATATA-b01,CTACACCAGCGATATA-b01,3964,mixed,Murray_b01,3.08096958209018,160,160,130-170,130-170,,1752,,11.6605708213991,6.43211496545855,-2.52030820405689,-2.87154443806098,8.50790862460923,4.99684114390128,3.45740510629635,1,160,0.012416239,8.066054,9.743277
Selection 2,CAGATCAGTGGAAAGA-b01,CAGATCAGTGGAAAGA-b01,1027,mixed,Murray_b01,0.798222946722153,210,175,170-210,210-270,ABalpppppp/ABpraaappp,617,,6.92759592600011,3.46200761418851,-1.57129657195723,-1.64163869736818,3.86285017675311,2.69595878165558,2.35724476741259,1,175,0.009087196,8.083726,10.125845
Selection 2,CCTTCCCTCATCGCTC-b01,CCTTCCCTCATCGCTC-b01,2166,mixed,Murray_b01,1.68349649717642,190,170,170-210,170-210,ABalppppa/ABpraaapa,1110,,9.32357595917357,4.4918468503365,-2.55334274415086,-2.51024125462278,5.58438942442031,3.28230677772556,2.51439940263414,1,170,0.01345661,8.102437,10.313025
Selection 2,AGTCTTTAGAACAATC-b01,AGTCTTTAGAACAATC-b01,853,mixed,Murray_b01,0.662983615924047,230,185,170-210,210-270,,558,,7.32696039886513,4.29971584954532,-0.538435249071471,-0.643758731079598,5.94869891517814,4.87940421634853,4.84274695969844,1,185,0.016684933,8.118468,10.022502
Selection 2,CTGATAGGTAGCGCTC-b02,CTGATAGGTAGCGCTC-b02,859,mixed,Murray_b02,0.667647041123982,190,170,170-210,170-210,ABpxapappp,549,,9.01176962289971,3.90153692914269,-2.37487786277289,-2.61269665209027,5.5186721589378,3.47906467814349,3.22499625126875,1,170,0.015336115,8.126665,10.140344
Selection 2,GGGTCTGTCCTCTAGC-b02,GGGTCTGTCCTCTAGC-b02,880,mixed,Murray_b02,0.683969029323753,220,170,170-210,210-270,ABpxaapap,562,,8.44411768837245,3.89218433725532,-2.19155898578689,-2.32259530875227,5.05843548106516,3.63298616226436,3.61549014497633,1,170,0.010437347,8.235176,10.388382
Selection 2,AGATCTGAGTGTTAGA-r17,AGATCTGAGTGTTAGA-r17,865,mixed,Murray_r17,0.672310466323917,120,170,170-210,100-130,,542,,15.3569950929025,11.7947423072238,-1.57678330071912,-1.58628984125262,15.6409005329585,9.78566566735203,5.92184227438647,6,170,0.057363566,7.930651,7.4693694
Selection 2,TCGGTAATCCATGAGT-r17,TCGGTAATCCATGAGT-r17,1721,mixed,Murray_r17,1.33762579484793,160,175,170-210,130-170,,876,,13.5163553935138,9.60950356953005,-1.31441016936286,-1.71792707682664,11.793535091963,6.74457414295873,3.35459434324849,1,175,0.011531269,8.620381,8.435392
Selection 2,TCCACACTCTTGAGAC-r17,TCCACACTCTTGAGAC-r17,2936,mixed,Murray_r17,2.2819693978347,180,190,170-210,170-210,,1444,,10.2517705316595,5.45471341510767,-2.60562436718973,-2.5677059232057,7.01401781011987,3.98278821581621,2.53090006382363,1,190,0.005823086,8.470679,9.265811
Selection 2,TTATGCTCACCCATGG-r17,TTATGCTCACCCATGG-r17,1749,mixed,Murray_r17,1.35938844578096,170,230,210-270,170-210,ABalppppa/ABpraaapa,933,,11.5150226162497,8.54237803446955,-1.45932368056855,-1.78343608585342,10.1940461108136,5.53756909144525,2.32870404476552,1,230,0.00960338,8.497325,8.685339
Selection 2,GACTAACCAAGCTGGA-r17,GACTAACCAAGCTGGA-r17,4214,mixed,Murray_r17,3.27527896542079,190,190,170-210,170-210,ABalpppap/ABpraaaap,1827,,8.51556548398867,4.27467132409845,-2.24472795587487,-2.28670026725923,4.95056084252844,2.62169480068468,1.49032028078584,1,190,0.008051747,8.504056,9.07472
Selection 2,GCACTCTCACCTCGTT-r17,GCACTCTCACCTCGTT-r17,3714,mixed,Murray_r17,2.88666019875957,160,175,170-210,130-170,,1724,,11.779751511979,7.58301350798904,-1.8982847370851,-2.27773023870611,9.59883458540128,5.64682673565521,3.49672289201153,1,175,0.010194736,8.491752,8.782366
Selection 2,TACGGTAGTTTGTGTG-r17,TACGGTAGTTTGTGTG-r17,3692,mixed,Murray_r17,2.86956097302647,160,175,170-210,130-170,,1791,,11.4637705479753,7.2715337017221,-2.38983088669641,-2.65675230151944,9.43685315916663,5.14175098715574,2.80656614453317,1,175,0.011549233,8.517255,8.7796335
Selection 2,CATGACAAGTTAACGA-b01,CATGACAAGTTAACGA-b01,1597,mixed,Murray_b01,1.24124834071595,180,550,510-580,170-210,ABalpppppppp/ABpraaappppp,895,AUA,6.60798734612814,2.57822540756639,-2.96513311842035,-2.84180753886656,3.15304658221542,1.32077454943244,1.02356268744777,1,550,0.01697767,8.521445,8.626073
Selection 2,CGATCGGGTAGCTCCG-r17,CGATCGGGTAGCTCCG-r17,3249,mixed,Murray_r17,2.52524474576463,170,170,170-210,170-210,,1512,,10.788112506885,6.18407008682807,-2.45212771712321,-2.73952352074461,7.67654474907148,4.06914837211791,2.22513838969831,1,170,0.010080234,8.553695,8.864376
Selection 2,ATCACGAGTGAGTGAC-r17,ATCACGAGTGAGTGAC-r17,2570,mixed,Murray_r17,1.99750046063869,160,165,130-170,130-170,,1233,,13.5106804087203,9.13615291555368,-2.34915368016068,-2.51227850427696,12.0607898798301,7.10021800038963,4.14223403152136,1,165,0.01187655,8.532693,8.538408
Selection 2,ATTGGTGCACTGTGTA-r17,ATTGGTGCACTGTGTA-r17,2821,mixed,Murray_r17,2.19258708150262,170,185,170-210,170-210,,1416,,9.77039702940192,5.71786843972867,-2.47806597041886,-2.735041829197,7.10048316929126,3.70360682860327,2.06043253886512,1,185,0.009147786,8.55593,8.734026
Selection 2,TTCTACACATCCAACA-r17,TTCTACACATCCAACA-r17,2368,mixed,Murray_r17,1.84049847890755,180,170,170-210,170-210,,1195,,9.76579270886718,5.74732898860296,-2.50719801830947,-2.43788231088667,7.38032409880166,4.15494406517181,2.45568296983944,1,170,0.014293399,8.543155,8.551988
Selection 2,ACGAGCCGTCAAACTC-r17,ACGAGCCGTCAAACTC-r17,1380,mixed,Murray_r17,1.07258779598498,170,170,170-210,170-210,,749,,12.9769538935033,9.01785280440672,-1.62642127808628,-1.87017236593876,11.2379292092174,6.53767591875156,3.54127471761659,1,170,0.014198206,8.562135,8.693048
Selection 2,GTAACGTAGCAAATCA-r17,GTAACGTAGCAAATCA-r17,2313,mixed,Murray_r17,1.79775041457482,170,160,130-170,170-210,,1162,,10.8992425792326,6.57187668881474,-2.23926239214487,-2.5215023972543,8.56414203354979,4.92828291734705,3.07553147658701,1,160,0.0071683605,8.592826,8.876669
Selection 2,CATCAGAAGTATCGAA-300.1.3,CATCAGAAGTATCGAA-300.1.3,4111,300_minutes,Waterston_300_minutes,3.19522349948858,210,190,170-210,210-270,,1717,,6.85213756301352,2.14049389521567,-3.56313275084073,-3.66391610989056,2.16308918033631,0.123301902526109,-0.302900182931072,1,190,0.017397644,8.594374,9.551828
Selection 2,GGACAAGAGGCCCTTG-r17,GGACAAGAGGCCCTTG-r17,3771,mixed,Murray_r17,2.93096273815895,170,170,170-210,170-210,,1630,,11.2046979512759,6.57543242079003,-2.99046723646311,-3.05298470151761,8.61907297009762,4.49972356250708,2.35444519352144,1,170,0.01182198,8.605042,8.8801155
Selection 2,GCTGCGATCGGAATCT-r17,GCTGCGATCGGAATCT-r17,2055,mixed,Murray_r17,1.59722313097763,190,200,170-210,170-210,ABalppppap/ABpraaapap,1163,,10.0237018045097,6.65939919290266,-1.18356589990039,-1.21844810210579,7.67971823655525,4.38906096347587,1.98418227769556,1,200,0.012054354,8.644063,8.518457
Selection 2,GATCGCGAGTGCTGCC-r17,GATCGCGAGTGCTGCC-r17,3938,mixed,Murray_r17,3.0607614062238,200,170,170-210,170-210,ABalpppap/ABpraaaap,1780,,11.0919925664395,7.45245603604996,-1.7644583810353,-2.2678206990472,8.86128831413933,5.00911835240579,2.67619238929538,1,170,0.013910803,8.591655,8.555924
Selection 2,ATAAGAGCACATGACT-r17,ATAAGAGCACATGACT-r17,1739,mixed,Murray_r17,1.35161607044774,170,175,170-210,170-210,,998,,10.926083001157,7.07579423023553,-1.28302610949138,-1.78640942598695,8.31143646948637,5.08158482342632,3.26994670648927,1,175,0.02161471,8.638809,8.921763
Selection 2,GTCATTTCATTCGACA-r17,GTCATTTCATTCGACA-r17,2905,mixed,Murray_r17,2.25787503430171,170,170,170-210,170-210,,1407,,11.6233663304823,7.15645165405277,-2.37773789648039,-2.46955086810955,9.68819245559872,5.83128071382875,3.78513438800054,1,170,0.01263329,8.569252,8.671022
Selection 2,GGACAGAAGCTAGTCT-r17,GGACAGAAGCTAGTCT-r17,1567,mixed,Murray_r17,1.21793121471627,170,160,130-170,170-210,,864,,11.3865072463308,7.84288416678179,-1.2058585844465,-1.52095790925744,9.86130543782655,5.9670764869358,3.65695372898614,1,160,0.012373649,8.595599,8.563651
Selection 2,TGCCCTACACCACCAG-r17,TGCCCTACACCACCAG-r17,1437,mixed,Murray_r17,1.11689033538436,200,200,170-210,170-210,,828,,11.4529909375152,7.54530980102962,-2.66082237340808,-2.78110047345518,9.44195887831615,4.79130323187564,2.00143613061086,1,200,0.021942785,8.59553,8.722079
Selection 2,TCTCTAACAGAGTGTG-r17,TCTCTAACAGAGTGTG-r17,2176,mixed,Murray_r17,1.69126887250964,180,205,170-210,170-210,ABalpppap/ABpraaaap,1150,,10.1023584906468,5.75993339072335,-2.00104867648406,-2.42088902044293,6.70409285241897,3.79646976760881,2.485639676429,1,205,0.004863857,8.587219,9.444203
Selection 2,GAATAAGAGAGGTAGA-b01,GAATAAGAGAGGTAGA-b01,1089,mixed,Murray_b01,0.846411673788145,220,260,210-270,210-270,ABalpppapa/ABpraaaapa,663,Neuroblast_AFD_RMD,5.77430036249519,2.54650790830555,-2.02324704751672,-1.94879903211261,2.71853601899428,1.87872242145521,2.00106041659292,1,260,0.015926804,8.611515,9.218583
Selection 2,CCTTCGACATTGCGGC-r17,CCTTCGACATTGCGGC-r17,2883,mixed,Murray_r17,2.24077580856861,170,210,210-270,170-210,,1368,,10.7349783624337,6.67174245303914,-2.21523931108509,-2.53568029697129,8.06938868787614,3.88241961376804,1.47271922977159,1,210,0.0101354,8.648491,8.912674
Selection 2,TGAAAGATCCTCATTA-r17,TGAAAGATCCTCATTA-r17,3188,mixed,Murray_r17,2.47783325623196,200,190,170-210,170-210,ABalpppap/ABpraaaap,1498,,9.50679685390471,5.24515885043351,-2.61179523649908,-2.82436164116786,6.60507798301715,3.55740352845089,2.29548829952444,1,190,0.0077856383,8.754419,8.910114
Selection 2,TTGGCAACAAGAAGAG-r17,TTGGCAACAAGAAGAG-r17,1805,mixed,Murray_r17,1.40291374764702,200,200,170-210,170-210,ABalppppap/ABpraaapap,1025,,7.81134741644114,3.83655729153204,-2.38822872316858,-2.37808417955153,4.61620760737648,2.37617788822939,1.59039271663744,1,200,0.008167451,8.7618685,9.192841
Selection 2,ATGCGATAGTGTACGG-400.2.2,ATGCGATAGTGTACGG-400.2.2,1494,400_minutes,Waterston_400_minutes,1.16119287478374,220,200,170-210,210-270,ABalppppp/ABpraaapp,730,,11.2171870221328,7.27404368380703,-1.87383533525704,-2.61315339017025,7.41376092902859,3.50796081492868,0.600686327581511,1,200,0.013771472,8.779962,9.518118
Selection 2,CAGCTAACATTCACTT-r17,CAGCTAACATTCACTT-r17,3544,mixed,Murray_r17,2.75452981809475,170,170,170-210,170-210,ABalpppap/ABpraaaap,1629,,9.76044875925736,4.75969077770522,-2.99630848991894,-3.02043989764129,6.31948760640841,3.59848945896497,2.66242110389711,1,170,0.0071277423,8.690677,9.563654
Selection 2,CTTAACTTCCTAGGGC-r17,CTTAACTTCCTAGGGC-r17,4825,mixed,Murray_r17,3.75017109828081,170,185,170-210,170-210,,2036,,10.9272228777513,6.60060774853416,-2.9699734259955,-2.99735337739481,8.26725309664255,3.70611980841923,1.08504376452606,1,185,0.010310474,8.699884,8.527022
Selection 2,GACGCGTTCTTCTGGC-300.1.1,GACGCGTTCTTCTGGC-300.1.1,4105,300_minutes,Waterston_300_minutes,3.19056007428864,170,195,170-210,170-210,,1678,,8.5757439152235,3.88090468696561,-3.1827168943572,-3.44929390335659,4.21945637275069,1.64681771582647,0.692966742614339,1,195,0.007983249,8.942728,9.056566
Selection 2,CAGTCCTTCAAACCGT-400.2.1,CAGTCCTTCAAACCGT-400.2.1,1478,400_minutes,Waterston_400_minutes,1.14875707425058,220,190,170-210,210-270,ABalpppap/ABpraaaap,720,,8.49101697753822,3.86657317349107,-2.74041908127255,-3.06707760213715,4.11104958799654,1.0626795196113,-0.523994503492225,1,190,0.010336337,9.062809,9.558246
Selection 2,AGCATACGTATCTGCA-r17,AGCATACGTATCTGCA-r17,3643,mixed,Murray_r17,2.83147633389367,170,200,170-210,170-210,ABalpppap/ABpraaaap,1649,,8.66336998064617,4.636887574412,-2.58694596094543,-2.71522891352209,5.64937214260961,2.5813845857045,1.18554535166174,1,200,0.011351401,8.6857605,8.864327
Selection 2,GCACATACATCCCATC-r17,GCACATACATCCCATC-r17,3004,mixed,Murray_r17,2.33482155010063,170,175,170-210,170-210,,1457,,11.8085260700199,8.64085855360487,-1.20701209590803,-1.60089847140269,10.197908665299,5.90730926847131,2.93538173882324,1,175,0.009424144,8.705073,8.803192
Selection 2,TGCTGCTTCTGTACGA-r17,TGCTGCTTCTGTACGA-r17,3269,mixed,Murray_r17,2.54078949643108,170,170,170-210,170-210,,1477,,11.6165383503436,6.88459818538468,-3.02317454862603,-3.16453460263102,8.86922625955047,4.26262330201321,1.57270621342353,1,170,0.01008649,8.840929,8.734334
Selection 2,ACTGCTCAGGTTCCTA-b01,ACTGCTCAGGTTCCTA-b01,871,mixed,Murray_b01,0.676973891523851,200,175,170-210,170-210,,545,,8.65042831719287,4.71332258583385,-1.67808204249017,-1.83470322106272,5.9746287164131,3.93279577170107,3.12161130185716,1,175,0.02048756,8.742527,8.796914
Selection 2,GATCGTAAGGACACCA-r17,GATCGTAAGGACACCA-r17,1641,mixed,Murray_r17,1.27544679218214,200,200,170-210,170-210,,948,,9.71345673839617,6.3407015764231,-1.79071189857951,-1.47189818145866,7.81135503862643,4.41942054213644,2.23608742089733,1,200,0.01854684,8.714358,8.681479
Selection 2,CGGGTCACAAGCTGGA-b01,CGGGTCACAAGCTGGA-b01,727,mixed,Murray_b01,0.565051686725419,260,250,210-270,210-270,ABalpppapa/ABpraaaapa,493,Neuroblast_AFD_RMD,4.24678314942647,2.04940368279521,-1.09399082397615,-1.00380973798449,2.06336126279074,1.87414847864557,2.69963435777491,6,250,0.07082507,9.057052,8.745544
Selection 2,TGACAACAGTGGAGTC-b01,TGACAACAGTGGAGTC-b01,953,mixed,Murray_b01,0.740707369256292,260,260,210-270,210-270,ABalpppapa/ABpraaaapa,613,Neuroblast_AFD_RMD,5.25683140024372,2.23968402047212,-2.38182947880059,-2.11921742089666,2.4963313474075,1.47568474034352,1.85349640115736,6,260,0.039636217,9.067932,8.786038
Selection 2,CACACAACAGCGTCCA-r17,CACACAACAGCGTCCA-r17,2939,mixed,Murray_r17,2.28430111043467,170,170,170-210,170-210,ABalppppaa/ABpraaapaa,1478,,8.94788876371587,5.26336643752939,-1.97326414148054,-1.94851245553401,6.88544125920137,3.93422716289929,2.5862311282986,1,170,0.009906641,8.662105,8.718964
Selection 2,TTGACTTCACGAGAGT-300.1.2,TTGACTTCACGAGAGT-300.1.2,3069,300_minutes,Waterston_300_minutes,2.38534198976659,170,180,170-210,170-210,ABalaapppp/ABalapaapp,1363,,6.84728575613148,2.43376376443723,-3.50120232105909,-3.57985235963567,2.22676485534011,0.02732394029731,-0.589942747673251,1,180,0.009703482,9.090005,8.486492
Selection 2,ACTTTCAAGGACGAAA-r17,ACTTTCAAGGACGAAA-r17,3151,mixed,Murray_r17,2.44907546749903,170,170,170-210,170-210,,1523,,9.7248690197017,5.96387542190796,-2.32860415126643,-2.45351832542721,7.49480511991245,4.0305104941326,2.29761167887011,1,170,0.012285735,8.687577,8.5708065
Selection 2,GTGCGGTCATGACATC-r17,GTGCGGTCATGACATC-r17,3122,mixed,Murray_r17,2.42653557903268,170,185,170-210,170-210,,1401,,11.9778525194244,7.54032868287097,-2.02468483186268,-2.66944808792504,9.18274943042729,4.95413866377673,2.68515397725446,1,185,0.008242545,8.88139,8.548377
Selection 2,TGTCCCATCGTTTGCC-r17,TGTCCCATCGTTTGCC-r17,2217,mixed,Murray_r17,1.72313561137586,200,200,170-210,170-210,ABalppppap/ABpraaapap,1205,,9.99101545863876,6.19947806651942,-2.06204687530784,-2.15565578474557,7.59953042572469,4.35436313099035,2.43004093059542,1,200,0.009054871,8.825604,8.710579
Selection 2,TCTATTGTCATCGATG-r17,TCTATTGTCATCGATG-r17,2930,mixed,Murray_r17,2.27730597263477,170,180,170-210,170-210,,1337,,11.6016786688928,7.35390053306939,-1.97317695371917,-2.62526294241409,8.75875642531354,4.50629924987477,1.99762736755953,1,180,0.0116204005,8.666878,8.540589
Selection 2,TCAGATGAGTTAGGTA-r17,TCAGATGAGTTAGGTA-r17,3126,mixed,Murray_r17,2.42964452916597,200,195,170-210,170-210,ABalpppap/ABpraaaap,1446,,10.9899962061094,6.80932460522709,-1.66167524282676,-2.25996354294295,7.89932606914061,4.22247227017864,2.09740409456092,1,195,0.014743588,8.694466,8.903294
Selection 2,TTTGCGCAGAAACGCC-400.2.3,TTTGCGCAGAAACGCC-400.2.3,1098,400_minutes,Waterston_400_minutes,0.853406811588047,190,195,170-210,170-210,,576,,9.54806504652545,4.83845496675623,-2.84935402745242,-3.30431377432409,4.7675360251879,1.93897479240339,0.334885983307644,1,195,0.010170936,9.143923,8.791694
Selection 2,GCTGCTTAGATGCCAG-400.2.3,GCTGCTTAGATGCCAG-400.2.3,1671,400_minutes,Waterston_400_minutes,1.29876391818181,210,230,210-270,210-270,ABalpppapa/ABpraaaapa,907,Neuroblast_AFD_RMD,7.29920949119763,3.22643124343919,-3.17537481008885,-3.58128460715678,3.02359938047313,0.384065602672702,-0.534932251356969,8,230,0.021987362,9.723722,9.611385
Selection 2,ATTGGACGTTCCACGG-b02,ATTGGACGTTCCACGG-b02,800,mixed,Murray_b02,0.621790026657957,260,265,210-270,210-270,ABalpppapa/ABpraaaapa,548,Neuroblast_AFD_RMD,3.97011152074265,1.72480358646501,-1.23890191706887,-1.12199427185131,1.46715023755119,1.53725472699518,2.54772894818385,6,265,0.05025188,9.541211,8.941762
Selection 2,GCGGGTTTCCGCGTTT-300.1.2,GCGGGTTTCCGCGTTT-300.1.2,1107,300_minutes,Waterston_300_minutes,0.860401949387949,230,230,210-270,210-270,ABalpppapa/ABpraaaapa,626,Neuroblast_AFD_RMD,6.71624086833227,2.44511307302766,-3.60841848760279,-3.82472865547822,1.92063411657366,-0.680690806300849,-1.53934236521127,8,230,0.027594103,9.773427,9.630872
Selection 2,TCTATTGCATAGACTC-r17,TCTATTGCATAGACTC-r17,2280,mixed,Murray_r17,1.77210157597518,170,175,170-210,170-210,,1069,,12.2114835238163,7.29698776218323,-1.93187517158542,-2.61676989039653,9.12028939511431,5.10616467389242,3.08350854245829,1,175,0.01624309,7.9699965,8.912903
Selection 2,ATTGGACTCTCTAGGA-r17,ATTGGACTCTCTAGGA-r17,3579,mixed,Murray_r17,2.78173313176104,200,170,170-210,170-210,,1714,,10.8193208685194,7.4981267875976,-2.36383578945989,-2.50623884225504,9.9867178606437,5.46308970560334,2.93764430120486,1,170,0.020971166,8.241438,8.460997
Selection 2,ATTCTACGTTCCGTCT-r17,ATTCTACGTTCCGTCT-r17,6566,mixed,Murray_r17,5.10334164379519,170,170,170-210,170-210,,2445,,10.8341532505846,6.61286769841859,-1.13764631055652,-1.5623706342509,8.01380223313537,5.07544169930394,3.51897564352685,1,170,0.013791123,7.999044,9.046272
Selection 2,ACGCCAGAGTTGAGAT-r17,ACGCCAGAGTTGAGAT-r17,4998,mixed,Murray_r17,3.88463319154559,160,160,130-170,130-170,,2045,,11.531485249699,6.4578666282123,-2.51525249223163,-2.94403696602091,8.67921862584037,5.17093696339484,3.94133127859167,1,160,0.012313908,8.111362,9.495313
Selection 2,GCTCCTAAGCCGGTAA-b01,GCTCCTAAGCCGGTAA-b01,1710,mixed,Murray_b01,1.32907618198138,170,180,170-210,170-210,,996,,7.16655494419475,4.43806752173182,0.559543332988324,0.831726480611495,5.09173045232377,5.14615105288921,5.271587199217,1,180,0.0129277725,8.111968,9.544169
Selection 2,AGCGGTCCATGGTAGG-b01,AGCGGTCCATGGTAGG-b01,3862,mixed,Murray_b01,3.00169135369129,170,170,170-210,170-210,,1675,,10.0609050081306,4.96085767598802,-2.91280780035367,-2.99212909021685,7.02920640731871,4.2978434744756,3.42945588814756,1,170,0.019358823,8.155148,9.616201
Selection 2,AATCCAGAGCTGCGAA-b01,AATCCAGAGCTGCGAA-b01,2241,mixed,Murray_b01,1.7417893121756,190,190,170-210,170-210,ABalppppp/ABpraaapp,1131,,9.97043232320174,4.77992106907632,-2.91608113600837,-2.90138286934759,6.70790249556277,3.76651678005196,2.71181074628949,1,190,0.0066670086,8.079834,9.34058
Selection 2,GGGTCTGGTTGAGTTC-r17,GGGTCTGGTTGAGTTC-r17,2360,mixed,Murray_r17,1.83428057864097,160,165,130-170,130-170,,1238,,12.2982083002779,8.46660113012784,-0.585664988169354,-1.05637399209885,10.0218935010466,6.16340902564754,3.48436920796774,1,165,0.010827438,8.156424,8.623949
Selection 2,CAGTAACGTCCCTTGT-r17,CAGTAACGTCCCTTGT-r17,5519,mixed,Murray_r17,4.28957394640658,160,160,130-170,130-170,,2133,,10.8379131452029,6.28127743254332,-2.7639742387714,-2.83437105893395,8.91121482257626,5.36421754102873,4.00468186579131,1,160,0.014907045,8.09987,8.975042
Selection 2,AACTTTCTCAAACCAC-r17,AACTTTCTCAAACCAC-r17,1469,mixed,Murray_r17,1.14176193645067,170,160,130-170,170-210,ABalppppa/ABpraaapa,832,,10.9486280670449,7.04510092937983,-1.20018547658607,-1.63421423664784,9.0954730703761,6.17439190546207,4.80253543844042,1,160,0.023310574,8.198963,9.249342
Selection 2,CTCTGGTTCTCAACTT-b01,CTCTGGTTCTCAACTT-b01,1574,mixed,Murray_b01,1.22337187744953,190,190,170-210,170-210,ABalppppp/ABpraaapp,913,,9.40527193517948,5.37177140498638,-2.34758692435482,-1.89002077583512,7.20177515710843,4.46817106354333,3.09156945967416,1,190,0.016583461,8.203729,9.038219
Selection 2,CTTAACTCAAGCCGCT-r17,CTTAACTCAAGCCGCT-r17,1702,mixed,Murray_r17,1.3228582817148,160,160,130-170,130-170,,944,,11.4031089379604,7.68825712898126,-1.7584190012949,-2.08709379646099,9.2409826943277,4.98162610077472,2.14973412805715,1,160,0.015515675,8.043619,8.509181
Selection 2,TGGGCGTAGTCATGCT-r17,TGGGCGTAGTCATGCT-r17,4036,mixed,Murray_r17,3.1369306844894,200,170,170-210,170-210,ABpxaapap,1828,,10.0437412867678,6.81630294095976,-0.951883438285096,-1.48726151745641,7.7002471689565,4.46381459457149,2.30099050034906,1,170,0.009596537,8.024441,8.520088
Selection 2,CTAGTGAGTCCGCTGA-b01,CTAGTGAGTCCGCTGA-b01,723,mixed,Murray_b01,0.561942736592129,190,260,210-270,170-210,ABalpppapp/ABpraaaapp,514,,5.57396712173675,2.80875660843566,-1.92108224273604,-0.884124860510324,3.38014183637318,2.68456076750008,2.58158013240829,1,260,0.02565137,8.257696,9.657771
Selection 2,TAAGTGCTCATTTGGG-b01,TAAGTGCTCATTTGGG-b01,1132,mixed,Murray_b01,0.87983288772101,200,170,170-210,170-210,ABalppppaa/ABpraaapaa,709,,8.90257098800043,5.6653713158577,-0.162830646106392,-0.577465858496148,6.96172572144742,5.40756034436241,4.99478698077772,1,170,0.020838605,8.289741,9.659707
Selection 2,GATTCAGCACGAGGTA-b01,GATTCAGCACGAGGTA-b01,1392,mixed,Murray_b01,1.08191464638485,160,170,170-210,130-170,,809,,8.23269079752516,4.13676701250206,-1.70337669633095,-1.3843809310489,5.38591898524774,3.87358262294002,3.37246360221718,1,170,0.019773578,8.013269,9.400387
Selection 2,CATATGGGTATTCGTG-r17,CATATGGGTATTCGTG-r17,2463,mixed,Murray_r17,1.91433604457319,160,170,170-210,130-170,,1228,,13.6737660156426,8.54442779555165,-2.80030847702653,-2.95839115289721,11.6790363911238,6.29785300324621,3.11001244640416,1,170,0.01121864,7.970526,8.631156
Selection 2,GCTCCTAGTAAATGAC-r17,GCTCCTAGTAAATGAC-r17,3737,mixed,Murray_r17,2.90453666202598,160,160,130-170,130-170,,1722,,11.2738406052291,6.39718526615619,-2.24846123674309,-2.66985518533236,8.09685334338229,4.55620483952588,2.81732865525409,1,160,0.011657128,7.992924,9.135777
Selection 2,AACTCAGAGTCGTACT-r17,AACTCAGAGTCGTACT-r17,2510,mixed,Murray_r17,1.95086620863934,160,160,130-170,130-170,,1201,,13.5712815193061,9.60502283649267,-1.48466486542448,-1.93164030514452,12.4148000299585,7.38039232535458,4.34564871365327,1,160,0.013105018,7.9783893,8.570064
Selection 2,TGTTCCGGTCAGCTAT-b01,TGTTCCGGTCAGCTAT-b01,1780,mixed,Murray_b01,1.38348280931396,170,160,130-170,170-210,ABpxaapaa,934,,10.8788160954621,5.70532463757777,-2.73895081477355,-2.77161598640776,8.32252700097319,5.12280816996074,4.04780404247661,1,160,0.028259112,7.974432,9.084626
Selection 2,CTCTACGCAAGAAAGG-b01,CTCTACGCAAGAAAGG-b01,818,mixed,Murray_b01,0.635780302257761,210,260,210-270,210-270,ABalpppapa/ABpraaaapa,547,Neuroblast_AFD_RMD,4.97099432295933,2.24509283016996,-1.60926226030471,-1.46541150092111,1.96959611582759,1.44223501439463,1.69894210044529,6,260,0.035649918,8.274452,8.619022
Selection 2,CTAAGACGTCACAAGG-r17,CTAAGACGTCACAAGG-r17,2867,mixed,Murray_r17,2.22834000803546,160,160,130-170,130-170,,1414,,13.2820839125658,8.50032164782917,-2.10196896643205,-2.24534593369368,10.9616043637724,6.10635870043006,3.00348222567975,1,160,0.011973959,7.967645,8.775999
Selection 2,ACGCCGAGTTCGTGAT-b01,ACGCCGAGTTCGTGAT-b01,2118,mixed,Murray_b01,1.64618909557694,170,170,170-210,170-210,ABpxaapaa,1123,,10.5720880261059,6.22325082882041,-1.81954631383546,-1.85909893249802,8.45844112716052,6.13908740183069,5.18717827341681,1,170,0.022894468,7.9593725,8.901083
Selection 2,CCACCTACATCACAAC-r17,CCACCTACATCACAAC-r17,2583,mixed,Murray_r17,2.00760454857188,200,160,130-170,170-210,Cxaa,1258,,12.8662616279937,9.63737522214849,-0.779780382201187,-1.44745176425151,11.4515507689313,6.85477108422765,3.70209848178286,1,160,0.02217765,8.119862,8.844029
Selection 2,CCGGGATCAAGCGATG-r17,CCGGGATCAAGCGATG-r17,2603,mixed,Murray_r17,2.02314929923833,210,200,170-210,210-270,ABpxaapapp,1247,,7.95319925956459,4.24338926912222,-2.01519717928854,-2.09807311353371,4.90147069486885,2.94748463894754,2.40828245365415,1,200,0.022828044,8.102433,8.73943
Selection 2,CGAATGTTCTTGCAAG-r17,CGAATGTTCTTGCAAG-r17,1230,mixed,Murray_r17,0.95600216598661,170,165,130-170,170-210,,726,,11.6104127856349,7.97392405773067,-1.1896745421082,-1.63436211021711,10.4205013218161,7.11800014501346,5.39358028998905,1,165,0.018977433,8.170663,8.777945
Selection 2,ATAACGCGTTCCACTC-r17,ATAACGCGTTCCACTC-r17,5023,mixed,Murray_r17,3.90406412987865,190,170,170-210,170-210,,2019,,10.2185428648096,5.67181959060909,-2.59310556406082,-2.7715758334139,7.21651437380939,4.04918051250792,2.66017941841082,1,170,0.012810804,8.2327,8.708615
Selection 2,CGGAGCTTCGGTCCGA-r17,CGGAGCTTCGGTCCGA-r17,1589,mixed,Murray_r17,1.23503044044937,170,160,130-170,170-210,,975,,9.75566014530344,5.84605194674509,-1.68488074163906,-2.00365052034971,7.74680205636545,5.2405300357304,4.37434762046586,1,160,0.02198545,8.223062,8.810339
Selection 2,CGTGAGCAGTCTCGGC-r17,CGTGAGCAGTCTCGGC-r17,2068,mixed,Murray_r17,1.60732721891082,260,190,170-210,210-270,,1054,,10.7085309841618,7.99569954714248,0.575382553290912,-0.191945365610945,8.56692973036437,5.58471599393518,3.33615965349921,1,190,0.015150761,7.938011,8.645228
Selection 2,AACTTTCTCAGCAACT-r17,AACTTTCTCAGCAACT-r17,869,mixed,Murray_r17,0.675419416457206,170,170,170-210,170-210,,558,,11.6376231233876,9.11853468624461,-0.106832793677805,0.0285109498780733,11.1232622053549,8.54172408198613,5.94793848349965,1,170,0.022492364,7.9353514,8.733981
Selection 2,CTTTGCGTCAGTTAGC-r17,CTTTGCGTCAGTTAGC-r17,3763,mixed,Murray_r17,2.92474483789237,170,190,170-210,170-210,,1715,,11.4801356186488,7.48895436455633,-2.05422280474831,-2.44997835469066,9.19177720897796,5.07462080749701,2.64766189223682,1,190,0.01155553,8.204232,8.717231
Selection 2,CCGTTCATCACGAAGG-r17,CCGTTCATCACGAAGG-r17,3455,mixed,Murray_r17,2.68535567762905,160,170,170-210,130-170,,1582,,14.0164414540494,10.2367102321483,-1.07270565552521,-1.29045588297783,13.0839291051202,8.19820548869593,4.80624513436836,1,170,0.011019174,8.2994795,8.450812
Selection 2,ACTGAACTCGTCACGG-r17,ACTGAACTCGTCACGG-r17,2203,mixed,Murray_r17,1.71225428590935,170,170,170-210,170-210,,1166,,11.8415182951617,8.75645243755647,0.141417007745926,-0.310242643852001,10.5929769073169,7.73478618207705,5.62865466265936,1,170,0.018385349,8.335792,8.7845955
Selection 2,CAACTAGTCAGTCAGT-r17,CAACTAGTCAGTCAGT-r17,3523,mixed,Murray_r17,2.73820782989498,180,170,170-210,170-210,,1573,,9.88411274787931,5.93839974327885,-1.61891738221172,-2.22812288258044,6.80770809913907,3.76083353200822,2.25108984918808,1,170,0.009246405,8.312901,8.95157
Selection 2,TGACGGCTCCTACAGA-b02,TGACGGCTCCTACAGA-b02,945,mixed,Murray_b02,0.734489468989712,200,190,170-210,170-210,ABalppppaa/ABpraaapaa,629,,6.46921555584963,2.24664044139778,-3.02640199394698,-2.64513377242596,3.56648765727357,2.50683309787299,3.15398362603468,11,190,0.07284692,8.319054,9.145578
Selection 2,CGTAGGCGTGTTGAGG-r17,CGTAGGCGTGTTGAGG-r17,2328,mixed,Murray_r17,1.80940897757466,180,170,170-210,170-210,,1188,,10.2332101470574,6.07714689968969,-2.66772298466631,-2.88972324812797,8.02545880156448,4.20008812141602,2.29497530785583,1,170,0.018423604,8.350569,8.505879
Selection 2,ACTATCTGTCTTGTCC-r17,ACTATCTGTCTTGTCC-r17,2564,mixed,Murray_r17,1.99283703543875,190,190,170-210,170-210,,1286,,9.7624427509164,6.29029210617976,-1.11806245478308,-1.38835509723122,7.34468442267068,4.87774545239355,3.46088259631352,1,190,0.009199105,8.343916,9.281658
Selection 2,CGACCTTAGGCTCAGA-r17,CGACCTTAGGCTCAGA-r17,2441,mixed,Murray_r17,1.89723681884009,170,170,170-210,170-210,,1191,,11.7278026553491,7.0220553218672,-2.61007237239683,-2.92284710795365,8.90198304544687,4.5005347015082,2.03289190647081,1,170,0.017936535,8.365552,8.649257
Selection 2,CTCTGGTGTAGGCATG-r17,CTCTGGTGTAGGCATG-r17,4809,mixed,Murray_r17,3.73773529774765,150,175,170-210,130-170,ABpraaa/ABalppp,1947,,12.1090723353846,7.5094529079912,-2.71066883501133,-2.8530041985178,10.6912088789797,6.24978940275014,4.11518413967734,1,175,0.016111797,8.3883,8.471039
Selection 2,ATTATCCTCCGAATGT-400.2.3,ATTATCCTCCGAATGT-400.2.3,2858,400_minutes,Waterston_400_minutes,2.22134487023555,170,190,170-210,170-210,,1173,,10.3199218266263,6.32793115178039,-2.32861895916555,-2.86499981775799,7.00322868067627,2.96895968428751,0.505571055770861,1,190,0.007847579,8.422183,9.098485
Selection 2,TGTGTTTCAGCTGTTA-r17,TGTGTTTCAGCTGTTA-r17,1307,mixed,Murray_r17,1.01584945605244,200,170,170-210,170-210,,795,,8.90683348769464,5.98239002105749,-0.908896627223046,-0.959015162843074,6.94768079679058,4.93884538525226,3.65530007561976,1,170,0.022290248,8.397228,8.926729
Selection 2,GGGCACTTCGGTCTAA-r17,GGGCACTTCGGTCTAA-r17,5805,mixed,Murray_r17,4.5118638809368,160,170,170-210,130-170,,2265,,10.4396828197799,6.87011387972697,-1.67498204238107,-1.92134822005039,9.51201973351546,5.84691759858009,4.02097998996555,1,170,0.015202136,8.424388,9.053962
Selection 2,ATTTCTGAGAATTCCC-b01,ATTTCTGAGAATTCCC-b01,968,mixed,Murray_b01,0.752365932256129,170,170,170-210,170-210,,581,,9.7405971043318,4.72951238972289,-2.85941634378909,-2.80394044263642,7.0287542183239,4.39238387212986,3.90918023473223,1,170,0.0134380385,8.456143,9.209164
Selection 2,TCGTAGAAGGGTATCG-r17,TCGTAGAAGGGTATCG-r17,1955,mixed,Murray_r17,1.51949937764538,220,180,170-210,210-270,,1007,,10.3209202389931,6.535288314616,-2.30511291872415,-2.58447787830577,7.77856198663473,3.70987774562251,1.38140546143095,1,180,0.013147833,8.366479,8.472252
Selection 2,ATTCTACTCGTTGCCT-400.2.1,ATTCTACTCGTTGCCT-400.2.1,6110,400_minutes,Waterston_400_minutes,4.74892132860015,210,175,170-210,210-270,ABalaapppp/ABalapaapp,2153,,9.41030653585173,5.32422379586891,-2.94779480969954,-3.33077606309964,5.19284251909969,1.40653212705114,-0.96971118488593,1,175,0.009517254,8.465138,9.18022
Selection 2,CAGCATAGTAGCTCCG-r17,CAGCATAGTAGCTCCG-r17,3061,mixed,Murray_r17,2.37912408950001,170,230,210-270,170-210,,1402,,9.95209802809917,5.3917615007764,-2.79715017815127,-2.97523256401606,7.10474914370559,3.94184246038768,2.6296683787022,1,230,0.0059153703,8.375201,8.900497
Selection 2,TCCCGATTCTTTACAC-r17,TCCCGATTCTTTACAC-r17,3503,mixed,Murray_r17,2.72266307922853,170,170,170-210,170-210,,1601,,11.3479374338036,7.47740790643651,-2.18045274737325,-2.21053761300987,9.53253962523764,5.15016918678264,2.46720558011104,1,170,0.010302995,8.405326,8.637092
Selection 2,GATCGTAAGCGTAGTG-r17,GATCGTAAGCGTAGTG-r17,1702,mixed,Murray_r17,1.3228582817148,260,270,270-330,210-270,ABalpppapa/ABpraaaapa,894,Neuroblast_AFD_RMD,9.72395367573169,7.89050012898123,2.32168452389349,1.29767502884131,7.55308954893925,5.88861449084098,4.18768455656886,1,270,0.024752827,8.547018,8.230358
Selection 2,TGATTTCTCAGGATCT-r17,TGATTTCTCAGGATCT-r17,1887,mixed,Murray_r17,1.46664722537946,230,260,210-270,210-270,ABalpppapa/ABpraaaapa,1024,Neuroblast_AFD_RMD,7.46535073761397,5.31081996992121,-2.08025608328276,-0.169659929641781,6.28156976854428,4.32091511042999,2.54963326240653,6,260,0.058153667,8.567308,7.4416857
Selection 2,CATCCACCATCCGTGG-r17,CATCCACCATCCGTGG-r17,1390,mixed,Murray_r17,1.0803601713182,270,290,270-330,270-330,ABalpppapa/ABpraaaapa,820,Neuroblast_AFD_RMD,6.18347674525533,4.75750336910635,-1.39248538213279,-1.60691386607406,4.93439899071987,2.11204987838343,0.736975067278664,6,290,0.05301338,8.615195,7.636259
Selection 2,TTTCCTCCATTCTCAT-r17,TTTCCTCCATTCTCAT-r17,3083,mixed,Murray_r17,2.3962233152331,200,490,450-510,170-210,ABalpppppa/ABpraaappa,1471,ASE,8.58898936355663,4.88485126050172,-2.15304331986689,-2.33611808069151,5.77754425456638,3.12353934779883,1.942153821442,1,490,0.018996261,8.631526,8.3607435
Selection 2,TGCGTGGAGGGATCTG-r17,TGCGTGGAGGGATCTG-r17,1393,mixed,Murray_r17,1.08269188391817,230,280,270-330,210-270,ABalpppapa/ABpraaaapa,841,Neuroblast_AFD_RMD,8.18479528918727,5.49486980030608,-1.90180613710196,-2.14498571255865,6.58624816727705,3.70376983718099,2.57269326702469,6,280,0.04360779,8.652072,7.594767
Selection 2,CATATTCAGCTAGGCA-r17,CATATTCAGCTAGGCA-r17,3332,mixed,Murray_r17,2.58975546103039,170,170,170-210,170-210,,1504,,9.48290971248196,5.23102841478628,-3.00405722221707,-2.8834439075267,7.12320491536306,3.61831961253931,1.96821047561299,1,170,0.012757434,8.705224,8.427308
Selection 2,ACGGAGAAGTGTGAAT-r17,ACGGAGAAGTGTGAAT-r17,1205,mixed,Murray_r17,0.936571227653548,230,230,210-270,210-270,,721,,8.32239752810316,4.8367549417875,-2.52636312658008,-2.40483747974797,5.76172628316444,3.11642527329646,1.82514573698182,4,230,0.028255383,8.827194,7.344041
Selection 2,AGGCCACTCGGAAATA-r17,AGGCCACTCGGAAATA-r17,1538,mixed,Murray_r17,1.19539132624992,270,260,210-270,270-330,ABalpppapa/ABpraaaapa,942,Neuroblast_AFD_RMD,6.199108643257,4.35717373152581,-0.823428193815627,-1.06756094370531,4.95959091238001,3.18717209324432,2.67657625306763,6,260,0.047546092,9.038756,7.972124
Selection 2,TCTATTGGTACGCTGC-b02,TCTATTGGTACGCTGC-b02,997,mixed,Murray_b02,0.77490582072248,190,210,210-270,170-210,ABalapxpaa,649,,5.07948089548312,1.61614866871208,-2.46746671583156,-2.45513736476613,2.42572708573484,1.72768499995928,2.74491043346429,4,210,0.05351118,9.01434,6.989262
Selection 2,AGATCTGGTCGCGTGT-r17,AGATCTGGTCGCGTGT-r17,1383,mixed,Murray_r17,1.07491950858494,200,260,210-270,170-210,,797,,8.8537393971584,5.78777331809479,-2.46139690600706,-2.57361819114428,6.74727879012939,3.52822307634859,1.9032378440195,4,260,0.038824636,8.877171,6.9889836
Selection 2,ATTACTCGTGACCAAG-b01,ATTACTCGTGACCAAG-b01,1598,mixed,Murray_b01,1.24202557824927,200,640,580-650,170-210,ABpxaapapppa,952,ASI,1.50630072668713,0.0047324528757358,-1.81227329638903,-1.75652214670282,1.04780586468658,0.89672005639527,1.61308010239554,4,640,0.09409037,8.906834,7.164068
Selection 2,CCTCAGTTCTGATACG-r17,CCTCAGTTCTGATACG-r17,1325,mixed,Murray_r17,1.02983973165224,220,230,210-270,210-270,,756,,8.6430321932575,4.76043065407955,-2.61730308897089,-2.91122681939259,5.3475758238503,2.75916216420235,1.72350025644444,4,230,0.03044105,9.070928,7.2541223
Selection 2,CGAACATGTCCCGACA-r17,CGAACATGTCCCGACA-r17,1503,mixed,Murray_r17,1.16818801258364,230,260,210-270,210-270,,848,,8.79862079129653,5.99194755177479,-1.85113555734143,-1.83936119142387,6.51148133194205,3.92853647974033,2.31067435904605,4,260,0.031580653,9.009142,7.1637897
Selection 2,ATTCTACGTGATGTGG-r17,ATTCTACGTGATGTGG-r17,1623,mixed,Murray_r17,1.26145651658233,270,280,270-330,270-330,ABalpppapa/ABpraaaapa,987,Neuroblast_AFD_RMD,6.58409211691108,4.34478900361917,-1.52584991425013,-1.10207250457719,5.19215810815273,3.48976608408491,2.93347008878735,6,280,0.045463618,8.900521,7.896854
Selection 2,CACACTCGTACCATCA-300.1.1,CACACTCGTACCATCA-300.1.1,2192,300_minutes,Waterston_300_minutes,1.7037046730428,190,170,170-210,170-210,,1149,,7.82762617212387,3.04697665131921,-3.68130122197517,-3.93446459128655,3.11045895257833,0.447366692193553,-0.468690015027616,4,170,0.013373875,8.919543,8.323008
Selection 2,CATCGAAAGAATAGGG-r17,CATCGAAAGAATAGGG-r17,1593,mixed,Murray_r17,1.23813939058266,200,200,170-210,170-210,,845,,10.302793510547,7.21149255923366,-0.957829961674186,-1.12142440633649,8.25615525205872,5.33384675922709,3.30334271849898,4,200,0.026814906,8.897168,7.517937
Selection 2,CCTCAGTTCAGGCAAG-400.2.1,CCTCAGTTCAGGCAAG-400.2.1,1259,400_minutes,Waterston_400_minutes,0.978542054452961,170,180,170-210,170-210,,797,,8.65917521354566,4.53445557383185,-2.17644504284377,-2.44410667630564,4.88967493453172,2.27373026391691,0.87011238698754,4,180,0.01916624,9.010697,7.5529366
Selection 2,ATCTGCCAGTAAGTAC-r17,ATCTGCCAGTAAGTAC-r17,2524,mixed,Murray_r17,1.96174753410586,260,260,210-270,210-270,ABalpppapa/ABpraaaapa,1328,Neuroblast_AFD_RMD,7.97002324137761,5.2161904777251,-1.94632699125253,-2.0769746503153,6.28726171607916,3.94495320027361,3.19746424194144,6,260,0.04067855,8.876643,8.088327
Selection 2,TATGCCCCATCACGAT-r17,TATGCCCCATCACGAT-r17,713,mixed,Murray_r17,0.554170361258905,170,700,> 650,170-210,ABalppppppaa/ABpraaapppaa,490,ASEL,8.99808562323635,7.05215770990545,-0.724647923911554,-1.12716523025863,8.37930436641046,4.98154327301628,2.88993664505609,4,700,0.030240603,9.120067,7.534229
Selection 2,CTGATAGGTCAAAGCG-400.2.3,CTGATAGGTCAAAGCG-400.2.3,2854,400_minutes,Waterston_400_minutes,2.21823592010226,170,190,170-210,170-210,ABpxpaapp,1273,,8.43241118604347,3.69852780978874,-3.20305666370703,-3.62444188080402,3.56110488889594,0.579067871331078,-0.886826275381718,4,190,0.020827292,9.157911,7.929813
Selection 2,GAACATCAGATAGGAG-400.2.3,GAACATCAGATAGGAG-400.2.3,976,400_minutes,Waterston_400_minutes,0.758583832522708,170,195,170-210,170-210,,584,,7.83087518330379,3.88327064798154,-2.19042693684997,-2.54557426242575,4.23364500008908,2.1069237871865,1.30566272008706,4,195,0.017061062,9.121156,8.202399
Selection 2,TGGTTAGGTCTCCACT-400.2.3,TGGTTAGGTCTCCACT-400.2.3,4234,400_minutes,Waterston_400_minutes,3.29082371608724,190,390,390-450,170-210,ABalpppppppp/ABpraaappppp,1785,AUA,5.10770506320398,2.4572639015577,-1.84130765479831,-1.92421728929299,2.40264824591643,1.10151412736556,0.811413356576235,4,390,0.028718805,9.172789,8.162545
Selection 2,ATCATCTCATCACGTA-300.1.3,ATCATCTCATCACGTA-300.1.3,1824,300_minutes,Waterston_300_minutes,1.41768126078014,160,205,170-210,130-170,ABpxpaaaa,1038,,8.18644105892598,3.83861045657635,-2.81213246170142,-3.09636706141672,4.37061536347288,2.05786069367384,1.23279072534896,4,205,0.025343325,9.1712,7.7767653
Selection 2,AACTCTTAGCCCAATT-r17,AACTCTTAGCCCAATT-r17,2514,mixed,Murray_r17,1.95397515877263,170,205,170-210,170-210,,1248,,10.6276125336505,6.77211026411855,-2.50790047420804,-2.50350271198825,9.00012951299568,5.10001831044121,3.10220397119459,6,205,0.069306575,7.9794436,6.953296
Selection 2,CAGAATCGTCGAGATG-r17,CAGAATCGTCGAGATG-r17,2307,mixed,Murray_r17,1.79308698937488,170,170,170-210,170-210,,1140,,10.9744415908917,7.38730338448834,-1.59038923178843,-1.95857517105037,9.05219785605366,5.0766573976866,2.79136821580576,1,170,0.018199164,7.982894,8.3225765
Selection 2,CCCAATCTCCTGCTTG-r17,CCCAATCTCCTGCTTG-r17,780,mixed,Murray_r17,0.606245275991509,200,630,580-650,170-210,ABalpppapppa/ABpraaaapppa,498,ASK,11.7055030393999,9.39704922831032,-0.711066221931834,-1.15123522434139,10.78101703151,6.76682116635042,3.73262327257202,6,630,0.058721296,7.93932,7.4749975
Selection 2,CTGATAGCACGCGAAA-r17,CTGATAGCACGCGAAA-r17,2477,mixed,Murray_r17,1.9252173700397,230,220,210-270,210-270,ABpxpaaaap,1340,,9.44444702207598,6.9853766881322,-1.66586926481214,-1.56620341343424,8.84848878586938,5.67876026127257,3.64467844289042,6,220,0.063686445,7.9399753,6.9226894
Selection 2,CTTACCGAGGGTATCG-r17,CTTACCGAGGGTATCG-r17,3109,mixed,Murray_r17,2.41643149109949,220,200,170-210,210-270,,1402,,7.79257496398448,5.62930516070161,0.906938246104165,0.658597694877039,5.59851606803798,3.61207081980893,1.93463777786286,6,200,0.053595655,7.9541545,7.199548
Selection 2,CGCTGGATCGGCTACG-r17,CGCTGGATCGGCTACG-r17,4311,mixed,Murray_r17,3.35067100615307,200,260,210-270,170-210,ABpxaapapa,1851,Neuroblast_ASG_AWA,9.90063884887825,6.19832579267848,-2.44987838860295,-2.58660249622722,7.92959863227808,4.29202647587089,2.58163293270594,1,260,0.023036966,7.965317,8.026005
Selection 2,CGTTCTGAGCTAAGAT-r17,CGTTCTGAGCTAAGAT-r17,1160,mixed,Murray_r17,0.901595538654038,200,175,170-210,170-210,ABpxaapapa,719,,10.4189308018611,7.26445077775611,-0.512645102048358,-0.633258946606294,8.66249782501995,6.1279198066614,4.45049427427888,1,175,0.030592931,7.9745173,8.140467
Selection 2,GACGTTACATTCGACA-r17,GACGTTACATTCGACA-r17,3380,mixed,Murray_r17,2.62706286262987,160,210,210-270,130-170,,1546,,10.3083040109168,6.32429174970354,-3.19991602279369,-3.15145099814164,7.8096847427296,3.47437060240646,1.01374935312945,6,210,0.042591266,7.9531384,7.5836987
Selection 2,GGGAATGAGCTGCGAA-b01,GGGAATGAGCTGCGAA-b01,2087,mixed,Murray_b01,1.62209473204395,200,470,450-510,170-210,ABalppppppaa/ABpraaapppaa,1116,ASE,2.98004524478358,0.307585543315687,-2.97358592861487,-3.33892867407446,1.40927351067816,-0.636893465384893,-1.01194568609617,6,470,0.079866104,7.9667606,7.183259
Selection 2,GTAGTCACAGGAATCG-r17,GTAGTCACAGGAATCG-r17,774,mixed,Murray_r17,0.601581850791574,170,170,170-210,170-210,,509,,9.83596173339927,6.68905855125538,-0.269889366221752,-0.59699409625862,7.59935678393953,5.02306160093859,3.23916040297575,6,170,0.048233505,7.953349,8.04186
Selection 2,TCGGTAAAGGAGCGTT-r17,TCGGTAAAGGAGCGTT-r17,1564,mixed,Murray_r17,1.21559950211631,230,170,170-210,210-270,,853,,9.46961401701409,6.3294184587429,-1.90981725765905,-2.15873754035631,7.58422013625406,3.84291559090281,1.72299241820615,1,170,0.039336585,8.021475,7.825692
Selection 2,CATGACATCTTCAACT-r17,CATGACATCTTCAACT-r17,2280,mixed,Murray_r17,1.77210157597518,230,290,270-330,210-270,,1130,,9.89627584914327,6.79749355360622,-2.73866339495918,-2.78016701502986,7.94402368806405,4.34020833295759,2.28263828416925,6,290,0.027987035,7.989011,7.722795
Selection 2,AAATGCCTCTCTGAGA-r17,AAATGCCTCTCTGAGA-r17,3456,mixed,Murray_r17,2.68613291516238,210,215,210-270,210-270,ABpxpaaap,1641,,9.46978604771101,6.40959513848007,-2.28413472034817,-2.36155238807144,7.97397619651697,4.10659156097318,1.96865890822884,6,215,0.057556618,8.005332,7.015493
Selection 2,CACATAGTCTTGTACT-b01,CACATAGTCTTGTACT-b01,1696,mixed,Murray_b01,1.31819485651487,200,450,450-510,170-210,ABalppppppaa/ABpraaapppaa,938,ASE,4.75125874743887,1.82420907550573,-3.21567812929781,-2.64941262324634,3.2075351038974,0.993181055826782,-0.0141611447845291,6,450,0.048772406,7.9904127,7.6998897
Selection 2,AAATGCCGTAGCGTCC-r17,AAATGCCGTAGCGTCC-r17,1191,mixed,Murray_r17,0.925689902187034,160,170,170-210,130-170,,725,,13.3549064088485,10.3509301343714,0.0905861338829481,-0.465217613436826,13.0566436755782,8.79145531042767,5.8580027306651,1,170,0.021421498,8.034173,8.330454
Selection 2,GACTACATCAATAAGG-r17,GACTACATCAATAAGG-r17,822,mixed,Murray_r17,0.638889252391051,370,420,390-450,330-390,ABalpppppaa/ABpraaappaa,576,ADF,5.24897637796936,4.81857947699484,1.04787802043651,0.678085411931918,5.31824427953606,4.01134785733659,2.63312479883435,1,420,0.0401064,8.034939,8.248117
Selection 2,AGCGGTCGTGTCGCTG-r17,AGCGGTCGTGTCGCTG-r17,712,mixed,Murray_r17,0.553393123725582,330,630,580-650,330-390,ABalpppapav/ABpraaaapav,485,AFD,8.35768430210408,8.97668402079688,1.08967592104872,0.845255988693672,10.9694933964878,7.5346194649056,4.76225637517642,6,630,0.18800981,8.047587,7.1681695
Selection 2,GTGAAGGAGGGCTTCC-r17,GTGAAGGAGGGCTTCC-r17,3509,mixed,Murray_r17,2.72732650442847,160,170,170-210,130-170,,1525,,12.2612146934699,8.04584707458161,-3.0152819330216,-3.00808137565917,11.2744518718136,6.29673832091038,3.68123009046802,1,170,0.013499268,8.057073,8.416205
Selection 2,GGCAATTTCACGACTA-r17,GGCAATTTCACGACTA-r17,1944,mixed,Murray_r17,1.51094976477884,170,180,170-210,170-210,,1085,,9.301377238965,5.74576881820174,-1.84144867402519,-1.93984320770447,7.24242601622683,3.81976221568914,2.0555236985064,1,180,0.019138573,8.220794,8.171163
Selection 2,TACGGATGTCTCCCTA-400.2.3,TACGGATGTCTCCCTA-400.2.3,2867,400_minutes,Waterston_400_minutes,2.22834000803546,170,170,170-210,170-210,ABpxpaaap,1216,,8.48364444335096,4.10613496018709,-3.07782252624625,-3.49854770803185,3.94638009006095,0.927128090703048,-0.550302690287954,6,170,0.030626195,8.209703,7.669564
Selection 2,ATGAGGGCAGGACCCT-r17,ATGAGGGCAGGACCCT-r17,3893,mixed,Murray_r17,3.02578571722429,170,160,130-170,170-210,,1684,,12.9580394340793,8.9590025333711,-1.68636098714822,-2.00350020433394,11.46180636508,6.6797353988287,3.5952922437455,1,160,0.016391134,8.15233,8.364303
Selection 2,AAGCCGCGTCCCTTGT-r17,AAGCCGCGTCCCTTGT-r17,2991,mixed,Murray_r17,2.32471746216744,190,180,170-210,170-210,ABpxaapap,1392,,10.3131475793139,6.90489375537586,-0.612232308591197,-1.06970901894732,7.69094811281015,4.79328293163452,2.79467719630434,1,180,0.020669203,8.080422,8.269083
Selection 2,CAGCATAGTGCCTGGT-400.2.1,CAGCATAGTGCCTGGT-400.2.1,3371,400_minutes,Waterston_400_minutes,2.62006772482997,200,205,170-210,170-210,,1488,,8.19544054444315,4.93291008013701,-2.15464612711339,-2.74595364464307,4.81084196311821,1.65647972168412,-0.0307417899899184,6,205,0.036351644,8.184016,7.440164
Selection 2,CGCCAAGCAAATACAG-r17,CGCCAAGCAAATACAG-r17,1491,mixed,Murray_r17,1.15886116218377,230,170,170-210,210-270,ABpxaapapa,883,,10.6464812856532,7.20506168139889,-1.90286443266237,-2.18782145155841,8.93369891350321,5.00242531892569,2.8186068801244,1,170,0.018477594,8.138715,8.205081
Selection 2,ATAAGAGAGTGAATTG-r17,ATAAGAGAGTGAATTG-r17,4067,mixed,Murray_r17,3.16102504802239,190,200,170-210,170-210,,1747,,9.67316766812158,5.4798484076011,-3.44869794393097,-3.53391215819965,6.49105060077877,2.59943287932864,0.519811348952017,1,200,0.01916555,8.219654,8.029822
Selection 2,CTCGAAATCACTCCTG-r17,CTCGAAATCACTCCTG-r17,3639,mixed,Murray_r17,2.82836738376038,170,165,130-170,170-210,ABpxapaaa,1608,,12.4740952280228,8.72877743726411,-1.99919723864942,-2.27037890160235,11.3482420846695,6.53594057476221,3.80741166757188,1,165,0.013712075,8.162233,8.413866
Selection 2,CGGTTAAAGTCAAGGC-r17,CGGTTAAAGTCAAGGC-r17,1991,mixed,Murray_r17,1.54747992884499,230,265,210-270,210-270,ABalpppapa/ABpraaaapa,1112,Neuroblast_AFD_RMD,9.31648783345051,7.09234139426071,-1.98568210635957,-2.11029383638085,8.81623766073178,4.79299536716873,2.74380876074518,6,265,0.046406668,8.221042,7.4327083
Selection 2,GCGGGTTCATGTAAGA-r17,GCGGGTTCATGTAAGA-r17,836,mixed,Murray_r17,0.649770577857566,230,260,210-270,210-270,ABalpppaaa/ABpraaaaaa,557,,8.1249172267905,6.00598381415125,-1.40180656294028,-1.22146332940038,6.50060803201522,4.25254977580112,2.72716249237399,6,260,0.053621117,8.253326,7.274001
Selection 2,AAGTCTGCAGATAATG-r17,AAGTCTGCAGATAATG-r17,1236,mixed,Murray_r17,0.960665591186544,230,260,210-270,210-270,ABalpppapa/ABpraaaapa,817,Neuroblast_AFD_RMD,8.29881092787555,6.17629198049528,-0.904517578693848,-1.07842762010247,7.18087044260627,4.33838555942444,2.87279164414079,6,260,0.045248922,8.253412,7.513182
Selection 2,CGTGTCTAGGTCGGAT-b01,CGTGTCTAGGTCGGAT-b01,716,mixed,Murray_b01,0.556502073858872,220,260,210-270,210-270,ABalpppapa/ABpraaaapa,519,Neuroblast_AFD_RMD,6.11055224361988,3.1185967290404,-2.3454367082003,-2.35402668525689,4.7823356841825,3.34893391909182,3.82038441532027,6,260,0.04017869,8.446624,7.8322625
Selection 2,GTCACAACACCTATCC-r17,GTCACAACACCTATCC-r17,1171,mixed,Murray_r17,0.910145151520585,220,265,210-270,210-270,ABalpppapa/ABpraaaapa,706,Neuroblast_AFD_RMD,9.54059883680613,6.91966934837583,-1.41447635949425,-1.14410776284861,8.68994604459686,5.61089480554289,3.76288068072876,6,265,0.051158912,8.320674,7.0806623
Selection 2,AAAGTAGCAGGGTACA-r17,AAAGTAGCAGGGTACA-r17,1717,mixed,Murray_r17,1.33451684471464,300,265,210-270,270-330,ABalpppapa/ABpraaaapa,891,Neuroblast_AFD_RMD,8.16843246558121,6.17297713112228,-2.52258369141939,-2.51168861951382,8.04121718151745,3.77789500949758,1.76493365226061,6,265,0.06122501,8.406789,7.3447714
Selection 2,CGTTCTGCATGTCTCC-r17,CGTTCTGCATGTCTCC-r17,2389,mixed,Murray_r17,1.85682046710733,170,190,170-210,170-210,,1268,,11.3259798348638,7.89856530679606,-1.10828250376719,-1.05896987016206,9.66709099152647,6.02610070931168,3.18285102631224,1,190,0.016899548,8.39614,8.399759
Selection 2,AAACCTGAGATCCGAG-r17,AAACCTGAGATCCGAG-r17,2006,mixed,Murray_r17,1.55913849184483,200,190,170-210,170-210,,1069,,9.46762685006439,5.70245069402067,-2.95358040750931,-2.85231124653331,7.37053444926013,3.36913429010503,1.26105796800618,1,190,0.01734788,8.373283,8.218052
Selection 2,CCATGTCTCGATGAGG-r17,CCATGTCTCGATGAGG-r17,1903,mixed,Murray_r17,1.47908302591262,200,265,210-270,170-210,ABalpppapa/ABpraaaapa,1029,Neuroblast_AFD_RMD,9.91320211218301,8.40208161705359,1.57584823323755,1.61765443552411,8.71525246084166,6.87489274030581,4.76729578138068,6,265,0.033368967,8.455467,7.5685906
Selection 2,TCAGCAAAGATGCCTT-400.2.2,TCAGCAAAGATGCCTT-400.2.2,2390,400_minutes,Waterston_400_minutes,1.85759770464065,160,180,170-210,130-170,ABpxpaaap,1140,,9.58999981929476,5.25575937975441,-2.70601874789417,-3.08407789741007,5.57975715067475,2.155181868877,0.162667657035998,6,180,0.041554213,8.288293,7.3902445
Selection 2,GTGCTTCCAGGTCGTC-r17,GTGCTTCCAGGTCGTC-r17,1867,mixed,Murray_r17,1.45110247471301,290,280,270-330,270-330,ABalpppapa/ABpraaaapa,978,Neuroblast_AFD_RMD,8.41587065794057,7.11089189699563,-1.51073934289511,-1.74315306798133,8.40137044002809,4.39390485868836,2.06264915852937,6,280,0.07435351,8.306691,7.3366933
Selection 2,GTCACAATCGCGTTTC-b01,GTCACAATCGCGTTTC-b01,2887,mixed,Murray_b01,2.2438847587019,200,190,170-210,170-210,,1417,,7.8180977306402,4.23800393373206,-3.19842090859111,-2.95225917697981,5.93496840390557,2.8949542474275,1.80019782434951,1,190,0.038795047,8.2509165,7.7222776
Selection 2,AATCCAGCAACACGCC-r17,AATCCAGCAACACGCC-r17,2053,mixed,Murray_r17,1.59566865591098,190,200,170-210,170-210,ABalppppaa/ABpraaapaa,1137,,9.96658816281081,6.47410697588809,-1.83085460507661,-2.30696497079187,7.7343182599757,4.17848361029272,2.15010684167954,1,200,0.018605711,8.296426,8.348745
Selection 2,TTGCCGTAGAGGTAGA-r17,TTGCCGTAGAGGTAGA-r17,1066,mixed,Murray_r17,0.828535210521728,320,285,270-330,270-330,ABalpppapa/ABpraaaapa,721,Neuroblast_AFD_RMD,7.03332473354807,6.122034140128,-0.528054669270347,-1.24393816141036,6.8843561073371,3.68358393372967,1.98429567689408,6,285,0.07788425,8.243502,7.154335
Selection 2,GCGCGATGTAACGCGA-r17,GCGCGATGTAACGCGA-r17,1105,mixed,Murray_r17,0.858847474321304,210,265,210-270,210-270,ABalpppapa/ABpraaaapa,718,Neuroblast_AFD_RMD,10.4318728907087,7.78112423627282,-0.619973856797909,-0.870702090443639,9.45738709704696,6.29472559643729,4.47779429121642,6,265,0.035148676,8.445428,7.9417953
Selection 2,ATGCGATCACCAGGCT-b01,ATGCGATCACCAGGCT-b01,2839,mixed,Murray_b01,2.20657735710243,220,245,210-270,210-270,ABpxpaaaa,1399,,6.30072644802276,2.42260254684142,-3.19864804242986,-2.78653871895484,3.60661799573798,2.03500637513228,2.13513348972901,6,245,0.026651712,8.473156,7.5935755
Selection 2,TTCTCAATCTGTCAAG-r17,TTCTCAATCTGTCAAG-r17,2109,mixed,Murray_r17,1.63919395777704,230,260,210-270,210-270,ABalpppapa/ABpraaaapa,1158,Neuroblast_AFD_RMD,7.6606850466013,4.8275608783531,-2.21680714835482,-2.10786514688658,6.20218912109075,3.51034341316581,2.39247636028832,6,260,0.044212982,8.442407,7.6456566
Selection 2,TGAGCATTCATCACCC-r17,TGAGCATTCATCACCC-r17,886,mixed,Murray_r17,0.688632454523688,290,260,210-270,270-330,ABalpppapa/ABpraaaapa,576,Neuroblast_AFD_RMD,8.3026050099878,6.97628231881697,-0.821343360381279,-1.16469678406673,8.30756169350004,4.87508156621153,3.03585518913625,6,260,0.056810208,8.397991,7.4505067
Selection 2,CAGCAGCTCATGTCTT-r17,CAGCAGCTCATGTCTT-r17,3637,mixed,Murray_r17,2.82681290869374,170,170,170-210,170-210,,1620,,12.2101499055267,8.41090124761424,-1.86147105918335,-2.17398402455766,10.924602911401,6.25955303413368,3.45172410547423,1,170,0.014767201,8.2459755,8.398327
Selection 2,TTTCCTCGTCTCAACA-r17,TTTCCTCGTCTCAACA-r17,2834,mixed,Murray_r17,2.20269116943581,260,260,210-270,210-270,ABalpppapa/ABpraaaapa,1445,Neuroblast_AFD_RMD,6.58242019754837,4.53539108154753,-2.08159058502984,-2.0988656411471,4.84142301199056,1.80194065992906,0.403265362597663,6,260,0.05425768,8.477476,7.3588114
Selection 2,GGACATTCAAAGGCGT-r17,GGACATTCAAAGGCGT-r17,1656,mixed,Murray_r17,1.28710535518197,220,275,270-330,210-270,ABalpppapa/ABpraaaapa,955,Neuroblast_AFD_RMD,8.64394085044624,6.46653694470715,-1.5502699993679,-1.60351835627865,7.04824621287386,3.58604634105808,1.32726240895698,6,275,0.050318003,8.508946,7.566447
Selection 2,CCTATTAGTATCGCAT-b02,CCTATTAGTATCGCAT-b02,1003,mixed,Murray_b02,0.779569245922414,220,260,210-270,210-270,ABalpppapa/ABpraaaapa,672,Neuroblast_AFD_RMD,5.20783856156201,1.62979450396621,-2.68796917778458,-2.54609078531079,2.94838669559489,2.35602708235728,3.86514103435821,6,260,0.046493083,7.4178967,8.264625
Selection 2,GTAACTGAGCAGACTG-b02,GTAACTGAGCAGACTG-b02,1471,mixed,Murray_b02,1.14331641151732,200,390,390-450,170-210,ABalpppppap/ABpraaappap,869,AWB,5.72650946859824,2.83700564411274,-1.72972917502727,-2.11071448853155,4.02120733447765,3.11757757730582,3.40974128831859,1,390,0.061526135,7.5238566,8.603066
Selection 2,TAGAGCTAGACTCGGA-r17,TAGAGCTAGACTCGGA-r17,2747,mixed,Murray_r17,2.13507150403676,230,170,170-210,210-270,ABpxaapapp,1422,,9.03125546597073,6.37503485774651,-1.52019472489317,-1.79368490050731,7.47372851582921,4.47726661701092,2.47823486172264,1,170,0.02012373,7.5292873,8.625512
Selection 2,CTTTGCGTCATAACCG-b01,CTTTGCGTCATAACCG-b01,2119,mixed,Murray_b01,1.64696633311026,230,490,450-510,210-270,ABalpppapppa/ABpraaaapppa,1119,ASK,7.26306140976152,4.47850831731262,-1.6683870703173,-2.78670451443387,6.96988033630869,3.58158056641273,2.13699846589849,1,490,0.058266558,7.549293,8.603797
Selection 2,CCTAAAGAGGACGAAA-b01,CCTAAAGAGGACGAAA-b01,1942,mixed,Murray_b01,1.50939528971219,160,170,170-210,130-170,,1066,,13.1508811855543,9.02529783585243,-0.534146983400021,-0.79269172373215,12.1957994112897,8.78221844580733,6.78894003716688,1,170,0.019497119,7.61926,8.809964
Selection 2,TTGGAACGTTCGAATC-r17,TTGGAACGTTCGAATC-r17,1645,mixed,Murray_r17,1.27855574231543,160,170,170-210,130-170,ABalppppp/ABpraaapp,956,,12.5796415281004,8.97960089391886,-1.20443904051756,-1.49821339860895,11.5049933082256,7.30686962634657,4.71863885424273,1,170,0.014100494,7.554652,8.783273
Selection 2,AGATTGCTCCATGAAC-r17,AGATTGCTCCATGAAC-r17,2796,mixed,Murray_r17,2.17315614316956,170,165,130-170,170-210,,1308,,14.9863355900571,10.8674025100678,-1.80475570597522,-2.16448713904125,14.0270749318654,7.83460571604958,3.89640483389162,1,165,0.018340698,7.6085787,8.35536
Selection 2,CGACTTCTCGTGGTCG-r17,CGACTTCTCGTGGTCG-r17,3621,mixed,Murray_r17,2.81437710816058,160,165,130-170,130-170,,1784,,12.9421365553287,8.54006074573673,-2.06607810965749,-2.21194465756337,12.0570806879847,7.76190218102235,5.51537148297997,1,165,0.019218234,7.616079,8.562943
Selection 2,CATTCGCCACATCCGG-r17,CATTCGCCACATCCGG-r17,4040,mixed,Murray_r17,3.14003963462269,160,160,130-170,130-170,ABalppppp/ABpraaapp,1756,,12.4209436788484,7.52406216870632,-2.29226340536378,-2.42088884356811,10.7084925098042,6.83492656074484,5.18132872864665,1,160,0.012483877,7.562972,9.077469
Selection 2,CTCATTAAGGTGTGGT-b01,CTCATTAAGGTGTGGT-b01,4699,mixed,Murray_b01,3.65223916908218,160,160,130-170,130-170,,1940,,12.9169291428626,8.55289507445421,-2.25539277716948,-2.44020459209273,13.3295536986105,8.64039974272233,6.52556521789052,1,160,0.038144846,7.5949893,8.860725
Selection 2,ACTGTCCCAGCTGGCT-r17,ACTGTCCCAGCTGGCT-r17,7091,mixed,Murray_r17,5.51139134878947,260,700,> 650,210-270,ABalpppppaa/ABpraaappaa,2617,ADF,11.4115849591007,8.8886984962076,-0.55118410592161,-1.46535815861433,11.9296386659669,7.69871143284914,5.13071937740854,1,700,0.06084176,7.6227136,8.705636
Selection 2,TGCACCTGTCGTTGTA-r17,TGCACCTGTCGTTGTA-r17,1468,mixed,Murray_r17,1.14098469891735,170,170,170-210,170-210,ABpxaapap,936,,10.283251569189,7.21594173731713,0.0508554408102214,-0.734714147003463,8.16338438186234,5.57657913207893,3.57760059807044,1,170,0.022900088,7.7378163,8.531837
Selection 2,CCCTCCTTCTACTCAT-r17,CCCTCCTTCTACTCAT-r17,5638,mixed,Murray_r17,4.38206521287196,130,160,130-170,130-170,,2193,,10.6234070560422,6.2459680642483,-2.52933652442422,-2.61218360080331,8.78887553676163,5.10280533457478,3.60870026609394,1,160,0.019128483,7.760566,8.673438
Selection 2,TCGTACCCAGACTCGC-r17,TCGTACCCAGACTCGC-r17,3150,mixed,Murray_r17,2.44829822996571,170,165,130-170,170-210,,1470,,12.6906477893991,8.18274575678365,-1.25314206772183,-2.03802784343704,9.92693502146837,5.95244742049621,3.5178958926654,1,165,0.015239685,7.7965856,9.179114
Selection 2,GCGACCAGTAGCTTGT-b01,GCGACCAGTAGCTTGT-b01,1740,mixed,Murray_b01,1.35239330798106,190,165,130-170,170-210,ABarpapap/ABplaaaap,879,,12.6830728831393,8.10963580709861,-1.47946986604893,-1.7460179848448,10.7838975611799,7.28952494616406,5.6156872605824,1,165,0.018478071,7.7982616,9.548751
Selection 2,TATCAGGCAAGAAAGG-r17,TATCAGGCAAGAAAGG-r17,1893,mixed,Murray_r17,1.47131065057939,170,170,170-210,170-210,,1011,,11.4843183363065,7.75509981115868,-0.89514048675446,-1.36169256711515,9.60006708005472,6.47965680537078,4.68754429533,1,170,0.024972554,7.6705866,8.791975
Selection 2,AGTAGTCGTAAACCTC-r17,AGTAGTCGTAAACCTC-r17,1151,mixed,Murray_r17,0.894600400854136,160,185,170-210,130-170,,669,,10.3385543430469,6.87667872900951,-1.55442705159415,-1.86774420972275,8.53283822738739,5.3879713558308,3.63718610112066,1,185,0.032617692,7.865923,8.267358
Selection 2,GTGAAGGAGCTAAGAT-r17,GTGAAGGAGCTAAGAT-r17,3233,mixed,Murray_r17,2.51280894523147,170,170,170-210,170-210,,1497,,9.56045613054931,5.48718756879042,-1.62123824526088,-1.94916265148552,7.14307642089299,4.65065587789127,3.84236993284049,1,170,0.013886713,7.631153,9.178132
Selection 2,CCAATCCAGGTGGGTT-r17,CCAATCCAGGTGGGTT-r17,1414,mixed,Murray_r17,1.09901387211794,170,160,130-170,170-210,ABalppppp/ABpraaapp,853,,13.8405339205694,9.88075775864169,-0.891613628543292,-1.57087770054242,13.0489526387076,9.20062769714735,6.9853068463707,1,160,0.016456524,7.7642503,8.844222
Selection 2,CGTCAGGTCGCTAGCG-r17,CGTCAGGTCGCTAGCG-r17,1536,mixed,Murray_r17,1.19383685118328,230,300,270-330,210-270,ABalpppppa/ABpraaappa,906,Neuroblast_ADF_AWB,12.3487377169312,10.7051400925493,2.05075865856797,0.907053300169478,11.0224431180541,8.35293216534315,5.47905402441874,1,300,0.011712743,7.7591434,8.815557
Selection 2,TGTGGTAAGGGTTCCC-b01,TGTGGTAAGGGTTCCC-b01,842,mixed,Murray_b01,0.6544340030575,210,170,170-210,210-270,,511,,6.61661348259168,3.23176827575055,-1.43296262129913,-1.56938037552345,4.03706691598793,2.80014191183812,2.94492055262799,1,170,0.024269834,7.800916,9.613759
Selection 2,GGCTGGTAGGATGGTC-r17,GGCTGGTAGGATGGTC-r17,1913,mixed,Murray_r17,1.48685540124584,170,165,130-170,170-210,,1021,,11.8652368797998,7.71047240653218,-1.25240124571272,-1.85358126797402,9.88658354890978,6.72925245156843,5.22875341791612,1,165,0.017410975,7.8022914,8.793258
Selection 2,GGCGACTGTTCAGACT-r17,GGCGACTGTTCAGACT-r17,1321,mixed,Murray_r17,1.02673078151895,230,350,330-390,210-270,ABalpppapav/ABpraaaapav,755,AFD,10.4156582614546,7.0530845151481,-1.58521656443274,-1.8242320693358,8.30108673304732,5.05930710166598,3.09784699237335,1,350,0.019336522,7.718892,8.556636
Selection 2,CTAATGGAGCCAACAG-r17,CTAATGGAGCCAACAG-r17,759,mixed,Murray_r17,0.589923287791737,170,500,450-510,170-210,ABpxaapapaa,544,AWA,10.7670327973907,8.12621658519223,-1.08658866100694,-1.11970704613748,10.4656563348131,7.69871133031225,5.99583393408469,1,500,0.042816337,7.6968274,8.399524
Selection 2,CTCGAAAGTCACCTAA-r17,CTCGAAAGTCACCTAA-r17,1120,mixed,Murray_r17,0.87050603732114,170,165,130-170,170-210,,746,,11.6101373321384,7.32633412769275,-2.62501741893247,-2.8548601829622,10.2837277977435,6.22152519156165,4.5304606609789,1,165,0.021912785,7.758086,8.410917
Selection 2,CTTAACTAGTACACCT-b01,CTTAACTAGTACACCT-b01,1414,mixed,Murray_b01,1.09901387211794,230,185,170-210,210-270,,824,,4.30808716241965,0.959455294338972,-2.57697708216217,-2.39298418798189,1.6394452823622,0.826392385519665,1.34907276213025,1,185,0.02048366,7.6702957,9.400952
Selection 2,CCTTCCCGTACAGTTC-r17,CCTTCCCGTACAGTTC-r17,6539,mixed,Murray_r17,5.08235623039548,160,160,130-170,130-170,,2428,,11.4617461191891,6.50455929924144,-2.21715706830127,-2.56881942878133,8.82131387216654,5.38850407912011,4.02549162407072,1,160,0.013159692,7.810662,9.361881
Selection 2,CGATTGAGTGGAAAGA-b01,CGATTGAGTGGAAAGA-b01,1030,mixed,Murray_b01,0.80055465932212,170,350,330-390,170-210,,682,,7.95727617165062,5.01785725668882,-0.294531599388201,-0.406709885274455,6.54615005015475,5.90930587379969,6.00333584077311,1,350,0.04903,7.675168,9.053115
Selection 2,CTGATAGAGCGTAATA-r17,CTGATAGAGCGTAATA-r17,3348,mixed,Murray_r17,2.60219126156355,170,160,130-170,170-210,,1504,,12.0362134295571,7.52275117998124,-1.82885579494002,-2.34290333871968,9.39582988972866,5.6128763478694,3.4003787890384,1,160,0.016868891,7.8284755,8.895303
Selection 2,TAGTTGGGTCACTTCC-b01,TAGTTGGGTCACTTCC-b01,2096,mixed,Murray_b01,1.62908986984385,190,160,130-170,170-210,ABpxaapaa,1056,,11.0645891062453,6.21835623836276,-1.27262397466607,-1.41323165488472,8.07049499249084,5.94980912890589,5.08532596558247,1,160,0.015356985,7.813041,9.47246
Selection 2,TGCCCATGTACACCGC-b02,TGCCCATGTACACCGC-b02,1527,mixed,Murray_b02,1.18684171338338,170,190,170-210,170-210,ABalppppa/ABpraaapa,950,,6.40058930514271,2.36144986857774,-2.35471793000626,-2.0913526641656,3.41474854340142,2.611627807323,3.26352517750303,1,190,0.022180643,7.8237524,9.362618
Selection 2,TACGGATTCCTGTAGA-r17,TACGGATTCCTGTAGA-r17,950,mixed,Murray_r17,0.738375656656325,180,175,170-210,170-210,,610,,9.6693300257349,6.77382242445168,0.131981385198941,-0.223531452992428,8.0359024322841,5.6347084885327,3.97100261517381,1,175,0.008615317,7.8445964,9.398162
Selection 2,CTGTGCTCATCACGAT-r17,CTGTGCTCATCACGAT-r17,1089,mixed,Murray_r17,0.846411673788145,160,260,210-270,130-170,ABalpppppp/ABpraaappp,704,Neuroblast_ASE_ASJ_AUA,9.04781755339364,6.07922912252885,-1.81959441011105,-1.72879994099419,7.45586462133189,4.63293135052432,2.98859267248288,1,260,0.03298174,7.6312084,8.31298
Selection 2,CAGCGACGTGGTAACG-r17,CAGCGACGTGGTAACG-r17,3427,mixed,Murray_r17,2.66359302669603,160,170,170-210,130-170,,1499,,11.7227200919557,6.80460266163231,-2.68454497868764,-3.08316370441471,8.99380150699965,4.99505832961781,3.03355097194648,1,170,0.008101855,7.8571715,9.603853
Selection 2,AACCGCGTCCAAAGTC-r17,AACCGCGTCCAAAGTC-r17,1473,mixed,Murray_r17,1.14487088658396,210,230,210-270,210-270,ABalpppppp/ABpraaappp,907,,10.5187800645541,7.14413305344949,-2.06110429010812,-1.89390082035063,9.2704939581397,5.53579082320598,3.07050485258062,1,230,0.019902747,7.6483808,8.523159
Selection 2,CGCTGGACAATGGAGC-b01,CGCTGGACAATGGAGC-b01,2145,mixed,Murray_b01,1.66717450897665,200,640,580-650,170-210,ABalppppppaa/ABpraaapppaa,1174,ASER,3.59969089094819,1.42882763822909,-1.54705571375978,-1.62789840159202,2.83159407436461,1.64103436290767,1.31587667955618,1,640,0.039106715,7.861663,9.160674
Selection 2,AAAGTAGCATGATCCA-r17,AAAGTAGCATGATCCA-r17,729,mixed,Murray_r17,0.566606161792064,170,175,170-210,170-210,,477,,10.8993020744983,6.71555764726118,-2.32693965873545,-2.49449002190175,9.36288309155179,5.58804175484321,3.77558184452649,1,175,0.013090714,7.7075734,8.783172
Selection 2,ATGGGAGCAGATGAGC-r17,ATGGGAGCAGATGAGC-r17,6082,mixed,Murray_r17,4.72715867766712,160,165,130-170,130-170,ABpraaa/ABalppp,2273,,14.2165453209752,9.82768992920158,-0.946705756729143,-2.03756763443495,12.3035487503181,7.48827274625451,4.92589646113154,1,165,0.009433875,7.8701086,9.505259
Selection 2,TCACGAAAGTGGCACA-r17,TCACGAAAGTGGCACA-r17,1458,mixed,Murray_r17,1.13321232358413,170,170,170-210,170-210,ABpxaapap,883,,12.5556381847845,8.58603727622926,-1.62513967243374,-1.9746041136577,10.9529937440548,6.94186144134229,4.27894736971865,1,170,0.018671047,7.797957,8.309868
Selection 2,GTCTTCGCACTTCGAA-r17,GTCTTCGCACTTCGAA-r17,3306,mixed,Murray_r17,2.56954728516401,190,160,130-170,170-210,ABpxaapap,1521,,10.2513979211993,6.09369732704763,-1.87408338261442,-2.34854957624536,7.53185625032274,4.14109784225813,2.49846777645657,1,160,0.019630395,7.896569,8.648765
Selection 2,GAGTCCGAGACAGAGA-r17,GAGTCCGAGACAGAGA-r17,6714,mixed,Murray_r17,5.21837279872691,170,160,130-170,170-210,,2510,,12.2414740535578,8.85232846703276,-0.926384263780502,-1.39149442595572,11.4756428083705,7.90553012025893,5.89224527435625,1,160,0.032965627,7.797705,8.311216
Selection 2,ACAGCTAGTCTCCACT-r17,ACAGCTAGTCTCCACT-r17,3398,mixed,Murray_r17,2.64105313822967,160,170,170-210,130-170,,1550,,11.7860013620363,7.31920983721636,-1.73539079489009,-2.28097841261548,9.10203619566852,5.35362425037831,3.30967943106738,1,170,0.016983462,7.7792554,8.758789
Selection 2,CCACGGAGTGATAAAC-r17,CCACGGAGTGATAAAC-r17,980,mixed,Murray_r17,0.761692782655998,210,160,130-170,210-270,ABpxpppaap,622,,8.6661064609612,6.24492893989011,-0.0964534186547626,-0.0116341949414106,7.19022218957353,6.56261941114225,6.14848872839714,1,160,0.045423128,7.4289236,8.642785
Selection 2,GGACAGACATGCTAGT-b02,GGACAGACATGCTAGT-b02,1521,mixed,Murray_b02,1.18217828818344,170,450,450-510,170-210,ABalpppppppa/ABpraaappppa,878,ASJ,6.34585623463193,1.79717406274944,-3.44006607972679,-3.05644442930963,2.87223010974434,1.56396275907305,1.97900407029187,1,450,0.040860534,7.437424,8.754354
Selection 2,GACGTGCCACATTTCT-r17,GACGTGCCACATTTCT-r17,4637,mixed,Murray_r17,3.60405044201619,160,170,170-210,130-170,ABalppppp/ABpraaapp,1993,,12.3055163485332,8.07359615508022,-2.28929068218176,-2.42589363825411,10.6550444049287,5.97616187101246,3.31090002003884,1,170,0.013771167,7.456815,8.761201
Selection 2,TTGAACGCACCAGGTC-b01,TTGAACGCACCAGGTC-b01,1809,mixed,Murray_b01,1.40602269778031,200,490,450-510,170-210,ABpxpaappaa,1012,ASH,6.40225754243266,4.37188582649301,-1.18817791544133,-1.34211609701658,6.27144131696763,4.05010815462093,2.95169839105736,1,490,0.07221649,7.4523697,8.78665
Selection 2,ACAGCCGAGCGATATA-b02,ACAGCCGAGCGATATA-b02,965,mixed,Murray_b02,0.750034219656161,160,190,170-210,130-170,,649,,7.31227345669171,4.04900427552889,-1.406390151796,-1.39861337412307,5.75586566883363,5.10826457632518,5.68705881432092,1,190,0.055847228,7.452933,8.600147
Selection 2,TTCGAAGAGCTACCGC-b01,TTCGAAGAGCTACCGC-b01,1084,mixed,Murray_b01,0.842525486121532,170,700,> 650,170-210,ABalppppaad/ABpraaapaad,697,ADL,5.45388763714383,2.9262767258829,-1.77874374410829,-1.46023294302356,4.94112454045,4.03107516349857,4.41363555944695,6,700,0.1475701,7.325868,7.507977
Selection 2,GGGAATGAGTGGTAAT-r17,GGGAATGAGTGGTAAT-r17,523,mixed,Murray_r17,0.40649522992764,400,700,> 650,390-450,ABalppppaad/ABpraaapaad,408,ADL,6.01847669481382,5.48636566853837,0.948803767710164,0.451044881759348,6.63263368080259,5.10541496361554,4.39327831404372,6,700,0.077072814,7.341075,6.9379725
Selection 2,TCGTAGAAGAAGGCCT-r17,TCGTAGAAGAAGGCCT-r17,760,mixed,Murray_r17,0.59070052532506,350,775,> 650,330-390,ABalpppapav/ABpraaaapav,532,AFD,7.28121302950249,5.93139643061796,-1.9783485869295,-1.57344541934245,7.38192993267928,4.50175546362433,2.53271511219036,6,775,0.070746884,7.35027,7.095803
Selection 2,TCATTACTCCCACTTG-b01,TCATTACTCCCACTTG-b01,2313,mixed,Murray_b01,1.79775041457482,200,190,170-210,170-210,,1219,,5.00610816806345,1.92094077937847,-2.21733588934636,-2.33195892868953,3.34622769238893,1.98670938986696,2.27172887722312,6,190,0.07696708,7.363057,7.78645
Selection 2,GGAATAAAGTATTGGA-r17,GGAATAAAGTATTGGA-r17,1553,mixed,Murray_r17,1.20704988924976,270,275,270-330,270-330,,894,,6.09781135874082,3.57640895488887,-1.87441926061116,-1.76093781567818,4.07067530336977,2.28771612575797,1.65939048782798,6,275,0.032551274,7.3786354,7.9660397
Selection 2,GTGAAGGCAGCTGCTG-r17,GTGAAGGCAGCTGCTG-r17,1012,mixed,Murray_r17,0.786564383722316,260,285,270-330,210-270,ABalppppppp/ABpraaapppp,656,Neuroblast_ASJ_AUA,8.6783108969203,7.46078282465372,0.768701785096693,0.129664555871462,8.45187085416155,6.33380386740132,4.70624493030904,6,285,0.06298162,7.3818846,7.2247467
Selection 2,ATCTGCCGTATCACCA-r17,ATCTGCCGTATCACCA-r17,1601,mixed,Murray_r17,1.24435729084924,260,310,270-330,210-270,ABalpppppa/ABpraaappa,884,AFD,7.66954158912565,4.5699694034012,-1.70063882442998,-2.21895591340096,5.19710711868135,2.73730284416993,1.9619361715535,6,310,0.027027287,7.531909,7.8706303
Selection 2,TAAGAGATCGATCCCT-b01,TAAGAGATCGATCCCT-b01,2112,mixed,Murray_b01,1.64152567037701,290,620,580-650,270-330,ABpxpaaaaap,1226,AWC,4.50924242530698,2.46169550309773,-1.72677503686613,-1.78237244584237,4.53408224647786,3.86502992594212,4.59964383625047,6,620,0.117579274,7.4284964,7.304828
Selection 2,CTCTGGTTCCAGGGCT-r17,CTCTGGTTCCAGGGCT-r17,1083,mixed,Murray_r17,0.84174824858821,320,265,210-270,270-330,,695,,6.90142692514857,6.17048635272668,-0.544477144552687,-1.03408550336096,6.99136697459163,3.89412047304226,1.9762448087552,6,265,0.08043662,7.410827,7.312624
Selection 2,TACTCATTCACATACG-r17,TACTCATTCACATACG-r17,2274,mixed,Murray_r17,1.76743815077524,270,275,270-330,270-330,,1188,,8.1917836087153,5.79707797721841,-0.832320950223334,-1.06532542983204,6.88829902828305,4.48488688989537,3.2758874655612,6,275,0.028806632,7.4668717,7.8162465
Selection 2,TGAGGGATCCTCATTA-r17,TGAGGGATCCTCATTA-r17,4630,mixed,Murray_r17,3.59860977928293,170,415,390-450,170-210,ABalppppppaa/ABpraaapppaa,2074,ASE,6.40197155404647,4.63047574480521,-2.31249140508722,-2.75899041128386,6.96298821132483,2.65888662098781,0.304428600335449,6,415,0.11274166,7.4534006,7.510397
Selection 2,TCGCGAGCAACTGGCC-b01,TCGCGAGCAACTGGCC-b01,1665,mixed,Murray_b01,1.29410049298187,200,260,210-270,170-210,,934,,6.27107076330187,2.94906562755477,-2.23385519894356,-2.09744225665723,3.45633007683173,2.13727220428429,1.89443595044115,6,260,0.060232714,7.3900867,7.8081274
Selection 2,TTGTAGGGTCTTCTCG-r17,TTGTAGGGTCTTCTCG-r17,3295,mixed,Murray_r17,2.56099767229746,170,390,390-450,170-210,ABpxaapapaa,1577,AWA,9.36519138666504,6.43679654421272,-2.93437177624183,-2.94393743893728,10.2907143580262,5.81446860252085,4.33800824253662,6,390,0.06886605,7.5363073,7.6358137
Selection 2,CAAGATCTCTTTAGGG-r17,CAAGATCTCTTTAGGG-r17,2084,mixed,Murray_r17,1.61976301944398,280,270,270-330,270-330,,1096,,7.08270881124548,5.04047990606943,-2.3584813154967,-2.31575922426762,6.1091360136425,2.89137715604446,1.28055017591219,6,270,0.04644057,7.3857303,7.5477343
Selection 2,CAAGGCCGTCTGATCA-b01,CAAGGCCGTCTGATCA-b01,969,mixed,Murray_b01,0.753143169789451,270,450,450-510,270-330,ABalppppppaa/ABpraaapppaa,655,ASE,1.15717758563674,0.346541129643224,-0.979192399683487,-0.154995928426276,1.64737826773079,2.63987653945774,3.59089177260147,6,450,0.10811139,7.5215464,7.1894383
Selection 2,AAATGCCGTGCAGACA-r17,AAATGCCGTGCAGACA-r17,1028,mixed,Murray_r17,0.799000184255475,300,245,210-270,270-330,,660,,9.626235301509,8.13444759738765,1.28033031029436,0.674775724458182,9.26324533700062,7.42746606712822,6.25341482370956,6,245,0.059990287,7.4854593,7.4561796
Selection 2,AGATCTGGTCAACTGT-r17,AGATCTGGTCAACTGT-r17,910,mixed,Murray_r17,0.707286155323427,160,160,130-170,130-170,,576,,12.8254741120705,10.0434513119685,-0.748034010627626,-0.798660792380816,12.9930277125929,8.90607092328162,6.00011469438349,6,160,0.05787966,7.5518384,7.4515176
Selection 2,TTGACTTAGCTAGTTC-b01,TTGACTTAGCTAGTTC-b01,1187,mixed,Murray_b01,0.922580952053744,230,585,580-650,210-270,ABpxaapapppa,712,ASI,1.5310179492729,-0.146704305355451,-2.70812427548648,-2.59955148568754,0.825441172558916,-0.528912702678203,-0.568618047129522,6,585,0.1119354,7.396228,7.0238614
Selection 2,TGCGCAGCACTGAAGG-r17,TGCGCAGCACTGAAGG-r17,728,mixed,Murray_r17,0.565828924258741,200,330,330-390,170-210,ABalppppppp/ABpraaapppp,541,Neuroblast_ASJ_AUA,6.99005893855562,4.77072870357866,-1.15618675146391,-1.45318370944606,5.38948144181844,3.60030084601844,2.66032302197399,6,330,0.08254409,7.5565724,7.0189342
Selection 2,GTATTCTCAATAGCGG-r17,GTATTCTCAATAGCGG-r17,1213,mixed,Murray_r17,0.942789127920128,300,285,270-330,270-330,ABalpppapa/ABpraaaapa,729,Neuroblast_AFD_RMD,6.67854199540823,5.30616511314425,-1.39175183904612,-1.15046267894066,6.83285783004796,4.38989896947164,3.19886236155957,6,285,0.09616101,7.6708207,7.5375266
Selection 2,TACGGATTCACGCATA-r17,TACGGATTCACGCATA-r17,1129,mixed,Murray_r17,0.877501175121043,170,170,170-210,170-210,,687,,9.51269003290222,6.02341530182452,-2.00056044351143,-2.11001171893108,8.00959329022807,5.10785474412563,3.94436872271941,6,170,0.061681956,7.800511,7.64403
Selection 2,CATCAAGAGAACAACT-r17,CATCAAGAGAACAACT-r17,717,mixed,Murray_r17,0.557279311392194,170,670,> 650,170-210,ABalppppaad/ABpraaapaad,538,ADL,4.00952867037511,3.78731734553987,-0.0157437833450075,-0.470388656030785,5.78937230837927,4.33356565494686,3.74959103163594,20,670,0.2926709,7.773497,7.148998
Selection 2,AGTGTCATCTTACCTA-r17,AGTGTCATCTTACCTA-r17,1048,mixed,Murray_r17,0.814544934921924,260,230,210-270,210-270,ABpxpaapp,716,,8.40829389673381,6.54744874068976,-0.114594643665986,-0.783264355286989,7.1912007124094,4.72307115757296,3.26633240548419,6,230,0.048677947,7.63653,7.3409677
Selection 2,GATGAAAGTGCGATAG-r17,GATGAAAGTGCGATAG-r17,1589,mixed,Murray_r17,1.23503044044937,170,170,170-210,170-210,,919,,9.36006170978412,5.62470055941641,-1.64890499442834,-1.876667291102,7.31249043606674,4.65666488895232,3.51452363303053,6,170,0.066199906,7.65154,7.577652
Selection 2,GATGAAAGTAAATGTG-r17,GATGAAAGTAAATGTG-r17,3201,mixed,Murray_r17,2.48793734416515,300,520,510-580,270-330,ABpxpaaaaap,1678,AWC,4.72423410229973,3.55643393955293,-0.979652836446913,-1.12869288749606,4.54297217585752,3.069717265589,2.74907756155629,6,520,0.10678984,7.699667,7.0863485
Selection 2,TGCGTGGTCCTCTAGC-r17,TGCGTGGTCCTCTAGC-r17,1658,mixed,Murray_r17,1.28865983024862,260,270,270-330,210-270,,968,,7.1363607554181,5.12781880991071,-1.20213375947353,-0.989254529487491,5.76524923301131,3.50985618649748,2.21598623526069,6,270,0.039924826,7.5949564,7.4752836
Selection 2,TCTTTCCGTCCGTGAC-b01,TCTTTCCGTCCGTGAC-b01,5462,mixed,Murray_b01,4.2452714070072,190,550,510-580,170-210,ABpxaapapap,2287,ASG,5.09853519483864,1.83058337956714,-2.86247535058532,-2.65245254546985,3.24649305751973,2.10607839439422,2.67272585432568,6,550,0.08258218,7.7236285,7.501144
Selection 2,GTGCATATCTTGTATC-b01,GTGCATATCTTGTATC-b01,1044,mixed,Murray_b01,0.811435984788635,230,285,270-330,210-270,ABpxpaapp,643,,6.19174875327426,3.42683675539487,-1.52795683741498,-1.73537655007296,3.56893881335121,2.0033438877414,1.63722451735507,6,285,0.02607525,7.80984,7.8650846
Selection 2,TAGGCATCAATACGCT-r17,TAGGCATCAATACGCT-r17,3801,mixed,Murray_r17,2.95427986415862,170,220,210-270,170-210,,1773,,9.73292485680702,7.19422143152426,-0.144347380899705,-0.922704512915764,7.73564454882975,5.55924407191871,3.99231762171373,6,220,0.032960195,7.8926005,7.884148
Selection 2,ACACTGAGTTCGGGCT-r17,ACACTGAGTTCGGGCT-r17,2913,mixed,Murray_r17,2.26409293456829,270,620,580-650,270-330,ABalpppppap/ABpraaappap,1569,AWB,5.46449749874471,3.80924549509344,-1.61226331170975,-1.5196344540033,4.50101340352576,2.35421693316674,0.894017789028518,6,620,0.076254696,7.7438293,7.3420043
Selection 2,CAAGTTGCATTGCGGC-r17,CAAGTTGCATTGCGGC-r17,2717,mixed,Murray_r17,2.11175437803709,210,215,210-270,210-270,ABpxpaaapp,1381,,7.1036658044607,3.2369206118046,-2.90483744644458,-2.95634671913817,4.18779076743147,2.10360480660292,1.85882650528537,6,215,0.064657696,7.663832,7.408321
Selection 2,GTGGGTCAGATGCCAG-r17,GTGGGTCAGATGCCAG-r17,923,mixed,Murray_r17,0.717390243256618,170,235,210-270,170-210,,572,,8.39505983692794,5.80411107899161,-1.53711820013841,-1.56664396547096,7.36403419095654,4.99048638251894,3.69462975304445,6,235,0.093425535,7.5588927,7.073699
Selection 2,ACACCCTGTCCAGTGC-r17,ACACCCTGTCCAGTGC-r17,3119,mixed,Murray_r17,2.42420386643271,170,240,210-270,170-210,ABprpappa,1464,,9.26776542792659,6.2796303785705,-2.37645417218814,-2.05216901056811,8.66155386967059,4.9229424697871,2.99565030787294,6,240,0.05213337,7.720381,7.240536
Selection 2,TTGTAGGGTCTTCAAG-r17,TTGTAGGGTCTTCAAG-r17,3854,mixed,Murray_r17,2.99547345342471,180,260,210-270,170-210,ABprpappa,1787,,8.86787807189469,6.34437577112228,-0.928744857546519,-0.7381407820035,7.94273440535768,4.99443268674502,3.23461109071981,6,260,0.05495666,7.786333,7.217412
Selection 2,CATCGGGGTATGAATG-b01,CATCGGGGTATGAATG-b01,1509,mixed,Murray_b01,1.17285143778357,190,490,450-510,170-210,ABalpppppaa/ABpraaappaa,944,ADF,2.68043176719323,0.347184216448416,-2.99529317695539,-3.25239936204522,2.09847590915755,0.138266551688556,0.047623366107098,6,490,0.12360309,7.670183,7.03981
Selection 2,ACTTTCAGTACATCCA-b01,ACTTTCAGTACATCCA-b01,854,mixed,Murray_b01,0.66376085345737,290,455,450-510,270-330,ABalpppppppp/ABpraaappppp,532,AUA,5.98177482765834,4.7204494486211,-0.634021623266435,-1.10046796875368,6.31424645498748,4.17867699520363,4.03001401134907,6,455,0.08671305,7.6041493,7.0952106
Selection 2,CGGAGCTAGGGTATCG-r17,CGGAGCTAGGGTATCG-r17,905,mixed,Murray_r17,0.703399967656814,170,165,130-170,170-210,,614,,11.5188828740172,8.84367530703275,0.375278020135033,-0.0526854731071786,10.8620163290049,8.50760193351637,6.89643493259329,1,165,0.043672297,7.7258525,8.117037
Selection 2,CAAGGCCGTCCGACGT-r17,CAAGGCCGTCCGACGT-r17,1626,mixed,Murray_r17,1.2637882291823,260,290,270-330,210-270,ABalpppapa/ABpraaaapa,887,Neuroblast_AFD_RMD,8.59421054137554,6.72406555268503,0.204598662369538,-0.441671673709305,6.73532347515218,4.42256725470751,2.62530846757329,6,290,0.050690934,7.8072844,7.343186
Selection 2,CTGAAACCACATGTGT-r17,CTGAAACCACATGTGT-r17,2024,mixed,Murray_r17,1.57312876744463,200,550,510-580,170-210,ABpxppppa,1119,ASI,9.48715724846014,6.84548850271115,-0.739209169340096,-1.05115384770304,8.16709561747899,5.53602888628601,3.88533181415976,6,550,0.059842013,7.8446016,7.477104
Selection 2,CGACTTCCAGGACCCT-b01,CGACTTCCAGGACCCT-b01,2345,mixed,Murray_b01,1.82262201564114,270,450,450-510,270-330,ABalppppppaa/ABpraaapppaa,1246,ASE,1.06436356630323,-0.191692897333502,-2.14389770723938,-2.47050694843696,0.638163738355374,-0.544510390196385,-0.495138124200757,6,450,0.09412556,7.9133267,6.9681406
Selection 2,TCGGTAACAGGAATCG-r17,TCGGTAACAGGAATCG-r17,1283,mixed,Murray_r17,0.997195755252699,230,260,210-270,210-270,,826,,10.8021538904902,9.15757581131234,0.460606722108887,0.0481722443332647,11.1034438235125,8.1833408693824,6.36229387291642,6,260,0.056879528,7.8748403,7.170844
Selection 2,GCGGGTTAGCGACGTA-r17,GCGGGTTAGCGACGTA-r17,1359,mixed,Murray_r17,1.05626580778521,200,170,170-210,170-210,ABalppppp/ABpraaapp,790,,10.1578445460802,6.15463453692544,-2.97560883155642,-2.86168491364038,8.25898425664441,4.33988459164514,2.49144710913045,1,170,0.02311013,7.8080454,7.8858023
Selection 2,GACTAACGTTCGGGCT-r17,GACTAACGTTCGGGCT-r17,1040,mixed,Murray_r17,0.808327034655345,330,640,580-650,330-390,ABalpppapav/ABpraaaapav,661,AFD,7.26111814998575,6.78695369041884,-0.0489399515744731,-0.221908272042346,8.57463824047862,5.49969000742556,3.7672791084029,6,640,0.09450358,7.6594286,6.946735
Selection 2,CGTCTACCACCAACCG-r17,CGTCTACCACCAACCG-r17,1427,mixed,Murray_r17,1.10911796005113,340,390,390-450,330-390,ABalpppapav/ABpraaaapav,891,AFD,8.32702133574915,7.49647439392381,-0.0143254323897197,0.0212844585036132,8.82764326653059,6.31689730511387,4.19759178260923,6,390,0.118580274,7.5796695,6.928966
Selection 2,ACTGTCCAGTATCGAA-r17,ACTGTCCAGTATCGAA-r17,712,mixed,Murray_r17,0.553393123725582,210,670,> 650,210-270,ABalpppppaa/ABpraaappaa,471,ADF,9.09578494168776,7.05951038422223,-0.321667505093186,-0.768123273461009,8.39963031661352,5.02854959715673,3.08501439526743,6,670,0.072706036,7.617312,6.9361167
Selection 2,ACTGTCCTCAAGGCTT-r17,ACTGTCCTCAAGGCTT-r17,1561,mixed,Murray_r17,1.21326778951634,260,265,210-270,210-270,,858,,10.3980903909243,8.24438892171576,-1.76602593852807,-1.80231609279436,9.77221397671994,5.64055481706741,2.69691519312773,6,265,0.053929597,7.9099464,7.0976844
Selection 2,CTCTACGTCCTGCTTG-r17,CTCTACGTCCTGCTTG-r17,1305,mixed,Murray_r17,1.01429498098579,130,165,130-170,130-170,,742,,10.3686934861867,6.74167345135394,-0.910331308340986,-1.24374825280212,8.92510412846207,6.26387671690098,5.08058866239076,1,165,0.032500613,7.754592,8.248116
Selection 2,ATCTACTCAGTCACTA-r17,ATCTACTCAGTCACTA-r17,7100,mixed,Murray_r17,5.51838648658937,170,170,170-210,170-210,,2566,,10.3957547083999,6.30839320828938,-2.86472958135253,-2.83939656452812,8.67866874177877,4.98267025446608,3.3934915845089,1,170,0.031680744,7.8339033,8.214937
Selection 2,ACAGCTATCATCGATG-r17,ACAGCTATCATCGATG-r17,1599,mixed,Murray_r17,1.24280281578259,290,300,270-330,270-330,ABalppppppa/ABpraaapppa,941,ASE_parent,7.22383278529442,5.28443514552542,-1.76735502136606,-1.81796617969191,6.70646976991276,3.7238151761496,2.53035082745634,6,300,0.083518066,7.01116,6.9220386
Selection 2,GCAAACTTCCCGACTT-r17,GCAAACTTCCCGACTT-r17,553,mixed,Murray_r17,0.429812355927313,410,390,390-450,390-450,,423,ASG_AWA,6.67642158793608,6.0006332203747,-0.788244381691846,-0.585960701969223,8.53490048777058,5.25619026839056,3.13693254616809,6,390,0.065281905,6.9675045,7.083068
Selection 2,AGCCTAAAGCGATGAC-r17,AGCCTAAAGCGATGAC-r17,3090,mixed,Murray_r17,2.40166397796636,320,300,270-330,270-330,ABalppppppa/ABpraaapppa,1530,ASE_parent,5.76085351418091,4.656248746768,-1.64415132647155,-1.54631460408825,5.5944285558195,3.09934371531307,1.83077677488016,6,300,0.11322621,7.0598803,7.1355066
Selection 2,GTGCAGCGTGCAACTT-r17,GTGCAGCGTGCAACTT-r17,1512,mixed,Murray_r17,1.17518315038354,300,300,270-330,270-330,ABalppppppa/ABpraaapppa,897,ASE_parent,6.39753925559265,3.6914138728145,-2.47098395418484,-2.70020986299592,4.69688296071933,1.77889551948187,0.91377305215276,6,300,0.07900637,6.966507,7.083302
Selection 2,TACTCATGTACTTGAC-r17,TACTCATGTACTTGAC-r17,1440,mixed,Murray_r17,1.11922204798432,260,310,270-330,210-270,ABalppppppa/ABpraaapppa,829,ASE_parent,8.4294493552097,6.98558706210229,-0.574202649798961,-0.774592088654754,8.36786365360711,5.57191736865433,3.70253188273398,6,310,0.07708133,7.029141,7.007049
Selection 2,AGCATACGTAGGGACT-r17,AGCATACGTAGGGACT-r17,2384,mixed,Murray_r17,1.85293427944071,300,360,330-390,270-330,ABalpppppppa/ABpraaappppa,1299,ASJ,4.92159650672299,2.94170870440181,-2.64878981910469,-2.85130921116414,4.20016519134998,1.32948157937511,0.227296301017513,6,360,0.13969195,6.8938847,6.992029
Selection 2,TATTACCAGTTGAGTA-r17,TATTACCAGTTGAGTA-r17,1678,mixed,Murray_r17,1.30420458091507,260,270,270-330,210-270,,924,,7.5163399833124,4.57018508243918,-2.33076883637983,-2.47996993780821,5.61057196109514,2.75096487841392,1.64245986565851,6,270,0.03879029,7.1222534,7.631782
Selection 2,TTAGGCAGTCACCTAA-r17,TTAGGCAGTCACCTAA-r17,668,mixed,Murray_r17,0.519194672259395,150,640,580-650,130-170,ABalpppapppa/ABpraaaapppa,455,ASK,6.38013583437729,4.80663253632562,-0.252468478792851,0.11366405907723,6.99828504316017,5.89644479310573,5.3437883172015,6,640,0.13088132,7.123495,7.4240656
Selection 2,AGATCTGTCTGTCTCG-b01,AGATCTGTCTGTCTCG-b01,3496,mixed,Murray_b01,2.71722241649527,160,550,510-580,130-170,ABpxaapapppa,1788,ASI,3.91565935716071,0.688894097676061,-3.16717546997981,-3.07422500798468,3.1880313279241,1.45814994373307,1.76061598422797,16,550,0.19015136,7.128836,7.1145506
Selection 2,TTTACTGAGTGGGCTA-r17,TTTACTGAGTGGGCTA-r17,743,mixed,Murray_r17,0.577487487258578,170,275,270-330,170-210,,536,,8.50454791003338,6.54102115661135,0.307993191517587,0.256485375263546,7.88613405187401,6.16341765063935,4.97827137090898,6,275,0.07689918,7.211955,6.9236135
Selection 2,CTCGGGATCGTCTGAA-b01,CTCGGGATCGTCTGAA-b01,530,mixed,Murray_b01,0.411935892660897,170,640,580-650,170-210,ABalppppaad/ABpraaapaad,394,ADL,4.02305230743408,1.64060566363362,-1.60918757429079,-1.32205044155909,3.86792227856865,3.32110873340687,4.15253940325527,6,640,0.10999675,7.229739,7.876532
Selection 2,GCGCAGTCAGTATGCT-b01,GCGCAGTCAGTATGCT-b01,520,mixed,Murray_b01,0.404163517327672,200,490,450-510,170-210,ABpxpaappaa,401,ASH,1.737428973366,0.352585400300736,-0.371578903880924,-0.355663574471188,1.34491871162295,1.88107581097616,3.1441456529843,6,490,0.10934508,7.139136,7.587403
Selection 2,AACCGCGTCGGACAAG-r17,AACCGCGTCGGACAAG-r17,663,mixed,Murray_r17,0.515308484592782,300,270,270-330,270-330,,488,,8.6662765641542,7.6406875635173,-0.409145598459118,-0.118930571461919,9.53511535730537,6.58151221141559,4.51638501736061,6,270,0.068266645,7.186374,6.91932
Selection 2,CTGTTTATCACTCCTG-r17,CTGTTTATCACTCCTG-r17,797,mixed,Murray_r17,0.61945831405799,290,245,210-270,270-330,,596,,8.81947497128011,7.80356699747873,0.970314255031311,0.0762410193331019,8.5393813038268,5.77709630706057,4.05758822235283,6,245,0.07221544,7.3071165,7.0549355
Selection 2,CATTATCCACGTCTCT-b01,CATTATCCACGTCTCT-b01,1451,mixed,Murray_b01,1.12777166085087,170,700,> 650,170-210,ABalppppaad/ABpraaapaad,931,ADL,3.47598243458868,0.537829549271806,-3.21002464833499,-2.14134365043797,3.86696773262996,2.22074590914664,1.84180049461174,20,700,0.27877674,7.283154,7.470115
Selection 2,CTCGTCAAGCTGAAAT-b02,CTCGTCAAGCTGAAAT-b02,713,mixed,Murray_b02,0.554170361258905,170,550,510-580,170-210,,505,,6.82628710294207,3.07394178505768,-2.35943779779967,-2.24058112634498,4.64733678273432,3.49375277644754,4.08434121179499,6,550,0.071096845,7.1971784,7.780982
Selection 2,GGGAATGAGCCGGTAA-r17,GGGAATGAGCCGGTAA-r17,714,mixed,Murray_r17,0.554947598792227,410,700,> 650,390-450,ABpxaapapaa,514,AWA,3.52267540345052,4.33409012420307,0.620228923715556,-0.409243022299445,5.0446293531782,3.48337879823586,2.76378277583975,6,700,0.09803561,7.3253675,7.3566165
Selection 2,ATAACGCAGCAGGCTA-400.2.2,ATAACGCAGCAGGCTA-400.2.2,1402,400_minutes,Waterston_400_minutes,1.08968702171807,380,365,330-390,330-390,ABpxaapappp,753,ASI_parent,-0.370423376461137,-1.53738079078522,-2.51984683212994,-3.29854356913527,-2.03846267306789,-3.13266832820307,-2.41863806524359,15,365,0.120605715,6.687745,4.133149
Selection 2,CGGTTAATCACTCCTG-r17,CGGTTAATCACTCCTG-r17,2892,mixed,Murray_r17,2.24777094636852,220,225,210-270,210-270,ABpxpaaaa,1363,,8.0993484690846,4.29656315791494,-2.97968429306496,-2.82832261199563,5.91586600895059,3.44834482491552,2.85462168503675,6,225,0.049795657,8.499043,6.693919
Selection 2,CGTCACTAGTGTCTCA-r17,CGTCACTAGTGTCTCA-r17,1917,mixed,Murray_r17,1.48996435137913,230,225,210-270,210-270,ABalppappa/ABarappppa,1016,,8.89753214079245,5.2229291198794,-3.15038865555392,-3.2791863800703,6.05736423051584,2.64007448878671,0.894158517416231,6,225,0.036481597,8.895129,6.757328
Selection 2,AAATGCCAGAAGGTGA-300.1.3,AAATGCCAGAAGGTGA-300.1.3,2083,300_minutes,Waterston_300_minutes,1.61898578191066,220,245,210-270,210-270,ABpxpaaaap,1100,,5.90630153722708,2.23074429950676,-3.56516556587931,-3.58623084953988,2.77388347268407,0.583529120170319,0.344397955480971,6,245,0.05580041,8.535628,6.726854
Selection 2,CCATTCGTCTTGCCGT-r17,CCATTCGTCTTGCCGT-r17,1760,mixed,Murray_r17,1.36793805864751,300,265,210-270,270-330,,1062,,5.36409642028202,3.31381193573743,-3.0661963973426,-2.62507367626135,4.49099192253355,2.01155401887351,0.976549650407216,6,265,0.048577257,8.634551,6.254439
Selection 2,GATTCAGTCATGTAGC-r17,GATTCAGTCATGTAGC-r17,1242,mixed,Murray_r17,0.965329016386479,260,210,210-270,210-270,,790,,8.96276209485159,5.66035747177987,-2.73254456301362,-2.66448805078706,7.09043050335879,4.02623400474678,2.61086877054831,6,210,0.041195776,8.631668,6.8677287
Selection 2,TCAGATGGTTGCGTTA-b02,TCAGATGGTTGCGTTA-b02,967,mixed,Murray_b02,0.751588694722806,190,260,210-270,170-210,,630,,5.51305118269738,1.82222018374111,-3.11587607310198,-2.78705535380178,2.87152363334929,1.66767964298821,2.12762272685389,4,260,0.051478516,8.79409,6.911871
Selection 2,TGCGGGTAGAGACTAT-b01,TGCGGGTAGAGACTAT-b01,1108,mixed,Murray_b01,0.861179186921271,210,260,210-270,210-270,,676,,5.67879712186854,3.10467270201338,-1.7616573691581,-1.61048606590671,4.03615841952984,3.63901472836898,4.47731916930695,4,260,0.053530928,8.910988,6.695781
Selection 2,CTGATAGCAGGCTGAA-r17,CTGATAGCAGGCTGAA-r17,2268,mixed,Murray_r17,1.76277472557531,300,245,210-270,270-330,,1206,,5.67840505280692,4.11322763664438,-2.10801625317418,-2.27731433846191,4.82064263659342,2.4588704820148,1.692994743504,6,245,0.048258703,8.708168,6.4807253
Selection 2,ATAGACCGTTGTCGCG-r17,ATAGACCGTTGTCGCG-r17,1815,mixed,Murray_r17,1.41068612298024,220,225,210-270,210-270,ABpxpaaaaa,1011,,8.2933261131814,5.41594217054962,-2.49380187175111,-2.39207928363308,6.68509205364649,3.54830878965343,1.88322271958754,6,225,0.049925257,8.664801,6.227159
Selection 2,CATCAAGCAGTGGGAT-r17,CATCAAGCAGTGGGAT-r17,1811,mixed,Murray_r17,1.40757717284695,190,230,210-270,170-210,ABpxpaapa,1002,,7.36697971573044,4.41093680775975,-2.15535871268625,-1.90096448463654,5.51710461093812,3.30491130227655,2.34232572471175,6,230,0.04782937,8.68001,6.77331
Selection 2,CACAAACGTGATGTGG-r17,CACAAACGTGATGTGG-r17,3086,mixed,Murray_r17,2.39855502783307,200,210,210-270,170-210,ABpxpaaaa,1440,,7.62838453122217,3.98462582202869,-2.54980027027089,-2.74999235568081,5.19603777672816,2.76246940987469,2.13978813799898,6,210,0.04218309,8.844449,6.570504
Selection 2,TACAGTGTCAAACCAC-r17,TACAGTGTCAAACCAC-r17,1874,mixed,Murray_r17,1.45654313744627,170,260,210-270,170-210,ABpxpaapaa,1076,,8.82953729050398,5.90205099823075,-1.96415976460348,-1.87086113068165,7.86984449763,5.13498326505078,3.76707207475294,6,260,0.0506067,8.528633,6.5915356
Selection 2,ATTCTACAGTCATGCT-r17,ATTCTACAGTCATGCT-r17,1702,mixed,Murray_r17,1.3228582817148,260,265,210-270,210-270,,974,,7.88937255856084,5.57845943904376,-1.60799963458257,-1.67704823461367,6.64859332087308,3.61330022983582,1.8541855642305,6,265,0.047419477,8.582512,6.2968135
Selection 2,TACGGATCACGACTCG-r17,TACGGATCACGACTCG-r17,1534,mixed,Murray_r17,1.19228237611663,230,260,210-270,210-270,ABpxpaapaa,876,,7.21857028376819,4.74798842671583,-2.42114821126365,-2.19075525267588,6.08213999367412,3.7445684888296,2.73701107488541,6,260,0.048096277,8.687025,6.2798576
Selection 2,GTCGGGTAGAATGTTG-400.2.1,GTCGGGTAGAATGTTG-400.2.1,1031,400_minutes,Waterston_400_minutes,0.801331896855443,270,270,270-330,270-330,ABalpppappp/ABpraaaappp,698,ASK_parent,4.33196466609333,2.32191146681645,-0.97260423601358,-1.21973402765492,1.76650810085448,0.878798423052081,0.940429236407471,15,270,0.08309454,7.6553936,5.1218762
Selection 2,TCGTAGACACAAGACG-b01,TCGTAGACACAAGACG-b01,2247,mixed,Murray_b01,1.74645273737554,230,390,390-450,210-270,ABalpppppa/ABpraaappa,1078,Neuroblast_ADF_AWB,4.0266665854424,1.0067414641497,-2.91632721439394,-3.25741318272585,0.827613067558435,-0.822889719829822,-0.706729246686679,15,390,0.057407904,7.6982555,5.5725555
Selection 2,AGTTGGTGTTTGTGTG-400.2.2,AGTTGGTGTTTGTGTG-400.2.2,1148,400_minutes,Waterston_400_minutes,0.892268688254169,230,290,270-330,210-270,ABpxaapappp,723,ASI_parent,4.47396882982351,2.02111306041564,-2.138321209225,-2.45728270593366,1.93620742969103,0.67098675532244,0.772683668843522,15,290,0.07329048,7.7148366,5.239234
Selection 2,CATTATCAGAAGCCCA-r17,CATTATCAGAAGCCCA-r17,3138,mixed,Murray_r17,2.43897137956584,200,245,210-270,170-210,ABpxpaapp,1591,,6.4292534067501,3.83701692060885,-2.27320548093628,-1.97526765400262,4.99014629903693,2.94906150571491,2.18558232536995,6,245,0.076167464,7.6992764,6.7780147
Selection 2,TGAGCCGCAGCGAACA-300.1.2,TGAGCCGCAGCGAACA-300.1.2,4231,300_minutes,Waterston_300_minutes,3.28849200348727,200,200,170-210,170-210,ABarpapaa/ABplaaaaa,1847,,7.91687758730526,3.52203963503209,-3.10705770066399,-3.58391033555333,3.50397530187073,0.984933133219241,0.198947224471252,15,200,0.031720612,7.751799,5.582375
Selection 2,TAAGAGAAGGCCGAAT-r17,TAAGAGAAGGCCGAAT-r17,1127,mixed,Murray_r17,0.875946700054398,260,275,270-330,210-270,,733,,6.5143126387504,4.5074709203176,-1.13695876105696,-0.89444601563294,5.63752911570992,3.76684561136052,2.99224895798081,6,275,0.071775876,7.772573,6.6218305
Selection 2,TGGTTAGGTGACAAAT-r17,TGGTTAGGTGACAAAT-r17,4760,mixed,Murray_r17,3.69965065861485,180,470,450-510,170-210,ABalppppaad/ABpraaapaad,1981,ADL,7.46692778723866,4.95542970224641,-2.95549584778557,-2.64881509855561,7.51136578894146,3.29699070705954,1.04244810399276,6,470,0.0652731,7.810912,6.8562765
Selection 2,CAGTCCTCAAACGCGA-r17,CAGTCCTCAAACGCGA-r17,2727,mixed,Murray_r17,2.11952675337031,210,210,210-270,210-270,ABpxppaaaap,1352,,7.18458714486537,4.92626717123269,-1.49448829295542,-0.590938979484022,6.2432688829168,4.35066678055609,3.00287887261092,6,210,0.06738012,7.856148,6.788065
Selection 2,AACCATGCAGTCTTCC-r17,AACCATGCAGTCTTCC-r17,555,mixed,Murray_r17,0.431366830993958,330,355,330-390,330-390,,399,,9.34971876715382,8.69380597779922,0.63896850685055,1.26402168726434,10.3437721734248,8.8017759006501,6.5677193995172,6,355,0.07203265,7.820161,6.8523374
Selection 2,CCTAGCTCATCATCCC-400.2.3,CCTAGCTCATCATCCC-400.2.3,1409,400_minutes,Waterston_400_minutes,1.09512768445133,260,270,270-330,210-270,ABalpppappp/ABpraaaappp,855,ASK_parent,4.71765752595803,2.29416812792923,-2.04301524430772,-2.55919177682264,1.40850394099863,-0.132457791289703,-0.177018418871309,5,270,0.07747054,7.8699455,5.310924
Selection 2,CGTCACTAGTGCGATG-r17,CGTCACTAGTGCGATG-r17,1771,mixed,Murray_r17,1.37648767151405,170,245,210-270,170-210,ABpxpaapa,988,,8.76718946222013,6.28251255940205,-2.23022124436959,-1.82515564977407,8.17671692132978,4.70712787018122,2.73904956926937,6,245,0.06954411,7.829861,6.5568337
Selection 2,ATAAGAGAGCTACCTA-b01,ATAAGAGAGCTACCTA-b01,2009,mixed,Murray_b01,1.5614702044448,290,450,450-510,270-330,ABalpppppap/ABpraaappap,1052,AWB,3.50828815814386,0.854308590498879,-2.75594370853639,-3.01040665627371,1.90533056620592,0.560382460819905,1.23621123372375,6,450,0.08107742,7.9405413,6.453305
Selection 2,ACTGAGTTCTTACCGC-r17,ACTGAGTTCTTACCGC-r17,2753,mixed,Murray_r17,2.1397349292367,170,260,210-270,170-210,,1242,,9.80526661800359,6.48886317876312,-2.93365730415129,-2.94011767877657,8.64840898965985,4.21372457606148,1.82750910680582,6,260,0.0697727,8.009028,6.5878644
Selection 2,CGTTGGGCACCGATAT-r17,CGTTGGGCACCGATAT-r17,892,mixed,Murray_r17,0.693295879723623,340,310,270-330,330-390,,595,,8.44948456598569,7.425727905764,-0.644865653018132,-1.08054412820892,8.90157022166743,5.55584702883537,3.41246102298812,6,310,0.06928373,8.073665,6.5479574
Selection 2,AGAATAGAGTGGGTTG-r17,AGAATAGAGTGGGTTG-r17,1344,mixed,Murray_r17,1.04460724478537,160,220,210-270,130-170,,777,,10.4337915588462,7.15124082530251,-2.01876320484907,-2.3071725389395,9.31583054657155,5.25662208751058,3.04469893984171,6,220,0.07779185,7.9640446,6.7234573
Selection 2,CGTGAGCCAAACGTGG-r17,CGTGAGCCAAACGTGG-r17,1721,mixed,Murray_r17,1.33762579484793,210,225,210-270,210-270,ABpxpaaaap,982,,9.24617448205485,6.40957176163249,-2.39892571804205,-2.4739999384289,8.20625653100283,4.30492093281189,2.43176107875336,6,225,0.0640834,8.047922,6.670939
Selection 2,GTTAAGCTCGTAGGAG-300.1.2,GTTAAGCTCGTAGGAG-300.1.2,1705,300_minutes,Waterston_300_minutes,1.32518999431477,270,270,270-330,270-330,ABalpppappp/ABpraaaappp,973,ASK_parent,3.72477264078949,0.761512025971916,-2.94333332676776,-3.09299426293576,0.274415306631498,-0.962919749954118,-0.499274418299911,15,270,0.081045695,8.094454,5.1350846
Selection 2,CGCGTTTTCAGTTGAC-r17,CGCGTTTTCAGTTGAC-r17,3695,mixed,Murray_r17,2.87189268562644,180,215,210-270,170-210,,1584,,9.62967087754287,6.5095434720136,-2.67320063798108,-2.71046679244991,8.66217083750932,4.49003966221043,2.40507075935854,6,215,0.06832405,8.060287,6.583582
Selection 2,AGGCCACCACAGCGTC-r17,AGGCCACCACAGCGTC-r17,2092,mixed,Murray_r17,1.62598091971056,350,230,210-270,330-390,,1186,,7.50595018744648,6.37169446938841,-0.940396735125711,-1.56881543081814,7.8380115134082,4.72866733869188,3.15244486234336,6,230,0.07439676,8.078275,6.5833364
Selection 2,TGACGGCCACAACGTT-400.2.2,TGACGGCCACAACGTT-400.2.2,1077,400_minutes,Waterston_400_minutes,0.837084823388275,260,275,270-330,210-270,ABpxaapappp,683,ASI_parent,5.20570771792222,2.14367549666905,-2.03246936947787,-2.44872180671785,1.58958530164087,0.186290689159411,0.128577767064959,15,275,0.063752286,8.059687,5.460827
Selection 2,CATTCGCCAAGCGTAG-r17,CATTCGCCAAGCGTAG-r17,1979,mixed,Murray_r17,1.53815307844512,200,260,210-270,170-210,ABpxpaaaap,1103,,8.03810478413694,4.87862292073865,-2.52126762201828,-2.37187022337312,6.63549200387325,3.64662412489245,2.57442633559116,6,260,0.06350923,8.0387125,6.781943
Selection 2,ATTACTCAGGGCATGT-r17,ATTACTCAGGGCATGT-r17,1983,mixed,Murray_r17,1.54126202857841,200,260,210-270,170-210,ABpxpaapa,1148,,7.65639822762027,4.91080103049391,-2.37452367142675,-1.48316790637884,6.45790510611657,4.44043657315238,3.36296790268765,6,260,0.06279115,8.078405,6.838064
Selection 2,AGTGTCAGTTCTGGTA-b01,AGTGTCAGTTCTGGTA-b01,3086,mixed,Murray_b01,2.39855502783307,200,470,450-510,170-210,ABalppppppaa/ABpraaapppaa,1563,ASE,2.58865532826193,0.467067813793681,-3.2122091698323,-3.17572031276752,2.05299417899299,0.114301537419772,0.0777757595303213,6,470,0.07377983,8.063552,6.679314
Selection 2,GGTATTGTCCTCCTAG-r17,GGTATTGTCCTCCTAG-r17,3426,mixed,Murray_r17,2.6628157891627,170,230,210-270,170-210,ABpxpaapa,1579,,8.82783055852955,6.06524764317327,-2.24337907541101,-2.02360174139117,7.94342868333618,5.39722558533812,4.02012730720115,6,230,0.06449805,8.028988,6.7587934
Selection 2,TCATTTGTCGGGAGTA-400.2.3,TCATTTGTCGGGAGTA-400.2.3,2636,400_minutes,Waterston_400_minutes,2.04879813783797,320,420,390-450,270-330,ABalpppppap/ABpraaappap,1262,AWB,2.76452002653262,2.68949343702639,-2.23760073889072,-2.58732623294276,3.20977349417855,-0.255811871614847,-2.12575458468548,6,420,0.077198245,8.038954,6.5574512
Selection 2,TTAGGCAGTATATCCG-b02,TTAGGCAGTATATCCG-b02,705,mixed,Murray_b02,0.547952460992325,200,270,270-330,170-210,ABalpppapp/ABpraaaapp,505,,4.0391792098429,0.641372707475097,-3.35891049941499,-2.91019587238509,1.66687437131975,1.10772613709806,2.48396586454557,5,270,0.081691444,8.044961,5.325803
Selection 2,TTGGCAAAGTTAGCGG-r17,TTGGCAAAGTTAGCGG-r17,2183,mixed,Murray_r17,1.6967095352429,200,245,210-270,170-210,,1115,,9.91266437208819,7.16758488729427,-2.4811494876225,-2.59261103502352,9.09523401853017,4.64216369656083,2.22474821355796,6,245,0.060615763,8.018202,6.5383687
Selection 2,TTCTCAATCCATGAAC-r17,TTCTCAATCCATGAAC-r17,1937,mixed,Murray_r17,1.50550910204558,260,285,270-330,210-270,ABpxpaaaap,1035,,9.11907494331956,6.46767701620693,-1.50373805200203,-1.6114828841297,8.23011352688685,5.08709102389186,3.67870680492031,6,285,0.064359106,8.013418,6.691141
Selection 2,AATCGGTAGATGTAAC-r17,AATCGGTAGATGTAAC-r17,934,mixed,Murray_r17,0.725939856123165,210,235,210-270,210-270,ABpxpaaaa,588,,8.55864510492496,5.37739717845064,-1.43670931591074,-1.83809329868913,6.00311854004092,3.21100388069159,1.79834642820265,6,235,0.064902656,8.098881,6.7118936
Selection 2,GTATCTTAGCAAATCA-r17,GTATCTTAGCAAATCA-r17,3420,mixed,Murray_r17,2.65815236396277,200,205,170-210,170-210,,1489,,9.19016695691215,5.98931650594388,-2.66695267210129,-2.73650898199531,7.59523186294917,3.50852554389515,1.3062936601929,6,205,0.055793967,8.155939,6.5751452
Selection 2,CATCAGAAGATGTAAC-r17,CATCAGAAGATGTAAC-r17,4136,mixed,Murray_r17,3.21465443782164,210,240,210-270,210-270,ABpxpaaaa,1738,,9.11048421339693,6.29377366352518,-2.76707549183177,-2.79854714470095,8.19387126278623,4.3427510842883,2.22725795069837,6,240,0.0615621,8.182314,6.622995
Selection 2,AGGTCATAGATGTAAC-r17,AGGTCATAGATGTAAC-r17,1004,mixed,Murray_r17,0.780346483455737,350,290,270-330,330-390,,640,,6.3601136484959,4.93552471097525,-1.53934905214661,-1.40620079511512,5.69757799852044,2.93974984598182,1.28050184425712,6,290,0.06623,8.170257,6.3489923
Selection 2,ATCCGAAAGCTAAACA-r17,ATCCGAAAGCTAAACA-r17,3508,mixed,Murray_r17,2.72654926689514,160,220,210-270,130-170,,1580,,9.3811797481355,5.72207672371909,-3.62874307619714,-3.47976598655342,7.91939013864493,3.67947564423175,1.79400191640292,6,220,0.066974156,8.139939,6.73554
Selection 2,CCCTCCTAGTATCGAA-r17,CCCTCCTAGTATCGAA-r17,1724,mixed,Murray_r17,1.3399575074479,220,230,210-270,210-270,ABpxpaaaa,968,,8.86193075135117,6.56085592403163,-1.22891973366016,-1.44810170099262,7.94918841284292,5.01015303860514,3.41896980376598,6,230,0.059712905,8.191857,6.6268554
Selection 2,CATTCGCTCGCCGTGA-r17,CATTCGCTCGCCGTGA-r17,1673,mixed,Murray_r17,1.30031839324845,220,245,210-270,210-270,ABpxpaaaa,971,,8.98546496628004,6.93067055905476,-0.63557016665459,-1.20392914106199,7.90562228568143,4.89626821880259,2.92262718957397,6,245,0.05900631,8.202906,6.542537
Selection 2,ATCCACCTCACGCATA-r17,ATCCACCTCACGCATA-r17,1683,mixed,Murray_r17,1.30809076858168,260,260,210-270,210-270,,1025,,8.67339489226122,6.35970654917754,-1.47337230994368,-1.69396456764752,7.56416797607855,4.22079892246525,2.13755958130291,6,260,0.051303778,8.372754,6.3607903
Selection 2,CTCACACGTACTCTCC-r17,CTCACACGTACTCTCC-r17,1390,mixed,Murray_r17,1.0803601713182,220,280,270-330,210-270,,863,,9.229153764447,7.85389998501794,0.331413116385395,0.55017241820291,9.70215639979682,7.4024284756525,5.63793708708934,6,280,0.06307881,8.204687,6.703216
Selection 2,GATGAGGTCGGTGTCG-r17,GATGAGGTCGGTGTCG-r17,3020,mixed,Murray_r17,2.34725735063379,230,245,210-270,210-270,,1436,,6.57667360699681,3.69038156902349,-3.21568568941588,-3.10691924325501,5.0252147116073,2.15769186099198,1.19570182217292,6,245,0.054846782,8.339261,6.2678914
Selection 2,GTACTTTCACATCCAA-r17,GTACTTTCACATCCAA-r17,2959,mixed,Murray_r17,2.29984586110112,210,240,210-270,210-270,ABpxpaaaa,1398,,8.43969393313089,5.4742248263035,-2.17912906724258,-2.47448849306653,6.40183927241005,3.35395614877445,1.75146373284955,6,240,0.052932978,8.387216,6.5014358
Selection 2,AACTCAGAGTGTACCT-r17,AACTCAGAGTGTACCT-r17,801,mixed,Murray_r17,0.62256726419128,260,225,210-270,210-270,,504,,9.50228274306449,7.36525130277241,-0.936081426451731,-1.52659293125479,8.49032866403468,5.32590956244012,3.31082953034659,6,225,0.058333658,8.277316,6.8616076
Selection 2,AACTCAGGTTGGTAAA-r17,AACTCAGGTTGGTAAA-r17,1769,mixed,Murray_r17,1.37493319644741,200,260,210-270,170-210,ABpxpaaaa,942,,8.76419550039153,5.7408230891389,-2.03775240680848,-2.1204831530833,6.52762545295907,3.13788360158289,1.03344536953389,6,260,0.055800702,8.28432,6.52858
Selection 2,CGGACACAGTATCTCG-b01,CGGACACAGTATCTCG-b01,797,mixed,Murray_b01,0.61945831405799,270,640,580-650,270-330,ABpxaapapppa,552,ASI,2.47131680946313,3.01076137089797,2.58270652549055,1.35693579329937,2.11929525895909,2.89265227372366,3.32828679074241,4,640,0.07205734,8.438916,6.863521
Selection 2,GCATGTAAGTGGGCTA-r17,GCATGTAAGTGGGCTA-r17,3211,mixed,Murray_r17,2.49570971949838,220,235,210-270,210-270,ABpxpaaaa,1566,,8.53419367749713,5.33807078092362,-2.94974562173162,-2.88404349871245,7.28255732605914,3.73537273027394,2.23526234701813,6,235,0.059242316,8.315468,6.4555826
Selection 2,GTGCTTCGTTCCACGG-r17,GTGCTTCGTTCCACGG-r17,2992,mixed,Murray_r17,2.32549469970076,190,260,210-270,170-210,ABpxpaaaa,1407,,7.85244469779541,4.6717339165122,-2.26806785474277,-2.39778638204933,5.83110846917055,3.00984153408652,1.90360942359501,6,260,0.047938917,8.429592,6.8720036
Selection 2,CAGCTAAGTGCACTTA-r17,CAGCTAAGTGCACTTA-r17,3988,mixed,Murray_r17,3.09962328288992,190,220,210-270,170-210,ABpxpaaaa,1832,,8.959998612025,5.7392842865243,-2.689769672988,-2.68092987239303,7.60178536219779,4.15150472711061,2.52258324934792,6,220,0.059569165,8.282558,6.4891996
Selection 2,GATCGCGAGCTGAACG-400.2.3,GATCGCGAGCTGAACG-400.2.3,1142,400_minutes,Waterston_400_minutes,0.887605263054234,210,585,580-650,210-270,ABalpppapp/ABpraaaapp,712,AFD,7.64413252396405,4.13784344840746,-2.59101550655804,-2.65859635242747,4.26759167960169,1.49248576684389,0.126594695166763,5,585,0.036522187,8.299652,6.0393987
Selection 2,GCATGATGTGCTGTAT-r17,GCATGATGTGCTGTAT-r17,3602,mixed,Murray_r17,2.79960959502745,200,260,210-270,170-210,ABpxpaaaa,1622,,8.97231031413449,5.83689372472252,-2.98710363742121,-2.75356685198868,7.48460934365334,3.70653341121387,1.55449051625431,6,260,0.05906353,8.265252,6.596503
Selection 2,ACGCCGACATACAGCT-r17,ACGCCGACATACAGCT-r17,3777,mixed,Murray_r17,2.93562616335888,210,260,210-270,210-270,ABpxpaapa,1760,,10.5230938553135,8.77359834333374,-0.333723860764041,-0.835328970086313,10.2904096267308,7.38274380130832,5.03816454795839,6,260,0.062326264,8.249013,6.5846043
Selection 2,GGCAATTCAATAGAGT-b01,GGCAATTCAATAGAGT-b01,2056,mixed,Murray_b01,1.59800036851095,230,220,210-270,210-270,,1112,,5.86499953818564,3.25134245048648,-1.7762691179216,-1.78234246921575,4.04015120231819,3.17255542077355,3.18786968565401,4,220,0.07752525,8.415804,6.908143
Selection 2,CACCACTCAGCTTAAC-b01,CACCACTCAGCTTAAC-b01,1453,mixed,Murray_b01,1.12932613591752,370,490,450-510,330-390,ABalpppppap/ABpraaappap,885,AWB,1.97518716621073,0.51980802982474,-1.79707461907444,-1.46054360540529,2.21576525867493,2.37386540559407,3.63023041114162,6,490,0.11180822,6.8511553,6.3749595
Selection 2,ACAGCTATCTACTATC-b01,ACAGCTATCTACTATC-b01,1573,mixed,Murray_b01,1.22259463991621,200,550,510-580,170-210,ABalpppppap/ABpraaappap,878,AWB,4.15348717449511,1.9205259677648,-1.84975890425089,-1.8008339406702,3.73392825420944,2.60705674074097,2.7865262637249,6,550,0.10436915,6.927698,6.7226877
Selection 2,CCTTCCCGTAGATTAG-400.2.2,CCTTCCCGTAGATTAG-400.2.2,1322,400_minutes,Waterston_400_minutes,1.02750801905227,160,295,270-330,130-170,ABalaapap/ABalppaap,517,,7.31200032650012,5.74927094112186,-0.297243994049648,-0.0618975072685064,6.83164535846765,4.67278142464821,3.56214877418439,6,295,0.080079064,6.788894,6.630124
Selection 2,TTTGGTTAGTCCCACG-400.2.2,TTTGGTTAGTCCCACG-400.2.2,896,400_minutes,Waterston_400_minutes,0.696404829856912,300,300,270-330,270-330,ABpxaapappp,546,ASI_parent,5.06538638108999,2.69580862774015,-2.5010525943047,-2.29292701267278,2.35730159429565,0.374092973875952,-0.558411367349197,2,300,0.054811705,6.9132576,6.2935286
Selection 2,TGAGCCGCACGAGAGT-r17,TGAGCCGCACGAGAGT-r17,1447,mixed,Murray_r17,1.12466271071758,290,290,270-330,270-330,ABpxaapappp,924,ASI_parent,7.78571407710288,5.59629886647494,-2.18909565801891,-1.99092155753071,8.02088764026997,4.96830714185218,3.73467583633396,6,290,0.074052505,6.9282117,6.5081234
Selection 2,CGAGAAGAGTGGGATC-r17,CGAGAAGAGTGGGATC-r17,636,mixed,Murray_r17,0.494323071193076,360,360,330-390,330-390,,457,,6.42567841685163,7.00753239999695,0.133127392451878,-0.0426828812865424,7.87355261542512,4.17309188021067,1.24556085844965,6,360,0.094547234,6.775236,6.5618205
Selection 2,TCTGAGAAGGGAACGG-400.2.1,TCTGAGAAGGGAACGG-400.2.1,1268,400_minutes,Waterston_400_minutes,0.985537192252863,300,300,270-330,270-330,ABalppppppa/ABpraaapppa,714,ASE_parent,5.52342899956222,2.8051917219583,-2.73609237824815,-2.7207865547375,3.26487657365217,0.846001720614946,0.0514566002648807,2,300,0.06221965,6.8475714,6.6409454
Selection 2,TGCGTGGAGCAGCGTA-300.1.1,TGCGTGGAGCAGCGTA-300.1.1,1341,300_minutes,Waterston_300_minutes,1.0422755321854,350,340,330-390,330-390,ABpxaapappp,752,ASI_parent,-0.0763463948124893,-1.22181156642172,-2.41239631661904,-3.04547564196602,-2.09336758840519,-3.01774592137271,-2.13297687061744,5,340,0.09618833,6.9494467,5.3735957
Selection 2,GTGCAGCCATGCCTTC-b02,GTGCAGCCATGCCTTC-b02,1175,mixed,Murray_b02,0.913254101653875,230,270,270-330,210-270,ABpxaapappp,706,ASI_parent,4.04068760312402,1.15383054890141,-2.44154085783878,-2.40065111600562,1.38390864396991,0.80610113722587,1.73398526218443,15,270,0.065550655,7.394886,5.546316
Selection 2,CAGCCGACAGCTGTTA-400.2.2,CAGCCGACAGCTGTTA-400.2.2,1307,400_minutes,Waterston_400_minutes,1.01584945605244,300,295,270-330,270-330,ABpxaapappp,757,ASI_parent,3.76328353815146,2.01651448309684,-2.19749595626841,-2.69854208663421,1.46522231808587,-0.0352441309885336,-0.0179736135549552,15,295,0.09134093,7.4565506,5.1275973
Selection 2,CTCGAGGCATTCGACA-400.2.1,CTCGAGGCATTCGACA-400.2.1,825,400_minutes,Waterston_400_minutes,0.641220964991019,350,350,330-390,330-390,,547,ADF_AWB,3.91381916675976,1.91487366035148,-2.25754596875559,-3.07073629157667,1.6287219144297,-0.738092466018189,-1.18558197842414,2,350,0.07184904,7.187115,5.8421144
Selection 2,GGGTTGCAGCGTAGTG-r17,GGGTTGCAGCGTAGTG-r17,2601,mixed,Murray_r17,2.02159482417168,290,550,510-580,270-330,ABalpppppppp/ABpraaappppp,1417,AUA,7.01706362006283,6.19114104964212,-1.0550419712041,-1.39919032047578,9.10016336164916,6.84401779959831,6.3066356879159,6,550,0.09179886,7.1979485,6.9007025
Selection 2,GTAACGTTCCCTTGTG-400.2.3,GTAACGTTCCCTTGTG-400.2.3,1868,400_minutes,Waterston_400_minutes,1.45187971224633,320,290,270-330,270-330,ABpxaapappp,974,ASI_parent,4.4346037221814,2.25212460438059,-1.7336884555849,-2.14692447190526,1.95424350204985,0.88954179562869,1.17876158324791,5,290,0.093350865,7.2875886,5.522094
Selection 2,TATCAGGCAATAAGCA-r17,TATCAGGCAATAAGCA-r17,1528,mixed,Murray_r17,1.1876189509167,360,370,330-390,330-390,ABpxaapappp,906,ASI_parent,4.63493102294075,3.21605095619507,-1.23692388995493,-1.82283286717867,4.07584177535934,2.01110074497582,1.58155574897133,6,370,0.079681866,7.414549,6.782702
Selection 2,ATAAGAGGTAAGTTCC-b01,ATAAGAGGTAAGTTCC-b01,1853,mixed,Murray_b01,1.44022114924649,270,640,580-650,270-330,ABalpppppap/ABpraaappap,1066,AWB,2.32598614167998,0.960449884291505,-2.46370411417703,-2.02838042075191,1.7145489319541,0.875145477063694,0.956895701372284,6,640,0.09762306,7.4520826,6.351232
Selection 2,TGGTTAGAGCTGCCCA-400.2.3,TGGTTAGAGCTGCCCA-400.2.3,1197,400_minutes,Waterston_400_minutes,0.930353327386969,290,300,270-330,270-330,ABpxaapappp,734,ASI_parent,4.51957608094267,1.6915316888719,-2.53032514237122,-2.84776177283621,1.72437174640538,0.272260567325317,0.60430571420386,15,300,0.08500895,7.1554875,5.185261
Selection 2,CTGTTTAGTAATAGCA-b01,CTGTTTAGTAATAGCA-b01,874,mixed,Murray_b01,0.679305604123819,290,300,270-330,270-330,ABpxaapappp,580,ASI_parent,4.21748069973566,1.98328673838254,-1.49790292446409,-1.45773819192181,2.09604733020124,1.67043001196284,2.18079185566059,15,300,0.09045785,7.2036147,5.1529207
Selection 2,CAGCTAAGTTGGTGGA-b01,CAGCTAAGTTGGTGGA-b01,725,mixed,Murray_b01,0.563497211658774,270,300,270-330,270-330,ABalpppappp/ABpraaaappp,491,ASK_parent,4.83480002865003,1.88666615374634,-2.29542632227349,-2.48608244209801,2.44521276854396,1.32604173770277,2.09254725913746,5,300,0.09877082,7.0237703,5.808088
Selection 2,TACCTATGTGTTGGGA-b02,TACCTATGTGTTGGGA-b02,726,mixed,Murray_b02,0.564274449192096,290,290,270-330,270-330,ABpxaapappp,535,ASI_parent,3.32956622353808,0.660159297800183,-2.37281462422757,-1.9852657144888,1.73828230613317,1.76250376601771,3.48156715101502,5,290,0.09143781,7.256309,5.6343107
Selection 2,CGCTTCATCTGTCAAG-r17,CGCTTCATCTGTCAAG-r17,823,mixed,Murray_r17,0.639666489924374,260,550,510-580,210-270,ABalpppppppp/ABpraaappppp,562,AUA,7.09848588040312,5.82704929421691,-0.19055156799357,-1.23487940566822,6.4621004105872,3.72150212798346,2.71086736682443,6,550,0.07647307,7.279536,6.603587
Selection 2,CTCAGAATCGGATGTT-300.1.3,CTCAGAATCGGATGTT-300.1.3,1241,300_minutes,Waterston_300_minutes,0.964551778853157,290,265,210-270,270-330,ABpxaapappp,785,ASI_parent,4.22421733341993,1.08768170988419,-3.08694785290977,-3.10105830923805,0.816074192598098,-0.50096205321641,-0.0231966294553573,15,265,0.080134936,7.4235215,5.2304473
Selection 2,GTGGGTCAGCAACGGT-300.1.2,GTGGGTCAGCAACGGT-300.1.2,1351,300_minutes,Waterston_300_minutes,1.05004790751863,270,280,270-330,270-330,ABpxaapappp,818,ASI_parent,4.47478076153888,1.50675040152725,-2.92048301158176,-2.98248604638495,1.60471911826398,0.0454847648826595,0.251467998329603,6,280,0.050075814,7.3452663,6.0925236
Selection 2,CTCGGAGAGCCAACAG-r17,CTCGGAGAGCCAACAG-r17,1871,mixed,Murray_r17,1.4542114248463,260,300,270-330,210-270,ABalpppapav/ABpraaaapav,1107,AFD,6.00385937689219,3.29244023741763,-1.62261088031744,-1.50209515294132,3.7414688274496,2.54630480699726,2.41069319553634,6,300,0.05517186,7.4680243,6.3421845
Selection 2,TAGACCAGTACGACCC-r17,TAGACCAGTACGACCC-r17,1582,mixed,Murray_r17,1.22958977771611,300,290,270-330,270-330,ABpxaapappp,1003,ASI_parent,7.00028856408484,5.50706976647718,-0.361808675123536,-0.529558262228241,6.11682864108107,3.95363686914567,2.71015918522444,6,290,0.08358832,7.163609,5.937193
Selection 2,TTGTAGGTCCTTGGTC-r17,TTGTAGGTCCTTGGTC-r17,1571,mixed,Murray_r17,1.22104016484956,300,370,330-390,270-330,ABalpppappp/ABpraaaappp,1005,ASK_parent,6.87539734055426,4.94971931358281,-1.68061541497339,-1.34723514569577,6.17808444836402,4.07251647370782,2.86508586457962,6,370,0.080976784,7.030868,6.1010833
Selection 2,CGCGTTTTCTAGCACA-r17,CGCGTTTTCTAGCACA-r17,2486,mixed,Murray_r17,1.9322125078396,320,300,270-330,270-330,ABalppppppa/ABpraaapppa,1337,ASE_parent,6.84849150677728,5.76110292605597,-0.525111895764385,-0.191098611989255,7.0937163310177,4.77102201638361,3.09183869613715,6,300,0.08262143,6.9669657,6.788176
Selection 2,GGGATGATCTTCATGT-r17,GGGATGATCTTCATGT-r17,852,mixed,Murray_r17,0.662206378390725,410,300,270-330,390-450,ABalpppappp/ABpraaaappp,539,ASK_parent,5.98508173253724,5.98661712735384,-0.726983331494211,-1.29775506926843,7.77892330737217,3.46678938351614,1.13544697673363,6,300,0.10552211,7.3213916,5.9894114
Selection 2,CTACATTTCAGAGACG-400.2.1,CTACATTTCAGAGACG-400.2.1,1616,400_minutes,Waterston_400_minutes,1.25601585384907,280,300,270-330,270-330,ABpxaapappp,883,ASI_parent,5.67991467747236,2.33674059111342,-2.68251736641936,-3.00336323388161,2.41017926867536,0.747452362063116,0.717149519387299,15,300,0.05645666,7.3913617,5.3861
Selection 2,GACGTTAGTCTGATTG-r17,GACGTTAGTCTGATTG-r17,770,mixed,Murray_r17,0.598472900658284,550,370,330-390,510-580,ABalpppppppp/ABpraaappppp,514,AUA,4.12914185723256,7.18126191029803,4.98766206321569,0.339728369375672,7.42275468184342,3.13828551572143,2.24834110728414,6,370,0.1009466,7.1759267,6.8063717
Selection 2,AGCTCCTGTGATGTGG-400.2.2,AGCTCCTGTGATGTGG-400.2.2,1220,400_minutes,Waterston_400_minutes,0.948229790653385,280,275,270-330,270-330,,721,,4.44641564604501,1.87366869442571,-2.72763210255956,-2.84580757417726,1.82978484713589,0.327618518580179,0.493528787256233,15,275,0.07451495,7.4981527,5.4906797
Selection 2,TTCGGTCTCCCTAATT-400.2.1,TTCGGTCTCCCTAATT-400.2.1,774,400_minutes,Waterston_400_minutes,0.601581850791574,230,270,270-330,210-270,ABpxaapappp,527,ASI_parent,7.27335103268065,4.05675277717114,-1.89231553646607,-2.50840078562154,4.39533836992324,1.9293470997184,1.27438916340214,6,270,0.043586824,7.4495883,6.1005487
Selection 2,CACCAGGCAACGATCT-400.2.2,CACCAGGCAACGATCT-400.2.2,1471,400_minutes,Waterston_400_minutes,1.14331641151732,300,290,270-330,270-330,ABpxaapappp,875,ASI_parent,3.60105656318406,1.12791363169191,-2.57677045960857,-2.81880765775164,0.841795259719857,-0.444792701710703,-0.0592674898784065,15,290,0.08513603,7.5357533,5.115587
Selection 2,ATAACGCGTTGTGGCC-r17,ATAACGCGTTGTGGCC-r17,1717,mixed,Murray_r17,1.33451684471464,260,270,270-330,210-270,ABalpppappp/ABpraaaappp,1039,ASK_parent,6.36730089589938,4.01738965152158,-1.82344461041219,-1.75004907284817,4.70383386177297,2.53671922924898,1.85448101349586,6,270,0.074570864,7.5429096,6.1967945
Selection 2,GATCAGTTCAACGGCC-r17,GATCAGTTCAACGGCC-r17,747,mixed,Murray_r17,0.580596437391868,270,450,450-510,270-330,ABpxaapapaa,544,AWA,6.51519717872379,6.29400169214227,-0.360608552506455,-0.631457627874678,9.2104826389116,5.66087515260637,3.38400998552263,6,450,0.08713394,7.543051,6.550497
Selection 2,GTACGTATCGCATGGC-r17,GTACGTATCGCATGGC-r17,982,mixed,Murray_r17,0.763247257722643,300,265,210-270,270-330,,700,,10.2796295593348,9.52348905876823,1.37790822176406,0.711370403903349,10.513834560113,7.81639976188383,5.27546326276718,6,265,0.07385845,7.5394807,6.7793055
Selection 2,CAGCAGCAGAGGGATA-b01,CAGCAGCAGAGGGATA-b01,1191,mixed,Murray_b01,0.925689902187034,260,215,210-270,210-270,,765,,5.4688688850107,3.68813211497924,0.156201362672412,1.11483299199727,3.4953647832145,4.21871735233602,4.08158480568543,6,215,0.05970473,7.586554,6.109086
Selection 2,ACTGTCCAGTGATCGG-b01,ACTGTCCAGTGATCGG-b01,1657,mixed,Murray_b01,1.28788259271529,290,470,450-510,270-330,ABalpppppap/ABpraaappap,917,AWB,1.54929858352972,-0.692979778124067,-2.96325569429369,-2.59594044975816,1.18881112936053,0.350438480807197,1.35952951451986,6,470,0.08549915,7.546926,6.5743155
Selection 2,TGCCCATCAGACTCGC-r17,TGCCCATCAGACTCGC-r17,1952,mixed,Murray_r17,1.51716766504542,290,290,270-330,270-330,ABalpppappp/ABpraaaappp,1133,ASK_parent,6.77752203786982,5.1161428626484,-1.4732549576288,-1.2618746105827,6.29100928110218,3.59814835929704,2.14121500612197,6,290,0.10039163,7.554754,5.4057117
Selection 2,CTACCCACACCGGAAA-400.2.3,CTACCCACACCGGAAA-400.2.3,1643,400_minutes,Waterston_400_minutes,1.27700126724878,290,285,270-330,270-330,,935,,4.5072845130165,1.95137345494688,-1.98524519128559,-2.30235868732005,1.46104299879523,-0.0303702712116292,-0.19772021858532,15,285,0.07106001,7.6221642,5.193099
Selection 2,CGCGGTATCTGACCTC-400.2.3,CGCGGTATCTGACCTC-400.2.3,977,400_minutes,Waterston_400_minutes,0.759361070056031,290,290,270-330,270-330,ABpxaapappp,602,ASI_parent,3.76749303042159,1.13364113162615,-2.49816275062178,-2.77963551927676,0.628292097352782,-0.651981849797308,-0.432078421994588,6,290,0.054417923,7.624951,5.6727757
Selection 2,TTCTTAGCAAACAACA-300.1.1,TTCTTAGCAAACAACA-300.1.1,1501,300_minutes,Waterston_300_minutes,1.16663353751699,300,300,270-330,270-330,ABpxaapappp,842,ASI_parent,2.70118791081099,0.199848756646381,-2.96789840190096,-3.29087684756733,-0.335181187549534,-1.43179674138482,-0.779813747899728,15,300,0.098457284,7.209341,4.787557
Selection 2,GCGACCATCAGAGGTG-400.2.1,GCGACCATCAGAGGTG-400.2.1,1016,400_minutes,Waterston_400_minutes,0.789673333855606,300,310,270-330,270-330,ABpxaapappp,672,ASI_parent,2.7800047308988,1.12392326431997,-1.64903039775922,-2.29655457644944,0.221798488867021,-0.738786082730879,-0.538546529937135,15,310,0.09609067,7.256712,4.9835505
Selection 2,AAAGTAGCAGACACTT-400.2.1,AAAGTAGCAGACACTT-400.2.1,1599,400_minutes,Waterston_400_minutes,1.24280281578259,340,340,330-390,330-390,ABpxaapappp,901,ASI_parent,2.34415695609483,0.913267087691854,-2.65942799240215,-3.23418641910157,1.18157428021401,-1.02734723878372,-1.14232041308418,15,340,0.09010694,7.2225237,5.0633674
Selection 2,CGTAGCGAGCTTTGGT-400.2.3,CGTAGCGAGCTTTGGT-400.2.3,1331,400_minutes,Waterston_400_minutes,1.03450315685218,330,300,270-330,330-390,ABpxaapappp,762,ASI_parent,3.33820658768449,1.26839289525657,-2.11510720198477,-2.34215179364455,1.06599367904892,-0.325950424442365,-0.147219468213596,15,300,0.10273546,7.2135453,4.3699055
Selection 2,CTACGTCTCGATCCCT-400.2.3,CTACGTCTCGATCCCT-400.2.3,1510,400_minutes,Waterston_400_minutes,1.17362867531689,300,300,270-330,270-330,ABpxaapappp,869,ASI_parent,4.3926832252699,2.7096414041173,-0.725361080592244,-1.64546484288646,1.75594233575737,0.270854517805086,-0.0365917910976886,15,300,0.09700605,7.2806926,4.877676
Selection 2,AAGCCGCGTTCAGCGC-400.2.3,AAGCCGCGTTCAGCGC-400.2.3,1785,400_minutes,Waterston_400_minutes,1.38736899698057,320,325,270-330,270-330,ABpxaapappp,946,ASI_parent,2.62836781325741,1.29952316207056,-1.7647275315167,-2.20397048456338,0.84275510539369,-0.490715417980117,-0.507581487278124,15,325,0.09836608,7.290047,4.725769
Selection 2,TGGTTAGTCTGCCAGG-300.1.1,TGGTTAGTCTGCCAGG-300.1.1,1867,300_minutes,Waterston_300_minutes,1.45110247471301,340,320,270-330,330-390,ABpxaapappp,995,ASI_parent,1.53172120286248,-0.754373475178171,-3.46197789629484,-3.71993177908814,-1.23101424392365,-2.66906302496923,-2.0504916061693,15,320,0.097792104,7.322492,4.6793766
Selection 2,CAAGATCAGACCACGA-400.2.3,CAAGATCAGACCACGA-400.2.3,858,400_minutes,Waterston_400_minutes,0.666869803590659,300,335,330-390,270-330,ABpxaapappp,548,ASI_parent,2.89720046922986,1.39474911336248,-1.39617701635198,-1.63958558439582,0.836845477808832,0.265426096884063,0.4382657376099,15,335,0.09831172,7.321265,4.712528
Selection 2,TTTGGTTCACGACGAA-400.2.2,TTTGGTTCACGACGAA-400.2.2,1128,400_minutes,Waterston_400_minutes,0.87672393758772,330,300,270-330,330-390,ABpxaapappp,699,ASI_parent,3.64824703983123,1.84606687570498,-2.43962441448782,-2.86103070235053,1.42319438798369,-0.570323243852981,-0.801984741493794,15,300,0.0950003,7.331876,4.7904468
Selection 2,GTGTTAGCATGGGACA-400.2.2,GTGTTAGCATGGGACA-400.2.2,1135,400_minutes,Waterston_400_minutes,0.882164600320977,350,340,330-390,330-390,ABpxaapappp,654,ASI_parent,1.79949426752107,0.541329142456997,-2.5411564074956,-3.28341889204262,0.0746057118170308,-2.24462783007283,-2.68940525784244,15,340,0.09367592,7.392356,4.7737637
Selection 2,CCATGTCCACCATCCT-400.2.3,CCATGTCCACCATCCT-400.2.3,1489,400_minutes,Waterston_400_minutes,1.15730668711712,300,300,270-330,270-330,ABpxaapappp,873,ASI_parent,3.50149981363829,0.864185239492296,-2.61309135166247,-3.03451020333609,0.0754834277258437,-1.53389993198253,-1.46207979864285,15,300,0.09631184,7.428072,4.776791
Selection 2,CTAGCCTGTGGTCTCG-300.1.3,CTAGCCTGTGGTCTCG-300.1.3,1408,300_minutes,Waterston_300_minutes,1.09435044691801,290,300,270-330,270-330,ABpxaapappp,886,ASI_parent,4.06700776910524,1.48899694653712,-2.52457758548686,-2.83714600465114,1.28279229967639,-0.136788917310441,0.1337008203203,15,300,0.0856922,7.430698,4.9110603
Selection 2,CCAGCGAAGCGTTCCG-400.2.3,CCAGCGAAGCGTTCCG-400.2.3,1431,400_minutes,Waterston_400_minutes,1.11222691018442,300,300,270-330,270-330,ABpxaapappp,765,ASI_parent,3.06591756113333,1.04800636834628,-2.12960746611523,-2.40204698959786,0.414053457668478,-0.604660286971507,-0.173318364697588,15,300,0.09502074,7.370681,4.8137674
Selection 2,CTTACCGCAGACAAGC-400.2.3,CTTACCGCAGACAAGC-400.2.3,1564,400_minutes,Waterston_400_minutes,1.21559950211631,300,310,270-330,270-330,ABpxaapappp,892,ASI_parent,3.61086879783926,0.957170651104541,-2.92648975880762,-3.21610935733472,0.67121894201438,-1.08588729188205,-0.987726916384147,15,310,0.096122354,7.3385963,4.674663
Selection 2,TTAGGACAGATCGATA-400.2.3,TTAGGACAGATCGATA-400.2.3,1229,400_minutes,Waterston_400_minutes,0.955224928453287,300,290,270-330,270-330,ABpxaapappp,745,ASI_parent,4.27265109689162,2.04068814403603,-2.34016897045036,-2.62635156293357,1.7136777927858,0.105864566186566,-0.0120342392231174,15,290,0.0921379,7.4223256,4.7848496
Selection 2,CTCGGAGGTCCGAATT-400.2.1,CTCGGAGGTCCGAATT-400.2.1,1523,400_minutes,Waterston_400_minutes,1.18373276325009,300,310,270-330,270-330,ABpxaapappp,800,ASI_parent,2.7597791427804,0.265400029647747,-2.56079607607543,-2.87100094322203,-0.392650597652237,-1.62063807301161,-1.30539883187642,15,310,0.095329896,7.3712916,4.7231326
Selection 2,TCTGGAAGTGTAATGA-400.2.2,TCTGGAAGTGTAATGA-400.2.2,955,400_minutes,Waterston_400_minutes,0.742261844322937,300,300,270-330,270-330,ABpxaapappp,608,ASI_parent,3.55629167530132,1.09147814299598,-2.55472868131267,-2.41157344686668,1.45978525963685,0.494543019740218,1.13152237533984,15,300,0.09557305,7.4668326,4.940292
Selection 2,TGTGTTTAGAGGTTAT-400.2.1,TGTGTTTAGAGGTTAT-400.2.1,1076,400_minutes,Waterston_400_minutes,0.836307585854953,280,295,270-330,270-330,ABpxaapappp,674,ASI_parent,3.84966721495564,1.31794185921246,-2.46152328375376,-2.59963561969967,0.826656595371015,-0.499503447187863,-0.342592213290978,15,295,0.08078142,7.4721622,4.9865594
Selection 2,CCCAGTTTCCTTTCGG-300.1.1,CCCAGTTTCCTTTCGG-300.1.1,1190,300_minutes,Waterston_300_minutes,0.924912664653712,290,290,270-330,270-330,ABpxaapappp,716,ASI_parent,3.47357593288901,0.485390628679325,-3.06769572550217,-3.30144486744763,0.230896099965879,-0.819094159346133,0.0141089136070553,15,290,0.086496316,7.5258546,5.0916133
Selection 2,GTTACAGAGGGTGTGT-r17,GTTACAGAGGGTGTGT-r17,976,mixed,Murray_r17,0.758583832522708,300,330,330-390,270-330,ABalpppappp/ABpraaaappp,664,ASK_parent,5.88869741845566,4.46194345135944,-1.59481290091345,-1.57847594972406,5.32625271685087,2.5787367049777,1.22108203385498,5,330,0.121213794,7.8171754,4.2478104
Selection 2,GCTGCTTTCAGTACGT-400.2.2,GCTGCTTTCAGTACGT-400.2.2,1252,400_minutes,Waterston_400_minutes,0.973101391719703,290,310,270-330,270-330,ABpxaapappp,719,ASI_parent,3.8691232765396,1.67870612846329,-2.49786624110684,-2.42574663507927,1.5330476235225,0.0816419838976417,-0.103055588731445,15,310,0.095246665,7.5204334,4.8244066
Selection 2,CACAGGCAGGCAGGTT-400.2.1,CACAGGCAGGCAGGTT-400.2.1,1698,400_minutes,Waterston_400_minutes,1.31974933158151,260,290,270-330,210-270,ABpxaapapp,812,,6.55916361003932,3.65860060266765,-2.20188861229549,-2.47086939759504,2.91934304759124,0.340997282888397,-1.07595886556976,15,290,0.077021606,7.645929,4.9439383
Selection 2,TCGCGAGTCTTGTACT-400.2.2,TCGCGAGTCTTGTACT-400.2.2,1146,400_minutes,Waterston_400_minutes,0.890714213187524,290,295,270-330,270-330,ABpxaapappp,756,ASI_parent,3.84433341529417,1.48075659201805,-2.29498932229404,-2.56780621883673,1.33748165131942,-0.0612944712054877,0.141332730704941,15,295,0.073746584,7.780553,5.1022797
Selection 2,CAGCGACAGACAATAC-400.2.2,CAGCGACAGACAATAC-400.2.2,1452,400_minutes,Waterston_400_minutes,1.12854889838419,290,310,270-330,270-330,ABpxaapappp,795,ASI_parent,3.99931110739938,1.23975208508011,-3.37052334885448,-3.60771134241687,1.30508350638284,-0.831713596587389,-0.917375261280779,15,310,0.08817554,7.5347247,4.9803247
Selection 2,GCTTGAATCTCTAAGG-r17,GCTTGAATCTCTAAGG-r17,1854,mixed,Murray_r17,1.44099838677982,290,290,270-330,270-330,ABalpppappp/ABpraaaappp,1139,ASK_parent,6.3948162706949,4.50258173168628,-2.04207210744516,-2.159815680353,5.39060140227169,2.31223529031384,1.15007226630198,5,290,0.10294611,7.9399824,4.671246
Selection 2,CGAATGTGTTCTGTTT-r17,CGAATGTGTTCTGTTT-r17,1564,mixed,Murray_r17,1.21559950211631,300,290,270-330,270-330,ABalpppappp/ABpraaaappp,934,ASK_parent,5.84449047543104,3.96198360526437,-1.67143665764706,-1.81891440700067,4.61713868824322,2.3550039082753,1.6932707764459,5,290,0.10657334,7.9439616,4.7230396
Selection 2,CAACCTCGTGCTAGCC-b01,CAACCTCGTGCTAGCC-b01,942,mixed,Murray_b01,0.732157756389745,260,290,270-330,210-270,ABalpppappp/ABpraaaappp,639,ASK_parent,4.76229053677931,1.80762340069884,-1.793014951704,-1.74821223449055,2.3405684922157,1.70177290136666,2.47069589484789,5,290,0.09275152,8.178424,5.0531282
Selection 2,AAGTCTGTCCAAATGC-300.1.1,AAGTCTGTCCAAATGC-300.1.1,1665,300_minutes,Waterston_300_minutes,1.29410049298187,260,290,270-330,210-270,ABalpppappp/ABpraaaappp,922,ASK_parent,5.04479155290728,1.46115091155877,-3.62384732813907,-3.73501063533802,0.668600406111796,-1.42511227754002,-1.67445285371703,5,290,0.08885321,8.079439,4.8293114
Selection 2,TAGGCATCAACGCACC-500.1.3,TAGGCATCAACGCACC-500.1.3,1782,500_minutes,Waterston_500_minutes_batch_1,1.3850372843806,290,270,270-330,270-330,ABalpppappp/ABpraaaappp,1016,ASK_parent,3.45522463666246,1.54214180115974,-1.19426811877552,-1.66622447680678,0.662129149277161,-0.166646926628798,0.217014352957927,5,270,0.090108365,8.232683,4.9183626
Selection 2,TCCACACCACATCCGG-400.2.3,TCCACACCACATCCGG-400.2.3,1118,400_minutes,Waterston_400_minutes,0.868951562254496,300,290,270-330,270-330,ABalpppappp/ABpraaaappp,705,ASK_parent,3.18123996034163,1.03109101197151,-2.18861919658367,-2.54864783959225,0.692354636277239,-0.337561129493215,0.269448905043171,5,290,0.096866004,8.231503,4.88842
Selection 2,TCAATCTCAACACCTA-b02,TCAATCTCAACACCTA-b02,1325,mixed,Murray_b02,1.02983973165224,300,340,330-390,270-330,ABpxaapappp,845,ASI_parent,1.54641763873164,-0.267398254965861,-1.66710803460527,-1.55336838157845,-0.307480392769562,0.0737186060977842,1.34782670327884,15,340,0.1014452,6.9929347,4.9879827
Selection 2,ACACCGGTCGTAGATC-400.2.1,ACACCGGTCGTAGATC-400.2.1,1437,400_minutes,Waterston_400_minutes,1.11689033538436,360,355,330-390,330-390,ABpxaapappp,704,ASI_parent,-0.0080710817667227,-0.817569305008278,-2.51358192007266,-3.20702417070675,-1.04059743063451,-2.72534547557841,-2.31521415658158,15,355,0.1177746,6.72493,4.2475696
Selection 2,CGTGTAACACCCATTC-b01,CGTGTAACACCCATTC-b01,668,mixed,Murray_b01,0.519194672259395,290,355,330-390,270-330,ABpxaapappp,442,ASI_parent,3.72469847798392,1.31413010653403,-2.10634546407794,-1.63431431410493,2.51781752548141,2.36803991158219,3.62371003372501,15,355,0.095520884,6.99528,5.038369
Selection 2,ATTTCTGAGACAGGCT-400.2.2,ATTTCTGAGACAGGCT-400.2.2,757,400_minutes,Waterston_400_minutes,0.588368812725092,370,360,330-390,330-390,ABpxaapappp,441,ASI_parent,0.285711379402508,-0.207323411177593,-1.84359637954022,-2.86977108131642,-0.944266805726726,-2.64387042807316,-2.74662955522789,15,360,0.12079018,6.821563,4.1526523
Selection 2,TGACTTTTCCAGTAGT-r17,TGACTTTTCCAGTAGT-r17,804,mixed,Murray_r17,0.624898976791247,450,390,390-450,450-510,,513,ADF_AWB,3.02819432508264,4.06464767477693,0.439252367498818,-1.13368623953184,4.96124356370458,2.52395386610559,1.06705389222317,5,390,0.12027367,6.630761,4.9931135
Selection 2,ACCGTAACATGCCACG-b01,ACCGTAACATGCCACG-b01,657,mixed,Murray_b01,0.510645059392848,320,335,330-390,270-330,ABpxaapappp,425,ASI_parent,2.06406851891337,0.223948783774783,-1.97954884364568,-2.12429736695254,0.259746714860193,-0.171328501019367,0.881478847038894,15,335,0.108310096,6.5287895,4.9600596
Selection 2,GTGCGGTCAGCTGCAC-400.2.3,GTGCGGTCAGCTGCAC-400.2.3,1393,400_minutes,Waterston_400_minutes,1.08269188391817,370,370,330-390,330-390,ABpxaapappp,764,ASI_parent,0.590870665904122,-0.409926121725641,-2.0575232222171,-2.9752558839439,-0.483559278051064,-1.86204944699351,-1.37446385062952,15,370,0.12171063,6.5985374,4.355726
Selection 2,GTCACGGCACACGCTG-400.2.3,GTCACGGCACACGCTG-400.2.3,2536,400_minutes,Waterston_400_minutes,1.97107438450573,350,320,270-330,330-390,ABpxaapappp,1238,ASI_parent,-1.06863465899192,-1.41354783354586,-2.42384190320189,-2.8126693472981,-1.9307801318958,-3.05836435127445,-2.31064439879466,15,320,0.10969298,6.9074283,4.4672055
Selection 2,GGAATAACATGAGCGA-b01,GGAATAACATGAGCGA-b01,945,mixed,Murray_b01,0.734489468989712,350,350,330-390,330-390,,622,,0.644603528970074,-0.933883103168227,-2.16855541425798,-2.38868029919491,-0.746829054007229,-0.98579437212952,0.510464306491276,15,350,0.10074647,7.0119104,4.9862843
Selection 2,CCCAATCAGGCATTGG-400.2.2,CCCAATCAGGCATTGG-400.2.2,765,400_minutes,Waterston_400_minutes,0.594586712991672,370,365,330-390,330-390,ABpxaapappp,471,ASI_parent,0.789142843853482,0.132602772814725,-1.57657144575142,-2.35774412338116,-0.290741240606903,-1.60006693058623,-1.4619778505739,15,365,0.12103961,6.6684675,4.281549
Selection 2,CCACCTAAGTGAAGAG-b01,CCACCTAAGTGAAGAG-b01,945,mixed,Murray_b01,0.734489468989712,300,300,270-330,270-330,ABpxaapappp,584,ASI_parent,1.89327604887216,-0.536504837936174,-2.8242321007876,-2.59153103520082,0.0586771778223566,-0.507399219186528,0.773526297133873,15,300,0.10180359,6.9985943,4.979489
Selection 2,GTCGGGTTCTTGCCGT-400.2.1,GTCGGGTTCTTGCCGT-400.2.1,1392,400_minutes,Waterston_400_minutes,1.08191464638485,340,350,330-390,330-390,ABpxaapappp,704,ASI_parent,0.70816503434178,-0.693557924750934,-2.40560539923443,-2.93349336610592,-1.28259484693852,-2.33623894441731,-1.77297014903043,15,350,0.113614194,6.767234,4.400406
Selection 2,CCTCAGTCATCATCCC-400.2.2,CCTCAGTCATCATCCC-400.2.2,1674,400_minutes,Waterston_400_minutes,1.30109563078178,380,370,330-390,330-390,ABpxaapappp,873,ASI_parent,-1.5823542182542,-2.04747413914686,-2.0743627922157,-2.93152981601692,-3.06627922769565,-3.96642739528344,-3.36293494303442,15,370,0.11551252,6.6031065,4.330223
Selection 2,AACGTTGCATCCCATC-400.2.3,AACGTTGCATCCCATC-400.2.3,1868,400_minutes,Waterston_400_minutes,1.45187971224633,350,335,330-390,330-390,ABpxaapappp,1035,ASI_parent,1.53258375309441,-0.366576980699646,-3.07358582073679,-3.48329550268341,-0.789321077149924,-2.23689525807983,-1.90618703135267,15,335,0.10050704,7.1447434,4.5405684
Selection 2,CTACACCAGTTCCACA-400.2.2,CTACACCAGTTCCACA-400.2.2,1687,400_minutes,Waterston_400_minutes,1.31119971871497,360,345,330-390,330-390,ABpxaapappp,902,ASI_parent,-0.154941227238861,-1.12077198422208,-2.2853757745812,-2.89262753324984,-1.58946314301332,-2.81545934586902,-2.23181954154138,15,345,0.1075015,6.9986396,4.5392413
Selection 2,CGCTATCGTCTAACGT-r17,CGCTATCGTCTAACGT-r17,1552,mixed,Murray_r17,1.20627265171644,370,360,330-390,330-390,ABpxaapappp,891,ASI_parent,1.77875697286082,1.00583233968693,-2.00448790410836,-2.23731379480942,1.94816022519495,0.294431789082543,0.270083404912077,15,360,0.11632757,6.6317034,4.2351937
Selection 2,CCGGTAGCATCATCCC-300.1.3,CCGGTAGCATCATCCC-300.1.3,1705,300_minutes,Waterston_300_minutes,1.32518999431477,320,320,270-330,270-330,ABpxaapappp,929,ASI_parent,2.02881379125456,-0.545942365009039,-3.28205518902863,-3.50947630283101,-0.886829992347081,-2.07077281225697,-1.28458206842204,15,320,0.103755616,7.000212,4.8070507
Selection 2,CACAGTAGTTCTCATT-300.1.2,CACAGTAGTTCTCATT-300.1.2,1728,300_minutes,Waterston_300_minutes,1.34306645758119,380,375,330-390,330-390,ABpxaapappp,999,ASI_parent,0.462461257140841,-0.547171558101708,-2.07905476108158,-2.68055749848396,-0.637367823175765,-1.43514271899123,-0.612766391549288,15,375,0.11145773,6.6373405,4.3321257
Selection 2,GGGAATGCAGACAAGC-400.2.1,GGGAATGCAGACAAGC-400.2.1,1247,400_minutes,Waterston_400_minutes,0.969215204053091,340,340,330-390,330-390,ABpxaapappp,664,ASI_parent,1.613211931228,-0.0003321650778578,-2.39287940641897,-2.49231950621346,0.0274717873511451,-0.754029991549506,0.0335331037300314,15,340,0.10434895,7.058114,4.753332
Selection 2,TCGGTAACAGCTGGCT-b01,TCGGTAACAGCTGGCT-b01,829,mixed,Murray_b01,0.644329915124308,260,325,270-330,210-270,ABpxaapappp,527,ASI_parent,3.51449350837313,1.67338125279286,-0.884685868470384,-0.925571408299536,1.94479547381859,2.15798253391059,3.16869529914258,15,325,0.1101818,6.595182,4.788621
Selection 2,TGCGTGGAGGAGTTGC-400.2.3,TGCGTGGAGGAGTTGC-400.2.3,1381,400_minutes,Waterston_400_minutes,1.0733650335183,320,300,270-330,270-330,ABpxaapappp,744,ASI_parent,1.73163080440484,0.130667963070768,-2.0580046960541,-2.67664345253579,-0.71104291808031,-1.62073560560774,-0.826005715569628,15,300,0.102675594,6.9850583,4.789549
Selection 2,CTCGGGAGTTAGAACA-400.2.2,CTCGGGAGTTAGAACA-400.2.2,1345,400_minutes,Waterston_400_minutes,1.04538448231869,350,355,330-390,330-390,ABpxaapappp,771,ASI_parent,-0.457242745869439,-2.2655346212765,-3.2346441222938,-3.72484541092965,-2.5762936290837,-3.69972576963982,-2.68761311934221,15,355,0.118831486,6.57508,4.2358503
Selection 2,TGGTTAGGTGTTCGAT-400.2.2,TGGTTAGGTGTTCGAT-400.2.2,1790,400_minutes,Waterston_400_minutes,1.39125518464718,350,360,330-390,330-390,ABpxaapappp,942,ASI_parent,-0.392799605615187,-1.60461229851478,-2.20126068124152,-2.78527702173749,-1.99359633940483,-2.47575416638881,-1.21530239218744,15,360,0.12226343,6.581867,4.3253417
Selection 2,ATGAGGGGTGCCTGCA-400.2.3,ATGAGGGGTGCCTGCA-400.2.3,1638,400_minutes,Waterston_400_minutes,1.27311507958217,350,300,270-330,330-390,ABpxaapappp,734,ASI_parent,0.698114170536316,-0.82895657015679,-2.73846376119151,-3.29220954911193,-1.67180212203104,-3.09308107272738,-2.64878664447553,15,300,0.104346976,7.115991,4.4015546
Selection 2,TTAACTCAGTTTGCGT-b01,TTAACTCAGTTTGCGT-b01,714,mixed,Murray_b01,0.554947598792227,300,370,330-390,270-330,ABalpppappp/ABpraaaappp,466,ASK_parent,3.02860072297322,0.932842937070668,-1.61307342334683,-1.03577222692275,1.74696530758854,2.42806815370731,3.83033474832984,15,370,0.11037152,6.610066,4.814727
Selection 2,GGAAAGCGTCACTTCC-400.2.1,GGAAAGCGTCACTTCC-400.2.1,1425,400_minutes,Waterston_400_minutes,1.10756348498449,370,350,330-390,330-390,ABpxaapappp,710,ASI_parent,-0.187052826265079,-1.50722642804691,-2.50126175451507,-3.43514358857039,-1.95458549374947,-2.76952589872219,-1.50115294091507,15,350,0.122456886,6.581981,4.298116
Selection 2,GCAGTTAAGCGTAGTG-400.2.2,GCAGTTAAGCGTAGTG-400.2.2,1203,400_minutes,Waterston_400_minutes,0.935016752586904,350,345,330-390,330-390,ABpxaapappp,672,ASI_parent,0.864501252146619,-0.026320057474417,-2.69256141845123,-3.70216521633697,-0.433692871045175,-2.69602117136722,-2.64488496951272,15,345,0.11513609,7.023719,4.16241
Selection 2,ATTGGTGCACAAGTAA-500.1.2,ATTGGTGCACAAGTAA-500.1.2,1418,500_minutes,Waterston_500_minutes_batch_1,1.10212282225123,300,320,270-330,270-330,ABpxaapappp,820,ASI_parent,1.63454689394132,0.162815806124611,-0.809541859518891,-1.01701818976898,-0.604546832968398,-0.306720108517574,0.789218535037185,15,320,0.109207556,6.654993,4.749148
Selection 2,TTTGGTTCATTCGACA-400.2.1,TTTGGTTCATTCGACA-400.2.1,1494,400_minutes,Waterston_400_minutes,1.16119287478374,340,330,330-390,330-390,ABpxaapappp,804,ASI_parent,1.43871715012817,-0.339123867069981,-3.08615384534249,-3.49007391689861,-0.743256277253043,-2.04020416480213,-1.47851168547231,15,330,0.104954205,7.1245375,4.4229593
Selection 2,TATCTCATCGGCGCTA-b01,TATCTCATCGGCGCTA-b01,1268,mixed,Murray_b01,0.985537192252863,320,340,330-390,270-330,ABpxaapappp,765,ASI_parent,3.25206380170477,0.545011932186857,-2.77227908399369,-2.47201386118477,1.70891304160704,1.04275025442508,2.35163748106619,15,340,0.10891159,6.6956654,4.8005314
Selection 2,CGGTTAAGTATAGGTA-300.1.3,CGGTTAAGTATAGGTA-300.1.3,2291,300_minutes,Waterston_300_minutes,1.78065118884173,350,345,330-390,330-390,ABpxaapappp,1063,ASI_parent,-0.361373225864015,-1.58092434082626,-2.94658792334836,-3.54748975516229,-2.21918411735179,-3.34261520417161,-2.52136383041403,15,345,0.10095511,7.0409603,4.533193
Selection 2,GTGAAGGTCCTACAGA-b01,GTGAAGGTCCTACAGA-b01,929,mixed,Murray_b01,0.722053668456553,320,375,330-390,270-330,ABpxaapappp,531,ASI_parent,2.51175706291902,0.987153568591813,-1.28315729906288,-1.45556256168703,1.73066617351737,1.56467365696865,2.4874974370792,15,375,0.11130218,6.665563,4.783454
Selection 2,GTGTTAGAGAGCCCAA-300.1.1,GTGTTAGAGAGCCCAA-300.1.1,1420,300_minutes,Waterston_300_minutes,1.10367729731787,350,370,330-390,330-390,,733,,0.668135362296842,-0.982770490801501,-2.73243717376831,-3.16644818944423,-1.32654057285858,-2.10845287822698,-1.20769292999542,15,370,0.10919602,6.727302,4.6044235
Selection 2,TTGGCAACAGACTCGC-400.2.1,TTGGCAACAGACTCGC-400.2.1,1709,400_minutes,Waterston_400_minutes,1.32829894444806,320,300,270-330,270-330,ABpxaapappp,895,ASI_parent,1.69282276966248,-0.176370803316569,-2.46365134496339,-2.821393367944,-0.703292454122608,-1.79526614748719,-1.24725775761698,15,300,0.10691147,6.8509965,4.64253
Selection 2,CACAGGCAGTTGAGTA-400.2.2,CACAGGCAGTTGAGTA-400.2.2,810,400_minutes,Waterston_400_minutes,0.629562401991182,340,320,270-330,330-390,ABpxaapappp,554,ASI_parent,2.43736308885043,0.54171499234047,-2.35600464990032,-2.82300157605167,0.281676239381145,-1.28607625802048,-1.10795519843552,15,320,0.11266874,6.9438553,4.440363
Selection 2,TGACAACCAATGAATG-300.1.1,TGACAACCAATGAATG-300.1.1,1809,300_minutes,Waterston_300_minutes,1.40602269778031,350,350,330-390,330-390,ABpxaapappp,929,ASI_parent,0.79270413367213,-1.05861848604924,-2.67381381069415,-3.05021402002682,-1.28719718669745,-2.11657831670333,-1.11262140433791,15,350,0.10239138,7.1149755,4.647069
Selection 2,CTGTTTATCATGCAAC-300.1.3,CTGTTTATCATGCAAC-300.1.3,1038,300_minutes,Waterston_300_minutes,0.8067725595887,340,340,330-390,330-390,ABpxaapappp,627,ASI_parent,1.12213395504588,-0.481288543620885,-2.12444330661366,-2.74928509656326,-1.38639439740872,-2.34546267815513,-1.65791555163373,15,340,0.11145132,6.785958,4.639551
Selection 2,CAAGTTGGTGCAACTT-400.2.2,CAAGTTGGTGCAACTT-400.2.2,1144,400_minutes,Waterston_400_minutes,0.889159738120879,300,300,270-330,270-330,ABpxaapappp,606,ASI_parent,3.05686125349889,0.614212120370733,-3.03432561641283,-3.16039753856762,0.261143204712449,-1.19606355422468,-0.828567252470753,15,300,0.09656881,7.174672,4.691656
Selection 2,CAGCATATCCACGACG-300.1.1,CAGCATATCCACGACG-300.1.1,1828,300_minutes,Waterston_300_minutes,1.42079021091343,350,345,330-390,330-390,ABpxaapappp,905,ASI_parent,0.65758269742482,-1.40880176940133,-3.06411643819924,-3.52803192782656,-1.73750132272717,-2.78028314480771,-1.74959155736523,15,345,0.10921233,6.825147,4.5631976
Selection 2,GTCACAACACGAAAGC-400.2.3,GTCACAACACGAAAGC-400.2.3,1793,400_minutes,Waterston_400_minutes,1.39358689724715,350,330,330-390,330-390,ABpxaapappp,914,ASI_parent,1.24961680284865,-0.142860346785455,-2.44620855690488,-2.92377394417352,-0.65592505189714,-1.8688193910423,-1.3943246481484,15,330,0.10553361,7.0803385,4.6311846
Selection 2,GGAATAAGTTCAGCGC-400.2.3,GGAATAAGTTCAGCGC-400.2.3,868,400_minutes,Waterston_400_minutes,0.674642178923884,300,300,270-330,270-330,ABpxaapappp,518,ASI_parent,3.25740617163889,1.42799732885903,-1.58683152577419,-2.06267056617512,0.66696473075867,-0.393178726545132,-0.012247475771329,15,300,0.10059189,7.164717,4.584333
Selection 2,ACATGGTCATTAGGCT-400.2.1,ACATGGTCATTAGGCT-400.2.1,1621,400_minutes,Waterston_400_minutes,1.25990204151569,330,320,270-330,330-390,ABpxaapappp,862,ASI_parent,2.17916276180857,0.453310822278852,-2.03130339086172,-2.52072530282672,-0.194389934618535,-1.18538446853603,-0.752678268996963,15,320,0.10818013,6.8904424,4.667443
Selection 2,CACACAATCCAATGGT-b01,CACACAATCCAATGGT-b01,775,mixed,Murray_b01,0.602359088324896,300,340,330-390,270-330,ABpxaapappp,497,ASI_parent,1.37266709011163,-0.182858436711372,-1.32872834751602,-0.476890599167659,0.229768704252525,0.973311530658852,2.53785840336329,15,340,0.106814206,6.9412556,4.6626673
Selection 2,CATCAGAAGGATGCGT-400.2.2,CATCAGAAGGATGCGT-400.2.2,1763,400_minutes,Waterston_400_minutes,1.37026977124747,330,300,270-330,330-390,ABpxaapappp,901,ASI_parent,2.52396969244087,0.849606518654574,-2.14639712897326,-2.67473564449442,-0.0823047303444669,-1.44027736915786,-1.38442644852443,15,300,0.097336896,7.175924,4.6199903
Selection 2,CTTACCGTCGAGAACG-400.2.3,CTTACCGTCGAGAACG-400.2.3,976,400_minutes,Waterston_400_minutes,0.758583832522708,290,335,330-390,270-330,ABpxaapappp,630,ASI_parent,4.17763956528512,2.16396866197916,-1.49431332665012,-1.01679574379686,2.46172554219433,1.79602987745555,1.89182954797663,15,335,0.09510035,7.1762877,5.0216913
Selection 2,ATCGAGTTCAGTCAGT-400.2.3,ATCGAGTTCAGTCAGT-400.2.3,1518,400_minutes,Waterston_400_minutes,1.17984657558347,350,295,270-330,330-390,,777,,2.94986581196677,1.86480028414657,-2.0269342817508,-2.46105559603063,1.64050338721267,-0.353784742120215,-0.826446073116876,15,295,0.10013612,7.204916,4.5492496
Selection 2,GTAGTCATCTGCAAGT-300.1.1,GTAGTCATCTGCAAGT-300.1.1,1123,300_minutes,Waterston_300_minutes,0.872837749921108,340,330,330-390,330-390,ABpxaapappp,622,ASI_parent,1.57657776633847,0.188770308737396,-2.09178161219544,-2.908346072341,-0.971595848813134,-2.4403953529021,-2.25595594752603,15,330,0.10076111,7.17853,4.707995
Selection 2,GACGCGTCATTAGCCA-r17,GACGCGTCATTAGCCA-r17,1225,mixed,Murray_r17,0.952115978319997,370,365,330-390,330-390,ABalpppappp/ABpraaaappp,731,ASK_parent,1.38099098318324,1.55397365213365,-2.15914889924406,-2.64794088391419,2.58716789053179,-0.748898301218468,-2.125183427261,5,365,0.15277924,7.567001,3.5196102
Selection 2,CTCTAATAGTCCGTAT-r17,CTCTAATAGTCCGTAT-r17,1482,mixed,Murray_r17,1.15186602438387,360,360,330-390,330-390,ABalpppappp/ABpraaaappp,844,ASK_parent,1.55042521204212,1.31548221584833,-1.56077203969423,-2.20914318401542,1.3997936022832,-0.926554826108541,-1.70387723744259,5,360,0.13174549,7.842796,3.9740407
Selection 2,CGTTAGAAGGCTAGCA-400.2.3,CGTTAGAAGGCTAGCA-400.2.3,826,400_minutes,Waterston_400_minutes,0.641998202524341,360,350,330-390,330-390,ABpxaapappp,483,ASI_parent,2.38168463147231,1.87590123100978,-1.45928972243331,-2.27520132125483,1.59127811415985,-0.958097358681573,-1.95064294792355,15,350,0.12651694,6.7769637,3.7082934
Selection 2,GCGCAACAGAATGTGT-r17,GCGCAACAGAATGTGT-r17,1208,mixed,Murray_r17,0.938902940253516,510,360,330-390,510-580,ABpxaapappp,738,ASI_parent,8.12768311199599,8.73848764504799,0.720259640317509,0.301534542713712,10.9068626754461,6.57809513964688,3.39081506496729,15,360,0.12779276,6.843539,3.9050095
Selection 2,GAACGGACAAGGACTG-400.2.2,GAACGGACAAGGACTG-400.2.2,894,400_minutes,Waterston_400_minutes,0.694850354790267,350,360,330-390,330-390,ABpxaapappp,515,ASI_parent,1.5722987331033,0.622082930738321,-2.47653028825499,-3.1855847583256,0.657784775118529,-1.82298561896946,-2.21294694617149,15,360,0.12245041,6.8060045,3.9277797
Selection 2,TCTCTAAAGGGTCGAT-400.2.1,TCTCTAAAGGGTCGAT-400.2.1,2260,400_minutes,Waterston_400_minutes,1.75655682530873,380,345,330-390,330-390,ABpxaapappp,1071,ASI_parent,0.800566293217204,0.132202097206484,-2.80015305578372,-3.44631665298657,0.118340479061679,-2.32851588772699,-2.56342476347843,15,345,0.12205552,6.8991675,3.9213917
Selection 2,AGCGGTCTCAAGATCC-400.2.1,AGCGGTCTCAAGATCC-400.2.1,1490,400_minutes,Waterston_400_minutes,1.15808392465045,360,360,330-390,330-390,ABpxaapappp,754,ASI_parent,2.11280235351063,1.4312458624237,-2.38112021490659,-3.10457053933268,1.85032104390335,-1.154521157559,-2.16895898395629,15,360,0.12323649,6.8902664,3.8356137
Selection 2,GAATAAGAGATGCCTT-400.2.2,GAATAAGAGATGCCTT-400.2.2,2186,400_minutes,Waterston_400_minutes,1.69904124784287,380,370,330-390,330-390,ABpxaapappp,1144,ASI_parent,-0.787911056840528,-1.07630426791474,-1.6199152741027,-2.23958202570783,-1.61632284101076,-2.12916197404713,-1.68654369094649,15,370,0.13018107,6.558271,3.8910813
Selection 2,CGAGCCATCGGTCCGA-r17,CGAGCCATCGGTCCGA-r17,906,mixed,Murray_r17,0.704177205190137,380,370,330-390,330-390,ABpxaapappp,607,ASI_parent,3.15403346782276,3.29669304350409,-1.11092178670468,-1.87000239931512,4.35137697534442,1.1033396766982,-0.359244249630691,15,370,0.1368934,6.6472497,3.6074698
Selection 2,TGCGGGTTCACTGGGC-400.2.3,TGCGGGTTCACTGGGC-400.2.3,1183,400_minutes,Waterston_400_minutes,0.919472001920455,380,350,330-390,330-390,ABpxaapappp,686,ASI_parent,0.586947076693774,-0.602132820209534,-3.00869636056882,-3.34617211146637,-0.440137731840538,-2.75986523834428,-2.91054850488347,15,350,0.122094244,6.891908,3.8707373
Selection 2,CTCTGGTGTTCGCTAA-400.2.1,CTCTGGTGTTCGCTAA-400.2.1,1040,400_minutes,Waterston_400_minutes,0.808327034655345,350,380,330-390,330-390,ABpxaapappp,586,ASI_parent,1.64761735344791,1.45936283249585,-1.87800293688096,-2.68747709620104,2.01119332573608,-0.78658110369752,-1.7780098046318,15,380,0.14282647,6.7003565,3.3079677
Selection 2,ACGGCCATCACCCTCA-400.2.2,ACGGCCATCACCCTCA-400.2.2,1895,400_minutes,Waterston_400_minutes,1.47286512564604,390,360,330-390,390-450,ABpxaapappp,933,ASI_parent,1.22576565942809,1.7106633779059,-2.00850410885097,-2.73299418749235,2.42737978317661,-0.890700591626667,-2.31524517010829,15,360,0.1363386,6.7664084,3.4659598
Selection 2,AGGCCACGTACCAGTT-r17,AGGCCACGTACCAGTT-r17,2010,mixed,Murray_r17,1.56224744197812,380,360,330-390,330-390,ABpxaapappp,1207,ASI_parent,6.39178973862149,5.26118812666375,-1.29831344579946,-2.07451332619284,6.87258484050802,3.39698273318964,1.97274241158135,15,360,0.12772566,6.5710034,3.6717489
Selection 2,GCTCCTATCAGCGACC-400.2.1,GCTCCTATCAGCGACC-400.2.1,1112,400_minutes,Waterston_400_minutes,0.864288137054561,420,380,330-390,390-450,ABpxaapappp,537,ASI_parent,0.249765395670519,1.17280389032255,-2.32331873948462,-3.26779667501379,2.07825493049094,-1.94118958741424,-3.76115118353075,15,380,0.15715507,6.565224,3.1360304
Selection 2,TTCGGTCTCAGTGTTG-r17,TTCGGTCTCAGTGTTG-r17,808,mixed,Murray_r17,0.628007926924537,490,435,390-450,450-510,ABpxaapapppa,552,ASI,3.89588542852877,4.86561543884432,0.0684555172615104,-0.434732147129324,6.45970329152722,2.87677903600446,0.224749474644765,15,435,0.16950054,6.5335803,2.9998777
Selection 2,GAAGCAGCACGTGAGA-r17,GAAGCAGCACGTGAGA-r17,829,mixed,Murray_r17,0.644329915124308,270,450,450-510,270-330,ABpxaapapppa,560,ASI,5.26811143242165,4.94226747464066,-1.22910572049296,-1.48747973260099,7.19242844053884,3.48013715996569,1.13683783085049,15,450,0.1371178,6.6425376,3.2843838
Selection 2,TGTTCCGTCACCGTAA-400.2.2,TGTTCCGTCACCGTAA-400.2.2,871,400_minutes,Waterston_400_minutes,0.676973891523851,390,350,330-390,390-450,ABpxaapappp,487,ASI_parent,1.18723493240372,1.2130693063357,-1.62178026350435,-2.51959250755924,1.00690697825003,-1.50393947950037,-2.32322572678917,15,350,0.12920567,6.8961287,3.6349468
Selection 2,ACGCCGATCCGTACAA-400.2.2,ACGCCGATCCGTACAA-400.2.2,910,400_minutes,Waterston_400_minutes,0.707286155323427,380,385,330-390,330-390,ABpxaapappp,538,ASI_parent,0.556927555590304,0.351091543718578,-1.89458215954926,-2.69263516881497,0.44287861927252,-2.29519683227594,-3.12360680704261,15,385,0.13570914,6.6039057,3.4994068
Selection 2,TGATTTCTCACCAGGC-r17,TGATTTCTCACCAGGC-r17,1131,mixed,Murray_r17,0.879055650187687,550,435,390-450,510-580,ABpxaapapppa,694,ASI,2.65594671452788,3.49035837479505,-1.11220272451156,-1.43481766750438,6.13007644088862,2.31373857045354,-0.139998209725304,15,435,0.16648948,6.6247563,3.0574732
Selection 2,TGCGCAGTCAAGGCTT-b01,TGCGCAGTCAAGGCTT-b01,608,mixed,Murray_b01,0.472560420260048,420,440,390-450,390-450,ABalpppapppa/ABpraaaapppa,465,ASK,2.76728274789913,2.39611844958261,0.727095633420672,1.1157493352788,3.8981058707966,4.56237794953412,5.11413299809223,15,440,0.15764642,6.734001,3.5826228
Selection 2,GCGCGATGTTTCGCTC-b02,GCGCGATGTTTCGCTC-b02,717,mixed,Murray_b02,0.557279311392194,450,440,390-450,450-510,ABalpppapppa/ABpraaaapppa,506,ASK,-4.1685979711867,-4.76100553578861,-2.81293323770708,-2.59718115886145,-3.33711086006468,-3.09570774587494,-1.21523424617777,21,440,0.23592943,6.881197,2.2774248
Selection 2,CTACATTTCAGTGCAT-400.2.3,CTACATTTCAGTGCAT-400.2.3,1065,400_minutes,Waterston_400_minutes,0.827757972988406,370,345,330-390,330-390,ABpxaapappp,621,ASI_parent,0.55505841743962,-0.589718544688982,-2.53745157330466,-3.30916967716932,-1.42159139873551,-3.03712304644088,-2.94744867826261,15,345,0.122520305,6.8255725,4.060746
Selection 2,CATATTCGTTGGGACA-r17,CATATTCGTTGGGACA-r17,1503,mixed,Murray_r17,1.16818801258364,380,360,330-390,330-390,ABpxaapappp,857,ASI_parent,2.46201525641922,2.35657424869122,-1.17974103275349,-2.06874907623658,3.26638966994834,0.673843033430816,-0.048514637273728,15,360,0.13209137,6.664944,3.632184
Selection 2,GGGCACTAGCTATGCT-r17,GGGCACTAGCTATGCT-r17,1278,mixed,Murray_r17,0.993309567586087,410,280,270-330,390-450,ABalpppapa/ABpraaaapa,745,Neuroblast_AFD_RMD,3.51885094855444,4.55787824246867,-0.533525651860258,-1.41386564471598,6.26797286507681,2.33027526504297,0.550460169249368,15,280,0.13770105,6.7225385,3.433586
Selection 2,CTACCCATCTTCTGGC-400.2.1,CTACCCATCTTCTGGC-400.2.1,753,400_minutes,Waterston_400_minutes,0.585259862591803,410,360,330-390,390-450,ABpxaapappp,472,ASI_parent,1.68363577820618,2.05747644680048,-1.644758123467,-2.6735510036625,2.51056811089766,-0.589748742740925,-1.8067372916907,15,360,0.13728298,6.7667356,3.544707
Selection 2,CTGGTCTCATGCCCGA-400.2.1,CTGGTCTCATGCCCGA-400.2.1,1660,400_minutes,Waterston_400_minutes,1.29021430531526,360,360,330-390,330-390,ABpxaapappp,885,ASI_parent,1.02414227075682,-0.594920265978177,-2.77810738974563,-3.54217602225476,-1.03839232273219,-2.49796602018367,-1.91281036287745,15,360,0.11753457,6.8551564,4.0716004
Selection 2,TGAGCATTCCGGGTGT-400.2.3,TGAGCATTCCGGGTGT-400.2.3,1573,400_minutes,Waterston_400_minutes,1.22259463991621,380,370,330-390,330-390,ABpxaapappp,864,ASI_parent,-0.900806339640494,-1.35575394795846,-1.81085114367863,-2.77406821119713,-1.9843410605833,-3.02014621866268,-2.46884806067133,15,370,0.1232739,6.6677732,4.1142216
Selection 2,TCAGGTATCGAACTGT-400.2.2,TCAGGTATCGAACTGT-400.2.2,1532,400_minutes,Waterston_400_minutes,1.19072790104999,360,360,330-390,330-390,ABpxaapappp,855,ASI_parent,1.16538141729348,0.304556756333808,-1.74250082614612,-2.52242282239457,-0.0900460405531188,-1.64705209273413,-1.68810862127837,15,360,0.12081653,6.6919317,4.0768867
Selection 2,GGGCATCAGGTGATAT-400.2.1,GGGCATCAGGTGATAT-400.2.1,1552,400_minutes,Waterston_400_minutes,1.20627265171644,360,365,330-390,330-390,ABpxaapappp,851,ASI_parent,0.800372406991061,-0.117922548818946,-2.49423865824394,-2.89637037423336,0.163558547887098,-1.75950628784109,-1.73132907101503,15,365,0.122529946,6.957602,3.915062
Selection 2,ACGCCGAAGAAGGGTA-400.2.1,ACGCCGAAGAAGGGTA-400.2.1,1418,400_minutes,Waterston_400_minutes,1.10212282225123,350,370,330-390,330-390,ABpxaapappp,719,ASI_parent,1.51342962289727,0.556215463776721,-2.29534835395073,-2.87645170861803,0.470045616450172,-1.56580664532096,-1.78917485589092,15,370,0.12091778,6.9633904,3.902539
Selection 2,CGGACGTGTGTGAATA-400.2.2,CGGACGTGTGTGAATA-400.2.2,872,400_minutes,Waterston_400_minutes,0.677751129057174,410,410,390-450,390-450,ABalpppapppa/ABpraaaapppa,494,ASK,-1.64758446429252,-0.371927257759798,-3.11341735482776,-3.80193769860737,0.749591470240172,-3.44512159461993,-5.08245468024509,5,410,0.17042188,7.2943015,3.2022548
Selection 2,CCTTCGAGTCGCGGTT-b01,CCTTCGAGTCGCGGTT-b01,766,mixed,Murray_b01,0.595363950524994,320,350,330-390,270-330,ABpxaapappp,492,ASI_parent,2.30399902907632,0.182284420938656,-1.77152207422231,-1.69138848355594,0.450059501617159,0.580853799063331,1.96699431025289,15,350,0.11064669,6.4989257,4.969495
Selection 2,GAGCAGACAGGCTGAA-b01,GAGCAGACAGGCTGAA-b01,625,mixed,Murray_b01,0.485773458326529,320,360,330-390,270-330,ABpxaapappp,408,ASI_parent,2.39120319015365,0.436193395003324,-2.17092978617296,-2.18301652392056,1.35707184962802,0.576548514248159,1.55005717249713,15,360,0.114834405,6.403387,4.7610497
Selection 2,GTTAAGCCAAGCCATT-b01,GTTAAGCCAAGCCATT-b01,1400,mixed,Murray_b01,1.08813254665143,330,350,330-390,330-390,ABpxaapappp,840,ASI_parent,2.02601575976214,0.610336605953443,-1.76938121255808,-2.28210867919574,0.884078570618297,-0.054561863094471,0.681889218638143,15,350,0.11599216,6.4894104,4.602201
Selection 2,CCACTACCAGTCTTCC-b02,CCACTACCAGTCTTCC-b02,881,mixed,Murray_b02,0.684746266857076,360,360,330-390,330-390,ABpxaapappp,603,ASI_parent,2.09540870510549,0.0957799139468721,-2.20464541671248,-2.55730885485832,1.71890258999875,1.08078312421802,2.79543149570216,15,360,0.115773775,6.316905,5.2508316
Selection 2,TAGGCATGTCCAAGTT-b01,TAGGCATGTCCAAGTT-b01,902,mixed,Murray_b01,0.701068255056847,300,320,270-330,270-330,ABpxaapappp,614,ASI_parent,2.06189122979134,-0.067880610993298,-2.44769308610994,-2.13493766659985,0.417165842691616,0.154819589425641,1.32993625108345,15,320,0.111434154,6.5247526,4.762538
Selection 2,CTTAACTGTTGCCTCT-400.2.2,CTTAACTGTTGCCTCT-400.2.2,2292,400_minutes,Waterston_400_minutes,1.78142842637505,340,390,390-450,330-390,,1153,ADF_AWB,2.74191502353975,1.25975353066853,-2.85636397625138,-3.77684762647032,1.07675427493946,-1.75711125561313,-2.42604545320697,5,390,0.08359163,6.478236,5.7298675
Selection 2,GTGCATACAAGTCATC-b01,GTGCATACAAGTCATC-b01,729,mixed,Murray_b01,0.566606161792064,300,340,330-390,270-330,ABpxaapappp,461,ASI_parent,1.58724515595646,-0.336418672593002,-1.84619528757369,-1.58310019472016,-0.409282657649893,0.0379902473299351,1.56994374925445,15,340,0.11131804,6.4497685,4.8996525
Selection 2,TCGGGACAGGCGACAT-b01,TCGGGACAGGCGACAT-b01,779,mixed,Murray_b01,0.605468038458186,340,350,330-390,330-390,ABpxaapappp,477,ASI_parent,1.17691824486836,-0.264122180578673,-1.75294418349057,-1.71778865176709,0.251026182726626,0.493396615927902,2.01122211759273,15,350,0.11650632,6.513049,4.5855618
Selection 2,GAACGGAAGGAGCGAG-500.1.1,GAACGGAAGGAGCGAG-500.1.1,1395,500_minutes,Waterston_500_minutes_batch_1,1.08424635898481,340,340,330-390,330-390,ABpxaapappp,777,ASI_parent,0.483119948142931,1.05524072192784,3.17886196963815,2.37349723169809,-0.486468123427997,1.13175439253964,2.23690664273219,15,340,0.12503232,6.289665,4.5626497
Selection 2,CCAGCGACATCAGTAC-500.1.1,CCAGCGACATCAGTAC-500.1.1,2151,500_minutes,Waterston_500_minutes_batch_1,1.67183793417658,370,350,330-390,330-390,ABpxaapappp,1115,ASI_parent,-1.50200156729252,-0.376525763505843,2.32150611633755,1.14672167673856,-2.15216197892361,-1.14200944589164,-0.253612064802153,15,350,0.12658854,6.313777,4.5336695
Selection 2,TTTATGCAGACACTAA-b01,TTTATGCAGACACTAA-b01,1713,mixed,Murray_b01,1.33140789458135,490,640,580-650,450-510,ABpxaapapppa,1011,ASI,-7.31346580573289,-7.08167415452372,-3.97133075500465,-3.0415855853016,-4.4867353665991,-4.70366694278947,-3.61616166695945,16,640,0.35773778,4.7263875,1.1117913
Selection 2,CCACCTACAATCCGAT-400.2.1,CCACCTACAATCCGAT-400.2.1,885,400_minutes,Waterston_400_minutes,0.687855216990365,450,450,450-510,450-510,ABpxaapapppa,562,ASI,-4.4043784732386,-2.85713564463046,-2.26167510677578,-3.0038171336166,-1.59546489922953,-3.86379866070977,-4.02288317717484,15,450,0.20385762,6.12254,2.6580021
Selection 2,AGGGAGTAGTCAATAG-500.2.2,AGGGAGTAGTCAATAG-500.2.2,751,500_minutes,Waterston_500_minutes_batch_2,0.583705387525158,350,350,330-390,330-390,ABpxaapappp,478,ASI_parent,-0.633922429338153,-0.317941118746595,1.28391778805627,1.95695595991131,-1.16789858594675,0.779876539316818,1.85793208734132,15,350,0.14317355,5.8989615,4.111255
Selection 2,AGCTCTCCAGCGATCC-b01,AGCTCTCCAGCGATCC-b01,714,mixed,Murray_b01,0.554947598792227,360,370,330-390,330-390,ABpxaapappp,472,ASI_parent,1.43118383757621,0.481416525073485,-0.261369221165606,-0.486219714862582,1.13699133983924,1.26807902415563,2.37671332346663,15,370,0.14088885,5.9033065,4.2062035
Selection 2,ATTATCCGTTGGGACA-b02,ATTATCCGTTGGGACA-b02,690,mixed,Murray_b02,0.536293897992488,410,410,390-450,390-450,ABpxaapapppa,477,ASI,-3.09111180637824,-3.88670969029336,-2.5899520519703,-2.71173683719825,-2.12101029449858,-1.98042474311327,0.575361509114721,15,410,0.17342028,5.9053984,3.211505
Selection 2,ACAGCTATCACAATGC-500.1.1,ACAGCTATCACAATGC-500.1.1,1223,500_minutes,Waterston_500_minutes_batch_1,0.950561503253353,350,370,330-390,330-390,ABpxaapappp,793,ASI_parent,-0.473375834243276,0.748341843873465,2.66262354285111,1.86334765284029,-0.842379338346891,0.42811678279932,0.864376589724292,15,370,0.14734592,5.9125786,3.8905854
Selection 2,TTCGAAGCATTGGCGC-500.1.1,TTCGAAGCATTGGCGC-500.1.1,969,500_minutes,Waterston_500_minutes_batch_1,0.753143169789451,390,375,330-390,390-450,ABpxaapappp,628,ASI_parent,0.414065608653739,2.39985123324971,3.36075138283844,1.9769600241025,0.876304060629972,0.598943621612382,-0.19018513478319,15,375,0.15329634,5.935012,3.5549095
Selection 2,AGAGTGGCAGCTGCTG-500.1.1,AGAGTGGCAGCTGCTG-500.1.1,684,500_minutes,Waterston_500_minutes_batch_1,0.531630472792554,350,365,330-390,330-390,ABpxaapappp,460,ASI_parent,1.65570792283549,5.83375335100191,9.91084288881632,8.02208903846305,2.03256612414816,4.66306004193744,3.8460313615769,15,365,0.1475785,5.927926,4.139251
Selection 2,GCGCCAACAGCCTATA-400.2.3,GCGCCAACAGCCTATA-400.2.3,926,400_minutes,Waterston_400_minutes,0.719721955856586,420,410,390-450,390-450,ABpxaapapppa,557,ASI,-3.07936865679448,-1.86279124714511,-1.28663260202681,-2.68235362553964,-1.94452514133351,-4.03229048459521,-4.27370145499577,15,410,0.19007081,5.9567738,2.9286113
Selection 2,ACCCACTAGTTGCAGG-500.2.2,ACCCACTAGTTGCAGG-500.2.2,1214,500_minutes,Waterston_500_minutes_batch_2,0.94356636545345,350,360,330-390,330-390,ABpxaapappp,746,ASI_parent,-0.632606389254987,0.827767738131172,3.26656855824478,4.33826675920494,-0.500664113248806,1.80159619498711,1.99835845050776,15,360,0.14080578,5.975433,4.361637
Selection 2,GTTCATTAGATAGGAG-400.2.2,GTTCATTAGATAGGAG-400.2.2,967,400_minutes,Waterston_400_minutes,0.751588694722806,410,410,390-450,390-450,ABpxaapapppa,612,ASI,-4.09902319536877,-2.75926603093765,-0.879912768169992,-2.18516702580878,-3.09543488000445,-4.45007608913496,-4.2413171507135,15,410,0.17474456,6.001526,3.0706646
Selection 2,CGGACGTAGTCGTACT-500.2.1,CGGACGTAGTCGTACT-500.2.1,1365,500_minutes,Waterston_500_minutes_batch_2,1.06092923298514,350,370,330-390,330-390,ABpxaapappp,784,ASI_parent,-0.56697411223483,-0.179068136278157,1.55274817673857,1.3875842123309,-1.12063888356585,0.0448830457682858,1.06424203937618,15,370,0.14098589,5.9608164,4.206624
Selection 2,AGCTCTCGTCTCCCTA-b01,AGCTCTCGTCTCCCTA-b01,631,mixed,Murray_b01,0.490436883526464,430,490,450-510,390-450,ABpxaapapppa,485,ASI,0.633642843139531,1.98511680528112,2.51444847032974,4.69714850111714,3.42160043980936,6.01279008342299,6.52463450649829,15,490,0.1656488,5.9937706,3.436241
Selection 2,GAGCAGATCTGCCCTA-400.2.3,GAGCAGATCTGCCCTA-400.2.3,991,400_minutes,Waterston_400_minutes,0.770242395522545,370,410,390-450,330-390,ABpxaapapppa,634,ASI,-0.747770881545071,-1.337176378716,-2.26635318161695,-2.51018483411194,-1.39171724194609,-2.44435275739387,-2.15820554795845,15,410,0.1516084,5.9907904,3.3479295
Selection 2,ATTGGTGTCATGGTCA-500.1.3,ATTGGTGTCATGGTCA-500.1.3,950,500_minutes,Waterston_500_minutes_batch_1,0.738375656656325,390,370,330-390,390-450,ABpxaapappp,546,ASI_parent,-2.95944166091846,-2.66008747929805,-0.992828214249371,-1.98462885291444,-3.14364646459457,-3.1632322832639,-2.01633299012102,15,370,0.14626056,5.962208,4.058138
Selection 2,GGCAATTAGAACTGTA-500.1.2,GGCAATTAGAACTGTA-500.1.2,766,500_minutes,Waterston_500_minutes_batch_1,0.595363950524994,350,380,330-390,330-390,ABpxaapappp,504,ASI_parent,-1.32668855343165,-1.3376411084511,-0.313697949091782,-1.11763918327006,-2.1170999598432,-2.30139949479553,-1.43176391525926,15,380,0.1488545,5.988967,4.0570965
Selection 2,CATTATCTCGTACGGC-500.1.1,CATTATCTCGTACGGC-500.1.1,896,500_minutes,Waterston_500_minutes_batch_1,0.696404829856912,380,370,330-390,330-390,ABpxaapappp,572,ASI_parent,-0.755015430514103,1.36279071085983,3.79020306344393,2.70535231465666,-0.517034183692828,0.400213392869834,0.264323808760146,15,370,0.1478489,5.966552,3.947603
Selection 2,TCAGCAACAGGTGCCT-b01,TCAGCAACAGGTGCCT-b01,839,mixed,Murray_b01,0.652102290457533,370,370,330-390,330-390,ABpxaapappp,580,ASI_parent,-1.43068823396305,-1.71234872602284,-1.31962072494322,-1.32043184617961,-1.47434104508197,-1.33390206106746,-0.193618345697361,15,370,0.14153561,6.006359,3.9416287
Selection 2,TATTACCGTTGGTGGA-400.2.2,TATTACCGTTGGTGGA-400.2.2,904,400_minutes,Waterston_400_minutes,0.702622730123492,410,380,330-390,390-450,ABpxaapappp,542,ASI_parent,-2.36058240454655,-2.09655406331491,-1.89610700637252,-2.69439206075412,-2.33181932043125,-3.82130963084186,-3.49350091157933,15,380,0.1521623,6.3182244,3.3978677
Selection 2,ACTTGTTCAACTGCTA-400.2.2,ACTTGTTCAACTGCTA-400.2.2,939,400_minutes,Waterston_400_minutes,0.729826043789778,370,360,330-390,330-390,ABpxaapappp,564,ASI_parent,0.328555747390308,-0.673510619468062,-2.36993764437329,-2.82297566944398,-0.465241039860855,-1.80433076870237,-1.10761726595812,15,360,0.12672986,6.433438,4.159269
Selection 2,TAAGTGCTCGTAGGAG-b01,TAAGTGCTCGTAGGAG-b01,980,mixed,Murray_b01,0.761692782655998,370,380,330-390,330-390,ABpxaapappp,654,ASI_parent,-0.0702078491084663,-1.45808257882427,-2.24220511490958,-2.46217266355083,-1.35034468692057,-1.82107680465792,-0.729670443490908,15,380,0.13413054,6.120283,4.215992
Selection 2,ATCACGACAGATCCAT-b01,ATCACGACAGATCCAT-b01,580,mixed,Murray_b01,0.450797769327019,360,365,330-390,330-390,ABpxaapappp,417,ASI_parent,-0.385667406696763,-0.757794494409037,-1.09742095777511,-1.0054414068995,0.399277120437803,0.794530673648306,2.35225276311222,15,365,0.1381856,6.121596,4.2047772
Selection 2,TTCTCAACATGTTGAC-500.1.1,TTCTCAACATGTTGAC-500.1.1,1750,500_minutes,Waterston_500_minutes_batch_1,1.36016568331428,380,380,330-390,330-390,ABpxaapappp,904,ASI_parent,-0.358376891802547,0.0011985959094887,1.36809397076591,0.324075967241267,-1.25426535809308,-0.549457042077026,0.475188603250088,15,380,0.13005838,6.1133466,4.3809047
Selection 2,CAGCCGAGTAGGAGTC-400.2.2,CAGCCGAGTAGGAGTC-400.2.2,1978,400_minutes,Waterston_400_minutes,1.5373758409118,380,415,390-450,330-390,ABpxaapapppa,1134,ASI,0.481048574384545,-0.233390695391894,-2.82771807737557,-3.21547139016623,0.331881354824194,-2.27821605201615,-2.97364935504229,15,415,0.10819426,6.2053957,3.6076107
Selection 2,GCAGTTAGTTATGCGT-500.1.2,GCAGTTAGTTATGCGT-500.1.2,1670,500_minutes,Waterston_500_minutes_batch_1,1.29798668064849,350,360,330-390,330-390,ABpxaapappp,893,ASI_parent,0.267355294115861,-0.086523728142425,0.863409165721058,0.0677962405357371,-1.23838770849917,-0.463363740794036,0.81418720301544,15,360,0.13142186,6.1488905,4.384809
Selection 2,CGCTATCTCATGTAGC-b01,CGCTATCTCATGTAGC-b01,843,mixed,Murray_b01,0.655211240590823,350,360,330-390,330-390,ABpxaapappp,562,ASI_parent,2.51849632737717,1.3799343748686,-0.982766534272602,-1.11089501879584,2.46130830556255,1.8888496703895,2.61416373699271,15,360,0.13479418,6.0882444,4.218628
Selection 2,ATTGGACGTTAGAACA-b01,ATTGGACGTTAGAACA-b01,548,mixed,Murray_b01,0.425926168260701,410,410,390-450,390-450,ABpxaapapppa,396,ASI,0.15381802902467,0.962186494785678,0.174432080308233,-0.0249288224543708,1.72936878749383,0.434603570834698,-0.0399004872160548,15,410,0.14595807,6.2186494,3.7480342
Selection 2,TGAGCATAGGCATGGT-b01,TGAGCATAGGCATGGT-b01,1025,mixed,Murray_b01,0.796668471655508,350,375,330-390,330-390,ABpxaapappp,665,ASI_parent,1.45037550268979,0.270674519746565,-1.22454048436542,-0.881654310228222,1.41806039623295,1.41212431826485,2.63510398507886,15,375,0.13634908,6.250549,4.086705
Selection 2,GCGCAGTTCAACGGCC-400.2.2,GCGCAGTTCAACGGCC-400.2.2,941,400_minutes,Waterston_400_minutes,0.731380518856423,370,370,330-390,330-390,ABpxaapappp,597,ASI_parent,-2.40796445305148,-2.26907758062692,-1.65832128321937,-1.92715348193719,-2.57566163658191,-2.98842475420153,-2.17289182848742,15,370,0.14384708,6.189198,3.5532753
Selection 2,CCGTGGAAGACGCTTT-500.2.1,CCGTGGAAGACGCTTT-500.2.1,1323,500_minutes,Waterston_500_minutes_batch_2,1.0282852565856,350,350,330-390,330-390,ABpxaapappp,821,ASI_parent,-1.19564604753896,-0.790459157397265,1.04367327775167,1.59136223240183,-1.47593113848517,0.32280788967529,1.56778385659222,15,350,0.13477927,6.0151834,4.344449
Selection 2,GTATCTTAGGAGCGAG-400.2.1,GTATCTTAGGAGCGAG-400.2.1,792,400_minutes,Waterston_400_minutes,0.615572126391378,380,370,330-390,330-390,ABpxaapappp,493,ASI_parent,-0.155013673166623,0.36454374207949,-0.254169297347983,-1.62348550594088,-0.558907911127142,-1.71770990565803,-1.80422369172077,15,370,0.12980455,6.308234,4.1675377
Selection 2,AGACGTTAGTGAAGTT-500.1.2,AGACGTTAGTGAAGTT-500.1.2,1115,500_minutes,Waterston_500_minutes_batch_1,0.866619849654528,380,380,330-390,330-390,ABpxaapappp,657,ASI_parent,-2.12620921625041,-1.84470495748233,0.591142114489129,-0.624222939876018,-3.18786910939768,-2.78486476656582,-1.50059358539493,15,380,0.13808651,6.185619,4.201432
Selection 2,AGCTCCTGTTATTCTC-b02,AGCTCCTGTTATTCTC-b02,896,mixed,Murray_b02,0.696404829856912,340,350,330-390,330-390,ABpxaapappp,584,ASI_parent,0.931462631633383,-0.734478007119837,-1.67625209040175,-1.32181296996364,-0.0876904986070179,0.59367984133204,2.51597690994816,15,350,0.12559584,6.197577,4.428687
Selection 2,TCATTACAGTACGCGA-400.2.1,TCATTACAGTACGCGA-400.2.1,902,400_minutes,Waterston_400_minutes,0.701068255056847,390,370,330-390,390-450,ABpxaapappp,551,ASI_parent,-0.924332273300225,-1.25763366425955,-1.8165493777295,-2.84308386550296,-2.03469784971298,-2.98277492827266,-2.40362423706309,15,370,0.1442234,6.337061,3.6927917
Selection 2,AGGCCACAGTTAAGTG-b01,AGGCCACAGTTAAGTG-b01,912,mixed,Murray_b01,0.708840630390072,350,375,330-390,330-390,ABpxaapappp,588,ASI_parent,1.07557608157734,-0.36244232387841,-2.27922132150759,-2.40670991718015,0.304886333736064,-0.267180184568885,0.7176445726925,15,375,0.13107549,6.215372,4.195172
Selection 2,CTACATTCATATGCTG-500.1.2,CTACATTCATATGCTG-500.1.2,2180,500_minutes,Waterston_500_minutes_batch_1,1.69437782264293,380,350,330-390,330-390,ABpxaapappp,1057,ASI_parent,-1.94780034625544,-2.24652348342087,-1.34992460545832,-2.04594130954407,-2.71326491442307,-2.94085205908728,-1.71568843934094,15,350,0.13213706,6.272483,4.065737
Selection 2,GTATCTTAGATGGCGT-400.2.3,GTATCTTAGATGGCGT-400.2.3,1147,400_minutes,Waterston_400_minutes,0.891491450720847,360,380,330-390,330-390,ABpxaapappp,640,ASI_parent,-1.58634534402895,-1.74019317491995,-1.09976256167147,-2.09099801114119,-2.621064288738,-3.21707357208635,-2.46045429575412,15,380,0.12552412,6.4977474,4.233823
Selection 2,GCATACATCTGTTGAG-500.1.3,GCATACATCTGTTGAG-500.1.3,1335,500_minutes,Waterston_500_minutes_batch_1,1.03761210698547,380,370,330-390,330-390,ABpxaapappp,695,ASI_parent,-2.13021354058612,-2.15541158796879,-1.08409524373335,-2.13135327501367,-3.01195275949393,-3.28724257118532,-2.25803322144612,15,370,0.13841787,6.1394463,4.096508
Selection 2,ACATACGCAGGACCCT-b01,ACATACGCAGGACCCT-b01,837,mixed,Murray_b01,0.650547815390888,350,370,330-390,330-390,ABpxaapappp,572,ASI_parent,0.325512944104847,-1.04282489277919,-1.86876752167225,-2.18048742075778,-0.73682770957001,-0.514604256451653,1.14095026664206,15,370,0.13653354,6.0982833,4.117002
Selection 2,ATTTCTGTCCCGACTT-b01,ATTTCTGTCCCGACTT-b01,588,mixed,Murray_b01,0.457015669593599,430,410,390-450,390-450,ABpxaapapppa,433,ASI,-0.385983990575518,-0.585527443410559,-0.752232421219161,-1.0035579875744,0.577098512309143,0.649985843548461,1.99838060898355,15,410,0.16127098,6.1355767,3.258999
Selection 2,ACGGGCTTCAACCAAC-400.2.3,ACGGGCTTCAACCAAC-400.2.3,815,400_minutes,Waterston_400_minutes,0.633448589657794,390,380,330-390,390-450,ABpxaapappp,526,ASI_parent,-1.04782375937509,-1.0126223358517,-2.15807134968262,-2.9161036874983,-1.03917126154243,-2.87914381938164,-2.95092045671521,15,380,0.14803404,6.4300966,3.3467102
Selection 2,GTGCAGCCAAGTCTAC-400.2.3,GTGCAGCCAAGTCTAC-400.2.3,889,400_minutes,Waterston_400_minutes,0.690964167123655,410,415,390-450,390-450,ABpxaapapppa,594,ASI,-0.580702411104019,-1.16280830273484,-2.30202948596273,-3.41832512828862,-1.7418190604151,-3.53656300103013,-3.34671392645475,15,415,0.15535812,6.0550957,3.3618903
Selection 2,GACTACACAGTATAAG-400.2.2,GACTACACAGTATAAG-400.2.2,804,400_minutes,Waterston_400_minutes,0.624898976791247,370,365,330-390,330-390,ABpxaapappp,491,ASI_parent,-1.33056746670789,-1.30332029807342,-1.48897710737446,-2.42675488458131,-2.09050044541543,-2.88948889989219,-2.14373331306014,15,365,0.13179697,6.419964,3.8486588
Selection 2,CACACTCCAGGGTACA-400.2.2,CACACTCCAGGGTACA-400.2.2,3143,400_minutes,Waterston_400_minutes,2.44285756723245,380,415,390-450,330-390,ABalpppppppa/ABpraaappppa,1565,ASJ,-0.31065479064694,-0.937526035579227,-3.53854501007127,-3.75195436987297,0.0081309662991166,-2.85239080588689,-3.43967289255681,15,415,0.1300519,6.4299684,3.5994556
Selection 2,TGCTGCTTCGCTAGCG-400.2.3,TGCTGCTTCGCTAGCG-400.2.3,923,400_minutes,Waterston_400_minutes,0.717390243256618,420,410,390-450,390-450,ABpxaapapppa,579,ASI,-0.61855875916324,0.60686807409518,-0.38394448895374,-1.7314268829207,0.453209086142882,-2.11020009185275,-3.01013736952435,15,410,0.16468932,6.4083323,3.0473378
Selection 2,TACCTATCAATCAGAA-b01,TACCTATCAATCAGAA-b01,882,mixed,Murray_b01,0.685523504390398,410,440,390-450,390-450,ABpxaapapppa,629,ASI,-0.324422179334684,-0.0494246859661316,0.297620382094573,-0.0943723365103526,1.75455617535782,1.11255664813013,2.07297822637529,15,440,0.16551034,6.306731,3.0022511
Selection 2,GTTAAGCAGAGTTGGC-r17,GTTAAGCAGAGTTGGC-r17,1074,mixed,Murray_r17,0.834753110788308,420,420,390-450,390-450,ABpxaapapppa,670,ASI,0.150375871251122,1.31066529835993,0.18028223835566,-1.07251651226577,2.04921665272275,0.222955772897123,-0.553111020639039,15,420,0.18586175,6.2437525,2.8716257
Selection 2,CGGACTGCATTGAGCT-r17,CGGACTGCATTGAGCT-r17,788,mixed,Murray_r17,0.612463176258088,420,450,450-510,390-450,ABpxaapapppa,511,ASI,1.27525943125398,2.80778938649758,0.154414894230274,-0.729394894932636,4.56726777657451,1.7111250811502,-0.143281664223701,15,450,0.18912537,6.4245114,2.7846878
Selection 2,GCAATCATCATGCTCC-400.2.1,GCAATCATCATGCTCC-400.2.1,1003,400_minutes,Waterston_400_minutes,0.779569245922414,450,450,450-510,450-510,ABpxaapapppa,596,ASI,-2.9169792728332,-1.93663466523456,-2.43386504927606,-2.93474819297148,-0.340621517753031,-3.92278297535552,-5.46336230031643,15,450,0.19902194,6.339101,2.7174876
Selection 2,AGGGATGCAAGGACTG-500.1.1,AGGGATGCAAGGACTG-500.1.1,1725,500_minutes,Waterston_500_minutes_batch_1,1.34073474498122,350,350,330-390,330-390,ABpxaapappp,950,ASI_parent,0.502638736398777,2.78499829977846,6.43512836821658,5.35922115646809,-0.0003403290486888,2.72935795599815,3.15909916868999,15,350,0.12787728,6.176556,4.470677
Selection 2,GGAATAAGTCGTTGTA-400.2.3,GGAATAAGTCGTTGTA-400.2.3,1474,400_minutes,Waterston_400_minutes,1.14564812411729,370,370,330-390,330-390,ABpxaapappp,780,ASI_parent,-0.811389853722468,-1.50738733999151,-1.98362037988437,-2.95948536470541,-2.25208783542409,-3.27209121886552,-2.74196299546864,15,370,0.12026333,6.5027742,4.277813
Selection 2,ATCACGATCCTCAACC-b01,ATCACGATCCTCAACC-b01,683,mixed,Murray_b01,0.530853235259231,420,435,390-450,390-450,ABpxaapapppa,509,ASI,-0.687606455958021,-0.570980494214008,0.16755862808727,-0.034413609758241,0.243496256699824,0.889262939319539,2.03233898069634,15,435,0.201167,5.4327536,3.0659869
Selection 2,ACAGCCGCAAACTGTC-500.1.1,ACAGCCGCAAACTGTC-500.1.1,867,500_minutes,Waterston_500_minutes_batch_1,0.673864941390561,420,420,390-450,390-450,ABpxaapapppa,571,ASI,-3.44152977890641,-0.75976831541581,3.63391013492554,1.74885952971811,-2.49555441656258,-1.58022203085472,-1.23177129880827,15,420,0.20322597,5.461325,2.9705641
Selection 2,ATTATCCCATGTAAGA-500.1.1,ATTATCCCATGTAAGA-500.1.1,1367,500_minutes,Waterston_500_minutes_batch_1,1.06248370805178,390,450,450-510,390-450,ABpxaapapppa,847,ASI,-3.05057213811433,1.28198625855099,7.65808451770623,6.48868412488375,-0.62932160105343,1.84258698272399,1.25679115904137,15,450,0.21714905,5.3750954,2.8542318
Selection 2,ATCCGAACACAGGAGT-b02,ATCCGAACACAGGAGT-b02,570,mixed,Murray_b02,0.443025393993795,450,450,450-510,450-510,ABpxaapapppa,449,ASI,-0.965673925473851,-2.12768389970405,-1.49526928468157,-1.91994569412158,-0.22430986113279,-0.45979083682787,1.28286733680743,15,450,0.21645857,5.338338,2.7760537
Selection 2,TCGTACCCAAGTAATG-500.2.2,TCGTACCCAAGTAATG-500.2.2,792,500_minutes,Waterston_500_minutes_batch_2,0.615572126391378,390,450,450-510,390-450,ABpxaapapppa,539,ASI,-1.17711755058097,4.34277678458922,9.79520990947054,10.7729854495793,2.4218749282022,6.19054043998928,4.75147672913272,17,450,0.21880472,5.388485,2.9886622
Selection 2,GTGCTTCTCCGCGTTT-500.1.1,GTGCTTCTCCGCGTTT-500.1.1,1205,500_minutes,Waterston_500_minutes_batch_1,0.936571227653548,420,410,390-450,390-450,ABpxaapapppa,737,ASI,-5.20201019447783,-2.65950758714697,1.70106707973637,0.037404052248946,-3.53120336922542,-3.31814551371147,-2.77781092158948,15,410,0.21908148,5.4654,2.6812274
Selection 2,CGTAGCGGTGGTACAG-b01,CGTAGCGGTGGTACAG-b01,583,mixed,Murray_b01,0.453129481926987,490,450,450-510,450-510,ABpxaapapppa,419,ASI,0.875720092983951,0.585831898816361,-0.390412588808513,-0.818712802981187,2.31757263273024,2.11308306872422,3.34458149963107,15,450,0.1811024,5.6396174,3.146655
Selection 2,GACACGCCAACGATCT-b01,GACACGCCAACGATCT-b01,533,mixed,Murray_b01,0.414267605260864,420,450,450-510,390-450,ABpxaapapppa,395,ASI,-3.18996833536488,-3.86345022623616,-2.33127633874864,-2.73513552554621,-3.18985291131396,-3.69274435595557,-2.40649093222353,15,450,0.19807705,5.535994,2.9582467
Selection 2,CACCTTGAGGTGTTAA-500.1.2,CACCTTGAGGTGTTAA-500.1.2,1239,500_minutes,Waterston_500_minutes_batch_1,0.962997303786512,410,450,450-510,390-450,ABpxaapapppa,719,ASI,-5.74852289125874,-4.61689118145021,-1.4601618976092,-2.61785850583518,-4.33322979805198,-5.04154969720672,-3.88286577274272,15,450,0.20167862,5.710128,2.9055648
Selection 2,TTCTACAGTACCGTTA-500.2.2,TTCTACAGTACCGTTA-500.2.2,765,500_minutes,Waterston_500_minutes_batch_2,0.594586712991672,370,380,330-390,330-390,ABpxaapappp,529,ASI_parent,-2.6610021673615,-0.99194866312008,3.12632865166265,2.60004027243602,-2.41727165178361,-0.313028660863453,0.571584071201459,15,380,0.16560382,5.6292253,3.6225266
Selection 2,GAGCAGAAGGAGCGTT-b01,GAGCAGAAGGAGCGTT-b01,837,mixed,Murray_b01,0.650547815390888,390,380,330-390,390-450,ABpxaapappp,565,ASI_parent,-0.723848123810528,-1.13658110088743,-1.8988459667738,-1.86897837810899,-0.363295616407604,-0.513910399722091,0.492366439319282,15,380,0.15493977,5.578069,3.7039757
Selection 2,GCGAGAAGTTAAGGGC-b01,GCGAGAAGTTAAGGGC-b01,552,mixed,Murray_b01,0.429035118393991,550,385,330-390,510-580,ABalpppppap/ABpraaappap,424,AWB,1.45446368937542,1.05973225940019,-1.01140717490226,-1.23653926079828,3.00261647155347,2.40126813459264,2.89924606036861,15,385,0.15574059,5.683019,3.9712973
Selection 2,AACTCAGAGTGTACGG-500.1.2,AACTCAGAGTGTACGG-500.1.2,1062,500_minutes,Waterston_500_minutes_batch_1,0.825426260388439,380,385,330-390,330-390,ABpxaapappp,613,ASI_parent,-3.3012644881976,-2.23859111509633,0.300435117595599,-0.761943891433719,-3.13396601275507,-3.0116311337076,-2.05290493407474,15,385,0.16818227,5.63303,3.4303834
Selection 2,CCGGTAGCATGCGCAC-500.1.3,CCGGTAGCATGCGCAC-500.1.3,1110,500_minutes,Waterston_500_minutes_batch_1,0.862733661987916,420,435,390-450,390-450,ABpxaapapppa,627,ASI,-5.03071608465482,-3.82854282632259,-0.709509570253478,-2.03651493088625,-4.21846924393638,-4.73470678391299,-3.96655826500433,15,435,0.19765577,5.5887337,3.0282202
Selection 2,GGCTCGATCGCGTTTC-500.2.2,GGCTCGATCGCGTTTC-500.2.2,1173,500_minutes,Waterston_500_minutes_batch_2,0.91169962658723,380,450,450-510,330-390,ABpxaapapppa,751,ASI,-2.87073613025344,-0.564803072332438,3.54160007772636,4.36422399439675,-1.25299654516116,1.39984894408954,1.83989554741323,15,450,0.18199827,5.5663767,3.448378
Selection 2,TACTTGTAGCGGATCA-500.1.3,TACTTGTAGCGGATCA-500.1.3,815,500_minutes,Waterston_500_minutes_batch_1,0.633448589657794,410,375,330-390,390-450,ABpxaapappp,474,ASI_parent,-3.20834665046896,-1.97744861451167,-0.13974870182125,-2.02373948396847,-3.18544411950176,-4.12888471369088,-3.89970461045776,15,375,0.1504146,5.686028,3.883049
Selection 2,CTCACACAGCCGTCGT-500.1.1,CTCACACAGCCGTCGT-500.1.1,1396,500_minutes,Waterston_500_minutes_batch_1,1.08502359651814,390,375,330-390,390-450,ABpxaapappp,836,ASI_parent,-3.01890314778782,-0.491889106445105,3.44672187659868,2.02247601908657,-2.27476737855413,-1.10600884717465,-0.598823903334338,15,375,0.17230836,5.549483,3.3220053
Selection 2,AGAGTGGCATGCCCGA-500.1.1,AGAGTGGCATGCCCGA-500.1.1,1238,500_minutes,Waterston_500_minutes_batch_1,0.962220066253189,380,375,330-390,330-390,ABpxaapappp,728,ASI_parent,-1.13172097880881,0.708604110583725,2.92341222026634,1.60328792711927,-0.881707967751192,-0.108544687453636,0.262617571497367,15,375,0.16285421,5.644286,3.55372
Selection 2,GGGTTGCTCCCTCAGT-500.1.1,GGGTTGCTCCCTCAGT-500.1.1,1160,500_minutes,Waterston_500_minutes_batch_1,0.901595538654038,380,380,330-390,330-390,ABpxaapappp,694,ASI_parent,-1.41186514048341,0.0773465713947772,2.20724175727497,0.854139711742098,-1.27332055208458,-0.822716139455184,-0.3097375137052,15,380,0.15732849,5.7280345,3.6828363
Selection 2,ACCGTAAGTGAGGGAG-b01,ACCGTAAGTGAGGGAG-b01,598,mixed,Murray_b01,0.464788044926823,430,450,450-510,390-450,ABpxaapapppa,430,ASI,-2.03124748035082,-2.40600196415223,-0.807287083092513,-1.06755615934567,-1.52584315573111,-1.20625709750598,0.217939973918491,15,450,0.1941712,5.5798173,3.1315956
Selection 2,ACTATCTTCACTGGGC-500.1.2,ACTATCTTCACTGGGC-500.1.2,1513,500_minutes,Waterston_500_minutes_batch_1,1.17596038791686,410,410,390-450,390-450,ABpxaapapppa,902,ASI,-4.96591328897653,-3.68736360888382,-0.715596336818625,-1.8982406365977,-4.06860595598782,-4.30302740604967,-3.31509883330558,15,410,0.19171658,5.559231,3.0859127
Selection 2,CGAACATTCTATCCCG-b01,CGAACATTCTATCCCG-b01,666,mixed,Murray_b01,0.51764019719275,420,450,450-510,390-450,ABpxaapapppa,467,ASI,-1.18447572367262,-1.06071511415633,0.0251749746063214,-0.430644969138115,-0.127382440343092,0.190300874846407,1.73495994933027,15,450,0.18674168,5.5777907,3.294472
Selection 2,CTGTTTAGTTAAAGTG-500.2.1,CTGTTTAGTTAAAGTG-500.2.1,752,500_minutes,Waterston_500_minutes_batch_2,0.58448262505848,380,410,390-450,330-390,ABpxaapapppa,547,ASI,-5.5552311243012,-1.87180098200619,6.95586198589469,7.75366963916999,-3.84034521450782,1.12250481439744,2.524476407926,15,410,0.177189,5.5654845,3.3907363
Selection 2,CCGGGATTCCAGATCA-400.2.2,CCGGGATTCCAGATCA-400.2.2,814,400_minutes,Waterston_400_minutes,0.632671352124472,420,410,390-450,390-450,ABpxaapapppa,530,ASI,-3.59671770343659,-3.09368963695763,-1.75826017738802,-3.04679990603496,-3.50942463330309,-4.5593881295456,-3.8310610872406,15,410,0.16239811,5.797287,3.3801713
Selection 2,GCGAGAAGTCGGCATC-b01,GCGAGAAGTCGGCATC-b01,519,mixed,Murray_b01,0.40338627979435,420,450,450-510,390-450,ABpxaapapppa,412,ASI,-0.204857109176797,-0.0788543543003527,-0.156804480530457,-0.331433162719007,1.20851054763111,1.50434146152568,2.55050176101266,15,450,0.16176307,5.8225746,3.516133
Selection 2,AGGTCCGCAAGACGTG-500.1.1,AGGTCCGCAAGACGTG-500.1.1,954,500_minutes,Waterston_500_minutes_batch_1,0.741484606789614,370,380,330-390,330-390,ABpxaapappp,561,ASI_parent,-2.18621016068392,-0.337110586733305,3.05109564634174,1.91256917693284,-2.55329149093223,-1.07531040617991,-0.402884228391739,15,380,0.15518792,5.750377,3.8569763
Selection 2,GCATGATTCGCTTGTC-b01,GCATGATTCGCTTGTC-b01,597,mixed,Murray_b01,0.464010807393501,380,385,330-390,330-390,ABpxaapappp,445,ASI_parent,0.525300675933241,0.359633887896095,-0.767343058136718,-1.53071712541839,1.07112688695295,0.66536925099242,1.16749208265691,15,385,0.1575472,5.7798247,3.719344
Selection 2,GATCTAGGTATGGTTC-b01,GATCTAGGTATGGTTC-b01,649,mixed,Murray_b01,0.504427159126268,360,355,330-390,330-390,ABpxaapappp,447,ASI_parent,1.3842081194294,0.0503713424682747,-1.08912335290218,-1.49370792938633,0.486954344457404,0.182347557633276,1.24920820540055,15,355,0.14895555,5.777606,3.802303
Selection 2,CAACTAGTCAAGAAGT-b01,CAACTAGTCAAGAAGT-b01,552,mixed,Murray_b01,0.429035118393991,420,370,330-390,390-450,ABpxaapappp,423,ASI_parent,-1.78065955362409,-1.98890805253852,-0.404004575181162,0.150081930692624,-1.91265554958502,-0.825770292718454,0.558754314910465,15,370,0.1564599,5.7540946,3.6627605
Selection 2,GCACTCTGTCCATCCT-500.1.1,GCACTCTGTCCATCCT-500.1.1,795,500_minutes,Waterston_500_minutes_batch_1,0.617903838991345,390,380,330-390,390-450,ABpxaapappp,516,ASI_parent,-1.13158094315248,1.02552706213049,4.25335926184251,3.12456118260699,-1.18923270900979,0.420276480933321,0.620921608439805,15,380,0.16265544,5.7679105,3.6972601
Selection 2,ACTGATGAGACAAGCC-500.1.2,ACTGATGAGACAAGCC-500.1.2,663,500_minutes,Waterston_500_minutes_batch_1,0.515308484592782,380,380,330-390,330-390,ABpxaapappp,431,ASI_parent,-2.30510119250284,-1.82724489465087,0.367981457027535,-0.979434154162377,-2.86906020368686,-2.87665065277456,-1.73627127970812,15,380,0.15815285,5.7416916,3.590178
Selection 2,GACTGCGTCAATCACG-500.1.1,GACTGCGTCAATCACG-500.1.1,1154,500_minutes,Waterston_500_minutes_batch_1,0.896932113454104,360,375,330-390,330-390,ABpxaapappp,658,ASI_parent,-1.41486687586313,0.645462023424725,4.03447406416725,2.90777578513063,-1.32698428088596,0.105081807607833,0.539177664598972,15,375,0.15468168,5.79507,3.6700733
Selection 2,GACGGCTTCGCAAACT-500.2.2,GACGGCTTCGCAAACT-500.2.2,762,500_minutes,Waterston_500_minutes_batch_2,0.592255000391705,380,375,330-390,330-390,ABpxaapappp,560,ASI_parent,-0.983607015712744,0.625791430176291,3.56496246081485,4.21896117994538,-0.57313364895572,2.41970474796816,3.26793217413997,15,375,0.16303673,5.750733,3.6888053
Selection 2,ACTTACTCAGCCAATT-500.1.2,ACTTACTCAGCCAATT-500.1.2,2336,500_minutes,Waterston_500_minutes_batch_1,1.81562687784124,380,370,330-390,330-390,ABpxaapappp,1159,ASI_parent,-1.90169571496309,-2.02180864270931,-0.668240603295187,-1.62389409666153,-2.940864000342,-2.55655039819498,-1.28990847412235,15,370,0.1478954,5.829956,4.080016
Selection 2,CGGAGTCAGGGAACGG-b01,CGGAGTCAGGGAACGG-b01,658,mixed,Murray_b01,0.51142229692617,370,370,330-390,330-390,ABpxaapappp,470,ASI_parent,0.0617308205696021,-0.944615161686567,-1.23390109663426,-1.76403422104799,-0.808106890578157,-0.833740646339716,0.575338862341131,15,370,0.14760995,5.85829,3.8540063
Selection 2,GAACATCCATAGTAAG-500.1.2,GAACATCCATAGTAAG-500.1.2,733,500_minutes,Waterston_500_minutes_batch_1,0.569715111925354,380,370,330-390,330-390,ABpxaapappp,473,ASI_parent,-2.09836314338926,-1.57902894769705,0.145775801734556,-0.666113754895572,-2.46739117854421,-1.97089063016735,-0.908012813724414,15,370,0.15582296,5.8442945,3.60589
Selection 2,CACACCTCAGATCTGT-500.1.1,CACACCTCAGATCTGT-500.1.1,1285,500_minutes,Waterston_500_minutes_batch_1,0.998750230319344,380,370,330-390,330-390,ABpxaapappp,759,ASI_parent,-0.808405515774166,0.803954146379428,3.43139001854613,1.65759414160565,-1.19408632017795,-0.48872307799145,-0.0108384123273184,15,370,0.15706931,5.847454,3.554913
Selection 2,ACGCCGAGTCTCCCTA-b01,ACGCCGAGTCTCCCTA-b01,1051,mixed,Murray_b01,0.816876647521892,430,425,390-450,390-450,ABpxaapapppa,640,ASI,-4.2591776056654,-2.99692417181436,0.184164960706275,-0.298541886415044,-2.23830765024105,-1.76885316886125,-0.942122474646056,15,425,0.2002245,5.875223,2.876149
Selection 2,GGGAATGGTAGGGTAC-500.1.2,GGGAATGGTAGGGTAC-500.1.2,799,500_minutes,Waterston_500_minutes_batch_1,0.621012789124635,370,375,330-390,330-390,ABpxaapappp,491,ASI_parent,-1.24641266345569,-0.645777504110131,1.77071543313095,0.99762171991575,-1.54967301932698,-0.680495082442267,0.598774842384298,15,375,0.14871134,5.884867,3.946073
Selection 2,CAGGTGCAGACAGAGA-500.1.1,CAGGTGCAGACAGAGA-500.1.1,1182,500_minutes,Waterston_500_minutes_batch_1,0.918694764387132,430,450,450-510,390-450,ABpxaapapppa,735,ASI,-5.25748509217225,-2.30462322403113,3.35932779449564,1.70828120737969,-3.40885488370381,-2.51627730629356,-2.24557565544243,15,450,0.266957,5.205798,2.1247122
Selection 2,TCAGCAAGTCCATCCT-b01,TCAGCAAGTCCATCCT-b01,756,mixed,Murray_b01,0.58759157519177,620,620,580-650,580-650,ABpxaapapppa,522,ASI,-3.99175586154188,-2.9135639122728,-1.42696977244198,-2.11681218140267,-1.27082878699832,-2.0323309195392,-1.68316409080976,15,620,0.3079938,5.210046,1.5958421
Selection 2,AGGTCATCACTGTCGG-b01,AGGTCATCACTGTCGG-b01,1670,mixed,Murray_b01,1.29798668064849,370,630,580-650,330-390,ABpxaapapppa,1039,ASI,-3.68665527414647,-4.20289931372847,-3.72611403693375,-2.78641479063569,-3.09200848953441,-3.70416391438173,-2.62619674345607,16,630,0.22281855,5.477187,1.526704
Selection 2,TCTCTAAGTCTTTCAT-r17,TCTCTAAGTCTTTCAT-r17,1337,mixed,Murray_r17,1.03916658205211,620,530,510-580,580-650,ABpxaapapppa,761,ASI,-3.63619544892944,-1.65114435483248,-2.463502668685,-2.25643315347729,1.68829334089585,-2.28486895812992,-4.78029856130207,16,530,0.3699608,5.3034697,1.1448803
Selection 2,GCTGCAGAGTGCTGCC-500.2.2,GCTGCAGAGTGCTGCC-500.2.2,862,500_minutes,Waterston_500_minutes_batch_2,0.669978753723949,450,490,450-510,450-510,ABpxaapapppa,611,ASI,-5.21931174114713,-2.46509216125049,3.86312217782889,5.06684957944307,-2.00468479563767,0.580216177535612,1.12190497093571,15,490,0.28546545,5.4414124,1.8753759
Selection 2,TGGCCAGCAAGTACCT-500.1.3,TGGCCAGCAAGTACCT-500.1.3,1388,500_minutes,Waterston_500_minutes_batch_1,1.07880569625156,550,550,510-580,510-580,ABpxaapapppa,752,ASI,-11.2916244815932,-8.97016353354955,-2.05615031097975,-3.0359794598115,-7.25444067003962,-8.43105038486033,-8.38230536472235,16,550,0.40859947,5.2627964,0.29600036
Selection 2,TCTTTCCGTAGCCTCG-b01,TCTTTCCGTAGCCTCG-b01,659,mixed,Murray_b01,0.512199534459493,620,500,450-510,580-650,ABpxaapapppa,503,ASI,-3.67423034281826,-3.47085080335266,-2.42944315025718,-1.27871934304606,-1.41102603626007,-0.879435325067747,0.0997341576551447,15,500,0.28937942,5.314047,1.8579532
Selection 2,GTCCTCACAGTCCTTC-b01,GTCCTCACAGTCCTTC-b01,574,mixed,Murray_b01,0.446134344127084,510,585,580-650,510-580,ABpxaapapppa,409,ASI,-4.96841639815175,-4.86647656152822,-1.78340629637328,-2.02706065704209,-3.41792473188401,-3.47179841593893,-2.70175290277599,15,585,0.2952967,5.4417114,1.7680513
Selection 2,TCGTACCAGGGATGGG-500.1.1,TCGTACCAGGGATGGG-500.1.1,1339,500_minutes,Waterston_500_minutes_batch_1,1.04072105711876,450,450,450-510,450-510,ABpxaapapppa,782,ASI,-6.136573511161,-2.6761406154306,3.54146353966885,2.54140668847516,-3.40655213144582,-2.28681146223684,-2.54009250933984,15,450,0.30826107,5.3201604,1.7320249
Selection 2,AGATTGCTCCGAGCCA-b01,AGATTGCTCCGAGCCA-b01,672,mixed,Murray_b01,0.522303622392684,550,490,450-510,510-580,ABpxaapapppa,503,ASI,-2.69226144162907,-1.55826930130025,-0.217411033580565,-0.154393902206503,0.21479928103314,0.0577707001894309,0.113366482773621,15,490,0.29746875,5.42572,1.7789648
Selection 2,ATTATCCGTACCATCA-b01,ATTATCCGTACCATCA-b01,525,mixed,Murray_b01,0.408049704994285,550,490,450-510,510-580,ABpxaapapppa,381,ASI,-3.48674747654712,-3.27738296971953,-1.53766844925688,-1.1867628870336,-1.80384980826566,-1.51837408006058,-0.746924228691698,15,490,0.30031642,5.3062167,1.7876477
Selection 2,CTAGCCTAGGTCATCT-b01,CTAGCCTAGGTCATCT-b01,834,mixed,Murray_b01,0.648216102790921,490,625,580-650,450-510,ABpxaapapppa,572,ASI,-7.70347857275503,-5.6838433944368,-1.12018009275303,-0.506098540737101,-3.78423643533007,-4.19371811647161,-3.89469144267152,15,625,0.3425696,5.224747,1.2468506
Selection 2,ATTTCTGTCTCGATGA-400.2.1,ATTTCTGTCTCGATGA-400.2.1,1071,400_minutes,Waterston_400_minutes,0.832421398188341,450,450,450-510,450-510,ABpxaapapppa,645,ASI,-5.33903298182025,-4.61461543535278,-2.23263882783827,-3.34782945355934,-3.74029486898797,-5.39562355223476,-5.1759089038375,15,450,0.27276966,5.532834,1.989614
Selection 2,GATGCTACAGGGAGAG-400.2.2,GATGCTACAGGGAGAG-400.2.2,941,400_minutes,Waterston_400_minutes,0.731380518856423,490,490,450-510,450-510,ABpxaapapppa,577,ASI,-5.43617709255092,-4.27870075501929,-1.98589771988585,-2.60497961651596,-3.25732685196292,-5.05944828286637,-5.61702634276275,15,490,0.26265106,5.7838936,1.9965845
Selection 2,AGACGTTCAGGATTGG-500.2.2,AGACGTTCAGGATTGG-500.2.2,868,500_minutes,Waterston_500_minutes_batch_2,0.674642178923884,380,450,450-510,330-390,ABpxaapapppa,592,ASI,-5.5325036053805,-3.1700015606045,2.78036687882179,3.2482973567202,-2.97883344258847,-1.12169563947728,-0.670265711979907,15,450,0.26685235,5.438023,2.1304822
Selection 2,GATCGATCACAGACAG-500.1.1,GATCGATCACAGACAG-500.1.1,1364,500_minutes,Waterston_500_minutes_batch_1,1.06015199545182,450,450,450-510,450-510,ABpxaapapppa,795,ASI,-6.65438133875331,-3.3882132068168,2.28930913608703,0.926656849331586,-3.9446542786329,-3.84142703262555,-3.98323019215783,15,450,0.2750182,5.3689637,2.1085644
Selection 2,TCTTTCCGTATAGTAG-b01,TCTTTCCGTATAGTAG-b01,551,mixed,Murray_b01,0.428257880860668,450,435,390-450,450-510,ABpxaapapppa,419,ASI,-0.554463465936607,-0.0861179907650318,-1.64405296088009,-2.2498319318707,1.67441483879875,-0.690731971975693,-1.39526338410524,15,435,0.23144458,5.983959,2.3084953
Selection 2,GAGGTGAGTAGAGCTG-b01,GAGGTGAGTAGAGCTG-b01,583,mixed,Murray_b01,0.453129481926987,450,435,390-450,450-510,ABpxaapapppa,435,ASI,-0.230406847806759,-0.0386922841525666,-0.320226882787737,0.267401765811225,1.53325676111024,1.53197214489588,1.53164977059618,15,435,0.23721687,5.843704,2.2375472
Selection 2,GGACATTGTATGAAAC-500.2.1,GGACATTGTATGAAAC-500.2.1,732,500_minutes,Waterston_500_minutes_batch_2,0.568937874392031,450,435,390-450,450-510,ABpxaapapppa,553,ASI,-3.71517769042311,-1.1505807742741,3.6668741590692,5.44285110454125,-1.32649971490521,1.5676808825332,2.00210942594655,15,435,0.25747406,5.296485,2.3314161
Selection 2,CAGTAACTCCTTCAAT-400.2.3,CAGTAACTCCTTCAAT-400.2.3,1196,400_minutes,Waterston_400_minutes,0.929576089853646,450,440,390-450,450-510,ABpxaapapppa,697,ASI,-5.31460198561503,-3.80886084587195,-2.11170232571535,-2.99699717860231,-2.87107019297492,-5.06828461289623,-5.44869380167178,15,440,0.23077449,5.8500423,2.377393
Selection 2,CACCACTTCTTGAGGT-b01,CACCACTTCTTGAGGT-b01,730,mixed,Murray_b01,0.567383399325386,450,420,390-450,450-510,ABpxaapapppa,516,ASI,-0.974050805763595,-1.12150451597893,-1.23875200239415,-0.63292183779373,0.503809395515116,0.188798045982482,0.693491788269507,15,420,0.21774143,6.0155683,2.4646623
Selection 2,ACGGGCTTCAGTTTGG-b01,ACGGGCTTCAGTTTGG-b01,1054,mixed,Murray_b01,0.819208360121859,510,520,510-580,510-580,ABpxaapapppa,682,ASI,-2.73777960225647,-2.52392979707719,-2.5983442455338,-2.10278672719377,-0.592214009849907,-1.43826787850135,-1.25290496411035,15,520,0.29618916,5.3483768,1.6605521
Selection 2,CATGCCTGTTGCTCCT-500.2.1,CATGCCTGTTGCTCCT-500.2.1,758,500_minutes,Waterston_500_minutes_batch_2,0.589146050258415,420,450,450-510,390-450,ABpxaapapppa,558,ASI,-4.79101134712556,-2.48208933059239,2.73419113693572,2.7166638530928,-2.7945932660478,-1.82704868435708,-1.58752632353776,15,450,0.24997735,5.8604994,2.03182
Selection 2,TGTATTCCATGCTAGT-500.2.2,TGTATTCCATGCTAGT-500.2.2,868,500_minutes,Waterston_500_minutes_batch_2,0.674642178923884,420,440,390-450,390-450,ABpxaapapppa,618,ASI,-4.7531719804475,-2.04538753369422,3.3223120710346,5.07089256528897,-1.46671902676378,0.873069363708671,0.948906367295219,15,440,0.26547506,5.5054636,2.129092
Selection 2,TTTATGCGTCAGCTAT-400.2.1,TTTATGCGTCAGCTAT-400.2.1,1138,400_minutes,Waterston_400_minutes,0.884496312920945,490,435,390-450,450-510,ABpxaapapppa,677,ASI,-6.66436546041286,-5.21668082380164,-3.08858266970753,-4.00756044533176,-3.32168957051448,-6.13695998295817,-6.4234970192027,15,435,0.25005308,5.704218,2.2446282
Selection 2,GATGAGGAGGATGTAT-500.1.1,GATGAGGAGGATGTAT-500.1.1,1267,500_minutes,Waterston_500_minutes_batch_1,0.98475995471954,410,450,450-510,390-450,ABpxaapapppa,778,ASI,-6.5462347403546,-3.35509784596834,3.33722625681232,2.42137135666412,-4.18468827284844,-3.09299674565444,-2.91142075634967,15,450,0.25726014,5.3734164,2.2888405
Selection 2,ATTTCTGTCCTAGGGC-400.2.3,ATTTCTGTCCTAGGGC-400.2.3,969,400_minutes,Waterston_400_minutes,0.753143169789451,450,420,390-450,450-510,ABpxaapapppa,597,ASI,-4.24369378132452,-3.18285215149814,-1.34286811048884,-2.64707947212569,-3.17950996583712,-4.38467912494132,-4.08517914203663,15,420,0.22735684,5.844659,2.443169
Selection 2,GGCTGGTCATCGATGT-400.2.1,GGCTGGTCATCGATGT-400.2.1,1148,400_minutes,Waterston_400_minutes,0.892268688254169,200,530,510-580,170-210,ABpxaapapppa,676,ASI,-1.5336203604313,-1.87803778616181,-3.24592069383044,-3.56553325615788,-1.41383317795983,-3.88860705246127,-4.95332836418509,15,530,0.24313004,5.7550397,2.0404408
Selection 2,TACGGGCCACGAAGCA-500.2.1,TACGGGCCACGAAGCA-500.2.1,729,500_minutes,Waterston_500_minutes_batch_2,0.566606161792064,380,420,390-450,330-390,ABpxaapapppa,528,ASI,-3.93494924820618,-1.29796166233317,4.98470840885395,5.42601711141824,-2.07630735941592,0.927953140480262,2.28080292391576,15,420,0.22514452,5.7051206,2.5084898
Selection 2,ACTGAGTCAACTGCGC-b01,ACTGAGTCAACTGCGC-b01,732,mixed,Murray_b01,0.568937874392031,640,470,450-510,580-650,ABpxaapapppa,528,ASI,-4.64102726131026,-3.61022151646197,-2.96974789964434,-1.06558323283092,-1.14635137872212,-0.368836290497442,-0.431137044563026,15,470,0.28309554,5.4545727,1.5547559
Selection 2,ACCTTTAGTACGACCC-400.2.1,ACCTTTAGTACGACCC-400.2.1,881,400_minutes,Waterston_400_minutes,0.684746266857076,450,450,450-510,450-510,ABpxaapapppa,565,ASI,-6.62787696478807,-4.88907009871497,-1.06060701748654,-2.43860921736802,-4.67172791948216,-5.53799194599394,-4.7583182553469,15,450,0.26891887,5.4048867,2.1725378
Selection 2,CGGAGTCTCCAACCAA-500.2.2,CGGAGTCTCCAACCAA-500.2.2,826,500_minutes,Waterston_500_minutes_batch_2,0.641998202524341,450,450,450-510,450-510,ABpxaapapppa,567,ASI,-4.34881100513135,-2.03794651442772,3.2504823099107,3.63083334998264,-2.29148407439912,0.13841307534238,0.997268612403181,15,450,0.23263128,5.530705,2.5397973
Selection 2,GTAACGTGTAGCTGCC-400.2.3,GTAACGTGTAGCTGCC-400.2.3,1166,400_minutes,Waterston_400_minutes,0.906258963853973,490,450,450-510,450-510,ABpxaapapppa,751,ASI,-4.27882638500669,-3.17545280079831,-1.59376136521722,-1.53583524313184,-1.96506488361987,-2.3238768343964,-1.41757821637126,15,450,0.23309036,5.897615,2.385064
Selection 2,TTTGTCATCCAGTAGT-400.2.2,TTTGTCATCCAGTAGT-400.2.2,990,400_minutes,Waterston_400_minutes,0.769465157989222,450,450,450-510,450-510,ABpxaapapppa,624,ASI,-6.26085486282908,-5.24824901517855,-2.73869263902569,-3.95469428728142,-4.46339813144221,-6.35134491423826,-6.08141321265284,15,450,0.24897939,5.7477846,2.1752791
Selection 2,CTACACCAGGCAGTCA-500.1.2,CTACACCAGGCAGTCA-500.1.2,1102,500_minutes,Waterston_500_minutes_batch_1,0.856515761721336,550,550,510-580,510-580,ABpxaapapppa,674,ASI,-10.7575400057168,-8.02517381945189,-0.906156374236068,-1.14212576519086,-7.2064409328421,-7.34362048210262,-7.79185744914958,16,550,0.41027588,5.240341,0.39699453
Selection 2,TCATTACTCGTGTAGT-500.1.3,TCATTACTCGTGTAGT-500.1.3,623,500_minutes,Waterston_500_minutes_batch_1,0.484218983259884,490,530,510-580,450-510,ABpxaapapppa,404,ASI,-7.76295790932867,-5.9710038241088,-0.647163770626061,-1.38408749224238,-5.50731284694854,-6.12125205050279,-6.37402310021968,16,530,0.37762764,5.270202,0.9527955
Selection 2,AACCATGTCTGGGCCA-500.1.1,AACCATGTCTGGGCCA-500.1.1,1125,500_minutes,Waterston_500_minutes_batch_1,0.874392224987753,420,450,450-510,390-450,ABpxaapapppa,705,ASI,-5.83175310211577,-2.93935772913423,3.97220855086054,2.51688218518701,-4.13534775364387,-2.5150251960092,-1.78809570559215,15,450,0.2757858,5.22523,2.1229877
Selection 2,TAGTTGGCAGCCAATT-500.1.2,TAGTTGGCAGCCAATT-500.1.2,1187,500_minutes,Waterston_500_minutes_batch_1,0.922580952053744,450,450,450-510,450-510,ABpxaapapppa,735,ASI,-5.84091012586891,-4.31975892405145,-0.561232600206075,-1.15464097909559,-3.6490765237936,-4.58033501373709,-4.70454615327114,15,450,0.28287753,5.3839865,1.8691479
Selection 2,CCAATCCTCATCGGAT-300.1.2,CCAATCCTCATCGGAT-300.1.2,1174,300_minutes,Waterston_300_minutes,0.912476864120553,450,450,450-510,450-510,ABpxaapapppa,741,ASI,-6.11271214730629,-5.07868242016739,-1.94913608974646,-3.08292305016356,-4.44906241533395,-5.92163930615733,-5.36264879958971,15,450,0.23193364,5.6353197,2.5151043
Selection 2,CTGCTGTAGGGAACGG-b01,CTGCTGTAGGGAACGG-b01,600,mixed,Murray_b01,0.466342519993468,450,450,450-510,450-510,ABpxaapapppa,441,ASI,-2.48430724388283,-2.0066794893372,0.194733959671766,-0.232127407598074,-0.391603563976076,-0.245119766431537,0.563795288666732,15,450,0.23560928,5.4293704,2.5291605
Selection 2,TCAACGATCCTATGTT-b01,TCAACGATCCTATGTT-b01,609,mixed,Murray_b01,0.47333765779337,550,550,510-580,510-580,ABpxaapapppa,473,ASI,-3.38492978575347,-3.47741540892646,-1.18096662059064,-0.840548615195048,-1.86563686590006,-1.62889230029271,-0.300577303401109,15,550,0.2310184,5.770907,2.5414515
Selection 2,GGCTCGAGTTTAGGAA-500.2.2,GGCTCGAGTTTAGGAA-500.2.2,766,500_minutes,Waterston_500_minutes_batch_2,0.595363950524994,400,450,450-510,390-450,ABpxaapapppa,553,ASI,-6.58301898124519,-4.46704237962842,2.61226528207067,3.66177046152746,-4.28795522472027,-1.56729804548721,-0.770708832537529,15,450,0.2560588,5.3291683,2.3352313
Selection 2,TGGGCGTGTCAAAGAT-b01,TGGGCGTGTCAAAGAT-b01,637,mixed,Murray_b01,0.495100308726399,620,470,450-510,580-650,ABpxaapapppa,468,ASI,0.405000282950598,0.642396262677661,0.473714767597637,0.940441733660282,2.9553540757067,3.40700412396995,3.57244455241054,15,470,0.26140758,5.6007957,2.0537596
Selection 2,GGGAGATAGTAGGCCA-500.1.1,GGGAGATAGTAGGCCA-500.1.1,1335,500_minutes,Waterston_500_minutes_batch_1,1.03761210698547,450,420,390-450,450-510,ABpxaapapppa,828,ASI,-4.98020160725518,-2.70575900986583,2.27201700308023,1.40765590170432,-3.23832858467095,-2.46139033566314,-2.06648302055197,15,420,0.22885361,5.4145765,2.5554981
Selection 2,GGTATTGTCTCGCTTG-r17,GGTATTGTCTCGCTTG-r17,1322,mixed,Murray_r17,1.02750801905227,550,435,390-450,510-580,ABpxaapapppa,810,ASI,-0.625636215913575,1.10412463668464,-0.609461473990945,-1.21633100768734,3.20490993235528,-0.285929401343603,-2.66807055221147,15,435,0.21662042,6.3146234,2.5625992
Selection 2,GACCTGGAGGTGCTTT-500.1.1,GACCTGGAGGTGCTTT-500.1.1,1375,500_minutes,Waterston_500_minutes_batch_1,1.06870160831836,420,380,330-390,390-450,ABpxaapappp,767,ASI_parent,-5.13091166382392,-2.26896475790682,2.4228099851976,0.703979328729281,-3.62276676572109,-2.60948960091016,-1.70112090997032,15,380,0.22564422,5.501519,2.5982702
Selection 2,AGCGTCGAGCAGACTG-500.1.2,AGCGTCGAGCAGACTG-500.1.2,1223,500_minutes,Waterston_500_minutes_batch_1,0.950561503253353,420,440,390-450,390-450,ABpxaapapppa,741,ASI,-7.08284669065302,-5.71947367392762,-0.792239474720698,-1.4590774800423,-5.54806792661658,-5.56458606656773,-4.45111830990161,15,440,0.22873066,5.458287,2.6318781
Selection 2,ACAGCTACACAGAGGT-500.2.1,ACAGCTACACAGAGGT-500.2.1,765,500_minutes,Waterston_500_minutes_batch_2,0.594586712991672,380,440,390-450,330-390,ABpxaapapppa,561,ASI,-4.3331559419407,-1.01803895300039,5.65518183168246,6.6396705575125,-1.89878458189733,1.68370667040409,2.20894576504167,15,440,0.23332997,5.541761,2.6350875
Selection 2,GAGGTGACACGTTGGC-500.1.1,GAGGTGACACGTTGGC-500.1.1,1536,500_minutes,Waterston_500_minutes_batch_1,1.19383685118328,490,550,510-580,450-510,ABpxaapapppa,891,ASI,-9.05277495278399,-5.27699596611437,2.26786702208744,1.26338174944201,-5.23217297776056,-4.11502682833912,-4.34444840992303,16,550,0.3962503,5.0933647,0.8055636
Selection 2,CTCGAAAGTTTGGCGC-b02,CTCGAAAGTTTGGCGC-b02,1283,mixed,Murray_b02,0.997195755252699,750,640,580-650,> 650,ABpxaapapppa,900,ASI,-3.70149461092108,-4.50520424657891,-3.94215154021046,-2.01409037869588,-1.72065669187827,-0.554172386558573,1.68548013333054,16,640,0.35947257,4.7401547,1.0192602
Selection 2,CTCGTACGTAGAAAGG-500.1.1,CTCGTACGTAGAAAGG-500.1.1,1168,500_minutes,Waterston_500_minutes_batch_1,0.907813438920618,550,585,580-650,510-580,ABpxaapapppa,735,ASI,-9.61512497206961,-4.28665529837172,4.87882800528045,4.20688959152593,-4.74964483551067,-2.3224493039758,-3.29276722680687,16,585,0.40845782,5.0560155,0.36146885
Selection 2,CACACAAAGAGGACGG-r17,CACACAAAGAGGACGG-r17,1420,mixed,Murray_r17,1.10367729731787,620,630,580-650,580-650,ABpxaapapppa,866,ASI,-0.734037285684685,1.93020987252959,0.476257147327421,0.0639451746475375,4.16965470529755,1.71959523530574,-1.12396524122519,16,630,0.38780513,4.823681,0.91798097
Selection 2,GACGCGTCAATCCAAC-b02,GACGCGTCAATCCAAC-b02,915,mixed,Murray_b02,0.711172342990039,620,640,580-650,580-650,ABpxaapapppa,619,ASI,-7.21268168948302,-6.97285051928848,-2.67787999907909,-1.89414920494277,-4.40826416149032,-2.72984015527204,-0.298333886440615,16,640,0.36585194,4.791362,1.1411207
Selection 2,CTCGGGAGTCTTGATG-500.1.1,CTCGGGAGTCTTGATG-500.1.1,1440,500_minutes,Waterston_500_minutes_batch_1,1.11922204798432,510,550,510-580,510-580,ABpxaapapppa,789,ASI,-9.9633452364636,-5.59399046903572,2.95650549580749,1.88503779368087,-5.7375036917417,-5.43297655469418,-6.49887050630089,16,550,0.4052926,4.8345094,0.53649086
Selection 2,ATTTCTGAGAACAATC-500.1.1,ATTTCTGAGAACAATC-500.1.1,1534,500_minutes,Waterston_500_minutes_batch_1,1.19228237611663,620,550,510-580,580-650,ABpxaapapppa,886,ASI,-10.1933150620929,-5.23059283612418,3.85055971035925,2.73215091076328,-5.64824564611733,-4.69775713704858,-5.92530170764327,16,550,0.4033539,4.822383,0.46940258
Selection 2,TTGGAACAGCCAGTAG-500.2.2,TTGGAACAGCCAGTAG-500.2.2,951,500_minutes,Waterston_500_minutes_batch_2,0.739152894189647,550,550,510-580,510-580,ABpxaapapppa,689,ASI,-8.39346178620615,-5.26925369532446,1.90033268855631,2.42946904102775,-5.10841850943568,-3.79418421845877,-4.23191990928793,16,550,0.41001686,4.838208,0.61618996
Selection 2,GACGCGTTCTTGGGTA-500.1.2,GACGCGTTCTTGGGTA-500.1.2,1305,500_minutes,Waterston_500_minutes_batch_1,1.01429498098579,550,620,580-650,510-580,ABpxaapapppa,713,ASI,-12.9917440997312,-10.4968127756427,-2.34481845816303,-2.50130771099039,-8.94070205025541,-9.69249334219789,-9.86134646824958,16,620,0.4253592,4.848836,0.25165567
Selection 2,CCGGTAGGTTACGCGC-500.1.1,CCGGTAGGTTACGCGC-500.1.1,1352,500_minutes,Waterston_500_minutes_batch_1,1.05082514505195,550,510,510-580,510-580,ABpxaapapppa,816,ASI,-8.4374421204765,-5.19751554881769,1.48663915920051,0.351548136517122,-4.94547128904361,-5.15795194456187,-5.83844583825358,16,510,0.40620875,4.84973,0.69332796
Selection 2,CATTCGCGTTGAGGTG-b01,CATTCGCGTTGAGGTG-b01,548,mixed,Murray_b01,0.425926168260701,620,620,580-650,580-650,ABpxaapapppa,406,ASI,-5.60452037135239,-5.3067876805737,-3.2207399178838,-2.51759425620041,-2.0707986107648,-2.92216228949354,-2.45538287813758,16,620,0.3706511,4.8526654,0.999757
Selection 2,GAGGTGAGTTCAGCGC-500.2.1,GAGGTGAGTTCAGCGC-500.2.1,792,500_minutes,Waterston_500_minutes_batch_2,0.615572126391378,550,500,450-510,510-580,ABpxaapapppa,570,ASI,-6.74361664269216,-4.14584749752512,2.31220855388419,3.16227786584331,-3.30882932448339,-0.920899358601287,-0.281631733524758,16,500,0.35256886,5.0066094,1.2652512
Selection 2,TCATTACTCACAGTAC-500.2.1,TCATTACTCACAGTAC-500.2.1,611,500_minutes,Waterston_500_minutes_batch_2,0.474892132860015,490,450,450-510,450-510,ABpxaapapppa,457,ASI,-3.50511129908867,-1.77118219331097,3.40237238802779,5.39081763750052,-1.63763358331879,1.76049908845067,2.2545917762102,15,450,0.2947978,4.980943,1.9122801
Selection 2,CCCAATCAGGAATCGC-500.2.1,CCCAATCAGGAATCGC-500.2.1,996,500_minutes,Waterston_500_minutes_batch_2,0.774128583189157,410,450,450-510,390-450,ABpxaapapppa,694,ASI,-5.83107220488065,-0.608683199223489,8.83901146734276,11.1428723857305,-1.43644967721012,3.53498349814319,3.02245611901254,15,450,0.3232017,4.991708,1.672279
Selection 2,AGCATACTCGACGGAA-b01,AGCATACTCGACGGAA-b01,594,mixed,Murray_b01,0.461679094793533,620,585,580-650,580-650,ABpxaapapppa,424,ASI,-5.92036395635147,-4.69750362500476,-2.22936197554169,-1.65387996452817,-2.55931076751211,-2.5079783703782,-2.21180496264571,16,585,0.3904152,5.023126,0.55891836
Selection 2,TAGTTGGGTTATCCGA-500.2.1,TAGTTGGGTTATCCGA-500.2.1,681,500_minutes,Waterston_500_minutes_batch_2,0.529298760192586,410,490,450-510,390-450,ABpxaapapppa,484,ASI,-4.14277295758603,-0.431937247037076,7.13236438989749,8.11022380260127,-1.65149690315349,2.12570858215176,2.22575564977543,15,490,0.295309,4.9532814,1.9417262
Selection 2,TTCTACACAAAGGTGC-r17,TTCTACACAAAGGTGC-r17,1541,mixed,Murray_r17,1.19772303884989,550,550,510-580,510-580,ABpxaapapppa,870,ASI,-2.70307508260102,-0.194319539050952,-0.990978688826172,-1.10976741277217,2.59412000455638,-0.589524915821206,-3.2703326978464,16,550,0.39290586,5.044763,0.92719495
Selection 2,TCAACGATCGTATCAG-b01,TCAACGATCGTATCAG-b01,744,mixed,Murray_b01,0.5782647247919,510,520,510-580,510-580,ABpxaapapppa,499,ASI,-6.86483567225354,-6.60939709219012,-3.10366117108849,-2.33037958432645,-3.55620700657122,-3.80710260460585,-3.16631693949025,16,520,0.4084347,4.997374,0.58296746
Selection 2,CAAGGCCCATAAAGGT-500.2.2,CAAGGCCCATAAAGGT-500.2.2,653,500_minutes,Waterston_500_minutes_batch_2,0.507536109259558,450,640,580-650,450-510,ABpxaapapppa,506,ASI,-4.06193220734984,-0.560002798232577,4.88485471173502,7.10026880480017,-1.24940964732015,1.50303759813232,0.405493898129224,15,640,0.31597286,4.9228187,1.7217253
Selection 2,GGTGAAGGTCATGCCG-500.1.2,GGTGAAGGTCATGCCG-500.1.2,1131,500_minutes,Waterston_500_minutes_batch_1,0.879055650187687,620,550,510-580,580-650,ABpxaapapppa,656,ASI,-12.4368127661265,-9.4708629904746,-1.52775667982003,-2.56143361830875,-8.34962525924413,-9.13107179554095,-9.52100406875577,16,550,0.4423368,4.738705,0.12681246
Selection 2,GACTGCGCATCCGCGA-500.2.2,GACTGCGCATCCGCGA-500.2.2,1654,500_minutes,Waterston_500_minutes_batch_2,1.28555088011533,450,620,580-650,450-510,ABpxaapapppa,990,ASI,-10.0639712708945,-6.73927778543149,1.69089865168298,1.48278024639291,-6.74836512742246,-5.18977385207581,-4.94947821615099,16,620,0.3936556,4.9504867,0.6296859
Selection 2,CCACCTATCATGCTCC-500.2.1,CCACCTATCATGCTCC-500.2.1,616,500_minutes,Waterston_500_minutes_batch_2,0.478778320526627,430,530,510-580,390-450,ABpxaapapppa,452,ASI,-6.69477576694867,-2.40608422283976,6.89978066679954,9.2524391567592,-2.09319892739666,2.16455214297613,2.34148068355424,15,530,0.30655593,5.008981,1.9682634
Selection 2,AGCGTATGTAGCGTCC-b01,AGCGTATGTAGCGTCC-b01,1268,mixed,Murray_b01,0.985537192252863,490,550,510-580,450-510,ABpxaapapppa,847,ASI,-1.21761085285703,0.607960329179735,-0.547166479525725,-0.0691857475142846,3.99758661312048,2.43207826450567,1.56454824079312,16,550,0.3656737,5.0262046,1.0949743
Selection 2,GAAACTCGTGGCTCCA-400.2.1,GAAACTCGTGGCTCCA-400.2.1,1172,400_minutes,Waterston_400_minutes,0.910922389053908,550,620,580-650,510-580,ABpxaapapppa,663,ASI,-9.49202630800708,-7.24102232607103,-2.31471008968529,-3.45492373605771,-5.69220866890687,-8.04629593244686,-9.12505388604352,16,620,0.40084627,5.0460563,0.45517755
Selection 2,CAGCGACGTCTAGTGT-500.2.2,CAGCGACGTCTAGTGT-500.2.2,716,500_minutes,Waterston_500_minutes_batch_2,0.556502073858872,450,565,510-580,450-510,ABpxaapapppa,539,ASI,-5.63700442513928,-2.36615964896265,5.97484557625188,6.60948306816489,-2.84905771699977,1.039044597723,1.98484712956401,15,565,0.29511473,5.0783362,2.0229943
Selection 2,TGATTTCCAGTCTTCC-b02,TGATTTCCAGTCTTCC-b02,589,mixed,Murray_b02,0.457792907126921,700,640,580-650,> 650,ABpxaapapppa,439,ASI,-5.19866060030576,-5.6510093372981,-2.19423392608729,-1.77553783007515,-3.14649015038808,-1.46252114249165,1.73199047741475,16,640,0.363776,5.0492287,1.3002723
Selection 2,ATAACGCGTAAGAGAG-500.2.2,ATAACGCGTAAGAGAG-500.2.2,782,500_minutes,Waterston_500_minutes_batch_2,0.607799751058153,390,480,450-510,390-450,ABpxaapapppa,542,ASI,-6.71366449115813,-3.3222076535356,5.62153884841872,6.01131261374014,-3.85601870835127,0.0234596948488487,1.00988903253756,15,480,0.28623778,5.0644946,1.9528217
Selection 2,CATCCACTCCCTAACC-b02,CATCCACTCCCTAACC-b02,639,mixed,Murray_b02,0.496654783793044,490,635,580-650,450-510,ABpxaapapppa,466,ASI,-2.90940508262202,-3.22024936617415,-1.70170771164091,-1.00080800116895,-1.34146460379685,-0.724031281702992,1.09487217616429,16,635,0.31554824,5.0698037,1.2557977
Selection 2,TGCCCATGTGATGTGG-b01,TGCCCATGTGATGTGG-b01,1035,mixed,Murray_b01,0.804440846988733,490,620,580-650,450-510,ABpxaapapppa,706,ASI,-0.890374584007601,-0.465145519727481,-1.00668676726908,-0.763802428248732,1.96140679888613,1.23878116555195,1.1838452025226,16,620,0.34899938,5.086614,1.1377664
Selection 2,CGGACTGTCGTCCGTT-500.2.2,CGGACTGTCGTCCGTT-500.2.2,682,500_minutes,Waterston_500_minutes_batch_2,0.530075997725909,550,620,580-650,510-580,ABpxaapapppa,497,ASI,-7.50325362354924,-3.95451195132654,4.1238950401105,4.29448850264795,-3.9669674436089,-1.85871511436853,-2.02799379783247,16,620,0.35367653,5.0790286,1.2284001
Selection 2,TTTGTCAAGGGTTCCC-500.1.3,TTTGTCAAGGGTTCCC-500.1.3,1349,500_minutes,Waterston_500_minutes_batch_1,1.04849343245198,510,585,580-650,510-580,ABpxaapapppa,753,ASI,-11.1575136589439,-8.30834314845548,-1.09607912327786,-2.14104335498643,-6.81763882200213,-7.28366444502772,-7.11592821832461,16,585,0.41567707,5.065947,0.35555404
Selection 2,AGAGTGGCACGTTGGC-500.2.2,AGAGTGGCACGTTGGC-500.2.2,885,500_minutes,Waterston_500_minutes_batch_2,0.687855216990365,420,470,450-510,390-450,ABpxaapapppa,630,ASI,-5.53360198329167,-2.61870897000432,4.67532738106894,5.13517190650749,-3.06516998390993,-0.164125193321018,0.497374785391406,15,470,0.2771052,5.01439,2.2230272
Selection 2,TTCTACACATAAAGGT-500.1.1,TTCTACACATAAAGGT-500.1.1,1429,500_minutes,Waterston_500_minutes_batch_1,1.11067243511778,450,585,580-650,450-510,ABpxaapapppa,868,ASI,-8.8737873718948,-4.91936463228651,3.01934145165503,2.71603643962662,-5.03836241672342,-3.13038536935077,-3.10056701823794,16,585,0.3973343,5.09531,0.8857317
Selection 2,GGAAAGCGTGCCTGCA-500.1.1,GGAAAGCGTGCCTGCA-500.1.1,817,500_minutes,Waterston_500_minutes_batch_1,0.635003064724439,450,620,580-650,450-510,ABpxaapapppa,480,ASI,-7.79179750276743,-4.57164930138548,1.51950749078791,-0.120621200135176,-4.22383626029178,-4.87730673478813,-5.00993486943419,16,620,0.39315614,5.152815,0.6805332
Selection 2,GATCGTATCGCTAGCG-500.1.3,GATCGTATCGCTAGCG-500.1.3,1440,500_minutes,Waterston_500_minutes_batch_1,1.11922204798432,550,550,510-580,510-580,ABpxaapapppa,768,ASI,-10.9309785324351,-8.68973796751356,-1.52187455339725,-2.50810592582276,-7.18480490932182,-7.63963705281265,-7.07543344467508,16,550,0.4097316,5.1497784,0.4192486
Selection 2,TGTTCCGCACGGTGTC-500.2.2,TGTTCCGCACGGTGTC-500.2.2,614,500_minutes,Waterston_500_minutes_batch_2,0.477223845459982,410,450,450-510,390-450,ABpxaapapppa,463,ASI,-4.77953355136523,-1.13227082839621,7.01429346345795,9.92475509654781,-1.63529240182354,3.88994680279235,4.22316515673675,15,450,0.2753292,5.146759,2.0730555
Selection 2,TACAGTGTCGAATGCT-500.1.3,TACAGTGTCGAATGCT-500.1.3,1280,500_minutes,Waterston_500_minutes_batch_1,0.994864042652732,490,530,510-580,450-510,ABpxaapapppa,681,ASI,-9.91477390408841,-6.98599868369935,-0.822060434474424,-2.05131660216963,-6.17312296340869,-7.04019005244607,-7.50585115338487,16,530,0.3968937,5.1875963,0.54683566
Selection 2,CTAGTGAGTAGGCATG-500.1.1,CTAGTGAGTAGGCATG-500.1.1,1476,500_minutes,Waterston_500_minutes_batch_1,1.14720259918393,450,550,510-580,450-510,ABpxaapapppa,883,ASI,-9.40515092199207,-5.76239157511082,2.2008587637033,1.08059008834616,-5.79699572807304,-4.74742145799401,-4.85346360141915,16,550,0.40556496,5.141869,0.6485793
Selection 2,GACTGCGAGGGCTTCC-b01,GACTGCGAGGGCTTCC-b01,1361,mixed,Murray_b01,1.05782028285185,450,550,510-580,450-510,ABpxaapapppa,859,ASI,-0.215490297433381,-1.91812945464381,-2.8188232760452,-2.47023229903567,1.61630831822482,0.655862698093676,1.44483485689137,16,550,0.33067554,5.1412764,1.3304472
Selection 2,CGTTAGAAGCTCAACT-500.1.1,CGTTAGAAGCTCAACT-500.1.1,1038,500_minutes,Waterston_500_minutes_batch_1,0.8067725595887,450,435,390-450,450-510,ABpxaapapppa,645,ASI,-5.73666111173403,-3.14977712441433,2.60156451781603,1.65040819098762,-4.10644248650081,-3.24513944513824,-3.52087645076803,15,435,0.2626847,5.1430235,2.3480375
Selection 2,CAGCAGCCATTCCTGC-500.2.1,CAGCAGCCATTCCTGC-500.2.1,716,500_minutes,Waterston_500_minutes_batch_2,0.556502073858872,420,565,510-580,390-450,ABpxaapapppa,528,ASI,-7.54531701541537,-4.08136301923377,4.50404799645436,5.71798603421512,-4.01488060558267,-1.08753352094374,-0.980874455025117,15,565,0.3013992,5.0955815,1.8460497
Selection 2,AAATGCCAGAGTAAGG-500.1.1,AAATGCCAGAGTAAGG-500.1.1,1054,500_minutes,Waterston_500_minutes_batch_1,0.819208360121859,450,530,510-580,450-510,ABpxaapapppa,595,ASI,-9.02489873860287,-4.67128443023288,2.97701784398504,1.12959034361908,-4.9841079704568,-5.19380675066873,-6.15116551238366,16,530,0.39305642,5.102845,0.76895696
Selection 2,CAGCTGGGTACAGTGG-500.2.2,CAGCTGGGTACAGTGG-500.2.2,858,500_minutes,Waterston_500_minutes_batch_2,0.666869803590659,420,450,450-510,390-450,ABpxaapapppa,621,ASI,-5.82589262182173,-3.1540044134959,3.39738653530315,4.36644123757808,-3.34769108615385,-0.255551862151894,0.527451528400999,15,450,0.27822104,5.1346083,2.1112616
Selection 2,TTTATGCTCACTATTC-500.1.3,TTTATGCTCACTATTC-500.1.3,1269,500_minutes,Waterston_500_minutes_batch_1,0.986314429786185,550,520,510-580,510-580,ABpxaapapppa,669,ASI,-9.91398518899972,-7.30075309534409,-0.312598475586274,-1.54582092673696,-6.47289941118715,-7.07268962230664,-6.9828694938705,16,520,0.4047648,5.133524,0.48802713
Selection 2,GACGTTATCGTATCAG-500.2.1,GACGTTATCGTATCAG-500.2.1,854,500_minutes,Waterston_500_minutes_batch_2,0.66376085345737,410,530,510-580,390-450,ABpxaapapppa,613,ASI,-4.75980836159133,0.77388872657566,9.63467180268084,10.7687885490982,-0.910138602109853,3.40121192849843,2.71497388296563,15,530,0.29239863,5.188867,1.9148055
Selection 2,GGCGACTAGCCAGTTT-r17,GGCGACTAGCCAGTTT-r17,1048,mixed,Murray_r17,0.814544934921924,630,585,580-650,580-650,ABpxaapapppa,643,ASI,-0.338108386970945,0.913605082029818,-1.09676196837648,-1.63880185909672,3.64478351901021,-0.213627933617097,-2.87603163993961,16,585,0.3558329,5.1907644,1.0793608
Selection 2,GGACATTCACCAACCG-r17,GGACATTCACCAACCG-r17,1348,mixed,Murray_r17,1.04771619491866,620,585,580-650,580-650,ABpxaapapppa,732,ASI,-1.81372453826075,0.406160421642877,-0.960676068956446,-1.35614949316432,3.35769208350909,-0.852414488344365,-4.02898574181992,16,585,0.37723327,5.195202,1.0754921
Selection 2,GACCAATGTGTTTGGT-500.2.2,GACCAATGTGTTTGGT-500.2.2,1169,500_minutes,Waterston_500_minutes_batch_2,0.90859067645394,640,620,580-650,580-650,ABpxaapapppa,796,ASI,-8.72783469619993,-2.39840220824431,11.7193218641454,13.9232745292198,-3.99916977444672,2.3037300535072,1.73554081900406,16,620,0.41480857,4.126987,0.8157353
Selection 2,AGAGTGGCAAACGTGG-500.2.2,AGAGTGGCAAACGTGG-500.2.2,685,500_minutes,Waterston_500_minutes_batch_2,0.532407710325876,700,640,580-650,> 650,ABpxaapapppa,481,ASI,-9.77029960591409,-5.12463445666226,5.55363454869083,8.46679138311612,-5.5859168951619,-1.08838084704117,-2.1088965603476,16,640,0.42055234,4.143715,0.2848004
Selection 2,AGCAGCCGTAAGTGTA-500.2.2,AGCAGCCGTAAGTGTA-500.2.2,655,500_minutes,Waterston_500_minutes_batch_2,0.509090584326203,700,640,580-650,> 650,ABpxaapapppa,491,ASI,-7.88726163910204,-3.65613527037767,3.38369087827074,6.64509871740254,-3.90816841523225,0.67954182513084,1.04941288870542,16,640,0.40633923,4.2249894,0.57541645
Selection 2,CATTATCGTTCGTGAT-500.2.2,CATTATCGTTCGTGAT-500.2.2,833,500_minutes,Waterston_500_minutes_batch_2,0.647438865257598,700,565,510-580,> 650,ABpxaapapppa,556,ASI,-9.57264014329001,-5.83336197337092,4.1332411573716,6.68748094174542,-5.26891995473087,-1.52412748960853,-1.72541113416062,16,565,0.42480373,4.22635,0.52410775
Selection 2,AATCCAGTCGCCATAA-500.2.1,AATCCAGTCGCCATAA-500.2.1,550,500_minutes,Waterston_500_minutes_batch_2,0.427480643327346,700,630,580-650,> 650,ABpxaapapppa,402,ASI,-9.9819651327178,-7.59557102315647,1.09873894606841,2.52309232251321,-6.91425056335956,-4.05062288454728,-3.08445769058901,16,630,0.3895853,4.2375298,0.57554924
Selection 2,AGTTGGTAGGCGATAC-500.2.2,AGTTGGTAGGCGATAC-500.2.2,553,500_minutes,Waterston_500_minutes_batch_2,0.429812355927313,620,625,580-650,580-650,ABpxaapapppa,425,ASI,-11.7307808657408,-9.79126695455516,-0.321835209513117,2.53266981639486,-7.4159218149194,-4.09163879501936,-2.86193786886362,16,625,0.41552293,4.3155875,0.65042
Selection 2,GATCAGTAGATTACCC-500.2.2,GATCAGTAGATTACCC-500.2.2,827,500_minutes,Waterston_500_minutes_batch_2,0.642775440057664,640,565,510-580,580-650,ABpxaapapppa,626,ASI,-8.9364864383985,-3.91907433094147,9.57077746500368,11.4805165981458,-4.88352149090258,2.5438549618527,3.88817036452764,16,565,0.39658207,4.2559104,0.7747767
Selection 2,GCATGCGGTCTTCTCG-500.2.2,GCATGCGGTCTTCTCG-500.2.2,1280,500_minutes,Waterston_500_minutes_batch_2,0.994864042652732,490,550,510-580,450-510,ABpxaapapppa,802,ASI,-5.39386929862617,3.06294096251588,15.0275219289525,16.5024002821924,-0.220381297090351,9.08138094074881,7.49013954225348,16,550,0.40098688,4.2345414,1.1507809
Selection 2,TGCCAAACAAGTAATG-500.1.1,TGCCAAACAAGTAATG-500.1.1,1384,500_minutes,Waterston_500_minutes_batch_1,1.07569674611827,620,620,580-650,580-650,ABpxaapapppa,796,ASI,-10.288545902286,-5.95660079554289,3.01718945592218,2.06983748321742,-6.50722342870839,-4.79943132147859,-5.54594140438123,16,620,0.45424658,4.3321023,0.18265179
Selection 2,GTACTCCGTCTAGTGT-500.2.2,GTACTCCGTCTAGTGT-500.2.2,969,500_minutes,Waterston_500_minutes_batch_2,0.753143169789451,550,550,510-580,510-580,ABpxaapapppa,702,ASI,-8.00024459544119,-0.86180587435666,11.2323109353268,13.7986672925852,-2.52929187145937,4.20533225584258,2.73200555210971,16,550,0.4155606,4.3370414,1.1638627
Selection 2,GTCTTCGCAACTGCGC-b01,GTCTTCGCAACTGCGC-b01,673,mixed,Murray_b01,0.523080859926007,640,640,580-650,580-650,ABpxaapapppa,493,ASI,-6.79004973526658,-5.32466484913918,-0.471885278034857,0.627251941960913,-3.94056335265412,-1.40394883405586,-0.0794650948192813,16,640,0.41048768,4.3498363,0.75061935
Selection 2,TGCGCAGAGGCCATAG-b01,TGCGCAGAGGCCATAG-b01,608,mixed,Murray_b01,0.472560420260048,700,640,580-650,> 650,ABpxaapapppa,458,ASI,-9.04077593406565,-7.68786563322929,-1.11437543608475,0.240658710555032,-6.50397707724076,-4.3676432978932,-3.26610496422002,16,640,0.40539742,4.400201,0.7628037
Selection 2,AAATGCCCACAACGCC-b01,AAATGCCCACAACGCC-b01,827,mixed,Murray_b01,0.642775440057664,640,640,580-650,580-650,ABpxaapapppa,553,ASI,-5.14315893091533,-4.18531424482461,-1.05945104959986,-0.112342428133559,-2.46647778116271,-1.49210660083875,-1.17800892433398,16,640,0.42081383,4.3988495,0.79056704
Selection 2,GCTTGAAGTTACGGAG-500.2.2,GCTTGAAGTTACGGAG-500.2.2,946,500_minutes,Waterston_500_minutes_batch_2,0.735266706523035,620,620,580-650,580-650,ABpxaapapppa,643,ASI,-9.61372490885497,-3.2769176531506,9.79125863985444,12.2026008127041,-4.91577380769796,0.958008661483174,0.139645390414804,16,620,0.4134246,4.200046,0.91804785
Selection 2,AACGTTGAGATCCCGC-500.1.2,AACGTTGAGATCCCGC-500.1.2,2695,500_minutes,Waterston_500_minutes_batch_1,2.09465515230399,620,620,580-650,580-650,ABpxaapapap,1168,ASG,-14.6713816455184,-10.3855974654709,-0.756971834481968,-1.00575272325144,-9.51198391058867,-8.7662272821542,-9.34789840692994,16,620,0.41344503,4.4283104,0.21392378
Selection 2,GGGAGATTCATTCACT-500.2.2,GGGAGATTCATTCACT-500.2.2,855,500_minutes,Waterston_500_minutes_batch_2,0.664538090990692,640,630,580-650,580-650,ABpxaapapppa,589,ASI,-10.4874544803301,-7.43556612431928,0.715329828177494,2.81477345234996,-6.57471927040999,-4.00655310613069,-4.16690144630036,16,630,0.43652472,4.299539,0.29186293
Selection 2,TAGACCAGTATCGCAT-500.2.1,TAGACCAGTATCGCAT-500.2.1,554,500_minutes,Waterston_500_minutes_batch_2,0.430589593460636,750,490,450-510,> 650,ABpxaapapppa,452,ASI,-5.59256608186995,1.42285729014301,16.5209317302792,20.4849843447655,-0.0874821072473073,10.9839235783221,11.7910490969933,16,490,0.32606354,4.5620613,1.6961396
Selection 2,GGAGCAATCTAGCACA-500.2.1,GGAGCAATCTAGCACA-500.2.1,514,500_minutes,Waterston_500_minutes_batch_2,0.399500092127738,830,630,580-650,> 650,ABpxaapapppa,418,ASI,-6.90275849617787,0.229148758085765,13.3831219668793,17.9804496090393,-2.42454099422568,6.17214555905606,6.12219080865318,16,630,0.35764948,4.554808,1.4339699
Selection 2,ACTTTCACACATGGGA-500.1.1,ACTTTCACACATGGGA-500.1.1,1437,500_minutes,Waterston_500_minutes_batch_1,1.11689033538436,620,640,580-650,580-650,ABpxaapapppa,838,ASI,-11.4280946096819,-7.40347690103368,0.729102736249336,0.799776713312353,-6.60471168444586,-5.67124555513847,-6.54084130434656,16,640,0.455306,4.5792427,0.15208349
Selection 2,CTCGAGGGTATGAATG-b01,CTCGAGGGTATGAATG-b01,565,mixed,Murray_b01,0.439139206327182,640,670,> 650,580-650,ABpxaapapppa,418,ASI,-5.64601309639882,-3.96337558374459,-1.01213041290105,-0.91309242957986,-3.37347563151627,-4.30313645364209,-5.41341756349813,16,670,0.40364045,4.4730735,0.78904116
Selection 2,TGACAACGTTGCTCCT-500.2.2,TGACAACGTTGCTCCT-500.2.2,1060,500_minutes,Waterston_500_minutes_batch_2,0.823871785321794,430,585,580-650,390-450,ABpxaapapppa,750,ASI,-7.58802690482045,-1.5678273085019,9.35899658055794,10.8382630376343,-3.10423992939418,1.80351668878814,0.734755364917214,16,585,0.3980636,4.5359707,1.2572796
Selection 2,TAAGTGCGTACCATCA-500.2.1,TAAGTGCGTACCATCA-500.2.1,934,500_minutes,Waterston_500_minutes_batch_2,0.725939856123165,490,550,510-580,450-510,ABpxaapapppa,654,ASI,-8.24432750653403,-4.59853904328438,3.79419604304728,4.31639955906546,-4.94762779374363,-2.60731481362949,-2.64288545881015,16,550,0.39238635,4.592116,1.033952
Selection 2,AACGTTGTCGTTGACA-500.2.2,AACGTTGTCGTTGACA-500.2.2,897,500_minutes,Waterston_500_minutes_batch_2,0.697182067390235,620,620,580-650,580-650,ABpxaapapppa,614,ASI,-10.2539893732011,-5.99979318166179,3.73635820647935,5.6036634764979,-5.75263255603646,-2.80600561336772,-3.5353305817592,16,620,0.42995417,4.2909665,0.28260168
Selection 2,CGGACACAGTGATCGG-500.2.2,CGGACACAGTGATCGG-500.2.2,831,500_minutes,Waterston_500_minutes_batch_2,0.645884390190953,490,550,510-580,450-510,ABpxaapapppa,572,ASI,-11.4900235055678,-6.93752376116451,3.51959852977474,6.23225061136376,-6.38433501962215,-2.30936606349258,-3.12667584081096,16,550,0.43818066,4.278526,0.45768327
Selection 2,GAACATCTCGTAGGTT-b01,GAACATCTCGTAGGTT-b01,583,mixed,Murray_b01,0.453129481926987,640,640,580-650,580-650,ABpxaapapppa,444,ASI,-8.02399529553046,-7.35089703066287,-2.80424439264382,-2.15609286373742,-5.26785410471596,-5.26697974350041,-4.77089128702675,16,640,0.42467225,4.507694,0.5353178
Selection 2,CACAGTATCGTAGGTT-500.1.1,CACAGTATCGTAGGTT-500.1.1,1293,500_minutes,Waterston_500_minutes_batch_1,1.00496813058592,620,630,580-650,580-650,ABpxaapapppa,763,ASI,-11.7072179508592,-7.4000055106473,2.04179599866522,0.916635287253651,-7.50382892419552,-6.76212212640384,-7.33392925740228,16,630,0.4299404,4.5355825,0.20023887
Selection 2,GCTCCTATCTCCTATA-b01,GCTCCTATCTCCTATA-b01,712,mixed,Murray_b01,0.553393123725582,640,620,580-650,580-650,ABpxaapapppa,500,ASI,-8.86710180720193,-7.86462910982669,-2.16659448107238,-2.32759460702428,-5.63247779798983,-4.78752880899669,-3.25238435360955,16,620,0.40800837,4.503627,0.7398211
Selection 2,GCTTGAAGTAATCACC-b01,GCTTGAAGTAATCACC-b01,716,mixed,Murray_b01,0.556502073858872,640,530,510-580,580-650,ABpxaapapppa,536,ASI,-4.7460986638916,-1.66602166199209,3.73217765950695,3.83194252939268,-2.31517776259437,-0.363793888029849,-0.359775627015176,16,530,0.39961833,4.4729123,0.82398283
Selection 2,TCGGTAAAGGCATTGG-500.1.1,TCGGTAAAGGCATTGG-500.1.1,1214,500_minutes,Waterston_500_minutes_batch_1,0.94356636545345,550,550,510-580,510-580,ABpxaapapppa,730,ASI,-9.1928249917154,-4.62340502188766,4.25239090757031,2.58403975759108,-5.26679503451848,-4.81243146096121,-6.11141166945475,16,550,0.42388478,4.5781264,0.36316317
Selection 2,CATCAGATCCGTAGTA-b01,CATCAGATCCGTAGTA-b01,584,mixed,Murray_b01,0.453906719460309,640,640,580-650,580-650,ABpxaapapppa,454,ASI,-7.6260022120509,-5.30582439896276,0.508816160104353,0.373335329282503,-5.36952828000368,-3.17322577802244,-1.76573448453111,16,640,0.40785924,4.3208756,0.8499724
Selection 2,AGAGCGATCAGGCAAG-500.2.1,AGAGCGATCAGGCAAG-500.2.1,835,500_minutes,Waterston_500_minutes_batch_2,0.648993340324243,640,550,510-580,580-650,ABpxaapapppa,607,ASI,-7.95232350765212,-1.43994291161171,11.2548883543395,13.5228034497225,-2.95445252025728,2.98568844615362,2.30857424191107,16,550,0.39754048,4.262598,1.0052202
Selection 2,TAAGAGACAAGAAAGG-500.2.1,TAAGAGACAAGAAAGG-500.2.1,575,500_minutes,Waterston_500_minutes_batch_2,0.446911581660407,620,550,510-580,580-650,ABpxaapapppa,431,ASI,-8.13372818450267,-2.15250122730043,11.0000935860365,11.0474872890725,-4.39204169457235,-0.275904671483387,-0.878713215119228,16,550,0.37560493,4.571564,1.2552624
Selection 2,AGGCCACCATTGGCGC-b01,AGGCCACCATTGGCGC-b01,845,mixed,Murray_b01,0.656765715657468,640,640,580-650,580-650,ABpxaapapppa,545,ASI,-6.21476409923357,-5.62902129973476,-3.05457449369759,-2.35452327637403,-3.68378374570388,-3.63355633867765,-2.54020600696664,16,640,0.40524465,4.6020274,0.7551457
Selection 2,GTGGGTCCACAGGCCT-b01,GTGGGTCCACAGGCCT-b01,635,mixed,Murray_b01,0.493545833659754,640,640,580-650,580-650,ABpxaapapppa,442,ASI,-6.23212388293548,-4.7743098201301,-0.440906468713944,-1.02119197811672,-4.18797831915165,-3.93100623613716,-3.36892493761915,16,640,0.41541982,4.6278567,0.5865383
Selection 2,TTGGAACAGTATCTCG-b01,TTGGAACAGTATCTCG-b01,651,mixed,Murray_b01,0.505981634192913,620,640,580-650,580-650,ABpxaapapppa,442,ASI,-7.26076359126186,-6.52239411232778,-3.41927099775056,-3.17468893463412,-3.41811936455147,-4.92973201591364,-4.53574847796415,16,640,0.41357583,4.641826,0.6800666
Selection 2,ATGCGATTCCAGATCA-500.1.2,ATGCGATTCCAGATCA-500.1.2,1523,500_minutes,Waterston_500_minutes_batch_1,1.18373276325009,550,550,510-580,510-580,ABpxaapapppa,837,ASI,-12.1888126381517,-9.41639564176819,-1.29067196259401,-1.88183529246517,-8.51806791092413,-8.65462497894701,-8.92329011782969,16,550,0.4474633,4.6424184,0.16155449
Selection 2,GTGTTAGTCAGTCAGT-500.2.2,GTGTTAGTCAGTCAGT-500.2.2,727,500_minutes,Waterston_500_minutes_batch_2,0.565051686725419,700,550,510-580,> 650,ABpxaapapppa,544,ASI,-6.19533747175133,-1.50078615316032,8.10969951851101,9.39679000861956,-2.32543012509359,2.18793704400643,2.08078984824533,16,550,0.3509084,4.7048206,1.6715229
Selection 2,CTCATTACACATGTGT-b02,CTCATTACACATGTGT-b02,602,mixed,Murray_b02,0.467896995060113,640,640,580-650,580-650,ABpxaapapppa,448,ASI,-7.61616454074866,-7.75629587552763,-3.60117007293349,-3.36018736704732,-5.44271478620181,-5.48799777075995,-3.85369405646102,16,640,0.403837,4.713945,0.6714336
Selection 2,ATCGAGTTCTGTGCAA-b02,ATCGAGTTCTGTGCAA-b02,558,mixed,Murray_b02,0.433698543593925,640,670,> 650,580-650,ABpxaapapppa,406,ASI,-5.33106033826136,-5.86470285225898,-0.677114259287283,1.03865791092345,-2.93869765318236,0.441963781992509,4.03092141031121,16,670,0.3503093,4.704982,1.2217487
Selection 2,CAGTCCTCACAGACTT-b02,CAGTCCTCACAGACTT-b02,673,mixed,Murray_b02,0.523080859926007,640,585,580-650,580-650,ABpxaapapppa,476,ASI,-4.68487181073962,-1.28655484545505,10.8089040208263,9.32610366832236,-1.99011046853552,3.48852791053438,6.54276379047145,15,585,0.2955681,4.692647,1.9387342
Selection 2,CTCGTCAGTGACGCCT-b02,CTCGTCAGTGACGCCT-b02,744,mixed,Murray_b02,0.5782647247919,630,500,450-510,580-650,ABpxaapapppa,551,ASI,-7.00634193237727,-7.3196794428641,-3.37639616945311,-3.16913509083005,-4.43009330592777,-4.18702498907905,-2.3269607209129,16,500,0.41943046,4.6551785,0.48517433
Selection 2,ACATGGTGTTATGCGT-b02,ACATGGTGTTATGCGT-b02,574,mixed,Murray_b02,0.446134344127084,550,550,510-580,510-580,ABpxaapapppa,413,ASI,-5.9958367328266,-6.31504690372411,-2.60973225516239,-2.0198822614908,-4.20239966732437,-2.95413833062508,-0.519841196705595,16,550,0.395277,4.724679,1.0446616
Selection 2,AGGTCCGTCCCAACGG-500.1.2,AGGTCCGTCCCAACGG-500.1.2,1469,500_minutes,Waterston_500_minutes_batch_1,1.14176193645067,620,640,580-650,580-650,ABpxaapapppa,763,ASI,-13.9118440818028,-11.1847072600481,-2.08071875142251,-1.58475482535953,-9.58583750916218,-9.31832580428983,-9.37561398647204,16,640,0.44637445,4.295538,0.11672043
Selection 2,CTCATTAGTACCTACA-500.1.1,CTCATTAGTACCTACA-500.1.1,1269,500_minutes,Waterston_500_minutes_batch_1,0.986314429786185,550,620,580-650,510-580,ABpxaapapppa,710,ASI,-11.115578667352,-6.72579487633875,1.80783722322352,0.004389115919132,-7.01239435739625,-7.0834656622457,-7.86405265944172,16,620,0.46381444,4.5418983,0.079047725
Selection 2,TGGCCAGAGGCTCAGA-500.1.2,TGGCCAGAGGCTCAGA-500.1.2,1262,500_minutes,Waterston_500_minutes_batch_1,0.980873767052928,620,565,510-580,580-650,ABpxaapapppa,753,ASI,-13.5378732327762,-10.9551056572127,-2.27772115331168,-2.51532609856557,-9.54347800770985,-9.8894679262374,-9.9771515437574,16,565,0.4519206,4.5274706,0.044257928
Selection 2,CCTACACCACGGCTAC-500.1.1,CCTACACCACGGCTAC-500.1.1,1400,500_minutes,Waterston_500_minutes_batch_1,1.08813254665143,620,625,580-650,580-650,ABpxaapapppa,785,ASI,-11.6835313977503,-6.56981283300208,3.84437426383253,2.19180011120438,-7.47035712440117,-5.65984883031729,-6.0058258131424,16,625,0.45097065,4.6803966,0.10736713
Selection 2,CTCGGGACATGCAATC-500.1.1,CTCGGGACATGCAATC-500.1.1,1411,500_minutes,Waterston_500_minutes_batch_1,1.09668215951797,510,630,580-650,510-580,ABpxaapapppa,771,ASI,-11.5934385825732,-6.98021432137143,2.16114320058601,0.921427962932866,-7.43806931371548,-7.17991387606581,-8.25773690396083,16,630,0.44001493,4.7229767,0.083344534
Selection 2,CCGGTAGCATGGGAAC-500.1.1,CCGGTAGCATGGGAAC-500.1.1,1507,500_minutes,Waterston_500_minutes_batch_1,1.17129696271693,620,640,580-650,580-650,ABpxaapapppa,864,ASI,-11.8709340844325,-7.7697900259674,1.62065709348762,1.46771449345565,-7.59542610366956,-5.79066909647576,-5.75877204968332,16,640,0.4651389,4.439602,0.03405406
Selection 2,GACTACATCAACGGGA-500.2.2,GACTACATCAACGGGA-500.2.2,961,500_minutes,Waterston_500_minutes_batch_2,0.746925269522871,640,625,580-650,580-650,ABpxaapapppa,686,ASI,-8.31047626351987,-2.76228937139949,8.28951808307213,10.8557378093036,-3.56896524417524,1.40226070531315,0.230031254112488,16,625,0.43722016,4.034955,0.64489913
Selection 2,TTAACTCGTAATCACC-500.2.2,TTAACTCGTAATCACC-500.2.2,1223,500_minutes,Waterston_500_minutes_batch_2,0.950561503253353,550,550,510-580,510-580,ABpxaapapppa,833,ASI,-8.51961840246143,0.115152273188787,16.8549815737636,21.3549622635722,-2.55213469490802,8.6887495515035,8.05031047456336,16,550,0.40792188,4.0030613,0.830458
Selection 2,CGACTTCAGCGTGAGT-500.2.2,CGACTTCAGCGTGAGT-500.2.2,807,500_minutes,Waterston_500_minutes_batch_2,0.627230689391215,640,630,580-650,580-650,ABpxaapapppa,576,ASI,-11.7163710978691,-8.01461302141745,3.14158208485639,6.55748930568736,-7.06911483916907,-3.03004791819155,-3.30233201007965,16,630,0.43965343,3.8325763,0.5812299
Selection 2,TAAGTGCCAGCTCGAC-500.2.2,TAAGTGCCAGCTCGAC-500.2.2,845,500_minutes,Waterston_500_minutes_batch_2,0.656765715657468,620,640,580-650,580-650,ABpxaapapppa,583,ASI,-10.2156511180185,-5.48170976910751,5.0647364244888,6.57694468261093,-6.51559063891559,-2.81850899293422,-4.00729363283678,16,640,0.42259103,4.033346,0.3609782
Selection 2,AAGGTTCGTTAAGTAG-500.2.2,AAGGTTCGTTAAGTAG-500.2.2,850,500_minutes,Waterston_500_minutes_batch_2,0.66065190332408,700,640,580-650,> 650,ABpxaapapppa,601,ASI,-7.5774559270105,-1.07128955499227,10.0833238724902,12.7261767516972,-3.05601656500875,2.77714211625768,0.51058532103974,16,640,0.4364715,3.8409503,0.6039236
Selection 2,GTTAAGCCACTGTCGG-500.2.2,GTTAAGCCACTGTCGG-500.2.2,733,500_minutes,Waterston_500_minutes_batch_2,0.569715111925354,700,640,580-650,> 650,ABpxaapapppa,528,ASI,-7.06369167914729,-1.14655157307938,9.92997660463764,15.6263674778178,-2.90388743207165,5.03324786868394,3.32293521544765,16,640,0.43111026,3.8005104,0.6202864
Selection 2,CGTTCTGGTATGCTTG-500.2.2,CGTTCTGGTATGCTTG-500.2.2,826,500_minutes,Waterston_500_minutes_batch_2,0.641998202524341,640,620,580-650,580-650,ABpxaapapppa,572,ASI,-11.3356355985734,-8.0397782294783,2.80074347357498,4.55604370573979,-7.12892028518548,-4.13146353979093,-3.86765950725828,16,620,0.4351758,4.0466366,0.32384154
Selection 2,ACCGTAACAACGATGG-500.2.2,ACCGTAACAACGATGG-500.2.2,1029,500_minutes,Waterston_500_minutes_batch_2,0.799777421788798,630,620,580-650,580-650,ABpxaapapppa,739,ASI,-8.4619362787009,-1.42946178889608,11.5339612389485,14.5599762537843,-3.28972899517164,3.64241051715158,2.39836233041237,16,620,0.40306178,3.9354477,0.7170782
Selection 2,CAGTCCTCAACTGGCC-500.2.1,CAGTCCTCAACTGGCC-500.2.1,774,500_minutes,Waterston_500_minutes_batch_2,0.601581850791574,620,640,580-650,580-650,ABpxaapapppa,555,ASI,-9.58248536898116,-2.64482776507907,10.9636396671813,16.3934138657896,-4.49241691204034,4.6449265336348,3.76556472727534,16,640,0.42814294,3.8219607,0.72896034
Selection 2,ACTTGTTAGAAACGCC-500.2.2,ACTTGTTAGAAACGCC-500.2.2,1111,500_minutes,Waterston_500_minutes_batch_2,0.863510899521238,640,640,580-650,580-650,ABpxaapapppa,750,ASI,-11.2386335067818,-6.40261095879366,3.85367426389191,7.96601418178488,-6.55581822177204,-1.92611248958451,-2.99823426786686,16,640,0.4337625,3.900468,0.52019274
Selection 2,GACGTGCTCATCGCTC-500.2.1,GACGTGCTCATCGCTC-500.2.1,1505,500_minutes,Waterston_500_minutes_batch_2,1.16974248765028,490,620,580-650,450-510,ABpxaapapppa,954,ASI,-9.1012546233965,-3.65342949988885,6.60602673851861,10.331130477479,-3.85914210513536,2.43440486894155,2.31468631926294,16,620,0.38687137,3.912773,0.9578899
Selection 2,GCCTCTACAGTGACAG-500.2.2,GCCTCTACAGTGACAG-500.2.2,783,500_minutes,Waterston_500_minutes_batch_2,0.608576988591476,550,640,580-650,510-580,ABpxaapapppa,600,ASI,-9.22497239038187,-1.10611499000513,12.4382255783748,19.4136018041847,-3.72477319678853,6.39289125664024,5.55281269221537,16,640,0.43652466,3.8292148,0.64688164
Selection 2,AGGCCACCACATTAGC-500.2.2,AGGCCACCACATTAGC-500.2.2,1103,500_minutes,Waterston_500_minutes_batch_2,0.857292999254659,640,630,580-650,580-650,ABpxaapapppa,743,ASI,-8.74502058202423,-1.87592538643073,9.5674156385915,15.8982657799384,-3.32880952737972,4.68002380495544,3.51086192468595,16,630,0.42728463,3.9019318,0.74326247
Selection 2,CCGTTCATCAGTTGAC-500.2.1,CCGTTCATCAGTTGAC-500.2.1,1108,500_minutes,Waterston_500_minutes_batch_2,0.861179186921271,620,640,580-650,580-650,ABpxaapapppa,758,ASI,-8.09794316157719,-1.34185021923408,9.92600020278429,11.8027493848458,-3.48235393975945,3.10217219453145,2.34499341570806,16,640,0.43294424,3.96492,0.6704515
Selection 2,GTGAAGGCATGTAAGA-500.2.1,GTGAAGGCATGTAAGA-500.2.1,635,500_minutes,Waterston_500_minutes_batch_2,0.493545833659754,700,640,580-650,> 650,ABpxaapapppa,453,ASI,-9.4752274340016,-4.07077887480777,6.89038914510438,9.45055948125602,-5.73458109589418,0.244218230921788,0.309864827188711,16,640,0.4480525,3.9440923,0.58089685
Selection 2,TGAGCCGGTAGCTCCG-500.2.1,TGAGCCGGTAGCTCCG-500.2.1,506,500_minutes,Waterston_500_minutes_batch_2,0.393282191861158,750,565,510-580,> 650,ABpxaapapppa,393,ASI,-9.45746113311323,-3.89802570252391,7.4173643995957,11.16688984911,-4.94901797646684,2.31756689284062,2.30783403756886,16,565,0.42878878,3.7521744,0.63227063
Selection 2,CAACCAATCGAACTGT-500.2.1,CAACCAATCGAACTGT-500.2.1,923,500_minutes,Waterston_500_minutes_batch_2,0.717390243256618,700,620,580-650,> 650,ABpxaapapppa,647,ASI,-8.40619222656115,-2.96596724057563,8.49944377977234,11.4142064642371,-4.08443526410212,1.85984966816737,1.01058140221229,16,620,0.43010423,4.047817,0.73185474
Selection 2,GTCTCGTCACATGACT-500.2.1,GTCTCGTCACATGACT-500.2.1,880,500_minutes,Waterston_500_minutes_batch_2,0.683969029323753,620,640,580-650,580-650,ABpxaapapppa,615,ASI,-9.4393424099575,-3.61168931633473,8.01283672242649,11.2150991027581,-4.67243023677357,2.03554595888294,2.00124027025549,16,640,0.4242086,4.06577,0.6410684
Selection 2,GTGCTTCGTCTCCATC-500.2.1,GTGCTTCGTCTCCATC-500.2.1,740,500_minutes,Waterston_500_minutes_batch_2,0.575155774658611,640,640,580-650,580-650,ABpxaapapppa,499,ASI,-9.06723170331715,-4.35005041857555,4.40384307818246,5.7292748514823,-5.35736522249262,-1.85993342209933,-2.71698029476337,16,640,0.44581613,4.088729,0.26602098
Selection 2,GTCCTCATCATGCATG-500.2.2,GTCCTCATCATGCATG-500.2.2,738,500_minutes,Waterston_500_minutes_batch_2,0.573601299591966,640,670,> 650,580-650,ABpxaapapppa,526,ASI,-10.0863632902046,-5.01070787680559,5.13923800796682,7.65946151883465,-5.94523565482981,-0.168663992779046,-0.0247914236359293,16,670,0.43159905,4.080917,0.41564366
Selection 2,TTCTCCTGTAAGGATT-500.2.2,TTCTCCTGTAAGGATT-500.2.2,1494,500_minutes,Waterston_500_minutes_batch_2,1.16119287478374,450,640,580-650,450-510,ABpxaapapppa,922,ASI,-7.46413215510175,-2.52318261851584,7.08359874825761,7.99363349567186,-4.94652752791176,-0.579477328181661,-0.75751065905263,16,640,0.40857708,4.093874,0.9528616
Selection 2,GCATGTAGTTGTCTTT-500.2.2,GCATGTAGTTGTCTTT-500.2.2,767,500_minutes,Waterston_500_minutes_batch_2,0.596141188058317,630,620,580-650,580-650,ABpxaapapppa,540,ASI,-9.34449162743769,-5.50818829364556,3.33839159573792,5.55252369881967,-5.01066819052569,-2.03649853672706,-3.06277233653677,16,620,0.43057692,4.1209617,0.59561324
