selection,obs_name,cell,n.umi,time.point,batch,Size_Factor,raw.embryo.time,embryo.time,embryo.time.bin,raw.embryo.time.bin,lineage,num_genes_expressed,cell.type,bg.300.loading,bg.400.loading,bg.500.1.loading,bg.500.2.loading,bg.r17.loading,bg.b01.loading,bg.b02.loading,leiden,embryo_time_numeric,dpt_pseudotime,UMAP1,UMAP2
Selection 1,GCGGGTTTCGGAAACG-400.2.3,GCGGGTTTCGGAAACG-400.2.3,989,400_minutes,Waterston_400_minutes,0.7686879204559,230,230,210-270,210-270,ABalppppaa/ABpraaapaa,531,ADL_parent,7.8752410203763,2.98174090308837,-3.67817776534778,-3.95216339311118,2.5985783347048,-0.191342155582305,-1.25271705660229,11,230,0.19079773,11.871431,10.058503
Selection 1,AAGGCAGAGACTGTAA-400.2.2,AAGGCAGAGACTGTAA-400.2.2,1753,400_minutes,Waterston_400_minutes,1.36249739591425,170,215,210-270,170-210,ABalppppaa/ABpraaapaa,888,,7.85876798915119,3.51988659684506,-2.85653898116084,-3.08895289037639,3.38982707367034,0.696480084229554,-0.710684673156566,11,215,0.18971308,11.87113,9.860145
Selection 1,CCTAGCTGTAAATGTG-300.1.3,CCTAGCTGTAAATGTG-300.1.3,1687,300_minutes,Waterston_300_minutes,1.31119971871497,230,215,210-270,210-270,ABalppppaa/ABpraaapaa,910,ADL_parent,6.36506708445606,2.07291839439526,-3.16369905340101,-3.37050966384312,1.57972265134729,-0.763087951203832,-1.57194049333924,11,215,0.18514779,11.89126,9.909214
Selection 1,CTGCTGTAGTTGTAGA-300.1.1,CTGCTGTAGTTGTAGA-300.1.1,1728,300_minutes,Waterston_300_minutes,1.34306645758119,260,220,210-270,210-270,ABalppppaa/ABpraaapaa,917,ADL_parent,7.11934925798772,2.27268087974765,-3.71524436575041,-3.83246657397513,2.22494205782436,-0.371295592568217,-1.22443567896297,11,220,0.17879489,11.838523,9.933656
Selection 1,GGACAGAAGGCATGTG-300.1.1,GGACAGAAGGCATGTG-300.1.1,1325,300_minutes,Waterston_300_minutes,1.02983973165224,200,200,170-210,170-210,ABalppppaa/ABpraaapaa,802,,5.9524398040194,1.49406771186057,-3.68340826450079,-3.62255052256171,0.789407258795986,-1.44772667316685,-2.31754927308012,11,200,0.19127929,11.9328575,9.914045
Selection 1,CTGATCCCACATTCGA-300.1.2,CTGATCCCACATTCGA-300.1.2,2143,300_minutes,Waterston_300_minutes,1.66562003391,200,200,170-210,170-210,ABalppppaa/ABpraaapaa,1135,,7.66404110935598,2.49234059551074,-3.87831328423119,-3.96914639143167,2.30733279080862,-0.437742721132539,-1.59017071158601,11,200,0.18891306,11.903139,9.961082
Selection 1,CAGCAGCCATGGTCTA-300.1.3,CAGCAGCCATGGTCTA-300.1.3,2055,300_minutes,Waterston_300_minutes,1.59722313097763,200,205,170-210,170-210,ABalppppaa/ABpraaapaa,1044,,8.23639274855439,3.17982413290699,-3.53453036681346,-3.7371163373237,2.89909308983132,-0.0651100589262257,-1.55976996092464,11,205,0.20291677,11.955182,10.028677
Selection 1,GTTCGGGCAATGGAGC-400.2.3,GTTCGGGCAATGGAGC-400.2.3,1371,400_minutes,Waterston_400_minutes,1.06559265818507,200,225,210-270,170-210,ABalppppaa/ABpraaapaa,741,ADL_parent,8.68654774648662,4.54583251915853,-2.68426777103326,-3.09372883963612,4.05885979047016,0.628583469923404,-1.59147354392978,11,225,0.20728692,12.110785,9.907501
Selection 1,CTCGAGGAGTGATCGG-300.1.1,CTCGAGGAGTGATCGG-300.1.1,1700,300_minutes,Waterston_300_minutes,1.32130380664816,220,210,210-270,210-270,ABalppppaa/ABpraaapaa,873,,7.49266866768787,2.35427519819214,-3.81172003344288,-3.98449333342043,1.90585315566804,-0.765276629199152,-1.94877703302359,11,210,0.19875178,12.052473,9.871728
Selection 1,ATAACGCAGAAGAAGC-400.2.3,ATAACGCAGAAGAAGC-400.2.3,1676,400_minutes,Waterston_400_minutes,1.30265010584842,200,220,210-270,170-210,ABalppppaa/ABpraaapaa,907,ADL_parent,7.03442016501756,2.50525697140285,-3.23672653526756,-3.39348824180205,2.12527216451444,-0.288329669847186,-1.33171408866399,11,220,0.20920472,12.191718,9.85967
Selection 1,GGTATTGAGAGTGAGA-300.1.2,GGTATTGAGAGTGAGA-300.1.2,1918,300_minutes,Waterston_300_minutes,1.49074158891245,200,200,170-210,170-210,ABalppppaa/ABpraaapaa,947,,7.72223118730068,2.51735765558311,-4.33824808410888,-4.42125380216454,1.9785113777704,-1.24956139141119,-2.81589680819793,11,200,0.19044726,12.04853,9.857169
Selection 1,TTCGAAGGTTGCCTCT-300.1.2,TTCGAAGGTTGCCTCT-300.1.2,2329,300_minutes,Waterston_300_minutes,1.81018621510798,260,225,210-270,210-270,ABalppppaa/ABpraaapaa,1091,ADL_parent,7.4746206287601,2.68944240228546,-3.60163302899663,-3.98869983070124,2.13563815925567,-0.608080086348181,-1.69376158854123,11,225,0.1955541,12.17144,9.828584
Selection 1,TACTCGCTCATTTGGG-400.2.3,TACTCGCTCATTTGGG-400.2.3,1276,400_minutes,Waterston_400_minutes,0.991755092519442,190,205,170-210,170-210,ABalppppaa/ABpraaapaa,713,,7.07260023708081,2.40393453026219,-3.57269892045212,-3.59746429032606,2.00797811149865,-0.621666197685223,-1.78331276737142,11,205,0.17758878,12.005729,9.808535
Selection 1,ACTTTCACAAGTTGTC-300.1.1,ACTTTCACAAGTTGTC-300.1.1,1964,300_minutes,Waterston_300_minutes,1.52649451544529,230,260,210-270,210-270,ABalppppaa/ABpraaapaa,1007,ADL_parent,6.23597354364562,1.88446452409334,-3.44110492470086,-3.57145612296464,1.59241050630509,-0.725112686787577,-1.47816093064264,11,260,0.22888137,12.447641,9.807945
Selection 1,AGACGTTGTCCTGCTT-300.1.3,AGACGTTGTCCTGCTT-300.1.3,1746,300_minutes,Waterston_300_minutes,1.35705673318099,220,260,210-270,210-270,ABalppppaa/ABpraaapaa,901,ADL_parent,6.53041364612931,1.78495165737306,-3.91669229719377,-4.05378834637995,1.27737391929771,-1.25400821412901,-2.02387001578657,11,260,0.21583496,12.235769,9.600044
Selection 1,GCAAACTAGTGGGCTA-400.2.2,GCAAACTAGTGGGCTA-400.2.2,1085,400_minutes,Waterston_400_minutes,0.843302723654855,300,270,270-330,270-330,ABalppppaa/ABpraaapaa,581,ADL_parent,2.34456825605915,-0.26499265552238,-2.93879554112429,-2.45125371772734,-0.683107416231279,-1.69783659187452,-1.47994678979991,11,270,0.31262976,13.845276,8.582424
Selection 1,TGTGGTATCTGCTTGC-300.1.1,TGTGGTATCTGCTTGC-300.1.1,1373,300_minutes,Waterston_300_minutes,1.06714713325172,290,290,270-330,270-330,ABalppppaa/ABpraaapaa,760,ADL_parent,4.53715586418204,0.548380650055953,-4.08531506092106,-4.08331332156349,0.0876346358107405,-2.166731595077,-2.58689234284242,11,290,0.2719542,13.0640335,9.347824
Selection 1,GGCGACTAGACGACGT-300.1.1,GGCGACTAGACGACGT-300.1.1,1442,300_minutes,Waterston_300_minutes,1.12077652305097,290,300,270-330,270-330,ABalppppaa/ABpraaapaa,774,ADL_parent,4.21975954716235,0.56908113041515,-3.868471647054,-3.65852963896379,0.655774872105097,-1.34533076749389,-1.48573204818739,11,300,0.24909982,13.073629,8.841364
Selection 1,CGTAGGCGTTCCCTTG-300.1.2,CGTAGGCGTTCCCTTG-300.1.2,1589,300_minutes,Waterston_300_minutes,1.23503044044937,300,300,270-330,270-330,ABalppppaa/ABpraaapaa,830,ADL_parent,5.06412931179183,1.24970042561245,-3.80669615748031,-3.87514683984136,1.16217313947615,-1.24138890172926,-1.66661823486726,11,300,0.26998875,13.087082,9.206927
Selection 1,GGACATTTCTCGGACG-400.2.1,GGACATTTCTCGGACG-400.2.1,1577,400_minutes,Waterston_400_minutes,1.2257035900495,290,265,210-270,270-330,ABalppppaa/ABpraaapaa,792,ADL_parent,5.23046287243628,1.27496443897614,-3.44371672334534,-3.38047607146016,0.927771301521715,-1.01264710016413,-1.2924660183159,11,265,0.28844762,13.089611,9.035267
Selection 1,CAGCTAACAATAGAGT-300.1.2,CAGCTAACAATAGAGT-300.1.2,1867,300_minutes,Waterston_300_minutes,1.45110247471301,290,260,210-270,270-330,ABalppppaa/ABpraaapaa,1018,ADL_parent,5.2479560879412,1.83568356197049,-2.9293774361352,-2.48730801830077,1.16589605452253,-0.449729818031572,-1.23369144968979,11,260,0.28931275,13.180714,9.175071
Selection 1,ATCATCTGTCGTCTTC-400.2.1,ATCATCTGTCGTCTTC-400.2.1,1874,400_minutes,Waterston_400_minutes,1.45654313744627,300,300,270-330,270-330,ABalppppaa/ABpraaapaa,883,ADL_parent,5.17735415318432,1.31269032064361,-3.69296468374056,-3.67635449143564,1.40202859514111,-0.665802947735945,-0.890701440047309,11,300,0.26580238,13.292852,8.98613
Selection 1,GTACTCCGTAGCGTCC-400.2.1,GTACTCCGTAGCGTCC-400.2.1,907,400_minutes,Waterston_400_minutes,0.704954442723459,290,290,270-330,270-330,ABalppppaa/ABpraaapaa,540,ADL_parent,3.85474073189993,0.202206869000729,-3.61638498209692,-3.63848164402044,-0.48610288580895,-2.38516216502478,-2.60375508560104,11,290,0.29327467,13.260137,9.13634
Selection 1,GGGCACTGTCAAAGAT-400.2.2,GGGCACTGTCAAAGAT-400.2.2,1765,400_minutes,Waterston_400_minutes,1.37182424631412,260,300,270-330,210-270,ABalppppaa/ABpraaapaa,942,ADL_parent,3.86458105847775,0.901760976888899,-2.74627859740063,-2.68170947164646,0.31310602540622,-0.984750431325339,-1.07983622109246,11,300,0.28457502,13.255809,8.938945
Selection 1,TGTGGTAAGGTTCCTA-300.1.3,TGTGGTAAGGTTCCTA-300.1.3,2071,300_minutes,Waterston_300_minutes,1.60965893151079,290,290,270-330,270-330,ABalppppaa/ABpraaapaa,1039,ADL_parent,3.96375888724926,0.0083317638307038,-4.27729147003815,-4.04067317270145,0.0005479305428349,-1.7831472896129,-1.67171508937332,11,290,0.27754125,13.105845,8.78196
Selection 1,CTAGCCTGTTCGAATC-300.1.2,CTAGCCTGTTCGAATC-300.1.2,2459,300_minutes,Waterston_300_minutes,1.9112270944399,290,290,270-330,270-330,ABalppppaa/ABpraaapaa,1182,ADL_parent,5.08569954039135,0.919170197344085,-4.00515943758894,-3.96433214142501,0.792510908718446,-1.44240413623144,-1.74810253493208,11,290,0.28467858,13.282212,9.1699095
Selection 1,TGGTTAGGTAGCCTCG-400.2.1,TGGTTAGGTAGCCTCG-400.2.1,1644,400_minutes,Waterston_400_minutes,1.2777785047821,270,290,270-330,270-330,ABalppppaa/ABpraaapaa,861,ADL_parent,4.70099565313628,1.07248627527498,-3.23256085943366,-3.2036175821227,0.492080756719766,-1.26994857235665,-1.69662496119718,11,290,0.2717199,13.262389,8.770319
Selection 1,TACTTACTCTTCGAGA-300.1.2,TACTTACTCTTCGAGA-300.1.2,1970,300_minutes,Waterston_300_minutes,1.53115794064522,290,300,270-330,270-330,ABalppppaa/ABpraaapaa,1035,ADL_parent,4.19958182094475,0.613971425852976,-3.35256830171421,-3.31455933722215,-0.0127317644245004,-1.68926727796856,-1.97603680546339,11,300,0.27261212,13.103484,8.933936
Selection 1,ATCGAGTGTGATAAGT-300.1.2,ATCGAGTGTGATAAGT-300.1.2,2354,300_minutes,Waterston_300_minutes,1.82961715344104,290,270,270-330,270-330,ABalppppaa/ABpraaapaa,1143,ADL_parent,4.81346904343945,0.816817503084824,-3.661987259971,-3.64964762251077,0.285284894265094,-1.63971914194632,-1.83683502273976,11,270,0.2911048,13.2930975,9.197525
Selection 1,GGAAAGCAGTCCGGTC-300.1.2,GGAAAGCAGTCCGGTC-300.1.2,1569,300_minutes,Waterston_300_minutes,1.21948568978292,300,290,270-330,270-330,ABalppppaa/ABpraaapaa,897,ADL_parent,4.59372462529603,0.677347699171996,-3.72544968706392,-3.72809339832074,0.556067898814601,-1.46024627994091,-1.63932436610441,11,290,0.2831145,13.4036455,8.867102
Selection 1,GACGCGTCAGATCGGA-400.2.3,GACGCGTCAGATCGGA-400.2.3,1049,400_minutes,Waterston_400_minutes,0.815322172455247,300,300,270-330,270-330,ABalppppaa/ABpraaapaa,606,ADL_parent,3.68270138820086,0.831242875164227,-2.50052402004246,-2.63756133990798,-0.318086663155403,-1.7959592328388,-2.14516941881941,11,300,0.30481777,13.393295,9.002779
Selection 1,TTAGGCAAGGATATAC-400.2.2,TTAGGCAAGGATATAC-400.2.2,913,400_minutes,Waterston_400_minutes,0.709617867923394,270,300,270-330,270-330,ABalppppaa/ABpraaapaa,503,ADL_parent,3.00143411665477,0.493198268209996,-2.12161481222409,-2.2890422970507,-0.505229454141763,-1.39152164270755,-1.04109618162423,11,300,0.28809065,13.337077,8.790944
Selection 1,TGGTTAGAGACCCACC-300.1.3,TGGTTAGAGACCCACC-300.1.3,2113,300_minutes,Waterston_300_minutes,1.64230290791033,320,300,270-330,270-330,ABalppppaa/ABpraaapaa,1011,ADL_parent,2.99262504853514,-0.563017804553273,-4.15351809624854,-4.06663358964242,-1.19110240483261,-2.60877422607461,-2.29022033956003,11,300,0.2956077,13.338081,8.9969015
Selection 1,AGCTCTCTCCAAGTAC-300.1.2,AGCTCTCTCCAAGTAC-300.1.2,2481,300_minutes,Waterston_300_minutes,1.92832632017299,300,300,270-330,270-330,ABalppppaa/ABpraaapaa,1205,ADL_parent,3.32359278736208,-0.344434463569334,-3.89564227165367,-3.83882819861037,-0.880474342323006,-2.54322973994035,-2.41174555123272,11,300,0.29731342,13.379489,9.102384
Selection 1,CCGGTAGTCTGCTTGC-400.2.2,CCGGTAGTCTGCTTGC-400.2.2,1996,400_minutes,Waterston_400_minutes,1.5513661165116,300,300,270-330,270-330,ABalppppaa/ABpraaapaa,953,ADL_parent,3.90207413617943,0.526945336503762,-3.50208664076906,-3.47582271405921,0.410635535392736,-1.22767215026231,-1.09620481746801,11,300,0.29052916,13.430049,8.834965
Selection 1,CTGGTCTAGCGTTGCC-300.1.2,CTGGTCTAGCGTTGCC-300.1.2,2172,300_minutes,Waterston_300_minutes,1.68815992237635,290,265,210-270,270-330,ABalppppaa/ABpraaapaa,1116,ADL_parent,4.43416395122117,0.449575673567117,-4.16043900983571,-3.97536572162087,0.053670710505134,-2.02988430290157,-2.28444939729371,11,265,0.29286358,13.452026,8.962137
Selection 1,TGTATTCCATCGGGTC-400.2.3,TGTATTCCATCGGGTC-400.2.3,1766,400_minutes,Waterston_400_minutes,1.37260148384744,300,295,270-330,270-330,ABalppppaa/ABpraaapaa,939,ADL_parent,3.9909010416525,0.750738701611807,-3.41269046427865,-3.35675986175272,0.747770093823217,-0.973828833323113,-0.848852315610278,11,295,0.29651427,13.451702,8.816025
Selection 1,GTGCAGCTCGGCATCG-400.2.1,GTGCAGCTCGGCATCG-400.2.1,1414,400_minutes,Waterston_400_minutes,1.09901387211794,300,300,270-330,270-330,ABalppppaa/ABpraaapaa,758,ADL_parent,3.18361286897044,-0.379753872555694,-4.11046853426254,-3.95634228088458,-0.553670013221646,-2.61775287918333,-2.68111752599808,11,300,0.27455798,13.464498,8.831824
Selection 1,TCCCGATTCGGAAACG-300.1.2,TCCCGATTCGGAAACG-300.1.2,2108,300_minutes,Waterston_300_minutes,1.63841672024372,300,290,270-330,270-330,ABalppppaa/ABpraaapaa,1093,ADL_parent,3.01726760685347,-0.649885979360671,-4.1942451094392,-4.06056935477854,-1.2156534378359,-2.84862298094483,-2.68002722571535,11,290,0.29201275,13.479662,8.818573
Selection 1,AACTCTTGTAAATACG-400.2.3,AACTCTTGTAAATACG-400.2.3,1816,400_minutes,Waterston_400_minutes,1.41146336051356,300,300,270-330,270-330,ABalppppaa/ABpraaapaa,958,ADL_parent,3.72097647541965,0.652430513342184,-3.12746818799562,-3.28070495195495,0.276086092595163,-1.48562621527152,-1.65974619953727,11,300,0.29247516,13.644946,8.88802
Selection 1,CCCAGTTAGGCCCTTG-300.1.2,CCCAGTTAGGCCCTTG-300.1.2,2375,300_minutes,Waterston_300_minutes,1.84593914164081,300,300,270-330,270-330,ABalppppaa/ABpraaapaa,1138,ADL_parent,3.76049648705354,0.15388869820176,-3.7645905018652,-3.79413315407578,-0.279775726333718,-2.05312802380522,-1.99507790856066,11,300,0.3004643,13.618335,8.93372
Selection 1,GACAGAGTCGGAGGTA-400.2.2,GACAGAGTCGGAGGTA-400.2.2,1492,400_minutes,Waterston_400_minutes,1.15963839971709,300,300,270-330,270-330,ABalppppaa/ABpraaapaa,716,ADL_parent,5.79284815248303,2.41272926504809,-3.32333420095385,-3.57382712856866,2.16689963021539,-0.630288724965293,-1.77308561811837,11,300,0.27304825,13.491422,8.970492
Selection 1,CCAGCGAGTTAGTGGG-300.1.1,CCAGCGAGTTAGTGGG-300.1.1,1803,300_minutes,Waterston_300_minutes,1.40135927258037,300,300,270-330,270-330,ABalppppaa/ABpraaapaa,937,ADL_parent,3.08478729950869,-0.185157142234461,-3.7185277637247,-3.7643499669551,-0.81507940021315,-2.50023838559395,-2.32105149680712,11,300,0.2927168,13.588003,8.756766
Selection 1,CGTGTAATCTGATACG-400.2.2,CGTGTAATCTGATACG-400.2.2,1359,400_minutes,Waterston_400_minutes,1.05626580778521,300,300,270-330,270-330,ABalppppaa/ABpraaapaa,753,ADL_parent,3.22891298629183,0.321173374417088,-3.37998844236337,-3.32464894582947,-0.167909001951765,-1.56447941938305,-1.47568699234837,11,300,0.302987,13.596857,8.91039
Selection 1,CGCTATCCAGTAAGAT-300.1.1,CGCTATCCAGTAAGAT-300.1.1,1910,300_minutes,Waterston_300_minutes,1.48452368864587,320,315,270-330,270-330,ABalppppaa/ABpraaapaa,1009,ADL_parent,2.19817979815717,-1.02350370600046,-4.15167884009311,-4.0995842701333,-1.31445297348138,-2.98987829323994,-2.55080697451448,11,315,0.3131586,13.657283,8.857793
Selection 1,TGCTACCTCAACACCA-300.1.2,TGCTACCTCAACACCA-300.1.2,1915,300_minutes,Waterston_300_minutes,1.48840987631249,290,290,270-330,270-330,ABalppppaa/ABpraaapaa,930,ADL_parent,3.78422493550351,-0.150527406957425,-4.32680414013371,-4.04112731409171,-0.533984730308875,-2.37650588352715,-2.37042930949502,11,290,0.29382694,13.542623,9.03867
Selection 1,ATCACGACAAGTAGTA-400.2.3,ATCACGACAAGTAGTA-400.2.3,1756,400_minutes,Waterston_400_minutes,1.36482910851422,300,290,270-330,270-330,ABalppppaa/ABpraaapaa,906,ADL_parent,2.80113075663945,-0.508394764820005,-3.80185624914441,-3.70320658227839,-1.03759749265762,-2.8645827273929,-2.95280491217443,11,290,0.28724158,13.714226,8.87112
Selection 1,CACATTTTCATGTCCC-300.1.2,CACATTTTCATGTCCC-300.1.2,1938,300_minutes,Waterston_300_minutes,1.5062863395789,300,300,270-330,270-330,ABalppppaa/ABpraaapaa,976,ADL_parent,2.72246064375049,-0.776809793653272,-4.42983060302549,-4.23988351737246,-0.920391972015193,-2.78866648430148,-2.49420623887547,11,300,0.29994896,13.79257,8.750133
Selection 1,CTAGTGATCCGCGCAA-300.1.1,CTAGTGATCCGCGCAA-300.1.1,1881,300_minutes,Waterston_300_minutes,1.46198380017952,300,300,270-330,270-330,ABalppppaa/ABpraaapaa,953,ADL_parent,2.61246655387118,-0.854137903289827,-4.26458390109937,-4.02127006521328,-0.99542937242349,-2.57495743246172,-2.12183826543634,11,300,0.3044792,13.731227,8.817687
Selection 1,ACGAGGACACGTCTCT-400.2.1,ACGAGGACACGTCTCT-400.2.1,1725,400_minutes,Waterston_400_minutes,1.34073474498122,290,300,270-330,270-330,ABalppppaa/ABpraaapaa,851,ADL_parent,3.53669370211712,-0.254940240936882,-4.03129838102245,-3.77763268476936,-0.450311540893524,-2.08455825339117,-1.85851744168484,11,300,0.28749838,13.485745,8.82734
Selection 1,CCCAGTTCAGTATCTG-300.1.3,CCCAGTTCAGTATCTG-300.1.3,1861,300_minutes,Waterston_300_minutes,1.44643904951307,300,300,270-330,270-330,ABalppppaa/ABpraaapaa,930,ADL_parent,2.72443612668807,-0.59793345712852,-3.82517795607113,-3.74517852853116,-0.75384590865443,-2.32981465289785,-1.86890111866524,11,300,0.31023884,13.515957,8.968794
Selection 1,CGATCGGGTGCTTCTC-400.2.1,CGATCGGGTGCTTCTC-400.2.1,1604,400_minutes,Waterston_400_minutes,1.2466890034492,300,300,270-330,270-330,ABalppppaa/ABpraaapaa,851,ADL_parent,3.09707029454547,-0.100118239004802,-3.82175452199687,-3.78522015057995,-0.585884102335163,-2.36895034966279,-2.18968613652434,11,300,0.29059163,13.542075,8.80267
Selection 1,GGGAGATTCCGAACGC-300.1.2,GGGAGATTCCGAACGC-300.1.2,2207,300_minutes,Waterston_300_minutes,1.71536323604264,340,300,270-330,330-390,ABalppppaa/ABpraaapaa,1055,ADL_parent,2.6384317333439,-0.806605261822155,-4.13004864791919,-3.95733048307977,-1.25162800890861,-2.87224236834103,-2.62852998354379,11,300,0.30300444,13.707867,8.901835
Selection 1,ACTGATGGTTTGGCGC-300.1.2,ACTGATGGTTTGGCGC-300.1.2,1726,300_minutes,Waterston_300_minutes,1.34151198251454,320,300,270-330,270-330,ABalppppaa/ABpraaapaa,862,ADL_parent,2.13467326047286,-0.680979342871604,-3.4103376763301,-3.3594027723777,-1.27628748617033,-2.53434322771232,-2.23615087913858,11,300,0.3082006,13.527379,8.919258
Selection 1,ACGGAGAAGTTATCGC-400.2.3,ACGGAGAAGTTATCGC-400.2.3,1821,400_minutes,Waterston_400_minutes,1.41534954818018,300,295,270-330,270-330,ABalppppaa/ABpraaapaa,927,ADL_parent,4.05031268660482,1.63959399690282,-1.67278562446986,-1.91896923780743,0.732609222165233,-0.803518515821256,-1.12056568568459,11,295,0.28165472,13.629068,8.852913
Selection 1,GTAACTGTCACTATTC-300.1.2,GTAACTGTCACTATTC-300.1.2,2148,300_minutes,Waterston_300_minutes,1.66950622157662,300,310,270-330,270-330,ABalppppaa/ABpraaapaa,1035,ADL_parent,2.26139125483344,-0.681574294345007,-3.53268492388646,-3.49602083634815,-1.16280156103687,-2.54923922590687,-2.14909741403621,11,310,0.3050061,13.844073,8.88746
Selection 1,GCGAGAACACTTGGAT-300.1.2,GCGAGAACACTTGGAT-300.1.2,2481,300_minutes,Waterston_300_minutes,1.92832632017299,330,300,270-330,330-390,ABalppppaa/ABpraaapaa,1123,ADL_parent,1.94207794076384,-1.06837724379451,-3.87122352011733,-3.79896804508024,-1.74374621352928,-3.30623721330712,-3.03633095171306,11,300,0.31272322,13.890338,8.744139
Selection 1,GTACGTACACAGTCGC-400.2.3,GTACGTACACAGTCGC-400.2.3,1858,400_minutes,Waterston_400_minutes,1.44410733691311,290,300,270-330,270-330,ABalppppaa/ABpraaapaa,928,ADL_parent,3.59601929060931,0.444903550594879,-2.9586743302386,-2.77143426297062,-0.0424052731935735,-1.59896041995505,-1.72145710400417,11,300,0.306024,13.607034,8.718515
Selection 1,CACCACTTCATCGCTC-400.2.3,CACCACTTCATCGCTC-400.2.3,1250,400_minutes,Waterston_400_minutes,0.971546916653059,300,310,270-330,270-330,ABalppppaa/ABpraaapaa,700,ADL_parent,2.24468901318173,-0.223778532121405,-2.7393454925792,-2.79741941179263,-0.666317799211001,-1.69898332860462,-1.20672790182106,11,310,0.3101637,13.5351925,8.730155
Selection 1,CCCTCCTCACCCATGG-300.1.1,CCCTCCTCACCCATGG-300.1.1,1889,300_minutes,Waterston_300_minutes,1.4682017004461,300,300,270-330,270-330,ABalppppaa/ABpraaapaa,964,ADL_parent,4.27724346032132,0.607569237408869,-3.68338078052481,-3.71442421672328,0.160993262744948,-1.93679177786082,-2.31264515533294,11,300,0.30183545,13.667585,8.683996
Selection 1,CACCTTGCATTGCGGC-400.2.2,CACCTTGCATTGCGGC-400.2.2,1436,400_minutes,Waterston_400_minutes,1.11611309785103,340,310,270-330,330-390,ABalppppaa/ABpraaapaa,762,ADL_parent,1.19711511041879,-1.15109206418802,-3.21255275181411,-3.55908095151615,-1.66743955607446,-3.09040773031462,-2.64805797247766,11,310,0.31488612,13.879728,8.628735
Selection 1,TAGTGGTCATCGGTTA-300.1.3,TAGTGGTCATCGGTTA-300.1.3,1863,300_minutes,Waterston_300_minutes,1.44799352457972,300,300,270-330,270-330,ABalppppaa/ABpraaapaa,934,ADL_parent,3.35122100162462,-0.293924346409761,-3.65630289116031,-3.36595700922749,-0.339490521801848,-1.77497797705769,-1.43490996601715,11,300,0.3033983,13.56046,8.632675
Selection 1,GGAGCAATCGTTTAGG-300.1.1,GGAGCAATCGTTTAGG-300.1.1,1107,300_minutes,Waterston_300_minutes,0.860401949387949,300,285,270-330,270-330,ABalppppaa/ABpraaapaa,650,ADL_parent,2.55804112591083,-0.606872740603403,-3.77825496602857,-3.6465519879262,-0.966390553804933,-2.51732171419368,-2.28195656525747,11,285,0.30434734,13.885632,8.614652
Selection 1,ATCGAGTGTACATGTC-400.2.2,ATCGAGTGTACATGTC-400.2.2,1800,400_minutes,Waterston_400_minutes,1.3990275599804,300,300,270-330,270-330,ABalppppaa/ABpraaapaa,934,ADL_parent,4.51504861063714,1.22664587922817,-3.91897843010286,-3.86920820233934,1.1397894449151,-1.44672972783638,-2.02382893687671,11,300,0.29859954,13.810858,8.601198
Selection 1,CTCTGGTCAGGTCCAC-400.2.2,CTCTGGTCAGGTCCAC-400.2.2,1376,400_minutes,Waterston_400_minutes,1.06947884585169,300,300,270-330,270-330,ABalppppaa/ABpraaapaa,747,ADL_parent,2.35051605052136,-0.20442163689423,-3.47630686981079,-3.3641300046122,-0.716037090950989,-2.77837985252641,-3.28265931109553,11,300,0.31650144,14.001043,8.592164
Selection 1,CACAGTATCTCGTTTA-400.2.2,CACAGTATCTCGTTTA-400.2.2,1109,400_minutes,Waterston_400_minutes,0.861956424454594,260,260,210-270,210-270,ABalppppaa/ABpraaapaa,682,ADL_parent,5.97833576102057,2.3056852409238,-2.7274775072011,-3.09539683277662,1.94776537033897,-0.214038953552894,-0.799396779297904,11,260,0.19924335,12.466232,9.5504875
Selection 1,TGACTAGCATGTTCCC-300.1.2,TGACTAGCATGTTCCC-300.1.2,2028,300_minutes,Waterston_300_minutes,1.57623771757792,260,260,210-270,210-270,ABalppppaa/ABpraaapaa,1012,ADL_parent,6.15232034593572,1.87932559966263,-3.47505904557937,-3.4735599176699,1.51007539055296,-0.827742128345394,-1.68259331708007,11,260,0.23784694,12.4540205,9.634843
Selection 1,TAAGTGCAGCTAAACA-300.1.2,TAAGTGCAGCTAAACA-300.1.2,1833,300_minutes,Waterston_300_minutes,1.42467639858005,260,270,270-330,210-270,ABalppppaa/ABpraaapaa,983,ADL_parent,5.21623363095531,0.925331920206072,-3.9338887076891,-3.73739073681865,0.811610272112314,-1.08001996140545,-1.17357937975193,11,270,0.25182697,12.756479,9.582315
Selection 1,CCCATACAGCGCCTTG-300.1.1,CCCATACAGCGCCTTG-300.1.1,2221,300_minutes,Waterston_300_minutes,1.72624456150915,260,230,210-270,210-270,ABalppppaa/ABpraaapaa,1077,ADL_parent,6.19237294963546,1.36001401983463,-4.07667244617308,-4.06712495610681,0.914480988947786,-1.46103455562671,-2.15774270245389,11,230,0.23537816,12.48142,9.749845
Selection 1,TCAGCTCAGCCCTAAT-300.1.3,TCAGCTCAGCCCTAAT-300.1.3,2114,300_minutes,Waterston_300_minutes,1.64308014544365,280,245,210-270,270-330,ABalppppaa/ABpraaapaa,1030,ADL_parent,6.32128587638768,1.63977250410614,-3.79993064495169,-3.94043900694114,1.33040761766133,-0.993141512963816,-1.5689629578505,11,245,0.2617282,12.7655735,9.606522
Selection 1,GACAGAGCATGCTAGT-300.1.1,GACAGAGCATGCTAGT-300.1.1,1590,300_minutes,Waterston_300_minutes,1.23580767798269,260,275,270-330,210-270,ABalppppaa/ABpraaapaa,872,ADL_parent,5.65284718649448,1.12720235391695,-3.87101299633408,-3.86722073038094,0.78205894956173,-1.29511993792089,-1.55995879016378,11,275,0.250851,12.693898,9.514185
Selection 1,AACTGGTTCTAACTGG-400.2.1,AACTGGTTCTAACTGG-400.2.1,1501,400_minutes,Waterston_400_minutes,1.16663353751699,200,200,170-210,170-210,ABalppppaa/ABpraaapaa,806,,7.72535534039096,3.55358574253594,-3.20858475796597,-3.4655500210035,3.46788640188109,0.319690044256025,-1.23787809422647,11,200,0.18844113,12.28501,9.548686
Selection 1,TACTTGTGTTGTACAC-300.1.3,TACTTGTGTTGTACAC-300.1.3,1656,300_minutes,Waterston_300_minutes,1.28710535518197,260,270,270-330,210-270,ABalppppaa/ABpraaapaa,870,ADL_parent,5.65686637436868,1.35594292245911,-3.71721163874693,-3.58924877188621,1.18195550616287,-0.863527593768745,-1.29110742229328,11,270,0.23100302,12.394111,9.610731
Selection 1,CCTACCATCTAACTGG-400.2.1,CCTACCATCTAACTGG-400.2.1,799,400_minutes,Waterston_400_minutes,0.621012789124635,280,265,210-270,270-330,ABalppppaa/ABpraaapaa,498,ADL_parent,5.32849385827365,1.45976321410908,-3.50408426538705,-3.39951084432471,1.22801213609102,-0.831307765600029,-1.35658942078841,11,265,0.24620025,12.793457,9.576946
Selection 1,ATCATGGTCTGAGTGT-300.1.3,ATCATGGTCTGAGTGT-300.1.3,1985,300_minutes,Waterston_300_minutes,1.54281650364506,230,225,210-270,210-270,ABalppppaa/ABpraaapaa,985,ADL_parent,6.84546930017249,2.20455511347358,-4.01265284843814,-4.06415842942392,2.02907369619167,-0.706885513469596,-1.67084522511644,11,225,0.2248183,12.392732,9.673935
Selection 1,ATCTGCCTCAGCAACT-400.2.2,ATCTGCCTCAGCAACT-400.2.2,3690,400_minutes,Waterston_400_minutes,2.86800649795983,290,275,270-330,270-330,,1558,,5.12969126661551,2.53257249104319,-3.83061905364959,-3.93085062144076,2.1084147850187,-0.801964895109572,-1.74925896494217,11,275,0.20417078,12.48131,8.833249
Selection 1,CGTTGGGAGCTGCCCA-300.1.3,CGTTGGGAGCTGCCCA-300.1.3,1990,300_minutes,Waterston_300_minutes,1.54670269131167,270,260,210-270,270-330,ABalppppaa/ABpraaapaa,957,ADL_parent,6.05182003502353,1.35018950473586,-4.02222261362995,-4.18153610825884,0.882666967425091,-1.55410923270214,-2.18677165208902,11,260,0.23478688,12.646498,9.618499
Selection 1,CGGACACGTTTGCATG-300.1.3,CGGACACGTTTGCATG-300.1.3,1836,300_minutes,Waterston_300_minutes,1.42700811118001,260,270,270-330,210-270,ABalppppaa/ABpraaapaa,988,ADL_parent,5.20960095519738,1.17529275891713,-3.56792084464822,-3.55241444511861,0.967907057745837,-1.11295875003555,-1.45143983103547,11,270,0.2405006,12.7028885,9.569583
Selection 1,TACACGAAGTCCTCCT-300.1.1,TACACGAAGTCCTCCT-300.1.1,1496,300_minutes,Waterston_300_minutes,1.16274734985038,230,230,210-270,210-270,ABalppppaa/ABpraaapaa,831,ADL_parent,7.55043616131205,3.25848751567597,-3.048619048123,-3.45048096077566,2.87103075478194,0.154373984409595,-1.00699532360651,11,230,0.20388958,12.244737,9.754827
Selection 1,TTGAACGAGAAACCTA-300.1.1,TTGAACGAGAAACCTA-300.1.1,2252,300_minutes,Waterston_300_minutes,1.75033892504215,210,230,210-270,210-270,ABalppppaa/ABpraaapaa,1093,ADL_parent,6.92965071651049,2.04545836377991,-4.14253017177178,-4.08483249393589,1.8695037420407,-0.99678473917551,-2.06914820019872,11,230,0.2244659,12.499574,9.501423
Selection 1,GGACATTCATGTAAGA-300.1.2,GGACATTCATGTAAGA-300.1.2,2067,300_minutes,Waterston_300_minutes,1.6065499813775,260,260,210-270,210-270,ABalppppaa/ABpraaapaa,999,ADL_parent,5.90692280026523,1.3224860426864,-3.80923236591486,-3.91957698727612,0.909080202560474,-1.4089781977682,-2.04213720533313,11,260,0.267827,12.873853,9.573386
Selection 1,CACATTTCAGCCTATA-400.2.1,CACATTTCAGCCTATA-400.2.1,1607,400_minutes,Waterston_400_minutes,1.24902071604917,260,200,170-210,210-270,,895,,6.6379714304312,2.28863161015923,-3.31621788581092,-3.31145009028232,2.07702512121176,0.0161159028285127,-0.70981185731562,11,200,0.24014767,12.579628,9.575606
Selection 1,GGTATTGCACGCGAAA-300.1.2,GGTATTGCACGCGAAA-300.1.2,2197,300_minutes,Waterston_300_minutes,1.70759086070942,290,260,210-270,270-330,ABalppppaa/ABpraaapaa,1080,ADL_parent,5.93549931221177,1.22746245540381,-4.06208814169205,-4.04430845952101,0.68313449924539,-1.65659550011787,-2.31037831160856,11,260,0.23192157,12.677205,9.692242
Selection 1,AGGGAGTCACCTATCC-300.1.1,AGGGAGTCACCTATCC-300.1.1,1887,300_minutes,Waterston_300_minutes,1.46664722537946,260,245,210-270,210-270,ABalppppaa/ABpraaapaa,950,ADL_parent,6.84929222378904,2.45917052952081,-3.36217356117495,-3.7116695351369,1.95456829102352,-0.728629596515999,-1.77430731701189,11,245,0.24442789,12.573081,9.585066
Selection 1,CATGGCGCAAAGAATC-300.1.2,CATGGCGCAAAGAATC-300.1.2,2386,300_minutes,Waterston_300_minutes,1.85448875450736,260,210,210-270,210-270,ABalppppaa/ABpraaapaa,1140,ADL_parent,6.20579595777656,1.5711494396442,-3.63996031771865,-3.97227286655248,0.793166295159432,-1.73393385961738,-2.57809647861121,11,210,0.24305877,12.607585,9.710673
Selection 1,AGCGTATTCCTTTCTC-300.1.2,AGCGTATTCCTTTCTC-300.1.2,2099,300_minutes,Waterston_300_minutes,1.63142158244382,230,220,210-270,210-270,ABalppppaa/ABpraaapaa,1030,ADL_parent,6.18546565175827,0.970660053671176,-4.39553827922686,-4.42904671324948,0.676289612790584,-1.83502913755875,-2.50772727799147,11,220,0.2338569,12.544297,9.656889
Selection 1,CTGAAGTGTACAGTTC-300.1.2,CTGAAGTGTACAGTTC-300.1.2,1443,300_minutes,Waterston_300_minutes,1.12155376058429,260,260,210-270,210-270,ABalppppaa/ABpraaapaa,827,ADL_parent,5.54051061439907,1.61446530679766,-2.93031297193773,-3.14991013715606,1.04778603362699,-0.638879702359486,-0.872472812452097,11,260,0.21899283,12.483992,9.526158
Selection 1,CAGCTAAAGGAATGGA-300.1.2,CAGCTAAAGGAATGGA-300.1.2,2318,300_minutes,Waterston_300_minutes,1.80163660224143,260,260,210-270,210-270,ABalppppaa/ABpraaapaa,1146,ADL_parent,5.69679618360143,1.23413250674434,-3.71739316045651,-3.753843061528,0.958536828883153,-1.24097392379878,-1.73402451724323,11,260,0.23578055,12.56037,9.499891
Selection 1,GCCAAATAGGCTAGAC-400.2.1,GCCAAATAGGCTAGAC-400.2.1,3538,400_minutes,Waterston_400_minutes,2.74986639289482,270,270,270-330,270-330,ABalppppaa/ABpraaapaa,1492,ADL_parent,6.32954126922471,2.14823730289398,-3.94143377128648,-3.82597404933637,2.17045000129265,-0.439108329383484,-1.32778971433753,11,270,0.25178245,12.845967,9.426436
Selection 1,CCTTACGAGTACACCT-300.1.3,CCTTACGAGTACACCT-300.1.3,2407,300_minutes,Waterston_300_minutes,1.87081074270713,230,260,210-270,210-270,ABalppppaa/ABpraaapaa,1156,ADL_parent,6.80427427509822,2.48436877266916,-3.60258675420576,-3.74729295693819,2.0407200286492,-0.458975112775608,-1.2227029367603,11,260,0.2315483,12.461916,9.437188
Selection 1,ACTGAGTCATAGTAAG-300.1.3,ACTGAGTCATAGTAAG-300.1.3,1878,300_minutes,Waterston_300_minutes,1.45965208757956,260,260,210-270,210-270,ABalppppaa/ABpraaapaa,900,ADL_parent,5.08771913565048,0.960770961230536,-3.87296131097182,-3.90430552098558,0.55083734493896,-1.64731318380304,-2.03499169873597,11,260,0.24873996,12.784695,9.410103
Selection 1,CGTTAGAAGGCGTACA-300.1.1,CGTTAGAAGGCGTACA-300.1.1,1819,300_minutes,Waterston_300_minutes,1.41379507311353,260,270,270-330,210-270,ABalppppaa/ABpraaapaa,960,ADL_parent,5.26072325946586,1.21816122688633,-4.00682957472473,-3.92132886839028,1.12344738070147,-1.30787048985864,-1.83655132123453,11,270,0.253353,12.832567,9.304857
Selection 1,AAGCCGCGTTACGACT-300.1.3,AAGCCGCGTTACGACT-300.1.3,1929,300_minutes,Waterston_300_minutes,1.499291201779,260,270,270-330,210-270,ABalppppaa/ABpraaapaa,1051,ADL_parent,4.8615645183186,0.827614843173494,-3.89048094010147,-3.95238719173936,0.386616389374677,-1.68933305330566,-1.94657368162046,11,270,0.24472941,12.697686,9.377516
Selection 1,TGCACCTGTCCAGTAT-400.2.2,TGCACCTGTCCAGTAT-400.2.2,2021,400_minutes,Waterston_400_minutes,1.57079705484467,260,265,210-270,210-270,ABalppppaa/ABpraaapaa,1046,ADL_parent,5.51941767030976,1.65135971536619,-3.3113982036803,-3.55994759839907,0.830415789026274,-1.57261506540349,-2.4736256002776,11,265,0.2620152,12.861161,9.394963
Selection 1,ACCGTAACACGGTTTA-400.2.2,ACCGTAACACGGTTTA-400.2.2,2129,400_minutes,Waterston_400_minutes,1.65473870844349,270,270,270-330,270-330,ABalppppaa/ABpraaapaa,1042,ADL_parent,4.9793676235617,1.33645451405738,-3.76355076433439,-3.63470916158849,0.824942725288047,-1.05681855032543,-1.39436826496691,11,270,0.22513571,12.650201,9.135543
Selection 1,TTGCCGTGTAAGCACG-300.1.1,TTGCCGTGTAAGCACG-300.1.1,3260,300_minutes,Waterston_300_minutes,2.53379435863118,290,290,270-330,270-330,ABalppppaa/ABpraaapaa,1491,ADL_parent,5.45499830332549,1.53612371087804,-3.67496309585715,-3.59331243944861,1.03870330875498,-0.855483990841379,-1.19229506599747,11,290,0.22689931,12.594687,9.309278
Selection 1,ACACTGAGTTCAGTAC-300.1.3,ACACTGAGTTCAGTAC-300.1.3,1932,300_minutes,Waterston_300_minutes,1.50162291437897,260,260,210-270,210-270,ABalppppaa/ABpraaapaa,972,ADL_parent,5.32253277964369,1.2859615563292,-3.61845011844005,-3.69968340217132,1.08289788448058,-1.19280164859864,-1.70976151154443,11,260,0.26900658,12.896685,9.118145
Selection 1,CGGTTAAAGATCTGCT-300.1.2,CGGTTAAAGATCTGCT-300.1.2,1982,300_minutes,Waterston_300_minutes,1.54048479104509,290,260,210-270,270-330,ABalppppaa/ABpraaapaa,1000,ADL_parent,5.68966748959179,1.44641437767858,-3.71571964008127,-3.91980148476419,1.03807235789232,-1.22460085984506,-1.70261141262701,11,260,0.2361606,12.574378,9.317545
Selection 1,CTTAACTCAGCCTTGG-400.2.3,CTTAACTCAGCCTTGG-400.2.3,1814,400_minutes,Waterston_400_minutes,1.40990888544692,280,260,210-270,270-330,ABalppppaa/ABpraaapaa,961,ADL_parent,4.44872779866518,0.9866257076109,-3.46302360881564,-3.6221900896581,0.645114836035731,-1.34090020080015,-1.54914616443213,11,260,0.24887165,12.743842,9.168712
Selection 1,CCTACCAGTACGAAAT-400.2.1,CCTACCAGTACGAAAT-400.2.1,1243,400_minutes,Waterston_400_minutes,0.966106253919801,270,275,270-330,270-330,ABalppppaa/ABpraaapaa,683,ADL_parent,5.68294003886605,1.82787875842628,-3.65942033226258,-3.74040244110375,1.50436421789175,-1.04834663595009,-1.82581050534555,11,275,0.23653468,12.50417,9.366266
Selection 1,AGGTCATGTCACCTAA-400.2.3,AGGTCATGTCACCTAA-400.2.3,2351,400_minutes,Waterston_400_minutes,1.82728544084107,290,270,270-330,270-330,ABalppppaa/ABpraaapaa,1183,ADL_parent,5.57276887084708,2.19600386738769,-3.0594905226229,-3.28019498797741,1.66876449352896,-0.637972240071458,-1.37419081274567,11,270,0.26912746,12.939188,9.161483
Selection 1,GAACATCTCAGAGCTT-300.1.3,GAACATCTCAGAGCTT-300.1.3,1630,300_minutes,Waterston_300_minutes,1.26689717931559,290,290,270-330,270-330,ABalppppaa/ABpraaapaa,854,ADL_parent,3.96063428670745,0.0214353967213756,-4.01591558759729,-3.82287256212311,-0.222502309524383,-1.86298389628105,-1.69796610196415,11,290,0.2518852,13.000305,9.082637
Selection 1,CGGAGCTTCAATAAGG-300.1.2,CGGAGCTTCAATAAGG-300.1.2,2273,300_minutes,Waterston_300_minutes,1.76666091324192,290,265,210-270,270-330,ABalppppaa/ABpraaapaa,1133,ADL_parent,5.05222718758586,0.857287004292652,-3.77093372033677,-3.99470597705861,0.38995105572184,-1.86118360886547,-2.2457144477138,11,265,0.28172496,12.983531,9.449332
Selection 1,CATTCGCGTGATAAAC-300.1.2,CATTCGCGTGATAAAC-300.1.2,1999,300_minutes,Waterston_300_minutes,1.55369782911157,260,280,270-330,210-270,ABalppppaa/ABpraaapaa,1015,ADL_parent,5.15872347515342,0.851666722147369,-3.86554843693289,-3.76101339405092,0.333227901406899,-1.71503226950402,-2.14910267728973,11,280,0.27644476,12.951757,9.431161
Selection 1,CATCGAACAGCCAGAA-400.2.3,CATCGAACAGCCAGAA-400.2.3,1864,400_minutes,Waterston_400_minutes,1.44877076211304,260,270,270-330,210-270,ABalppppaa/ABpraaapaa,957,ADL_parent,5.51223566122992,1.49607465051755,-3.63259357407282,-3.68281763008604,0.723770931271031,-1.36888413931508,-2.08727062464568,11,270,0.26322755,12.988575,9.470258
Selection 1,AGCTTGACATCCTAGA-400.2.1,AGCTTGACATCCTAGA-400.2.1,1131,400_minutes,Waterston_400_minutes,0.879055650187687,290,270,270-330,270-330,ABalppppaa/ABpraaapaa,631,ADL_parent,6.2405840129507,2.66780324834008,-2.86082682447228,-2.92786017960962,2.36620871222924,-0.369325845455479,-1.73259316166695,11,270,0.26706594,12.948523,9.402807
Selection 1,AATCGGTCAAGGTTCT-400.2.2,AATCGGTCAAGGTTCT-400.2.2,1845,400_minutes,Waterston_400_minutes,1.43400324897991,260,260,210-270,210-270,ABalppppaa/ABpraaapaa,923,ADL_parent,4.87262448639316,0.542213152503198,-4.41399742080454,-4.02537705104955,0.557589121845861,-1.72888365749943,-2.16866598154235,11,260,0.26719895,13.010847,9.286471
Selection 1,CAACCTCCACGAGGTA-300.1.2,CAACCTCCACGAGGTA-300.1.2,2086,300_minutes,Waterston_300_minutes,1.62131749451062,290,265,210-270,270-330,ABalppppaa/ABpraaapaa,1035,ADL_parent,5.38034167884608,1.01781820831642,-4.09935627948832,-3.93973040428748,0.775357968595821,-1.48036252878314,-1.90453107124654,11,265,0.27766067,13.017785,9.062973
Selection 1,TAGCCGGGTGCTCTTC-300.1.3,TAGCCGGGTGCTCTTC-300.1.3,1864,300_minutes,Waterston_300_minutes,1.44877076211304,270,290,270-330,270-330,ABalppppaa/ABpraaapaa,926,ADL_parent,4.46926172280239,0.637846226742822,-3.72580595617865,-3.69737778702646,0.424799944801462,-1.36777543137502,-1.39477277306512,11,290,0.26054984,13.0154,9.191943
Selection 1,GACTGCGGTCCCTTGT-400.2.3,GACTGCGGTCCCTTGT-400.2.3,1416,400_minutes,Waterston_400_minutes,1.10056834718458,290,290,270-330,270-330,ABalppppaa/ABpraaapaa,774,ADL_parent,4.68667796261967,0.648297155896181,-4.0703300589559,-4.16254526781119,-0.0427392063305105,-2.34550247840827,-2.77414643884665,11,290,0.26828095,13.0296955,9.243448
Selection 1,AGGCCGTCACTAGTAC-300.1.1,AGGCCGTCACTAGTAC-300.1.1,1692,300_minutes,Waterston_300_minutes,1.31508590638158,270,260,210-270,270-330,ABalppppaa/ABpraaapaa,895,ADL_parent,5.34547920870866,0.855703861492102,-4.37589222994973,-4.26712288894177,0.386079125006206,-2.03758081422225,-2.61247112759883,11,260,0.2817941,13.043338,9.353958
Selection 1,TGCACCTAGTTGTCGT-300.1.2,TGCACCTAGTTGTCGT-300.1.2,1292,300_minutes,Waterston_300_minutes,1.0041908930526,360,360,330-390,330-390,ABalppppaad/ABpraaapaad,727,ADL,-0.946981936804901,-1.89926026443846,-2.82242863409049,-2.90467898402958,-1.59691280176987,-2.99565438429126,-2.48073304659706,12,360,0.29833516,14.446699,7.009236
Selection 1,CGATTGAAGATCGGGT-400.2.2,CGATTGAAGATCGGGT-400.2.2,1824,400_minutes,Waterston_400_minutes,1.41768126078014,350,350,330-390,330-390,ABalppppaad/ABpraaapaad,967,ADL,0.744002025159993,-0.867897394569765,-3.07386647736051,-3.42698401243868,-1.16643658479263,-3.39428968085474,-3.66573979341922,12,350,0.33384916,14.449818,7.7102
Selection 1,TGGGAAGGTAATCACC-400.2.3,TGGGAAGGTAATCACC-400.2.3,1233,400_minutes,Waterston_400_minutes,0.958333878586577,340,300,270-330,330-390,ABalppppaa/ABpraaapaa,706,ADL_parent,2.80137876083893,1.01778859202197,-2.21531136978948,-2.5040432348768,0.411784314375649,-1.51487889484972,-2.00501742915778,12,300,0.31863266,14.459334,8.062538
Selection 1,GGTATTGGTCGTCTTC-400.2.2,GGTATTGGTCGTCTTC-400.2.2,814,400_minutes,Waterston_400_minutes,0.632671352124472,340,360,330-390,330-390,ABalppppaad/ABpraaapaad,502,ADL,2.01881575232075,0.894693044000343,-1.73859521358156,-0.0901830833039341,1.12012879494706,0.714710157093751,0.23636557727636,12,360,0.30894196,14.459352,7.617582
Selection 1,TCGCGTTGTCGTCTTC-300.1.2,TCGCGTTGTCGTCTTC-300.1.2,2043,300_minutes,Waterston_300_minutes,1.58789628057776,370,350,330-390,330-390,ABalppppaad/ABpraaapaad,1048,ADL,-1.43962285340609,-2.68117321516662,-3.5033870426399,-3.91918674866743,-2.96810067433314,-4.74142674244343,-4.21404184478829,12,350,0.31116498,14.461494,7.2942524
Selection 1,CCTAAAGAGTACGCGA-400.2.3,CCTAAAGAGTACGCGA-400.2.3,1393,400_minutes,Waterston_400_minutes,1.08269188391817,340,320,270-330,330-390,ABalppppaa/ABpraaapaa,782,ADL_parent,2.1059821439827,0.649371573404996,-2.43920201906048,-2.62516762610966,0.446055356295081,-1.44989525673843,-1.66622641970043,12,320,0.3209599,14.576516,7.740881
Selection 1,CGAATGTGTTATCGGT-300.1.3,CGAATGTGTTATCGGT-300.1.3,1819,300_minutes,Waterston_300_minutes,1.41379507311353,350,350,330-390,330-390,ABalppppaad/ABpraaapaad,981,ADL,-1.04745819809556,-2.50274560755745,-3.65812784960345,-3.89160443123335,-2.62773264631098,-4.17375164717719,-3.47444550657929,12,350,0.3314262,14.538146,7.663701
Selection 1,CGTCTACTCCAGTAGT-300.1.1,CGTCTACTCCAGTAGT-300.1.1,1538,300_minutes,Waterston_300_minutes,1.19539132624992,350,365,330-390,330-390,ABalppppaad/ABpraaapaad,840,ADL,-0.351847966585289,-1.97055965678842,-3.52098042167151,-3.73635383146535,-1.88404732607382,-3.75988178878513,-3.47977178185823,12,365,0.3175204,14.574807,7.5611625
Selection 1,TGTATTCGTAAACACA-400.2.1,TGTATTCGTAAACACA-400.2.1,1292,400_minutes,Waterston_400_minutes,1.0041908930526,300,320,270-330,270-330,ABalppppaad/ABpraaapaad,695,ADL,3.71040115671912,1.00486289679656,-2.87180354039823,-2.99184385383966,1.075844440465,-0.509867444118036,-0.349956911175679,12,320,0.29839098,14.498476,7.836241
Selection 1,CTAGCCTTCACCGGGT-300.1.3,CTAGCCTTCACCGGGT-300.1.3,1692,300_minutes,Waterston_300_minutes,1.31508590638158,370,385,330-390,330-390,ABalppppaad/ABpraaapaad,894,ADL,-0.755168952508553,-2.20191746327496,-3.82794425222906,-4.03609439396624,-1.13402908959229,-3.59098032711556,-3.55544185616691,12,385,0.3012637,14.4805975,7.089272
Selection 1,GTTCGGGTCATGGTCA-300.1.3,GTTCGGGTCATGGTCA-300.1.3,1279,300_minutes,Waterston_300_minutes,0.99408680511941,330,345,330-390,330-390,ABalppppaad/ABpraaapaad,741,ADL,1.53820585639266,-0.778481748252034,-3.61652098986705,-3.83799775357723,-0.64318594604131,-2.68007484149242,-2.3814391558727,12,345,0.2945299,14.504167,7.5671573
Selection 1,AGTAGTCTCTTCTGGC-400.2.3,AGTAGTCTCTTCTGGC-400.2.3,1579,400_minutes,Waterston_400_minutes,1.22725806511614,320,300,270-330,270-330,ABalppppaa/ABpraaapaa,841,ADL_parent,4.07746851338605,1.75500033408136,-3.23116565176891,-3.00332305325324,2.16219354388369,-0.360027249370778,-1.22573088672757,12,300,0.32438898,14.470567,8.123764
Selection 1,ACCTTTACAAATCCGT-400.2.3,ACCTTTACAAATCCGT-400.2.3,1132,400_minutes,Waterston_400_minutes,0.87983288772101,350,350,330-390,330-390,ABalppppaad/ABpraaapaad,669,ADL,0.608200103504103,-1.20517754357968,-3.65406766988538,-3.84996363403554,-1.09955419862991,-3.2007092248599,-2.97077358637699,12,350,0.30000183,14.601389,7.657816
Selection 1,TTTGGTTGTTGATTGC-300.1.2,TTTGGTTGTTGATTGC-300.1.2,1574,300_minutes,Waterston_300_minutes,1.22337187744953,350,300,270-330,330-390,ABalppppaa/ABpraaapaa,891,ADL_parent,3.36980979380273,0.976487879536829,-3.38366884414379,-3.68304582036979,1.27386617775084,-1.51816452072992,-1.97975162449944,12,300,0.31580982,14.710297,7.605212
Selection 1,GACGTGCGTCCGCTGA-400.2.1,GACGTGCGTCCGCTGA-400.2.1,1301,400_minutes,Waterston_400_minutes,1.0111860308525,350,320,270-330,330-390,ABalppppaa/ABpraaapaa,704,ADL_parent,2.60992796280155,1.10443763057594,-3.57206021217595,-3.64048618999882,1.35434295920081,-2.0026949689343,-3.20547372034081,12,320,0.32202664,15.002024,7.7247705
Selection 1,ATCCGAACATCCGGGT-400.2.3,ATCCGAACATCCGGGT-400.2.3,2028,400_minutes,Waterston_400_minutes,1.57623771757792,300,300,270-330,270-330,ABalppppaa/ABpraaapaa,1047,ADL_parent,4.00203629210149,1.74391446435097,-2.34306940146055,-2.32357890070451,1.81964762226135,-0.234052826668952,-0.694776563214194,12,300,0.30753398,14.669931,7.7829704
Selection 1,AGTCTTTAGTACATGA-r17,AGTCTTTAGTACATGA-r17,1096,mixed,Murray_r17,0.851852336521402,390,350,330-390,390-450,ABalppppaad/ABpraaapaad,707,ADL,3.51568627139156,3.01063851225385,-2.07143322842722,-2.07804263568574,4.76856206462245,1.57631768102447,0.200540952976435,12,350,0.27090305,14.893592,7.621784
Selection 1,GGCTGGTTCATACGGT-400.2.3,GGCTGGTTCATACGGT-400.2.3,984,400_minutes,Waterston_400_minutes,0.764801732789288,340,340,330-390,330-390,ABalppppaad/ABpraaapaad,608,ADL,2.28937951687377,0.790081907846448,-2.34941356677384,-2.61749962939482,0.634266356652761,-1.56236939006933,-2.15993061571358,12,340,0.3080846,14.714875,7.7021775
Selection 1,TGCGTGGCATGTCTCC-400.2.3,TGCGTGGCATGTCTCC-400.2.3,1312,400_minutes,Waterston_400_minutes,1.01973564371905,350,360,330-390,330-390,ABalppppaad/ABpraaapaad,738,ADL,1.3316339692269,-0.4841326072185,-3.24944885333892,-3.59726546458197,-0.522227336924605,-2.99295649813189,-3.32754543947477,12,360,0.31216025,14.902687,7.562199
Selection 1,CGATCGGTCATGCTCC-400.2.3,CGATCGGTCATGCTCC-400.2.3,1094,400_minutes,Waterston_400_minutes,0.850297861454757,350,350,330-390,330-390,ABalppppaad/ABpraaapaad,678,ADL,0.933456319977618,-0.15206720126452,-3.32812097483559,-3.51209186742311,0.254349785050873,-2.87308368822448,-3.79145799181838,12,350,0.3184944,15.067357,7.5509777
Selection 1,CTCGAGGTCGTCCGTT-400.2.3,CTCGAGGTCGTCCGTT-400.2.3,1261,400_minutes,Waterston_400_minutes,0.980096529519605,350,350,330-390,330-390,ABalppppaad/ABpraaapaad,745,ADL,-0.383403634797777,-0.942585641031034,-2.90182810769,-3.21599101769607,-0.733021802775584,-3.0794274622889,-3.56806279262022,12,350,0.3254312,15.095003,7.2814274
Selection 1,AGCCTAAAGAAGGTTT-400.2.3,AGCCTAAAGAAGGTTT-400.2.3,1087,400_minutes,Waterston_400_minutes,0.8448571987215,300,350,330-390,270-330,ABalppppaad/ABpraaapaad,639,ADL,3.20899223497722,0.989296364562146,-3.53451514775278,-3.50105074380028,1.50974849849014,-1.44883605943212,-2.29338608043309,12,350,0.31678662,15.062822,7.367108
Selection 1,CAAGTTGGTCACTGGC-400.2.2,CAAGTTGGTCACTGGC-400.2.2,1568,400_minutes,Waterston_400_minutes,1.2187084522496,340,350,330-390,330-390,ABalppppaad/ABpraaapaad,878,ADL,1.31394311159946,-0.38767818899749,-3.22107376074426,-3.44000113771643,-0.0883423186050187,-2.06705253982797,-1.85661135328133,12,350,0.3034825,14.8122,7.4731674
Selection 1,CTCTAATAGCTTATCG-400.2.3,CTCTAATAGCTTATCG-400.2.3,1358,400_minutes,Waterston_400_minutes,1.05548857025188,360,340,330-390,330-390,ABalppppaad/ABpraaapaad,779,ADL,1.45070584958177,0.645290414538319,-2.95722954878788,-3.22901687885744,0.766657933736994,-2.08471771767692,-2.97918593118648,12,340,0.32747838,14.970061,7.5107055
Selection 1,TGACTTTCAGACAAAT-400.2.2,TGACTTTCAGACAAAT-400.2.2,1213,400_minutes,Waterston_400_minutes,0.942789127920128,360,380,330-390,330-390,ABalppppaad/ABpraaapaad,729,ADL,-0.18831081679998,-1.23417909372148,-2.40729461222958,-2.81460628327708,-1.107780133436,-2.95691445877211,-2.96186238998315,12,380,0.3128394,14.662852,7.2873774
Selection 1,TAGTTGGCATCAGTCA-300.1.3,TAGTTGGCATCAGTCA-300.1.3,1641,300_minutes,Waterston_300_minutes,1.27544679218214,350,350,330-390,330-390,ABalppppaad/ABpraaapaad,902,ADL,-1.0720158999807,-2.60477082653273,-4.05356493931667,-4.31591503412458,-2.54076149560735,-4.67075229122725,-4.32367582205771,12,350,0.3160452,14.833132,7.3414855
Selection 1,CGATCGGAGGTAGCTG-400.2.2,CGATCGGAGGTAGCTG-400.2.2,1421,400_minutes,Waterston_400_minutes,1.1044545348512,370,350,330-390,330-390,ABalppppaad/ABpraaapaad,809,ADL,0.395496394279821,-0.563000510930969,-3.21321513840166,-3.45318181207593,-0.311887331293235,-2.7215730579451,-2.98567106123038,12,350,0.3088927,14.902369,7.4546185
Selection 1,GGCTCGATCTCAACTT-400.2.3,GGCTCGATCTCAACTT-400.2.3,1134,400_minutes,Waterston_400_minutes,0.881387362787655,340,350,330-390,330-390,ABalppppaad/ABpraaapaad,614,ADL,1.9379713766414,0.295571301752669,-3.19288623050167,-3.29032279205034,0.303796554330201,-2.21232105012341,-2.69320403847216,12,350,0.31677735,14.996056,7.4640207
Selection 1,CCTTCGAAGCGTGAAC-400.2.3,CCTTCGAAGCGTGAAC-400.2.3,839,400_minutes,Waterston_400_minutes,0.652102290457533,350,350,330-390,330-390,ABalppppaad/ABpraaapaad,540,ADL,0.56181161065257,-1.19204082534511,-3.41507367962837,-3.47488040061821,-1.12998531944358,-3.31348787033828,-3.27952464382711,12,350,0.28637218,14.907442,7.3945436
Selection 1,CTGTTTATCCCATTTA-400.2.1,CTGTTTATCCCATTTA-400.2.1,1615,400_minutes,Waterston_400_minutes,1.25523861631575,350,350,330-390,330-390,ABalppppaad/ABpraaapaad,893,ADL,1.17815663120349,-0.234918061549925,-3.04758551567272,-2.9916199176877,0.144220805256609,-2.13373324406731,-2.6984579749398,12,350,0.32381496,15.15723,7.3197317
Selection 1,CTACGTCCATAAGACA-400.2.2,CTACGTCCATAAGACA-400.2.2,1042,400_minutes,Waterston_400_minutes,0.80988150972199,350,350,330-390,330-390,ABalppppaad/ABpraaapaad,622,ADL,1.01745313270182,-0.0488309487672878,-3.23369028899252,-3.25240261635188,0.173867909050651,-2.29495692855064,-2.95973519124087,12,350,0.31033218,15.075184,7.54493
Selection 1,AAACGGGAGCCCTAAT-400.2.2,AAACGGGAGCCCTAAT-400.2.2,1590,400_minutes,Waterston_400_minutes,1.23580767798269,350,360,330-390,330-390,ABalppppaad/ABpraaapaad,863,ADL,0.496697429612528,-1.01899718189069,-3.5933320208842,-3.88314780300739,-1.01330076899432,-3.19866101862977,-3.21145360608807,12,360,0.31546444,14.795057,7.489601
Selection 1,AGTCTTTTCGTAGGAG-400.2.3,AGTCTTTTCGTAGGAG-400.2.3,1250,400_minutes,Waterston_400_minutes,0.971546916653059,350,340,330-390,330-390,ABalppppaad/ABpraaapaad,667,ADL,2.80768279435226,2.32673361422329,-2.47254813104581,-3.04495875434635,2.53651757307573,-1.46065223951799,-3.48246727723362,12,340,0.32257968,15.105301,7.4271502
Selection 1,TATCTCAAGTGACATA-400.2.2,TATCTCAAGTGACATA-400.2.2,1649,400_minutes,Waterston_400_minutes,1.28166469244871,360,350,330-390,330-390,ABalppppaad/ABpraaapaad,864,ADL,0.91963636495904,-0.642891171687718,-3.41337281467586,-3.734349623346,-0.46434549500073,-2.82846782043621,-2.94035258532287,12,350,0.31005248,14.680956,7.443713
Selection 1,TCATTTGTCCGCGTTT-400.2.1,TCATTTGTCCGCGTTT-400.2.1,1230,400_minutes,Waterston_400_minutes,0.95600216598661,350,350,330-390,330-390,ABalppppaad/ABpraaapaad,717,ADL,1.0297968989317,0.419019787200824,-3.13421146615958,-3.67341006395458,0.386473181202448,-3.13012246962171,-4.45075448716712,12,350,0.3161723,15.098116,7.4604135
Selection 1,TACGGGCCATCAGTCA-400.2.2,TACGGGCCATCAGTCA-400.2.2,1189,400_minutes,Waterston_400_minutes,0.924135427120389,380,355,330-390,330-390,ABalppppaad/ABpraaapaad,694,ADL,1.20725667179256,0.239351816055598,-2.9742399080727,-3.41362265345922,0.520306519346954,-2.6218668898679,-3.63198422117746,12,355,0.33051464,15.084638,7.464563
Selection 1,CAGTAACTCGCAAACT-400.2.2,CAGTAACTCGCAAACT-400.2.2,1431,400_minutes,Waterston_400_minutes,1.11222691018442,370,370,330-390,330-390,ABalppppaad/ABpraaapaad,850,ADL,-0.759218648710976,-1.62279851710797,-3.23764941288112,-3.53151477533974,-1.5098326131983,-3.86349980542478,-4.08853551351333,12,370,0.320594,15.175839,7.1138406
Selection 1,GGGTCTGTCTGGCGAC-400.2.1,GGGTCTGTCTGGCGAC-400.2.1,1162,400_minutes,Waterston_400_minutes,0.903150013720683,360,355,330-390,330-390,ABalppppaad/ABpraaapaad,644,ADL,0.860046613668745,0.312334913751848,-3.33195578139342,-3.49022341620508,1.09854982430939,-2.64607826700633,-4.04835645492201,12,355,0.34308997,15.325852,7.1582284
Selection 1,TGGTTAGAGATACACA-400.2.1,TGGTTAGAGATACACA-400.2.1,1250,400_minutes,Waterston_400_minutes,0.971546916653059,370,350,330-390,330-390,ABalppppaad/ABpraaapaad,698,ADL,-0.599245007598962,-0.548356144676078,-2.28687497609443,-2.77312629222704,-0.816556071009124,-3.37799029259802,-4.22675121973582,12,350,0.31717625,15.2623415,7.100002
Selection 1,CTGAAACCAGCCAATT-300.1.1,CTGAAACCAGCCAATT-300.1.1,1529,300_minutes,Waterston_300_minutes,1.18839618845002,360,350,330-390,330-390,ABalppppaad/ABpraaapaad,789,ADL,-0.336872236378821,-1.64102668791413,-3.99903018558039,-4.36711535584182,-1.44910008454676,-4.16591695825817,-4.39778755145471,12,350,0.29989928,14.714768,7.11152
Selection 1,GCAATCAAGCTAGCCC-400.2.1,GCAATCAAGCTAGCCC-400.2.1,1295,400_minutes,Waterston_400_minutes,1.00652260565257,350,360,330-390,330-390,ABalppppaad/ABpraaapaad,756,ADL,-1.04787108889121,-2.15106169499692,-3.30787163570218,-3.80576074568035,-2.15696022359013,-3.92917740571065,-3.49898425255914,12,360,0.30468744,14.6440525,7.198656
Selection 1,GAATAAGAGGATGGAA-400.2.3,GAATAAGAGGATGGAA-400.2.3,1471,400_minutes,Waterston_400_minutes,1.14331641151732,370,370,330-390,330-390,ABalppppaad/ABpraaapaad,856,ADL,-1.7649782082504,-1.72373640835856,-2.73116479888353,-2.91615475999511,-1.44264769222484,-3.6297271034788,-4.03413752383841,12,370,0.30929103,14.9858265,7.035248
Selection 1,TCTATTGGTTGGAGGT-400.2.3,TCTATTGGTTGGAGGT-400.2.3,1235,400_minutes,Waterston_400_minutes,0.959888353653222,380,365,330-390,330-390,ABalppppaad/ABpraaapaad,716,ADL,-1.88726747854155,-2.32453508930433,-3.55860233585508,-4.17125808370524,-2.23230996985959,-4.74297776624461,-4.96396330210034,12,365,0.31927657,15.249901,7.2065706
Selection 1,ATTCTACCAAGAAGAG-400.2.1,ATTCTACCAAGAAGAG-400.2.1,1821,400_minutes,Waterston_400_minutes,1.41534954818018,370,370,330-390,330-390,ABalppppaad/ABpraaapaad,925,ADL,-1.18116366004809,-1.88719897409319,-3.25593820103721,-3.73014577219445,-1.78412225607264,-4.30741388109073,-4.67889048908392,12,370,0.31126413,14.957292,7.1917987
Selection 1,AAAGCAAGTAGCAAAT-400.2.3,AAAGCAAGTAGCAAAT-400.2.3,1242,400_minutes,Waterston_400_minutes,0.965329016386479,360,360,330-390,330-390,ABalppppaad/ABpraaapaad,726,ADL,1.31990754639019,0.879839580576052,-3.43092369405891,-3.54412188352273,2.0670249896245,-1.87646919863287,-3.39580813015314,12,360,0.33516714,15.221404,7.261176
Selection 1,CCTCTGAAGCTCAACT-300.1.1,CCTCTGAAGCTCAACT-300.1.1,1387,300_minutes,Waterston_300_minutes,1.07802845871823,360,360,330-390,330-390,ABalppppaad/ABpraaapaad,819,ADL,-1.04841119472604,-2.19418967908863,-3.47401613164217,-3.78377444921171,-1.76451193344362,-3.91487515990612,-3.65761237537109,12,360,0.30408847,14.88629,7.092625
Selection 1,CTACATTTCCGCTGTT-400.2.2,CTACATTTCCGCTGTT-400.2.2,1469,400_minutes,Waterston_400_minutes,1.14176193645067,390,380,330-390,390-450,ABalppppaad/ABpraaapaad,834,ADL,-1.00228587704101,-0.722129763757064,-3.17038378871957,-3.25553085074784,0.192641549926145,-3.25731300039574,-4.66316247210763,12,380,0.33130443,15.325317,7.1335835
Selection 1,CCCAATCAGATCCCGC-300.1.1,CCCAATCAGATCCCGC-300.1.1,1357,300_minutes,Waterston_300_minutes,1.05471133271856,380,370,330-390,330-390,ABalppppaad/ABpraaapaad,795,ADL,-1.60158318237115,-2.7612719074751,-3.8844866499649,-3.81552558574022,-2.41594809441353,-4.1816528573059,-3.72286743198902,12,370,0.29738826,14.657712,6.9296703
Selection 1,CGACCTTCAGTAGAGC-400.2.3,CGACCTTCAGTAGAGC-400.2.3,997,400_minutes,Waterston_400_minutes,0.77490582072248,330,340,330-390,330-390,ABalppppaad/ABpraaapaad,570,ADL,1.63620069473028,-0.496934074516315,-3.99761635508435,-4.17462830043078,-0.390265807253969,-3.17918243993753,-3.60838584711543,12,340,0.31500706,14.766341,7.598563
Selection 1,GCGACCATCGTTGCCT-300.1.2,GCGACCATCGTTGCCT-300.1.2,1132,300_minutes,Waterston_300_minutes,0.87983288772101,300,300,270-330,270-330,ABalppppaa/ABpraaapaa,744,ADL_parent,1.96361390840598,-1.18856252531924,-4.1239018726051,-3.73919349299922,-0.636633395802074,-1.8275740786767,-0.764020115007422,11,300,0.30536407,13.687827,8.304909
Selection 1,AGCTTGAGTGGCAAAC-300.1.3,AGCTTGAGTGGCAAAC-300.1.3,1493,300_minutes,Waterston_300_minutes,1.16041563725041,300,300,270-330,270-330,ABalppppaa/ABpraaapaa,759,ADL_parent,3.26888425843941,-0.0179706143655469,-3.5799217002083,-3.6661220699464,-0.703412455139243,-2.37409276587013,-2.30217616802787,11,300,0.27819705,13.42328,8.576787
Selection 1,CAGCAGCGTGTCAATC-400.2.1,CAGCAGCGTGTCAATC-400.2.1,3186,400_minutes,Waterston_400_minutes,2.47627878116532,300,350,330-390,270-330,ABalppppaad/ABpraaapaad,1457,ADL,5.01813287622316,1.85253620181766,-2.92724320412336,-3.53375751156736,1.09421553547352,-0.832606394977734,-1.06933086339286,12,350,0.28749868,13.7177105,8.272769
Selection 1,TGGCCAGCACTGTTAG-300.1.3,TGGCCAGCACTGTTAG-300.1.3,1176,300_minutes,Waterston_300_minutes,0.914031339187197,300,300,270-330,270-330,ABalppppaa/ABpraaapaa,682,ADL_parent,1.98446504759672,-1.05049949313775,-3.79532427951521,-3.51603742522415,-1.22075359234897,-2.45736872985661,-1.93592784889981,11,300,0.3082285,13.690801,8.524302
Selection 1,TACCTTACAACACGCC-400.2.2,TACCTTACAACACGCC-400.2.2,1140,400_minutes,Waterston_400_minutes,0.886050787987589,290,310,270-330,270-330,ABalppppaa/ABpraaapaa,687,ADL_parent,4.68891214211672,2.08575809514177,-2.01741305540027,-2.29049184392535,1.4052254673228,-0.383222879955787,-0.975049979050635,12,310,0.28075123,13.751428,8.408764
Selection 1,CTTACCGGTCATCCCT-300.1.3,CTTACCGGTCATCCCT-300.1.3,1746,300_minutes,Waterston_300_minutes,1.35705673318099,340,300,270-330,330-390,ABalppppaa/ABpraaapaa,933,ADL_parent,2.13703903278307,-0.674147946724425,-3.50263725357036,-3.5754941489894,-1.08380833332278,-2.71189269731034,-2.29622021801877,11,300,0.29443374,13.739566,8.504268
Selection 1,GCATACAGTACCTACA-400.2.3,GCATACAGTACCTACA-400.2.3,1996,400_minutes,Waterston_400_minutes,1.5513661165116,300,295,270-330,270-330,ABalppppaa/ABpraaapaa,1050,ADL_parent,4.05487186633752,1.19274749986183,-3.1088663110282,-3.28668148436798,0.95952643849911,-1.06440186715461,-1.32137878502771,11,295,0.28969198,13.759883,8.50477
Selection 1,TCAGCTCTCCAAAGTC-300.1.2,TCAGCTCTCCAAAGTC-300.1.2,1066,300_minutes,Waterston_300_minutes,0.828535210521728,300,295,270-330,270-330,ABalppppaa/ABpraaapaa,615,ADL_parent,3.33124412837992,-0.208090766325928,-3.85089026854309,-3.97315253411526,-0.23283619939198,-1.94286387212289,-1.39862870869711,11,295,0.28795063,13.781433,8.302032
Selection 1,GCATGATGTGTGGTTT-400.2.2,GCATGATGTGTGGTTT-400.2.2,4580,400_minutes,Waterston_400_minutes,3.55974790261681,290,310,270-330,270-330,ABalppppaa/ABpraaapaa,1789,ADL_parent,3.98130370638039,0.806570357074156,-3.69128013136701,-3.83391920302308,-0.180774781758736,-2.22948065280324,-2.54783355894145,12,310,0.28285798,13.659077,8.443268
Selection 1,TTGTAGGTCCACGAAT-400.2.2,TTGTAGGTCCACGAAT-400.2.2,1484,400_minutes,Waterston_400_minutes,1.15342049945051,320,300,270-330,270-330,ABalppppaa/ABpraaapaa,765,ADL_parent,2.92855827624843,-0.109211420870694,-3.20506950040208,-3.08790778640582,-0.267785481720594,-1.4801778561522,-0.997551187201751,11,300,0.30101925,13.641546,8.486847
Selection 1,AAGACCTTCTTAGAGC-400.2.1,AAGACCTTCTTAGAGC-400.2.1,1932,400_minutes,Waterston_400_minutes,1.50162291437897,320,310,270-330,270-330,ABalppppaa/ABpraaapaa,960,ADL_parent,2.46779658089964,-0.0779117859537994,-2.64485438909182,-2.83095522210894,-0.603158390251605,-1.7374908474891,-1.45784131272012,11,310,0.29031575,13.689554,8.485622
Selection 1,TGGCCAGGTATAAACG-400.2.2,TGGCCAGGTATAAACG-400.2.2,2492,400_minutes,Waterston_400_minutes,1.93687593303954,270,290,270-330,270-330,ABalppppaa/ABpraaapaa,1108,ADL_parent,4.77376565557289,1.65060992263083,-3.44797530575377,-3.60238119378966,2.05222805084078,-0.341201759945585,-0.711231370051247,11,290,0.2305597,13.267825,8.3286495
Selection 1,ACGTCAACAGGGTTAG-300.1.3,ACGTCAACAGGGTTAG-300.1.3,3525,300_minutes,Waterston_300_minutes,2.73976230496163,320,300,270-330,270-330,ABalpppappp/ABpraaaappp,1668,ASK_parent,2.95514108703187,0.0469864831966041,-4.14482058030555,-4.05163867439527,-0.243866580875574,-2.27750871079152,-2.22384823293782,12,300,0.24713816,13.796478,8.022856
Selection 1,TCAGCAAAGTATCTCG-300.1.3,TCAGCAAAGTATCTCG-300.1.3,2224,300_minutes,Waterston_300_minutes,1.72857627410912,320,320,270-330,270-330,ABalppppaa/ABpraaapaa,1043,ADL_parent,2.12832528433201,-1.05615798049482,-4.00066132090405,-3.75930486968067,-1.12354360717111,-2.36883395676848,-1.5462950813611,11,320,0.30625433,13.865393,8.530482
Selection 1,TAGACCATCTATGTGG-400.2.2,TAGACCATCTATGTGG-400.2.2,2057,400_minutes,Waterston_400_minutes,1.59877760604427,300,290,270-330,270-330,ABalppppaa/ABpraaapaa,1050,ADL_parent,3.4576201921074,0.486526398929418,-3.43079049054882,-3.41502494575256,-0.139661730636841,-1.83947072952406,-1.89826377467762,11,290,0.29405016,13.831369,8.447938
Selection 1,TCAGCTCTCAACACAC-400.2.2,TCAGCTCTCAACACAC-400.2.2,1230,400_minutes,Waterston_400_minutes,0.95600216598661,320,300,270-330,270-330,ABalppppaa/ABpraaapaa,668,ADL_parent,1.72271897127057,-0.813117275180608,-3.26679309761457,-3.42952634551441,-1.07191450956878,-2.51694470670938,-2.11740923788738,11,300,0.31325197,13.851757,8.470837
Selection 1,TTCGGTCCAAGCGATG-300.1.3,TTCGGTCCAAGCGATG-300.1.3,1578,300_minutes,Waterston_300_minutes,1.22648082758282,300,320,270-330,270-330,ABalppppaa/ABpraaapaa,795,ADL_parent,2.36245755671472,-0.406733447491786,-3.84057783893468,-3.70388223721231,-0.729673691354729,-2.47236337084166,-2.29195770020435,12,320,0.29793233,13.907491,8.320989
Selection 1,TGCGGGTTCATTGCGA-300.1.1,TGCGGGTTCATTGCGA-300.1.1,1707,300_minutes,Waterston_300_minutes,1.32674446938142,320,320,270-330,270-330,ABalppppaa/ABpraaapaa,859,ADL_parent,2.51405402378761,-0.923597425650083,-4.24203949131082,-4.14241332516209,-1.1153484958773,-2.90456951623794,-2.5257358381634,11,320,0.30377546,13.871331,8.402649
Selection 1,AAGGAGCCATCACCCT-400.2.3,AAGGAGCCATCACCCT-400.2.3,1460,400_minutes,Waterston_400_minutes,1.13476679865077,300,320,270-330,270-330,ABalppppaa/ABpraaapaa,784,ADL_parent,3.51511680657882,1.05036465804826,-2.38869576353317,-2.38328153937195,0.70159998070268,-0.858123216441182,-0.935918232243148,11,320,0.31730077,13.945545,8.577344
Selection 1,CTGATCCCAAGGTTTC-400.2.1,CTGATCCCAAGGTTTC-400.2.1,1400,400_minutes,Waterston_400_minutes,1.08813254665143,320,320,270-330,270-330,ABalppppaa/ABpraaapaa,765,ADL_parent,2.12624972667911,-0.114439560463409,-3.13675992509613,-3.0694726588552,-0.312065037624979,-2.27962745108801,-2.39188971767947,12,320,0.29940894,14.430808,7.889495
Selection 1,CTGTTTATCTAACCGA-300.1.3,CTGTTTATCTAACCGA-300.1.3,1211,300_minutes,Waterston_300_minutes,0.941234652853483,300,325,270-330,270-330,ABalppppaa/ABpraaapaa,727,ADL_parent,2.58137710570025,-0.591900898461308,-4.14997212802328,-3.82917116315209,-0.572946501213313,-2.49627501864306,-2.45460375247074,12,325,0.2973289,14.110175,8.158387
Selection 1,CCTTCCCAGCGCCTTG-400.2.3,CCTTCCCAGCGCCTTG-400.2.3,1554,400_minutes,Waterston_400_minutes,1.20782712678308,300,285,270-330,270-330,ABalppppaa/ABpraaapaa,790,ADL_parent,3.0484367708607,-0.157474586446413,-3.56983887358157,-3.2007931923274,-0.491579488807278,-2.0685552746024,-2.05128568749145,11,285,0.3067372,13.98918,8.430216
Selection 1,CATATTCGTCCAAGTT-b01,CATATTCGTCCAAGTT-b01,868,mixed,Murray_b01,0.674642178923884,350,370,330-390,330-390,ABalppppaad/ABpraaapaad,577,ADL,1.76698363416705,0.180595880853328,-1.89642146263388,-1.26121175118056,2.19651879308204,1.58674614714015,2.40970132781153,12,370,0.29000512,14.25926,7.1734324
Selection 1,CTAAGACTCCGCGTTT-b01,CTAAGACTCCGCGTTT-b01,717,mixed,Murray_b01,0.557279311392194,340,350,330-390,330-390,ABalppppaad/ABpraaapaad,489,ADL,0.41344835773242,-1.2073035945882,-2.8379614845663,-1.85417561562981,0.234976926180443,-0.125029330752886,0.952965354928176,12,350,0.2844591,14.426989,7.027977
Selection 1,CACAGGCTCACCCTCA-300.1.1,CACAGGCTCACCCTCA-300.1.1,1174,300_minutes,Waterston_300_minutes,0.912476864120553,350,340,330-390,330-390,ABalppppaad/ABpraaapaad,703,ADL,1.53821019489903,-0.468384978551358,-3.40236624849827,-3.63570251124294,-0.627105537299811,-2.65020419914802,-2.56654026288805,12,340,0.30553994,14.422431,7.625481
Selection 1,TAAGCGTAGCAACGGT-400.2.3,TAAGCGTAGCAACGGT-400.2.3,1345,400_minutes,Waterston_400_minutes,1.04538448231869,300,300,270-330,270-330,ABalppppaa/ABpraaapaa,702,ADL_parent,2.63211285738448,0.664403583986218,-1.44044304074953,-1.7252260091941,-0.336727311345505,-1.21834918345845,-0.975161846617895,12,300,0.30088347,14.01987,8.1477375
Selection 1,CATTATCCAATAGCAA-400.2.2,CATTATCCAATAGCAA-400.2.2,1922,400_minutes,Waterston_400_minutes,1.49385053904574,270,300,270-330,270-330,ABalppppaa/ABpraaapaa,968,ADL_parent,3.48464179372833,0.595032629268831,-3.99540972152522,-3.80549651723529,0.923318481669288,-1.73664617679105,-2.33933933022269,12,300,0.3208783,14.408495,8.061982
Selection 1,TCAGGATCACACTGCG-400.2.3,TCAGGATCACACTGCG-400.2.3,1064,400_minutes,Waterston_400_minutes,0.826980735455083,320,300,270-330,270-330,ABalppppaa/ABpraaapaa,664,ADL_parent,3.17858817784448,1.31044382601732,-1.79991375002627,-2.26521345472851,0.501261088477801,-1.07711214895726,-1.23026678306127,12,300,0.30150986,14.072289,8.009728
Selection 1,CTGAAACGTCGCGGTT-300.1.3,CTGAAACGTCGCGGTT-300.1.3,1803,300_minutes,Waterston_300_minutes,1.40135927258037,300,300,270-330,270-330,ABalppppaa/ABpraaapaa,900,ADL_parent,2.62399271809854,-0.645683878858212,-3.65183838342637,-3.56942497166757,-0.688674204440757,-2.11330610889529,-1.53450613571938,11,300,0.30770257,14.003117,8.376936
Selection 1,CGGACGTTCTGATTCT-300.1.3,CGGACGTTCTGATTCT-300.1.3,1984,300_minutes,Waterston_300_minutes,1.54203926611173,340,350,330-390,330-390,,1053,ADF_AWB,0.148795465655752,-1.71535309370902,-3.60589097971821,-3.81699655431412,-2.1920218915569,-3.73644584561253,-3.12350819022002,12,350,0.25230625,14.244089,7.71562
Selection 1,GCTTGAACATGTAGTC-400.2.2,GCTTGAACATGTAGTC-400.2.2,2548,400_minutes,Waterston_400_minutes,1.98040123490559,330,320,270-330,330-390,ABalppppaa/ABpraaapaa,1242,ADL_parent,2.22778223931384,-0.361162209582996,-3.36937133307913,-3.37177129112747,-0.602439887414187,-2.18040928766002,-2.02869533294784,12,320,0.30701536,14.174728,8.159709
Selection 1,GCTTCCATCAGGCCCA-400.2.2,GCTTCCATCAGGCCCA-400.2.2,1347,400_minutes,Waterston_400_minutes,1.04693895738534,300,300,270-330,270-330,ABalppppaa/ABpraaapaa,726,ADL_parent,3.01747542368604,0.148279433858039,-3.53655151177411,-3.64813803845117,-0.420209550302692,-2.49141013194583,-2.80742971978253,12,300,0.3175518,14.278206,7.9891043
Selection 1,TACCTTAGTCTGCGGT-300.1.3,TACCTTAGTCTGCGGT-300.1.3,1462,300_minutes,Waterston_300_minutes,1.13632127371742,340,300,270-330,330-390,ABalppppaa/ABpraaapaa,840,ADL_parent,1.72092194292579,-1.01476355178818,-3.54081460968372,-3.55616590768759,-1.31689635945056,-2.72380321450663,-2.22972531420035,12,300,0.29905996,14.044023,8.161704
Selection 1,GTTCTCGCAACAACCT-300.1.3,GTTCTCGCAACAACCT-300.1.3,1363,300_minutes,Waterston_300_minutes,1.0593747579185,320,300,270-330,270-330,ABalppppaa/ABpraaapaa,741,ADL_parent,2.31680176112435,-0.571245514941453,-3.58435043655603,-3.47506501222239,-0.635458082300911,-2.07166669302169,-1.63321079304302,12,300,0.30289558,14.110278,8.223547
Selection 1,TTGGAACGTACATGTC-400.2.2,TTGGAACGTACATGTC-400.2.2,1824,400_minutes,Waterston_400_minutes,1.41768126078014,260,300,270-330,210-270,ABalppppppp/ABpraaapppp,979,Neuroblast_ASJ_AUA,6.40703954339903,4.00561641812587,-2.75326272990994,-2.71960636409749,4.19665936697556,1.29397883551137,-0.148916914999317,12,300,0.29475993,14.055429,8.128026
Selection 1,TTCTTAGCAGTAACGG-400.2.3,TTCTTAGCAGTAACGG-400.2.3,2562,400_minutes,Waterston_400_minutes,1.99128256037211,330,310,270-330,330-390,ABalppppaa/ABpraaapaa,1250,ADL_parent,2.38916839924498,0.170595707511477,-2.51884822990882,-2.71644268423537,-0.335248234647742,-1.58503364671897,-1.4207197308575,12,310,0.312946,14.276113,7.920302
Selection 1,ACCCACTAGCGTCTAT-400.2.3,ACCCACTAGCGTCTAT-400.2.3,1219,400_minutes,Waterston_400_minutes,0.947452553120063,320,320,270-330,270-330,ABalppppaa/ABpraaapaa,659,ADL_parent,2.58198469746284,0.333109430805226,-3.25357405564217,-3.00269128526542,0.442024413654346,-1.26745524159157,-1.25912419802489,12,320,0.3047784,14.268051,7.905507
Selection 1,ATAACGCCACGAAATA-300.1.2,ATAACGCCACGAAATA-300.1.2,1806,300_minutes,Waterston_300_minutes,1.40369098518034,330,300,270-330,330-390,ABalppppaa/ABpraaapaa,958,ADL_parent,2.97684467997603,-0.196947994817085,-4.27396510502483,-4.22229424981474,-0.196129347756204,-2.48674427363378,-2.48379728165587,12,300,0.3238032,14.133256,8.3705635
Selection 1,GATCGTACACCAGCAC-400.2.2,GATCGTACACCAGCAC-400.2.2,1500,400_minutes,Waterston_400_minutes,1.16585629998367,340,340,330-390,330-390,ABalppppaad/ABpraaapaad,822,ADL,1.66347307338394,-0.483228038414475,-2.83274651076517,-2.8078001395812,-0.669520402972697,-2.03042658412978,-1.79179502374676,12,340,0.29672182,14.42462,7.54817
Selection 1,TTGCGTCGTCACACGC-500.1.1,TTGCGTCGTCACACGC-500.1.1,1319,500_minutes,Waterston_500_minutes_batch_1,1.02517630645231,300,320,270-330,270-330,ABalppppaa/ABpraaapaa,816,ADL_parent,0.692312902986589,-0.364330278963214,0.0175415513216963,-0.0783615985644344,-0.99687548120524,-0.432929712741685,0.614982498780683,12,320,0.28093055,14.126216,7.6006575
Selection 1,CAGCCGACAGGCTCAC-400.2.3,CAGCCGACAGGCTCAC-400.2.3,1259,400_minutes,Waterston_400_minutes,0.978542054452961,340,340,330-390,330-390,ABalppppaad/ABpraaapaad,768,ADL,1.81633222643409,0.191912775393956,-2.95085058581876,-3.27942708101636,-0.201415067858311,-2.06890424529357,-2.19428783743774,12,340,0.3338343,14.362739,7.64059
Selection 1,AAGGAGCCACATGACT-400.2.1,AAGGAGCCACATGACT-400.2.1,1162,400_minutes,Waterston_400_minutes,0.903150013720683,300,325,270-330,270-330,ABalppppaa/ABpraaapaa,676,ADL_parent,4.36606329130177,2.6001503316985,-1.18372228972935,-1.74000318933197,1.97793888480455,-0.0023882518776337,-0.688685447325102,12,325,0.30270004,14.344207,7.8673396
Selection 1,GATCGCGAGTGTACCT-400.2.2,GATCGCGAGTGTACCT-400.2.2,2130,400_minutes,Waterston_400_minutes,1.65551594597681,290,300,270-330,270-330,ABalppppaa/ABpraaapaa,1052,ADL_parent,6.4013670507355,3.46847776559981,-3.60824158691083,-3.47708810847251,4.07017025509708,0.671181816539854,-0.831225366796461,12,300,0.31282005,14.244939,8.148022
Selection 1,ACTTACTCAGCTGGCT-400.2.1,ACTTACTCAGCTGGCT-400.2.1,1370,400_minutes,Waterston_400_minutes,1.06481542065175,320,325,270-330,270-330,ABalppppaa/ABpraaapaa,747,ADL_parent,3.58702974179326,0.736083564978729,-3.30616930484912,-3.47394130125411,0.31204598378622,-1.7278485940606,-1.99809926068072,12,325,0.29674807,14.277429,7.847945
Selection 1,GTGTGCGAGCCAACAG-400.2.2,GTGTGCGAGCCAACAG-400.2.2,1229,400_minutes,Waterston_400_minutes,0.955224928453287,330,300,270-330,330-390,ABalppppaa/ABpraaapaa,693,ADL_parent,3.0335059391653,0.878778403489443,-2.2885870552168,-2.6098099617479,0.458403282410366,-1.23243578212117,-1.31864662671136,12,300,0.29680213,14.143547,7.882192
Selection 1,CTGAAACCATATGCTG-r17,CTGAAACCATATGCTG-r17,813,mixed,Murray_r17,0.631894114591149,360,390,390-450,330-390,ABalppppaad/ABpraaapaad,577,ADL,4.5741169218103,3.7007579945514,-1.52580709616028,-1.2449389927425,6.06351202776915,3.42495876903193,2.37728705790991,12,390,0.20270315,14.445185,6.9671383
Selection 1,GACGGCTGTGCACTTA-300.1.2,GACGGCTGTGCACTTA-300.1.2,4311,300_minutes,Waterston_300_minutes,3.35067100615307,280,270,270-330,270-330,,1822,,3.93020973986098,0.346942782137403,-3.95666988709295,-3.87894287275221,-0.019750753645915,-1.84197251152859,-1.84963210650109,11,270,0.18880099,12.229084,8.863096
Selection 1,GCTCCTACAATCCGAT-400.2.3,GCTCCTACAATCCGAT-400.2.3,1001,400_minutes,Waterston_400_minutes,0.778014770855769,210,220,210-270,210-270,ABalppppaa/ABpraaapaa,598,ADL_parent,4.84437419105191,1.08119970139114,-3.07972506322573,-2.97188523247833,0.526783500999243,-0.880342153175005,-1.12678737787171,11,220,0.15263958,11.868416,9.356763
Selection 1,ATTACTCCAGCAGTTT-500.1.2,ATTACTCCAGCAGTTT-500.1.2,2814,500_minutes,Waterston_500_minutes_batch_1,2.18714641876937,230,230,210-270,210-270,ABalppppaa/ABpraaapaa,1378,,5.75689761955182,2.6091023889213,-2.18491257145876,-2.16620916082324,2.10111895037775,0.581474895205077,0.0281412493965759,11,230,0.1526686,12.115804,9.028127
Selection 1,ATCCGAAAGCGTCTAT-300.1.3,ATCCGAAAGCGTCTAT-300.1.3,1792,300_minutes,Waterston_300_minutes,1.39280965971382,260,210,210-270,210-270,ABalppppaa/ABpraaapaa,975,ADL_parent,6.58464418857518,1.76188826194973,-4.2626502661888,-4.09792737721812,1.61077053900712,-1.02383441278097,-1.92838636653976,11,210,0.19447334,12.130813,9.699658
Selection 1,CCTTCCCCATCGGAAG-300.1.1,CCTTCCCCATCGGAAG-300.1.1,1433,300_minutes,Waterston_300_minutes,1.11378138525107,200,230,210-270,170-210,ABalppppaa/ABpraaapaa,778,ADL_parent,6.12890880697049,1.39578217436297,-3.80389094011692,-3.82438575088385,1.09533693951933,-1.07822836394159,-1.5647017279581,11,230,0.21550259,12.213338,9.72445
Selection 1,ATCCGAACATTGGGCC-300.1.3,ATCCGAACATTGGGCC-300.1.3,1402,300_minutes,Waterston_300_minutes,1.08968702171807,200,230,210-270,170-210,ABalppppaa/ABpraaapaa,855,ADL_parent,6.1361534579779,1.58338583286393,-3.913532499601,-4.02442628426777,1.69703667588122,-0.515873302211483,-0.829240177065194,11,230,0.18624347,12.015638,9.751935
Selection 1,TTCTCCTAGTGTTAGA-500.2.2,TTCTCCTAGTGTTAGA-500.2.2,1992,500_minutes,Waterston_500_minutes_batch_2,1.54825716637831,490,530,510-580,450-510,ABalppppaad/ABpraaapaad,1197,ADL,-10.2747983150571,-4.33044448578466,8.31161352650961,10.4094256011785,-4.89122007199947,0.372502994164823,0.230692276847157,20,530,0.64089185,15.277491,2.914356
Selection 1,CAGCATAGTCCAACTA-400.2.2,CAGCATAGTCCAACTA-400.2.2,1654,400_minutes,Waterston_400_minutes,1.28555088011533,510,490,450-510,510-580,ABalppppaad/ABpraaapaad,849,ADL,-8.39756617117676,-6.25165999165314,-2.74270101387027,-3.23378488828263,-4.98081478838176,-7.39162780311384,-8.52494266918802,12,490,0.5914314,16.201027,4.1664596
Selection 1,AAACCTGAGCACAGGT-500.1.3,AAACCTGAGCACAGGT-500.1.3,1429,500_minutes,Waterston_500_minutes_batch_1,1.11067243511778,450,450,450-510,450-510,ABalppppaad/ABpraaapaad,820,ADL,-7.40745823147064,-6.41553753475254,-3.86256386555693,-3.31375161011271,-4.76685713188266,-6.30291493428214,-6.19867695956846,12,450,0.37097523,15.603175,5.5278854
Selection 1,CCTTACGAGGGAACGG-400.2.3,CCTTACGAGGGAACGG-400.2.3,1418,400_minutes,Waterston_400_minutes,1.10212282225123,410,415,390-450,390-450,ABalppppaad/ABpraaapaad,794,ADL,-2.10693182076752,-2.57291462077514,-3.41930950527136,-3.23541511218471,-1.56300582564988,-3.49670520701988,-3.51373692795687,12,415,0.3643688,15.606876,5.8816957
Selection 1,AAGACCTCATGGAATA-r17,AAGACCTCATGGAATA-r17,2055,mixed,Murray_r17,1.59722313097763,420,405,390-450,390-450,ABalppppaad/ABpraaapaad,1073,ADL,-1.51621763410844,-0.485477522584213,-2.62005583346722,-2.75979953960757,1.27068238875688,-2.13125067518025,-3.72821861442157,12,405,0.37142324,15.617193,6.176979
Selection 1,TAGCCGGCACTCAGGC-400.2.3,TAGCCGGCACTCAGGC-400.2.3,1614,400_minutes,Waterston_400_minutes,1.25446137878243,390,375,330-390,390-450,ABalppppaad/ABpraaapaad,854,ADL,-2.75422395423319,-2.43632144149368,-3.1975937159952,-3.4483666850615,-1.39347737872008,-4.21547212223028,-4.97349410528357,12,375,0.3537486,15.648926,6.2108045
Selection 1,GTGTGCGTCCTCATTA-400.2.3,GTGTGCGTCCTCATTA-400.2.3,1358,400_minutes,Waterston_400_minutes,1.05548857025188,410,385,330-390,390-450,ABalppppaad/ABpraaapaad,789,ADL,-3.09371278493935,-3.37835236525378,-4.59850696527294,-4.12599621525879,-2.29558134192938,-5.19079622968249,-6.04758709595779,12,385,0.36290395,15.647032,6.16928
Selection 1,TGATTTCGTGGTACAG-500.1.1,TGATTTCGTGGTACAG-500.1.1,1810,500_minutes,Waterston_500_minutes_batch_1,1.40679993531363,490,450,450-510,450-510,ABalppppaad/ABpraaapaad,931,ADL,-11.8372950816593,-8.62604434715072,-0.227131119375928,-0.0778819386455444,-7.88155877272903,-7.21384040877065,-6.7423712728973,12,450,0.5503857,15.65519,4.2378707
Selection 1,GGAGCAAGTACCGAGA-b01,GGAGCAAGTACCGAGA-b01,905,mixed,Murray_b01,0.703399967656814,450,440,390-450,450-510,ABalppppaad/ABpraaapaad,626,ADL,-4.7394912703786,-3.98469645373594,-2.35102391595089,-2.16931763468983,-2.25146820695825,-3.07481567993206,-2.57858569774197,12,440,0.43178785,15.664927,4.9857855
Selection 1,CATGACACATGCTGGC-400.2.3,CATGACACATGCTGGC-400.2.3,1694,400_minutes,Waterston_400_minutes,1.31664038144823,420,405,390-450,390-450,ABalppppaad/ABpraaapaad,898,ADL,-4.38961313051095,-2.8895776065484,-2.43135120834347,-2.481548979471,-2.10428466140777,-4.62670427613381,-5.66535088038003,12,405,0.3684592,15.703588,6.24878
Selection 1,AATCGGTCACCAGATT-400.2.3,AATCGGTCACCAGATT-400.2.3,1836,400_minutes,Waterston_400_minutes,1.42700811118001,450,450,450-510,450-510,ABalppppaad/ABpraaapaad,946,ADL,-8.67063254006392,-6.93939544411152,-3.35889342573336,-3.63501961125728,-5.74964121976547,-8.05383521696661,-8.70850765638215,12,450,0.48760542,15.791741,4.5541806
Selection 1,TACGGATCAGGAATCG-r17,TACGGATCAGGAATCG-r17,1204,mixed,Murray_r17,0.935793990120226,380,420,390-450,330-390,ABalppppaad/ABpraaapaad,722,ADL,-0.695981109059167,-0.276086052452154,-2.57028987733863,-2.78538224874359,2.06734935398076,-1.15493357549161,-2.2444519116684,12,420,0.38764703,15.749934,6.052847
Selection 1,GTCTCGTCAAGCTGAG-r17,GTCTCGTCAAGCTGAG-r17,1533,mixed,Murray_r17,1.19150513858331,420,405,390-450,390-450,ABalppppaad/ABpraaapaad,856,ADL,-0.297668523851202,1.34380819033736,-1.46040384472348,-1.61102104748034,2.84038551899258,-0.856103978074783,-3.17914308298167,12,405,0.36613908,15.78779,6.2727795
Selection 1,GCGCAACAGACCACGA-500.1.2,GCGCAACAGACCACGA-500.1.2,1650,500_minutes,Waterston_500_minutes_batch_1,1.28244192998204,450,440,390-450,450-510,ABalppppaad/ABpraaapaad,914,ADL,-10.8343491350848,-8.84254392242692,-2.26930216941125,-2.14534323164093,-7.41664104647788,-8.04507188876683,-7.47856718616296,12,440,0.53410983,15.659939,4.29544
Selection 1,AAGGAGCTCCGTTGTC-500.1.1,AAGGAGCTCCGTTGTC-500.1.1,2067,500_minutes,Waterston_500_minutes_batch_1,1.6065499813775,450,450,450-510,450-510,ABalppppaad/ABpraaapaad,1075,ADL,-9.25096973712116,-6.25927598343161,0.0407129568971278,-0.35337371589566,-5.90610317722561,-6.18707915968611,-6.3986881900784,12,450,0.5259401,15.715949,4.4217086
Selection 1,TCTTTCCCATAAAGGT-400.2.3,TCTTTCCCATAAAGGT-400.2.3,1171,400_minutes,Waterston_400_minutes,0.910145151520585,380,415,390-450,330-390,ABalppppaad/ABpraaapaad,746,ADL,-4.31653497950139,-3.41426323318532,-2.35770844835283,-2.48610547050239,-2.83516110538866,-4.7445118210126,-5.24255051533353,12,415,0.36367783,15.727309,5.883643
Selection 1,TCAGCAAGTATGGTTC-400.2.2,TCAGCAAGTATGGTTC-400.2.2,1146,400_minutes,Waterston_400_minutes,0.890714213187524,410,410,390-450,390-450,ABalppppaad/ABpraaapaad,636,ADL,-6.05214989468087,-4.75885692057354,-2.85676239452265,-3.17115720093928,-3.4964758749813,-5.56065371496321,-5.78543584029923,12,410,0.38483953,15.775194,5.734359
Selection 1,CGATCGGTCACCGTAA-400.2.3,CGATCGGTCACCGTAA-400.2.3,1338,400_minutes,Waterston_400_minutes,1.03994381958543,420,410,390-450,390-450,ABalppppaad/ABpraaapaad,722,ADL,-3.97001711798031,-3.63522965139999,-4.25585683195691,-4.42733035075061,-2.20164887631636,-5.81269814151018,-6.91277066338935,12,410,0.36201343,15.791923,6.0046816
Selection 1,CGATGTACAAGTTAAG-400.2.1,CGATGTACAAGTTAAG-400.2.1,1458,400_minutes,Waterston_400_minutes,1.13321232358413,430,450,450-510,390-450,ABalppppaad/ABpraaapaad,786,ADL,-3.92645197895544,-2.95360757967924,-4.01004844110637,-3.87334795248449,-1.12258436245702,-5.37015722006626,-7.35969198704337,12,450,0.41253725,15.961291,5.4518805
Selection 1,TCGGGACCAGATAATG-400.2.2,TCGGGACCAGATAATG-400.2.2,1084,400_minutes,Waterston_400_minutes,0.842525486121532,420,405,390-450,390-450,ABalppppaad/ABpraaapaad,609,ADL,-5.53240650439896,-4.63860931950019,-4.12330032415258,-3.26218986062051,-2.46222006814299,-4.88115193465494,-5.4528534796089,12,405,0.38897863,15.890452,5.38161
Selection 1,CACATAGCACTGTCGG-b01,CACATAGCACTGTCGG-b01,1068,mixed,Murray_b01,0.830089685588373,450,490,450-510,450-510,ABalppppaad/ABpraaapaad,657,ADL,-5.37731754791965,-3.31407660188521,-0.682887771753356,-0.53249097880615,-1.63995572344265,-2.65036058500597,-3.17052864378948,12,490,0.566232,16.02292,4.347266
Selection 1,GAGGTGAGTCATATCG-r17,GAGGTGAGTCATATCG-r17,1627,mixed,Murray_r17,1.26456546671562,430,380,330-390,390-450,ABalppppaad/ABpraaapaad,866,ADL,-1.53386610098707,-0.781445257540622,-3.14021373586458,-3.12611027892141,1.17291747437394,-2.56967756388939,-4.27633452645306,12,380,0.38834533,15.824891,6.1538734
Selection 1,AAATGCCGTAGGGACT-400.2.2,AAATGCCGTAGGGACT-400.2.2,1292,400_minutes,Waterston_400_minutes,1.0041908930526,430,410,390-450,390-450,ABalppppaad/ABpraaapaad,693,ADL,-3.59943699437917,-3.06611711216514,-4.15032600238367,-3.98388848473383,-1.33426478237225,-4.63827632133589,-5.55907102508389,12,410,0.3823213,15.84064,5.94323
Selection 1,TAAGTGCCATACGCCG-b01,TAAGTGCCATACGCCG-b01,1086,mixed,Murray_b01,0.844079961188177,450,440,390-450,450-510,ABalppppaad/ABpraaapaad,683,ADL,-5.73944087790695,-4.86031315799777,-2.80721403956434,-2.31159427954941,-2.86885780282901,-4.09589946575568,-3.65753870868793,12,440,0.47640854,15.963172,4.892321
Selection 1,GATCGTACAAGCCGTC-400.2.1,GATCGTACAAGCCGTC-400.2.1,1549,400_minutes,Waterston_400_minutes,1.20394093911647,420,450,450-510,390-450,ABalppppaad/ABpraaapaad,804,ADL,-5.75632844614931,-4.91494249492697,-4.24204489976733,-3.64397456596071,-3.01128434391069,-5.97184428285642,-6.94308920097918,12,450,0.41567373,16.015696,5.330534
Selection 1,TGCCCATGTCAATGTC-300.1.1,TGCCCATGTCAATGTC-300.1.1,1539,300_minutes,Waterston_300_minutes,1.19616856378325,450,450,450-510,450-510,ABalppppaad/ABpraaapaad,832,ADL,-6.31328171666415,-5.8078967909178,-4.10535826526461,-3.93567524166597,-4.20340302778084,-6.46842555670483,-6.5372688273338,12,450,0.43510705,15.997498,5.157959
Selection 1,GGCCGATGTAAGAGGA-400.2.2,GGCCGATGTAAGAGGA-400.2.2,1292,400_minutes,Waterston_400_minutes,1.0041908930526,490,450,450-510,450-510,ABalppppaad/ABpraaapaad,693,ADL,-9.41856981685536,-7.35197038584681,-3.01875961298995,-3.33030399984804,-6.02919614175486,-7.9737501273249,-8.44365573369189,12,450,0.5503757,15.955905,4.2882314
Selection 1,TTCTTAGCAGCATACT-400.2.3,TTCTTAGCAGCATACT-400.2.3,1733,400_minutes,Waterston_400_minutes,1.3469526452478,450,410,390-450,450-510,ABalppppaad/ABpraaapaad,857,ADL,-4.11874823600294,-2.96970634378325,-3.02351615639591,-2.97791733320106,-1.59904187622083,-4.92002020344392,-6.05330470489369,12,410,0.3785821,15.84255,5.9056873
Selection 1,CCTTACGTCTTGGGTA-400.2.3,CCTTACGTCTTGGGTA-400.2.3,1357,400_minutes,Waterston_400_minutes,1.05471133271856,450,450,450-510,450-510,ABalppppaad/ABpraaapaad,770,ADL,-6.43985605304119,-5.62534117812419,-3.06719963728693,-3.05094311520034,-4.53683916288579,-6.27187329034601,-6.25514841801877,12,450,0.4212105,15.84027,5.2256985
Selection 1,CGTTAGAAGTACGATA-b01,CGTTAGAAGTACGATA-b01,961,mixed,Murray_b01,0.746925269522871,430,450,450-510,390-450,ABalppppaad/ABpraaapaad,641,ADL,-5.17636751511944,-4.26028914790929,-2.32720142993775,-2.1919745617377,-2.5621575258388,-3.73114241416905,-3.45959854046103,12,450,0.5043967,15.957496,4.702636
Selection 1,GGGTCTGGTATATCCG-400.2.2,GGGTCTGGTATATCCG-400.2.2,1099,400_minutes,Waterston_400_minutes,0.854184049121369,450,450,450-510,450-510,ABalppppaad/ABpraaapaad,676,ADL,-5.60268572008306,-4.45988807246939,-2.80323226068631,-3.11534542107346,-3.0363952673517,-5.50667697468113,-5.91281174762751,12,450,0.43846455,15.964596,5.257811
Selection 1,TGTCCCATCCGAGCCA-400.2.3,TGTCCCATCCGAGCCA-400.2.3,1692,400_minutes,Waterston_400_minutes,1.31508590638158,450,440,390-450,450-510,ABalppppaad/ABpraaapaad,848,ADL,-8.19248493060321,-6.51938745539137,-3.56860830017302,-3.56738678798267,-4.99218200612738,-7.23811405292245,-7.77419407213807,12,440,0.49674824,15.878824,4.7422976
Selection 1,TCACAAGGTCGCATAT-r17,TCACAAGGTCGCATAT-r17,1733,mixed,Murray_r17,1.3469526452478,450,410,390-450,450-510,ABalppppaad/ABpraaapaad,976,ADL,0.610491093841438,0.848338122934203,-3.23100626972571,-3.45928210153366,3.2425412684084,-1.14813808014229,-3.32362463186235,12,410,0.3891895,15.858482,5.8965683
Selection 1,AGGGAGTAGGGCTTCC-400.2.2,AGGGAGTAGGGCTTCC-400.2.2,1322,400_minutes,Waterston_400_minutes,1.02750801905227,450,450,450-510,450-510,ABalppppaad/ABpraaapaad,778,ADL,-6.81332588488654,-5.90823040494863,-3.46266854455257,-3.61060730517707,-4.72362189890719,-6.92542591532095,-7.01981109232498,12,450,0.43171564,15.874772,5.339831
Selection 1,AGGTCCGAGGATATAC-500.1.1,AGGTCCGAGGATATAC-500.1.1,1392,500_minutes,Waterston_500_minutes_batch_1,1.08191464638485,450,450,450-510,450-510,ABalppppaad/ABpraaapaad,753,ADL,-7.8888628090528,-3.31751771832642,2.75039509478283,2.68576555133675,-3.12709359374527,-3.04112726035541,-4.45824280231462,12,450,0.4996963,15.80823,4.47331
Selection 1,TACACGAAGACCGGAT-400.2.3,TACACGAAGACCGGAT-400.2.3,1433,400_minutes,Waterston_400_minutes,1.11378138525107,450,450,450-510,450-510,ABalppppaad/ABpraaapaad,781,ADL,-6.97724834636138,-5.88249102965712,-4.26176888823878,-4.28399599184371,-4.25757941718908,-7.32101720464285,-8.06559871819853,12,450,0.43924862,16.060553,5.2783513
Selection 1,GCTGCAGCACTCTGTC-400.2.3,GCTGCAGCACTCTGTC-400.2.3,1128,400_minutes,Waterston_400_minutes,0.87672393758772,450,450,450-510,450-510,ABalppppaad/ABpraaapaad,708,ADL,-6.96697648810606,-5.46483635845448,-2.58837421757155,-2.9297564026143,-4.3332916959867,-6.52611659639175,-7.02825410083617,12,450,0.5492326,16.173481,4.5192776
Selection 1,GCACATACAGTCAGAG-400.2.3,GCACATACAGTCAGAG-400.2.3,1693,400_minutes,Waterston_400_minutes,1.3158631439149,450,450,450-510,450-510,ABalppppaad/ABpraaapaad,879,ADL,-6.69930094414789,-5.54551985576139,-4.01386249856163,-3.64594360014837,-3.50241403652371,-6.48103977287159,-7.4770482011801,12,450,0.45256197,16.100775,5.051451
Selection 1,TGGCTGGGTAGCTAAA-400.2.3,TGGCTGGGTAGCTAAA-400.2.3,1679,400_minutes,Waterston_400_minutes,1.30498181844839,450,450,450-510,450-510,ABalppppaad/ABpraaapaad,907,ADL,-7.68353657908025,-6.19631973357816,-4.02777914602398,-4.24657012529105,-4.62373550249279,-7.42390383125422,-8.33009265462581,12,450,0.46480775,16.114283,4.926018
Selection 1,CTAACTTAGGCGTACA-300.1.3,CTAACTTAGGCGTACA-300.1.3,2030,300_minutes,Waterston_300_minutes,1.57779219264457,490,490,450-510,450-510,ABalppppaad/ABpraaapaad,973,ADL,-10.4656039693294,-8.69204307878289,-3.99378432764473,-3.87178098537844,-6.90363855679635,-9.24749412308439,-9.78608814565625,12,490,0.5562472,16.108822,4.405693
Selection 1,CAGGTGCGTCAATGTC-400.2.3,CAGGTGCGTCAATGTC-400.2.3,2037,400_minutes,Waterston_400_minutes,1.58323285537782,450,450,450-510,450-510,ABalppppaad/ABpraaapaad,1066,ADL,-5.27333034675962,-4.25120624415979,-2.79168075086477,-3.04593937579661,-3.19309936503038,-5.7771266047763,-6.8296586345716,12,450,0.47942463,16.150932,4.9296126
Selection 1,TTGTAGGAGCCACTAT-400.2.2,TTGTAGGAGCCACTAT-400.2.2,1682,400_minutes,Waterston_400_minutes,1.30731353104836,490,440,390-450,450-510,ABalppppaad/ABpraaapaad,853,ADL,-7.95027954403458,-6.00900294267306,-3.11054136291765,-3.3815649186069,-4.3173341923077,-7.55609417748405,-9.15527464321012,12,440,0.5213378,16.179977,4.613
Selection 1,CTGGTCTGTAATCGTC-r17,CTGGTCTGTAATCGTC-r17,1762,mixed,Murray_r17,1.36949253371415,450,440,390-450,450-510,ABalppppaad/ABpraaapaad,1028,ADL,-2.00436514908375,0.141971220983926,-0.833779221862507,-0.767511476410975,2.90964207698369,-0.0040538405945183,-2.15540388707085,12,440,0.50166845,16.191305,4.804817
Selection 1,CAGCAGCGTTTGTTTC-400.2.1,CAGCAGCGTTTGTTTC-400.2.1,1683,400_minutes,Waterston_400_minutes,1.30809076858168,450,450,450-510,450-510,ABalppppaad/ABpraaapaad,845,ADL,-6.16005574035459,-4.33024522071496,-3.47760119377047,-3.63799486240963,-2.48942078544064,-5.70839183415315,-6.88565817108976,12,450,0.46953073,16.09942,5.050735
Selection 1,GGTGTTACAGCCTTGG-400.2.2,GGTGTTACAGCCTTGG-400.2.2,1454,400_minutes,Waterston_400_minutes,1.13010337345084,450,440,390-450,450-510,ABalppppaad/ABpraaapaad,760,ADL,-8.12523504505289,-6.85362105540909,-4.20350425758881,-4.1880505691002,-5.22862369993876,-7.86575227382014,-8.41898214068147,12,440,0.5110158,16.103827,4.7321725
Selection 1,GAGCAGATCTTCATGT-400.2.2,GAGCAGATCTTCATGT-400.2.2,1057,400_minutes,Waterston_400_minutes,0.821540072721826,450,440,390-450,450-510,ABalppppaad/ABpraaapaad,605,ADL,-6.50997107149451,-5.35075618439185,-4.21877563809571,-3.98212699170839,-3.01276329082196,-6.13835365669693,-6.94025841167193,12,440,0.477475,16.132294,4.9416847
Selection 1,CACAGTAGTCGGCATC-400.2.3,CACAGTAGTCGGCATC-400.2.3,1383,400_minutes,Waterston_400_minutes,1.07491950858494,450,450,450-510,450-510,ABalppppaad/ABpraaapaad,728,ADL,-7.78427714496866,-6.3094008371442,-3.00745981881366,-3.36655073793469,-5.09556051819698,-7.3544710266947,-7.88771781857338,12,450,0.4690201,16.10931,4.7919784
Selection 1,CCTCTGACATTAGGCT-400.2.2,CCTCTGACATTAGGCT-400.2.2,1371,400_minutes,Waterston_400_minutes,1.06559265818507,490,470,450-510,450-510,ABalppppaad/ABpraaapaad,711,ADL,-9.71111833632779,-8.14334704580318,-3.3926069288586,-3.49982772133589,-6.49665046883667,-8.16422403293701,-8.31831824391433,12,470,0.53747493,16.0818,4.230811
Selection 1,CCTTTCTGTGACGGTA-b01,CCTTTCTGTGACGGTA-b01,845,mixed,Murray_b01,0.656765715657468,420,450,450-510,390-450,ABalppppaad/ABpraaapaad,534,ADL,-4.79214816475181,-3.43871309477999,-2.10538929140193,-1.35162141749814,-1.72661844493216,-3.59733078142431,-4.71220079793359,12,450,0.50176615,16.202875,4.8135324
Selection 1,GAAATGAAGGGTTTCT-r17,GAAATGAAGGGTTTCT-r17,2984,mixed,Murray_r17,2.31927679943418,450,450,450-510,450-510,ABalppppaad/ABpraaapaad,1433,ADL,-3.3641959281718,-0.867431091452421,-1.02203949402479,-1.12166951189128,0.770955082412522,-2.28481848185498,-4.66692649618857,12,450,0.5490505,16.248665,4.5101943
Selection 1,CAGCAGCGTTAGGGTG-400.2.3,CAGCAGCGTTAGGGTG-400.2.3,1440,400_minutes,Waterston_400_minutes,1.11922204798432,490,490,450-510,450-510,ABalppppaad/ABpraaapaad,766,ADL,-7.11358661835581,-5.47578896222758,-3.72800528888157,-3.79195456624806,-3.40915774739859,-6.45899749501057,-7.61051462869556,12,490,0.58490926,16.314367,4.259326
Selection 1,TCGTACCCAGAAGCAC-500.1.1,TCGTACCCAGAAGCAC-500.1.1,2388,500_minutes,Waterston_500_minutes_batch_1,1.856043229574,450,450,450-510,450-510,ABalppppaad/ABpraaapaad,1143,ADL,-11.0408182353331,-7.70781991378131,0.246129049323765,0.249461381018724,-7.46723938657511,-6.80073138979695,-6.66327942301204,12,450,0.5413085,15.504903,4.1723576
Selection 1,ACCGTAAGTATAGGGC-b01,ACCGTAAGTATAGGGC-b01,834,mixed,Murray_b01,0.648216102790921,420,385,330-390,390-450,ABalppppaad/ABpraaapaad,589,ADL,-0.400580332710529,-0.86689089983284,-1.96791829166392,-1.54784810874507,0.660795885655728,-0.29931519101854,0.0257271261871779,12,385,0.31231874,15.281117,5.8877745
Selection 1,TCCACACGTGAAATCA-400.2.1,TCCACACGTGAAATCA-400.2.1,1137,400_minutes,Waterston_400_minutes,0.883719075387622,390,380,330-390,390-450,ABalppppaad/ABpraaapaad,680,ADL,-4.18478406461526,-4.08634772203313,-3.17595961480596,-3.31502781608665,-3.52864275389022,-5.66983674837975,-5.71179205842424,12,380,0.3247084,15.281362,6.449549
Selection 1,TGAGGGACAACGATCT-500.2.1,TGAGGGACAACGATCT-500.2.1,1124,500_minutes,Waterston_500_minutes_batch_2,0.87361498745443,450,440,390-450,450-510,ABalppppaad/ABpraaapaad,715,ADL,-8.57705080578996,-3.85082529448544,6.15358301673989,8.10778246727356,-4.53574642914462,-0.358982593162282,-0.401973903245596,12,440,0.48395684,15.361929,4.2430267
Selection 1,CTTAGGAGTTATGCGT-400.2.3,CTTAGGAGTTATGCGT-400.2.3,1373,400_minutes,Waterston_400_minutes,1.06714713325172,390,385,330-390,390-450,ABalppppaad/ABpraaapaad,814,ADL,-4.06138592874962,-3.83760411357329,-3.16040620768054,-3.36206998486359,-2.91287476337151,-4.9732874317746,-4.91271770883295,12,385,0.34856108,15.283724,6.009382
Selection 1,CGTCAGGAGATCGGGT-300.1.2,CGTCAGGAGATCGGGT-300.1.2,1773,300_minutes,Waterston_300_minutes,1.3780421465807,420,380,330-390,390-450,ABalppppaad/ABpraaapaad,939,ADL,-4.01313459984336,-4.06596229340915,-3.89037488876349,-4.23557361136614,-3.52179673578197,-5.87059095734953,-5.74054910077242,12,380,0.34304988,15.331375,6.176695
Selection 1,CGCGTTTCATGGGACA-b01,CGCGTTTCATGGGACA-b01,2085,mixed,Murray_b01,1.6205402569773,420,380,330-390,390-450,ABalppppaad/ABpraaapaad,1069,ADL,-7.3677447034309,-6.37240464788227,-3.32254235845372,-3.50356343457945,-5.35868696184752,-6.53097539058452,-5.75783955423035,12,380,0.34775248,15.2886305,5.459829
Selection 1,GACTACATCTCCTATA-b01,GACTACATCTCCTATA-b01,824,mixed,Murray_b01,0.640443727457696,490,410,390-450,450-510,ABalppppaad/ABpraaapaad,553,ADL,-5.4018475921461,-5.64529142876435,-4.23116287271825,-3.31932686123868,-3.16934125705731,-3.70813578427129,-2.49300627493891,12,410,0.37197864,15.331046,5.5286584
Selection 1,CTTACCGGTCCGTTAA-500.1.1,CTTACCGGTCCGTTAA-500.1.1,1761,500_minutes,Waterston_500_minutes_batch_1,1.36871529618083,450,450,450-510,450-510,ABalppppaad/ABpraaapaad,1023,ADL,-8.79003856382416,-4.39000302491663,4.32683873608192,4.19939427924349,-5.37285461752563,-3.17893014132683,-3.37629936755658,12,450,0.4926625,15.452935,4.4034524
Selection 1,CAGCATAAGCGCTCCA-500.1.1,CAGCATAAGCGCTCCA-500.1.1,2020,500_minutes,Waterston_500_minutes_batch_1,1.57001981731134,450,450,450-510,450-510,ABalppppaad/ABpraaapaad,1023,ADL,-8.89026899113195,-5.03431154421067,2.45911270487317,1.91736121535249,-5.4730679582722,-4.55394721867252,-4.68693641579244,12,450,0.50039095,15.501799,4.427345
Selection 1,GTGTGCGTCCGCAAGC-400.2.2,GTGTGCGTCCGCAAGC-400.2.2,1158,400_minutes,Waterston_400_minutes,0.900041063587393,380,385,330-390,330-390,ABalppppaad/ABpraaapaad,685,ADL,-3.25902581095211,-3.15239664815599,-3.66314286089704,-3.98886327550098,-2.1682814978819,-4.87577940817652,-5.13001628727012,12,385,0.32884318,15.288929,6.773245
Selection 1,CTGCTGTTCTGATTCT-b01,CTGCTGTTCTGATTCT-b01,987,mixed,Murray_b01,0.767133445389255,420,450,450-510,390-450,ABalppppaad/ABpraaapaad,659,ADL,-4.39939919071629,-4.76132820001048,-3.51318292709079,-2.62378494527818,-1.4958541879806,-0.978895721284364,1.1698716576569,12,450,0.34571293,15.310341,5.589197
Selection 1,TACGGTATCTTGTATC-500.1.1,TACGGTATCTTGTATC-500.1.1,1764,500_minutes,Waterston_500_minutes_batch_1,1.3710470087808,390,375,330-390,390-450,ABalppppaad/ABpraaapaad,935,ADL,-5.77225966519489,-3.88607982210374,-0.682426547687308,-0.969338690854928,-3.83575759813312,-4.66053341802253,-4.57650856437866,12,375,0.3496746,15.290199,5.6221175
Selection 1,CCTTACGAGAGGACGG-500.2.1,CCTTACGAGAGGACGG-500.2.1,984,500_minutes,Waterston_500_minutes_batch_2,0.764801732789288,430,450,450-510,390-450,ABalppppaad/ABpraaapaad,670,ADL,-8.58410287254361,-5.62026239202699,3.2037793988212,5.39484900238368,-5.01497367857282,-1.64604124705227,-0.71369898316801,12,450,0.44139415,15.3326435,4.629088
Selection 1,ACTATCTTCTCGCTTG-400.2.1,ACTATCTTCTCGCTTG-400.2.1,5579,400_minutes,Waterston_400_minutes,4.33620819840593,410,405,390-450,390-450,ABalppppaad/ABpraaapaad,2000,ADL,-5.06251545959254,-3.9985991621211,-2.9632037354844,-3.67381734450214,-3.32966194447552,-5.4214074542675,-5.38033044679981,12,405,0.31382483,15.36428,6.0260825
Selection 1,GGCAATTAGGCCCTCA-300.1.3,GGCAATTAGGCCCTCA-300.1.3,1198,300_minutes,Waterston_300_minutes,0.931130564920291,360,380,330-390,330-390,ABalppppaad/ABpraaapaad,690,ADL,-3.5735072083954,-3.48070035095165,-3.43179516805122,-3.62169308777095,-2.62663052535285,-4.69628880207915,-4.69905801795609,12,380,0.32247934,15.34642,6.4867406
Selection 1,CCGGGATCAGCTGGCT-500.2.1,CCGGGATCAGCTGGCT-500.2.1,2029,500_minutes,Waterston_500_minutes_batch_2,1.57701495511124,420,450,450-510,390-450,ABalppppaad/ABpraaapaad,1169,ADL,-8.2041131458874,-5.56449876576921,0.820923849514563,1.87284536642095,-5.11462858486818,-3.65680816068346,-3.04635629577866,12,450,0.4402996,15.334758,4.7912893
Selection 1,TCGGTAAGTCAAGCGA-500.1.1,TCGGTAAGTCAAGCGA-500.1.1,1743,500_minutes,Waterston_500_minutes_batch_1,1.35472502058102,380,420,390-450,330-390,ABalppppaad/ABpraaapaad,1007,ADL,-6.4740032257052,-4.43636483768617,0.812402383752789,0.795692075532861,-4.74067508627821,-3.96220605324554,-3.39295667929266,12,420,0.36231077,15.36629,5.360915
Selection 1,CGCTATCCAATAAGCA-500.2.1,CGCTATCCAATAAGCA-500.2.1,1567,500_minutes,Waterston_500_minutes_batch_2,1.21793121471627,420,450,450-510,390-450,ABalppppaad/ABpraaapaad,933,ADL,-7.7377649369887,-4.51437974984427,3.11966075072729,4.0358280594947,-4.39320818979786,-2.26591793867178,-1.7489762050677,12,450,0.44076514,15.278103,4.573651
Selection 1,ACGGGTCTCAACACGT-500.1.1,ACGGGTCTCAACACGT-500.1.1,1313,500_minutes,Waterston_500_minutes_batch_1,1.02051288125237,380,380,330-390,330-390,ABalppppaad/ABpraaapaad,808,ADL,-6.23583368678833,-4.01884312934526,0.682236226731771,0.524698991374534,-4.32422846147581,-3.66113135104499,-3.11689730262062,12,380,0.37239516,15.3846655,5.4333076
Selection 1,GCTGGGTCACACAGAG-500.1.1,GCTGGGTCACACAGAG-500.1.1,2140,500_minutes,Waterston_500_minutes_batch_1,1.66328832131004,420,450,450-510,390-450,ABalppppaad/ABpraaapaad,1114,ADL,-8.26534675820988,-3.72559936312129,4.10482139570082,3.57135908271841,-4.95953940736374,-3.23788676474039,-3.41090610774596,12,450,0.42861873,15.391719,4.9896765
Selection 1,CTCAGAAAGTACTTGC-500.1.1,CTCAGAAAGTACTTGC-500.1.1,1982,500_minutes,Waterston_500_minutes_batch_1,1.54048479104509,450,435,390-450,450-510,ABalppppaad/ABpraaapaad,1027,ADL,-8.47621780850545,-4.55651994706189,2.09359185779287,1.49790773181997,-4.92570995522089,-4.37207517042803,-4.58747315563985,12,435,0.45521232,15.421342,4.6834993
Selection 1,GGACAAGAGTAGTGCG-400.2.1,GGACAAGAGTAGTGCG-400.2.1,1467,400_minutes,Waterston_400_minutes,1.14020746138403,420,385,330-390,390-450,ABalppppaad/ABpraaapaad,778,ADL,-6.01380137576814,-5.64400296529963,-3.76042408443565,-3.77587536347762,-4.76015734198784,-6.58852232153483,-6.26081955194604,12,385,0.34858036,15.429254,5.836516
Selection 1,GTCAAGTCACCAGCAC-400.2.2,GTCAAGTCACCAGCAC-400.2.2,864,400_minutes,Waterston_400_minutes,0.671533228790594,410,425,390-450,390-450,ABalppppaad/ABpraaapaad,533,ADL,-4.44318781048468,-3.6592818325107,-2.1943011764685,-2.59531915079768,-3.39965364046636,-5.18650558023348,-5.53331738727455,12,425,0.34835228,15.42228,5.6651464
Selection 1,AACCGCGTCGGCTACG-400.2.3,AACCGCGTCGGCTACG-400.2.3,1284,400_minutes,Waterston_400_minutes,0.997972992786022,390,385,330-390,390-450,ABalppppaad/ABpraaapaad,754,ADL,-4.18269521441747,-4.26935500575409,-3.99849862710173,-4.09852464878623,-3.40698943069585,-5.60109387526262,-5.286216952649,12,385,0.3528963,15.458023,6.2823358
Selection 1,CGGACGTGTCAATACC-500.2.2,CGGACGTGTCAATACC-500.2.2,1238,500_minutes,Waterston_500_minutes_batch_2,0.962220066253189,410,450,450-510,390-450,ABalppppaad/ABpraaapaad,783,ADL,-7.72336378710797,-4.90879344459512,1.43026717041105,3.49526611659023,-4.30948455143183,-1.9228763382337,-1.47762335874344,12,450,0.43715262,15.430085,4.6941943
Selection 1,CGAGCACTCCTAGAAC-400.2.1,CGAGCACTCCTAGAAC-400.2.1,1284,400_minutes,Waterston_400_minutes,0.997972992786022,380,380,330-390,330-390,ABalppppaad/ABpraaapaad,702,ADL,-3.60957593445623,-3.32450854259857,-3.31764364167612,-3.6071405960621,-3.03078246015243,-5.24812279098434,-5.48003922790497,12,380,0.3362432,15.46805,6.334879
Selection 1,GGGACCTTCTACTATC-500.1.1,GGGACCTTCTACTATC-500.1.1,2316,500_minutes,Waterston_500_minutes_batch_1,1.80008212717479,450,450,450-510,450-510,ABalppppaad/ABpraaapaad,1194,ADL,-7.01580243051539,-4.00681343119989,1.12974058426585,0.651207568905276,-4.04805754045438,-3.95778130299919,-4.15542917195675,12,450,0.435524,15.462374,4.892334
Selection 1,GGCGACTAGAACAACT-400.2.1,GGCGACTAGAACAACT-400.2.1,1945,400_minutes,Waterston_400_minutes,1.51172700231216,390,380,330-390,390-450,ABalppppaad/ABpraaapaad,984,ADL,-2.11842584061048,-1.41446854311965,-2.80069108173376,-3.40300756795845,-0.82160052751637,-4.10523957784964,-5.15086096640631,12,380,0.29945603,15.484448,6.62956
Selection 1,ACACTGATCAGTTCGA-400.2.1,ACACTGATCAGTTCGA-400.2.1,1376,400_minutes,Waterston_400_minutes,1.06947884585169,380,380,330-390,330-390,ABalppppaad/ABpraaapaad,814,ADL,-0.756480305133171,-1.60361886889881,-4.43696222269401,-4.45014062892377,-0.657515794427741,-4.22413008990569,-5.34214719498753,12,380,0.3372332,15.468322,6.7699466
Selection 1,AGGGTGACACCAGGCT-400.2.3,AGGGTGACACCAGGCT-400.2.3,1444,400_minutes,Waterston_400_minutes,1.12233099811761,380,380,330-390,330-390,ABalppppaad/ABpraaapaad,867,ADL,-2.11231395911237,-2.51084441581316,-2.90891602868998,-3.02939214485496,-2.14736644987948,-4.50538157070979,-4.99855694559045,12,380,0.33324414,15.436093,6.6562724
Selection 1,CTGATAGCAAGTTGTC-500.1.1,CTGATAGCAAGTTGTC-500.1.1,1664,500_minutes,Waterston_500_minutes_batch_1,1.29332325544855,400,410,390-450,390-450,ABalppppaad/ABpraaapaad,928,ADL,-5.17911618481131,-2.73708833541263,1.25219089062801,0.567818479686399,-3.08619496712629,-3.48579808505904,-3.75987988541098,12,410,0.38508132,15.476864,5.231277
Selection 1,ACACCGGGTACTCAAC-500.1.1,ACACCGGGTACTCAAC-500.1.1,2128,500_minutes,Waterston_500_minutes_batch_1,1.65396147091017,410,405,390-450,390-450,ABalppppaad/ABpraaapaad,1135,ADL,-5.8974392630182,-3.27374567642044,1.25510961854346,0.848157266069917,-3.79955189860037,-3.26755055088595,-3.04804681595534,12,405,0.3893624,15.506491,5.098781
Selection 1,GCCTCTACATGGTAGG-b01,GCCTCTACATGGTAGG-b01,824,mixed,Murray_b01,0.640443727457696,450,450,450-510,450-510,ABalppppaad/ABpraaapaad,549,ADL,-2.92317217631463,-2.60080686500409,-2.78625591608192,-1.76016985946698,0.763623159481808,-1.34993854740213,-1.65441963377561,12,450,0.36293593,15.518416,5.52523
Selection 1,CGTGTCTGTAAGGGAA-500.1.2,CGTGTCTGTAAGGGAA-500.1.2,1612,500_minutes,Waterston_500_minutes_batch_1,1.25290690371578,420,385,330-390,390-450,ABalppppaad/ABpraaapaad,906,ADL,-6.73328057583971,-5.75485049769228,-2.72431394251581,-2.359118757058,-4.95988984552101,-6.15284337268349,-6.00232275386699,12,385,0.37356046,15.516471,5.500668
Selection 1,GATGCTAGTCAACATC-500.1.1,GATGCTAGTCAACATC-500.1.1,1526,500_minutes,Waterston_500_minutes_batch_1,1.18606447585005,450,440,390-450,450-510,ABalppppaad/ABpraaapaad,838,ADL,-9.52886637366543,-6.71475912598251,0.563607919946757,0.609815583804246,-6.32096542159585,-5.44751725204517,-4.71552439374966,12,440,0.45618203,15.517743,4.634581
Selection 1,TGCGTGGTCCCAACGG-500.1.1,TGCGTGGTCCCAACGG-500.1.1,1682,500_minutes,Waterston_500_minutes_batch_1,1.30731353104836,430,450,450-510,390-450,ABalppppaad/ABpraaapaad,889,ADL,-7.91492888706578,-4.06978241607043,3.80448993000189,3.7756426949402,-4.60808622456556,-3.23881215587599,-3.25697727526094,12,450,0.50565135,15.524167,4.407153
Selection 1,CGTCTACCATTTCAGG-400.2.3,CGTCTACCATTTCAGG-400.2.3,1184,400_minutes,Waterston_400_minutes,0.920249239453777,390,385,330-390,390-450,ABalppppaad/ABpraaapaad,641,ADL,-2.67426129864292,-2.19500241818797,-2.92592269896003,-2.88042341087785,-1.09328105622139,-3.93360061645451,-4.83878878217857,12,385,0.34815216,15.522015,6.4676604
Selection 1,GTAGTCATCGAATGCT-500.1.3,GTAGTCATCGAATGCT-500.1.3,1590,500_minutes,Waterston_500_minutes_batch_1,1.23580767798269,390,385,330-390,390-450,ABalppppaad/ABpraaapaad,838,ADL,-7.33468171167514,-6.25345843715168,-2.88458795282515,-2.87364711129444,-5.10950999126073,-6.3798047510204,-5.88232133626035,12,385,0.36992633,15.525506,5.1506414
Selection 1,TAGGCATTCATCTGCC-500.1.1,TAGGCATTCATCTGCC-500.1.1,1339,500_minutes,Waterston_500_minutes_batch_1,1.04072105711876,420,450,450-510,390-450,ABalppppaad/ABpraaapaad,804,ADL,-7.10710817579709,-3.4832824043047,3.09168378721518,2.23987132260348,-4.42107396966921,-3.81379798591647,-4.20932931644798,12,450,0.440113,15.532509,4.8293357
Selection 1,AAGTCTGCAGACGCCT-400.2.3,AAGTCTGCAGACGCCT-400.2.3,1051,400_minutes,Waterston_400_minutes,0.816876647521892,360,390,390-450,330-390,ABalppppaad/ABpraaapaad,688,ADL,-5.08041959044694,-4.64585925324463,-2.59513322190241,-2.5051294483884,-3.87549339088413,-5.26323765823912,-4.95622282556015,12,390,0.3388673,15.534223,6.1238184
Selection 1,TTGGAACTCCTTCAAT-500.1.2,TTGGAACTCCTTCAAT-500.1.2,1857,500_minutes,Waterston_500_minutes_batch_1,1.44333009937978,450,450,450-510,450-510,ABalppppaad/ABpraaapaad,971,ADL,-7.9089908974341,-6.37136624932306,-2.17151284232102,-2.45271285742312,-5.61575958516206,-6.44392605827807,-5.90162967557799,12,450,0.44637436,15.554587,4.7623467
Selection 1,AGTGGGACAGCTGTTA-400.2.1,AGTGGGACAGCTGTTA-400.2.1,2113,400_minutes,Waterston_400_minutes,1.64230290791033,380,385,330-390,330-390,ABalppppaad/ABpraaapaad,1064,ADL,-0.769663253444927,-1.50794891084298,-3.20358201192703,-3.81113080535059,-1.29445386499942,-4.02538120533789,-4.66657302422593,12,385,0.3493209,15.54767,6.2946343
Selection 1,TGTGGTATCAGTCAGT-500.1.1,TGTGGTATCAGTCAGT-500.1.1,1293,500_minutes,Waterston_500_minutes_batch_1,1.00496813058592,450,450,450-510,450-510,ABalppppaad/ABpraaapaad,712,ADL,-7.57081572179972,-4.15417446688877,1.9837106523905,1.67755179603172,-4.61276337893268,-3.94255852524721,-4.45646416866949,12,450,0.48244593,15.535659,4.488811
Selection 1,AGGGAGTCAGGTGGAT-500.1.3,AGGGAGTCAGGTGGAT-500.1.3,1733,500_minutes,Waterston_500_minutes_batch_1,1.3469526452478,420,405,390-450,390-450,ABalppppaad/ABpraaapaad,885,ADL,-6.44863029412003,-4.44209480859305,-0.938867511119717,-1.60872285337446,-4.33998119645326,-5.6603553134685,-5.89099319905725,12,405,0.3978084,15.575015,5.343897
Selection 1,ACCCACTCAGCCTGTG-300.1.2,ACCCACTCAGCCTGTG-300.1.2,5063,300_minutes,Waterston_300_minutes,3.93515363121155,420,450,450-510,390-450,ABalppppaad/ABpraaapaad,2033,ADL,-8.53891958700734,-7.40224830507759,-3.78512955862812,-4.18569289461032,-6.7293707100056,-7.88592928753853,-7.25063198467737,12,450,0.40318868,15.582976,5.1645107
Selection 1,CGTCACTTCTTACCGC-b01,CGTCACTTCTTACCGC-b01,1006,mixed,Murray_b01,0.781900958522382,400,410,390-450,390-450,ABalppppaad/ABpraaapaad,647,ADL,-1.81212559331245,-1.69655764544263,-1.90616386070712,-1.45684764609903,0.0240760834040717,-1.33131375199478,-1.34915882480075,12,410,0.3416868,15.596639,5.986921
Selection 1,CGAGCACGTCGCATCG-500.1.1,CGAGCACGTCGCATCG-500.1.1,1482,500_minutes,Waterston_500_minutes_batch_1,1.15186602438387,490,530,510-580,450-510,ABalppppaad/ABpraaapaad,811,ADL,-11.0042581201659,-7.27667419559565,1.19162575202294,0.282560298399308,-7.09597277726577,-7.21215356149876,-7.70221742792315,20,530,0.7123159,15.805247,2.9671123
Selection 1,TGTGTTTCAAGCTGTT-b01,TGTGTTTCAAGCTGTT-b01,912,mixed,Murray_b01,0.708840630390072,450,550,510-580,450-510,ABalppppaad/ABpraaapaad,637,ADL,-4.85767069017635,-4.77656678497685,-2.53400456188056,-1.35448961780406,-2.40650755206479,-1.35194762418273,0.198491330788512,20,550,0.44730264,15.805485,3.3538375
Selection 1,GTAGGCCGTCTAGCCG-b01,GTAGGCCGTCTAGCCG-b01,852,mixed,Murray_b01,0.662206378390725,550,550,510-580,510-580,ABalppppaad/ABpraaapaad,551,ADL,-9.00422038449233,-7.53147248653634,-1.79067047480395,-1.93811185811034,-5.527924173654,-5.88315942775001,-5.43444170925902,20,550,0.7021142,15.823779,2.7144823
Selection 1,GTCCTCAGTCACAAGG-500.1.2,GTCCTCAGTCACAAGG-500.1.2,1697,500_minutes,Waterston_500_minutes_batch_1,1.31897209404819,550,490,450-510,510-580,ABalppppaad/ABpraaapaad,877,ADL,-13.3533373674846,-10.0584122904108,-1.04406158539864,-1.85422118686047,-9.13681260357628,-9.75156879067396,-10.2954650280802,20,490,0.7381207,15.904821,2.533715
Selection 1,TGTATTCGTAAAGGAG-500.1.3,TGTATTCGTAAAGGAG-500.1.3,1990,500_minutes,Waterston_500_minutes_batch_1,1.54670269131167,550,520,510-580,510-580,ABalppppaad/ABpraaapaad,898,ADL,-13.4159932962984,-10.32214926243,-2.3052735169827,-2.80265257530589,-9.1586879130862,-10.364651367488,-10.8488226714561,20,520,0.7073423,15.857235,2.8750587
Selection 1,GAAACTCAGACCTAGG-b01,GAAACTCAGACCTAGG-b01,1771,mixed,Murray_b01,1.37648767151405,490,520,510-580,450-510,ABalppppaad/ABpraaapaad,1030,ADL,-8.23827275834111,-6.64641911106997,-2.09920048818768,-2.01023816255235,-4.19558423082477,-4.53649435679264,-3.69047749637621,20,520,0.6474611,15.873077,3.1147647
Selection 1,GGTGTTATCAGGATCT-500.1.1,GGTGTTATCAGGATCT-500.1.1,2048,500_minutes,Waterston_500_minutes_batch_1,1.59178246824437,550,550,510-580,510-580,ABalppppaad/ABpraaapaad,1002,ADL,-13.2997415571283,-8.94354924346906,0.352890824227202,-0.169312947328935,-8.673067645039,-8.52631475437993,-9.33321856638602,20,550,0.7294871,15.848402,2.5486507
Selection 1,CTCTAATAGGATCGCA-500.1.2,CTCTAATAGGATCGCA-500.1.2,2027,500_minutes,Waterston_500_minutes_batch_1,1.5754604800446,550,550,510-580,510-580,ABalppppaad/ABpraaapaad,1019,ADL,-13.5989868555171,-10.5037520288278,-1.23209977779591,-1.97451002085175,-9.57468244500998,-9.82877076137175,-9.62279258396978,20,550,0.7583191,15.923868,2.378098
Selection 1,CGCTATCTCCCTCTTT-b02,CGCTATCTCCCTCTTT-b02,932,mixed,Murray_b02,0.72438538105652,550,490,450-510,510-580,ABalppppaad/ABpraaapaad,637,ADL,-8.28957466934536,-7.50766297655604,-3.55033399324525,-1.83919176092233,-4.68431438008302,-2.67443642048004,0.0420590043557075,20,490,0.69766355,15.939705,3.0864434
Selection 1,ACTGAACGTTGGTAAA-400.2.2,ACTGAACGTTGGTAAA-400.2.2,1762,400_minutes,Waterston_400_minutes,1.36949253371415,550,500,450-510,510-580,ABalppppaad/ABpraaapaad,877,ADL,-11.1560434272366,-8.20025672646164,-2.28945703292975,-2.41292423539976,-6.6360343983881,-8.31170024446152,-9.26116589476822,20,500,0.70291823,16.136984,3.073918
Selection 1,GTCTTCGGTCAAAGCG-b02,GTCTTCGGTCAAAGCG-b02,863,mixed,Murray_b02,0.670755991257272,550,550,510-580,510-580,ABalppppaad/ABpraaapaad,587,ADL,-5.14575261916188,-5.03681752842751,-2.17971986523963,-1.59622030212934,-1.980344776507,-0.971779811703621,1.2242693070893,20,550,0.6461497,15.965011,2.9858406
Selection 1,CCGTACTTCCAAGCCG-400.2.2,CCGTACTTCCAAGCCG-400.2.2,1548,400_minutes,Waterston_400_minutes,1.20316370158315,620,550,510-580,580-650,ABalppppaad/ABpraaapaad,765,ADL,-7.57374262452305,-4.51449939657966,-2.59758537904435,-2.92232326790942,-1.60484805769422,-5.85354099799172,-8.55450740860415,20,550,0.71621084,16.288803,3.187448
Selection 1,TGGTTAGCACGCGAAA-b01,TGGTTAGCACGCGAAA-b01,1248,mixed,Murray_b01,0.969992441586414,550,550,510-580,510-580,,801,,-5.94086652208983,-3.47719681709928,-1.1190160005061,11.8913851679445,-1.7349060963021,9.23177419523402,8.15063219212026,20,550,0.6451341,15.954261,3.2872171
Selection 1,AATCCAGTCTGCAGTA-400.2.1,AATCCAGTCTGCAGTA-400.2.1,2257,400_minutes,Waterston_400_minutes,1.75422511270876,550,500,450-510,510-580,ABalppppaad/ABpraaapaad,1012,ADL,-10.0580602851798,-7.44435452200453,-2.89852747279144,-3.24125779553409,-5.47478305650701,-8.27084858395331,-9.82541389864785,20,500,0.715201,16.371237,2.990996
Selection 1,GATCGCGGTGCAGACA-400.2.3,GATCGCGGTGCAGACA-400.2.3,1746,400_minutes,Waterston_400_minutes,1.35705673318099,490,500,450-510,450-510,ABalppppaad/ABpraaapaad,912,ADL,-8.99816324434778,-6.28489126364013,-1.53759331547778,-2.33091751924961,-5.23534177956024,-7.21994032654597,-8.30270173859656,20,500,0.69059193,16.25266,3.4890296
Selection 1,CACATTTCACGCCAGT-500.1.3,CACATTTCACGCCAGT-500.1.3,2164,500_minutes,Waterston_500_minutes_batch_1,1.68194202210977,490,490,450-510,450-510,ABalppppaad/ABpraaapaad,933,ADL,-12.1403241776835,-9.47266932144873,-3.2969316914965,-3.86571716140264,-7.76817741725665,-9.55834649855962,-10.0015847554332,20,490,0.667377,16.03934,3.4036348
Selection 1,GGAATAATCTTAGCCC-b01,GGAATAATCTTAGCCC-b01,840,mixed,Murray_b01,0.652879527990855,450,550,510-580,450-510,ABalppppaad/ABpraaapaad,558,ADL,-4.16157695215345,-2.34775994594624,-0.0019102951117806,0.384595261572699,-0.943766418969571,-0.899255438603644,-1.0013308803526,20,550,0.7041225,16.100307,3.146757
Selection 1,TTCGGTCTCTCTGCTG-500.1.1,TTCGGTCTCTCTGCTG-500.1.1,2447,500_minutes,Waterston_500_minutes_batch_1,1.90190024404003,550,550,510-580,510-580,ABalppppaad/ABpraaapaad,1138,ADL,-11.3584756554463,-6.65015235774267,2.35013580936321,0.718206202271072,-6.74989994053098,-6.46833512105165,-7.31484095746228,20,550,0.7073206,15.969747,3.0323234
Selection 1,CGTCTACAGTCCCACG-400.2.2,CGTCTACAGTCCCACG-400.2.2,1517,400_minutes,Waterston_400_minutes,1.17906933805015,550,520,510-580,510-580,ABalppppaad/ABpraaapaad,762,ADL,-11.9342583571735,-9.3245456264036,-3.05585870405631,-3.69704633956085,-8.06329799983977,-10.5415444479589,-11.7829216641644,20,520,0.6863686,16.170853,3.1801023
Selection 1,GCGCAACGTCCTCTTG-400.2.2,GCGCAACGTCCTCTTG-400.2.2,1752,400_minutes,Waterston_400_minutes,1.36172015838093,550,490,450-510,510-580,ABalppppaad/ABpraaapaad,926,ADL,-10.6916648921992,-8.95157509448287,-3.32314733156609,-3.21264547523266,-6.94780345514609,-8.60318419817872,-8.83416720162543,20,490,0.65329456,16.069586,3.2496662
Selection 1,GACGTGCGTCCAGTTA-b01,GACGTGCGTCCAGTTA-b01,827,mixed,Murray_b01,0.642775440057664,550,550,510-580,510-580,ABalppppaad/ABpraaapaad,530,ADL,-6.7732811834265,-5.37426298730017,-1.40103956049044,-0.722866324787142,-3.92410327827746,-4.13537941818724,-3.81735581568056,20,550,0.64912504,15.983027,3.068361
Selection 1,GCAGCCAGTACATGTC-r17,GCAGCCAGTACATGTC-r17,2173,mixed,Murray_r17,1.68893715990968,550,490,450-510,510-580,ABalppppaad/ABpraaapaad,1183,ADL,-3.99758423671968,-1.21669794819388,0.45347909329293,0.0698394361140638,0.599600766897588,-1.43618378463906,-3.53188062720632,20,490,0.72510976,16.33103,3.2066689
Selection 1,TAGTGGTGTATGAAAC-400.2.3,TAGTGGTGTATGAAAC-400.2.3,1508,400_minutes,Waterston_400_minutes,1.17207420025025,550,490,450-510,510-580,ABalppppaad/ABpraaapaad,793,ADL,-8.64390192225629,-5.68255618147936,-1.97953306898509,-2.47387718494616,-4.11619653557638,-7.03276246917135,-8.83723620143665,20,490,0.6800646,16.249878,3.4677708
Selection 1,GCAGCCAAGAATTGTG-r17,GCAGCCAAGAATTGTG-r17,1584,mixed,Murray_r17,1.23114425278276,550,550,510-580,510-580,ABalppppaad/ABpraaapaad,862,ADL,-5.86408359738491,-3.70404567264824,-3.10775184488378,-3.07434983147903,-0.369886206298134,-4.09525670436322,-6.27981373003351,20,550,0.7449211,16.364977,3.1683002
Selection 1,ACACTGACAAGACACG-b01,ACACTGACAAGACACG-b01,904,mixed,Murray_b01,0.702622730123492,550,520,510-580,510-580,ABalppppaad/ABpraaapaad,568,ADL,-5.45985306404908,-4.14942546692315,-1.12334558742688,-1.29711081474449,-2.37822487652829,-3.56883512832571,-4.44005496844638,20,520,0.6835853,16.283827,2.9421666
Selection 1,GCTGGGTTCTGATACG-400.2.1,GCTGGGTTCTGATACG-400.2.1,1441,400_minutes,Waterston_400_minutes,1.11999928551765,550,550,510-580,510-580,ABalppppaad/ABpraaapaad,734,ADL,-12.0322290628445,-9.39136092664372,-2.62426855084249,-3.52037645562747,-7.27617433996321,-9.3540101955439,-9.6829809679616,20,550,0.7290702,16.069178,2.9136567
Selection 1,CTCTAATTCTCGAGTA-400.2.3,CTCTAATTCTCGAGTA-400.2.3,1628,400_minutes,Waterston_400_minutes,1.26534270424894,490,450,450-510,450-510,ABalppppaad/ABpraaapaad,911,ADL,-10.3950896508241,-8.50220347246616,-3.66664214920986,-3.62864537478966,-6.18157681176638,-8.28877208922005,-8.58730237929614,20,450,0.6482385,16.163643,3.6546726
Selection 1,GGCTGGTAGGGAACGG-400.2.3,GGCTGGTAGGGAACGG-400.2.3,2001,400_minutes,Waterston_400_minutes,1.55525230417822,510,620,580-650,510-580,ABalppppaad/ABpraaapaad,993,ADL,-4.97510999502181,-3.70031100279643,-2.63742641881083,-3.59984676277611,-2.67147590063635,-5.69909384732453,-7.30381200156215,20,620,0.73050714,16.288502,2.8472981
Selection 1,ATCCGAACAAGGTGTG-400.2.3,ATCCGAACAAGGTGTG-400.2.3,5846,400_minutes,Waterston_400_minutes,4.54373061980302,350,520,510-580,330-390,ABalppppaad/ABpraaapaad,2531,ADL,-0.771123133007101,-1.65870447145699,-3.10100558813045,-3.30787510149528,-0.623652862265136,-3.23275498437332,-4.1711797306668,20,520,0.61787343,16.257122,3.5078332
Selection 1,GGCGACTTCTATCCTA-b01,GGCGACTTCTATCCTA-b01,1082,mixed,Murray_b01,0.840971011054887,510,550,510-580,510-580,ABalppppaad/ABpraaapaad,729,ADL,-6.46024599591535,-5.6154441504557,-2.47594956106804,-2.65595352459751,-2.52862792116957,-3.75884172135066,-3.26471939158246,20,550,0.72704047,16.165905,2.8859057
Selection 1,AACTTTCGTACACCGC-b02,AACTTTCGTACACCGC-b02,760,mixed,Murray_b02,0.59070052532506,550,620,580-650,510-580,ABalppppaad/ABpraaapaad,533,ADL,-5.74114949634593,-4.41000673250107,-2.25446262070683,-2.1843708753748,-1.53099208388694,-2.80472647916936,-2.94049768513073,20,620,0.68624896,16.07864,2.927112
Selection 1,GCCTCTAAGCGTAATA-b01,GCCTCTAAGCGTAATA-b01,1450,mixed,Murray_b01,1.12699442331755,550,550,510-580,510-580,ABalppppaad/ABpraaapaad,932,ADL,-4.28687710530973,-4.22364903069119,-2.2559650242875,-2.87954200081642,-2.16879491261222,-3.17203221773205,-3.10141810460847,20,550,0.7356061,16.153807,2.6063588
Selection 1,GAACATCGTCTAACGT-b01,GAACATCGTCTAACGT-b01,887,mixed,Murray_b01,0.68940969205701,550,585,580-650,510-580,ABalppppaad/ABpraaapaad,611,ADL,-7.16059452539397,-6.01426498949258,-1.51611818884883,-1.44354249041555,-3.95181436335131,-3.68499279564312,-2.95892072850193,20,585,0.74536175,16.115097,2.7128487
Selection 1,GGAACTTGTTGCGTTA-r17,GGAACTTGTTGCGTTA-r17,2750,mixed,Murray_r17,2.13740321663673,510,520,510-580,510-580,ABalppppaad/ABpraaapaad,1152,ADL,-5.53536388655483,-2.95586390296814,-3.41293532424686,-3.04894865844707,0.122281539638337,-4.29269847722863,-7.31506580067226,20,520,0.6762035,16.430075,3.5701427
Selection 1,CATCCACCAGCCACCA-b01,CATCCACCAGCCACCA-b01,1143,mixed,Murray_b01,0.888382500587557,620,550,510-580,580-650,ABalppppaad/ABpraaapaad,703,ADL,-9.16855272374801,-7.59432568234375,-2.85428872720012,-2.46383558345083,-5.22608624820716,-5.81857271717055,-5.5347837152983,20,550,0.74925625,16.211384,2.703086
Selection 1,TATCAGGTCACTGGGC-b01,TATCAGGTCACTGGGC-b01,1083,mixed,Murray_b01,0.84174824858821,620,620,580-650,580-650,ABalppppaad/ABpraaapaad,685,ADL,-9.94849957170111,-8.63763082894385,-3.02623191348762,-2.91148333163742,-5.48773377533608,-6.19634748121382,-5.54729506803377,20,620,0.77037185,16.141901,2.4474742
Selection 1,CGTGTAATCAACGGGA-b01,CGTGTAATCAACGGGA-b01,1570,mixed,Murray_b01,1.22026292731624,200,620,580-650,170-210,ABalppppaad/ABpraaapaad,915,ADL,2.99539517070227,0.606870192131869,-2.51944677309562,-3.20396873758092,2.81180608995706,0.336354288159405,-0.209039517600914,20,620,0.51398027,16.23575,2.7439156
Selection 1,ACTGAGTCAAACAACA-r17,ACTGAGTCAAACAACA-r17,832,mixed,Murray_r17,0.646661627724276,620,640,580-650,580-650,ABalppppaad/ABpraaapaad,555,ADL,-2.67954195126035,-0.73458705950889,-0.305035472941356,0.520921786038487,1.2951575520596,-0.130969208425014,-2.1495704123194,20,640,0.7487532,16.386868,2.678237
Selection 1,CGCTTCAAGGACCACA-b02,CGCTTCAAGGACCACA-b02,883,mixed,Murray_b02,0.686300741923721,630,550,510-580,580-650,ABalppppaad/ABpraaapaad,584,ADL,-8.46179349304395,-8.16855168479137,-3.69999035563782,-3.36113283726118,-4.76377323593132,-5.07979308499781,-3.20913427334072,20,550,0.7977373,16.176441,2.4189744
Selection 1,TTTATGCAGAAGGGTA-400.2.2,TTTATGCAGAAGGGTA-400.2.2,1965,400_minutes,Waterston_400_minutes,1.52727175297861,450,490,450-510,450-510,ABalppppaad/ABpraaapaad,968,ADL,-7.65441171069126,-6.02893864234732,-3.22702195147435,-3.76402036260423,-5.27055339766693,-7.59847704303075,-8.49683609651134,12,490,0.58242816,16.176592,3.9840991
Selection 1,TTATGCTGTCGGATCC-400.2.1,TTATGCTGTCGGATCC-400.2.1,1864,400_minutes,Waterston_400_minutes,1.44877076211304,620,585,580-650,580-650,ABalppppaad/ABpraaapaad,884,ADL,-11.8138841727924,-8.74844411472186,-2.65122503122432,-3.2033720630319,-6.79062296702808,-9.42821088532983,-10.9324602802391,20,585,0.80065656,16.14122,2.4580948
Selection 1,ACCGTAAGTATAATGG-400.2.2,ACCGTAAGTATAATGG-400.2.2,1593,400_minutes,Waterston_400_minutes,1.23813939058266,490,450,450-510,450-510,ABalppppaad/ABpraaapaad,807,ADL,-8.80759440844466,-7.01230481629913,-3.34364984963884,-3.73649768478875,-4.94069268082797,-7.1774593447135,-7.65414464584412,12,450,0.6174502,16.170713,3.878553
Selection 1,CGTCACTAGTCAATAG-400.2.2,CGTCACTAGTCAATAG-400.2.2,1363,400_minutes,Waterston_400_minutes,1.0593747579185,490,490,450-510,450-510,ABalppppaad/ABpraaapaad,751,ADL,-9.6523849650825,-7.63888602258624,-3.42515770537914,-3.9808310008429,-5.73492150602019,-8.62707735459547,-9.55149994978178,12,490,0.59716314,16.184643,3.8647501
Selection 1,ACGGGCTTCAACACCA-b01,ACGGGCTTCAACACCA-b01,818,mixed,Murray_b01,0.635780302257761,640,585,580-650,580-650,ABalppppaad/ABpraaapaad,545,ADL,-8.06242586586198,-6.21812547800367,-0.262101962463807,-0.731173280690588,-4.28334345629262,-3.84842354247665,-2.77572832179829,20,585,0.7654699,16.30061,2.4104855
Selection 1,TGGTTAGCAAGCCATT-b01,TGGTTAGCAAGCCATT-b01,2154,mixed,Murray_b01,1.67416964677655,550,620,580-650,510-580,ABalppppaad/ABpraaapaad,1218,ADL,-5.71568860195495,-3.8659631380333,0.46094872178508,1.07657273632559,-2.20801203654215,-1.00764510343214,-0.549087818332621,20,620,0.77073556,16.29892,2.3134527
Selection 1,CGTGAGCCAATCACAC-b01,CGTGAGCCAATCACAC-b01,983,mixed,Murray_b01,0.764024495255965,640,585,580-650,580-650,ABalppppaad/ABpraaapaad,607,ADL,-9.23741629233762,-7.91424604775788,-4.24302221436896,-3.09199818414091,-5.03128080838256,-5.199500191953,-4.58393629340343,20,585,0.78343934,16.20146,2.3073063
Selection 1,CGACTTCAGTAGATGT-400.2.1,CGACTTCAGTAGATGT-400.2.1,2954,400_minutes,Waterston_400_minutes,2.29595967343451,620,550,510-580,580-650,ABalppppaad/ABpraaapaad,1332,ADL,-9.51605941560612,-6.55131524160878,-1.7134728566993,-2.94269321724738,-5.36148916909805,-7.27888395860728,-8.03311515685117,20,550,0.7996157,16.16306,2.2298253
Selection 1,GTAGTCATCTGAGGGA-b01,GTAGTCATCTGAGGGA-b01,1102,mixed,Murray_b01,0.856515761721336,450,470,450-510,450-510,ABalppppaad/ABpraaapaad,654,ADL,-7.21229978046658,-6.56930473702577,-3.37028755222976,-2.84642134662229,-3.99299704694198,-5.65627499209147,-5.49573366909417,12,470,0.58649087,16.160437,4.092537
Selection 1,TCACGAAGTCCGCTGA-400.2.3,TCACGAAGTCCGCTGA-400.2.3,1355,400_minutes,Waterston_400_minutes,1.05315685765192,490,450,450-510,450-510,ABalppppaad/ABpraaapaad,703,ADL,-9.13311585395238,-7.16107661578557,-2.75008875297916,-3.54140987616248,-6.1713218030111,-8.6209427346049,-9.55112045291676,12,450,0.5960233,16.111881,4.057657
Selection 1,TATCTCAAGTACGCCC-500.2.1,TATCTCAAGTACGCCC-500.2.1,1339,500_minutes,Waterston_500_minutes_batch_2,1.04072105711876,490,490,450-510,450-510,ABalppppaad/ABpraaapaad,914,ADL,-10.0263280752549,-6.16523720520369,3.33872329168321,5.18081962975675,-5.81563974622703,-2.07526058836835,-1.25505335242375,20,490,0.54257953,15.406307,3.6142645
Selection 1,AAACGGGTCGAATGGG-500.2.1,AAACGGGTCGAATGGG-500.2.1,849,500_minutes,Waterston_500_minutes_batch_2,0.659874665790757,490,490,450-510,450-510,ABalppppaad/ABpraaapaad,560,ADL,-9.96926989491106,-6.62179880656105,2.62356251051405,4.86655603427494,-5.91969546786537,-3.46369805173933,-3.48556255318352,20,490,0.6089991,15.41209,3.440193
Selection 1,CACCAGGGTGAGGCTA-500.2.2,CACCAGGGTGAGGCTA-500.2.2,1440,500_minutes,Waterston_500_minutes_batch_2,1.11922204798432,490,490,450-510,450-510,ABalppppaad/ABpraaapaad,876,ADL,-8.26129573089223,-4.03092893444485,4.76030596686037,8.5040369311716,-3.89632902996132,1.19183509723809,1.13240863458519,20,490,0.61804485,15.405382,3.2986083
Selection 1,CCGTGGAGTCAGAGGT-500.2.2,CCGTGGAGTCAGAGGT-500.2.2,1395,500_minutes,Waterston_500_minutes_batch_2,1.08424635898481,620,585,580-650,580-650,ABalppppaad/ABpraaapaad,869,ADL,-10.5802877996789,-3.49009805621623,9.00926147353537,10.6969012371808,-4.49726668272337,0.305390084251348,-1.14997152636699,20,585,0.7309655,15.478925,2.2130482
Selection 1,GGGTTGCAGTACTTGC-500.2.2,GGGTTGCAGTACTTGC-500.2.2,1113,500_minutes,Waterston_500_minutes_batch_2,0.865065374587883,450,490,450-510,450-510,ABalppppaad/ABpraaapaad,678,ADL,-9.86005490037142,-6.55310482625683,2.17110726876573,2.9750219628205,-6.69139837392964,-5.56080082208024,-5.97752527267049,20,490,0.52822846,15.473234,4.017897
Selection 1,ACTTTCAAGCACAGGT-500.2.2,ACTTTCAAGCACAGGT-500.2.2,849,500_minutes,Waterston_500_minutes_batch_2,0.659874665790757,830,550,510-580,> 650,ABalppppaad/ABpraaapaad,585,ADL,-7.88574698857235,-1.17141554194224,11.6005606718115,14.1262866350261,-3.04341583066666,5.05097407272462,5.29189253744523,20,550,0.6667945,15.28653,2.642909
Selection 1,CCTTTCTAGTTTCCTT-500.2.1,CCTTTCTAGTTTCCTT-500.2.1,1219,500_minutes,Waterston_500_minutes_batch_2,0.947452553120063,490,470,450-510,450-510,ABalppppaad/ABpraaapaad,771,ADL,-9.5739705505192,-5.59059609328428,3.69212540565919,6.21564257696322,-4.57652205544063,-1.52756129724867,-1.69552023755489,20,470,0.6098419,15.469109,3.3009417
Selection 1,TGACAACGTTCGCGAC-500.2.1,TGACAACGTTCGCGAC-500.2.1,1116,500_minutes,Waterston_500_minutes_batch_2,0.867397087187851,490,490,450-510,450-510,ABalppppaad/ABpraaapaad,717,ADL,-9.71245759507054,-6.24506117793867,3.10955919143433,4.72773602455383,-5.80471378009006,-3.24673731054164,-2.9294088615665,20,490,0.6483893,15.438826,3.0960257
Selection 1,CCACGGAGTACAAGTA-500.2.1,CCACGGAGTACAAGTA-500.2.1,1738,500_minutes,Waterston_500_minutes_batch_2,1.35083883291441,490,520,510-580,450-510,ABalppppaad/ABpraaapaad,976,ADL,-11.9532211507001,-8.05355541871528,1.27679671895441,2.76689888234855,-6.91919702266002,-5.4533522078029,-5.42414081359205,20,520,0.6451376,15.470426,2.894673
Selection 1,AACTCAGAGATCACGG-500.2.1,AACTCAGAGATCACGG-500.2.1,1217,500_minutes,Waterston_500_minutes_batch_2,0.945898078053418,490,530,510-580,450-510,ABalppppaad/ABpraaapaad,750,ADL,-11.2631061862498,-7.20867208019156,2.95424854148834,5.22816526958283,-6.42166370932138,-4.00058444071602,-4.72742289685848,20,530,0.66787505,15.438648,2.8038173
Selection 1,AGAGCGAAGTCCTCCT-500.2.2,AGAGCGAAGTCCTCCT-500.2.2,1406,500_minutes,Waterston_500_minutes_batch_2,1.09279597185136,490,490,450-510,450-510,ABalppppaad/ABpraaapaad,880,ADL,-9.07086238423773,-3.75087267201883,6.84851169191665,9.49759877010164,-4.25631753605666,-0.214847852234727,-1.25950255155375,20,490,0.6397166,15.392641,3.1552515
Selection 1,CTGGTCTGTCTAAAGA-500.2.1,CTGGTCTGTCTAAAGA-500.2.1,866,500_minutes,Waterston_500_minutes_batch_2,0.673087703857239,550,490,450-510,510-580,ABalppppaad/ABpraaapaad,624,ADL,-3.64865525713041,6.04034166563679,15.7418958522976,16.5108144747951,2.32230659978914,13.1731614597623,11.2379534272504,20,490,0.6985934,15.409969,2.7206895
Selection 1,ACTGAGTTCTGCCAGG-500.2.2,ACTGAGTTCTGCCAGG-500.2.2,957,500_minutes,Waterston_500_minutes_batch_2,0.743816319389582,510,490,450-510,510-580,ABalppppaad/ABpraaapaad,612,ADL,-9.33290618673169,-5.37094813956586,4.18464835824958,5.64357397890724,-5.36631356584482,-2.72997591770677,-3.17512401490298,20,490,0.64434385,15.356443,3.0578716
Selection 1,TTGGCAAGTGCTGTAT-500.2.1,TTGGCAAGTGCTGTAT-500.2.1,1211,500_minutes,Waterston_500_minutes_batch_2,0.941234652853483,490,550,510-580,450-510,ABalppppaad/ABpraaapaad,768,ADL,-8.57771779231014,-2.83942673424381,7.21096101203567,8.37828539627519,-3.7870320191087,-0.462397892782363,-1.75122637774729,20,550,0.6856277,15.3658085,2.9590254
Selection 1,GTCGGGTTCGTCGTTC-500.2.2,GTCGGGTTCGTCGTTC-500.2.2,1063,500_minutes,Waterston_500_minutes_batch_2,0.826203497921761,450,450,450-510,450-510,ABalppppaad/ABpraaapaad,678,ADL,-9.58599115155718,-5.32344340243794,3.53716959952431,4.89941023791543,-5.29875392823228,-2.97249338057633,-2.91934006486273,20,450,0.55104923,15.42167,3.831664
Selection 1,CAGCTGGTCACTGGGC-500.2.2,CAGCTGGTCACTGGGC-500.2.2,1360,500_minutes,Waterston_500_minutes_batch_2,1.05704304531853,490,490,450-510,450-510,ABalppppaad/ABpraaapaad,898,ADL,-7.94427645696324,-0.34694120638791,13.7857520159359,17.1625065735664,-2.68137624584485,5.98369720508914,5.3523512282288,20,490,0.62879676,15.362493,2.9661682
Selection 1,ACTTTCAGTAAACACA-500.2.2,ACTTTCAGTAAACACA-500.2.2,745,500_minutes,Waterston_500_minutes_batch_2,0.579041962325223,490,520,510-580,450-510,ABalppppaad/ABpraaapaad,488,ADL,-9.44150387016385,-6.14682883490732,3.4344717743411,5.65774519140749,-5.83642721630495,-2.74914965991652,-2.82049237905287,20,520,0.6697078,15.489001,2.8666296
Selection 1,ATTGGTGGTGTGTGCC-500.2.1,ATTGGTGGTGTGTGCC-500.2.1,1044,500_minutes,Waterston_500_minutes_batch_2,0.811435984788635,490,490,450-510,450-510,ABalppppaad/ABpraaapaad,652,ADL,-10.2284858726908,-6.57170445704168,2.68990693245014,3.95017125238232,-6.10480088807397,-4.34663549471443,-4.40700488918516,20,490,0.59232885,15.501,3.5726802
Selection 1,CGTAGGCTCATATCGG-500.2.1,CGTAGGCTCATATCGG-500.2.1,1086,500_minutes,Waterston_500_minutes_batch_2,0.844079961188177,550,500,450-510,510-580,ABalppppaad/ABpraaapaad,701,ADL,-9.2687005492563,-4.54066077594299,4.85347338791615,7.60033101968831,-4.40429793738191,-0.328487972242424,-0.75553976901598,20,500,0.6536786,15.500275,2.9774768
Selection 1,TGACAACGTTTGACAC-500.2.2,TGACAACGTTTGACAC-500.2.2,1498,500_minutes,Waterston_500_minutes_batch_2,1.16430182491703,450,450,450-510,450-510,ABalppppaad/ABpraaapaad,891,ADL,-8.81707610178767,-6.74894632215913,-0.263144949279336,1.35908147556882,-5.58184062667518,-4.60957640285618,-4.50850762739679,12,450,0.5420944,15.519074,4.033684
Selection 1,CTAGTGAAGATAGCAT-500.1.1,CTAGTGAAGATAGCAT-500.1.1,1896,500_minutes,Waterston_500_minutes_batch_1,1.47364236317936,510,450,450-510,510-580,ABalppppaad/ABpraaapaad,1074,ADL,-10.0708243359418,-6.67491477586438,1.61870213363641,1.65716523150414,-6.33980973526425,-4.79704822454186,-4.25713314879995,12,450,0.5786813,15.507011,3.778108
Selection 1,TCAACGACACCGAATT-500.2.2,TCAACGACACCGAATT-500.2.2,1086,500_minutes,Waterston_500_minutes_batch_2,0.844079961188177,510,550,510-580,510-580,ABalppppaad/ABpraaapaad,682,ADL,-9.58579997829,-5.79189909076993,2.67574247443955,4.02454721150222,-4.90475822273402,-3.21237473856487,-3.81111883822587,20,550,0.72232205,15.53055,2.512448
Selection 1,CTCGGAGCACCGGAAA-500.2.1,CTCGGAGCACCGGAAA-500.2.1,1113,500_minutes,Waterston_500_minutes_batch_2,0.865065374587883,620,490,450-510,580-650,ABalppppaad/ABpraaapaad,715,ADL,-9.3979660882736,-5.7943275189925,2.72377418359838,3.62958725937338,-6.03784640772661,-4.00649334476727,-4.49643566394839,20,490,0.6223378,15.507034,3.3351073
Selection 1,CGAGAAGTCACCACCT-500.2.1,CGAGAAGTCACCACCT-500.2.1,1106,500_minutes,Waterston_500_minutes_batch_2,0.859624711854626,550,470,450-510,510-580,ABalppppaad/ABpraaapaad,703,ADL,-9.31815995659809,-5.64126930271685,3.00996934976583,5.66749145070441,-4.62905499037015,-2.11357170883444,-2.47722729360652,20,470,0.59093654,15.494916,3.491573
Selection 1,ACACCAACAATACGCT-500.1.1,ACACCAACAATACGCT-500.1.1,4911,500_minutes,Waterston_500_minutes_batch_1,3.81701352614654,450,490,450-510,450-510,ABalppppaad/ABpraaapaad,1842,ADL,-12.4388009852914,-8.50563198464265,0.271460481083134,0.0654050651816827,-8.24681693824768,-7.14635828358351,-6.22777026242122,12,490,0.62158126,15.494157,3.7237413
Selection 1,CGGACACAGCCTCGTG-500.2.2,CGGACACAGCCTCGTG-500.2.2,1335,500_minutes,Waterston_500_minutes_batch_2,1.03761210698547,450,450,450-510,450-510,ABalppppaad/ABpraaapaad,789,ADL,-8.9616512645135,-3.90830826777109,5.70961065499284,8.43870293362686,-4.15645873449731,-0.162816400812155,-0.998739188895868,20,450,0.5950277,15.491919,3.6323268
Selection 1,AACCGCGTCACAGGCC-500.1.1,AACCGCGTCACAGGCC-500.1.1,1353,500_minutes,Waterston_500_minutes_batch_1,1.05160238258527,550,500,450-510,510-580,ABalppppaad/ABpraaapaad,808,ADL,-9.93984319497995,-5.62872642162393,2.90156753395591,2.69173989117833,-5.28328379348742,-3.9085139523808,-3.95598079621391,20,500,0.6704439,15.532761,3.2049792
Selection 1,CACCACTTCTTGCATT-500.1.1,CACCACTTCTTGCATT-500.1.1,2121,500_minutes,Waterston_500_minutes_batch_1,1.64852080817691,550,490,450-510,510-580,ABalppppaad/ABpraaapaad,1083,ADL,-10.1188158215088,-4.30477629978732,6.12679975886852,4.94792906501835,-5.48430998401066,-3.83960014149724,-4.7399501109012,20,490,0.663653,15.607596,3.3178263
Selection 1,GTACGTAGTCATGCCG-500.2.1,GTACGTAGTCATGCCG-500.2.1,1063,500_minutes,Waterston_500_minutes_batch_2,0.826203497921761,490,450,450-510,450-510,ABalppppaad/ABpraaapaad,675,ADL,-10.60766670027,-6.85105801925098,3.51958949898996,5.08608258989562,-7.08294030077862,-4.54054609551066,-4.77992234475489,20,450,0.61103404,15.541079,3.4352465
Selection 1,CTACGTCGTATTAGCC-500.1.1,CTACGTCGTATTAGCC-500.1.1,6022,500_minutes,Waterston_500_minutes_batch_1,4.68052442566777,550,550,510-580,510-580,ABalppppaad/ABpraaapaad,2191,ADL,-13.980647013073,-8.9031065955046,1.82016872220272,0.879781188714054,-8.69797979326698,-7.20716890495983,-7.2186685950833,20,550,0.7033102,15.566712,2.4651048
Selection 1,GGACATTCAGCGATCC-500.2.2,GGACATTCAGCGATCC-500.2.2,1326,500_minutes,Waterston_500_minutes_batch_2,1.03061696918556,550,550,510-580,510-580,ABalppppaad/ABpraaapaad,822,ADL,-11.4167387469666,-7.90224784914292,1.95050493648904,4.84641258423705,-6.64434587698051,-3.07302506321731,-2.55404641143853,20,550,0.73189616,15.59555,2.2985225
Selection 1,CTCTGGTAGTGTACGG-500.1.1,CTCTGGTAGTGTACGG-500.1.1,1086,500_minutes,Waterston_500_minutes_batch_1,0.844079961188177,490,470,450-510,450-510,ABalppppaad/ABpraaapaad,677,ADL,-7.57205712457694,-2.87756239999855,5.36178899198546,4.69424644665834,-4.06554325884105,-1.94062765961972,-2.67024293632916,12,470,0.5442644,15.573269,4.021877
Selection 1,ACTTTCAGTAAACGCG-500.1.1,ACTTTCAGTAAACGCG-500.1.1,1774,500_minutes,Waterston_500_minutes_batch_1,1.37881938411402,450,470,450-510,450-510,ABalppppaad/ABpraaapaad,910,ADL,-10.8983643778002,-6.53302890538662,2.59444399343397,2.44781514911432,-6.8558808050525,-5.58280194484364,-5.84369792354857,12,470,0.5730613,15.58294,3.9105363
Selection 1,ACTGTCCGTCTCAACA-500.1.1,ACTGTCCGTCTCAACA-500.1.1,1927,500_minutes,Waterston_500_minutes_batch_1,1.49773672671236,450,490,450-510,450-510,ABalppppaad/ABpraaapaad,937,ADL,-12.2748132970868,-8.19723756214246,0.90498599692531,0.176508866446021,-8.225742877189,-8.32929282590658,-8.88211333087987,12,490,0.63880295,15.631439,3.6286933
Selection 1,TGACTAGCATGTTGAC-500.1.1,TGACTAGCATGTTGAC-500.1.1,5600,500_minutes,Waterston_500_minutes_batch_1,4.3525301866057,450,450,450-510,450-510,ABalppppaad/ABpraaapaad,2194,ADL,-10.5999794955289,-6.47848293572328,1.79222761659928,0.996247897028533,-6.79346796688735,-5.74369027633373,-5.42020825332068,12,450,0.5878234,15.534693,3.9240437
Selection 1,TTCTACACAGGTCGTC-500.2.2,TTCTACACAGGTCGTC-500.2.2,1378,500_minutes,Waterston_500_minutes_batch_2,1.07103332091833,450,470,450-510,450-510,ABalppppaad/ABpraaapaad,857,ADL,-8.08850765273788,-4.55134863431388,3.27766670206094,4.35863329280179,-4.53353024964801,-2.20057068011307,-1.93914513157836,20,470,0.5846158,15.6111765,3.7279165
Selection 1,TCAGGATTCTTCCTTC-500.1.1,TCAGGATTCTTCCTTC-500.1.1,1503,500_minutes,Waterston_500_minutes_batch_1,1.16818801258364,450,450,450-510,450-510,ABalppppaad/ABpraaapaad,804,ADL,-9.74357952740533,-5.44971478710868,2.12906673278837,2.06269592301988,-5.83638769046232,-4.30034880201164,-4.86227931181598,12,450,0.6022654,15.633401,3.768591
Selection 1,GCATACAAGGTAGCTG-500.1.1,GCATACAAGGTAGCTG-500.1.1,969,500_minutes,Waterston_500_minutes_batch_1,0.753143169789451,640,550,510-580,580-650,ABalppppaad/ABpraaapaad,596,ADL,-10.9063474810969,-6.94036070547589,2.21443747780245,0.987451791468988,-6.84579129489029,-5.82376538123396,-5.64425268032645,20,550,0.7058521,15.686472,2.7212734
Selection 1,GTGTTAGAGGGTCTCC-500.1.1,GTGTTAGAGGGTCTCC-500.1.1,1904,500_minutes,Waterston_500_minutes_batch_1,1.47986026344594,490,520,510-580,450-510,ABalppppaad/ABpraaapaad,953,ADL,-10.5014528619575,-6.14846129797592,2.38237867904799,1.72396362458719,-6.46909993755317,-5.44702937793301,-5.94070939939097,20,520,0.6437508,15.720855,3.2681565
Selection 1,GAACATCAGTACGTTC-500.2.2,GAACATCAGTACGTTC-500.2.2,1532,500_minutes,Waterston_500_minutes_batch_2,1.19072790104999,450,490,450-510,450-510,ABalppppaad/ABpraaapaad,861,ADL,-9.52681057458366,-6.96471020766769,-0.72349762287072,0.928130919796474,-5.50130412176736,-5.03181364321464,-5.26082511152658,20,490,0.59055096,15.732074,3.8262422
Selection 1,GACGTGCAGCGATATA-500.2.1,GACGTGCAGCGATATA-500.2.1,1117,500_minutes,Waterston_500_minutes_batch_2,0.868174324721173,510,550,510-580,510-580,ABalppppaad/ABpraaapaad,684,ADL,-10.5977902307653,-7.47011823521952,0.774829802166487,2.57036966100709,-6.28122964382486,-4.59845563140083,-4.74797976446014,20,550,0.7304006,15.709746,2.4195476
Selection 1,CTCACACTCAATCTCT-500.2.1,CTCACACTCAATCTCT-500.2.1,1353,500_minutes,Waterston_500_minutes_batch_2,1.05160238258527,550,620,580-650,510-580,ABalppppaad/ABpraaapaad,881,ADL,-9.4450396798275,-3.19035342618946,8.79305338781436,11.269158621842,-4.72897615908293,0.92475139401144,0.0772892276432271,20,620,0.73254156,15.716288,2.3055284
Selection 1,GCAATCAGTAAACGCG-500.2.1,GCAATCAGTAAACGCG-500.2.1,986,500_minutes,Waterston_500_minutes_batch_2,0.766356207855933,550,550,510-580,510-580,ABalppppaad/ABpraaapaad,636,ADL,-9.57408648637661,-5.4877316798565,3.34376994946717,3.84940267428389,-5.32947576785494,-4.58501388035935,-5.63899904756617,20,550,0.6735237,15.672294,2.8345609
Selection 1,GCATGATAGTAGGCCA-500.1.1,GCATGATAGTAGGCCA-500.1.1,2456,500_minutes,Waterston_500_minutes_batch_1,1.90889538183993,550,550,510-580,510-580,ABalppppaad/ABpraaapaad,1238,ADL,-11.783203916451,-7.43775310579907,2.13278151379161,1.0961515174254,-7.49838712533635,-7.40198178052277,-8.18083837731873,20,550,0.7240255,15.7465105,2.7161388
Selection 1,ACGGGTCTCAGTCAGT-b02,ACGGGTCTCAGTCAGT-b02,733,mixed,Murray_b02,0.569715111925354,450,490,450-510,450-510,ABalppppaad/ABpraaapaad,508,ADL,-5.55821476586469,-5.60220446441543,-2.85501806704768,-1.79584855792939,-3.3726002846231,-2.17100586804027,-0.299479365053301,20,490,0.56599134,15.766339,3.6890786
Selection 1,CTTCTCTGTCTTGCGG-500.2.2,CTTCTCTGTCTTGCGG-500.2.2,1222,500_minutes,Waterston_500_minutes_batch_2,0.94978426572003,490,550,510-580,450-510,ABalppppaad/ABpraaapaad,780,ADL,-10.2131857674097,-6.75991037024413,1.92107263793023,2.77744583537498,-6.13561523310464,-4.45559843945341,-4.2530912136411,20,550,0.68232846,15.776927,2.9063148
Selection 1,GTCACGGGTAGCGATG-b01,GTCACGGGTAGCGATG-b01,883,mixed,Murray_b01,0.686300741923721,490,520,510-580,450-510,ABalppppaad/ABpraaapaad,581,ADL,-9.22193789263554,-7.10333996507516,-2.45971393565145,-1.3286970712543,-4.25014889520354,-4.09706041020144,-3.00958674590855,20,520,0.64028496,15.785575,3.173186
Selection 1,CCGTTCATCATCTGCC-b01,CCGTTCATCATCTGCC-b01,1091,mixed,Murray_b01,0.84796614885479,370,380,330-390,330-390,ABalppppaad/ABpraaapaad,745,ADL,1.20255426706633,0.404343761008129,-1.41055277396911,-0.10331327303063,2.42494895099476,2.15935259464582,2.6484087437928,12,380,0.2824708,14.692134,6.7716136
Selection 1,GAAATGAGTCTCTTTA-500.1.1,GAAATGAGTCTCTTTA-500.1.1,4067,500_minutes,Waterston_500_minutes_batch_1,3.16102504802239,370,390,390-450,330-390,ABalppppaad/ABpraaapaad,1755,ADL,-0.862733297115394,0.0786597873328457,1.67887644762815,0.872026269082466,-1.03587337592178,-0.846935442883394,-0.795232236060562,12,390,0.3044619,14.947937,5.8623867
Selection 1,GGGTTGCAGGTAGCCA-500.1.1,GGGTTGCAGGTAGCCA-500.1.1,847,500_minutes,Waterston_500_minutes_batch_1,0.658320190724113,340,380,330-390,330-390,ABalppppaad/ABpraaapaad,519,ADL,-0.575774578492417,1.53790989493193,4.73684191326981,3.21026369667345,-0.998004506904478,0.129776556826667,0.0679807534243768,12,380,0.30570945,14.692312,6.4493175
Selection 1,CTCGTCATCAGATAAG-400.2.3,CTCGTCATCAGATAAG-400.2.3,974,400_minutes,Waterston_400_minutes,0.757029357456063,370,370,330-390,330-390,ABalppppaad/ABpraaapaad,643,ADL,-2.08796266548177,-2.27909676838503,-2.78675956457632,-3.15681194008515,-1.90403926830888,-3.63699104469743,-3.3309187314958,12,370,0.31471634,14.715837,6.4123783
Selection 1,GTATCTTAGGGAAACA-b01,GTATCTTAGGGAAACA-b01,731,mixed,Murray_b01,0.568160636858709,350,380,330-390,330-390,ABalppppaad/ABpraaapaad,508,ADL,-0.250440965088472,-1.08212211303118,-2.24482523402493,-2.22071229136723,-0.269254559789022,-1.85739489943877,-2.1204328973241,12,380,0.31491682,14.825858,6.3922224
Selection 1,CATGACACATTAACCG-300.1.1,CATGACACATTAACCG-300.1.1,1693,300_minutes,Waterston_300_minutes,1.3158631439149,370,380,330-390,330-390,ABalppppaad/ABpraaapaad,867,ADL,-2.26241140829765,-2.16014655649968,-2.47831201909306,-2.75835410583419,-2.51666531960129,-3.80169833952193,-3.42923185262401,12,380,0.2944125,14.834367,6.756978
Selection 1,TCCACACTCGAGAGCA-400.2.3,TCCACACTCGAGAGCA-400.2.3,3744,400_minutes,Waterston_400_minutes,2.90997732475924,390,385,330-390,390-450,ABalppppaad/ABpraaapaad,1611,ADL,-4.49385623672666,-4.18826307777335,-3.13133642779562,-3.58434797674061,-3.82573981335876,-5.18346400935502,-4.48256954237904,12,385,0.30117473,14.86076,6.27746
Selection 1,TGCGGGTTCGGACAAG-b01,TGCGGGTTCGGACAAG-b01,1423,mixed,Murray_b01,1.10600900991784,330,450,450-510,330-390,ABalppppaad/ABpraaapaad,834,ADL,-1.08825775026061,-2.4410109326878,-3.93448650875381,-3.88545534526649,-1.23744074685247,-2.88795621516215,-2.52265142355603,12,450,0.33765948,15.167703,5.715862
Selection 1,AAAGTAGGTCACTGGC-500.1.3,AAAGTAGGTCACTGGC-500.1.3,2031,500_minutes,Waterston_500_minutes_batch_1,1.57856943017789,390,380,330-390,390-450,ABalppppaad/ABpraaapaad,1051,ADL,-3.59760961448116,-3.42190052943511,-2.73777391223906,-2.60981125399392,-2.91609958755776,-4.42334089804365,-4.25256668659645,12,380,0.3171646,15.160542,6.912691
Selection 1,GGGCACTGTTGTCGCG-300.1.3,GGGCACTGTTGTCGCG-300.1.3,1562,300_minutes,Waterston_300_minutes,1.21404502704966,380,380,330-390,330-390,ABalppppaad/ABpraaapaad,901,ADL,-2.72533254179443,-3.40949437144724,-4.04317348942769,-4.19568748839317,-2.84307032563186,-5.3285481522651,-5.28854972057425,12,380,0.3321967,15.084385,6.6660876
Selection 1,CTGCTGTCAGAGTGTG-300.1.1,CTGCTGTCAGAGTGTG-300.1.1,1777,300_minutes,Waterston_300_minutes,1.38115109671399,390,380,330-390,390-450,ABalppppaad/ABpraaapaad,1011,ADL,-1.84589205884906,-2.19389931896852,-2.87126871413719,-3.30344211199499,-1.51174281938364,-3.59414100016897,-3.60905375434364,12,380,0.3383089,15.10841,6.124943
Selection 1,GCAGTTACAAGAGGCT-b01,GCAGTTACAAGAGGCT-b01,908,mixed,Murray_b01,0.705731680256782,380,360,330-390,330-390,ABalppppaad/ABpraaapaad,643,ADL,-0.984692976157989,-1.2311942893483,-1.54489735217413,-1.48573564258068,-0.802407757521798,-1.90655670990864,-1.55918740883013,12,360,0.2972792,14.523065,6.5754113
Selection 1,CCTTACGGTCGATTGT-500.1.1,CCTTACGGTCGATTGT-500.1.1,3510,500_minutes,Waterston_500_minutes_batch_1,2.72810374196179,380,370,330-390,330-390,ABalppppaad/ABpraaapaad,1593,ADL,-2.65664676111217,-1.4622379131179,0.774451219032306,-0.0501778612398684,-2.48258576657539,-2.03833226638951,-1.34877889543747,12,370,0.2514773,14.440341,6.140535
Selection 1,GAGGTGAGTGTGAAAT-300.1.3,GAGGTGAGTGTGAAAT-300.1.3,3300,300_minutes,Waterston_300_minutes,2.56488385996407,380,365,330-390,330-390,ABalppppaad/ABpraaapaad,1537,ADL,-2.28782260433541,-3.21708647625253,-3.71820258491138,-3.91235533598832,-3.5361793167813,-4.9915365334302,-4.35656508177547,12,365,0.24768634,14.458321,6.440294
Selection 1,GCCTCTATCAGTCAGT-500.2.1,GCCTCTATCAGTCAGT-500.2.1,1924,500_minutes,Waterston_500_minutes_batch_2,1.49540501411239,360,375,330-390,330-390,ABalppppaad/ABpraaapaad,1163,ADL,-3.04919900777927,-0.72362335294805,4.77699394020156,6.0363469049571,-2.16698372847984,0.9507428971351,1.41920522827595,12,375,0.25649709,14.543341,5.947357
Selection 1,CGTTAGACAAGCGTAG-500.1.2,CGTTAGACAAGCGTAG-500.1.2,1225,500_minutes,Waterston_500_minutes_batch_1,0.952115978319997,350,370,330-390,330-390,ABalppppaad/ABpraaapaad,733,ADL,-1.31990295065732,-1.62605589501037,-1.32161909720146,-1.58739363386689,-1.88645752395158,-2.32345957628948,-1.75661738493773,12,370,0.2897884,14.435617,6.752191
Selection 1,TCTTCGGCAATTCCTT-400.2.3,TCTTCGGCAATTCCTT-400.2.3,3179,400_minutes,Waterston_400_minutes,2.47083811843206,390,370,330-390,390-450,ABalppppaad/ABpraaapaad,1463,ADL,-2.21498448179792,-2.41933517914302,-3.34576677637072,-3.75723210971852,-2.38464311687959,-4.72378752557951,-4.92022225161247,12,370,0.3024588,14.935718,6.6769004
Selection 1,GCGAGAACACCAGATT-b01,GCGAGAACACCAGATT-b01,1104,mixed,Murray_b01,0.858070236787981,390,410,390-450,390-450,ABalppppaad/ABpraaapaad,732,ADL,-0.422024916897887,-0.285190442110345,-0.822741662512766,0.102860427843235,1.50785943240817,1.50625264221968,1.64437244416408,12,410,0.36353534,15.143335,5.604258
Selection 1,CGTCAGGCACGGACAA-b01,CGTCAGGCACGGACAA-b01,1168,mixed,Murray_b01,0.907813438920618,420,405,390-450,390-450,ABalppppaad/ABpraaapaad,769,ADL,-1.87001393381141,-0.0863412090315545,0.756141455690536,0.805628694512315,0.649169968972213,1.46069458441047,1.34846834655988,12,405,0.36466104,15.132621,5.5397043
Selection 1,GATCGATAGAGGTTGC-500.1.1,GATCGATAGAGGTTGC-500.1.1,1380,500_minutes,Waterston_500_minutes_batch_1,1.07258779598498,390,385,330-390,390-450,ABalppppaad/ABpraaapaad,818,ADL,-4.72282128459265,-3.24474988943037,0.370832917707747,-0.0615502937353305,-3.40182313628933,-3.16111073572029,-2.63207870504012,12,385,0.34876832,15.225281,5.678109
Selection 1,ACTATCTCAAACGTGG-300.1.1,ACTATCTCAAACGTGG-300.1.1,1388,300_minutes,Waterston_300_minutes,1.07880569625156,420,405,390-450,390-450,ABalppppaad/ABpraaapaad,847,ADL,-4.28598756069855,-4.27800309360023,-3.91874371889979,-4.05773267809507,-3.45606903884211,-5.83328780541328,-5.86456783076802,12,405,0.3166366,15.192704,6.2739925
Selection 1,CGATCGGGTCAGAAGC-b01,CGATCGGGTCAGAAGC-b01,911,mixed,Murray_b01,0.708063392856749,380,385,330-390,330-390,ABalppppaad/ABpraaapaad,653,ADL,-1.10627443938928,-0.63860299192495,-0.562625736472824,-0.0338242934964143,0.192349685195765,0.349298525736211,0.740803251682826,12,385,0.33106747,14.899719,6.039421
Selection 1,CAGAGAGGTTCTGTTT-400.2.3,CAGAGAGGTTCTGTTT-400.2.3,2332,400_minutes,Waterston_400_minutes,1.81251792770795,340,390,390-450,330-390,ABalppppaad/ABpraaapaad,1228,ADL,-1.19615793811133,-2.21514281476062,-4.11773064024719,-4.14614749757907,-1.50343336924365,-4.02155851929539,-4.35667451003942,12,390,0.28577784,14.97103,6.663175
Selection 1,GCTTCCAAGGGATACC-b01,GCTTCCAAGGGATACC-b01,810,mixed,Murray_b01,0.629562401991182,420,450,450-510,390-450,ABalppppaad/ABpraaapaad,527,ADL,-4.67044804007507,-4.92657656566185,-2.58160128104278,-2.02571485339982,-2.98519043708538,-3.60307421402026,-2.65665163765192,12,450,0.35562792,15.245062,5.69065
Selection 1,GAAGCAGGTTTGGGCC-b01,GAAGCAGGTTTGGGCC-b01,716,mixed,Murray_b01,0.556502073858872,370,400,390-450,330-390,ABalppppaad/ABpraaapaad,525,ADL,-2.23145773730474,-2.70128794416159,-2.89927390640548,-2.96080732017628,-1.57603623880347,-2.42942136229802,-1.33441210289593,12,400,0.3255841,15.16833,6.111412
Selection 1,GCAAACTGTGGAAAGA-b01,GCAAACTGTGGAAAGA-b01,1398,mixed,Murray_b01,1.08657807158478,380,450,450-510,330-390,ABalppppaad/ABpraaapaad,884,ADL,1.31897212982805,0.81536235064627,-1.0638966276224,-0.516885566882292,3.4261024765641,2.19912483508437,1.93984987785569,12,450,0.3252997,14.989712,5.5907717
Selection 1,CATCGGGCAGCTTAAC-400.2.3,CATCGGGCAGCTTAAC-400.2.3,1170,400_minutes,Waterston_400_minutes,0.909367913987263,380,380,330-390,330-390,ABalppppaad/ABpraaapaad,662,ADL,-3.36070297445671,-3.13996613167417,-2.67491146854719,-3.16070746754722,-3.10704882392645,-4.93351706777983,-4.66440289456956,12,380,0.32442304,14.987128,6.3911476
Selection 1,TCAGCTCCAAGAGGCT-b01,TCAGCTCCAAGAGGCT-b01,2401,mixed,Murray_b01,1.8661473175072,300,385,330-390,270-330,ABalppppaad/ABpraaapaad,1242,ADL,3.92400810840211,1.58148138729649,-2.63098527504648,-2.62588562109416,2.66846875371142,0.555086026301193,0.428637715887022,12,385,0.20028357,14.211669,6.8886533
Selection 1,AACTTTCTCGCTTAGA-b01,AACTTTCTCGCTTAGA-b01,763,mixed,Murray_b01,0.593032237925027,380,380,330-390,330-390,ABalppppaad/ABpraaapaad,531,ADL,-2.66880375423454,-3.18967175948617,-2.43398567491516,-2.27946108412327,-1.80383849881656,-2.78864590495617,-1.62323002936605,12,380,0.2884197,14.570154,6.697178
Selection 1,TGCGTGGGTGGCCCTA-400.2.2,TGCGTGGGTGGCCCTA-400.2.2,1343,400_minutes,Waterston_400_minutes,1.04383000725205,390,375,330-390,390-450,ABalppppaad/ABpraaapaad,805,ADL,-2.93307244108606,-2.79947453742999,-2.81541536337761,-3.14755193193712,-2.18958654273902,-4.25479360469888,-4.28109055307858,12,375,0.31998482,14.989344,6.708252
Selection 1,AGTGAGGTCTTGGGTA-500.1.1,AGTGAGGTCTTGGGTA-500.1.1,1106,500_minutes,Waterston_500_minutes_batch_1,0.859624711854626,350,350,330-390,330-390,ABalppppaad/ABpraaapaad,691,ADL,0.632618484867244,3.21839187552407,6.49507596022586,4.98984194400911,-0.0775451021503063,1.47893688965671,1.04579368701201,12,350,0.28779438,14.599845,6.580179
Selection 1,GCGCAACCACAGCGTC-500.2.2,GCGCAACCACAGCGTC-500.2.2,1548,500_minutes,Waterston_500_minutes_batch_2,1.20316370158315,350,370,330-390,330-390,ABalppppaad/ABpraaapaad,1018,ADL,-0.987896954610387,3.7039297031852,10.9561108371494,14.3156921492171,1.38443636352678,7.86256034498554,7.15566944484551,12,370,0.25508896,14.515913,5.939793
Selection 1,CGCGTTTAGGAACTGC-b01,CGCGTTTAGGAACTGC-b01,957,mixed,Murray_b01,0.743816319389582,350,380,330-390,330-390,ABalppppaad/ABpraaapaad,661,ADL,-0.618258518663472,-0.353032042219914,-0.976669623544932,0.0077963126395363,0.384949843901118,0.955264768612659,1.27638114850883,12,380,0.2756889,14.541588,6.8826485
Selection 1,TGCTACCTCTGGTATG-500.1.1,TGCTACCTCTGGTATG-500.1.1,1842,500_minutes,Waterston_500_minutes_batch_1,1.43167153637995,380,390,390-450,330-390,ABalppppaad/ABpraaapaad,1124,ADL,-2.81685449289767,-0.855090267031518,2.49270670130134,1.98430948061074,-2.10357020835975,-1.56360754587379,-1.74254843975027,12,390,0.3381818,15.08107,5.8697295
Selection 1,AACGTTGGTTGAGGTG-300.1.3,AACGTTGGTTGAGGTG-300.1.3,2039,300_minutes,Waterston_300_minutes,1.58478733044447,380,380,330-390,330-390,ABalppppaad/ABpraaapaad,1109,ADL,-1.8136572548611,-2.23193744254207,-2.35503640938563,-2.51044608987468,-2.09120351045749,-3.03014538928361,-2.22514165891059,12,380,0.30990192,14.70584,6.866386
Selection 1,CTCGTCACAGCCTTTC-400.2.3,CTCGTCACAGCCTTTC-400.2.3,1350,400_minutes,Waterston_400_minutes,1.0492706699853,380,380,330-390,330-390,ABalppppaad/ABpraaapaad,790,ADL,-3.17603938365076,-2.97441864674533,-2.86251297499506,-3.18310817963763,-2.96089036819337,-5.16439368029848,-5.59081333243469,12,380,0.32239714,15.226506,6.889236
Selection 1,CCTTACGTCCCAACGG-300.1.3,CCTTACGTCCCAACGG-300.1.3,3825,300_minutes,Waterston_300_minutes,2.97293356495836,340,450,450-510,330-390,ABalppppaad/ABpraaapaad,1664,ADL,0.88868252564121,-0.327828464003929,-3.94479631995341,-4.19724123706483,-0.0600049110397745,-2.73787346391261,-2.94294667840451,12,450,0.28786352,14.566893,6.8740273
Selection 1,CTTACCGTCCGTCATC-300.1.1,CTTACCGTCCGTCATC-300.1.1,1563,300_minutes,Waterston_300_minutes,1.21482226458298,420,405,390-450,390-450,ABalppppaad/ABpraaapaad,806,ADL,-6.9639780219184,-6.6040001064553,-3.7983504552788,-4.04188549749518,-5.87941589219971,-7.20481441538771,-6.27606988821531,12,405,0.36342362,15.266328,5.6534567
Selection 1,CAAGGCCGTCAATACC-r17,CAAGGCCGTCAATACC-r17,858,mixed,Murray_r17,0.666869803590659,300,490,450-510,270-330,ABalppppaad/ABpraaapaad,507,ADL,5.88534956430933,5.22211176659428,-1.55439833900476,-1.72154124973508,6.87723155749264,3.81154143529026,2.38402410476092,12,490,0.15483049,14.531889,6.222009
Selection 1,TGAGCCGGTGAGTGAC-300.1.2,TGAGCCGGTGAGTGAC-300.1.2,1291,300_minutes,Waterston_300_minutes,1.00341365551928,370,415,390-450,330-390,ABalppppaad/ABpraaapaad,758,ADL,-2.75897259872219,-3.53059762624467,-3.81652696544596,-3.98535856784494,-2.202218412604,-4.26304253853671,-4.0399644168539,12,415,0.3604533,15.212643,5.7620506
Selection 1,TATCTCACACGGATAG-500.1.1,TATCTCACACGGATAG-500.1.1,4014,500_minutes,Waterston_500_minutes_batch_1,3.1198314587563,390,380,330-390,390-450,ABalppppaad/ABpraaapaad,1726,ADL,-4.30607853215566,-2.68426562650309,0.210079958845912,-0.482840598403497,-3.6825056679968,-3.64620586521775,-3.27243938744169,12,380,0.29322213,14.796514,5.882725
Selection 1,TCTCATACAAGAGGCT-500.2.2,TCTCATACAAGAGGCT-500.2.2,875,500_minutes,Waterston_500_minutes_batch_2,0.680082841657141,450,490,450-510,450-510,ABalppppaad/ABpraaapaad,617,ADL,-5.39743947163618,2.2700262832076,14.6385743669456,16.8005909745553,-1.26349740224751,6.01077932254284,4.75790553548784,20,490,0.5887568,15.155357,3.2422814
Selection 1,CACTCCAAGATGTAAC-500.2.2,CACTCCAAGATGTAAC-500.2.2,969,500_minutes,Waterston_500_minutes_batch_2,0.753143169789451,550,490,450-510,510-580,ABalppppaad/ABpraaapaad,669,ADL,-7.02330584629366,-1.54287843393142,10.5666768762837,13.0897486431587,-2.97481364916982,4.51683192712489,5.34532718173317,20,490,0.5276481,15.201857,3.294357
Selection 1,CTCTACGAGAAGGCCT-500.2.1,CTCTACGAGAAGGCCT-500.2.1,1168,500_minutes,Waterston_500_minutes_batch_2,0.907813438920618,380,415,390-450,330-390,ABalppppaad/ABpraaapaad,753,ADL,-6.63911096768793,-2.07017220125083,6.44064884327889,8.16079919151826,-2.87007797738307,0.848869261212667,0.808320585714048,12,415,0.42562202,15.21954,4.820723
Selection 1,CACATAGCAGTAGAGC-500.2.2,CACATAGCAGTAGAGC-500.2.2,3667,500_minutes,Waterston_500_minutes_batch_2,2.85013003469341,420,410,390-450,390-450,ABalppppaad/ABpraaapaad,1758,ADL,-7.85913151311221,-5.03357587783863,1.48667060266468,3.09820860984539,-4.70456344770259,-2.17783719316269,-1.3112621112666,12,410,0.38312256,15.205529,4.7682123
Selection 1,CAAGATCCAGCCACCA-500.1.1,CAAGATCCAGCCACCA-500.1.1,10938,500_minutes,Waterston_500_minutes_batch_1,8.50142413948092,420,405,390-450,390-450,ABalppppaad/ABpraaapaad,3211,ADL,-9.39252758079434,-6.06277208184366,0.631381189980697,-0.0223985065988404,-6.38868842424993,-5.83914448113032,-5.31118751290293,12,405,0.32153147,15.03069,5.123994
Selection 1,AAACCTGTCGGTGTTA-500.2.2,AAACCTGTCGGTGTTA-500.2.2,1068,500_minutes,Waterston_500_minutes_batch_2,0.830089685588373,380,410,390-450,330-390,ABalppppaad/ABpraaapaad,700,ADL,-5.13666467113693,-0.699317406825996,7.65256125323835,10.8830990480306,-1.4704216672367,4.41515760419133,4.19054223752892,12,410,0.3825051,15.032292,5.0597506
Selection 1,CTAGCCTGTAGGGACT-b01,CTAGCCTGTAGGGACT-b01,1767,mixed,Murray_b01,1.37337872138076,230,490,450-510,210-270,ABalppppaad/ABpraaapaad,996,ADL,2.47792811355225,0.493506100653312,-2.87618733202812,-1.84266926739871,2.41955929800986,1.20587891199036,1.13478100805227,12,490,0.31592909,14.926258,5.2842293
Selection 1,AGCTCCTTCCCTAATT-500.2.2,AGCTCCTTCCCTAATT-500.2.2,1741,500_minutes,Waterston_500_minutes_batch_2,1.35317054551438,450,490,450-510,450-510,ABalppppaad/ABpraaapaad,1049,ADL,-9.41475227488065,-2.58926240536421,9.9558830126351,12.4112982028102,-3.97280395829561,1.59143612747305,0.510173825746584,20,490,0.6178142,15.188342,3.060948
Selection 1,ACTTACTAGGGTGTTG-b02,ACTTACTAGGGTGTTG-b02,748,mixed,Murray_b02,0.58137367492519,550,435,390-450,510-580,ABalppppaad/ABpraaapaad,507,ADL,-3.8939123434097,-3.13477964518325,0.854457011252185,0.855308559521292,-2.39875805592323,-1.43724993172311,-0.172271339776901,12,435,0.36119834,15.268873,5.330823
Selection 1,TCTTCGGCAAGCCGTC-500.2.2,TCTTCGGCAAGCCGTC-500.2.2,920,500_minutes,Waterston_500_minutes_batch_2,0.715058530656651,450,440,390-450,450-510,ABalppppaad/ABpraaapaad,628,ADL,-2.15904583051019,3.86740307155329,10.8215569882847,12.7971453295171,2.37296649729886,9.51812957358358,8.78150401718992,12,440,0.40978694,14.980168,4.4457464
Selection 1,TCGTAGATCGCCATAA-500.2.1,TCGTAGATCGCCATAA-500.2.1,1024,500_minutes,Waterston_500_minutes_batch_2,0.795891234122186,420,450,450-510,390-450,ABalppppaad/ABpraaapaad,705,ADL,-7.33859788347945,-4.73381274925563,2.45521502324283,4.06481212823463,-4.5549307163753,-1.97795324508767,-1.08737080966209,12,450,0.43882263,15.158164,4.703544
Selection 1,GCTGGGTCAAGACGTG-500.1.1,GCTGGGTCAAGACGTG-500.1.1,1429,500_minutes,Waterston_500_minutes_batch_1,1.11067243511778,390,410,390-450,390-450,ABalppppaad/ABpraaapaad,853,ADL,-6.04201712167814,-3.43265728788512,1.69668396736049,0.875053473324149,-4.23243408480153,-4.0614061713972,-3.74349163538851,12,410,0.35189527,15.269217,5.357431
Selection 1,GTTCTCGTCTCGATGA-b01,GTTCTCGTCTCGATGA-b01,1261,mixed,Murray_b01,0.980096529519605,350,520,510-580,330-390,ABalppppaad/ABpraaapaad,808,ADL,0.119692126200621,-0.652915878133795,-2.22910326726309,-2.13660986219904,0.889930478930923,0.0430427942154465,0.432824770649034,12,520,0.30770713,15.069513,5.380931
Selection 1,CCCATACCACGGCCAT-b01,CCCATACCACGGCCAT-b01,1123,mixed,Murray_b01,0.872837749921108,420,415,390-450,390-450,ABalppppppaa/ABpraaapppaa,765,ASE,-5.75507424153158,-4.95550712915422,-2.17891971948239,-2.23799521369576,-3.19429372842699,-3.27612852279502,-2.1797650822195,12,415,0.30731586,15.08411,5.3912115
Selection 1,CTACGTCTCCCGGATG-b01,CTACGTCTCCCGGATG-b01,716,mixed,Murray_b01,0.556502073858872,410,405,390-450,390-450,ABalppppaad/ABpraaapaad,488,ADL,-2.61796163930048,-2.29444195544171,-1.38004547615792,-1.53381686474119,-0.717535864027315,-1.65533261887906,-1.21492827560898,12,405,0.36533886,15.10904,5.4525847
Selection 1,TAGAGCTCAGCGATCC-500.2.2,TAGAGCTCAGCGATCC-500.2.2,1296,500_minutes,Waterston_500_minutes_batch_2,1.00729984318589,430,450,450-510,390-450,ABalppppaad/ABpraaapaad,786,ADL,-7.54363108581438,-4.71084892092819,2.19278363756781,4.29739567193188,-3.9576651032954,-1.57532296565541,-1.17499587123848,12,450,0.46019492,15.269154,4.4836287
Selection 1,AAGCCGCTCCTTTCGG-500.1.2,AAGCCGCTCCTTTCGG-500.1.2,1821,500_minutes,Waterston_500_minutes_batch_1,1.41534954818018,640,670,> 650,580-650,ABalppppaad/ABpraaapaad,911,ADL,-16.6304759166194,-13.5967194163477,-2.2100188386799,-2.3951594387681,-11.3986768583508,-11.6924717151974,-11.7354864373346,20,670,0.90886146,16.102932,0.93973064
Selection 1,GACTACATCTGCGTAA-500.2.1,GACTACATCTGCGTAA-500.2.1,1170,500_minutes,Waterston_500_minutes_batch_2,0.909367913987263,700,700,> 650,> 650,ABalppppaad/ABpraaapaad,769,ADL,-8.95340878233774,-2.96566993499963,9.43495829986139,12.5923023491732,-3.28518757914204,3.1959997323382,2.41854731284559,20,700,0.87336797,15.880712,1.1034896
Selection 1,CCATTCGGTCGACTAT-500.1.1,CCATTCGGTCGACTAT-500.1.1,2213,500_minutes,Waterston_500_minutes_batch_1,1.72002666124257,640,640,580-650,580-650,ABalppppaad/ABpraaapaad,1148,ADL,-13.1627857127448,-8.53881966791602,2.47297708587801,1.35808826040317,-8.06968884919743,-7.82678349922615,-8.4680178854546,20,640,0.78425384,15.885301,1.5472479
Selection 1,ACCAGTAGTCAAACTC-500.1.2,ACCAGTAGTCAAACTC-500.1.2,2031,500_minutes,Waterston_500_minutes_batch_1,1.57856943017789,620,550,510-580,580-650,ABalppppaad/ABpraaapaad,973,ADL,-14.7802165653579,-11.3239874290664,-1.47081435979268,-1.99179928516224,-10.274676273864,-10.4462346379055,-10.6757557611284,20,550,0.76927465,15.892654,2.0802693
Selection 1,TATCAGGTCTTCCTTC-400.2.3,TATCAGGTCTTCCTTC-400.2.3,2119,400_minutes,Waterston_400_minutes,1.64696633311026,640,670,> 650,580-650,ABalppppaad/ABpraaapaad,1034,ADL,-11.6216506171251,-8.7888214206386,-2.47444429606292,-3.22218626745578,-6.96834341412131,-9.45091501243628,-11.3329057393192,20,670,0.79683185,15.90229,1.7541441
Selection 1,CTGCGGACAGTAACGG-500.1.1,CTGCGGACAGTAACGG-500.1.1,2213,500_minutes,Waterston_500_minutes_batch_1,1.72002666124257,550,620,580-650,510-580,ABalppppaad/ABpraaapaad,1107,ADL,-13.5708253481076,-9.1648265458848,2.42733733862266,1.50651106088434,-8.5815115196789,-7.85015580082473,-7.79624189604003,20,620,0.76468945,15.920276,1.9159621
Selection 1,AGCGGTCCACCGTTGG-500.1.2,AGCGGTCCACCGTTGG-500.1.2,2075,500_minutes,Waterston_500_minutes_batch_1,1.61276788164408,620,585,580-650,580-650,ABalppppaad/ABpraaapaad,1003,ADL,-14.9545506848445,-11.7502715093336,-2.16052620619979,-2.4755899756759,-10.0923904237658,-10.7547156464709,-10.8269113604261,20,585,0.7749822,15.966863,1.9328762
Selection 1,TTTGTCAAGGTGGGTT-500.1.1,TTTGTCAAGGTGGGTT-500.1.1,1888,500_minutes,Waterston_500_minutes_batch_1,1.46742446291278,700,700,> 650,> 650,ABalppppaad/ABpraaapaad,1016,ADL,-12.5556138145713,-7.81047194413707,2.73856445942753,2.67599281736179,-7.86940764002181,-6.57335665120272,-8.34236003163612,20,700,0.8668476,15.909401,1.3656693
Selection 1,GAGCAGATCCGTAGGC-500.1.1,GAGCAGATCCGTAGGC-500.1.1,2489,500_minutes,Waterston_500_minutes_batch_1,1.93454422043957,550,640,580-650,510-580,ABalppppaad/ABpraaapaad,1224,ADL,-12.7131544483379,-7.29054363913952,3.64855023336829,2.6791336042562,-7.47117721479815,-5.95100602677079,-5.97092521111907,20,640,0.82632524,15.943126,1.3562468
Selection 1,TTCTTAGTCTCACATT-500.1.1,TTCTTAGTCTCACATT-500.1.1,2598,500_minutes,Waterston_500_minutes_batch_1,2.01926311157172,620,620,580-650,580-650,ABalppppaad/ABpraaapaad,1255,ADL,-13.380946193885,-7.96621595234433,2.54259064524332,1.42026065354299,-7.79785870750016,-6.97105609953868,-7.98643658410196,20,620,0.79490495,15.946145,1.8774319
Selection 1,ACGGGTCGTCACAAGG-500.2.1,ACGGGTCGTCACAAGG-500.2.1,655,500_minutes,Waterston_500_minutes_batch_2,0.509090584326203,620,630,580-650,580-650,ABalppppaad/ABpraaapaad,467,ADL,-10.4429112857728,-7.35693409605571,1.73367400010347,3.80680012664815,-6.0359306282251,-3.13692893659508,-2.97552330576634,20,630,0.8083338,15.951409,1.68514
Selection 1,GATCGTAAGCTAACTC-500.1.1,GATCGTAAGCTAACTC-500.1.1,2439,500_minutes,Waterston_500_minutes_batch_1,1.89568234377345,550,620,580-650,510-580,ABalppppaad/ABpraaapaad,1252,ADL,-12.2560637932016,-7.5485347275433,3.73875108466291,2.95699570975081,-7.79089523309583,-5.783303211024,-5.63869582018844,20,620,0.7821865,15.912617,2.1380017
Selection 1,TCTGAGAGTCAGTGGA-500.1.1,TCTGAGAGTCAGTGGA-500.1.1,2232,500_minutes,Waterston_500_minutes_batch_1,1.7347941743757,640,640,580-650,580-650,ABalppppaad/ABpraaapaad,1106,ADL,-13.3482541561403,-8.04931879220083,3.73148125873414,2.67414281491538,-8.06803618407591,-6.51338096147058,-7.17889255073765,20,640,0.8092681,15.994021,1.6992097
Selection 1,AACCGCGAGGTGACCA-500.2.1,AACCGCGAGGTGACCA-500.2.1,547,500_minutes,Waterston_500_minutes_batch_2,0.425148930727378,760,620,580-650,> 650,ABalppppaad/ABpraaapaad,392,ADL,-10.5847365220624,-8.35679206436988,0.0375313565246772,4.5759668067449,-5.98420135205192,-2.22321604152458,-1.55613755209884,20,620,0.7856581,16.074986,1.7130044
Selection 1,CTGAAGTCACCAGGCT-300.1.1,CTGAAGTCACCAGGCT-300.1.1,1521,300_minutes,Waterston_300_minutes,1.18217828818344,620,585,580-650,580-650,ABalppppaad/ABpraaapaad,807,ADL,-12.3100729463832,-9.36535356409302,-2.17227195942066,-2.7113845559315,-7.83663548630981,-9.18872357616432,-10.0399272833281,20,585,0.79613507,15.99854,2.0686698
Selection 1,CGGAGCTCATCTATGG-500.1.3,CGGAGCTCATCTATGG-500.1.3,2058,500_minutes,Waterston_500_minutes_batch_1,1.5995548435776,620,550,510-580,580-650,ABalppppaad/ABpraaapaad,969,ADL,-14.0950915934739,-10.7553275624518,-1.63939103517896,-3.24569440768634,-9.45682162753148,-10.5434972210019,-10.8324658478691,20,550,0.801206,16.031496,1.9323324
Selection 1,ATGTGTGTCTCTTATG-400.2.1,ATGTGTGTCTCTTATG-400.2.1,1612,400_minutes,Waterston_400_minutes,1.25290690371578,620,620,580-650,580-650,ABalppppaad/ABpraaapaad,784,ADL,-11.2502434668902,-8.07167242343757,-1.65853531202444,-3.05403924002457,-6.77763365468103,-9.30586782798808,-11.2805687245055,20,620,0.7816403,16.005978,2.169536
Selection 1,TCAGGATTCACTCTTA-500.1.3,TCAGGATTCACTCTTA-500.1.3,1236,500_minutes,Waterston_500_minutes_batch_1,0.960665591186544,700,700,> 650,> 650,ABalppppaad/ABpraaapaad,711,ADL,-14.0868366706246,-11.4781912916159,-2.82263507802637,-2.87303314230977,-9.78492976881046,-11.0175997342959,-12.3374648841378,20,700,0.89923316,16.069841,1.147225
Selection 1,GTCGTAACATCCTTGC-500.1.1,GTCGTAACATCCTTGC-500.1.1,2027,500_minutes,Waterston_500_minutes_batch_1,1.5754604800446,620,620,580-650,580-650,ABalppppaad/ABpraaapaad,1033,ADL,-13.7836971691054,-9.88902198541167,0.153357518556639,-0.278486008790813,-8.61143632767899,-8.77515697509304,-9.1887069834462,20,620,0.79135126,16.024782,1.8516299
Selection 1,CGGACGTTCAGTCAGT-500.1.3,CGGACGTTCAGTCAGT-500.1.3,1969,500_minutes,Waterston_500_minutes_batch_1,1.5303807031119,640,640,580-650,580-650,ABalppppaad/ABpraaapaad,936,ADL,-13.7308023047822,-9.80100856973249,-0.240820429455533,-2.35356107957199,-9.53060251334166,-11.0413965275415,-12.2247761998559,20,640,0.8299639,16.034567,1.6359574
Selection 1,TGTGGTAGTAAGTAGT-500.2.1,TGTGGTAGTAAGTAGT-500.2.1,1100,500_minutes,Waterston_500_minutes_batch_2,0.854961286654692,700,700,> 650,> 650,ABalppppaad/ABpraaapaad,674,ADL,-12.2305031232209,-8.58509258201028,2.32986916379787,4.79952953896082,-7.1573713099674,-4.23758718778629,-4.47699507937162,20,700,0.87714064,16.080627,0.9511222
Selection 1,TTGAACGAGTACATGA-b01,TTGAACGAGTACATGA-b01,880,mixed,Murray_b01,0.683969029323753,640,700,> 650,580-650,ABalppppaad/ABpraaapaad,631,ADL,-8.77715503180393,-6.57271641625134,-0.903144570467401,-1.52156975030242,-4.6285081821864,-4.59098488340512,-4.11535874729224,20,700,0.87639445,16.44973,1.4085306
Selection 1,ACACTGAAGCATCATC-500.1.1,ACACTGAAGCATCATC-500.1.1,6940,500_minutes,Waterston_500_minutes_batch_1,5.39402848125778,420,700,> 650,390-450,ABalppppaad/ABpraaapaad,2676,ADL,-4.29226339949306,-1.3373470946026,1.86666073597744,1.55545001063041,-1.03848857053349,-1.12397056784308,-2.32057667394877,20,700,0.8998686,16.478125,1.5029416
Selection 1,ATGAGGGTCGGCGGTT-b01,ATGAGGGTCGGCGGTT-b01,942,mixed,Murray_b01,0.732157756389745,700,700,> 650,> 650,ABalppppaad/ABpraaapaad,646,ADL,-8.03090359838823,-6.15451883487675,-2.17948124981603,-1.55675601617297,-3.40454398053476,-3.28303903349823,-3.34751310951114,20,700,0.8469442,16.404358,1.2015971
Selection 1,GACAGAGGTGCGCTTG-r17,GACAGAGGTGCGCTTG-r17,3723,mixed,Murray_r17,2.89365533655947,620,700,> 650,580-650,ABalppppaad/ABpraaapaad,1826,ADL,-5.61978806497396,-4.59356825017554,-2.8075517068918,-3.12780118961887,-2.06531348112661,-4.27987713490617,-5.5013016705235,20,700,0.88281953,16.733458,1.3644254
Selection 1,CATATGGTCGCTAGCG-500.1.2,CATATGGTCGCTAGCG-500.1.2,2681,500_minutes,Waterston_500_minutes_batch_1,2.08377382683748,550,620,580-650,510-580,ABalppppaad/ABpraaapaad,1343,ADL,-11.12577991287,-8.54246783192653,-1.66239570898335,-2.41094788295303,-7.46510714827487,-7.81355130614838,-7.39403301436004,20,620,0.78160673,16.095312,1.9950895
Selection 1,ACATCAGAGACAGACC-b01,ACATCAGAGACAGACC-b01,1830,mixed,Murray_b01,1.42234468598008,830,700,> 650,> 650,ABalppppaad/ABpraaapaad,1082,ADL,-0.40789463804751,-1.87157060159247,-2.94279346109131,-2.97045379604953,0.256228308438216,-1.25919851581196,-1.34445390670426,20,700,0.7646251,16.848625,1.2851201
Selection 1,TAGAGCTGTCGGCTCA-b01,TAGAGCTGTCGGCTCA-b01,700,mixed,Murray_b01,0.544066273325713,510,700,> 650,510-580,ABalppppaad/ABpraaapaad,478,ADL,-6.22820063997401,-5.12038540528762,-2.17228728695937,-1.9276827742619,-2.66950286288558,-2.67027245311429,-1.49659666295558,20,700,0.86306196,16.553,1.6385899
Selection 1,CTTTGCGTCACGACTA-b01,CTTTGCGTCACGACTA-b01,1846,mixed,Murray_b01,1.43478048651324,640,700,> 650,580-650,ABalppppaad/ABpraaapaad,1108,ADL,-0.66019163245476,-1.24563079535145,-2.06563176870441,-2.42400460611047,1.43361128764826,-0.776850674035543,-1.31454622248209,20,700,0.8051764,16.669184,1.8238664
Selection 1,CCTACCATCCAAACTG-b01,CCTACCATCCAAACTG-b01,860,mixed,Murray_b01,0.668424278657304,700,640,580-650,> 650,ABalppppaad/ABpraaapaad,584,ADL,-9.06657207958153,-7.34158959241032,-1.32475495269538,-2.26657646806716,-5.67130183673641,-5.6836510297415,-5.05117884857803,20,640,0.7996594,16.30505,1.8253185
Selection 1,AGGTCCGGTAAGGGAA-500.2.2,AGGTCCGGTAAGGGAA-500.2.2,958,500_minutes,Waterston_500_minutes_batch_2,0.744593556922904,700,700,> 650,> 650,ABalppppaad/ABpraaapaad,660,ADL,-12.7330174497467,-8.86491707554095,2.21675324504953,4.1518044106703,-7.76826028419351,-5.28913483501103,-5.80521006739238,20,700,0.89504266,16.106827,1.1913977
Selection 1,AACTGGTAGATGTGGC-b01,AACTGGTAGATGTGGC-b01,1505,mixed,Murray_b01,1.16974248765028,620,630,580-650,580-650,ABalppppaad/ABpraaapaad,895,ADL,-3.57102981416261,-4.28004413115501,-3.52013744321695,-2.6994247255399,-2.0026268385333,-3.29727578392046,-3.52329361850318,20,630,0.8207776,16.592216,2.0215445
Selection 1,GGACATTAGCGGATCA-b01,GGACATTAGCGGATCA-b01,1272,mixed,Murray_b01,0.988646142386152,640,620,580-650,580-650,ABalppppaad/ABpraaapaad,827,ADL,-5.54316382162129,-5.06508809889386,-2.54801499144921,-1.90678511760575,-2.61405138020381,-3.20743271333302,-3.13528763053456,20,620,0.82400954,16.489916,1.999414
Selection 1,TGTGTTTGTGCAGTAG-b02,TGTGTTTGTGCAGTAG-b02,869,mixed,Murray_b02,0.675419416457206,640,640,580-650,580-650,ABalppppaad/ABpraaapaad,592,ADL,-8.32508883569245,-7.05224940631029,-2.82552897428062,-2.31343438085332,-4.24830495847658,-4.63269530586182,-3.51120405714258,20,640,0.8151399,16.272322,1.896033
Selection 1,GGACGTCAGTCCTCCT-b01,GGACGTCAGTCCTCCT-b01,1040,mixed,Murray_b01,0.808327034655345,620,640,580-650,580-650,ABalppppaad/ABpraaapaad,705,ADL,-8.89250360308634,-7.76751871737416,-2.81750184098713,-2.84472480173577,-5.77656577732582,-6.27039765489086,-5.74105716707276,20,640,0.7804612,16.246597,1.8942394
Selection 1,AGCGGTCGTGCAACTT-b01,AGCGGTCGTGCAACTT-b01,922,mixed,Murray_b01,0.716613005723296,640,640,580-650,580-650,ABalppppaad/ABpraaapaad,606,ADL,-9.33102263739209,-7.75629174051222,-1.83364593838763,-2.36731474253686,-5.73867917146636,-6.4260181483652,-6.05280761034082,20,640,0.82411194,16.116482,1.76975
Selection 1,CACCACTAGTGACTCT-b02,CACCACTAGTGACTCT-b02,588,mixed,Murray_b02,0.457015669593599,640,725,> 650,580-650,ABalppppaad/ABpraaapaad,443,ADL,-6.20522140508546,-7.25323312880468,-4.21413984146018,-1.91488115898688,-3.03303256871733,-2.04140889667873,0.0291593440901456,20,725,0.88799906,16.66487,1.1156414
Selection 1,ACGCCAGTCTCGCATC-b01,ACGCCAGTCTCGCATC-b01,788,mixed,Murray_b01,0.612463176258088,700,700,> 650,> 650,ABalppppaad/ABpraaapaad,578,ADL,-8.30240558952055,-8.16616980941648,-3.05143593938557,-1.51350480562563,-4.821949047733,-3.56684621061531,-1.72052577658293,20,700,0.87297744,16.78571,1.0963126
Selection 1,ACTGCTCAGCTCCCAG-b01,ACTGCTCAGCTCCCAG-b01,1464,mixed,Murray_b01,1.13787574878406,550,585,580-650,510-580,ABalppppaad/ABpraaapaad,904,ADL,-7.04387473701888,-6.57761487186271,-2.66066024655343,-2.42948974633248,-5.0576013454524,-4.59654402398081,-3.19898114735384,20,585,0.82030535,16.297693,2.0813859
Selection 1,TAGACCAGTCTGATCA-b01,TAGACCAGTCTGATCA-b01,1381,mixed,Murray_b01,1.0733650335183,510,700,> 650,510-580,ABalppppaad/ABpraaapaad,859,ADL,-6.09399075970313,-2.88335957259833,2.46206118198205,2.61148376059659,-1.81799473880486,-0.301956232287052,-0.0559431283690394,20,700,0.8929267,16.78603,1.096299
Selection 1,GAACATCTCAAGATCC-b02,GAACATCTCAAGATCC-b02,934,mixed,Murray_b02,0.725939856123165,640,700,> 650,580-650,ABalppppaad/ABpraaapaad,647,ADL,-9.33466438697515,-9.46712857253284,-3.8855076459837,-2.97316935135278,-4.74128711446501,-4.5018870371962,-1.98784797816115,20,700,0.8707267,16.674194,1.0843476
Selection 1,CTCACACCAACACCTA-b02,CTCACACCAACACCTA-b02,645,mixed,Murray_b02,0.501318208992978,700,730,> 650,> 650,ABalppppaad/ABpraaapaad,507,ADL,-8.3658000854241,-8.6504528648243,-4.94443723309754,-3.92220683594177,-4.96992936028867,-5.1188691792897,-3.49036348415956,20,730,0.8945653,16.89945,1.0331781
Selection 1,AGAATAGAGTTTAGGA-b01,AGAATAGAGTTTAGGA-b01,991,mixed,Murray_b01,0.770242395522545,700,730,> 650,> 650,ABalppppaad/ABpraaapaad,669,ADL,-8.33340646022477,-7.81427402244361,-2.17006600737404,-1.48308949207154,-3.77436652251818,-3.57403979285162,-1.92941315139739,20,730,0.9102863,16.87711,0.9939142
Selection 1,AGATCTGGTGCCTGCA-b01,AGATCTGGTGCCTGCA-b01,821,mixed,Murray_b01,0.638112014857729,550,620,580-650,510-580,ABalppppaad/ABpraaapaad,570,ADL,-8.55117812637397,-6.91902735218368,-2.00065842954015,-2.53072643804261,-5.2314211600613,-5.64351518168215,-5.38016837392602,20,620,0.785158,16.098772,2.1231408
Selection 1,AACGTTGCAGTTCATG-b01,AACGTTGCAGTTCATG-b01,686,mixed,Murray_b01,0.533184947859199,700,700,> 650,> 650,ABalppppaad/ABpraaapaad,510,ADL,-7.56321862950363,-6.79907450511811,-2.52193160961779,-2.367022872046,-3.18556531354418,-2.45023220554102,-0.174816820069259,20,700,0.8120534,16.47121,1.6044592
Selection 1,CGCGTTTTCGTGGACC-b01,CGCGTTTTCGTGGACC-b01,707,mixed,Murray_b01,0.54950693605897,830,700,> 650,> 650,ABalppppaad/ABpraaapaad,542,ADL,-3.14512623268541,-3.16364040112428,-0.344431871500479,0.400761553696434,-0.512296935853726,0.188972602701211,1.22466922754899,20,700,0.87025,16.948313,0.9893451
Selection 1,GCCAAATTCCAACCAA-b02,GCCAAATTCCAACCAA-b02,1168,mixed,Murray_b02,0.907813438920618,640,700,> 650,580-650,ABalppppaad/ABpraaapaad,804,ADL,-6.79511145443936,-6.52657918619166,-1.59729089290425,-0.0373480667647211,-4.02338565912,-0.73723208879164,3.01224264650513,20,700,0.8197147,16.578516,1.5316341
Selection 1,GTATTCTTCGGCGCTA-b01,GTATTCTTCGGCGCTA-b01,1144,mixed,Murray_b01,0.889159738120879,640,640,580-650,580-650,ABalppppaad/ABpraaapaad,695,ADL,-10.2211382555764,-9.05568913682647,-3.24867736205667,-3.30368317680097,-6.79244205696363,-7.15608200843175,-6.33528310267298,20,640,0.81056845,16.247908,1.8845847
Selection 1,CCTCTGAAGCGATATA-b01,CCTCTGAAGCGATATA-b01,940,mixed,Murray_b01,0.7306032813231,190,700,> 650,170-210,ABalppppaad/ABpraaapaad,653,ADL,-1.17314188704377,-2.33800646746337,-2.63531124977298,-1.84513336037905,-0.748836667544654,-0.596056845291587,0.39203978654914,20,700,0.49342334,16.504463,2.104205
Selection 1,GACCAATAGAGTACCG-b01,GACCAATAGAGTACCG-b01,1012,mixed,Murray_b01,0.786564383722316,640,620,580-650,580-650,ABalppppaad/ABpraaapaad,657,ADL,-7.76516930398623,-5.65510917704577,-0.127603256320727,-1.51527576685793,-4.28864316680992,-4.69885342927399,-4.40984857635653,20,620,0.7929867,16.154938,1.9812709
Selection 1,GGGATGACACGGACAA-500.2.1,GGGATGACACGGACAA-500.2.1,692,500_minutes,Waterston_500_minutes_batch_2,0.537848373059133,640,640,580-650,580-650,ABalppppaad/ABpraaapaad,503,ADL,-10.7825086988714,-7.00472078210561,1.96696433130343,3.03040225937823,-6.64997300455853,-4.48581659171585,-5.22178141465302,20,640,0.77404845,15.721733,1.6557698
Selection 1,CCTATTACACAGTCGC-500.2.2,CCTATTACACAGTCGC-500.2.2,1462,500_minutes,Waterston_500_minutes_batch_2,1.13632127371742,640,620,580-650,580-650,ABalppppaad/ABpraaapaad,866,ADL,-11.2768823164132,-5.92999641679442,4.57432769092922,7.07692882321597,-5.53072348021177,-2.38756838011028,-4.01206068256817,20,620,0.73056424,15.550648,2.1355393
Selection 1,ACATGGTTCCGATATG-500.2.2,ACATGGTTCCGATATG-500.2.2,1172,500_minutes,Waterston_500_minutes_batch_2,0.910922389053908,550,620,580-650,510-580,ABalppppaad/ABpraaapaad,751,ADL,-11.7779344447837,-7.35603760487541,3.19415183963944,5.89498475210919,-6.18256620972343,-3.3129305999564,-4.00776064641764,20,620,0.75736004,15.5274725,2.0804935
Selection 1,CAGCAGCAGTTACGGG-500.2.1,CAGCAGCAGTTACGGG-500.2.1,548,500_minutes,Waterston_500_minutes_batch_2,0.425926168260701,830,640,580-650,> 650,ABalppppaad/ABpraaapaad,403,ADL,-6.42499626941421,0.502757424172091,13.8139436120905,14.6334316051646,-2.22459536330282,4.44357066505826,4.37133898246643,20,640,0.87286127,15.694978,1.1138285
Selection 1,CTTCTCTCAGCTTCGG-500.2.2,CTTCTCTCAGCTTCGG-500.2.2,1349,500_minutes,Waterston_500_minutes_batch_2,1.04849343245198,640,620,580-650,580-650,ABalppppaad/ABpraaapaad,839,ADL,-9.46892226452517,-3.09859790722988,8.64008803220631,9.95037312244194,-4.56970822488342,-0.16904194550307,-1.53854041068769,20,620,0.7996492,15.539905,1.7918096
Selection 1,GGGCATCGTGGTACAG-500.2.1,GGGCATCGTGGTACAG-500.2.1,862,500_minutes,Waterston_500_minutes_batch_2,0.669978753723949,700,640,580-650,> 650,ABalppppaad/ABpraaapaad,583,ADL,-11.5050264843698,-8.18177103622207,1.49864110918088,2.43024942245077,-7.05167615397855,-6.31840908349808,-6.84224674843556,20,640,0.812998,15.735979,1.2998718
Selection 1,ATTACTCCACTCGACG-500.2.1,ATTACTCCACTCGACG-500.2.1,1111,500_minutes,Waterston_500_minutes_batch_2,0.863510899521238,620,585,580-650,580-650,ABalppppaad/ABpraaapaad,728,ADL,-8.19636122184293,-3.57024142990314,6.11580654730482,7.67430615864081,-3.10790861726203,0.105436166554858,-0.878610290431431,20,585,0.7714388,15.622047,1.9619933
Selection 1,GGAACTTAGCGCCTTG-500.2.1,GGAACTTAGCGCCTTG-500.2.1,797,500_minutes,Waterston_500_minutes_batch_2,0.61945831405799,700,620,580-650,> 650,ABpxaapapaa,574,AWA,-11.858429919055,-9.58806398426375,-0.397415438237171,3.67986636085305,-7.5229179851017,-2.23034269530465,-0.684940193055624,20,620,0.5528124,15.640333,1.3459296
Selection 1,CTACATTGTCATACTG-500.2.2,CTACATTGTCATACTG-500.2.2,1592,500_minutes,Waterston_500_minutes_batch_2,1.23736215304934,490,620,580-650,450-510,ABalppppaad/ABpraaapaad,941,ADL,-11.3693132311296,-6.68092206854308,4.84200176190832,7.53070857762872,-5.80995147879374,-1.84108005403699,-1.82811097948306,20,620,0.75675386,15.556359,1.8584878
Selection 1,CACATAGCATCAGTCA-500.2.1,CACATAGCATCAGTCA-500.2.1,1287,500_minutes,Waterston_500_minutes_batch_2,1.00030470538599,700,585,580-650,> 650,ABalppppaad/ABpraaapaad,882,ADL,-11.1113790653955,-4.51132015186315,9.66217917664297,13.9952278827985,-5.45489704772908,3.59861303586721,4.93817026022534,20,585,0.7892874,15.508408,1.4156069
Selection 1,CACATTTGTTAGTGGG-500.2.2,CACATTTGTTAGTGGG-500.2.2,1855,500_minutes,Waterston_500_minutes_batch_2,1.44177562431314,700,640,580-650,> 650,ABalppppaad/ABpraaapaad,971,ADL,-11.4028351926813,-7.43923054097551,3.58382677025518,5.89504934378097,-6.4664204879464,-3.75379676640588,-4.2346081287191,20,640,0.81189555,15.643144,1.3400455
Selection 1,AGTGGGAAGATATGCA-500.2.1,AGTGGGAAGATATGCA-500.2.1,1114,500_minutes,Waterston_500_minutes_batch_2,0.865842612121206,620,640,580-650,580-650,ABalppppaad/ABpraaapaad,716,ADL,-11.5119633075609,-6.43318809800117,4.85159615345748,7.2860375510713,-6.50664545446184,-3.17401917645249,-4.71852612943288,20,640,0.8071711,15.685586,1.2855387
Selection 1,CGTTAGAAGAACAACT-500.2.1,CGTTAGAAGAACAACT-500.2.1,1538,500_minutes,Waterston_500_minutes_batch_2,1.19539132624992,550,620,580-650,510-580,ABalppppaad/ABpraaapaad,925,ADL,-12.8918637792866,-8.76235887722807,2.90061906324712,5.6674521507808,-7.91163222178372,-3.39909829725281,-2.25919396956947,20,620,0.75519574,15.687598,2.0502627
Selection 1,CATCAAGCACATTTCT-500.2.2,CATCAAGCACATTTCT-500.2.2,721,500_minutes,Waterston_500_minutes_batch_2,0.560388261525484,750,640,580-650,> 650,ABalppppaad/ABpraaapaad,518,ADL,-6.84430828490802,-1.05545097159959,11.2465672912106,13.7339977289832,-2.52600505957891,3.75525639125692,3.20996519335681,20,640,0.8056838,15.714289,1.3475407
Selection 1,TCAACGAGTTGCGCAC-500.2.2,TCAACGAGTTGCGCAC-500.2.2,1444,500_minutes,Waterston_500_minutes_batch_2,1.12233099811761,700,640,580-650,> 650,ABalppppaad/ABpraaapaad,870,ADL,-11.368738935911,-7.29635415905902,2.9325435536453,5.03649172179305,-6.52714867980772,-4.10407187515105,-5.30297521899987,20,640,0.81310934,15.663852,1.4449894
Selection 1,CGGGTCATCTCTTGAT-500.2.2,CGGGTCATCTCTTGAT-500.2.2,838,500_minutes,Waterston_500_minutes_batch_2,0.65132505292421,700,585,580-650,> 650,ABalppppaad/ABpraaapaad,583,ADL,-9.00002053134006,-4.61652205720703,5.17696289645723,5.78214897847087,-4.4237038173716,-2.6245629438658,-3.01219292967999,20,585,0.7394189,15.765578,1.9594164
Selection 1,ACATGGTGTAGTAGTA-500.2.2,ACATGGTGTAGTAGTA-500.2.2,3016,500_minutes,Waterston_500_minutes_batch_2,2.3441484005005,550,550,510-580,510-580,ABalppppaad/ABpraaapaad,1571,ADL,-15.3602940590397,-10.8914349443323,1.45724185657484,3.52965026534516,-9.12755132581503,-6.11433062377346,-5.32266617985416,20,550,0.6883628,15.509247,1.9688686
Selection 1,AACTCCCGTCAAGCGA-500.2.2,AACTCCCGTCAAGCGA-500.2.2,1615,500_minutes,Waterston_500_minutes_batch_2,1.25523861631575,700,640,580-650,> 650,ABalppppaad/ABpraaapaad,952,ADL,-11.4145964995584,-7.7712749371263,1.78043018227368,3.60516660118278,-6.33383096394021,-4.10847873282169,-4.61690998313372,20,640,0.82293546,15.761467,1.4790127
Selection 1,GAACCTATCCTTTCGG-500.2.2,GAACCTATCCTTTCGG-500.2.2,1317,500_minutes,Waterston_500_minutes_batch_2,1.02362183138566,550,550,510-580,510-580,ABalppppaad/ABpraaapaad,793,ADL,-11.6667830134524,-8.01898002238295,1.01802695804924,2.82559473263216,-6.57049608415658,-5.08852227095577,-5.98097648439825,20,550,0.7415032,15.552943,1.9417539
Selection 1,AACTCTTGTAAGAGAG-500.2.2,AACTCTTGTAAGAGAG-500.2.2,1592,500_minutes,Waterston_500_minutes_batch_2,1.23736215304934,640,585,580-650,580-650,ABalppppaad/ABpraaapaad,927,ADL,-12.5037520502688,-9.51915788691547,0.614868750019984,3.7044881885839,-7.84410055208273,-4.27277482155588,-2.7797098972782,20,585,0.74848235,15.632051,1.7131389
Selection 1,CATCAGATCATTGCGA-500.2.1,CATCAGATCATTGCGA-500.2.1,1296,500_minutes,Waterston_500_minutes_batch_2,1.00729984318589,640,630,580-650,580-650,ABalppppaad/ABpraaapaad,798,ADL,-11.624762299089,-9.06467874359013,0.512417337323186,1.95209367383587,-7.6541798360903,-5.50651431216182,-4.59159955817978,20,630,0.81031394,15.694206,1.5445889
Selection 1,GGAACTTAGTATCTCG-500.2.2,GGAACTTAGTATCTCG-500.2.2,1426,500_minutes,Waterston_500_minutes_batch_2,1.10834072251781,640,670,> 650,580-650,ABalppppaad/ABpraaapaad,872,ADL,-12.3445477840674,-8.90649718944078,1.44231335750085,2.83290777993029,-7.99587996668999,-6.7064226136909,-7.56716859124549,20,670,0.7676494,15.621306,1.5619825
Selection 1,TGACGGCTCCATTCTA-500.2.1,TGACGGCTCCATTCTA-500.2.1,1401,500_minutes,Waterston_500_minutes_batch_2,1.08890978418475,700,670,> 650,> 650,ABalppppaad/ABpraaapaad,857,ADL,-12.3327977583056,-8.06686802072917,2.38427188441791,3.51000899501075,-7.51422779785775,-5.50033071931745,-5.92879106014442,20,670,0.8307752,15.819544,1.4508151
Selection 1,ATTACTCTCGTGGTCG-500.1.1,ATTACTCTCGTGGTCG-500.1.1,994,500_minutes,Waterston_500_minutes_batch_1,0.772574108122512,640,670,> 650,580-650,ABalppppaad/ABpraaapaad,591,ADL,-10.7422940422275,-5.06668981358717,7.06623308141196,4.38789440208741,-7.03833633825935,-4.98749012545362,-5.18603218412774,20,670,0.7872608,15.819604,1.5636209
Selection 1,AACTCTTGTTGGACCC-500.2.1,AACTCTTGTTGGACCC-500.2.1,1030,500_minutes,Waterston_500_minutes_batch_2,0.80055465932212,640,620,580-650,580-650,ABalppppaad/ABpraaapaad,660,ADL,-11.7187825903501,-7.75843516621015,2.26058518997552,4.24850042739034,-7.09490195026798,-4.68665443874999,-5.26751377387279,20,620,0.78451544,15.835046,1.7640809
Selection 1,TCTCATACATTTGCTT-500.1.1,TCTCATACATTTGCTT-500.1.1,2088,500_minutes,Waterston_500_minutes_batch_1,1.62287196957727,550,550,510-580,510-580,ABalppppaad/ABpraaapaad,1020,ADL,-12.5387923377423,-7.46608010289608,2.98338454238756,2.08677887337133,-7.39742382901227,-6.54208839565383,-7.26040849638119,20,550,0.78757226,15.843703,1.9885222
Selection 1,CACATTTAGTCACGCC-500.2.1,CACATTTAGTCACGCC-500.2.1,1406,500_minutes,Waterston_500_minutes_batch_2,1.09279597185136,750,640,580-650,> 650,ABalppppaad/ABpraaapaad,846,ADL,-11.2540647754933,-7.15053925750159,3.09366244603225,5.77883918761082,-6.59905739852599,-3.32443472161996,-4.62352794533981,20,640,0.82363904,15.874294,1.1528343
Selection 1,ACTTTCATCGGCATCG-500.2.2,ACTTTCATCGGCATCG-500.2.2,1255,500_minutes,Waterston_500_minutes_batch_2,0.975433104319671,750,750,> 650,> 650,ABalppppaad/ABpraaapaad,788,ADL,-13.6879135640873,-8.96848723049733,4.72382311521098,9.14454310447509,-7.59795293728266,-2.78508145691846,-4.48716076285098,20,750,0.8898884,16.561634,-0.09526359
Selection 1,TTCTACACAGACGTAG-500.2.1,TTCTACACAGACGTAG-500.2.1,1053,500_minutes,Waterston_500_minutes_batch_2,0.818431122588537,700,730,> 650,> 650,ABalppppaad/ABpraaapaad,723,ADL,-14.9272341159836,-11.2867097040394,0.945684816508457,5.22565649493098,-9.68376131090769,-6.04421397010348,-6.7978063378491,20,730,0.95281166,16.563335,0.19507739
Selection 1,ACTGTCCGTGCAGGTA-500.2.1,ACTGTCCGTGCAGGTA-500.2.1,1110,500_minutes,Waterston_500_minutes_batch_2,0.862733661987916,800,750,> 650,> 650,ABalppppaad/ABpraaapaad,715,ADL,-14.5993695256136,-10.8144149130442,0.454347843036534,5.41168982539773,-8.04083242530146,-5.15304399907114,-6.94682659444049,20,750,0.890697,16.574753,-0.053329166
Selection 1,CGTAGGCTCTATCCTA-500.2.1,CGTAGGCTCTATCCTA-500.2.1,845,500_minutes,Waterston_500_minutes_batch_2,0.656765715657468,700,750,> 650,> 650,ABalppppaad/ABpraaapaad,605,ADL,-12.869335776505,-9.43253973423781,-1.84795234247981,1.34667896023897,-8.29652703358964,-6.88052931216652,-8.13725241744553,20,750,0.99033827,16.602982,0.06486041
Selection 1,TCGGTAAGTCTCTCTG-500.2.2,TCGGTAAGTCTCTCTG-500.2.2,1213,500_minutes,Waterston_500_minutes_batch_2,0.942789127920128,830,760,> 650,> 650,ABalppppaad/ABpraaapaad,807,ADL,-12.0804745828189,-5.7280298333344,5.63399233491017,9.21523753879747,-6.16073992136565,-1.00562944397213,-2.10193899644834,20,760,0.90391606,16.63351,0.007880673
Selection 1,TAGGCATTCGACCAGC-500.2.2,TAGGCATTCGACCAGC-500.2.2,1010,500_minutes,Waterston_500_minutes_batch_2,0.785009908655671,800,700,> 650,> 650,ABalppppaad/ABpraaapaad,727,ADL,-7.56066232162287,-0.0545268392110037,13.6175356280829,16.0003883711925,-2.29916520521915,5.09564319858106,3.87877555618591,20,700,0.9244852,16.635172,0.18442477
Selection 1,TCGTACCAGCATGGCA-500.2.2,TCGTACCAGCATGGCA-500.2.2,590,500_minutes,Waterston_500_minutes_batch_2,0.458570144660244,830,760,> 650,> 650,ABalppppaad/ABpraaapaad,410,ADL,-11.8956478228646,-7.56792014084919,2.7159335463823,7.33481803306505,-7.2533117588048,-2.479758791506,-4.11986361268268,20,760,0.8885077,16.639618,-0.0057764864
Selection 1,TGCCAAACAGACAAAT-500.2.2,TGCCAAACAGACAAAT-500.2.2,1716,500_minutes,Waterston_500_minutes_batch_2,1.33373960718132,760,750,> 650,> 650,ABalppppaad/ABpraaapaad,997,ADL,-12.8345866960358,-6.31392878560464,9.48056196326465,14.6678011408141,-5.85123803879941,1.52278755336623,0.376436036719505,20,750,0.923893,16.634182,-0.086818345
Selection 1,TCTGGAACAATGAAAC-500.2.2,TCTGGAACAATGAAAC-500.2.2,1863,500_minutes,Waterston_500_minutes_batch_2,1.44799352457972,700,750,> 650,> 650,ABalppppaad/ABpraaapaad,1124,ADL,-17.4468437977483,-12.2567597472992,2.09641157314375,5.4865734820554,-11.165582526594,-7.55457778686638,-9.29770641447936,20,750,0.9958881,16.656836,0.083472505
Selection 1,ATCACGACAAGCTGGA-500.2.2,ATCACGACAAGCTGGA-500.2.2,906,500_minutes,Waterston_500_minutes_batch_2,0.704177205190137,750,700,> 650,> 650,ABalppppaad/ABpraaapaad,623,ADL,-10.7423200621325,-8.48801228231731,1.95931358571771,4.68333450386768,-6.71416626931226,-3.08239135885577,-2.07869082467814,20,700,0.9225294,16.6835,0.60283244
Selection 1,GGTGCGTCATTGGCGC-b02,GGTGCGTCATTGGCGC-b02,720,mixed,Murray_b02,0.559611023992162,800,700,> 650,> 650,ABalppppaad/ABpraaapaad,526,ADL,-8.79281849292705,-7.87423760414392,-2.3523725811525,-2.15494511022788,-5.2090252346791,-4.81441892620424,-3.57415281818544,20,700,0.8775266,16.68482,0.91208935
Selection 1,CTTCTCTGTGCCTGTG-500.2.2,CTTCTCTGTGCCTGTG-500.2.2,915,500_minutes,Waterston_500_minutes_batch_2,0.711172342990039,750,755,> 650,> 650,ABalppppaad/ABpraaapaad,624,ADL,-9.39327666964532,-3.87249283854946,6.50163261410485,8.94719444554494,-5.87360079987311,-1.27669303676227,-3.8545811849468,20,755,0.93082243,16.722626,-0.051403638
Selection 1,CTTCTCTCACTCGACG-b02,CTTCTCTCACTCGACG-b02,779,mixed,Murray_b02,0.605468038458186,700,750,> 650,> 650,ABalppppaad/ABpraaapaad,540,ADL,-9.6180277893279,-11.0672912896705,-6.01358481664109,-2.64874242211615,-6.30724662609277,-4.04723391937631,-0.34883672950852,20,750,0.8927576,16.731773,0.8726515
Selection 1,AATCGGTCAAACGTGG-500.2.1,AATCGGTCAAACGTGG-500.2.1,1086,500_minutes,Waterston_500_minutes_batch_2,0.844079961188177,800,755,> 650,> 650,ABalppppaad/ABpraaapaad,716,ADL,-12.3535683470289,-5.62675056806766,8.09920868190263,12.3113028058558,-5.84278490140479,-0.294328866179164,-2.86614461404027,20,755,0.897103,16.721275,-0.12172692
Selection 1,ATTGGACCATATGGTC-500.2.2,ATTGGACCATATGGTC-500.2.2,1204,500_minutes,Waterston_500_minutes_batch_2,0.935793990120226,750,775,> 650,> 650,ABalppppaad/ABpraaapaad,753,ADL,-13.0787957600924,-10.0527641235917,1.00420913828087,4.64149895345202,-7.61391534026436,-5.15314449235952,-5.96832886902962,20,775,0.88410157,16.737831,-0.099225715
Selection 1,CTGATCCCAGCTGCAC-500.2.1,CTGATCCCAGCTGCAC-500.2.1,1692,500_minutes,Waterston_500_minutes_batch_2,1.31508590638158,810,755,> 650,> 650,ABalppppaad/ABpraaapaad,1006,ADL,-9.87410112827632,-1.38423385666786,11.0386321611574,14.3284216787459,-2.60948075779484,7.81286126223996,5.74273401674283,20,755,0.91174144,16.693697,-0.07363662
Selection 1,CATCGAAGTAAGTGTA-500.1.1,CATCGAAGTAAGTGTA-500.1.1,3115,500_minutes,Waterston_500_minutes_batch_1,2.42109491629942,640,725,> 650,580-650,ABalppppaad/ABpraaapaad,1491,ADL,-15.4217222465635,-10.705354510705,1.60504868322305,0.87932429152588,-10.5107524271755,-9.46540673348389,-10.2788560323024,20,725,0.99741447,16.710293,0.15033682
Selection 1,GTGTTAGGTTAGTGGG-500.2.1,GTGTTAGGTTAGTGGG-500.2.1,1020,500_minutes,Waterston_500_minutes_batch_2,0.792782283988896,750,750,> 650,> 650,ABalppppaad/ABpraaapaad,658,ADL,-12.7459695409804,-9.19584485219521,1.01692288491695,3.98819351461779,-7.81907191706016,-4.85258196603735,-6.92739929741771,20,750,0.92180586,16.700235,0.30810547
Selection 1,AGAGCTTGTGGACGAT-500.2.2,AGAGCTTGTGGACGAT-500.2.2,1211,500_minutes,Waterston_500_minutes_batch_2,0.941234652853483,800,760,> 650,> 650,ABalppppaad/ABpraaapaad,789,ADL,-14.0599964924336,-10.5520948195671,2.7281592381178,7.21636237894285,-9.22268068902266,-4.89621828244979,-4.59974520229762,20,760,0.87909037,16.77279,0.033439215
Selection 1,ACTGATGAGGGAACGG-500.2.2,ACTGATGAGGGAACGG-500.2.2,1122,500_minutes,Waterston_500_minutes_batch_2,0.872060512387785,760,780,> 650,> 650,ABalppppaad/ABpraaapaad,719,ADL,-12.0486876428445,-8.53986519367266,1.17126854137644,3.66106682334665,-7.22732071696231,-6.02148242119485,-8.35175041496761,20,780,0.8994518,16.889397,-0.08175122
Selection 1,ACAGCCGTCAGCACAT-b01,ACAGCCGTCAGCACAT-b01,871,mixed,Murray_b01,0.676973891523851,760,700,> 650,> 650,ABalppppaad/ABpraaapaad,600,ADL,-8.03969699178621,-7.12214487593915,-3.41704076738143,-2.73256843940584,-3.93815652275914,-5.40300959681472,-5.18862400920899,20,700,0.89889693,17.166155,0.6229964
Selection 1,CTCTGGTTCCCTAATT-500.1.1,CTCTGGTTCCCTAATT-500.1.1,1474,500_minutes,Waterston_500_minutes_batch_1,1.14564812411729,750,760,> 650,> 650,ABalppppaad/ABpraaapaad,915,ADL,-12.538375728671,-7.533906772152,5.6863339768477,3.91879008365352,-7.73683459445732,-4.85367589915595,-3.19238575308473,20,760,0.9037538,16.803059,0.023883345
Selection 1,TACTTGTGTGATAAGT-b01,TACTTGTGTGATAAGT-b01,1433,mixed,Murray_b01,1.11378138525107,700,640,580-650,> 650,ABalpppapppa/ABpraaaapppa,887,ASK,-10.4126552877148,-9.51610770229505,-3.98539301434713,-2.58738964051517,-6.61813755885425,-6.78600352294145,-6.47090326304368,20,640,0.9334087,16.897669,0.27513364
Selection 1,TATCTCATCTGCAGTA-500.1.2,TATCTCATCTGCAGTA-500.1.2,983,500_minutes,Waterston_500_minutes_batch_1,0.764024495255965,760,760,> 650,> 650,ABalppppaad/ABpraaapaad,640,ADL,-16.1055857655278,-12.2672620380946,0.515725433703578,-0.740407132353319,-12.3495887016236,-12.0868891953291,-12.9392780657926,20,760,0.9098661,16.880398,0.012687504
Selection 1,ATAGACCAGAAGATTC-b01,ATAGACCAGAAGATTC-b01,1283,mixed,Murray_b01,0.997195755252699,700,700,> 650,> 650,ABalppppaad/ABpraaapaad,855,ADL,-8.73207688904237,-7.08398086794616,-0.356126740116861,-0.339331024439882,-5.18801778036234,-3.46320383594946,-2.19830136825255,20,700,0.9410738,17.036837,0.5212774
Selection 1,AGATTGCCATGTAGTC-b01,AGATTGCCATGTAGTC-b01,802,mixed,Murray_b01,0.623344501724602,700,750,> 650,> 650,ABalppppaad/ABpraaapaad,572,ADL,-11.0759695876966,-10.4670072182687,-3.65947442554776,-2.1758856588212,-7.08110473180172,-7.4352558778184,-7.49954014864062,20,750,0.8983139,16.792484,0.6320177
Selection 1,GCTGCTTTCACTATTC-b01,GCTGCTTTCACTATTC-b01,749,mixed,Murray_b01,0.582150912458513,700,750,> 650,> 650,ABalppppaad/ABpraaapaad,541,ADL,-7.62322898963554,-6.93314124637566,-3.28225369136404,-4.5365070245823,-4.10849560552029,-5.61926266648888,-6.1085481535331,20,750,0.90574163,16.989859,0.7031519
Selection 1,CGCGGTACACCTATCC-b01,CGCGGTACACCTATCC-b01,1142,mixed,Murray_b01,0.887605263054234,760,755,> 650,> 650,ABalppppaad/ABpraaapaad,738,ADL,-2.88761984240768,-3.80167220558495,-1.67179829254006,-2.10862302191323,-0.766293432191779,-1.33626038417133,-0.345415206033818,20,755,0.9469744,16.962011,0.79411167
Selection 1,ACGAGGACATGGTCAT-b01,ACGAGGACATGGTCAT-b01,583,mixed,Murray_b01,0.453129481926987,700,750,> 650,> 650,ABalppppaad/ABpraaapaad,467,ADL,-8.23273781949404,-7.56896231378125,-2.73780751113744,-0.457050933182674,-4.44271273075725,-2.84757036967457,-1.34358668137709,20,750,0.9121058,16.956743,0.819008
Selection 1,CTTACCGCATTCCTCG-b01,CTTACCGCATTCCTCG-b01,697,mixed,Murray_b01,0.541734560725745,810,725,> 650,> 650,ABalppppaad/ABpraaapaad,520,ADL,-8.35765007880847,-7.64670884447479,-2.75966725940012,-1.94654240809854,-5.66824407097821,-5.24533935787014,-5.45961823651271,20,725,0.90999025,17.12376,0.7626559
Selection 1,CACATAGGTGTGACGA-b01,CACATAGGTGTGACGA-b01,622,mixed,Murray_b01,0.483441745726562,750,700,> 650,> 650,ABalppppaad/ABpraaapaad,491,ADL,-4.46438701111872,-3.40357984260017,-1.87941393241702,4.70478534296527,-1.1671040650199,5.46796822023933,5.94638857567697,20,700,0.9336948,16.840801,0.7499495
Selection 1,CACAGGCTCATGTCCC-b01,CACAGGCTCATGTCCC-b01,784,mixed,Murray_b01,0.609354226124798,700,750,> 650,> 650,ABalppppaad/ABpraaapaad,575,ADL,-10.4932046775614,-9.26530737588666,0.352719424737011,-1.56155283579105,-6.77559269730659,-7.01955316344021,-5.21819948183601,20,750,0.90558386,16.956347,0.5029175
Selection 1,GATGAGGGTCCAGTGC-500.2.1,GATGAGGGTCCAGTGC-500.2.1,978,500_minutes,Waterston_500_minutes_batch_2,0.760138307589353,760,750,> 650,> 650,ABalppppaad/ABpraaapaad,676,ADL,-13.8998580751059,-10.4212357660564,1.62980248677018,2.91190250474465,-9.33009708804422,-8.03439629031838,-8.78657032990798,20,750,0.9004975,16.800915,0.14177567
Selection 1,AGATCTGTCCGTCAAA-500.1.1,AGATCTGTCCGTCAAA-500.1.1,760,500_minutes,Waterston_500_minutes_batch_1,0.59070052532506,750,725,> 650,> 650,ABalppppaad/ABpraaapaad,475,ADL,-9.03767569340482,-4.10175979561305,4.93016782601538,1.99392815914086,-5.45272833300734,-4.59705699390336,-5.62796215324514,20,725,0.903403,17.019491,0.5563444
Selection 1,TGCCCATAGGAATCGC-b01,TGCCCATAGGAATCGC-b01,1055,mixed,Murray_b01,0.819985597655181,700,750,> 650,> 650,ABalppppaad/ABpraaapaad,695,ADL,-9.56097837198086,-8.47008704711519,-2.69724019309098,-1.13825477750794,-5.21251017286547,-4.92548368685944,-4.51424027167904,20,750,0.882015,17.022268,0.67386836
Selection 1,TGGTTCCAGGTACTCT-b02,TGGTTCCAGGTACTCT-b02,789,mixed,Murray_b02,0.613240413791411,750,750,> 650,> 650,ABalppppaad/ABpraaapaad,555,ADL,-11.8970845895288,-11.4869875285602,-2.10546632176135,-2.78851897069815,-8.76031020219625,-8.03252391576932,-4.83382475913141,20,750,0.8836664,17.156551,0.7474462
Selection 1,CTGGTCTGTATCGCAT-b02,CTGGTCTGTATCGCAT-b02,690,mixed,Murray_b02,0.536293897992488,700,750,> 650,> 650,ABalppppaad/ABpraaapaad,481,ADL,-9.8066771262647,-10.8077353645352,-5.07828711367525,-3.60966375357663,-5.72352889665515,-5.57570794124664,-2.83056463859536,20,750,0.8679986,17.080301,0.8328543
Selection 1,GCGCAACAGTTGTAGA-b01,GCGCAACAGTTGTAGA-b01,577,mixed,Murray_b01,0.448466056727052,750,750,> 650,> 650,ABalppppaad/ABpraaapaad,449,ADL,-4.81676950782867,-4.98892557971867,-2.55539719133096,-0.0728491453977154,-1.83253051533075,0.263361630147454,1.22561237690552,20,750,0.896166,16.934566,0.8356153
Selection 1,GGCTCGATCTTCGAGA-b01,GGCTCGATCTTCGAGA-b01,788,mixed,Murray_b01,0.612463176258088,760,750,> 650,> 650,ABalppppaad/ABpraaapaad,563,ADL,-11.1873977096591,-10.7705249130502,-3.41701624604778,-0.512883861850552,-6.04764925746428,-4.92923189630764,-3.14769584883757,20,750,0.9080401,16.850824,0.31673726
Selection 1,GAACCTATCGGATGGA-b01,GAACCTATCGGATGGA-b01,956,mixed,Murray_b01,0.743039081856259,800,755,> 650,> 650,ABalppppaad/ABpraaapaad,618,ADL,-8.31518383139985,-7.89513155548709,-1.70779529859539,-0.354241784206523,-4.83743474031176,-2.9290408379999,-2.05858319278456,20,755,0.9234223,17.0564,0.3946404
Selection 1,CTGTTTAGTAAAGTCA-b02,CTGTTTAGTAAAGTCA-b02,1165,mixed,Murray_b02,0.905481726320651,640,755,> 650,580-650,ABalppppaad/ABpraaapaad,776,ADL,-10.9417202133763,-10.4900591205677,-2.28036033159878,-0.438667296991435,-6.71411186930318,-2.89872691683558,1.33141667105738,20,755,0.9266324,16.955475,0.70050305
Selection 1,CATTATCCACACGCTG-500.2.2,CATTATCCACACGCTG-500.2.2,989,500_minutes,Waterston_500_minutes_batch_2,0.7686879204559,750,750,> 650,> 650,ABalppppaad/ABpraaapaad,660,ADL,-13.1233564726605,-9.48974841470533,2.99768445558137,5.77756999945365,-8.0030332287362,-6.89575238333208,-8.88144218201271,20,750,1.0,16.902214,-0.002972409
Selection 1,TGGGAAGCATGCCCGA-b01,TGGGAAGCATGCCCGA-b01,994,mixed,Murray_b01,0.772574108122512,700,725,> 650,> 650,ABalppppaad/ABpraaapaad,707,ADL,-7.79738100762071,-7.8049753768799,-3.69041586318891,-2.46560809687181,-4.83195085537521,-4.29959393378774,-3.1368627735603,20,725,0.8771564,17.041367,0.89512557
Selection 1,TCATTACGTCGTCTTC-b01,TCATTACGTCGTCTTC-b01,1368,mixed,Murray_b01,1.06326094558511,750,780,> 650,> 650,ABalppppaad/ABpraaapaad,845,ADL,-4.73014708143287,-5.27285035210175,-3.74054528304451,-3.1525293360163,-2.81831056246239,-3.17409767554566,-2.6085149867192,20,780,0.87969834,16.997616,0.91845167
Selection 1,ACTGATGGTTCGCGAC-b01,ACTGATGGTTCGCGAC-b01,1101,mixed,Murray_b01,0.855738524188014,750,760,> 650,> 650,ABalppppaad/ABpraaapaad,711,ADL,-8.30713491580881,-6.91887033315822,-2.33061825590981,-2.86908048724535,-4.90846097909985,-5.33689663360359,-5.78455740545628,20,760,0.91078126,17.127798,0.6932811
Selection 1,CTTAGGACATGTAGTC-b01,CTTAGGACATGTAGTC-b01,839,mixed,Murray_b01,0.652102290457533,700,760,> 650,> 650,ABalppppaad/ABpraaapaad,581,ADL,-12.8879292707959,-12.6286519890623,-3.77821995303731,-0.62148577189413,-8.3226991788549,-6.39388256927752,-4.49026767635681,20,760,0.8970191,17.002064,0.38267148
Selection 1,CGAGCACGTTCTGAAC-b01,CGAGCACGTTCTGAAC-b01,1077,mixed,Murray_b01,0.837084823388275,750,760,> 650,> 650,ABalppppaad/ABpraaapaad,725,ADL,-10.8740653233513,-9.84413728707143,-4.34277160752711,-3.27548831917583,-6.96792641361269,-6.81946213326374,-6.77455104493164,20,760,0.9405964,17.008322,0.321199
Selection 1,ATTTCTGGTATTAGCC-b02,ATTTCTGGTATTAGCC-b02,724,mixed,Murray_b02,0.562719974125451,830,750,> 650,> 650,ABalppppaad/ABpraaapaad,527,ADL,-3.82317888712048,-4.20137272946437,-1.410204507917,0.614940686167237,-1.3567616885533,1.93149262641714,3.77787291684061,20,750,0.9625556,16.877779,0.68932605
Selection 1,AGACGTTCACCGCTAG-b01,AGACGTTCACCGCTAG-b01,879,mixed,Murray_b01,0.683191791790431,640,700,> 650,580-650,ABalppppaad/ABpraaapaad,599,ADL,-8.57969561029916,-8.9701548982375,-3.2713273205409,-2.38169500599873,-5.66400186941353,-4.01713744878943,-1.57060684923076,20,700,0.88886696,16.9505,0.9387348
Selection 1,AAGGTTCAGCTAGTCT-500.2.2,AAGGTTCAGCTAGTCT-500.2.2,1522,500_minutes,Waterston_500_minutes_batch_2,1.18295552571676,700,670,> 650,> 650,ABalppppaad/ABpraaapaad,925,ADL,-13.4951528520141,-10.2604011075317,0.65737069868589,3.37952479032666,-8.52259309005454,-6.18768741065884,-6.84771466879648,20,670,0.858183,15.821378,0.9326971
Selection 1,TCGTAGAAGGTTCCTA-500.2.1,TCGTAGAAGGTTCCTA-500.2.1,573,500_minutes,Waterston_500_minutes_batch_2,0.445357106593762,800,640,580-650,> 650,ABalppppaad/ABpraaapaad,438,ADL,-6.50972659850246,-0.124060794702353,11.9106964502994,12.9821100047763,-2.23021946576327,3.53046180025647,2.47511974415319,20,640,0.8819107,15.916776,0.9144279
Selection 1,AAATGCCTCACAACGT-500.2.1,AAATGCCTCACAACGT-500.2.1,1187,500_minutes,Waterston_500_minutes_batch_2,0.922580952053744,700,700,> 650,> 650,ABalppppaad/ABpraaapaad,742,ADL,-12.9737876820059,-10.124664240587,0.334276749571611,1.58297816249975,-7.78798214422395,-7.44266868624361,-8.08044133391336,20,700,0.8729059,15.986874,0.8936274
Selection 1,CATGGCGCATGCCTTC-500.2.2,CATGGCGCATGCCTTC-500.2.2,582,500_minutes,Waterston_500_minutes_batch_2,0.452352244393664,830,640,580-650,> 650,ABalppppaad/ABpraaapaad,413,ADL,-7.15964654730052,-3.62374178810218,4.67139701714062,7.06456359272162,-3.88766701786217,0.793781733732489,0.7527328634037,20,640,0.9286926,16.039057,0.6549069
Selection 1,CATCAAGTCATGTAGC-500.2.1,CATCAAGTCATGTAGC-500.2.1,1206,500_minutes,Waterston_500_minutes_batch_2,0.937348465186871,700,700,> 650,> 650,ABalppppaad/ABpraaapaad,760,ADL,-13.0723571905502,-8.67697457444993,3.43933697105471,5.20864167045149,-7.3679680877856,-4.32841380561471,-4.81184514725417,20,700,0.86843145,15.929925,0.88549155
Selection 1,GATCAGTTCCTTTCGG-500.2.1,GATCAGTTCCTTTCGG-500.2.1,589,500_minutes,Waterston_500_minutes_batch_2,0.457792907126921,830,640,580-650,> 650,ABalppppaad/ABpraaapaad,445,ADL,-6.77046179852655,-3.53251308692804,4.26239343402179,4.88464434264722,-4.38610959867594,-1.52660383477943,-1.71002655733403,20,640,0.86391217,15.921872,0.80887496
Selection 1,GGTGCGTCACTTCTGC-500.2.1,GGTGCGTCACTTCTGC-500.2.1,942,500_minutes,Waterston_500_minutes_batch_2,0.732157756389745,750,700,> 650,> 650,ABalppppaad/ABpraaapaad,633,ADL,-13.0910505095577,-10.1497621604132,0.264315322289148,1.39386248779974,-8.45366591051739,-7.10612223220764,-7.13243636892879,20,700,0.8876015,15.966353,0.8273795
Selection 1,GACGCGTTCATTGCGA-500.2.2,GACGCGTTCATTGCGA-500.2.2,858,500_minutes,Waterston_500_minutes_batch_2,0.666869803590659,760,700,> 650,> 650,ABalppppaad/ABpraaapaad,609,ADL,-8.12775123301159,-0.67109316154435,13.7910425614202,17.9105874941093,-2.36899382850802,5.88934773214786,4.15646184610049,20,700,0.8869141,15.976143,0.74492216
Selection 1,GACGCGTCAAATTGCC-500.2.1,GACGCGTCAAATTGCC-500.2.1,1107,500_minutes,Waterston_500_minutes_batch_2,0.860401949387949,760,700,> 650,> 650,ABalppppaad/ABpraaapaad,767,ADL,-10.046782311313,-3.76424038903873,12.0736357803999,16.2721397990549,-4.3848613742366,4.12188836257365,4.32464693108452,20,700,0.9047989,16.029678,0.65708953
Selection 1,AACTCTTGTAGGAGTC-500.2.2,AACTCTTGTAGGAGTC-500.2.2,1841,500_minutes,Waterston_500_minutes_batch_2,1.43089429884662,700,640,580-650,> 650,ABalppppaad/ABpraaapaad,1074,ADL,-8.03256079281286,0.0717173836931154,11.1736013163194,12.7809198128595,-1.3776118423641,5.94853676817518,3.64060907198394,20,640,0.8819257,16.061022,0.6193346
Selection 1,TGTGTTTCAGTGAGTG-500.2.2,TGTGTTTCAGTGAGTG-500.2.2,568,500_minutes,Waterston_500_minutes_batch_2,0.44147091892715,700,585,580-650,> 650,ABpxaapapppa,427,ASI,-9.8786956022306,-7.8556508647462,-2.28803327301994,6.09507898054039,-6.74116673882806,-2.87149360278393,-3.99996086735047,20,585,0.96699375,16.405691,0.39204052
Selection 1,CCTTACGCAAGACGTG-500.2.1,CCTTACGCAAGACGTG-500.2.1,676,500_minutes,Waterston_500_minutes_batch_2,0.525412572525974,830,760,> 650,> 650,ABalppppaad/ABpraaapaad,500,ADL,-8.54969285924405,-2.37683707469784,7.09804167439968,9.02902579486496,-5.29283249512763,0.839454002762144,-1.72863340323745,20,760,0.96269417,16.377544,0.14006302
Selection 1,GAACCTATCGTACCGG-500.2.2,GAACCTATCGTACCGG-500.2.2,658,500_minutes,Waterston_500_minutes_batch_2,0.51142229692617,760,760,> 650,> 650,ABalppppaad/ABpraaapaad,458,ADL,-7.16204723966835,0.298245578860957,16.1605261929373,17.4164891096933,-3.82130257490733,4.94960797452629,3.79258768107141,20,760,0.93784136,16.436153,0.18036316
Selection 1,ACGCCGACACAGAGGT-500.2.1,ACGCCGACACAGAGGT-500.2.1,508,500_minutes,Waterston_500_minutes_batch_2,0.394836666927803,830,700,> 650,> 650,ABalppppaad/ABpraaapaad,364,ADL,-7.28665514725862,-2.36015710630428,6.55117038316353,8.27176168042953,-4.43934995142075,2.26760473784654,1.23576667978061,20,700,0.97124463,16.187317,0.5205879
Selection 1,GCGCAGTGTCATCCCT-500.2.2,GCGCAGTGTCATCCCT-500.2.2,570,500_minutes,Waterston_500_minutes_batch_2,0.443025393993795,800,750,> 650,> 650,ABalppppaad/ABpraaapaad,454,ADL,-10.6570301044637,-8.44126421038906,2.1827659883045,5.47895573513108,-6.32091720838807,-2.68338498062241,-2.54041063141533,20,750,0.9184993,16.334082,0.18572901
Selection 1,CGCTGGAAGGCAGTCA-500.2.1,CGCTGGAAGGCAGTCA-500.2.1,882,500_minutes,Waterston_500_minutes_batch_2,0.685523504390398,750,700,> 650,> 650,ABalppppaad/ABpraaapaad,583,ADL,-7.27729674037571,-4.51580357717413,3.15903921231364,4.23617127676512,-4.77860328988064,-1.58300069265005,-1.15401424121915,20,700,0.92660266,16.332619,0.8681129
Selection 1,CACATAGAGGAACTGC-500.2.1,CACATAGAGGAACTGC-500.2.1,532,500_minutes,Waterston_500_minutes_batch_2,0.413490367727542,700,730,> 650,> 650,ABalppppaad/ABpraaapaad,393,ADL,-7.44666880801912,-2.4597651019926,8.9739247181796,9.86957341294511,-4.29345361527134,1.80239900428236,4.19869496294683,20,730,0.92099524,16.130907,0.82831234
Selection 1,CACATAGAGCCAGAAC-500.2.2,CACATAGAGCCAGAAC-500.2.2,547,500_minutes,Waterston_500_minutes_batch_2,0.425148930727378,830,700,> 650,> 650,ABalppppaad/ABpraaapaad,376,ADL,-6.36484759476111,-2.52978997986275,3.22255057867312,6.09216675274129,-4.0056764740421,-1.0148484286347,-3.75926960696923,20,700,0.89110214,16.268854,0.37038553
Selection 1,CCTATTACACTGAAGG-500.2.2,CCTATTACACTGAAGG-500.2.2,1231,500_minutes,Waterston_500_minutes_batch_2,0.956779403519932,760,750,> 650,> 650,ABalppppaad/ABpraaapaad,777,ADL,-12.4880354010732,-7.29825840662047,5.89765851367617,9.29305784195555,-7.55451296792409,-2.85124283352816,-4.75861714981961,20,750,0.88651305,16.453468,0.012140756
Selection 1,AGATTGCCATCCGGGT-500.2.1,AGATTGCCATCCGGGT-500.2.1,1493,500_minutes,Waterston_500_minutes_batch_2,1.16041563725041,700,670,> 650,> 650,ABalppppaad/ABpraaapaad,870,ADL,-6.76288892040253,0.234152264646291,9.76585609733531,10.6958506621082,-0.82211325704221,7.95053707428801,7.19010437564083,20,670,0.8713736,16.150959,0.57152015
Selection 1,TCGCGTTCACAAGCCC-500.2.2,TCGCGTTCACAAGCCC-500.2.2,716,500_minutes,Waterston_500_minutes_batch_2,0.556502073858872,750,750,> 650,> 650,ABalppppaad/ABpraaapaad,498,ADL,-6.33048459209963,2.93914531259512,18.2884163874232,17.6712856259866,-2.13221025518782,5.54037354946863,3.62573843258774,20,750,0.9166373,16.296915,0.18354431
Selection 1,AGCTCCTCACCAGTTA-500.2.1,AGCTCCTCACCAGTTA-500.2.1,503,500_minutes,Waterston_500_minutes_batch_2,0.390950479261191,750,725,> 650,> 650,ABalppppaad/ABpraaapaad,361,ADL,-13.3947368358291,-11.3088403396495,-0.808154215595162,2.47898134923117,-8.86973697254526,-6.24614182920653,-6.47344757949885,20,725,0.9073082,16.154366,0.49901193
Selection 1,ATAACGCAGCTATGCT-500.2.1,ATAACGCAGCTATGCT-500.2.1,775,500_minutes,Waterston_500_minutes_batch_2,0.602359088324896,810,750,> 650,> 650,ABalppppaad/ABpraaapaad,575,ADL,-9.21929720573382,-1.84767422004472,11.6022288768571,13.9993491219802,-3.30895294778856,3.48610332334385,2.4102986116884,20,750,0.8994621,16.290857,0.23778391
Selection 1,TCGAGGCCACAGTCGC-500.2.2,TCGAGGCCACAGTCGC-500.2.2,819,500_minutes,Waterston_500_minutes_batch_2,0.636557539791084,750,760,> 650,> 650,ABalppppaad/ABpraaapaad,606,ADL,-11.5689957425481,-8.17053347569468,3.52332581310271,6.74977696699619,-7.27866216650306,-1.8659122530553,0.315251047947249,20,760,0.95321304,16.46016,0.12372561
Selection 1,TGCCCTATCATGCAAC-500.2.2,TGCCCTATCATGCAAC-500.2.2,1073,500_minutes,Waterston_500_minutes_batch_2,0.833975873254985,700,700,> 650,> 650,ABalppppaad/ABpraaapaad,712,ADL,-10.9186095432777,-6.99685671521544,3.46422693491123,5.90200950640868,-5.90600345736431,-2.55009075857316,-2.4478577852378,20,700,0.88562626,16.116262,0.5569907
Selection 1,AGCTTGACAGCTATTG-500.2.1,AGCTTGACAGCTATTG-500.2.1,1061,500_minutes,Waterston_500_minutes_batch_2,0.824649022855116,750,700,> 650,> 650,ABalppppaad/ABpraaapaad,675,ADL,-11.7891746696258,-7.72810855090636,3.16463036027005,5.50414876076716,-6.92663627986268,-3.96472812415493,-4.92191532935587,20,700,0.9139047,16.37957,0.27888003
Selection 1,AAGCCGCCACACCGAC-500.2.2,AAGCCGCCACACCGAC-500.2.2,963,500_minutes,Waterston_500_minutes_batch_2,0.748479744589516,700,700,> 650,> 650,ABalppppaad/ABpraaapaad,710,ADL,-10.9690308187996,-4.28865301855551,9.46473695628744,12.3287475135026,-5.88375074654115,1.66984648296107,1.36903583494598,20,700,0.90349776,16.09492,0.5172452
Selection 1,AAGGAGCCAAGCCGCT-500.2.2,AAGGAGCCAAGCCGCT-500.2.2,1186,500_minutes,Waterston_500_minutes_batch_2,0.921803714520422,700,700,> 650,> 650,ABalppppaad/ABpraaapaad,788,ADL,-11.7928024971631,-7.52746865487468,2.82782947258263,6.78501918656872,-6.70678309532537,-2.5359078467306,-3.77005632436444,20,700,0.8836257,16.075787,0.65263677
Selection 1,ACTGAGTCAACTGCTA-500.2.2,ACTGAGTCAACTGCTA-500.2.2,956,500_minutes,Waterston_500_minutes_batch_2,0.743039081856259,830,700,> 650,> 650,ABalppppaad/ABpraaapaad,638,ADL,-7.69825991382086,-0.700462970128039,10.6545991867448,14.1763752348368,-2.18480301988372,4.61167588023326,2.50184492785264,20,700,0.91499424,16.13995,0.40345043
Selection 1,CATTATCGTGTTCGAT-500.2.1,CATTATCGTGTTCGAT-500.2.1,1639,500_minutes,Waterston_500_minutes_batch_2,1.27389231711549,700,725,> 650,> 650,ABalppppaad/ABpraaapaad,1026,ADL,-12.8976179816827,-6.56145297955441,6.96876391813419,12.8234527180072,-5.86538289656267,1.17598111727086,-0.174829839262615,20,725,0.91641974,16.465557,-0.09593715
Selection 1,CTCAGAATCTGTGCAA-500.2.1,CTCAGAATCTGTGCAA-500.2.1,1306,500_minutes,Waterston_500_minutes_batch_2,1.01507221851912,700,700,> 650,> 650,ABalppppaad/ABpraaapaad,841,ADL,-13.7938145192196,-9.82065316913394,1.51887168058707,3.68759112986416,-8.64140120174055,-7.20139637717769,-8.74488069101306,20,700,0.9102668,16.154293,0.5324963
Selection 1,GTCTTCGTCGGCGGTT-500.2.1,GTCTTCGTCGGCGGTT-500.2.1,1077,500_minutes,Waterston_500_minutes_batch_2,0.837084823388275,700,750,> 650,> 650,ABalppppaad/ABpraaapaad,735,ADL,-10.6009993104053,-5.51234185180511,5.27561802607284,8.06830716327157,-5.06464874369603,-1.25825998825781,-2.988288421253,20,750,0.8856301,16.474817,0.15150079
Selection 1,ACGGCCACATCGGGTC-500.2.2,ACGGCCACATCGGGTC-500.2.2,597,500_minutes,Waterston_500_minutes_batch_2,0.464010807393501,760,755,> 650,> 650,ABalppppaad/ABpraaapaad,444,ADL,-9.70111711203532,-3.74982917124343,5.95698971526787,8.05878300017266,-6.60132699571065,-1.7782785978029,0.567046309048494,20,755,0.9422982,16.525814,0.36407998
Selection 1,AGAGTGGCACATAACC-500.2.2,AGAGTGGCACATAACC-500.2.2,1479,500_minutes,Waterston_500_minutes_batch_2,1.1495343117839,750,750,> 650,> 650,ABalppppaad/ABpraaapaad,870,ADL,-14.6991450574313,-10.7640137342398,2.56311766645547,3.93495966345729,-9.69881938654897,-7.62528855620126,-8.73102710119349,20,750,0.9091236,16.539028,-0.042119797
Selection 1,CGAGCCATCGACAGCC-500.2.1,CGAGCCATCGACAGCC-500.2.1,1780,500_minutes,Waterston_500_minutes_batch_2,1.38348280931396,700,750,> 650,> 650,ABalppppaad/ABpraaapaad,1028,ADL,-17.7654864358172,-12.9859489208554,0.280374786898991,4.13787523888309,-10.2938997726871,-7.40722027020503,-9.07104135146551,20,750,0.9021156,16.544107,-0.14447227
Selection 1,CGGAGCTGTACCCAAT-500.1.2,CGGAGCTGTACCCAAT-500.1.2,1095,500_minutes,Waterston_500_minutes_batch_1,0.851075098988079,700,725,> 650,> 650,ABalppppaad/ABpraaapaad,722,ADL,-14.6489629853163,-13.2441663454579,-4.04205680471236,-3.75499049002059,-10.4423421209525,-10.7149405525661,-9.69394906196146,20,725,0.93502176,16.557938,0.6127181
